[INFO] Scanning for projects...
[INFO] 
[INFO] --------------< com.mimococo.marketops:marketops-server >---------------
[INFO] Building MarketOps Server 0.1.0-SNAPSHOT
[INFO]   from pom.xml
[INFO] --------------------------------[ jar ]---------------------------------
[INFO] 
[INFO] --- enforcer:3.6.3:enforce (enforce-toolchain-and-dependencies) @ marketops-server ---
[INFO] Rule 0: org.apache.maven.enforcer.rules.version.RequireJavaVersion passed
[INFO] Rule 1: org.apache.maven.enforcer.rules.version.RequireMavenVersion passed
[INFO] Rule 2: org.apache.maven.enforcer.rules.dependency.BannedDependencies passed
[INFO] Rule 3: org.apache.maven.enforcer.rules.dependency.DependencyConvergence passed
[INFO] 
[INFO] --- jacoco:0.8.15:prepare-agent (prepare-coverage) @ marketops-server ---
[INFO] argLine set to -javaagent:/Users/chzhengx/.m2/repository/org/jacoco/org.jacoco.agent/0.8.15/org.jacoco.agent-0.8.15-runtime.jar=destfile=/Users/chzhengx/Code/personal/marketops-platform/backend/marketops-server/target/jacoco.exec
[INFO] 
[INFO] --- spring-boot:4.1.0:build-info (build-info) @ marketops-server ---
[INFO] 
[INFO] --- resources:3.5.0:resources (default-resources) @ marketops-server ---
[INFO] Copying 5 resources from src/main/resources to target/classes
[INFO] Copying 66 resources from src/main/resources to target/classes
[INFO] 
[INFO] --- compiler:3.15.0:compile (default-compile) @ marketops-server ---
[INFO] Nothing to compile - all classes are up to date.
[INFO] 
[INFO] --- resources:3.5.0:testResources (default-testResources) @ marketops-server ---
[INFO] Copying 4 resources from src/test/resources to target/test-classes
[INFO] 
[INFO] --- compiler:3.15.0:testCompile (default-testCompile) @ marketops-server ---
[INFO] Recompiling the module because of changed source code.
[INFO] Compiling 271 source files with javac [debug deprecation parameters release 21] to target/test-classes
[WARNING] /Users/chzhengx/Code/personal/marketops-platform/backend/marketops-server/src/test/java/com/mimococo/marketops/AdvertisingDisclosureIT.java:[83,65] asText() in tools.jackson.databind.JsonNode has been deprecated
[WARNING] /Users/chzhengx/Code/personal/marketops-platform/backend/marketops-server/src/test/java/com/mimococo/marketops/AdvertisingDisclosureIT.java:[86,74] asText() in tools.jackson.databind.JsonNode has been deprecated
[WARNING] /Users/chzhengx/Code/personal/marketops-platform/backend/marketops-server/src/test/java/com/mimococo/marketops/AdvertisingDisclosureIT.java:[90,83] asText() in tools.jackson.databind.JsonNode has been deprecated
[WARNING] /Users/chzhengx/Code/personal/marketops-platform/backend/marketops-server/src/test/java/com/mimococo/marketops/AdvertisingDisclosureIT.java:[113,49] asText() in tools.jackson.databind.JsonNode has been deprecated
[WARNING] /Users/chzhengx/Code/personal/marketops-platform/backend/marketops-server/src/test/java/com/mimococo/marketops/AdvertisingDisclosureIT.java:[162,53] asText() in tools.jackson.databind.JsonNode has been deprecated
[WARNING] /Users/chzhengx/Code/personal/marketops-platform/backend/marketops-server/src/test/java/com/mimococo/marketops/AdvertisingDisclosureIT.java:[207,52] asText() in tools.jackson.databind.JsonNode has been deprecated
[WARNING] /Users/chzhengx/Code/personal/marketops-platform/backend/marketops-server/src/test/java/com/mimococo/marketops/AdvertisingDisclosureIT.java:[283,75] asText() in tools.jackson.databind.JsonNode has been deprecated
[WARNING] /Users/chzhengx/Code/personal/marketops-platform/backend/marketops-server/src/test/java/com/mimococo/marketops/AdvertisingDisclosureIT.java:[284,79] asText() in tools.jackson.databind.JsonNode has been deprecated
[WARNING] /Users/chzhengx/Code/personal/marketops-platform/backend/marketops-server/src/test/java/com/mimococo/marketops/AdvertisingDisclosureIT.java:[287,40] asText() in tools.jackson.databind.JsonNode has been deprecated
[WARNING] /Users/chzhengx/Code/personal/marketops-platform/backend/marketops-server/src/test/java/com/mimococo/marketops/AdvertisingDisclosureIT.java:[289,53] asText() in tools.jackson.databind.JsonNode has been deprecated
[WARNING] /Users/chzhengx/Code/personal/marketops-platform/backend/marketops-server/src/test/java/com/mimococo/marketops/AdvertisingDisclosureIT.java:[351,57] asText() in tools.jackson.databind.JsonNode has been deprecated
[WARNING] /Users/chzhengx/Code/personal/marketops-platform/backend/marketops-server/src/test/java/com/mimococo/marketops/AdvertisingDisclosureIT.java:[353,90] asText() in tools.jackson.databind.JsonNode has been deprecated
[WARNING] /Users/chzhengx/Code/personal/marketops-platform/backend/marketops-server/src/test/java/com/mimococo/marketops/AdvertisingHumanWorkflowIT.java:[136,74] asText() in tools.jackson.databind.JsonNode has been deprecated
[WARNING] /Users/chzhengx/Code/personal/marketops-platform/backend/marketops-server/src/test/java/com/mimococo/marketops/AdvertisingHumanWorkflowIT.java:[141,85] asText() in tools.jackson.databind.JsonNode has been deprecated
[WARNING] /Users/chzhengx/Code/personal/marketops-platform/backend/marketops-server/src/test/java/com/mimococo/marketops/AdvertisingHumanWorkflowIT.java:[181,60] asText() in tools.jackson.databind.JsonNode has been deprecated
[WARNING] /Users/chzhengx/Code/personal/marketops-platform/backend/marketops-server/src/test/java/com/mimococo/marketops/AdvertisingManualWorkflowIT.java:[263,69] asText() in tools.jackson.databind.JsonNode has been deprecated
[WARNING] /Users/chzhengx/Code/personal/marketops-platform/backend/marketops-server/src/test/java/com/mimococo/marketops/AdvertisingMaterialityIT.java:[31,46] asText() in tools.jackson.databind.JsonNode has been deprecated
[WARNING] /Users/chzhengx/Code/personal/marketops-platform/backend/marketops-server/src/test/java/com/mimococo/marketops/AdvertisingMaterialityIT.java:[72,40] asText() in tools.jackson.databind.JsonNode has been deprecated
[WARNING] /Users/chzhengx/Code/personal/marketops-platform/backend/marketops-server/src/test/java/com/mimococo/marketops/AdvertisingMaterialityIT.java:[77,46] asText() in tools.jackson.databind.JsonNode has been deprecated
[WARNING] /Users/chzhengx/Code/personal/marketops-platform/backend/marketops-server/src/test/java/com/mimococo/marketops/AdvertisingMaterialityIT.java:[83,40] asText() in tools.jackson.databind.JsonNode has been deprecated
[WARNING] /Users/chzhengx/Code/personal/marketops-platform/backend/marketops-server/src/test/java/com/mimococo/marketops/AdvertisingSealedAuthorityIT.java:[172,64] asText() in tools.jackson.databind.JsonNode has been deprecated
[WARNING] /Users/chzhengx/Code/personal/marketops-platform/backend/marketops-server/src/test/java/com/mimococo/marketops/AdvertisingSealedAuthorityIT.java:[176,72] asText() in tools.jackson.databind.JsonNode has been deprecated
[WARNING] /Users/chzhengx/Code/personal/marketops-platform/backend/marketops-server/src/test/java/com/mimococo/marketops/AdvertisingSealedAuthorityIT.java:[177,49] asText() in tools.jackson.databind.JsonNode has been deprecated
[WARNING] /Users/chzhengx/Code/personal/marketops-platform/backend/marketops-server/src/test/java/com/mimococo/marketops/aicopilot/internal/application/OutputValidatorTest.java:[161,56] redundant cast to java.lang.String
[WARNING] /Users/chzhengx/Code/personal/marketops-platform/backend/marketops-server/src/test/java/com/mimococo/marketops/marketplaceintegration/adapter/http/PlatformHttpAdaptersTest.java:[103,70] unchecked generic array creation for varargs parameter of type java.util.Optional<java.lang.String>[]
[INFO] 
[INFO] --- surefire:3.5.6:test (default-test) @ marketops-server ---
[INFO] Using auto detected provider org.apache.maven.surefire.junitplatform.JUnitPlatformProvider
[INFO] 
[INFO] -------------------------------------------------------
[INFO]  T E S T S
[INFO] -------------------------------------------------------
[INFO] Running com.mimococo.marketops.AdvertisingResponsibilityBoundaryIT
12:02:04.658 [main] INFO org.springframework.test.context.support.AnnotationConfigContextLoaderUtils -- Could not detect default configuration classes for test class [com.mimococo.marketops.AdvertisingResponsibilityBoundaryIT]: AdvertisingResponsibilityBoundaryIT does not declare any static, non-private, non-final, nested classes annotated with @Configuration.
12:02:04.836 [main] INFO org.springframework.boot.test.context.SpringBootTestContextBootstrapper -- Found @SpringBootConfiguration com.mimococo.marketops.MarketOpsServerApplication for test class com.mimococo.marketops.AdvertisingResponsibilityBoundaryIT
12:02:04.910 [main] INFO org.springframework.test.context.support.AnnotationConfigContextLoaderUtils -- Could not detect default configuration classes for test class [com.mimococo.marketops.AdvertisingResponsibilityBoundaryIT]: AdvertisingResponsibilityBoundaryIT does not declare any static, non-private, non-final, nested classes annotated with @Configuration.
12:02:04.914 [main] INFO org.springframework.boot.test.context.SpringBootTestContextBootstrapper -- Found @SpringBootConfiguration com.mimococo.marketops.MarketOpsServerApplication for test class com.mimococo.marketops.AdvertisingResponsibilityBoundaryIT
12:02:05.005 [main] INFO org.testcontainers.images.PullPolicy -- Image pull policy will be performed by: DefaultPullPolicy()
12:02:05.008 [main] INFO org.testcontainers.utility.ImageNameSubstitutor -- Image name substitution will be performed by: DefaultImageNameSubstitutor (composite of 'ConfigurationFileImageNameSubstitutor' and 'PrefixingImageNameSubstitutor')
12:02:05.026 [main] INFO org.testcontainers.DockerClientFactory -- Testcontainers version: 2.0.5
12:02:05.368 [main] INFO org.testcontainers.dockerclient.DockerClientProviderStrategy -- Loaded org.testcontainers.dockerclient.UnixSocketClientProviderStrategy from ~/.testcontainers.properties, will try it first
12:02:05.742 [main] INFO org.testcontainers.dockerclient.DockerClientProviderStrategy -- Found Docker environment with local Unix socket (unix:///var/run/docker.sock)
12:02:05.743 [main] INFO org.testcontainers.DockerClientFactory -- Docker host IP address is localhost
12:02:05.759 [main] INFO org.testcontainers.DockerClientFactory -- Connected to docker: 
  Server Version: 29.7.2
  API Version: 1.55
  Operating System: Docker Desktop
  Total Memory: 5922 MB
  Labels: 
    com.docker.desktop.address=unix:///Users/chzhengx/Library/Containers/com.docker.docker/Data/docker-cli.sock
12:02:06.069 [main] INFO tc.testcontainers/ryuk:0.14.0 -- Creating container for image: testcontainers/ryuk:0.14.0
12:02:06.229 [main] INFO org.testcontainers.utility.RegistryAuthLocator -- Credential helper/store (docker-credential-desktop) does not have credentials for https://index.docker.io/v1/
12:02:06.356 [main] INFO tc.testcontainers/ryuk:0.14.0 -- Container testcontainers/ryuk:0.14.0 is starting: ee76a5e38d024b4b2b54f76823e29e84e8ff6d153465c0076efa424850e71689
12:02:06.657 [main] INFO tc.testcontainers/ryuk:0.14.0 -- Container testcontainers/ryuk:0.14.0 started in PT0.587986S
12:02:06.669 [main] INFO org.testcontainers.utility.RyukResourceReaper -- Ryuk started - will monitor and terminate Testcontainers containers on JVM exit
12:02:06.669 [main] INFO org.testcontainers.DockerClientFactory -- Checking the system...
12:02:06.670 [main] INFO org.testcontainers.DockerClientFactory -- ✔︎ Docker server version should be at least 1.6.0
12:02:06.701 [main] INFO tc.postgres:17.6-bookworm@sha256:f3bd19... -- Creating container for image: postgres:17.6-bookworm@sha256:f3bd19c606e442c3d7bdfa8002e03fe260a1023351e0ea4598032022b68dd6e3
12:02:06.833 [main] INFO tc.postgres:17.6-bookworm@sha256:f3bd19... -- Container postgres:17.6-bookworm@sha256:f3bd19c606e442c3d7bdfa8002e03fe260a1023351e0ea4598032022b68dd6e3 is starting: 7e7e467296a9b31208448dbac7fe98d378ea1fc5afce799d28904a4f2d05725d
12:02:07.954 [main] INFO tc.postgres:17.6-bookworm@sha256:f3bd19... -- Container postgres:17.6-bookworm@sha256:f3bd19c606e442c3d7bdfa8002e03fe260a1023351e0ea4598032022b68dd6e3 started in PT1.253816S
12:02:07.956 [main] INFO tc.postgres:17.6-bookworm@sha256:f3bd19... -- Container is started (JDBC URL: jdbc:postgresql://localhost:64821/marketops?loggerLevel=OFF)
{"@timestamp":"2026-09-05T04:02:08.381243Z","log":{"level":"INFO","logger":"com.mimococo.marketops.AdvertisingResponsibilityBoundaryIT"},"process":{"pid":93467,"thread":{"name":"main"}},"service":{"name":"marketops-server","version":"0.1.0-SNAPSHOT","environment":"ci","node":{}},"message":"Starting AdvertisingResponsibilityBoundaryIT v0.1.0-SNAPSHOT using Java 21.0.10 with PID 93467 (started by chzhengx in /Users/chzhengx/Code/personal/marketops-platform/backend/marketops-server)","ecs":{"version":"8.11"},"application":"marketops-server","environment":"ci","buildVersion":"0.1.0-SNAPSHOT","correlationId":"none"}
{"@timestamp":"2026-09-05T04:02:08.385624Z","log":{"level":"INFO","logger":"com.mimococo.marketops.AdvertisingResponsibilityBoundaryIT"},"process":{"pid":93467,"thread":{"name":"main"}},"service":{"name":"marketops-server","version":"0.1.0-SNAPSHOT","environment":"ci","node":{}},"message":"The following 1 profile is active: \"ci\"","ecs":{"version":"8.11"},"application":"marketops-server","environment":"ci","buildVersion":"0.1.0-SNAPSHOT","correlationId":"none"}
{"@timestamp":"2026-09-05T04:02:14.943972Z","log":{"level":"INFO","logger":"com.mimococo.marketops.AdvertisingResponsibilityBoundaryIT"},"process":{"pid":93467,"thread":{"name":"main"}},"service":{"name":"marketops-server","version":"0.1.0-SNAPSHOT","environment":"ci","node":{}},"message":"Started AdvertisingResponsibilityBoundaryIT in 6.934 seconds (process running for 11.328)","ecs":{"version":"8.11"},"application":"marketops-server","environment":"ci","buildVersion":"0.1.0-SNAPSHOT","correlationId":"none"}
{"@timestamp":"2026-09-05T04:02:19.137672Z","log":{"level":"INFO","logger":"com.mimococo.marketops.adminobservability.internal.audit.JdbcMetadataAuditStore"},"process":{"pid":93467,"thread":{"name":"main"}},"service":{"name":"marketops-server","version":"0.1.0-SNAPSHOT","environment":"ci","node":{}},"message":"Metadata change recorded","ecs":{"version":"8.11"},"application":"marketops-server","environment":"ci","buildVersion":"0.1.0-SNAPSHOT","correlationId":"none","event":"metadata_change_recorded","sourceDomain":"operationsworkflow","entityType":"work-task","entityId":"413ad400-8948-4ea8-b405-85ff725e1b1f","action":"UPDATE","actorId":"4e11a5fa-b380-4a34-b46b-a4eb7c946ad4"}
{"@timestamp":"2026-09-05T04:02:19.202496Z","log":{"level":"INFO","logger":"com.mimococo.marketops.adminobservability.internal.audit.JdbcMetadataAuditStore"},"process":{"pid":93467,"thread":{"name":"main"}},"service":{"name":"marketops-server","version":"0.1.0-SNAPSHOT","environment":"ci","node":{}},"message":"Metadata change recorded","ecs":{"version":"8.11"},"application":"marketops-server","environment":"ci","buildVersion":"0.1.0-SNAPSHOT","correlationId":"none","event":"metadata_change_recorded","sourceDomain":"operationsworkflow","entityType":"work-task","entityId":"413ad400-8948-4ea8-b405-85ff725e1b1f","action":"UPDATE","actorId":"0458ec48-ebb1-413f-b0e3-50c08dba6657"}
{"@timestamp":"2026-09-05T04:02:19.466402Z","log":{"level":"INFO","logger":"com.mimococo.marketops.adminobservability.internal.audit.JdbcMetadataAuditStore"},"process":{"pid":93467,"thread":{"name":"main"}},"service":{"name":"marketops-server","version":"0.1.0-SNAPSHOT","environment":"ci","node":{}},"message":"Metadata change recorded","ecs":{"version":"8.11"},"application":"marketops-server","environment":"ci","buildVersion":"0.1.0-SNAPSHOT","correlationId":"none","event":"metadata_change_recorded","sourceDomain":"operationsworkflow","entityType":"work-task","entityId":"9065a002-fad0-4100-aba8-ad414c1e8729","action":"UPDATE","actorId":"adf59f42-f116-4b80-b881-8a021781f6fe"}
{"@timestamp":"2026-09-05T04:02:19.523629Z","log":{"level":"INFO","logger":"com.mimococo.marketops.adminobservability.internal.audit.JdbcMetadataAuditStore"},"process":{"pid":93467,"thread":{"name":"main"}},"service":{"name":"marketops-server","version":"0.1.0-SNAPSHOT","environment":"ci","node":{}},"message":"Metadata change recorded","ecs":{"version":"8.11"},"application":"marketops-server","environment":"ci","buildVersion":"0.1.0-SNAPSHOT","correlationId":"none","event":"metadata_change_recorded","sourceDomain":"operationsworkflow","entityType":"work-task","entityId":"9065a002-fad0-4100-aba8-ad414c1e8729","action":"UPDATE","actorId":"adf59f42-f116-4b80-b881-8a021781f6fe"}
[INFO] Tests run: 9, Failures: 0, Errors: 0, Skipped: 0, Time elapsed: 15.02 s -- in com.mimococo.marketops.AdvertisingResponsibilityBoundaryIT
[INFO] Running com.mimococo.marketops.AdvertisingDisclosureIT
{"@timestamp":"2026-09-05T04:02:21.215497Z","log":{"level":"INFO","logger":"com.mimococo.marketops.AdvertisingDisclosureIT"},"process":{"pid":93467,"thread":{"name":"main"}},"service":{"name":"marketops-server","version":"0.1.0-SNAPSHOT","environment":"ci","node":{}},"message":"Starting AdvertisingDisclosureIT v0.1.0-SNAPSHOT using Java 21.0.10 with PID 93467 (started by chzhengx in /Users/chzhengx/Code/personal/marketops-platform/backend/marketops-server)","ecs":{"version":"8.11"},"application":"marketops-server","environment":"ci","buildVersion":"0.1.0-SNAPSHOT","correlationId":"none"}
{"@timestamp":"2026-09-05T04:02:21.216144Z","log":{"level":"INFO","logger":"com.mimococo.marketops.AdvertisingDisclosureIT"},"process":{"pid":93467,"thread":{"name":"main"}},"service":{"name":"marketops-server","version":"0.1.0-SNAPSHOT","environment":"ci","node":{}},"message":"The following 1 profile is active: \"ci\"","ecs":{"version":"8.11"},"application":"marketops-server","environment":"ci","buildVersion":"0.1.0-SNAPSHOT","correlationId":"none"}
{"@timestamp":"2026-09-05T04:02:24.897900Z","log":{"level":"INFO","logger":"com.mimococo.marketops.AdvertisingDisclosureIT"},"process":{"pid":93467,"thread":{"name":"main"}},"service":{"name":"marketops-server","version":"0.1.0-SNAPSHOT","environment":"ci","node":{}},"message":"Started AdvertisingDisclosureIT in 3.741 seconds (process running for 21.282)","ecs":{"version":"8.11"},"application":"marketops-server","environment":"ci","buildVersion":"0.1.0-SNAPSHOT","correlationId":"none"}
{"@timestamp":"2026-09-05T04:02:25.095602Z","log":{"level":"INFO","logger":"com.mimococo.marketops.adminobservability.internal.audit.JdbcMetadataAuditStore"},"process":{"pid":93467,"thread":{"name":"main"}},"service":{"name":"marketops-server","version":"0.1.0-SNAPSHOT","environment":"ci","node":{}},"message":"Metadata change recorded","ecs":{"version":"8.11"},"application":"marketops-server","environment":"ci","buildVersion":"0.1.0-SNAPSHOT","correlationId":"none","event":"metadata_change_recorded","sourceDomain":"identityaccess","entityType":"user-role-assignment","entityId":"1afe8328-3367-46c1-b803-24493f608a23","action":"GRANT","actorId":"disclosure-fixture"}
{"@timestamp":"2026-09-05T04:02:25.104291Z","log":{"level":"INFO","logger":"com.mimococo.marketops.adminobservability.internal.audit.JdbcMetadataAuditStore"},"process":{"pid":93467,"thread":{"name":"main"}},"service":{"name":"marketops-server","version":"0.1.0-SNAPSHOT","environment":"ci","node":{}},"message":"Metadata change recorded","ecs":{"version":"8.11"},"application":"marketops-server","environment":"ci","buildVersion":"0.1.0-SNAPSHOT","correlationId":"none","event":"metadata_change_recorded","sourceDomain":"identityaccess","entityType":"user-role-assignment","entityId":"9801c2a5-bbd2-4551-aade-ac3f3dea011e","action":"GRANT","actorId":"disclosure-fixture"}
{"@timestamp":"2026-09-05T04:02:25.112695Z","log":{"level":"INFO","logger":"com.mimococo.marketops.adminobservability.internal.audit.JdbcMetadataAuditStore"},"process":{"pid":93467,"thread":{"name":"main"}},"service":{"name":"marketops-server","version":"0.1.0-SNAPSHOT","environment":"ci","node":{}},"message":"Metadata change recorded","ecs":{"version":"8.11"},"application":"marketops-server","environment":"ci","buildVersion":"0.1.0-SNAPSHOT","correlationId":"none","event":"metadata_change_recorded","sourceDomain":"identityaccess","entityType":"user-scope-grant","entityId":"595e73bf-3f4e-4deb-a34f-781a024c56c9","action":"GRANT","actorId":"disclosure-fixture"}
{"@timestamp":"2026-09-05T04:02:25.115844Z","log":{"level":"INFO","logger":"com.mimococo.marketops.adminobservability.internal.audit.JdbcMetadataAuditStore"},"process":{"pid":93467,"thread":{"name":"main"}},"service":{"name":"marketops-server","version":"0.1.0-SNAPSHOT","environment":"ci","node":{}},"message":"Metadata change recorded","ecs":{"version":"8.11"},"application":"marketops-server","environment":"ci","buildVersion":"0.1.0-SNAPSHOT","correlationId":"none","event":"metadata_change_recorded","sourceDomain":"identityaccess","entityType":"user-scope-grant","entityId":"d4adc6ff-dfb2-419b-a999-5877db8927c1","action":"GRANT","actorId":"disclosure-fixture"}
{"@timestamp":"2026-09-05T04:02:25.382454Z","log":{"level":"INFO","logger":"com.mimococo.marketops.adminobservability.internal.audit.JdbcMetadataAuditStore"},"process":{"pid":93467,"thread":{"name":"main"}},"service":{"name":"marketops-server","version":"0.1.0-SNAPSHOT","environment":"ci","node":{}},"message":"Metadata change recorded","ecs":{"version":"8.11"},"application":"marketops-server","environment":"ci","buildVersion":"0.1.0-SNAPSHOT","correlationId":"none","event":"metadata_change_recorded","sourceDomain":"identityaccess","entityType":"user-role-assignment","entityId":"c002ab05-e079-43a8-89cb-890fde2aaed1","action":"GRANT","actorId":"disclosure-fixture"}
{"@timestamp":"2026-09-05T04:02:25.386384Z","log":{"level":"INFO","logger":"com.mimococo.marketops.adminobservability.internal.audit.JdbcMetadataAuditStore"},"process":{"pid":93467,"thread":{"name":"main"}},"service":{"name":"marketops-server","version":"0.1.0-SNAPSHOT","environment":"ci","node":{}},"message":"Metadata change recorded","ecs":{"version":"8.11"},"application":"marketops-server","environment":"ci","buildVersion":"0.1.0-SNAPSHOT","correlationId":"none","event":"metadata_change_recorded","sourceDomain":"identityaccess","entityType":"user-scope-grant","entityId":"e819df8a-a58e-49f5-939f-6bd16a5c05d9","action":"GRANT","actorId":"disclosure-fixture"}
{"@timestamp":"2026-09-05T04:02:25.466635Z","log":{"level":"INFO","logger":"com.mimococo.marketops.adminobservability.internal.audit.JdbcMetadataAuditStore"},"process":{"pid":93467,"thread":{"name":"main"}},"service":{"name":"marketops-server","version":"0.1.0-SNAPSHOT","environment":"ci","node":{}},"message":"Metadata change recorded","ecs":{"version":"8.11"},"application":"marketops-server","environment":"ci","buildVersion":"0.1.0-SNAPSHOT","correlationId":"none","event":"metadata_change_recorded","sourceDomain":"identityaccess","entityType":"user-scope-grant","entityId":"603ce4fe-520a-4174-bf6f-60c8233e4bef","action":"GRANT","actorId":"disclosure-fixture"}
{"@timestamp":"2026-09-05T04:02:25.746676Z","log":{"level":"INFO","logger":"com.mimococo.marketops.shared.internal.errors.ConsoleProblemAdvice"},"process":{"pid":93467,"thread":{"name":"http-nio-127.0.0.1-auto-1-exec-2"}},"service":{"name":"marketops-server","version":"0.1.0-SNAPSHOT","environment":"ci","node":{}},"message":"Console request refused","ecs":{"version":"8.11"},"application":"marketops-server","environment":"ci","buildVersion":"0.1.0-SNAPSHOT","correlationId":"e78a6f8e-f410-4e22-8840-4a174e070ebe","event":"console_request_refused","errorCode":"APPROVAL_EVIDENCE_SCOPE_BLOCKED"}
{"@timestamp":"2026-09-05T04:02:25.765327Z","log":{"level":"INFO","logger":"com.mimococo.marketops.shared.internal.correlation.CorrelationIdFilter"},"process":{"pid":93467,"thread":{"name":"http-nio-127.0.0.1-auto-1-exec-2"}},"service":{"name":"marketops-server","version":"0.1.0-SNAPSHOT","environment":"ci","node":{}},"message":"Request completed","ecs":{"version":"8.11"},"application":"marketops-server","environment":"ci","buildVersion":"0.1.0-SNAPSHOT","correlationId":"e78a6f8e-f410-4e22-8840-4a174e070ebe","event":"request_completed","status":403}
{"@timestamp":"2026-09-05T04:02:25.801033Z","log":{"level":"INFO","logger":"com.mimococo.marketops.shared.internal.correlation.CorrelationIdFilter"},"process":{"pid":93467,"thread":{"name":"http-nio-127.0.0.1-auto-1-exec-1"}},"service":{"name":"marketops-server","version":"0.1.0-SNAPSHOT","environment":"ci","node":{}},"message":"Request completed","ecs":{"version":"8.11"},"application":"marketops-server","environment":"ci","buildVersion":"0.1.0-SNAPSHOT","correlationId":"e9768cd7-f123-4198-886a-669a9970aa13","event":"request_completed","status":200}
{"@timestamp":"2026-09-05T04:02:25.816141Z","log":{"level":"INFO","logger":"com.mimococo.marketops.shared.internal.correlation.CorrelationIdFilter"},"process":{"pid":93467,"thread":{"name":"http-nio-127.0.0.1-auto-1-exec-3"}},"service":{"name":"marketops-server","version":"0.1.0-SNAPSHOT","environment":"ci","node":{}},"message":"Request completed","ecs":{"version":"8.11"},"application":"marketops-server","environment":"ci","buildVersion":"0.1.0-SNAPSHOT","correlationId":"de580923-19da-43e7-819b-d4d8364d489f","event":"request_completed","status":200}
{"@timestamp":"2026-09-05T04:02:25.874447Z","log":{"level":"INFO","logger":"com.mimococo.marketops.shared.internal.correlation.CorrelationIdFilter"},"process":{"pid":93467,"thread":{"name":"http-nio-127.0.0.1-auto-1-exec-4"}},"service":{"name":"marketops-server","version":"0.1.0-SNAPSHOT","environment":"ci","node":{}},"message":"Request completed","ecs":{"version":"8.11"},"application":"marketops-server","environment":"ci","buildVersion":"0.1.0-SNAPSHOT","correlationId":"fb98a3b3-b79f-48a8-a9d6-8d554f16e736","event":"request_completed","status":200}
{"@timestamp":"2026-09-05T04:02:25.891459Z","log":{"level":"INFO","logger":"com.mimococo.marketops.shared.internal.errors.ConsoleProblemAdvice"},"process":{"pid":93467,"thread":{"name":"http-nio-127.0.0.1-auto-1-exec-5"}},"service":{"name":"marketops-server","version":"0.1.0-SNAPSHOT","environment":"ci","node":{}},"message":"Console request refused","ecs":{"version":"8.11"},"application":"marketops-server","environment":"ci","buildVersion":"0.1.0-SNAPSHOT","correlationId":"20adc22e-a898-44df-9bcd-e448a105ab79","event":"console_request_refused","errorCode":"RESOURCE_SCOPE_DENIED"}
{"@timestamp":"2026-09-05T04:02:25.892955Z","log":{"level":"INFO","logger":"com.mimococo.marketops.shared.internal.correlation.CorrelationIdFilter"},"process":{"pid":93467,"thread":{"name":"http-nio-127.0.0.1-auto-1-exec-5"}},"service":{"name":"marketops-server","version":"0.1.0-SNAPSHOT","environment":"ci","node":{}},"message":"Request completed","ecs":{"version":"8.11"},"application":"marketops-server","environment":"ci","buildVersion":"0.1.0-SNAPSHOT","correlationId":"20adc22e-a898-44df-9bcd-e448a105ab79","event":"request_completed","status":403}
{"@timestamp":"2026-09-05T04:02:25.906700Z","log":{"level":"INFO","logger":"com.mimococo.marketops.shared.internal.errors.ConsoleProblemAdvice"},"process":{"pid":93467,"thread":{"name":"http-nio-127.0.0.1-auto-1-exec-6"}},"service":{"name":"marketops-server","version":"0.1.0-SNAPSHOT","environment":"ci","node":{}},"message":"Console request refused","ecs":{"version":"8.11"},"application":"marketops-server","environment":"ci","buildVersion":"0.1.0-SNAPSHOT","correlationId":"7b64a000-ce90-4fee-ba58-0bd4f12f3de6","event":"console_request_refused","errorCode":"RESOURCE_SCOPE_DENIED"}
{"@timestamp":"2026-09-05T04:02:25.907957Z","log":{"level":"INFO","logger":"com.mimococo.marketops.shared.internal.correlation.CorrelationIdFilter"},"process":{"pid":93467,"thread":{"name":"http-nio-127.0.0.1-auto-1-exec-6"}},"service":{"name":"marketops-server","version":"0.1.0-SNAPSHOT","environment":"ci","node":{}},"message":"Request completed","ecs":{"version":"8.11"},"application":"marketops-server","environment":"ci","buildVersion":"0.1.0-SNAPSHOT","correlationId":"7b64a000-ce90-4fee-ba58-0bd4f12f3de6","event":"request_completed","status":403}
{"@timestamp":"2026-09-05T04:02:25.923168Z","log":{"level":"INFO","logger":"com.mimococo.marketops.shared.internal.errors.ConsoleProblemAdvice"},"process":{"pid":93467,"thread":{"name":"http-nio-127.0.0.1-auto-1-exec-7"}},"service":{"name":"marketops-server","version":"0.1.0-SNAPSHOT","environment":"ci","node":{}},"message":"Console request refused","ecs":{"version":"8.11"},"application":"marketops-server","environment":"ci","buildVersion":"0.1.0-SNAPSHOT","correlationId":"fb575f96-e239-4780-901b-c924d2b82049","event":"console_request_refused","errorCode":"RESOURCE_SCOPE_DENIED"}
{"@timestamp":"2026-09-05T04:02:25.924265Z","log":{"level":"INFO","logger":"com.mimococo.marketops.shared.internal.correlation.CorrelationIdFilter"},"process":{"pid":93467,"thread":{"name":"http-nio-127.0.0.1-auto-1-exec-7"}},"service":{"name":"marketops-server","version":"0.1.0-SNAPSHOT","environment":"ci","node":{}},"message":"Request completed","ecs":{"version":"8.11"},"application":"marketops-server","environment":"ci","buildVersion":"0.1.0-SNAPSHOT","correlationId":"fb575f96-e239-4780-901b-c924d2b82049","event":"request_completed","status":403}
{"@timestamp":"2026-09-05T04:02:25.937067Z","log":{"level":"INFO","logger":"com.mimococo.marketops.adminobservability.internal.audit.JdbcMetadataAuditStore"},"process":{"pid":93467,"thread":{"name":"http-nio-127.0.0.1-auto-1-exec-8"}},"service":{"name":"marketops-server","version":"0.1.0-SNAPSHOT","environment":"ci","node":{}},"message":"Metadata change recorded","ecs":{"version":"8.11"},"application":"marketops-server","environment":"ci","buildVersion":"0.1.0-SNAPSHOT","correlationId":"9742ab18-40c1-4bf1-88c6-554ee1396161","event":"metadata_change_recorded","sourceDomain":"advertisingefficiency","entityType":"advertising_reservations","entityId":"1762cdf1-8490-443b-b219-cd4d46c0e35e","action":"READ","actorId":"fc696af3-532b-4b0e-b0f5-27ae05a41aaf"}
{"@timestamp":"2026-09-05T04:02:25.946236Z","log":{"level":"INFO","logger":"com.mimococo.marketops.shared.internal.correlation.CorrelationIdFilter"},"process":{"pid":93467,"thread":{"name":"http-nio-127.0.0.1-auto-1-exec-8"}},"service":{"name":"marketops-server","version":"0.1.0-SNAPSHOT","environment":"ci","node":{}},"message":"Request completed","ecs":{"version":"8.11"},"application":"marketops-server","environment":"ci","buildVersion":"0.1.0-SNAPSHOT","correlationId":"9742ab18-40c1-4bf1-88c6-554ee1396161","event":"request_completed","status":200}
{"@timestamp":"2026-09-05T04:02:25.959467Z","log":{"level":"INFO","logger":"com.mimococo.marketops.adminobservability.internal.audit.JdbcMetadataAuditStore"},"process":{"pid":93467,"thread":{"name":"http-nio-127.0.0.1-auto-1-exec-9"}},"service":{"name":"marketops-server","version":"0.1.0-SNAPSHOT","environment":"ci","node":{}},"message":"Metadata change recorded","ecs":{"version":"8.11"},"application":"marketops-server","environment":"ci","buildVersion":"0.1.0-SNAPSHOT","correlationId":"3e2d85a7-3f54-4274-968b-c7a0f8f2ffc0","event":"metadata_change_recorded","sourceDomain":"advertisingefficiency","entityType":"advertising_manual_packet","entityId":"04e2d6d5-1dc6-4a3d-a60b-5325829144e3","action":"READ","actorId":"fc696af3-532b-4b0e-b0f5-27ae05a41aaf"}
{"@timestamp":"2026-09-05T04:02:25.967599Z","log":{"level":"INFO","logger":"com.mimococo.marketops.shared.internal.correlation.CorrelationIdFilter"},"process":{"pid":93467,"thread":{"name":"http-nio-127.0.0.1-auto-1-exec-9"}},"service":{"name":"marketops-server","version":"0.1.0-SNAPSHOT","environment":"ci","node":{}},"message":"Request completed","ecs":{"version":"8.11"},"application":"marketops-server","environment":"ci","buildVersion":"0.1.0-SNAPSHOT","correlationId":"3e2d85a7-3f54-4274-968b-c7a0f8f2ffc0","event":"request_completed","status":200}
{"@timestamp":"2026-09-05T04:02:25.970942Z","log":{"level":"INFO","logger":"com.mimococo.marketops.adminobservability.internal.audit.JdbcMetadataAuditStore"},"process":{"pid":93467,"thread":{"name":"main"}},"service":{"name":"marketops-server","version":"0.1.0-SNAPSHOT","environment":"ci","node":{}},"message":"Metadata change recorded","ecs":{"version":"8.11"},"application":"marketops-server","environment":"ci","buildVersion":"0.1.0-SNAPSHOT","correlationId":"none","event":"metadata_change_recorded","sourceDomain":"identityaccess","entityType":"user-scope-grant","entityId":"e58cc5fb-742a-4158-8288-25141f9ae30b","action":"GRANT","actorId":"disclosure-fixture"}
{"@timestamp":"2026-09-05T04:02:25.999425Z","log":{"level":"INFO","logger":"com.mimococo.marketops.shared.internal.correlation.CorrelationIdFilter"},"process":{"pid":93467,"thread":{"name":"http-nio-127.0.0.1-auto-1-exec-10"}},"service":{"name":"marketops-server","version":"0.1.0-SNAPSHOT","environment":"ci","node":{}},"message":"Request completed","ecs":{"version":"8.11"},"application":"marketops-server","environment":"ci","buildVersion":"0.1.0-SNAPSHOT","correlationId":"fbce49e7-aa15-4e68-bea2-8d2269f9d796","event":"request_completed","status":200}
{"@timestamp":"2026-09-05T04:02:26.032007Z","log":{"level":"INFO","logger":"com.mimococo.marketops.shared.internal.correlation.CorrelationIdFilter"},"process":{"pid":93467,"thread":{"name":"http-nio-127.0.0.1-auto-1-exec-2"}},"service":{"name":"marketops-server","version":"0.1.0-SNAPSHOT","environment":"ci","node":{}},"message":"Request completed","ecs":{"version":"8.11"},"application":"marketops-server","environment":"ci","buildVersion":"0.1.0-SNAPSHOT","correlationId":"e6352e42-ac6d-4e64-bb00-e515f082045f","event":"request_completed","status":200}
{"@timestamp":"2026-09-05T04:02:26.049231Z","log":{"level":"INFO","logger":"com.mimococo.marketops.shared.internal.correlation.CorrelationIdFilter"},"process":{"pid":93467,"thread":{"name":"http-nio-127.0.0.1-auto-1-exec-1"}},"service":{"name":"marketops-server","version":"0.1.0-SNAPSHOT","environment":"ci","node":{}},"message":"Request completed","ecs":{"version":"8.11"},"application":"marketops-server","environment":"ci","buildVersion":"0.1.0-SNAPSHOT","correlationId":"948fc194-6d86-4120-b9d2-d56b604f004a","event":"request_completed","status":200}
{"@timestamp":"2026-09-05T04:02:26.119122Z","log":{"level":"INFO","logger":"com.mimococo.marketops.shared.internal.correlation.CorrelationIdFilter"},"process":{"pid":93467,"thread":{"name":"http-nio-127.0.0.1-auto-1-exec-3"}},"service":{"name":"marketops-server","version":"0.1.0-SNAPSHOT","environment":"ci","node":{}},"message":"Request completed","ecs":{"version":"8.11"},"application":"marketops-server","environment":"ci","buildVersion":"0.1.0-SNAPSHOT","correlationId":"0abf683a-4dee-47c9-88b9-ca1d11e776ef","event":"request_completed","status":200}
{"@timestamp":"2026-09-05T04:02:26.161113Z","log":{"level":"INFO","logger":"com.mimococo.marketops.adminobservability.internal.audit.JdbcMetadataAuditStore"},"process":{"pid":93467,"thread":{"name":"http-nio-127.0.0.1-auto-1-exec-4"}},"service":{"name":"marketops-server","version":"0.1.0-SNAPSHOT","environment":"ci","node":{}},"message":"Metadata change recorded","ecs":{"version":"8.11"},"application":"marketops-server","environment":"ci","buildVersion":"0.1.0-SNAPSHOT","correlationId":"0865842e-a6c9-4cb0-a4ad-290b319a06c5","event":"metadata_change_recorded","sourceDomain":"advertisingefficiency","entityType":"advertising_command","entityId":"7a6a1c07-03be-45f6-8c3f-5f84181fba9b","action":"READ","actorId":"fc696af3-532b-4b0e-b0f5-27ae05a41aaf"}
{"@timestamp":"2026-09-05T04:02:26.173255Z","log":{"level":"INFO","logger":"com.mimococo.marketops.shared.internal.correlation.CorrelationIdFilter"},"process":{"pid":93467,"thread":{"name":"http-nio-127.0.0.1-auto-1-exec-4"}},"service":{"name":"marketops-server","version":"0.1.0-SNAPSHOT","environment":"ci","node":{}},"message":"Request completed","ecs":{"version":"8.11"},"application":"marketops-server","environment":"ci","buildVersion":"0.1.0-SNAPSHOT","correlationId":"0865842e-a6c9-4cb0-a4ad-290b319a06c5","event":"request_completed","status":200}
{"@timestamp":"2026-09-05T04:02:26.200887Z","log":{"level":"INFO","logger":"com.mimococo.marketops.adminobservability.internal.audit.JdbcMetadataAuditStore"},"process":{"pid":93467,"thread":{"name":"http-nio-127.0.0.1-auto-1-exec-5"}},"service":{"name":"marketops-server","version":"0.1.0-SNAPSHOT","environment":"ci","node":{}},"message":"Metadata change recorded","ecs":{"version":"8.11"},"application":"marketops-server","environment":"ci","buildVersion":"0.1.0-SNAPSHOT","correlationId":"72dccc8f-66a3-4484-80cb-966025e03061","event":"metadata_change_recorded","sourceDomain":"advertisingefficiency","entityType":"advertising_outcome","entityId":"7a6a1c07-03be-45f6-8c3f-5f84181fba9b","action":"READ","actorId":"fc696af3-532b-4b0e-b0f5-27ae05a41aaf"}
{"@timestamp":"2026-09-05T04:02:26.202923Z","log":{"level":"INFO","logger":"com.mimococo.marketops.shared.internal.correlation.CorrelationIdFilter"},"process":{"pid":93467,"thread":{"name":"http-nio-127.0.0.1-auto-1-exec-5"}},"service":{"name":"marketops-server","version":"0.1.0-SNAPSHOT","environment":"ci","node":{}},"message":"Request completed","ecs":{"version":"8.11"},"application":"marketops-server","environment":"ci","buildVersion":"0.1.0-SNAPSHOT","correlationId":"72dccc8f-66a3-4484-80cb-966025e03061","event":"request_completed","status":200}
{"@timestamp":"2026-09-05T04:02:26.223584Z","log":{"level":"INFO","logger":"com.mimococo.marketops.shared.internal.correlation.CorrelationIdFilter"},"process":{"pid":93467,"thread":{"name":"http-nio-127.0.0.1-auto-1-exec-6"}},"service":{"name":"marketops-server","version":"0.1.0-SNAPSHOT","environment":"ci","node":{}},"message":"Request completed","ecs":{"version":"8.11"},"application":"marketops-server","environment":"ci","buildVersion":"0.1.0-SNAPSHOT","correlationId":"d8096581-d640-4feb-8895-4e2794bee316","event":"request_completed","status":200}
{"@timestamp":"2026-09-05T04:02:26.233309Z","log":{"level":"INFO","logger":"com.mimococo.marketops.adminobservability.internal.audit.JdbcMetadataAuditStore"},"process":{"pid":93467,"thread":{"name":"http-nio-127.0.0.1-auto-1-exec-7"}},"service":{"name":"marketops-server","version":"0.1.0-SNAPSHOT","environment":"ci","node":{}},"message":"Metadata change recorded","ecs":{"version":"8.11"},"application":"marketops-server","environment":"ci","buildVersion":"0.1.0-SNAPSHOT","correlationId":"46f09fa8-1288-45ea-bf23-ea3207a81857","event":"metadata_change_recorded","sourceDomain":"advertisingefficiency","entityType":"advertising_reservations","entityId":"1762cdf1-8490-443b-b219-cd4d46c0e35e","action":"READ","actorId":"fc696af3-532b-4b0e-b0f5-27ae05a41aaf"}
{"@timestamp":"2026-09-05T04:02:26.245735Z","log":{"level":"INFO","logger":"com.mimococo.marketops.shared.internal.correlation.CorrelationIdFilter"},"process":{"pid":93467,"thread":{"name":"http-nio-127.0.0.1-auto-1-exec-7"}},"service":{"name":"marketops-server","version":"0.1.0-SNAPSHOT","environment":"ci","node":{}},"message":"Request completed","ecs":{"version":"8.11"},"application":"marketops-server","environment":"ci","buildVersion":"0.1.0-SNAPSHOT","correlationId":"46f09fa8-1288-45ea-bf23-ea3207a81857","event":"request_completed","status":200}
{"@timestamp":"2026-09-05T04:02:26.257587Z","log":{"level":"INFO","logger":"com.mimococo.marketops.adminobservability.internal.audit.JdbcMetadataAuditStore"},"process":{"pid":93467,"thread":{"name":"http-nio-127.0.0.1-auto-1-exec-8"}},"service":{"name":"marketops-server","version":"0.1.0-SNAPSHOT","environment":"ci","node":{}},"message":"Metadata change recorded","ecs":{"version":"8.11"},"application":"marketops-server","environment":"ci","buildVersion":"0.1.0-SNAPSHOT","correlationId":"82c9bfcd-9ef1-4620-bceb-8a912993faf3","event":"metadata_change_recorded","sourceDomain":"advertisingefficiency","entityType":"advertising_manual_packet","entityId":"04e2d6d5-1dc6-4a3d-a60b-5325829144e3","action":"READ","actorId":"fc696af3-532b-4b0e-b0f5-27ae05a41aaf"}
{"@timestamp":"2026-09-05T04:02:26.284948Z","log":{"level":"INFO","logger":"com.mimococo.marketops.shared.internal.correlation.CorrelationIdFilter"},"process":{"pid":93467,"thread":{"name":"http-nio-127.0.0.1-auto-1-exec-8"}},"service":{"name":"marketops-server","version":"0.1.0-SNAPSHOT","environment":"ci","node":{}},"message":"Request completed","ecs":{"version":"8.11"},"application":"marketops-server","environment":"ci","buildVersion":"0.1.0-SNAPSHOT","correlationId":"82c9bfcd-9ef1-4620-bceb-8a912993faf3","event":"request_completed","status":200}
{"@timestamp":"2026-09-05T04:02:26.292039Z","log":{"level":"INFO","logger":"com.mimococo.marketops.adminobservability.internal.audit.JdbcMetadataAuditStore"},"process":{"pid":93467,"thread":{"name":"main"}},"service":{"name":"marketops-server","version":"0.1.0-SNAPSHOT","environment":"ci","node":{}},"message":"Metadata change recorded","ecs":{"version":"8.11"},"application":"marketops-server","environment":"ci","buildVersion":"0.1.0-SNAPSHOT","correlationId":"none","event":"metadata_change_recorded","sourceDomain":"identityaccess","entityType":"user-scope-grant","entityId":"e58cc5fb-742a-4158-8288-25141f9ae30b","action":"REVOKE","actorId":"disclosure-fixture"}
{"@timestamp":"2026-09-05T04:02:26.310456Z","log":{"level":"INFO","logger":"com.mimococo.marketops.shared.internal.errors.ConsoleProblemAdvice"},"process":{"pid":93467,"thread":{"name":"http-nio-127.0.0.1-auto-1-exec-9"}},"service":{"name":"marketops-server","version":"0.1.0-SNAPSHOT","environment":"ci","node":{}},"message":"Console request refused","ecs":{"version":"8.11"},"application":"marketops-server","environment":"ci","buildVersion":"0.1.0-SNAPSHOT","correlationId":"b69efb38-3048-499d-8066-4d42b3cbb342","event":"console_request_refused","errorCode":"APPROVAL_EVIDENCE_SCOPE_BLOCKED"}
{"@timestamp":"2026-09-05T04:02:26.311270Z","log":{"level":"INFO","logger":"com.mimococo.marketops.shared.internal.correlation.CorrelationIdFilter"},"process":{"pid":93467,"thread":{"name":"http-nio-127.0.0.1-auto-1-exec-9"}},"service":{"name":"marketops-server","version":"0.1.0-SNAPSHOT","environment":"ci","node":{}},"message":"Request completed","ecs":{"version":"8.11"},"application":"marketops-server","environment":"ci","buildVersion":"0.1.0-SNAPSHOT","correlationId":"b69efb38-3048-499d-8066-4d42b3cbb342","event":"request_completed","status":403}
{"@timestamp":"2026-09-05T04:02:26.328946Z","log":{"level":"INFO","logger":"com.mimococo.marketops.shared.internal.correlation.CorrelationIdFilter"},"process":{"pid":93467,"thread":{"name":"http-nio-127.0.0.1-auto-1-exec-10"}},"service":{"name":"marketops-server","version":"0.1.0-SNAPSHOT","environment":"ci","node":{}},"message":"Request completed","ecs":{"version":"8.11"},"application":"marketops-server","environment":"ci","buildVersion":"0.1.0-SNAPSHOT","correlationId":"68a62d1d-198b-46f6-9da9-a74fd0209564","event":"request_completed","status":200}
{"@timestamp":"2026-09-05T04:02:26.377733Z","log":{"level":"INFO","logger":"com.mimococo.marketops.shared.internal.correlation.CorrelationIdFilter"},"process":{"pid":93467,"thread":{"name":"http-nio-127.0.0.1-auto-1-exec-2"}},"service":{"name":"marketops-server","version":"0.1.0-SNAPSHOT","environment":"ci","node":{}},"message":"Request completed","ecs":{"version":"8.11"},"application":"marketops-server","environment":"ci","buildVersion":"0.1.0-SNAPSHOT","correlationId":"29a5bec3-0dc3-445c-a280-22e694cf5301","event":"request_completed","status":200}
{"@timestamp":"2026-09-05T04:02:26.402747Z","log":{"level":"INFO","logger":"com.mimococo.marketops.shared.internal.errors.ConsoleProblemAdvice"},"process":{"pid":93467,"thread":{"name":"http-nio-127.0.0.1-auto-1-exec-1"}},"service":{"name":"marketops-server","version":"0.1.0-SNAPSHOT","environment":"ci","node":{}},"message":"Console request refused","ecs":{"version":"8.11"},"application":"marketops-server","environment":"ci","buildVersion":"0.1.0-SNAPSHOT","correlationId":"824a37d0-54d1-4e51-85c5-d900ed9261b6","event":"console_request_refused","errorCode":"RESOURCE_SCOPE_DENIED"}
{"@timestamp":"2026-09-05T04:02:26.403611Z","log":{"level":"INFO","logger":"com.mimococo.marketops.shared.internal.correlation.CorrelationIdFilter"},"process":{"pid":93467,"thread":{"name":"http-nio-127.0.0.1-auto-1-exec-1"}},"service":{"name":"marketops-server","version":"0.1.0-SNAPSHOT","environment":"ci","node":{}},"message":"Request completed","ecs":{"version":"8.11"},"application":"marketops-server","environment":"ci","buildVersion":"0.1.0-SNAPSHOT","correlationId":"824a37d0-54d1-4e51-85c5-d900ed9261b6","event":"request_completed","status":403}
{"@timestamp":"2026-09-05T04:02:26.412049Z","log":{"level":"INFO","logger":"com.mimococo.marketops.adminobservability.internal.audit.JdbcMetadataAuditStore"},"process":{"pid":93467,"thread":{"name":"http-nio-127.0.0.1-auto-1-exec-3"}},"service":{"name":"marketops-server","version":"0.1.0-SNAPSHOT","environment":"ci","node":{}},"message":"Metadata change recorded","ecs":{"version":"8.11"},"application":"marketops-server","environment":"ci","buildVersion":"0.1.0-SNAPSHOT","correlationId":"6d13f533-39bd-4118-9450-1016f44d3a7b","event":"metadata_change_recorded","sourceDomain":"advertisingefficiency","entityType":"advertising_reservations","entityId":"1762cdf1-8490-443b-b219-cd4d46c0e35e","action":"READ","actorId":"fc696af3-532b-4b0e-b0f5-27ae05a41aaf"}
{"@timestamp":"2026-09-05T04:02:26.418987Z","log":{"level":"INFO","logger":"com.mimococo.marketops.shared.internal.correlation.CorrelationIdFilter"},"process":{"pid":93467,"thread":{"name":"http-nio-127.0.0.1-auto-1-exec-3"}},"service":{"name":"marketops-server","version":"0.1.0-SNAPSHOT","environment":"ci","node":{}},"message":"Request completed","ecs":{"version":"8.11"},"application":"marketops-server","environment":"ci","buildVersion":"0.1.0-SNAPSHOT","correlationId":"6d13f533-39bd-4118-9450-1016f44d3a7b","event":"request_completed","status":200}
{"@timestamp":"2026-09-05T04:02:26.562421Z","log":{"level":"INFO","logger":"com.mimococo.marketops.adminobservability.internal.audit.JdbcMetadataAuditStore"},"process":{"pid":93467,"thread":{"name":"main"}},"service":{"name":"marketops-server","version":"0.1.0-SNAPSHOT","environment":"ci","node":{}},"message":"Metadata change recorded","ecs":{"version":"8.11"},"application":"marketops-server","environment":"ci","buildVersion":"0.1.0-SNAPSHOT","correlationId":"none","event":"metadata_change_recorded","sourceDomain":"identityaccess","entityType":"user-role-assignment","entityId":"627c91fb-aae1-4c19-b6da-bcaee31268c8","action":"GRANT","actorId":"disclosure-fixture"}
{"@timestamp":"2026-09-05T04:02:26.565575Z","log":{"level":"INFO","logger":"com.mimococo.marketops.adminobservability.internal.audit.JdbcMetadataAuditStore"},"process":{"pid":93467,"thread":{"name":"main"}},"service":{"name":"marketops-server","version":"0.1.0-SNAPSHOT","environment":"ci","node":{}},"message":"Metadata change recorded","ecs":{"version":"8.11"},"application":"marketops-server","environment":"ci","buildVersion":"0.1.0-SNAPSHOT","correlationId":"none","event":"metadata_change_recorded","sourceDomain":"identityaccess","entityType":"user-role-assignment","entityId":"d0cc40e8-b493-4f70-8c04-ddeb59eff71d","action":"GRANT","actorId":"disclosure-fixture"}
{"@timestamp":"2026-09-05T04:02:26.568272Z","log":{"level":"INFO","logger":"com.mimococo.marketops.adminobservability.internal.audit.JdbcMetadataAuditStore"},"process":{"pid":93467,"thread":{"name":"main"}},"service":{"name":"marketops-server","version":"0.1.0-SNAPSHOT","environment":"ci","node":{}},"message":"Metadata change recorded","ecs":{"version":"8.11"},"application":"marketops-server","environment":"ci","buildVersion":"0.1.0-SNAPSHOT","correlationId":"none","event":"metadata_change_recorded","sourceDomain":"identityaccess","entityType":"user-scope-grant","entityId":"95829c03-f47a-416d-9484-8baee1253fa3","action":"GRANT","actorId":"disclosure-fixture"}
{"@timestamp":"2026-09-05T04:02:26.570574Z","log":{"level":"INFO","logger":"com.mimococo.marketops.adminobservability.internal.audit.JdbcMetadataAuditStore"},"process":{"pid":93467,"thread":{"name":"main"}},"service":{"name":"marketops-server","version":"0.1.0-SNAPSHOT","environment":"ci","node":{}},"message":"Metadata change recorded","ecs":{"version":"8.11"},"application":"marketops-server","environment":"ci","buildVersion":"0.1.0-SNAPSHOT","correlationId":"none","event":"metadata_change_recorded","sourceDomain":"identityaccess","entityType":"user-scope-grant","entityId":"f355e49c-d84f-4308-8ff3-c5cd385b9cad","action":"GRANT","actorId":"disclosure-fixture"}
{"@timestamp":"2026-09-05T04:02:26.587791Z","log":{"level":"INFO","logger":"com.mimococo.marketops.adminobservability.internal.audit.JdbcMetadataAuditStore"},"process":{"pid":93467,"thread":{"name":"main"}},"service":{"name":"marketops-server","version":"0.1.0-SNAPSHOT","environment":"ci","node":{}},"message":"Metadata change recorded","ecs":{"version":"8.11"},"application":"marketops-server","environment":"ci","buildVersion":"0.1.0-SNAPSHOT","correlationId":"none","event":"metadata_change_recorded","sourceDomain":"identityaccess","entityType":"user-scope-grant","entityId":"3340b179-892c-4ad1-a24b-23f34a5cac3c","action":"GRANT","actorId":"disclosure-fixture"}
{"@timestamp":"2026-09-05T04:02:26.815366Z","log":{"level":"INFO","logger":"com.mimococo.marketops.adminobservability.internal.audit.JdbcMetadataAuditStore"},"process":{"pid":93467,"thread":{"name":"main"}},"service":{"name":"marketops-server","version":"0.1.0-SNAPSHOT","environment":"ci","node":{}},"message":"Metadata change recorded","ecs":{"version":"8.11"},"application":"marketops-server","environment":"ci","buildVersion":"0.1.0-SNAPSHOT","correlationId":"none","event":"metadata_change_recorded","sourceDomain":"identityaccess","entityType":"user-role-assignment","entityId":"abae2926-345f-41ac-9c5a-4abed282e8cc","action":"GRANT","actorId":"disclosure-fixture"}
{"@timestamp":"2026-09-05T04:02:26.817683Z","log":{"level":"INFO","logger":"com.mimococo.marketops.adminobservability.internal.audit.JdbcMetadataAuditStore"},"process":{"pid":93467,"thread":{"name":"main"}},"service":{"name":"marketops-server","version":"0.1.0-SNAPSHOT","environment":"ci","node":{}},"message":"Metadata change recorded","ecs":{"version":"8.11"},"application":"marketops-server","environment":"ci","buildVersion":"0.1.0-SNAPSHOT","correlationId":"none","event":"metadata_change_recorded","sourceDomain":"identityaccess","entityType":"user-role-assignment","entityId":"acf4ff52-6139-43b2-9329-301e2b7f0eea","action":"GRANT","actorId":"disclosure-fixture"}
{"@timestamp":"2026-09-05T04:02:26.820374Z","log":{"level":"INFO","logger":"com.mimococo.marketops.adminobservability.internal.audit.JdbcMetadataAuditStore"},"process":{"pid":93467,"thread":{"name":"main"}},"service":{"name":"marketops-server","version":"0.1.0-SNAPSHOT","environment":"ci","node":{}},"message":"Metadata change recorded","ecs":{"version":"8.11"},"application":"marketops-server","environment":"ci","buildVersion":"0.1.0-SNAPSHOT","correlationId":"none","event":"metadata_change_recorded","sourceDomain":"identityaccess","entityType":"user-scope-grant","entityId":"c0f483ed-54d9-4755-9db3-eba75c6c707f","action":"GRANT","actorId":"disclosure-fixture"}
{"@timestamp":"2026-09-05T04:02:26.823356Z","log":{"level":"INFO","logger":"com.mimococo.marketops.adminobservability.internal.audit.JdbcMetadataAuditStore"},"process":{"pid":93467,"thread":{"name":"main"}},"service":{"name":"marketops-server","version":"0.1.0-SNAPSHOT","environment":"ci","node":{}},"message":"Metadata change recorded","ecs":{"version":"8.11"},"application":"marketops-server","environment":"ci","buildVersion":"0.1.0-SNAPSHOT","correlationId":"none","event":"metadata_change_recorded","sourceDomain":"identityaccess","entityType":"user-scope-grant","entityId":"10a14563-3639-4e1e-8a2d-858493d2c78d","action":"GRANT","actorId":"disclosure-fixture"}
{"@timestamp":"2026-09-05T04:02:27.089031Z","log":{"level":"INFO","logger":"com.mimococo.marketops.adminobservability.internal.audit.JdbcMetadataAuditStore"},"process":{"pid":93467,"thread":{"name":"main"}},"service":{"name":"marketops-server","version":"0.1.0-SNAPSHOT","environment":"ci","node":{}},"message":"Metadata change recorded","ecs":{"version":"8.11"},"application":"marketops-server","environment":"ci","buildVersion":"0.1.0-SNAPSHOT","correlationId":"none","event":"metadata_change_recorded","sourceDomain":"identityaccess","entityType":"user-role-assignment","entityId":"8f65300b-0f2b-4c78-b75f-40b907c408a4","action":"GRANT","actorId":"disclosure-fixture"}
{"@timestamp":"2026-09-05T04:02:27.091647Z","log":{"level":"INFO","logger":"com.mimococo.marketops.adminobservability.internal.audit.JdbcMetadataAuditStore"},"process":{"pid":93467,"thread":{"name":"main"}},"service":{"name":"marketops-server","version":"0.1.0-SNAPSHOT","environment":"ci","node":{}},"message":"Metadata change recorded","ecs":{"version":"8.11"},"application":"marketops-server","environment":"ci","buildVersion":"0.1.0-SNAPSHOT","correlationId":"none","event":"metadata_change_recorded","sourceDomain":"identityaccess","entityType":"user-role-assignment","entityId":"7c29eabc-bda9-455d-9d86-f16ddc7ef13b","action":"GRANT","actorId":"disclosure-fixture"}
{"@timestamp":"2026-09-05T04:02:27.096905Z","log":{"level":"INFO","logger":"com.mimococo.marketops.adminobservability.internal.audit.JdbcMetadataAuditStore"},"process":{"pid":93467,"thread":{"name":"main"}},"service":{"name":"marketops-server","version":"0.1.0-SNAPSHOT","environment":"ci","node":{}},"message":"Metadata change recorded","ecs":{"version":"8.11"},"application":"marketops-server","environment":"ci","buildVersion":"0.1.0-SNAPSHOT","correlationId":"none","event":"metadata_change_recorded","sourceDomain":"identityaccess","entityType":"user-scope-grant","entityId":"8ef83287-f919-4e32-8fb9-6467d7da18fe","action":"GRANT","actorId":"disclosure-fixture"}
{"@timestamp":"2026-09-05T04:02:27.100650Z","log":{"level":"INFO","logger":"com.mimococo.marketops.adminobservability.internal.audit.JdbcMetadataAuditStore"},"process":{"pid":93467,"thread":{"name":"main"}},"service":{"name":"marketops-server","version":"0.1.0-SNAPSHOT","environment":"ci","node":{}},"message":"Metadata change recorded","ecs":{"version":"8.11"},"application":"marketops-server","environment":"ci","buildVersion":"0.1.0-SNAPSHOT","correlationId":"none","event":"metadata_change_recorded","sourceDomain":"identityaccess","entityType":"user-scope-grant","entityId":"8fb29c18-993e-4c04-b8eb-ebdbc0c7ac99","action":"GRANT","actorId":"disclosure-fixture"}
{"@timestamp":"2026-09-05T04:02:27.330138Z","log":{"level":"INFO","logger":"com.mimococo.marketops.adminobservability.internal.audit.JdbcMetadataAuditStore"},"process":{"pid":93467,"thread":{"name":"main"}},"service":{"name":"marketops-server","version":"0.1.0-SNAPSHOT","environment":"ci","node":{}},"message":"Metadata change recorded","ecs":{"version":"8.11"},"application":"marketops-server","environment":"ci","buildVersion":"0.1.0-SNAPSHOT","correlationId":"none","event":"metadata_change_recorded","sourceDomain":"identityaccess","entityType":"user-role-assignment","entityId":"bdd12fe6-76ca-4747-aef2-9785f8774365","action":"GRANT","actorId":"disclosure-fixture"}
{"@timestamp":"2026-09-05T04:02:27.332332Z","log":{"level":"INFO","logger":"com.mimococo.marketops.adminobservability.internal.audit.JdbcMetadataAuditStore"},"process":{"pid":93467,"thread":{"name":"main"}},"service":{"name":"marketops-server","version":"0.1.0-SNAPSHOT","environment":"ci","node":{}},"message":"Metadata change recorded","ecs":{"version":"8.11"},"application":"marketops-server","environment":"ci","buildVersion":"0.1.0-SNAPSHOT","correlationId":"none","event":"metadata_change_recorded","sourceDomain":"identityaccess","entityType":"user-role-assignment","entityId":"03238985-0d47-4e28-a9b0-59451f7c5038","action":"GRANT","actorId":"disclosure-fixture"}
{"@timestamp":"2026-09-05T04:02:27.335157Z","log":{"level":"INFO","logger":"com.mimococo.marketops.adminobservability.internal.audit.JdbcMetadataAuditStore"},"process":{"pid":93467,"thread":{"name":"main"}},"service":{"name":"marketops-server","version":"0.1.0-SNAPSHOT","environment":"ci","node":{}},"message":"Metadata change recorded","ecs":{"version":"8.11"},"application":"marketops-server","environment":"ci","buildVersion":"0.1.0-SNAPSHOT","correlationId":"none","event":"metadata_change_recorded","sourceDomain":"identityaccess","entityType":"user-scope-grant","entityId":"e2fcd58f-14a9-4fb0-9a2c-5cb7e65bfa20","action":"GRANT","actorId":"disclosure-fixture"}
{"@timestamp":"2026-09-05T04:02:27.338015Z","log":{"level":"INFO","logger":"com.mimococo.marketops.adminobservability.internal.audit.JdbcMetadataAuditStore"},"process":{"pid":93467,"thread":{"name":"main"}},"service":{"name":"marketops-server","version":"0.1.0-SNAPSHOT","environment":"ci","node":{}},"message":"Metadata change recorded","ecs":{"version":"8.11"},"application":"marketops-server","environment":"ci","buildVersion":"0.1.0-SNAPSHOT","correlationId":"none","event":"metadata_change_recorded","sourceDomain":"identityaccess","entityType":"user-scope-grant","entityId":"6bf54a17-5ab6-47f0-86f7-655b514d0ef5","action":"GRANT","actorId":"disclosure-fixture"}
{"@timestamp":"2026-09-05T04:02:27.445527Z","log":{"level":"INFO","logger":"com.mimococo.marketops.adminobservability.internal.audit.JdbcMetadataAuditStore"},"process":{"pid":93467,"thread":{"name":"main"}},"service":{"name":"marketops-server","version":"0.1.0-SNAPSHOT","environment":"ci","node":{}},"message":"Metadata change recorded","ecs":{"version":"8.11"},"application":"marketops-server","environment":"ci","buildVersion":"0.1.0-SNAPSHOT","correlationId":"none","event":"metadata_change_recorded","sourceDomain":"identityaccess","entityType":"user-role-assignment","entityId":"90ee210b-b4d4-4b13-bce7-304476c5c290","action":"GRANT","actorId":"manual-disclosure-fixture"}
{"@timestamp":"2026-09-05T04:02:27.448216Z","log":{"level":"INFO","logger":"com.mimococo.marketops.adminobservability.internal.audit.JdbcMetadataAuditStore"},"process":{"pid":93467,"thread":{"name":"main"}},"service":{"name":"marketops-server","version":"0.1.0-SNAPSHOT","environment":"ci","node":{}},"message":"Metadata change recorded","ecs":{"version":"8.11"},"application":"marketops-server","environment":"ci","buildVersion":"0.1.0-SNAPSHOT","correlationId":"none","event":"metadata_change_recorded","sourceDomain":"identityaccess","entityType":"user-scope-grant","entityId":"830e27a4-7d3e-4f24-9e07-43fc750f5896","action":"GRANT","actorId":"manual-disclosure-fixture"}
{"@timestamp":"2026-09-05T04:02:27.450695Z","log":{"level":"INFO","logger":"com.mimococo.marketops.adminobservability.internal.audit.JdbcMetadataAuditStore"},"process":{"pid":93467,"thread":{"name":"main"}},"service":{"name":"marketops-server","version":"0.1.0-SNAPSHOT","environment":"ci","node":{}},"message":"Metadata change recorded","ecs":{"version":"8.11"},"application":"marketops-server","environment":"ci","buildVersion":"0.1.0-SNAPSHOT","correlationId":"none","event":"metadata_change_recorded","sourceDomain":"identityaccess","entityType":"user-scope-grant","entityId":"5548ee8e-235b-471b-af96-d5885cc0d496","action":"GRANT","actorId":"manual-disclosure-fixture"}
{"@timestamp":"2026-09-05T04:02:27.536476Z","log":{"level":"INFO","logger":"com.mimococo.marketops.shared.internal.correlation.CorrelationIdFilter"},"process":{"pid":93467,"thread":{"name":"http-nio-127.0.0.1-auto-1-exec-4"}},"service":{"name":"marketops-server","version":"0.1.0-SNAPSHOT","environment":"ci","node":{}},"message":"Request completed","ecs":{"version":"8.11"},"application":"marketops-server","environment":"ci","buildVersion":"0.1.0-SNAPSHOT","correlationId":"5aadd8f5-6304-417d-9789-d61c5f5d5b59","event":"request_completed","status":200}
{"@timestamp":"2026-09-05T04:02:27.539986Z","log":{"level":"INFO","logger":"com.mimococo.marketops.adminobservability.internal.audit.JdbcMetadataAuditStore"},"process":{"pid":93467,"thread":{"name":"main"}},"service":{"name":"marketops-server","version":"0.1.0-SNAPSHOT","environment":"ci","node":{}},"message":"Metadata change recorded","ecs":{"version":"8.11"},"application":"marketops-server","environment":"ci","buildVersion":"0.1.0-SNAPSHOT","correlationId":"none","event":"metadata_change_recorded","sourceDomain":"identityaccess","entityType":"user-scope-grant","entityId":"52e30425-ce9f-48a1-9974-9ea1b2bdfc17","action":"GRANT","actorId":"manual-disclosure-fixture"}
{"@timestamp":"2026-09-05T04:02:27.564253Z","log":{"level":"INFO","logger":"com.mimococo.marketops.shared.internal.correlation.CorrelationIdFilter"},"process":{"pid":93467,"thread":{"name":"http-nio-127.0.0.1-auto-1-exec-5"}},"service":{"name":"marketops-server","version":"0.1.0-SNAPSHOT","environment":"ci","node":{}},"message":"Request completed","ecs":{"version":"8.11"},"application":"marketops-server","environment":"ci","buildVersion":"0.1.0-SNAPSHOT","correlationId":"48d74d20-0810-41c7-84d8-3b0b0a833ea7","event":"request_completed","status":200}
{"@timestamp":"2026-09-05T04:02:27.567848Z","log":{"level":"INFO","logger":"com.mimococo.marketops.adminobservability.internal.audit.JdbcMetadataAuditStore"},"process":{"pid":93467,"thread":{"name":"main"}},"service":{"name":"marketops-server","version":"0.1.0-SNAPSHOT","environment":"ci","node":{}},"message":"Metadata change recorded","ecs":{"version":"8.11"},"application":"marketops-server","environment":"ci","buildVersion":"0.1.0-SNAPSHOT","correlationId":"none","event":"metadata_change_recorded","sourceDomain":"identityaccess","entityType":"user-scope-grant","entityId":"52e30425-ce9f-48a1-9974-9ea1b2bdfc17","action":"REVOKE","actorId":"manual-disclosure-fixture"}
{"@timestamp":"2026-09-05T04:02:27.584008Z","log":{"level":"INFO","logger":"com.mimococo.marketops.shared.internal.correlation.CorrelationIdFilter"},"process":{"pid":93467,"thread":{"name":"http-nio-127.0.0.1-auto-1-exec-6"}},"service":{"name":"marketops-server","version":"0.1.0-SNAPSHOT","environment":"ci","node":{}},"message":"Request completed","ecs":{"version":"8.11"},"application":"marketops-server","environment":"ci","buildVersion":"0.1.0-SNAPSHOT","correlationId":"28afdf6e-0900-4ef9-bd58-ffbaac3161e4","event":"request_completed","status":200}
{"@timestamp":"2026-09-05T04:02:27.587097Z","log":{"level":"INFO","logger":"com.mimococo.marketops.adminobservability.internal.audit.JdbcMetadataAuditStore"},"process":{"pid":93467,"thread":{"name":"main"}},"service":{"name":"marketops-server","version":"0.1.0-SNAPSHOT","environment":"ci","node":{}},"message":"Metadata change recorded","ecs":{"version":"8.11"},"application":"marketops-server","environment":"ci","buildVersion":"0.1.0-SNAPSHOT","correlationId":"none","event":"metadata_change_recorded","sourceDomain":"identityaccess","entityType":"user-scope-grant","entityId":"ceb79597-1d78-4a7b-bc4a-887ca7b7fe2b","action":"GRANT","actorId":"manual-disclosure-fixture"}
{"@timestamp":"2026-09-05T04:02:27.622305Z","log":{"level":"INFO","logger":"com.mimococo.marketops.shared.internal.correlation.CorrelationIdFilter"},"process":{"pid":93467,"thread":{"name":"http-nio-127.0.0.1-auto-1-exec-7"}},"service":{"name":"marketops-server","version":"0.1.0-SNAPSHOT","environment":"ci","node":{}},"message":"Request completed","ecs":{"version":"8.11"},"application":"marketops-server","environment":"ci","buildVersion":"0.1.0-SNAPSHOT","correlationId":"269fb91d-ef89-468b-8710-a6c98aa15682","event":"request_completed","status":200}
{"@timestamp":"2026-09-05T04:02:27.755338Z","log":{"level":"INFO","logger":"com.mimococo.marketops.adminobservability.internal.audit.JdbcMetadataAuditStore"},"process":{"pid":93467,"thread":{"name":"main"}},"service":{"name":"marketops-server","version":"0.1.0-SNAPSHOT","environment":"ci","node":{}},"message":"Metadata change recorded","ecs":{"version":"8.11"},"application":"marketops-server","environment":"ci","buildVersion":"0.1.0-SNAPSHOT","correlationId":"none","event":"metadata_change_recorded","sourceDomain":"identityaccess","entityType":"user-role-assignment","entityId":"3c2ab8a5-119c-4985-8e35-f187e9a06881","action":"GRANT","actorId":"disclosure-fixture"}
{"@timestamp":"2026-09-05T04:02:27.757666Z","log":{"level":"INFO","logger":"com.mimococo.marketops.adminobservability.internal.audit.JdbcMetadataAuditStore"},"process":{"pid":93467,"thread":{"name":"main"}},"service":{"name":"marketops-server","version":"0.1.0-SNAPSHOT","environment":"ci","node":{}},"message":"Metadata change recorded","ecs":{"version":"8.11"},"application":"marketops-server","environment":"ci","buildVersion":"0.1.0-SNAPSHOT","correlationId":"none","event":"metadata_change_recorded","sourceDomain":"identityaccess","entityType":"user-role-assignment","entityId":"c5a228bd-2322-4387-99ba-7a5c0447c104","action":"GRANT","actorId":"disclosure-fixture"}
{"@timestamp":"2026-09-05T04:02:27.760032Z","log":{"level":"INFO","logger":"com.mimococo.marketops.adminobservability.internal.audit.JdbcMetadataAuditStore"},"process":{"pid":93467,"thread":{"name":"main"}},"service":{"name":"marketops-server","version":"0.1.0-SNAPSHOT","environment":"ci","node":{}},"message":"Metadata change recorded","ecs":{"version":"8.11"},"application":"marketops-server","environment":"ci","buildVersion":"0.1.0-SNAPSHOT","correlationId":"none","event":"metadata_change_recorded","sourceDomain":"identityaccess","entityType":"user-scope-grant","entityId":"0302a3d3-ffe1-468c-a642-e5af7619ac22","action":"GRANT","actorId":"disclosure-fixture"}
{"@timestamp":"2026-09-05T04:02:27.762305Z","log":{"level":"INFO","logger":"com.mimococo.marketops.adminobservability.internal.audit.JdbcMetadataAuditStore"},"process":{"pid":93467,"thread":{"name":"main"}},"service":{"name":"marketops-server","version":"0.1.0-SNAPSHOT","environment":"ci","node":{}},"message":"Metadata change recorded","ecs":{"version":"8.11"},"application":"marketops-server","environment":"ci","buildVersion":"0.1.0-SNAPSHOT","correlationId":"none","event":"metadata_change_recorded","sourceDomain":"identityaccess","entityType":"user-scope-grant","entityId":"4367a644-e2c7-49d6-970a-b588c602d153","action":"GRANT","actorId":"disclosure-fixture"}
{"@timestamp":"2026-09-05T04:02:27.778987Z","log":{"level":"INFO","logger":"com.mimococo.marketops.adminobservability.internal.audit.JdbcMetadataAuditStore"},"process":{"pid":93467,"thread":{"name":"main"}},"service":{"name":"marketops-server","version":"0.1.0-SNAPSHOT","environment":"ci","node":{}},"message":"Metadata change recorded","ecs":{"version":"8.11"},"application":"marketops-server","environment":"ci","buildVersion":"0.1.0-SNAPSHOT","correlationId":"none","event":"metadata_change_recorded","sourceDomain":"identityaccess","entityType":"user-scope-grant","entityId":"81a0c0c2-83a2-48ee-82e7-ccb9e0785206","action":"GRANT","actorId":"disclosure-fixture"}
{"@timestamp":"2026-09-05T04:02:27.788827Z","log":{"level":"INFO","logger":"com.mimococo.marketops.adminobservability.internal.audit.JdbcMetadataAuditStore"},"process":{"pid":93467,"thread":{"name":"main"}},"service":{"name":"marketops-server","version":"0.1.0-SNAPSHOT","environment":"ci","node":{}},"message":"Metadata change recorded","ecs":{"version":"8.11"},"application":"marketops-server","environment":"ci","buildVersion":"0.1.0-SNAPSHOT","correlationId":"none","event":"metadata_change_recorded","sourceDomain":"identityaccess","entityType":"user-scope-grant","entityId":"03588b22-059e-4dc7-aad6-43d75d39f999","action":"GRANT","actorId":"disclosure-fixture"}
{"@timestamp":"2026-09-05T04:02:27.810314Z","log":{"level":"INFO","logger":"com.mimococo.marketops.adminobservability.internal.audit.JdbcMetadataAuditStore"},"process":{"pid":93467,"thread":{"name":"main"}},"service":{"name":"marketops-server","version":"0.1.0-SNAPSHOT","environment":"ci","node":{}},"message":"Metadata change recorded","ecs":{"version":"8.11"},"application":"marketops-server","environment":"ci","buildVersion":"0.1.0-SNAPSHOT","correlationId":"none","event":"metadata_change_recorded","sourceDomain":"identityaccess","entityType":"user-scope-grant","entityId":"03588b22-059e-4dc7-aad6-43d75d39f999","action":"REVOKE","actorId":"disclosure-fixture"}
{"@timestamp":"2026-09-05T04:02:27.965324Z","log":{"level":"INFO","logger":"com.mimococo.marketops.adminobservability.internal.audit.JdbcMetadataAuditStore"},"process":{"pid":93467,"thread":{"name":"main"}},"service":{"name":"marketops-server","version":"0.1.0-SNAPSHOT","environment":"ci","node":{}},"message":"Metadata change recorded","ecs":{"version":"8.11"},"application":"marketops-server","environment":"ci","buildVersion":"0.1.0-SNAPSHOT","correlationId":"none","event":"metadata_change_recorded","sourceDomain":"identityaccess","entityType":"user-role-assignment","entityId":"3f4c83ae-ef86-4820-8e07-9425ce11e9fe","action":"GRANT","actorId":"disclosure-fixture"}
{"@timestamp":"2026-09-05T04:02:27.967610Z","log":{"level":"INFO","logger":"com.mimococo.marketops.adminobservability.internal.audit.JdbcMetadataAuditStore"},"process":{"pid":93467,"thread":{"name":"main"}},"service":{"name":"marketops-server","version":"0.1.0-SNAPSHOT","environment":"ci","node":{}},"message":"Metadata change recorded","ecs":{"version":"8.11"},"application":"marketops-server","environment":"ci","buildVersion":"0.1.0-SNAPSHOT","correlationId":"none","event":"metadata_change_recorded","sourceDomain":"identityaccess","entityType":"user-role-assignment","entityId":"cb3b32bf-ec77-45d3-ae20-d3899600f2eb","action":"GRANT","actorId":"disclosure-fixture"}
{"@timestamp":"2026-09-05T04:02:27.970060Z","log":{"level":"INFO","logger":"com.mimococo.marketops.adminobservability.internal.audit.JdbcMetadataAuditStore"},"process":{"pid":93467,"thread":{"name":"main"}},"service":{"name":"marketops-server","version":"0.1.0-SNAPSHOT","environment":"ci","node":{}},"message":"Metadata change recorded","ecs":{"version":"8.11"},"application":"marketops-server","environment":"ci","buildVersion":"0.1.0-SNAPSHOT","correlationId":"none","event":"metadata_change_recorded","sourceDomain":"identityaccess","entityType":"user-scope-grant","entityId":"de5157ce-c9f6-46b0-8c12-691a3edd49f4","action":"GRANT","actorId":"disclosure-fixture"}
{"@timestamp":"2026-09-05T04:02:27.973668Z","log":{"level":"INFO","logger":"com.mimococo.marketops.adminobservability.internal.audit.JdbcMetadataAuditStore"},"process":{"pid":93467,"thread":{"name":"main"}},"service":{"name":"marketops-server","version":"0.1.0-SNAPSHOT","environment":"ci","node":{}},"message":"Metadata change recorded","ecs":{"version":"8.11"},"application":"marketops-server","environment":"ci","buildVersion":"0.1.0-SNAPSHOT","correlationId":"none","event":"metadata_change_recorded","sourceDomain":"identityaccess","entityType":"user-scope-grant","entityId":"5480a7ba-e470-48fa-98e1-947951568371","action":"GRANT","actorId":"disclosure-fixture"}
{"@timestamp":"2026-09-05T04:02:28.146070Z","log":{"level":"INFO","logger":"com.mimococo.marketops.adminobservability.internal.audit.JdbcMetadataAuditStore"},"process":{"pid":93467,"thread":{"name":"main"}},"service":{"name":"marketops-server","version":"0.1.0-SNAPSHOT","environment":"ci","node":{}},"message":"Metadata change recorded","ecs":{"version":"8.11"},"application":"marketops-server","environment":"ci","buildVersion":"0.1.0-SNAPSHOT","correlationId":"none","event":"metadata_change_recorded","sourceDomain":"identityaccess","entityType":"user-scope-grant","entityId":"86b45787-5261-409f-8691-ac192573bad0","action":"GRANT","actorId":"disclosure-fixture"}
{"@timestamp":"2026-09-05T04:02:28.148159Z","log":{"level":"INFO","logger":"com.mimococo.marketops.adminobservability.internal.audit.JdbcMetadataAuditStore"},"process":{"pid":93467,"thread":{"name":"main"}},"service":{"name":"marketops-server","version":"0.1.0-SNAPSHOT","environment":"ci","node":{}},"message":"Metadata change recorded","ecs":{"version":"8.11"},"application":"marketops-server","environment":"ci","buildVersion":"0.1.0-SNAPSHOT","correlationId":"none","event":"metadata_change_recorded","sourceDomain":"identityaccess","entityType":"user-role-assignment","entityId":"090b6e9d-5d3e-4605-8475-73be1eb0ca17","action":"GRANT","actorId":"disclosure-fixture"}
{"@timestamp":"2026-09-05T04:02:28.150460Z","log":{"level":"INFO","logger":"com.mimococo.marketops.adminobservability.internal.audit.JdbcMetadataAuditStore"},"process":{"pid":93467,"thread":{"name":"main"}},"service":{"name":"marketops-server","version":"0.1.0-SNAPSHOT","environment":"ci","node":{}},"message":"Metadata change recorded","ecs":{"version":"8.11"},"application":"marketops-server","environment":"ci","buildVersion":"0.1.0-SNAPSHOT","correlationId":"none","event":"metadata_change_recorded","sourceDomain":"identityaccess","entityType":"user-scope-grant","entityId":"ae0b73cd-a7c4-43db-9be9-923e1e133922","action":"GRANT","actorId":"disclosure-fixture"}
{"@timestamp":"2026-09-05T04:02:28.152815Z","log":{"level":"INFO","logger":"com.mimococo.marketops.adminobservability.internal.audit.JdbcMetadataAuditStore"},"process":{"pid":93467,"thread":{"name":"main"}},"service":{"name":"marketops-server","version":"0.1.0-SNAPSHOT","environment":"ci","node":{}},"message":"Metadata change recorded","ecs":{"version":"8.11"},"application":"marketops-server","environment":"ci","buildVersion":"0.1.0-SNAPSHOT","correlationId":"none","event":"metadata_change_recorded","sourceDomain":"identityaccess","entityType":"user-scope-grant","entityId":"a9ae8a56-f91d-4f49-9c7e-e9e9aafd31f2","action":"GRANT","actorId":"disclosure-fixture"}
[INFO] Tests run: 7, Failures: 0, Errors: 0, Skipped: 0, Time elapsed: 8.602 s -- in com.mimococo.marketops.AdvertisingDisclosureIT
[INFO] Running com.mimococo.marketops.AdvertisingSealedAuthorityIT
[INFO] Tests run: 15, Failures: 0, Errors: 0, Skipped: 0, Time elapsed: 8.370 s -- in com.mimococo.marketops.AdvertisingSealedAuthorityIT
[INFO] Running com.mimococo.marketops.AdvertisingHumanWorkflowIT
{"@timestamp":"2026-09-05T04:02:38.396290Z","log":{"level":"INFO","logger":"com.mimococo.marketops.AdvertisingHumanWorkflowIT"},"process":{"pid":93467,"thread":{"name":"main"}},"service":{"name":"marketops-server","version":"0.1.0-SNAPSHOT","environment":"ci","node":{}},"message":"Starting AdvertisingHumanWorkflowIT v0.1.0-SNAPSHOT using Java 21.0.10 with PID 93467 (started by chzhengx in /Users/chzhengx/Code/personal/marketops-platform/backend/marketops-server)","ecs":{"version":"8.11"},"application":"marketops-server","environment":"ci","buildVersion":"0.1.0-SNAPSHOT","correlationId":"none"}
{"@timestamp":"2026-09-05T04:02:38.397040Z","log":{"level":"INFO","logger":"com.mimococo.marketops.AdvertisingHumanWorkflowIT"},"process":{"pid":93467,"thread":{"name":"main"}},"service":{"name":"marketops-server","version":"0.1.0-SNAPSHOT","environment":"ci","node":{}},"message":"The following 1 profile is active: \"ci\"","ecs":{"version":"8.11"},"application":"marketops-server","environment":"ci","buildVersion":"0.1.0-SNAPSHOT","correlationId":"none"}
{"@timestamp":"2026-09-05T04:02:41.841407Z","log":{"level":"INFO","logger":"com.mimococo.marketops.AdvertisingHumanWorkflowIT"},"process":{"pid":93467,"thread":{"name":"main"}},"service":{"name":"marketops-server","version":"0.1.0-SNAPSHOT","environment":"ci","node":{}},"message":"Started AdvertisingHumanWorkflowIT in 3.484 seconds (process running for 38.226)","ecs":{"version":"8.11"},"application":"marketops-server","environment":"ci","buildVersion":"0.1.0-SNAPSHOT","correlationId":"none"}
{"@timestamp":"2026-09-05T04:02:43.054746Z","log":{"level":"INFO","logger":"com.mimococo.marketops.adminobservability.internal.audit.JdbcMetadataAuditStore"},"process":{"pid":93467,"thread":{"name":"main"}},"service":{"name":"marketops-server","version":"0.1.0-SNAPSHOT","environment":"ci","node":{}},"message":"Metadata change recorded","ecs":{"version":"8.11"},"application":"marketops-server","environment":"ci","buildVersion":"0.1.0-SNAPSHOT","correlationId":"none","event":"metadata_change_recorded","sourceDomain":"operationsworkflow","entityType":"recommendation","entityId":"b5711f7e-b52c-4d01-bc72-d0cf175f2d62","action":"STATUS_CHANGE","actorId":"74f89652-6f51-495f-8b3d-8b1a1d8e2f42"}
{"@timestamp":"2026-09-05T04:02:43.138370Z","log":{"level":"INFO","logger":"com.mimococo.marketops.adminobservability.internal.audit.JdbcMetadataAuditStore"},"process":{"pid":93467,"thread":{"name":"main"}},"service":{"name":"marketops-server","version":"0.1.0-SNAPSHOT","environment":"ci","node":{}},"message":"Metadata change recorded","ecs":{"version":"8.11"},"application":"marketops-server","environment":"ci","buildVersion":"0.1.0-SNAPSHOT","correlationId":"none","event":"metadata_change_recorded","sourceDomain":"operationsworkflow","entityType":"recommendation","entityId":"b5711f7e-b52c-4d01-bc72-d0cf175f2d62","action":"STATUS_CHANGE","actorId":"b5678e7e-747c-416e-a8f9-ee8a5bab0580"}
{"@timestamp":"2026-09-05T04:02:43.606994Z","log":{"level":"INFO","logger":"com.mimococo.marketops.adminobservability.internal.audit.JdbcMetadataAuditStore"},"process":{"pid":93467,"thread":{"name":"main"}},"service":{"name":"marketops-server","version":"0.1.0-SNAPSHOT","environment":"ci","node":{}},"message":"Metadata change recorded","ecs":{"version":"8.11"},"application":"marketops-server","environment":"ci","buildVersion":"0.1.0-SNAPSHOT","correlationId":"none","event":"metadata_change_recorded","sourceDomain":"operationsworkflow","entityType":"recommendation","entityId":"438405db-1641-4928-8643-9e8d62b51acc","action":"STATUS_CHANGE","actorId":"7f45fd05-e464-47c5-9f33-65f86f456f29"}
{"@timestamp":"2026-09-05T04:02:43.660522Z","log":{"level":"INFO","logger":"com.mimococo.marketops.adminobservability.internal.audit.JdbcMetadataAuditStore"},"process":{"pid":93467,"thread":{"name":"main"}},"service":{"name":"marketops-server","version":"0.1.0-SNAPSHOT","environment":"ci","node":{}},"message":"Metadata change recorded","ecs":{"version":"8.11"},"application":"marketops-server","environment":"ci","buildVersion":"0.1.0-SNAPSHOT","correlationId":"none","event":"metadata_change_recorded","sourceDomain":"operationsworkflow","entityType":"recommendation","entityId":"438405db-1641-4928-8643-9e8d62b51acc","action":"STATUS_CHANGE","actorId":"afdb1150-0129-4d86-93dd-5b7e20c1db1a"}
{"@timestamp":"2026-09-05T04:02:44.660587Z","log":{"level":"INFO","logger":"com.mimococo.marketops.adminobservability.internal.audit.JdbcMetadataAuditStore"},"process":{"pid":93467,"thread":{"name":"main"}},"service":{"name":"marketops-server","version":"0.1.0-SNAPSHOT","environment":"ci","node":{}},"message":"Metadata change recorded","ecs":{"version":"8.11"},"application":"marketops-server","environment":"ci","buildVersion":"0.1.0-SNAPSHOT","correlationId":"none","event":"metadata_change_recorded","sourceDomain":"operationsworkflow","entityType":"recommendation","entityId":"de41b64b-a7bf-4f10-af67-d7f4f59de870","action":"STATUS_CHANGE","actorId":"76e7af5b-1d6c-47dc-b4b4-b9855cde8a7c"}
{"@timestamp":"2026-09-05T04:02:44.745426Z","log":{"level":"INFO","logger":"com.mimococo.marketops.adminobservability.internal.audit.JdbcMetadataAuditStore"},"process":{"pid":93467,"thread":{"name":"main"}},"service":{"name":"marketops-server","version":"0.1.0-SNAPSHOT","environment":"ci","node":{}},"message":"Metadata change recorded","ecs":{"version":"8.11"},"application":"marketops-server","environment":"ci","buildVersion":"0.1.0-SNAPSHOT","correlationId":"none","event":"metadata_change_recorded","sourceDomain":"operationsworkflow","entityType":"recommendation","entityId":"de41b64b-a7bf-4f10-af67-d7f4f59de870","action":"STATUS_CHANGE","actorId":"4ec7ba3f-4fd5-45a4-bab5-9b380c09c85e"}
{"@timestamp":"2026-09-05T04:02:44.854911Z","log":{"level":"INFO","logger":"com.mimococo.marketops.adminobservability.internal.audit.JdbcMetadataAuditStore"},"process":{"pid":93467,"thread":{"name":"main"}},"service":{"name":"marketops-server","version":"0.1.0-SNAPSHOT","environment":"ci","node":{}},"message":"Metadata change recorded","ecs":{"version":"8.11"},"application":"marketops-server","environment":"ci","buildVersion":"0.1.0-SNAPSHOT","correlationId":"none","event":"metadata_change_recorded","sourceDomain":"operationsworkflow","entityType":"approval-decision","entityId":"b9006eaf-25bb-430c-b30c-bbd315926e00","action":"APPROVAL_DECISION","actorId":"eb6fdb97-ff67-4761-88ea-54a4fcc6862f"}
{"@timestamp":"2026-09-05T04:02:44.856950Z","log":{"level":"INFO","logger":"com.mimococo.marketops.adminobservability.internal.audit.JdbcMetadataAuditStore"},"process":{"pid":93467,"thread":{"name":"main"}},"service":{"name":"marketops-server","version":"0.1.0-SNAPSHOT","environment":"ci","node":{}},"message":"Metadata change recorded","ecs":{"version":"8.11"},"application":"marketops-server","environment":"ci","buildVersion":"0.1.0-SNAPSHOT","correlationId":"none","event":"metadata_change_recorded","sourceDomain":"operationsworkflow","entityType":"recommendation","entityId":"de41b64b-a7bf-4f10-af67-d7f4f59de870","action":"STATUS_CHANGE","actorId":"eb6fdb97-ff67-4761-88ea-54a4fcc6862f"}
{"@timestamp":"2026-09-05T04:02:44.948927Z","log":{"level":"INFO","logger":"com.mimococo.marketops.adminobservability.internal.audit.JdbcMetadataAuditStore"},"process":{"pid":93467,"thread":{"name":"main"}},"service":{"name":"marketops-server","version":"0.1.0-SNAPSHOT","environment":"ci","node":{}},"message":"Metadata change recorded","ecs":{"version":"8.11"},"application":"marketops-server","environment":"ci","buildVersion":"0.1.0-SNAPSHOT","correlationId":"none","event":"metadata_change_recorded","sourceDomain":"operationsworkflow","entityType":"recommendation","entityId":"de41b64b-a7bf-4f10-af67-d7f4f59de870","action":"STATUS_CHANGE","actorId":"eb6fdb97-ff67-4761-88ea-54a4fcc6862f"}
{"@timestamp":"2026-09-05T04:02:44.949658Z","log":{"level":"INFO","logger":"com.mimococo.marketops.adminobservability.internal.audit.JdbcMetadataAuditStore"},"process":{"pid":93467,"thread":{"name":"main"}},"service":{"name":"marketops-server","version":"0.1.0-SNAPSHOT","environment":"ci","node":{}},"message":"Metadata change recorded","ecs":{"version":"8.11"},"application":"marketops-server","environment":"ci","buildVersion":"0.1.0-SNAPSHOT","correlationId":"none","event":"metadata_change_recorded","sourceDomain":"operationsworkflow","entityType":"recommendation","entityId":"de41b64b-a7bf-4f10-af67-d7f4f59de870","action":"COMMAND_TRANSITION","actorId":"eb6fdb97-ff67-4761-88ea-54a4fcc6862f"}
{"@timestamp":"2026-09-05T04:02:45.616595Z","log":{"level":"INFO","logger":"com.mimococo.marketops.adminobservability.internal.audit.JdbcMetadataAuditStore"},"process":{"pid":93467,"thread":{"name":"main"}},"service":{"name":"marketops-server","version":"0.1.0-SNAPSHOT","environment":"ci","node":{}},"message":"Metadata change recorded","ecs":{"version":"8.11"},"application":"marketops-server","environment":"ci","buildVersion":"0.1.0-SNAPSHOT","correlationId":"none","event":"metadata_change_recorded","sourceDomain":"operationsworkflow","entityType":"recommendation","entityId":"78d435a7-df2a-4363-8daf-c2ec6ec4cb04","action":"STATUS_CHANGE","actorId":"7d852db6-3f6a-480f-b0f1-99b62ba96f13"}
{"@timestamp":"2026-09-05T04:02:45.660761Z","log":{"level":"INFO","logger":"com.mimococo.marketops.adminobservability.internal.audit.JdbcMetadataAuditStore"},"process":{"pid":93467,"thread":{"name":"main"}},"service":{"name":"marketops-server","version":"0.1.0-SNAPSHOT","environment":"ci","node":{}},"message":"Metadata change recorded","ecs":{"version":"8.11"},"application":"marketops-server","environment":"ci","buildVersion":"0.1.0-SNAPSHOT","correlationId":"none","event":"metadata_change_recorded","sourceDomain":"operationsworkflow","entityType":"recommendation","entityId":"78d435a7-df2a-4363-8daf-c2ec6ec4cb04","action":"STATUS_CHANGE","actorId":"97b1707b-ff51-4a16-bc4d-5317a4070082"}
{"@timestamp":"2026-09-05T04:02:46.072542Z","log":{"level":"INFO","logger":"com.mimococo.marketops.adminobservability.internal.audit.JdbcMetadataAuditStore"},"process":{"pid":93467,"thread":{"name":"main"}},"service":{"name":"marketops-server","version":"0.1.0-SNAPSHOT","environment":"ci","node":{}},"message":"Metadata change recorded","ecs":{"version":"8.11"},"application":"marketops-server","environment":"ci","buildVersion":"0.1.0-SNAPSHOT","correlationId":"none","event":"metadata_change_recorded","sourceDomain":"operationsworkflow","entityType":"recommendation","entityId":"f1fee114-9d42-48ce-894e-692a505b4532","action":"STATUS_CHANGE","actorId":"e2a9a1be-f44f-48c8-a8bd-7a39a83262d6"}
{"@timestamp":"2026-09-05T04:02:47.363816Z","log":{"level":"INFO","logger":"com.mimococo.marketops.adminobservability.internal.audit.JdbcMetadataAuditStore"},"process":{"pid":93467,"thread":{"name":"main"}},"service":{"name":"marketops-server","version":"0.1.0-SNAPSHOT","environment":"ci","node":{}},"message":"Metadata change recorded","ecs":{"version":"8.11"},"application":"marketops-server","environment":"ci","buildVersion":"0.1.0-SNAPSHOT","correlationId":"none","event":"metadata_change_recorded","sourceDomain":"operationsworkflow","entityType":"recommendation","entityId":"68f96b59-5681-4760-ad89-a92f36d7cc70","action":"STATUS_CHANGE","actorId":"267aa163-0197-4369-8b1b-e4e4e759c15e"}
{"@timestamp":"2026-09-05T04:02:47.414582Z","log":{"level":"INFO","logger":"com.mimococo.marketops.adminobservability.internal.audit.JdbcMetadataAuditStore"},"process":{"pid":93467,"thread":{"name":"main"}},"service":{"name":"marketops-server","version":"0.1.0-SNAPSHOT","environment":"ci","node":{}},"message":"Metadata change recorded","ecs":{"version":"8.11"},"application":"marketops-server","environment":"ci","buildVersion":"0.1.0-SNAPSHOT","correlationId":"none","event":"metadata_change_recorded","sourceDomain":"operationsworkflow","entityType":"recommendation","entityId":"68f96b59-5681-4760-ad89-a92f36d7cc70","action":"STATUS_CHANGE","actorId":"2317f9da-c33c-45ec-8b39-ba22ef8e605b"}
{"@timestamp":"2026-09-05T04:02:47.482979Z","log":{"level":"INFO","logger":"com.mimococo.marketops.adminobservability.internal.audit.JdbcMetadataAuditStore"},"process":{"pid":93467,"thread":{"name":"main"}},"service":{"name":"marketops-server","version":"0.1.0-SNAPSHOT","environment":"ci","node":{}},"message":"Metadata change recorded","ecs":{"version":"8.11"},"application":"marketops-server","environment":"ci","buildVersion":"0.1.0-SNAPSHOT","correlationId":"none","event":"metadata_change_recorded","sourceDomain":"operationsworkflow","entityType":"approval-decision","entityId":"39191403-7b83-429c-9591-01a162353f34","action":"APPROVAL_DECISION","actorId":"9b27d82b-9365-462d-82f1-47925070c456"}
{"@timestamp":"2026-09-05T04:02:47.485463Z","log":{"level":"INFO","logger":"com.mimococo.marketops.adminobservability.internal.audit.JdbcMetadataAuditStore"},"process":{"pid":93467,"thread":{"name":"main"}},"service":{"name":"marketops-server","version":"0.1.0-SNAPSHOT","environment":"ci","node":{}},"message":"Metadata change recorded","ecs":{"version":"8.11"},"application":"marketops-server","environment":"ci","buildVersion":"0.1.0-SNAPSHOT","correlationId":"none","event":"metadata_change_recorded","sourceDomain":"operationsworkflow","entityType":"recommendation","entityId":"68f96b59-5681-4760-ad89-a92f36d7cc70","action":"STATUS_CHANGE","actorId":"9b27d82b-9365-462d-82f1-47925070c456"}
{"@timestamp":"2026-09-05T04:02:53.026713Z","log":{"level":"INFO","logger":"com.mimococo.marketops.adminobservability.internal.audit.JdbcMetadataAuditStore"},"process":{"pid":93467,"thread":{"name":"main"}},"service":{"name":"marketops-server","version":"0.1.0-SNAPSHOT","environment":"ci","node":{}},"message":"Metadata change recorded","ecs":{"version":"8.11"},"application":"marketops-server","environment":"ci","buildVersion":"0.1.0-SNAPSHOT","correlationId":"none","event":"metadata_change_recorded","sourceDomain":"operationsworkflow","entityType":"recommendation","entityId":"d902dc02-5223-4116-bb7c-baf201610725","action":"STATUS_CHANGE","actorId":"88d9e915-237a-49a2-a7a6-530576575489"}
{"@timestamp":"2026-09-05T04:02:53.126215Z","log":{"level":"INFO","logger":"com.mimococo.marketops.adminobservability.internal.audit.JdbcMetadataAuditStore"},"process":{"pid":93467,"thread":{"name":"main"}},"service":{"name":"marketops-server","version":"0.1.0-SNAPSHOT","environment":"ci","node":{}},"message":"Metadata change recorded","ecs":{"version":"8.11"},"application":"marketops-server","environment":"ci","buildVersion":"0.1.0-SNAPSHOT","correlationId":"none","event":"metadata_change_recorded","sourceDomain":"operationsworkflow","entityType":"recommendation","entityId":"d902dc02-5223-4116-bb7c-baf201610725","action":"STATUS_CHANGE","actorId":"c282276b-1591-4cbc-aa27-b6c84bd9c349"}
{"@timestamp":"2026-09-05T04:02:53.542162Z","log":{"level":"INFO","logger":"com.mimococo.marketops.adminobservability.internal.audit.JdbcMetadataAuditStore"},"process":{"pid":93467,"thread":{"name":"main"}},"service":{"name":"marketops-server","version":"0.1.0-SNAPSHOT","environment":"ci","node":{}},"message":"Metadata change recorded","ecs":{"version":"8.11"},"application":"marketops-server","environment":"ci","buildVersion":"0.1.0-SNAPSHOT","correlationId":"none","event":"metadata_change_recorded","sourceDomain":"operationsworkflow","entityType":"recommendation","entityId":"369aa44c-5a07-4219-b24b-d5e4ee00b1fe","action":"STATUS_CHANGE","actorId":"cb8d1764-a9bc-4d58-9586-c88b4058f785"}
{"@timestamp":"2026-09-05T04:02:53.596846Z","log":{"level":"INFO","logger":"com.mimococo.marketops.adminobservability.internal.audit.JdbcMetadataAuditStore"},"process":{"pid":93467,"thread":{"name":"main"}},"service":{"name":"marketops-server","version":"0.1.0-SNAPSHOT","environment":"ci","node":{}},"message":"Metadata change recorded","ecs":{"version":"8.11"},"application":"marketops-server","environment":"ci","buildVersion":"0.1.0-SNAPSHOT","correlationId":"none","event":"metadata_change_recorded","sourceDomain":"operationsworkflow","entityType":"recommendation","entityId":"369aa44c-5a07-4219-b24b-d5e4ee00b1fe","action":"STATUS_CHANGE","actorId":"4074c3c1-74ae-4279-84ce-8db93eed1d53"}
{"@timestamp":"2026-09-05T04:02:53.651440Z","log":{"level":"INFO","logger":"com.mimococo.marketops.adminobservability.internal.audit.JdbcMetadataAuditStore"},"process":{"pid":93467,"thread":{"name":"main"}},"service":{"name":"marketops-server","version":"0.1.0-SNAPSHOT","environment":"ci","node":{}},"message":"Metadata change recorded","ecs":{"version":"8.11"},"application":"marketops-server","environment":"ci","buildVersion":"0.1.0-SNAPSHOT","correlationId":"none","event":"metadata_change_recorded","sourceDomain":"operationsworkflow","entityType":"approval-decision","entityId":"e934fa8b-2a1f-4b86-9f77-d5cbcc597083","action":"APPROVAL_DECISION","actorId":"5b19f57e-30ab-4df1-aeff-47b844dbe29a"}
{"@timestamp":"2026-09-05T04:02:53.653555Z","log":{"level":"INFO","logger":"com.mimococo.marketops.adminobservability.internal.audit.JdbcMetadataAuditStore"},"process":{"pid":93467,"thread":{"name":"main"}},"service":{"name":"marketops-server","version":"0.1.0-SNAPSHOT","environment":"ci","node":{}},"message":"Metadata change recorded","ecs":{"version":"8.11"},"application":"marketops-server","environment":"ci","buildVersion":"0.1.0-SNAPSHOT","correlationId":"none","event":"metadata_change_recorded","sourceDomain":"operationsworkflow","entityType":"recommendation","entityId":"369aa44c-5a07-4219-b24b-d5e4ee00b1fe","action":"STATUS_CHANGE","actorId":"5b19f57e-30ab-4df1-aeff-47b844dbe29a"}
{"@timestamp":"2026-09-05T04:02:55.460511Z","log":{"level":"INFO","logger":"com.mimococo.marketops.adminobservability.internal.audit.JdbcMetadataAuditStore"},"process":{"pid":93467,"thread":{"name":"main"}},"service":{"name":"marketops-server","version":"0.1.0-SNAPSHOT","environment":"ci","node":{}},"message":"Metadata change recorded","ecs":{"version":"8.11"},"application":"marketops-server","environment":"ci","buildVersion":"0.1.0-SNAPSHOT","correlationId":"none","event":"metadata_change_recorded","sourceDomain":"operationsworkflow","entityType":"recommendation","entityId":"d9e04a4d-f256-4ea4-a377-b817705fdcbc","action":"CREATE","actorId":"finite-choice-runtime"}
{"@timestamp":"2026-09-05T04:02:55.465876Z","log":{"level":"INFO","logger":"com.mimococo.marketops.adminobservability.internal.audit.JdbcMetadataAuditStore"},"process":{"pid":93467,"thread":{"name":"main"}},"service":{"name":"marketops-server","version":"0.1.0-SNAPSHOT","environment":"ci","node":{}},"message":"Metadata change recorded","ecs":{"version":"8.11"},"application":"marketops-server","environment":"ci","buildVersion":"0.1.0-SNAPSHOT","correlationId":"none","event":"metadata_change_recorded","sourceDomain":"operationsworkflow","entityType":"recommendation","entityId":"50e188eb-6702-4af2-ba0a-de8cbf2a9997","action":"CREATE","actorId":"finite-choice-runtime"}
{"@timestamp":"2026-09-05T04:02:55.470033Z","log":{"level":"INFO","logger":"com.mimococo.marketops.adminobservability.internal.audit.JdbcMetadataAuditStore"},"process":{"pid":93467,"thread":{"name":"main"}},"service":{"name":"marketops-server","version":"0.1.0-SNAPSHOT","environment":"ci","node":{}},"message":"Metadata change recorded","ecs":{"version":"8.11"},"application":"marketops-server","environment":"ci","buildVersion":"0.1.0-SNAPSHOT","correlationId":"none","event":"metadata_change_recorded","sourceDomain":"operationsworkflow","entityType":"recommendation","entityId":"31bebb2d-d33d-4bc5-925f-4ba673c62cd5","action":"CREATE","actorId":"finite-choice-runtime"}
[INFO] Tests run: 16, Failures: 0, Errors: 0, Skipped: 0, Time elapsed: 18.95 s -- in com.mimococo.marketops.AdvertisingHumanWorkflowIT
[INFO] Running com.mimococo.marketops.advertisingefficiency.internal.application.AdvertisingVerticalPathIT
{"@timestamp":"2026-09-05T04:02:56.988616Z","log":{"level":"INFO","logger":"com.mimococo.marketops.advertisingefficiency.internal.application.AdvertisingVerticalPathIT"},"process":{"pid":93467,"thread":{"name":"main"}},"service":{"name":"marketops-server","version":"0.1.0-SNAPSHOT","environment":"ci","node":{}},"message":"Starting AdvertisingVerticalPathIT v0.1.0-SNAPSHOT using Java 21.0.10 with PID 93467 (started by chzhengx in /Users/chzhengx/Code/personal/marketops-platform/backend/marketops-server)","ecs":{"version":"8.11"},"application":"marketops-server","environment":"ci","buildVersion":"0.1.0-SNAPSHOT","correlationId":"none"}
{"@timestamp":"2026-09-05T04:02:56.989726Z","log":{"level":"INFO","logger":"com.mimococo.marketops.advertisingefficiency.internal.application.AdvertisingVerticalPathIT"},"process":{"pid":93467,"thread":{"name":"main"}},"service":{"name":"marketops-server","version":"0.1.0-SNAPSHOT","environment":"ci","node":{}},"message":"The following 1 profile is active: \"ci\"","ecs":{"version":"8.11"},"application":"marketops-server","environment":"ci","buildVersion":"0.1.0-SNAPSHOT","correlationId":"none"}
{"@timestamp":"2026-09-05T04:03:00.099153Z","log":{"level":"INFO","logger":"com.mimococo.marketops.advertisingefficiency.internal.application.AdvertisingVerticalPathIT"},"process":{"pid":93467,"thread":{"name":"main"}},"service":{"name":"marketops-server","version":"0.1.0-SNAPSHOT","environment":"ci","node":{}},"message":"Started AdvertisingVerticalPathIT in 3.147 seconds (process running for 56.483)","ecs":{"version":"8.11"},"application":"marketops-server","environment":"ci","buildVersion":"0.1.0-SNAPSHOT","correlationId":"none"}
{"@timestamp":"2026-09-05T04:03:01.027427Z","log":{"level":"INFO","logger":"com.mimococo.marketops.analyticsdecision.internal.application.AnalyticsCalculationService"},"process":{"pid":93467,"thread":{"name":"main"}},"service":{"name":"marketops-server","version":"0.1.0-SNAPSHOT","environment":"ci","node":{}},"message":"An analytics run completed","ecs":{"version":"8.11"},"application":"marketops-server","environment":"ci","buildVersion":"0.1.0-SNAPSHOT","correlationId":"none","event":"analytics_run_completed","storeId":"d010a2cc-f04a-4bea-a18d-64bc6997adeb","window":"D30","subjectCount":1,"valueCount":33,"findingCount":9}
{"@timestamp":"2026-09-05T04:03:01.377451Z","log":{"level":"INFO","logger":"com.mimococo.marketops.adminobservability.internal.audit.JdbcMetadataAuditStore"},"process":{"pid":93467,"thread":{"name":"main"}},"service":{"name":"marketops-server","version":"0.1.0-SNAPSHOT","environment":"ci","node":{}},"message":"Metadata change recorded","ecs":{"version":"8.11"},"application":"marketops-server","environment":"ci","buildVersion":"0.1.0-SNAPSHOT","correlationId":"none","event":"metadata_change_recorded","sourceDomain":"operationsworkflow","entityType":"recommendation","entityId":"740994f7-3648-4aea-aeba-654e798e1714","action":"CREATE","actorId":"advertising-calculation"}
{"@timestamp":"2026-09-05T04:03:01.676279Z","log":{"level":"INFO","logger":"com.mimococo.marketops.adminobservability.internal.audit.JdbcMetadataAuditStore"},"process":{"pid":93467,"thread":{"name":"main"}},"service":{"name":"marketops-server","version":"0.1.0-SNAPSHOT","environment":"ci","node":{}},"message":"Metadata change recorded","ecs":{"version":"8.11"},"application":"marketops-server","environment":"ci","buildVersion":"0.1.0-SNAPSHOT","correlationId":"none","event":"metadata_change_recorded","sourceDomain":"operationsworkflow","entityType":"recommendation","entityId":"740994f7-3648-4aea-aeba-654e798e1714","action":"STATUS_CHANGE","actorId":"90168dcf-c874-4456-9ce8-ec0c4f2e8d44"}
{"@timestamp":"2026-09-05T04:03:01.744067Z","log":{"level":"INFO","logger":"com.mimococo.marketops.adminobservability.internal.audit.JdbcMetadataAuditStore"},"process":{"pid":93467,"thread":{"name":"main"}},"service":{"name":"marketops-server","version":"0.1.0-SNAPSHOT","environment":"ci","node":{}},"message":"Metadata change recorded","ecs":{"version":"8.11"},"application":"marketops-server","environment":"ci","buildVersion":"0.1.0-SNAPSHOT","correlationId":"none","event":"metadata_change_recorded","sourceDomain":"operationsworkflow","entityType":"recommendation","entityId":"740994f7-3648-4aea-aeba-654e798e1714","action":"STATUS_CHANGE","actorId":"0d40d164-0494-427a-9c63-dd2ce2e88928"}
{"@timestamp":"2026-09-05T04:03:01.864134Z","log":{"level":"INFO","logger":"com.mimococo.marketops.adminobservability.internal.audit.JdbcMetadataAuditStore"},"process":{"pid":93467,"thread":{"name":"main"}},"service":{"name":"marketops-server","version":"0.1.0-SNAPSHOT","environment":"ci","node":{}},"message":"Metadata change recorded","ecs":{"version":"8.11"},"application":"marketops-server","environment":"ci","buildVersion":"0.1.0-SNAPSHOT","correlationId":"none","event":"metadata_change_recorded","sourceDomain":"operationsworkflow","entityType":"approval-decision","entityId":"8db47f1b-44b3-4a91-b189-6e1bec905a36","action":"APPROVAL_DECISION","actorId":"5cc7cba5-d396-4724-be02-4fbcf8c2e01f"}
{"@timestamp":"2026-09-05T04:03:01.866680Z","log":{"level":"INFO","logger":"com.mimococo.marketops.adminobservability.internal.audit.JdbcMetadataAuditStore"},"process":{"pid":93467,"thread":{"name":"main"}},"service":{"name":"marketops-server","version":"0.1.0-SNAPSHOT","environment":"ci","node":{}},"message":"Metadata change recorded","ecs":{"version":"8.11"},"application":"marketops-server","environment":"ci","buildVersion":"0.1.0-SNAPSHOT","correlationId":"none","event":"metadata_change_recorded","sourceDomain":"operationsworkflow","entityType":"recommendation","entityId":"740994f7-3648-4aea-aeba-654e798e1714","action":"STATUS_CHANGE","actorId":"5cc7cba5-d396-4724-be02-4fbcf8c2e01f"}
{"@timestamp":"2026-09-05T04:03:01.963966Z","log":{"level":"INFO","logger":"com.mimococo.marketops.adminobservability.internal.audit.JdbcMetadataAuditStore"},"process":{"pid":93467,"thread":{"name":"main"}},"service":{"name":"marketops-server","version":"0.1.0-SNAPSHOT","environment":"ci","node":{}},"message":"Metadata change recorded","ecs":{"version":"8.11"},"application":"marketops-server","environment":"ci","buildVersion":"0.1.0-SNAPSHOT","correlationId":"none","event":"metadata_change_recorded","sourceDomain":"operationsworkflow","entityType":"recommendation","entityId":"740994f7-3648-4aea-aeba-654e798e1714","action":"STATUS_CHANGE","actorId":"5cc7cba5-d396-4724-be02-4fbcf8c2e01f"}
{"@timestamp":"2026-09-05T04:03:01.964728Z","log":{"level":"INFO","logger":"com.mimococo.marketops.adminobservability.internal.audit.JdbcMetadataAuditStore"},"process":{"pid":93467,"thread":{"name":"main"}},"service":{"name":"marketops-server","version":"0.1.0-SNAPSHOT","environment":"ci","node":{}},"message":"Metadata change recorded","ecs":{"version":"8.11"},"application":"marketops-server","environment":"ci","buildVersion":"0.1.0-SNAPSHOT","correlationId":"none","event":"metadata_change_recorded","sourceDomain":"operationsworkflow","entityType":"recommendation","entityId":"740994f7-3648-4aea-aeba-654e798e1714","action":"COMMAND_TRANSITION","actorId":"5cc7cba5-d396-4724-be02-4fbcf8c2e01f"}
{"@timestamp":"2026-09-05T04:03:02.546778Z","log":{"level":"INFO","logger":"com.mimococo.marketops.analyticsdecision.internal.application.AnalyticsCalculationService"},"process":{"pid":93467,"thread":{"name":"main"}},"service":{"name":"marketops-server","version":"0.1.0-SNAPSHOT","environment":"ci","node":{}},"message":"An analytics run completed","ecs":{"version":"8.11"},"application":"marketops-server","environment":"ci","buildVersion":"0.1.0-SNAPSHOT","correlationId":"none","event":"analytics_run_completed","storeId":"d010a2cc-f04a-4bea-a18d-64bc6997adeb","window":"D30","subjectCount":1,"valueCount":33,"findingCount":9}
{"@timestamp":"2026-09-05T04:03:03.539523Z","log":{"level":"INFO","logger":"com.mimococo.marketops.analyticsdecision.internal.application.AnalyticsCalculationService"},"process":{"pid":93467,"thread":{"name":"main"}},"service":{"name":"marketops-server","version":"0.1.0-SNAPSHOT","environment":"ci","node":{}},"message":"An analytics run completed","ecs":{"version":"8.11"},"application":"marketops-server","environment":"ci","buildVersion":"0.1.0-SNAPSHOT","correlationId":"none","event":"analytics_run_completed","storeId":"d1bd0793-5976-4655-ac5f-9fb92677136e","window":"D30","subjectCount":1,"valueCount":33,"findingCount":9}
{"@timestamp":"2026-09-05T04:03:04.729235Z","log":{"level":"INFO","logger":"com.mimococo.marketops.analyticsdecision.internal.application.AnalyticsCalculationService"},"process":{"pid":93467,"thread":{"name":"main"}},"service":{"name":"marketops-server","version":"0.1.0-SNAPSHOT","environment":"ci","node":{}},"message":"An analytics run completed","ecs":{"version":"8.11"},"application":"marketops-server","environment":"ci","buildVersion":"0.1.0-SNAPSHOT","correlationId":"none","event":"analytics_run_completed","storeId":"138af51f-2774-42f1-bfae-1fb2b5d2c679","window":"D30","subjectCount":1,"valueCount":33,"findingCount":9}
{"@timestamp":"2026-09-05T04:03:04.978724Z","log":{"level":"INFO","logger":"com.mimococo.marketops.adminobservability.internal.audit.JdbcMetadataAuditStore"},"process":{"pid":93467,"thread":{"name":"pool-9-thread-2"}},"service":{"name":"marketops-server","version":"0.1.0-SNAPSHOT","environment":"ci","node":{}},"message":"Metadata change recorded","ecs":{"version":"8.11"},"application":"marketops-server","environment":"ci","buildVersion":"0.1.0-SNAPSHOT","correlationId":"none","event":"metadata_change_recorded","sourceDomain":"operationsworkflow","entityType":"recommendation","entityId":"3c282fa3-217c-4d15-951a-918d563aba25","action":"CREATE","actorId":"advertising-calculation"}
{"@timestamp":"2026-09-05T04:03:05.793245Z","log":{"level":"INFO","logger":"com.mimococo.marketops.analyticsdecision.internal.application.AnalyticsCalculationService"},"process":{"pid":93467,"thread":{"name":"main"}},"service":{"name":"marketops-server","version":"0.1.0-SNAPSHOT","environment":"ci","node":{}},"message":"An analytics run completed","ecs":{"version":"8.11"},"application":"marketops-server","environment":"ci","buildVersion":"0.1.0-SNAPSHOT","correlationId":"none","event":"analytics_run_completed","storeId":"5389d7ff-eac1-4074-9ed2-6717e4d7fc08","window":"D30","subjectCount":1,"valueCount":33,"findingCount":9}
[INFO] Tests run: 4, Failures: 0, Errors: 0, Skipped: 0, Time elapsed: 10.57 s -- in com.mimococo.marketops.advertisingefficiency.internal.application.AdvertisingVerticalPathIT
[INFO] Running com.mimococo.marketops.advertisingefficiency.internal.application.AdvertisingProjectionWriterTest
[INFO] Tests run: 17, Failures: 0, Errors: 0, Skipped: 0, Time elapsed: 0.307 s -- in com.mimococo.marketops.advertisingefficiency.internal.application.AdvertisingProjectionWriterTest
[INFO] Running com.mimococo.marketops.advertisingefficiency.internal.application.AdvertisingProposalServiceTest
[INFO] Tests run: 29, Failures: 0, Errors: 0, Skipped: 0, Time elapsed: 0.402 s -- in com.mimococo.marketops.advertisingefficiency.internal.application.AdvertisingProposalServiceTest
[INFO] 
[INFO] Results:
[INFO] 
[INFO] Tests run: 97, Failures: 0, Errors: 0, Skipped: 0
[INFO] 
[INFO] ------------------------------------------------------------------------
[INFO] BUILD SUCCESS
[INFO] ------------------------------------------------------------------------
[INFO] Total time:  01:11 min
[INFO] Finished at: 2026-09-05T12:03:06+08:00
[INFO] ------------------------------------------------------------------------
