[INFO] Scanning for projects...
[INFO] 
[INFO] --------------< com.mimococo.marketops:marketops-server >---------------
[INFO] Building MarketOps Server 0.1.0-SNAPSHOT
[INFO]   from pom.xml
[INFO] --------------------------------[ jar ]---------------------------------
[INFO] 
[INFO] --- enforcer:3.6.3:enforce (enforce-toolchain-and-dependencies) @ marketops-server ---
[INFO] Rule 0: org.apache.maven.enforcer.rules.version.RequireJavaVersion passed
[INFO] Rule 1: org.apache.maven.enforcer.rules.version.RequireMavenVersion passed
[INFO] Rule 2: org.apache.maven.enforcer.rules.dependency.BannedDependencies passed
[INFO] Rule 3: org.apache.maven.enforcer.rules.dependency.DependencyConvergence passed
[INFO] 
[INFO] --- jacoco:0.8.15:prepare-agent (prepare-coverage) @ marketops-server ---
[INFO] argLine set to -javaagent:/Users/chzhengx/.m2/repository/org/jacoco/org.jacoco.agent/0.8.15/org.jacoco.agent-0.8.15-runtime.jar=destfile=/Users/chzhengx/Code/personal/marketops-platform/backend/marketops-server/target/jacoco.exec
[INFO] 
[INFO] --- spring-boot:4.1.0:build-info (build-info) @ marketops-server ---
[INFO] 
[INFO] --- resources:3.5.0:resources (default-resources) @ marketops-server ---
[INFO] Copying 5 resources from src/main/resources to target/classes
[INFO] Copying 66 resources from src/main/resources to target/classes
[INFO] 
[INFO] --- compiler:3.15.0:compile (default-compile) @ marketops-server ---
[INFO] Nothing to compile - all classes are up to date.
[INFO] 
[INFO] --- resources:3.5.0:testResources (default-testResources) @ marketops-server ---
[INFO] Copying 4 resources from src/test/resources to target/test-classes
[INFO] 
[INFO] --- compiler:3.15.0:testCompile (default-testCompile) @ marketops-server ---
[INFO] Recompiling the module because of changed source code.
[INFO] Compiling 269 source files with javac [debug deprecation parameters release 21] to target/test-classes
[INFO] Extracting Javadoc into /Users/chzhengx/Code/personal/marketops-platform/./build/generated-spring-modulith/javadoc.json.
[WARNING] /Users/chzhengx/Code/personal/marketops-platform/backend/marketops-server/src/test/java/com/mimococo/marketops/AdvertisingDisclosureIT.java:[78,65] asText() in tools.jackson.databind.JsonNode has been deprecated
[WARNING] /Users/chzhengx/Code/personal/marketops-platform/backend/marketops-server/src/test/java/com/mimococo/marketops/AdvertisingDisclosureIT.java:[81,74] asText() in tools.jackson.databind.JsonNode has been deprecated
[WARNING] /Users/chzhengx/Code/personal/marketops-platform/backend/marketops-server/src/test/java/com/mimococo/marketops/AdvertisingDisclosureIT.java:[85,83] asText() in tools.jackson.databind.JsonNode has been deprecated
[WARNING] /Users/chzhengx/Code/personal/marketops-platform/backend/marketops-server/src/test/java/com/mimococo/marketops/AdvertisingDisclosureIT.java:[108,49] asText() in tools.jackson.databind.JsonNode has been deprecated
[WARNING] /Users/chzhengx/Code/personal/marketops-platform/backend/marketops-server/src/test/java/com/mimococo/marketops/AdvertisingDisclosureIT.java:[157,53] asText() in tools.jackson.databind.JsonNode has been deprecated
[WARNING] /Users/chzhengx/Code/personal/marketops-platform/backend/marketops-server/src/test/java/com/mimococo/marketops/AdvertisingDisclosureIT.java:[200,52] asText() in tools.jackson.databind.JsonNode has been deprecated
[WARNING] /Users/chzhengx/Code/personal/marketops-platform/backend/marketops-server/src/test/java/com/mimococo/marketops/AdvertisingDisclosureIT.java:[242,40] asText() in tools.jackson.databind.JsonNode has been deprecated
[WARNING] /Users/chzhengx/Code/personal/marketops-platform/backend/marketops-server/src/test/java/com/mimococo/marketops/AdvertisingDisclosureIT.java:[244,53] asText() in tools.jackson.databind.JsonNode has been deprecated
[WARNING] /Users/chzhengx/Code/personal/marketops-platform/backend/marketops-server/src/test/java/com/mimococo/marketops/AdvertisingManualWorkflowIT.java:[263,69] asText() in tools.jackson.databind.JsonNode has been deprecated
[WARNING] /Users/chzhengx/Code/personal/marketops-platform/backend/marketops-server/src/test/java/com/mimococo/marketops/AdvertisingMaterialityIT.java:[31,46] asText() in tools.jackson.databind.JsonNode has been deprecated
[WARNING] /Users/chzhengx/Code/personal/marketops-platform/backend/marketops-server/src/test/java/com/mimococo/marketops/AdvertisingMaterialityIT.java:[72,40] asText() in tools.jackson.databind.JsonNode has been deprecated
[WARNING] /Users/chzhengx/Code/personal/marketops-platform/backend/marketops-server/src/test/java/com/mimococo/marketops/AdvertisingMaterialityIT.java:[77,46] asText() in tools.jackson.databind.JsonNode has been deprecated
[WARNING] /Users/chzhengx/Code/personal/marketops-platform/backend/marketops-server/src/test/java/com/mimococo/marketops/AdvertisingMaterialityIT.java:[83,40] asText() in tools.jackson.databind.JsonNode has been deprecated
[WARNING] /Users/chzhengx/Code/personal/marketops-platform/backend/marketops-server/src/test/java/com/mimococo/marketops/aicopilot/internal/application/OutputValidatorTest.java:[161,56] redundant cast to java.lang.String
[WARNING] /Users/chzhengx/Code/personal/marketops-platform/backend/marketops-server/src/test/java/com/mimococo/marketops/marketplaceintegration/adapter/http/PlatformHttpAdaptersTest.java:[103,70] unchecked generic array creation for varargs parameter of type java.util.Optional<java.lang.String>[]
[INFO] 
[INFO] --- surefire:3.5.6:test (default-test) @ marketops-server ---
[INFO] Using auto detected provider org.apache.maven.surefire.junitplatform.JUnitPlatformProvider
[INFO] 
[INFO] -------------------------------------------------------
[INFO]  T E S T S
[INFO] -------------------------------------------------------
[INFO] Running com.mimococo.marketops.AdvertisingMaterialityIT
10:24:22.739 [main] INFO org.testcontainers.images.PullPolicy -- Image pull policy will be performed by: DefaultPullPolicy()
10:24:22.744 [main] INFO org.testcontainers.utility.ImageNameSubstitutor -- Image name substitution will be performed by: DefaultImageNameSubstitutor (composite of 'ConfigurationFileImageNameSubstitutor' and 'PrefixingImageNameSubstitutor')
10:24:22.754 [main] INFO org.testcontainers.DockerClientFactory -- Testcontainers version: 2.0.5
10:24:23.097 [main] INFO org.testcontainers.dockerclient.DockerClientProviderStrategy -- Loaded org.testcontainers.dockerclient.UnixSocketClientProviderStrategy from ~/.testcontainers.properties, will try it first
10:24:23.521 [main] INFO org.testcontainers.dockerclient.DockerClientProviderStrategy -- Found Docker environment with local Unix socket (unix:///var/run/docker.sock)
10:24:23.522 [main] INFO org.testcontainers.DockerClientFactory -- Docker host IP address is localhost
10:24:23.550 [main] INFO org.testcontainers.DockerClientFactory -- Connected to docker: 
  Server Version: 29.7.2
  API Version: 1.55
  Operating System: Docker Desktop
  Total Memory: 5922 MB
  Labels: 
    com.docker.desktop.address=unix:///Users/chzhengx/Library/Containers/com.docker.docker/Data/docker-cli.sock
10:24:23.836 [main] INFO tc.testcontainers/ryuk:0.14.0 -- Creating container for image: testcontainers/ryuk:0.14.0
10:24:23.979 [main] INFO org.testcontainers.utility.RegistryAuthLocator -- Credential helper/store (docker-credential-desktop) does not have credentials for https://index.docker.io/v1/
10:24:24.101 [main] INFO tc.testcontainers/ryuk:0.14.0 -- Container testcontainers/ryuk:0.14.0 is starting: efb6c470a65d06e88e42eccb660ad2b4daff389f4769064243a14c7cd661cb08
10:24:24.614 [main] INFO tc.testcontainers/ryuk:0.14.0 -- Container testcontainers/ryuk:0.14.0 started in PT0.778078S
10:24:24.624 [main] INFO org.testcontainers.utility.RyukResourceReaper -- Ryuk started - will monitor and terminate Testcontainers containers on JVM exit
10:24:24.624 [main] INFO org.testcontainers.DockerClientFactory -- Checking the system...
10:24:24.624 [main] INFO org.testcontainers.DockerClientFactory -- ✔︎ Docker server version should be at least 1.6.0
10:24:24.676 [main] INFO tc.postgres:17.6-bookworm@sha256:f3bd19... -- Creating container for image: postgres:17.6-bookworm@sha256:f3bd19c606e442c3d7bdfa8002e03fe260a1023351e0ea4598032022b68dd6e3
10:24:24.820 [main] INFO tc.postgres:17.6-bookworm@sha256:f3bd19... -- Container postgres:17.6-bookworm@sha256:f3bd19c606e442c3d7bdfa8002e03fe260a1023351e0ea4598032022b68dd6e3 is starting: f9b181c14b0b6afcb457f6a5f31c6d975b6c077906fbf11f974af81e56d8cff1
10:24:26.071 [main] INFO tc.postgres:17.6-bookworm@sha256:f3bd19... -- Container postgres:17.6-bookworm@sha256:f3bd19c606e442c3d7bdfa8002e03fe260a1023351e0ea4598032022b68dd6e3 started in PT1.395488S
10:24:26.076 [main] INFO tc.postgres:17.6-bookworm@sha256:f3bd19... -- Container is started (JDBC URL: jdbc:postgresql://localhost:53363/marketops?loggerLevel=OFF)
10:24:26.670 [main] INFO org.flywaydb.core.FlywayExecutor -- Database: jdbc:postgresql://localhost:53363/marketops?loggerLevel=OFF (PostgreSQL 17.6)
10:24:26.758 [main] INFO org.flywaydb.core.internal.schemahistory.JdbcTableSchemaHistory -- Schema history table "public"."flyway_schema_history" does not exist yet
10:24:26.763 [main] INFO org.flywaydb.core.internal.command.DbValidate -- Successfully validated 65 migrations (execution time 00:00.052s)
10:24:26.776 [main] INFO org.flywaydb.core.internal.schemahistory.JdbcTableSchemaHistory -- Creating Schema History table "public"."flyway_schema_history" ...
10:24:26.840 [main] INFO org.flywaydb.core.internal.command.DbMigrate -- Current version of schema "public": << Empty Schema >>
10:24:26.850 [main] INFO org.flywaydb.core.internal.command.DbMigrate -- Migrating schema "public" to version "0001 - create foundation schemas"
10:24:26.871 [main] INFO org.flywaydb.core.internal.command.DbMigrate -- Migrating schema "public" to version "0002 - enable btree gist extension"
10:24:26.901 [main] INFO org.flywaydb.core.internal.command.DbMigrate -- Migrating schema "public" to version "0003 - create metadata audit event"
10:24:26.926 [main] INFO org.flywaydb.core.internal.command.DbMigrate -- Migrating schema "public" to version "0004 - create core organization metadata"
10:24:26.969 [main] INFO org.flywaydb.core.internal.command.DbMigrate -- Migrating schema "public" to version "0005 - create iam access metadata"
10:24:27.009 [main] INFO org.flywaydb.core.internal.command.DbMigrate -- Migrating schema "public" to version "0006 - create platform registry metadata"
10:24:27.075 [main] INFO org.flywaydb.core.internal.command.DbMigrate -- Migrating schema "public" to version "0007 - create ingestion control plane authority"
10:24:27.112 [main] INFO org.flywaydb.core.internal.command.DbMigrate -- Migrating schema "public" to version "0008 - attach control epoch triggers"
10:24:27.143 [main] INFO org.flywaydb.core.internal.command.DbMigrate -- Migrating schema "public" to version "0009 - create control boundary kinds and decision evidence"
10:24:27.174 [main] INFO org.flywaydb.core.internal.command.DbMigrate -- Migrating schema "public" to version "0010 - create ingestion run checkpoint and raw evidence"
10:24:27.225 [main] INFO org.flywaydb.core.internal.command.DbMigrate -- Migrating schema "public" to version "0011 - create human identity and business authorization"
10:24:27.273 [main] INFO org.flywaydb.core.internal.command.DbMigrate -- Migrating schema "public" to version "0012 - create product listing identity and mapping"
10:24:27.320 [main] INFO org.flywaydb.core.internal.command.DbMigrate -- Migrating schema "public" to version "0013 - create cross domain operating facts"
10:24:27.363 [main] INFO org.flywaydb.core.internal.command.DbMigrate -- Migrating schema "public" to version "0014 - create internal fact intake and file import"
10:24:27.401 [main] INFO org.flywaydb.core.internal.command.DbMigrate -- Migrating schema "public" to version "0015 - create canonical metric definitions and values"
10:24:27.425 [main] INFO org.flywaydb.core.internal.command.DbMigrate -- Migrating schema "public" to version "0016 - create deterministic diagnosis rules and findings"
10:24:27.449 [main] INFO org.flywaydb.core.internal.command.DbMigrate -- Migrating schema "public" to version "0017 - create ai projection invocation and output"
10:24:27.485 [main] INFO org.flywaydb.core.internal.command.DbMigrate -- Migrating schema "public" to version "0018 - create recommendation task and approval workflow"
10:24:27.520 [main] INFO org.flywaydb.core.internal.command.DbMigrate -- Migrating schema "public" to version "0019 - create commercial policy and guardrails"
10:24:27.556 [main] INFO org.flywaydb.core.internal.command.DbMigrate -- Migrating schema "public" to version "0020 - create price command outbox readback and write gate"
10:24:27.597 [main] INFO org.flywaydb.core.internal.command.DbMigrate -- Migrating schema "public" to version "0021 - create platform api profile and request shape"
10:24:27.618 [main] INFO org.flywaydb.core.internal.command.DbMigrate -- Migrating schema "public" to version "0022 - create ingestion run lifecycle and replay guard"
10:24:27.647 [main] INFO org.flywaydb.core.internal.command.DbMigrate -- Migrating schema "public" to version "0023 - create declared normalization and drift observation"
10:24:27.669 [main] INFO org.flywaydb.core.internal.command.DbMigrate -- Migrating schema "public" to version "0024 - create capability write operation shape"
10:24:27.688 [main] INFO org.flywaydb.core.internal.command.DbMigrate -- Migrating schema "public" to version "0025 - create price command attempt completion and lease recovery"
10:24:27.731 [main] INFO org.flywaydb.core.internal.command.DbMigrate -- Migrating schema "public" to version "0026 - rename operational capability column to action kind"
10:24:27.752 [main] INFO org.flywaydb.core.internal.command.DbMigrate -- Migrating schema "public" to version "0027 - create account bound registry verification"
10:24:27.786 [main] INFO org.flywaydb.core.internal.command.DbMigrate -- Migrating schema "public" to version "0028 - create bounded diagnostic export"
10:24:27.842 [main] INFO org.flywaydb.core.internal.command.DbMigrate -- Migrating schema "public" to version "0029 - version profit economics and commercial inputs"
10:24:27.901 [main] INFO org.flywaydb.core.internal.command.DbMigrate -- Migrating schema "public" to version "0030 - create availability risk policy inbound and case"
10:24:27.994 [main] INFO org.flywaydb.core.internal.command.DbMigrate -- Migrating schema "public" to version "0031 - track sustained availability lane"
10:24:28.008 [main] INFO org.flywaydb.core.internal.command.DbMigrate -- Migrating schema "public" to version "0032 - create availability fact feed cursor"
10:24:28.018 [main] INFO org.flywaydb.core.internal.command.DbMigrate -- Migrating schema "public" to version "0033 - track case improvement observation"
10:24:28.032 [main] INFO org.flywaydb.core.internal.command.DbMigrate -- Migrating schema "public" to version "0034 - close availability deep review findings"
10:24:28.097 [main] INFO org.flywaydb.core.internal.command.DbMigrate -- Migrating schema "public" to version "0035 - close availability targeted findings"
10:24:28.146 [main] INFO org.flywaydb.core.internal.command.DbMigrate -- Migrating schema "public" to version "0036 - create advertising identity and official facts"
10:24:28.191 [main] INFO org.flywaydb.core.internal.command.DbMigrate -- Migrating schema "public" to version "0037 - create advertising conversion freshness and qualification"
10:24:28.237 [main] INFO org.flywaydb.core.internal.command.DbMigrate -- Migrating schema "public" to version "0038 - create advertising case projection and orchestration"
10:24:28.299 [main] INFO org.flywaydb.core.internal.command.DbMigrate -- Migrating schema "public" to version "0039 - create advertising target materiality and manual shadow"
10:24:28.334 [main] INFO org.flywaydb.core.internal.command.DbMigrate -- Migrating schema "public" to version "0040 - widen write registry for ad bid capability"
10:24:28.359 [main] INFO org.flywaydb.core.internal.command.DbMigrate -- Migrating schema "public" to version "0041 - create advertising containment and decision bundle"
10:24:28.405 [main] INFO org.flywaydb.core.internal.command.DbMigrate -- Migrating schema "public" to version "0042 - create ad bid command outbox readback and gate"
10:24:28.457 [main] INFO org.flywaydb.core.internal.command.DbMigrate -- Migrating schema "public" to version "0043 - create ad bid attempt lifecycle and readback"
10:24:28.479 [main] INFO org.flywaydb.core.internal.command.DbMigrate -- Migrating schema "public" to version "0044 - supersede advertising cases whose cause no longer holds"
10:24:28.492 [main] INFO org.flywaydb.core.internal.command.DbMigrate -- Migrating schema "public" to version "0045 - create ad bid command from approval"
10:24:28.506 [main] INFO org.flywaydb.core.internal.command.DbMigrate -- Migrating schema "public" to version "0046 - capture ad bid authority for guardrail evaluation"
10:24:28.517 [main] INFO org.flywaydb.core.internal.command.DbMigrate -- Migrating schema "public" to version "0047 - refuse a zero target bid in the parameter contract"
10:24:28.526 [main] INFO org.flywaydb.core.internal.command.DbMigrate -- Migrating schema "public" to version "0048 - serialize advertising reservations against overlap"
10:24:28.546 [main] INFO org.flywaydb.core.internal.command.DbMigrate -- Migrating schema "public" to version "0049 - create advertising outcome plan and lineage"
10:24:28.570 [main] INFO org.flywaydb.core.internal.command.DbMigrate -- Migrating schema "public" to version "0050 - cause specific outcomes and same lineage reopen"
10:24:28.612 [main] INFO org.flywaydb.core.internal.command.DbMigrate -- Migrating schema "public" to version "0051 - bind each decision to its own authority"
10:24:28.627 [main] INFO org.flywaydb.core.internal.command.DbMigrate -- Migrating schema "public" to version "0052 - a guardrail verdict names the policy that authorised it"
10:24:28.642 [main] INFO org.flywaydb.core.internal.command.DbMigrate -- Migrating schema "public" to version "0053 - the write gate must refuse rather than raise"
10:24:28.651 [main] INFO org.flywaydb.core.internal.command.DbMigrate -- Migrating schema "public" to version "0054 - index the demand carry forward lookup"
10:24:28.660 [main] INFO org.flywaydb.core.internal.command.DbMigrate -- Migrating schema "public" to version "0055 - record what happened to a task and who did it"
10:24:28.686 [main] INFO org.flywaydb.core.internal.command.DbMigrate -- Migrating schema "public" to version "0056 - publish the daily brief and weekly review as projections"
10:24:28.725 [main] INFO org.flywaydb.core.internal.command.DbMigrate -- Migrating schema "public" to version "0057 - bind advertising responsibility and human decisions"
10:24:28.776 [main] INFO org.flywaydb.core.internal.command.DbMigrate -- Migrating schema "public" to version "0058 - seal advertising authority and control execution"
10:24:28.906 [main] INFO org.flywaydb.core.internal.command.DbMigrate -- Migrating schema "public" to version "0059 - freeze advertising outcome baselines and critical units"
10:24:28.966 [main] INFO org.flywaydb.core.internal.command.DbMigrate -- Migrating schema "public" to version "0060 - govern manual proposals packets and configuration proof"
10:24:29.002 [main] INFO org.flywaydb.core.internal.command.DbMigrate -- Migrating schema "public" to version "0061 - bind advertising exception risk and preview evidence"
10:24:29.029 [main] INFO org.flywaydb.core.internal.command.DbMigrate -- Migrating schema "public" to version "0062 - share frozen outcome authority with governed manual"
10:24:29.046 [main] INFO org.flywaydb.core.internal.command.DbMigrate -- Migrating schema "public" to version "0063 - wire advertising changes expiries and slo recovery"
10:24:29.077 [main] INFO org.flywaydb.core.internal.command.DbMigrate -- Migrating schema "public" to version "0064 - reconcile expired advertising authority"
10:24:29.104 [main] INFO org.flywaydb.core.internal.command.DbMigrate -- Migrating schema "public" to version "0065 - route settled advertising contradictions to finance review"
10:24:29.123 [main] INFO org.flywaydb.core.internal.command.DbMigrate -- Successfully applied 65 migrations to schema "public", now at version v0065 (execution time 00:01.569s)
[INFO] Tests run: 13, Failures: 0, Errors: 0, Skipped: 0, Time elapsed: 9.156 s -- in com.mimococo.marketops.AdvertisingMaterialityIT
[INFO] Running com.mimococo.marketops.database.FlywayMigrationIT
10:24:31.836 [main] INFO tc.postgres:18.4 -- Creating container for image: postgres:18.4
10:24:32.109 [main] INFO tc.postgres:18.4 -- Container postgres:18.4 is starting: 5af82928aa15548e28476677e85e5dee2174fdb97d9dc775f7fece69df66f536
10:24:33.498 [main] INFO tc.postgres:18.4 -- Container postgres:18.4 started in PT1.661252S
10:24:33.499 [main] INFO tc.postgres:18.4 -- Container is started (JDBC URL: jdbc:postgresql://localhost:53458/marketops?loggerLevel=OFF)
10:24:33.539 [main] INFO org.flywaydb.core.FlywayExecutor -- Database: jdbc:postgresql://localhost:53458/marketops?loggerLevel=OFF (PostgreSQL 18.4)
10:24:33.569 [main] INFO org.flywaydb.core.internal.schemahistory.JdbcTableSchemaHistory -- Schema history table "public"."flyway_schema_history" does not exist yet
10:24:33.570 [main] INFO org.flywaydb.core.internal.command.DbValidate -- Successfully validated 65 migrations (execution time 00:00.017s)
10:24:33.583 [main] INFO org.flywaydb.core.internal.schemahistory.JdbcTableSchemaHistory -- Creating Schema History table "public"."flyway_schema_history" ...
10:24:33.607 [main] INFO org.flywaydb.core.internal.command.DbMigrate -- Current version of schema "public": << Empty Schema >>
10:24:33.610 [main] INFO org.flywaydb.core.internal.command.DbMigrate -- Migrating schema "public" to version "0001 - create foundation schemas"
10:24:33.623 [main] INFO org.flywaydb.core.internal.command.DbMigrate -- Migrating schema "public" to version "0002 - enable btree gist extension"
10:24:33.657 [main] INFO org.flywaydb.core.internal.command.DbMigrate -- Migrating schema "public" to version "0003 - create metadata audit event"
10:24:33.675 [main] INFO org.flywaydb.core.internal.command.DbMigrate -- Migrating schema "public" to version "0004 - create core organization metadata"
10:24:33.714 [main] INFO org.flywaydb.core.internal.command.DbMigrate -- Migrating schema "public" to version "0005 - create iam access metadata"
10:24:33.739 [main] INFO org.flywaydb.core.internal.command.DbMigrate -- Migrating schema "public" to version "0006 - create platform registry metadata"
10:24:33.796 [main] INFO org.flywaydb.core.internal.command.DbMigrate -- Migrating schema "public" to version "0007 - create ingestion control plane authority"
10:24:33.838 [main] INFO org.flywaydb.core.internal.command.DbMigrate -- Migrating schema "public" to version "0008 - attach control epoch triggers"
10:24:33.867 [main] INFO org.flywaydb.core.internal.command.DbMigrate -- Migrating schema "public" to version "0009 - create control boundary kinds and decision evidence"
10:24:33.904 [main] INFO org.flywaydb.core.internal.command.DbMigrate -- Migrating schema "public" to version "0010 - create ingestion run checkpoint and raw evidence"
10:24:33.944 [main] INFO org.flywaydb.core.internal.command.DbMigrate -- Migrating schema "public" to version "0011 - create human identity and business authorization"
10:24:34.004 [main] INFO org.flywaydb.core.internal.command.DbMigrate -- Migrating schema "public" to version "0012 - create product listing identity and mapping"
10:24:34.056 [main] INFO org.flywaydb.core.internal.command.DbMigrate -- Migrating schema "public" to version "0013 - create cross domain operating facts"
10:24:34.101 [main] INFO org.flywaydb.core.internal.command.DbMigrate -- Migrating schema "public" to version "0014 - create internal fact intake and file import"
10:24:34.153 [main] INFO org.flywaydb.core.internal.command.DbMigrate -- Migrating schema "public" to version "0015 - create canonical metric definitions and values"
10:24:34.185 [main] INFO org.flywaydb.core.internal.command.DbMigrate -- Migrating schema "public" to version "0016 - create deterministic diagnosis rules and findings"
10:24:34.211 [main] INFO org.flywaydb.core.internal.command.DbMigrate -- Migrating schema "public" to version "0017 - create ai projection invocation and output"
10:24:34.260 [main] INFO org.flywaydb.core.internal.command.DbMigrate -- Migrating schema "public" to version "0018 - create recommendation task and approval workflow"
10:24:34.313 [main] INFO org.flywaydb.core.internal.command.DbMigrate -- Migrating schema "public" to version "0019 - create commercial policy and guardrails"
10:24:34.362 [main] INFO org.flywaydb.core.internal.command.DbMigrate -- Migrating schema "public" to version "0020 - create price command outbox readback and write gate"
10:24:34.412 [main] INFO org.flywaydb.core.internal.command.DbMigrate -- Migrating schema "public" to version "0021 - create platform api profile and request shape"
10:24:34.435 [main] INFO org.flywaydb.core.internal.command.DbMigrate -- Migrating schema "public" to version "0022 - create ingestion run lifecycle and replay guard"
10:24:34.462 [main] INFO org.flywaydb.core.internal.command.DbMigrate -- Migrating schema "public" to version "0023 - create declared normalization and drift observation"
10:24:34.495 [main] INFO org.flywaydb.core.internal.command.DbMigrate -- Migrating schema "public" to version "0024 - create capability write operation shape"
10:24:34.513 [main] INFO org.flywaydb.core.internal.command.DbMigrate -- Migrating schema "public" to version "0025 - create price command attempt completion and lease recovery"
10:24:34.538 [main] INFO org.flywaydb.core.internal.command.DbMigrate -- Migrating schema "public" to version "0026 - rename operational capability column to action kind"
10:24:34.560 [main] INFO org.flywaydb.core.internal.command.DbMigrate -- Migrating schema "public" to version "0027 - create account bound registry verification"
10:24:34.596 [main] INFO org.flywaydb.core.internal.command.DbMigrate -- Migrating schema "public" to version "0028 - create bounded diagnostic export"
10:24:34.635 [main] INFO org.flywaydb.core.internal.command.DbMigrate -- Migrating schema "public" to version "0029 - version profit economics and commercial inputs"
10:24:34.692 [main] INFO org.flywaydb.core.internal.command.DbMigrate -- Migrating schema "public" to version "0030 - create availability risk policy inbound and case"
10:24:34.807 [main] INFO org.flywaydb.core.internal.command.DbMigrate -- Migrating schema "public" to version "0031 - track sustained availability lane"
10:24:34.817 [main] INFO org.flywaydb.core.internal.command.DbMigrate -- Migrating schema "public" to version "0032 - create availability fact feed cursor"
10:24:34.827 [main] INFO org.flywaydb.core.internal.command.DbMigrate -- Migrating schema "public" to version "0033 - track case improvement observation"
10:24:34.839 [main] INFO org.flywaydb.core.internal.command.DbMigrate -- Migrating schema "public" to version "0034 - close availability deep review findings"
10:24:34.896 [main] INFO org.flywaydb.core.internal.command.DbMigrate -- Migrating schema "public" to version "0035 - close availability targeted findings"
10:24:34.944 [main] INFO org.flywaydb.core.internal.command.DbMigrate -- Migrating schema "public" to version "0036 - create advertising identity and official facts"
10:24:35.000 [main] INFO org.flywaydb.core.internal.command.DbMigrate -- Migrating schema "public" to version "0037 - create advertising conversion freshness and qualification"
10:24:35.059 [main] INFO org.flywaydb.core.internal.command.DbMigrate -- Migrating schema "public" to version "0038 - create advertising case projection and orchestration"
10:24:35.151 [main] INFO org.flywaydb.core.internal.command.DbMigrate -- Migrating schema "public" to version "0039 - create advertising target materiality and manual shadow"
10:24:35.205 [main] INFO org.flywaydb.core.internal.command.DbMigrate -- Migrating schema "public" to version "0040 - widen write registry for ad bid capability"
10:24:35.236 [main] INFO org.flywaydb.core.internal.command.DbMigrate -- Migrating schema "public" to version "0041 - create advertising containment and decision bundle"
10:24:35.302 [main] INFO org.flywaydb.core.internal.command.DbMigrate -- Migrating schema "public" to version "0042 - create ad bid command outbox readback and gate"
10:24:35.358 [main] INFO org.flywaydb.core.internal.command.DbMigrate -- Migrating schema "public" to version "0043 - create ad bid attempt lifecycle and readback"
10:24:35.378 [main] INFO org.flywaydb.core.internal.command.DbMigrate -- Migrating schema "public" to version "0044 - supersede advertising cases whose cause no longer holds"
10:24:35.392 [main] INFO org.flywaydb.core.internal.command.DbMigrate -- Migrating schema "public" to version "0045 - create ad bid command from approval"
10:24:35.404 [main] INFO org.flywaydb.core.internal.command.DbMigrate -- Migrating schema "public" to version "0046 - capture ad bid authority for guardrail evaluation"
10:24:35.413 [main] INFO org.flywaydb.core.internal.command.DbMigrate -- Migrating schema "public" to version "0047 - refuse a zero target bid in the parameter contract"
10:24:35.423 [main] INFO org.flywaydb.core.internal.command.DbMigrate -- Migrating schema "public" to version "0048 - serialize advertising reservations against overlap"
10:24:35.438 [main] INFO org.flywaydb.core.internal.command.DbMigrate -- Migrating schema "public" to version "0049 - create advertising outcome plan and lineage"
10:24:35.466 [main] INFO org.flywaydb.core.internal.command.DbMigrate -- Migrating schema "public" to version "0050 - cause specific outcomes and same lineage reopen"
10:24:35.498 [main] INFO org.flywaydb.core.internal.command.DbMigrate -- Migrating schema "public" to version "0051 - bind each decision to its own authority"
10:24:35.507 [main] INFO org.flywaydb.core.internal.command.DbMigrate -- Migrating schema "public" to version "0052 - a guardrail verdict names the policy that authorised it"
10:24:35.518 [main] INFO org.flywaydb.core.internal.command.DbMigrate -- Migrating schema "public" to version "0053 - the write gate must refuse rather than raise"
10:24:35.527 [main] INFO org.flywaydb.core.internal.command.DbMigrate -- Migrating schema "public" to version "0054 - index the demand carry forward lookup"
10:24:35.535 [main] INFO org.flywaydb.core.internal.command.DbMigrate -- Migrating schema "public" to version "0055 - record what happened to a task and who did it"
10:24:35.556 [main] INFO org.flywaydb.core.internal.command.DbMigrate -- Migrating schema "public" to version "0056 - publish the daily brief and weekly review as projections"
10:24:35.600 [main] INFO org.flywaydb.core.internal.command.DbMigrate -- Migrating schema "public" to version "0057 - bind advertising responsibility and human decisions"
10:24:35.650 [main] INFO org.flywaydb.core.internal.command.DbMigrate -- Migrating schema "public" to version "0058 - seal advertising authority and control execution"
10:24:35.777 [main] INFO org.flywaydb.core.internal.command.DbMigrate -- Migrating schema "public" to version "0059 - freeze advertising outcome baselines and critical units"
10:24:35.835 [main] INFO org.flywaydb.core.internal.command.DbMigrate -- Migrating schema "public" to version "0060 - govern manual proposals packets and configuration proof"
10:24:35.873 [main] INFO org.flywaydb.core.internal.command.DbMigrate -- Migrating schema "public" to version "0061 - bind advertising exception risk and preview evidence"
10:24:35.903 [main] INFO org.flywaydb.core.internal.command.DbMigrate -- Migrating schema "public" to version "0062 - share frozen outcome authority with governed manual"
10:24:35.918 [main] INFO org.flywaydb.core.internal.command.DbMigrate -- Migrating schema "public" to version "0063 - wire advertising changes expiries and slo recovery"
10:24:35.948 [main] INFO org.flywaydb.core.internal.command.DbMigrate -- Migrating schema "public" to version "0064 - reconcile expired advertising authority"
10:24:35.966 [main] INFO org.flywaydb.core.internal.command.DbMigrate -- Migrating schema "public" to version "0065 - route settled advertising contradictions to finance review"
10:24:35.984 [main] INFO org.flywaydb.core.internal.command.DbMigrate -- Successfully applied 65 migrations to schema "public", now at version v0065 (execution time 00:01.700s)
10:24:36.132 [main] INFO org.flywaydb.core.FlywayExecutor -- Database: jdbc:postgresql://localhost:53458/marketops?loggerLevel=OFF (PostgreSQL 18.4)
10:24:36.159 [main] INFO org.flywaydb.core.internal.command.DbValidate -- Successfully validated 65 migrations (execution time 00:00.017s)
10:24:36.176 [main] INFO org.flywaydb.core.internal.command.DbMigrate -- Current version of schema "public": 0065
10:24:36.176 [main] INFO org.flywaydb.core.internal.command.DbMigrate -- Schema "public" is up to date. No migration necessary.
10:24:36.189 [main] INFO tc.postgres:18.4 -- Creating container for image: postgres:18.4
10:24:36.536 [main] INFO tc.postgres:18.4 -- Container postgres:18.4 is starting: b0142a6e350a459bf61d572671de35f61435ee0003938fbfbd2e4483120179c6
10:24:39.432 [main] INFO tc.postgres:18.4 -- Container postgres:18.4 started in PT3.240849S
10:24:39.460 [main] INFO tc.postgres:18.4 -- Container is started (JDBC URL: jdbc:postgresql://localhost:53504/marketops?loggerLevel=OFF)
10:24:39.643 [main] INFO org.flywaydb.core.FlywayExecutor -- Database: jdbc:postgresql://localhost:53504/marketops?loggerLevel=OFF (PostgreSQL 18.4)
10:24:39.676 [main] INFO org.flywaydb.core.internal.schemahistory.JdbcTableSchemaHistory -- Schema history table "public"."flyway_schema_history" does not exist yet
10:24:39.677 [main] INFO org.flywaydb.core.internal.command.DbValidate -- Successfully validated 65 migrations (execution time 00:00.019s)
10:24:39.687 [main] INFO org.flywaydb.core.internal.schemahistory.JdbcTableSchemaHistory -- Creating Schema History table "public"."flyway_schema_history" ...
10:24:39.709 [main] INFO org.flywaydb.core.internal.command.DbMigrate -- Current version of schema "public": << Empty Schema >>
10:24:39.713 [main] INFO org.flywaydb.core.internal.command.DbMigrate -- Migrating schema "public" to version "0001 - create foundation schemas"
10:24:39.732 [main] ERROR org.flywaydb.core.internal.command.DbMigrate -- Migration of schema "public" to version "0001 - create foundation schemas" failed! Changes successfully rolled back.
10:24:39.774 [main] INFO org.flywaydb.core.FlywayExecutor -- Database: jdbc:postgresql://localhost:53504/marketops?loggerLevel=OFF (PostgreSQL 18.4)
10:24:39.807 [main] INFO org.flywaydb.core.internal.command.DbValidate -- Successfully validated 65 migrations (execution time 00:00.021s)
10:24:39.821 [main] INFO org.flywaydb.core.internal.command.DbMigrate -- Current version of schema "public": << Empty Schema >>
10:24:39.823 [main] INFO org.flywaydb.core.internal.command.DbMigrate -- Migrating schema "public" to version "0001 - create foundation schemas"
10:24:39.836 [main] INFO org.flywaydb.core.internal.command.DbMigrate -- Migrating schema "public" to version "0002 - enable btree gist extension"
10:24:39.864 [main] INFO org.flywaydb.core.internal.command.DbMigrate -- Migrating schema "public" to version "0003 - create metadata audit event"
10:24:39.882 [main] INFO org.flywaydb.core.internal.command.DbMigrate -- Migrating schema "public" to version "0004 - create core organization metadata"
10:24:39.926 [main] INFO org.flywaydb.core.internal.command.DbMigrate -- Migrating schema "public" to version "0005 - create iam access metadata"
10:24:39.954 [main] INFO org.flywaydb.core.internal.command.DbMigrate -- Migrating schema "public" to version "0006 - create platform registry metadata"
10:24:40.008 [main] INFO org.flywaydb.core.internal.command.DbMigrate -- Migrating schema "public" to version "0007 - create ingestion control plane authority"
10:24:40.061 [main] INFO org.flywaydb.core.internal.command.DbMigrate -- Migrating schema "public" to version "0008 - attach control epoch triggers"
10:24:40.109 [main] INFO org.flywaydb.core.internal.command.DbMigrate -- Migrating schema "public" to version "0009 - create control boundary kinds and decision evidence"
10:24:40.146 [main] INFO org.flywaydb.core.internal.command.DbMigrate -- Migrating schema "public" to version "0010 - create ingestion run checkpoint and raw evidence"
10:24:40.186 [main] INFO org.flywaydb.core.internal.command.DbMigrate -- Migrating schema "public" to version "0011 - create human identity and business authorization"
10:24:40.248 [main] INFO org.flywaydb.core.internal.command.DbMigrate -- Migrating schema "public" to version "0012 - create product listing identity and mapping"
10:24:40.307 [main] INFO org.flywaydb.core.internal.command.DbMigrate -- Migrating schema "public" to version "0013 - create cross domain operating facts"
10:24:40.349 [main] INFO org.flywaydb.core.internal.command.DbMigrate -- Migrating schema "public" to version "0014 - create internal fact intake and file import"
10:24:40.387 [main] INFO org.flywaydb.core.internal.command.DbMigrate -- Migrating schema "public" to version "0015 - create canonical metric definitions and values"
10:24:40.412 [main] INFO org.flywaydb.core.internal.command.DbMigrate -- Migrating schema "public" to version "0016 - create deterministic diagnosis rules and findings"
10:24:40.438 [main] INFO org.flywaydb.core.internal.command.DbMigrate -- Migrating schema "public" to version "0017 - create ai projection invocation and output"
10:24:40.478 [main] INFO org.flywaydb.core.internal.command.DbMigrate -- Migrating schema "public" to version "0018 - create recommendation task and approval workflow"
10:24:40.521 [main] INFO org.flywaydb.core.internal.command.DbMigrate -- Migrating schema "public" to version "0019 - create commercial policy and guardrails"
10:24:40.575 [main] INFO org.flywaydb.core.internal.command.DbMigrate -- Migrating schema "public" to version "0020 - create price command outbox readback and write gate"
10:24:40.630 [main] INFO org.flywaydb.core.internal.command.DbMigrate -- Migrating schema "public" to version "0021 - create platform api profile and request shape"
10:24:40.660 [main] INFO org.flywaydb.core.internal.command.DbMigrate -- Migrating schema "public" to version "0022 - create ingestion run lifecycle and replay guard"
10:24:40.693 [main] INFO org.flywaydb.core.internal.command.DbMigrate -- Migrating schema "public" to version "0023 - create declared normalization and drift observation"
10:24:40.717 [main] INFO org.flywaydb.core.internal.command.DbMigrate -- Migrating schema "public" to version "0024 - create capability write operation shape"
10:24:40.738 [main] INFO org.flywaydb.core.internal.command.DbMigrate -- Migrating schema "public" to version "0025 - create price command attempt completion and lease recovery"
10:24:40.760 [main] INFO org.flywaydb.core.internal.command.DbMigrate -- Migrating schema "public" to version "0026 - rename operational capability column to action kind"
10:24:40.779 [main] INFO org.flywaydb.core.internal.command.DbMigrate -- Migrating schema "public" to version "0027 - create account bound registry verification"
10:24:40.814 [main] INFO org.flywaydb.core.internal.command.DbMigrate -- Migrating schema "public" to version "0028 - create bounded diagnostic export"
10:24:40.853 [main] INFO org.flywaydb.core.internal.command.DbMigrate -- Migrating schema "public" to version "0029 - version profit economics and commercial inputs"
10:24:40.905 [main] INFO org.flywaydb.core.internal.command.DbMigrate -- Migrating schema "public" to version "0030 - create availability risk policy inbound and case"
10:24:40.999 [main] INFO org.flywaydb.core.internal.command.DbMigrate -- Migrating schema "public" to version "0031 - track sustained availability lane"
10:24:41.008 [main] INFO org.flywaydb.core.internal.command.DbMigrate -- Migrating schema "public" to version "0032 - create availability fact feed cursor"
10:24:41.016 [main] INFO org.flywaydb.core.internal.command.DbMigrate -- Migrating schema "public" to version "0033 - track case improvement observation"
10:24:41.033 [main] INFO org.flywaydb.core.internal.command.DbMigrate -- Migrating schema "public" to version "0034 - close availability deep review findings"
10:24:41.088 [main] INFO org.flywaydb.core.internal.command.DbMigrate -- Migrating schema "public" to version "0035 - close availability targeted findings"
10:24:41.131 [main] INFO org.flywaydb.core.internal.command.DbMigrate -- Migrating schema "public" to version "0036 - create advertising identity and official facts"
10:24:41.180 [main] INFO org.flywaydb.core.internal.command.DbMigrate -- Migrating schema "public" to version "0037 - create advertising conversion freshness and qualification"
10:24:41.234 [main] INFO org.flywaydb.core.internal.command.DbMigrate -- Migrating schema "public" to version "0038 - create advertising case projection and orchestration"
10:24:41.315 [main] INFO org.flywaydb.core.internal.command.DbMigrate -- Migrating schema "public" to version "0039 - create advertising target materiality and manual shadow"
10:24:41.367 [main] INFO org.flywaydb.core.internal.command.DbMigrate -- Migrating schema "public" to version "0040 - widen write registry for ad bid capability"
10:24:41.396 [main] INFO org.flywaydb.core.internal.command.DbMigrate -- Migrating schema "public" to version "0041 - create advertising containment and decision bundle"
10:24:41.449 [main] INFO org.flywaydb.core.internal.command.DbMigrate -- Migrating schema "public" to version "0042 - create ad bid command outbox readback and gate"
10:24:41.506 [main] INFO org.flywaydb.core.internal.command.DbMigrate -- Migrating schema "public" to version "0043 - create ad bid attempt lifecycle and readback"
10:24:41.522 [main] INFO org.flywaydb.core.internal.command.DbMigrate -- Migrating schema "public" to version "0044 - supersede advertising cases whose cause no longer holds"
10:24:41.534 [main] INFO org.flywaydb.core.internal.command.DbMigrate -- Migrating schema "public" to version "0045 - create ad bid command from approval"
10:24:41.544 [main] INFO org.flywaydb.core.internal.command.DbMigrate -- Migrating schema "public" to version "0046 - capture ad bid authority for guardrail evaluation"
10:24:41.553 [main] INFO org.flywaydb.core.internal.command.DbMigrate -- Migrating schema "public" to version "0047 - refuse a zero target bid in the parameter contract"
10:24:41.565 [main] INFO org.flywaydb.core.internal.command.DbMigrate -- Migrating schema "public" to version "0048 - serialize advertising reservations against overlap"
10:24:41.576 [main] INFO org.flywaydb.core.internal.command.DbMigrate -- Migrating schema "public" to version "0049 - create advertising outcome plan and lineage"
10:24:41.597 [main] INFO org.flywaydb.core.internal.command.DbMigrate -- Migrating schema "public" to version "0050 - cause specific outcomes and same lineage reopen"
10:24:41.620 [main] INFO org.flywaydb.core.internal.command.DbMigrate -- Migrating schema "public" to version "0051 - bind each decision to its own authority"
10:24:41.629 [main] INFO org.flywaydb.core.internal.command.DbMigrate -- Migrating schema "public" to version "0052 - a guardrail verdict names the policy that authorised it"
10:24:41.643 [main] INFO org.flywaydb.core.internal.command.DbMigrate -- Migrating schema "public" to version "0053 - the write gate must refuse rather than raise"
10:24:41.650 [main] INFO org.flywaydb.core.internal.command.DbMigrate -- Migrating schema "public" to version "0054 - index the demand carry forward lookup"
10:24:41.658 [main] INFO org.flywaydb.core.internal.command.DbMigrate -- Migrating schema "public" to version "0055 - record what happened to a task and who did it"
10:24:41.685 [main] INFO org.flywaydb.core.internal.command.DbMigrate -- Migrating schema "public" to version "0056 - publish the daily brief and weekly review as projections"
10:24:41.724 [main] INFO org.flywaydb.core.internal.command.DbMigrate -- Migrating schema "public" to version "0057 - bind advertising responsibility and human decisions"
10:24:41.778 [main] INFO org.flywaydb.core.internal.command.DbMigrate -- Migrating schema "public" to version "0058 - seal advertising authority and control execution"
10:24:41.918 [main] INFO org.flywaydb.core.internal.command.DbMigrate -- Migrating schema "public" to version "0059 - freeze advertising outcome baselines and critical units"
10:24:41.978 [main] INFO org.flywaydb.core.internal.command.DbMigrate -- Migrating schema "public" to version "0060 - govern manual proposals packets and configuration proof"
10:24:42.012 [main] INFO org.flywaydb.core.internal.command.DbMigrate -- Migrating schema "public" to version "0061 - bind advertising exception risk and preview evidence"
10:24:42.050 [main] INFO org.flywaydb.core.internal.command.DbMigrate -- Migrating schema "public" to version "0062 - share frozen outcome authority with governed manual"
10:24:42.068 [main] INFO org.flywaydb.core.internal.command.DbMigrate -- Migrating schema "public" to version "0063 - wire advertising changes expiries and slo recovery"
10:24:42.102 [main] INFO org.flywaydb.core.internal.command.DbMigrate -- Migrating schema "public" to version "0064 - reconcile expired advertising authority"
10:24:42.123 [main] INFO org.flywaydb.core.internal.command.DbMigrate -- Migrating schema "public" to version "0065 - route settled advertising contradictions to finance review"
10:24:42.140 [main] INFO org.flywaydb.core.internal.command.DbMigrate -- Successfully applied 65 migrations to schema "public", now at version v0065 (execution time 00:01.662s)
10:24:42.697 [main] INFO org.flywaydb.core.FlywayExecutor -- Database: jdbc:postgresql://localhost:53458/marketops?loggerLevel=OFF (PostgreSQL 18.4)
10:24:42.714 [main] INFO tc.postgres:18.4 -- Creating container for image: postgres:18.4
10:24:42.794 [main] INFO tc.postgres:18.4 -- Container postgres:18.4 is starting: b87f5bce846e7328dbf0dfb3ca9ae004d36ed88c73dbe496e5dfbf591c2deab0
10:24:43.884 [main] INFO tc.postgres:18.4 -- Container postgres:18.4 started in PT1.169724S
10:24:43.884 [main] INFO tc.postgres:18.4 -- Container is started (JDBC URL: jdbc:postgresql://localhost:53548/marketops?loggerLevel=OFF)
10:24:43.914 [main] INFO org.flywaydb.core.FlywayExecutor -- Database: jdbc:postgresql://localhost:53548/marketops?loggerLevel=OFF (PostgreSQL 18.4)
10:24:43.939 [main] INFO org.flywaydb.core.internal.schemahistory.JdbcTableSchemaHistory -- Schema history table "public"."flyway_schema_history" does not exist yet
10:24:43.941 [main] INFO org.flywaydb.core.internal.command.DbValidate -- Successfully validated 65 migrations (execution time 00:00.012s)
10:24:43.949 [main] INFO org.flywaydb.core.internal.schemahistory.JdbcTableSchemaHistory -- Creating Schema History table "public"."flyway_schema_history" ...
10:24:43.968 [main] INFO org.flywaydb.core.internal.command.DbMigrate -- Current version of schema "public": << Empty Schema >>
10:24:43.970 [main] INFO org.flywaydb.core.internal.command.DbMigrate -- Migrating schema "public" to version "0001 - create foundation schemas"
10:24:43.981 [main] INFO org.flywaydb.core.internal.command.DbMigrate -- Successfully applied 1 migration to schema "public", now at version v0001 (execution time 00:00.006s)
10:24:44.028 [main] INFO org.flywaydb.core.FlywayExecutor -- Database: jdbc:postgresql://localhost:53548/marketops?loggerLevel=OFF (PostgreSQL 18.4)
10:24:44.063 [main] INFO org.flywaydb.core.internal.command.DbValidate -- Successfully validated 65 migrations (execution time 00:00.021s)
10:24:44.084 [main] INFO org.flywaydb.core.internal.command.DbMigrate -- Current version of schema "public": 0001
10:24:44.086 [main] INFO org.flywaydb.core.internal.command.DbMigrate -- Migrating schema "public" to version "0002 - enable btree gist extension"
10:24:44.092 [main] ERROR org.flywaydb.core.internal.command.DbMigrate -- Migration of schema "public" to version "0002 - enable btree gist extension" failed! Changes successfully rolled back.
[INFO] Tests run: 11, Failures: 0, Errors: 0, Skipped: 0, Time elapsed: 12.47 s -- in com.mimococo.marketops.database.FlywayMigrationIT
[INFO] Running com.mimococo.marketops.AdvertisingDisclosureIT
10:24:44.371 [main] INFO org.springframework.test.context.support.AnnotationConfigContextLoaderUtils -- Could not detect default configuration classes for test class [com.mimococo.marketops.AdvertisingDisclosureIT]: AdvertisingDisclosureIT does not declare any static, non-private, non-final, nested classes annotated with @Configuration.
10:24:44.574 [main] INFO org.springframework.boot.test.context.SpringBootTestContextBootstrapper -- Found @SpringBootConfiguration com.mimococo.marketops.MarketOpsServerApplication for test class com.mimococo.marketops.AdvertisingDisclosureIT
10:24:44.635 [main] INFO org.springframework.test.context.support.AnnotationConfigContextLoaderUtils -- Could not detect default configuration classes for test class [com.mimococo.marketops.AdvertisingDisclosureIT]: AdvertisingDisclosureIT does not declare any static, non-private, non-final, nested classes annotated with @Configuration.
10:24:44.645 [main] INFO org.springframework.boot.test.context.SpringBootTestContextBootstrapper -- Found @SpringBootConfiguration com.mimococo.marketops.MarketOpsServerApplication for test class com.mimococo.marketops.AdvertisingDisclosureIT
10:24:44.670 [main] INFO tc.postgres:17.6-bookworm@sha256:f3bd19... -- Creating container for image: postgres:17.6-bookworm@sha256:f3bd19c606e442c3d7bdfa8002e03fe260a1023351e0ea4598032022b68dd6e3
10:24:44.766 [main] INFO tc.postgres:17.6-bookworm@sha256:f3bd19... -- Container postgres:17.6-bookworm@sha256:f3bd19c606e442c3d7bdfa8002e03fe260a1023351e0ea4598032022b68dd6e3 is starting: 13451b3c318581d1b1c4f69048dee388255dad6ecbc4fdc8d6b60bc881ef5601
10:24:45.786 [main] INFO tc.postgres:17.6-bookworm@sha256:f3bd19... -- Container postgres:17.6-bookworm@sha256:f3bd19c606e442c3d7bdfa8002e03fe260a1023351e0ea4598032022b68dd6e3 started in PT1.116247S
10:24:45.787 [main] INFO tc.postgres:17.6-bookworm@sha256:f3bd19... -- Container is started (JDBC URL: jdbc:postgresql://localhost:53568/marketops?loggerLevel=OFF)
{"@timestamp":"2026-09-05T02:24:46.089507Z","log":{"level":"INFO","logger":"com.mimococo.marketops.AdvertisingDisclosureIT"},"process":{"pid":76847,"thread":{"name":"main"}},"service":{"name":"marketops-server","version":"0.1.0-SNAPSHOT","environment":"ci","node":{}},"message":"Starting AdvertisingDisclosureIT v0.1.0-SNAPSHOT using Java 21.0.10 with PID 76847 (started by chzhengx in /Users/chzhengx/Code/personal/marketops-platform/backend/marketops-server)","ecs":{"version":"8.11"},"application":"marketops-server","environment":"ci","buildVersion":"0.1.0-SNAPSHOT","correlationId":"none"}
{"@timestamp":"2026-09-05T02:24:46.096103Z","log":{"level":"INFO","logger":"com.mimococo.marketops.AdvertisingDisclosureIT"},"process":{"pid":76847,"thread":{"name":"main"}},"service":{"name":"marketops-server","version":"0.1.0-SNAPSHOT","environment":"ci","node":{}},"message":"The following 1 profile is active: \"ci\"","ecs":{"version":"8.11"},"application":"marketops-server","environment":"ci","buildVersion":"0.1.0-SNAPSHOT","correlationId":"none"}
{"@timestamp":"2026-09-05T02:24:52.011474Z","log":{"level":"INFO","logger":"com.mimococo.marketops.AdvertisingDisclosureIT"},"process":{"pid":76847,"thread":{"name":"main"}},"service":{"name":"marketops-server","version":"0.1.0-SNAPSHOT","environment":"ci","node":{}},"message":"Started AdvertisingDisclosureIT in 6.189 seconds (process running for 30.771)","ecs":{"version":"8.11"},"application":"marketops-server","environment":"ci","buildVersion":"0.1.0-SNAPSHOT","correlationId":"none"}
{"@timestamp":"2026-09-05T02:24:52.859964Z","log":{"level":"INFO","logger":"com.mimococo.marketops.adminobservability.internal.audit.JdbcMetadataAuditStore"},"process":{"pid":76847,"thread":{"name":"main"}},"service":{"name":"marketops-server","version":"0.1.0-SNAPSHOT","environment":"ci","node":{}},"message":"Metadata change recorded","ecs":{"version":"8.11"},"application":"marketops-server","environment":"ci","buildVersion":"0.1.0-SNAPSHOT","correlationId":"none","event":"metadata_change_recorded","sourceDomain":"identityaccess","entityType":"user-role-assignment","entityId":"63a49c6b-9047-4dda-9992-1572d776ac08","action":"GRANT","actorId":"disclosure-fixture"}
{"@timestamp":"2026-09-05T02:24:52.868415Z","log":{"level":"INFO","logger":"com.mimococo.marketops.adminobservability.internal.audit.JdbcMetadataAuditStore"},"process":{"pid":76847,"thread":{"name":"main"}},"service":{"name":"marketops-server","version":"0.1.0-SNAPSHOT","environment":"ci","node":{}},"message":"Metadata change recorded","ecs":{"version":"8.11"},"application":"marketops-server","environment":"ci","buildVersion":"0.1.0-SNAPSHOT","correlationId":"none","event":"metadata_change_recorded","sourceDomain":"identityaccess","entityType":"user-role-assignment","entityId":"0d4dcd6a-3a17-4501-b8c7-a3016eca9b12","action":"GRANT","actorId":"disclosure-fixture"}
{"@timestamp":"2026-09-05T02:24:52.876467Z","log":{"level":"INFO","logger":"com.mimococo.marketops.adminobservability.internal.audit.JdbcMetadataAuditStore"},"process":{"pid":76847,"thread":{"name":"main"}},"service":{"name":"marketops-server","version":"0.1.0-SNAPSHOT","environment":"ci","node":{}},"message":"Metadata change recorded","ecs":{"version":"8.11"},"application":"marketops-server","environment":"ci","buildVersion":"0.1.0-SNAPSHOT","correlationId":"none","event":"metadata_change_recorded","sourceDomain":"identityaccess","entityType":"user-scope-grant","entityId":"f89901c2-97fc-4f1c-8ff1-926363b1e3d6","action":"GRANT","actorId":"disclosure-fixture"}
{"@timestamp":"2026-09-05T02:24:52.880055Z","log":{"level":"INFO","logger":"com.mimococo.marketops.adminobservability.internal.audit.JdbcMetadataAuditStore"},"process":{"pid":76847,"thread":{"name":"main"}},"service":{"name":"marketops-server","version":"0.1.0-SNAPSHOT","environment":"ci","node":{}},"message":"Metadata change recorded","ecs":{"version":"8.11"},"application":"marketops-server","environment":"ci","buildVersion":"0.1.0-SNAPSHOT","correlationId":"none","event":"metadata_change_recorded","sourceDomain":"identityaccess","entityType":"user-scope-grant","entityId":"4f293958-05fb-4628-9bbe-75724c432d4f","action":"GRANT","actorId":"disclosure-fixture"}
{"@timestamp":"2026-09-05T02:24:53.228786Z","log":{"level":"INFO","logger":"com.mimococo.marketops.adminobservability.internal.audit.JdbcMetadataAuditStore"},"process":{"pid":76847,"thread":{"name":"main"}},"service":{"name":"marketops-server","version":"0.1.0-SNAPSHOT","environment":"ci","node":{}},"message":"Metadata change recorded","ecs":{"version":"8.11"},"application":"marketops-server","environment":"ci","buildVersion":"0.1.0-SNAPSHOT","correlationId":"none","event":"metadata_change_recorded","sourceDomain":"identityaccess","entityType":"user-role-assignment","entityId":"7007c19c-13f8-44b2-84aa-16acbcd317de","action":"GRANT","actorId":"disclosure-fixture"}
{"@timestamp":"2026-09-05T02:24:53.233816Z","log":{"level":"INFO","logger":"com.mimococo.marketops.adminobservability.internal.audit.JdbcMetadataAuditStore"},"process":{"pid":76847,"thread":{"name":"main"}},"service":{"name":"marketops-server","version":"0.1.0-SNAPSHOT","environment":"ci","node":{}},"message":"Metadata change recorded","ecs":{"version":"8.11"},"application":"marketops-server","environment":"ci","buildVersion":"0.1.0-SNAPSHOT","correlationId":"none","event":"metadata_change_recorded","sourceDomain":"identityaccess","entityType":"user-scope-grant","entityId":"7cdf5c29-321a-4689-bfc8-0273d33d38c2","action":"GRANT","actorId":"disclosure-fixture"}
{"@timestamp":"2026-09-05T02:24:53.349093Z","log":{"level":"INFO","logger":"com.mimococo.marketops.adminobservability.internal.audit.JdbcMetadataAuditStore"},"process":{"pid":76847,"thread":{"name":"main"}},"service":{"name":"marketops-server","version":"0.1.0-SNAPSHOT","environment":"ci","node":{}},"message":"Metadata change recorded","ecs":{"version":"8.11"},"application":"marketops-server","environment":"ci","buildVersion":"0.1.0-SNAPSHOT","correlationId":"none","event":"metadata_change_recorded","sourceDomain":"identityaccess","entityType":"user-scope-grant","entityId":"cdb19b96-bffb-4e80-8aac-fb4c240f7474","action":"GRANT","actorId":"disclosure-fixture"}
{"@timestamp":"2026-09-05T02:24:53.417916Z","log":{"level":"INFO","logger":"com.mimococo.marketops.adminobservability.internal.audit.JdbcMetadataAuditStore"},"process":{"pid":76847,"thread":{"name":"main"}},"service":{"name":"marketops-server","version":"0.1.0-SNAPSHOT","environment":"ci","node":{}},"message":"Metadata change recorded","ecs":{"version":"8.11"},"application":"marketops-server","environment":"ci","buildVersion":"0.1.0-SNAPSHOT","correlationId":"none","event":"metadata_change_recorded","sourceDomain":"identityaccess","entityType":"user-scope-grant","entityId":"cdb19b96-bffb-4e80-8aac-fb4c240f7474","action":"REVOKE","actorId":"disclosure-fixture"}
{"@timestamp":"2026-09-05T02:24:53.596254Z","log":{"level":"INFO","logger":"com.mimococo.marketops.adminobservability.internal.audit.JdbcMetadataAuditStore"},"process":{"pid":76847,"thread":{"name":"main"}},"service":{"name":"marketops-server","version":"0.1.0-SNAPSHOT","environment":"ci","node":{}},"message":"Metadata change recorded","ecs":{"version":"8.11"},"application":"marketops-server","environment":"ci","buildVersion":"0.1.0-SNAPSHOT","correlationId":"none","event":"metadata_change_recorded","sourceDomain":"identityaccess","entityType":"user-role-assignment","entityId":"02e67441-e11d-4413-91ca-13e09f608171","action":"GRANT","actorId":"disclosure-fixture"}
{"@timestamp":"2026-09-05T02:24:53.599196Z","log":{"level":"INFO","logger":"com.mimococo.marketops.adminobservability.internal.audit.JdbcMetadataAuditStore"},"process":{"pid":76847,"thread":{"name":"main"}},"service":{"name":"marketops-server","version":"0.1.0-SNAPSHOT","environment":"ci","node":{}},"message":"Metadata change recorded","ecs":{"version":"8.11"},"application":"marketops-server","environment":"ci","buildVersion":"0.1.0-SNAPSHOT","correlationId":"none","event":"metadata_change_recorded","sourceDomain":"identityaccess","entityType":"user-role-assignment","entityId":"ab22e353-8768-41a0-bbef-f091a3d96174","action":"GRANT","actorId":"disclosure-fixture"}
{"@timestamp":"2026-09-05T02:24:53.602277Z","log":{"level":"INFO","logger":"com.mimococo.marketops.adminobservability.internal.audit.JdbcMetadataAuditStore"},"process":{"pid":76847,"thread":{"name":"main"}},"service":{"name":"marketops-server","version":"0.1.0-SNAPSHOT","environment":"ci","node":{}},"message":"Metadata change recorded","ecs":{"version":"8.11"},"application":"marketops-server","environment":"ci","buildVersion":"0.1.0-SNAPSHOT","correlationId":"none","event":"metadata_change_recorded","sourceDomain":"identityaccess","entityType":"user-scope-grant","entityId":"8728bd36-079d-46e0-82ad-a9cfbfb91f78","action":"GRANT","actorId":"disclosure-fixture"}
{"@timestamp":"2026-09-05T02:24:53.605626Z","log":{"level":"INFO","logger":"com.mimococo.marketops.adminobservability.internal.audit.JdbcMetadataAuditStore"},"process":{"pid":76847,"thread":{"name":"main"}},"service":{"name":"marketops-server","version":"0.1.0-SNAPSHOT","environment":"ci","node":{}},"message":"Metadata change recorded","ecs":{"version":"8.11"},"application":"marketops-server","environment":"ci","buildVersion":"0.1.0-SNAPSHOT","correlationId":"none","event":"metadata_change_recorded","sourceDomain":"identityaccess","entityType":"user-scope-grant","entityId":"77e50abe-7c67-41c2-b8c3-6605027ab8cf","action":"GRANT","actorId":"disclosure-fixture"}
{"@timestamp":"2026-09-05T02:24:53.624382Z","log":{"level":"INFO","logger":"com.mimococo.marketops.adminobservability.internal.audit.JdbcMetadataAuditStore"},"process":{"pid":76847,"thread":{"name":"main"}},"service":{"name":"marketops-server","version":"0.1.0-SNAPSHOT","environment":"ci","node":{}},"message":"Metadata change recorded","ecs":{"version":"8.11"},"application":"marketops-server","environment":"ci","buildVersion":"0.1.0-SNAPSHOT","correlationId":"none","event":"metadata_change_recorded","sourceDomain":"identityaccess","entityType":"user-scope-grant","entityId":"ccea9998-5ee8-4fad-943e-79e4c808a66e","action":"GRANT","actorId":"disclosure-fixture"}
{"@timestamp":"2026-09-05T02:24:53.856875Z","log":{"level":"INFO","logger":"com.mimococo.marketops.adminobservability.internal.audit.JdbcMetadataAuditStore"},"process":{"pid":76847,"thread":{"name":"main"}},"service":{"name":"marketops-server","version":"0.1.0-SNAPSHOT","environment":"ci","node":{}},"message":"Metadata change recorded","ecs":{"version":"8.11"},"application":"marketops-server","environment":"ci","buildVersion":"0.1.0-SNAPSHOT","correlationId":"none","event":"metadata_change_recorded","sourceDomain":"identityaccess","entityType":"user-role-assignment","entityId":"b47a49e3-eb01-455d-aced-e2f873ed2963","action":"GRANT","actorId":"disclosure-fixture"}
{"@timestamp":"2026-09-05T02:24:53.859600Z","log":{"level":"INFO","logger":"com.mimococo.marketops.adminobservability.internal.audit.JdbcMetadataAuditStore"},"process":{"pid":76847,"thread":{"name":"main"}},"service":{"name":"marketops-server","version":"0.1.0-SNAPSHOT","environment":"ci","node":{}},"message":"Metadata change recorded","ecs":{"version":"8.11"},"application":"marketops-server","environment":"ci","buildVersion":"0.1.0-SNAPSHOT","correlationId":"none","event":"metadata_change_recorded","sourceDomain":"identityaccess","entityType":"user-role-assignment","entityId":"4601ef8a-6401-4807-91b3-81e7bfb6d85b","action":"GRANT","actorId":"disclosure-fixture"}
{"@timestamp":"2026-09-05T02:24:53.862320Z","log":{"level":"INFO","logger":"com.mimococo.marketops.adminobservability.internal.audit.JdbcMetadataAuditStore"},"process":{"pid":76847,"thread":{"name":"main"}},"service":{"name":"marketops-server","version":"0.1.0-SNAPSHOT","environment":"ci","node":{}},"message":"Metadata change recorded","ecs":{"version":"8.11"},"application":"marketops-server","environment":"ci","buildVersion":"0.1.0-SNAPSHOT","correlationId":"none","event":"metadata_change_recorded","sourceDomain":"identityaccess","entityType":"user-scope-grant","entityId":"062414be-9ab8-4d23-8d71-643622b2b4cc","action":"GRANT","actorId":"disclosure-fixture"}
{"@timestamp":"2026-09-05T02:24:53.865494Z","log":{"level":"INFO","logger":"com.mimococo.marketops.adminobservability.internal.audit.JdbcMetadataAuditStore"},"process":{"pid":76847,"thread":{"name":"main"}},"service":{"name":"marketops-server","version":"0.1.0-SNAPSHOT","environment":"ci","node":{}},"message":"Metadata change recorded","ecs":{"version":"8.11"},"application":"marketops-server","environment":"ci","buildVersion":"0.1.0-SNAPSHOT","correlationId":"none","event":"metadata_change_recorded","sourceDomain":"identityaccess","entityType":"user-scope-grant","entityId":"4bf3e59d-4136-4b49-b038-211aeefb5f04","action":"GRANT","actorId":"disclosure-fixture"}
{"@timestamp":"2026-09-05T02:24:54.118141Z","log":{"level":"INFO","logger":"com.mimococo.marketops.adminobservability.internal.audit.JdbcMetadataAuditStore"},"process":{"pid":76847,"thread":{"name":"main"}},"service":{"name":"marketops-server","version":"0.1.0-SNAPSHOT","environment":"ci","node":{}},"message":"Metadata change recorded","ecs":{"version":"8.11"},"application":"marketops-server","environment":"ci","buildVersion":"0.1.0-SNAPSHOT","correlationId":"none","event":"metadata_change_recorded","sourceDomain":"identityaccess","entityType":"user-role-assignment","entityId":"378a6209-167e-4cc1-a24a-9c81391ffc8a","action":"GRANT","actorId":"disclosure-fixture"}
{"@timestamp":"2026-09-05T02:24:54.120820Z","log":{"level":"INFO","logger":"com.mimococo.marketops.adminobservability.internal.audit.JdbcMetadataAuditStore"},"process":{"pid":76847,"thread":{"name":"main"}},"service":{"name":"marketops-server","version":"0.1.0-SNAPSHOT","environment":"ci","node":{}},"message":"Metadata change recorded","ecs":{"version":"8.11"},"application":"marketops-server","environment":"ci","buildVersion":"0.1.0-SNAPSHOT","correlationId":"none","event":"metadata_change_recorded","sourceDomain":"identityaccess","entityType":"user-role-assignment","entityId":"d5df1f5b-929c-421f-8758-3d375fc46e1a","action":"GRANT","actorId":"disclosure-fixture"}
{"@timestamp":"2026-09-05T02:24:54.123712Z","log":{"level":"INFO","logger":"com.mimococo.marketops.adminobservability.internal.audit.JdbcMetadataAuditStore"},"process":{"pid":76847,"thread":{"name":"main"}},"service":{"name":"marketops-server","version":"0.1.0-SNAPSHOT","environment":"ci","node":{}},"message":"Metadata change recorded","ecs":{"version":"8.11"},"application":"marketops-server","environment":"ci","buildVersion":"0.1.0-SNAPSHOT","correlationId":"none","event":"metadata_change_recorded","sourceDomain":"identityaccess","entityType":"user-scope-grant","entityId":"3743c1b8-5718-4cd8-8045-6af0b359fe4a","action":"GRANT","actorId":"disclosure-fixture"}
{"@timestamp":"2026-09-05T02:24:54.126208Z","log":{"level":"INFO","logger":"com.mimococo.marketops.adminobservability.internal.audit.JdbcMetadataAuditStore"},"process":{"pid":76847,"thread":{"name":"main"}},"service":{"name":"marketops-server","version":"0.1.0-SNAPSHOT","environment":"ci","node":{}},"message":"Metadata change recorded","ecs":{"version":"8.11"},"application":"marketops-server","environment":"ci","buildVersion":"0.1.0-SNAPSHOT","correlationId":"none","event":"metadata_change_recorded","sourceDomain":"identityaccess","entityType":"user-scope-grant","entityId":"e2e4ccf8-3d55-4eb7-bd20-db5e0e9d4fe2","action":"GRANT","actorId":"disclosure-fixture"}
{"@timestamp":"2026-09-05T02:24:54.365198Z","log":{"level":"INFO","logger":"com.mimococo.marketops.adminobservability.internal.audit.JdbcMetadataAuditStore"},"process":{"pid":76847,"thread":{"name":"main"}},"service":{"name":"marketops-server","version":"0.1.0-SNAPSHOT","environment":"ci","node":{}},"message":"Metadata change recorded","ecs":{"version":"8.11"},"application":"marketops-server","environment":"ci","buildVersion":"0.1.0-SNAPSHOT","correlationId":"none","event":"metadata_change_recorded","sourceDomain":"identityaccess","entityType":"user-role-assignment","entityId":"497e3f66-b468-4361-b5b0-18c56729e010","action":"GRANT","actorId":"disclosure-fixture"}
{"@timestamp":"2026-09-05T02:24:54.370394Z","log":{"level":"INFO","logger":"com.mimococo.marketops.adminobservability.internal.audit.JdbcMetadataAuditStore"},"process":{"pid":76847,"thread":{"name":"main"}},"service":{"name":"marketops-server","version":"0.1.0-SNAPSHOT","environment":"ci","node":{}},"message":"Metadata change recorded","ecs":{"version":"8.11"},"application":"marketops-server","environment":"ci","buildVersion":"0.1.0-SNAPSHOT","correlationId":"none","event":"metadata_change_recorded","sourceDomain":"identityaccess","entityType":"user-role-assignment","entityId":"9da78b1a-6018-40f5-808e-69c8dc8230e2","action":"GRANT","actorId":"disclosure-fixture"}
{"@timestamp":"2026-09-05T02:24:54.377313Z","log":{"level":"INFO","logger":"com.mimococo.marketops.adminobservability.internal.audit.JdbcMetadataAuditStore"},"process":{"pid":76847,"thread":{"name":"main"}},"service":{"name":"marketops-server","version":"0.1.0-SNAPSHOT","environment":"ci","node":{}},"message":"Metadata change recorded","ecs":{"version":"8.11"},"application":"marketops-server","environment":"ci","buildVersion":"0.1.0-SNAPSHOT","correlationId":"none","event":"metadata_change_recorded","sourceDomain":"identityaccess","entityType":"user-scope-grant","entityId":"971b0127-5dd2-4b53-a531-6137f2eb73ca","action":"GRANT","actorId":"disclosure-fixture"}
{"@timestamp":"2026-09-05T02:24:54.381602Z","log":{"level":"INFO","logger":"com.mimococo.marketops.adminobservability.internal.audit.JdbcMetadataAuditStore"},"process":{"pid":76847,"thread":{"name":"main"}},"service":{"name":"marketops-server","version":"0.1.0-SNAPSHOT","environment":"ci","node":{}},"message":"Metadata change recorded","ecs":{"version":"8.11"},"application":"marketops-server","environment":"ci","buildVersion":"0.1.0-SNAPSHOT","correlationId":"none","event":"metadata_change_recorded","sourceDomain":"identityaccess","entityType":"user-scope-grant","entityId":"fcc3acf5-a164-4e1c-ac32-855cd523d614","action":"GRANT","actorId":"disclosure-fixture"}
{"@timestamp":"2026-09-05T02:24:54.410175Z","log":{"level":"INFO","logger":"com.mimococo.marketops.adminobservability.internal.audit.JdbcMetadataAuditStore"},"process":{"pid":76847,"thread":{"name":"main"}},"service":{"name":"marketops-server","version":"0.1.0-SNAPSHOT","environment":"ci","node":{}},"message":"Metadata change recorded","ecs":{"version":"8.11"},"application":"marketops-server","environment":"ci","buildVersion":"0.1.0-SNAPSHOT","correlationId":"none","event":"metadata_change_recorded","sourceDomain":"identityaccess","entityType":"user-scope-grant","entityId":"9fa8389e-1a7a-4b33-bf54-1310eefc0706","action":"GRANT","actorId":"disclosure-fixture"}
{"@timestamp":"2026-09-05T02:24:54.444406Z","log":{"level":"INFO","logger":"com.mimococo.marketops.adminobservability.internal.audit.JdbcMetadataAuditStore"},"process":{"pid":76847,"thread":{"name":"main"}},"service":{"name":"marketops-server","version":"0.1.0-SNAPSHOT","environment":"ci","node":{}},"message":"Metadata change recorded","ecs":{"version":"8.11"},"application":"marketops-server","environment":"ci","buildVersion":"0.1.0-SNAPSHOT","correlationId":"none","event":"metadata_change_recorded","sourceDomain":"identityaccess","entityType":"user-scope-grant","entityId":"2b09de38-8d30-4fcb-95fb-5359b0d9a451","action":"GRANT","actorId":"disclosure-fixture"}
{"@timestamp":"2026-09-05T02:24:54.505734Z","log":{"level":"INFO","logger":"com.mimococo.marketops.adminobservability.internal.audit.JdbcMetadataAuditStore"},"process":{"pid":76847,"thread":{"name":"main"}},"service":{"name":"marketops-server","version":"0.1.0-SNAPSHOT","environment":"ci","node":{}},"message":"Metadata change recorded","ecs":{"version":"8.11"},"application":"marketops-server","environment":"ci","buildVersion":"0.1.0-SNAPSHOT","correlationId":"none","event":"metadata_change_recorded","sourceDomain":"identityaccess","entityType":"user-scope-grant","entityId":"2b09de38-8d30-4fcb-95fb-5359b0d9a451","action":"REVOKE","actorId":"disclosure-fixture"}
{"@timestamp":"2026-09-05T02:24:54.670654Z","log":{"level":"INFO","logger":"com.mimococo.marketops.adminobservability.internal.audit.JdbcMetadataAuditStore"},"process":{"pid":76847,"thread":{"name":"main"}},"service":{"name":"marketops-server","version":"0.1.0-SNAPSHOT","environment":"ci","node":{}},"message":"Metadata change recorded","ecs":{"version":"8.11"},"application":"marketops-server","environment":"ci","buildVersion":"0.1.0-SNAPSHOT","correlationId":"none","event":"metadata_change_recorded","sourceDomain":"identityaccess","entityType":"user-role-assignment","entityId":"229fe1f5-50a2-406c-95bc-ceb120e60edb","action":"GRANT","actorId":"disclosure-fixture"}
{"@timestamp":"2026-09-05T02:24:54.673179Z","log":{"level":"INFO","logger":"com.mimococo.marketops.adminobservability.internal.audit.JdbcMetadataAuditStore"},"process":{"pid":76847,"thread":{"name":"main"}},"service":{"name":"marketops-server","version":"0.1.0-SNAPSHOT","environment":"ci","node":{}},"message":"Metadata change recorded","ecs":{"version":"8.11"},"application":"marketops-server","environment":"ci","buildVersion":"0.1.0-SNAPSHOT","correlationId":"none","event":"metadata_change_recorded","sourceDomain":"identityaccess","entityType":"user-role-assignment","entityId":"628c0773-3089-4e7a-9db5-c6e5c2e573ae","action":"GRANT","actorId":"disclosure-fixture"}
{"@timestamp":"2026-09-05T02:24:54.675705Z","log":{"level":"INFO","logger":"com.mimococo.marketops.adminobservability.internal.audit.JdbcMetadataAuditStore"},"process":{"pid":76847,"thread":{"name":"main"}},"service":{"name":"marketops-server","version":"0.1.0-SNAPSHOT","environment":"ci","node":{}},"message":"Metadata change recorded","ecs":{"version":"8.11"},"application":"marketops-server","environment":"ci","buildVersion":"0.1.0-SNAPSHOT","correlationId":"none","event":"metadata_change_recorded","sourceDomain":"identityaccess","entityType":"user-scope-grant","entityId":"35e1c323-8beb-4be6-aa54-0e4c001d095d","action":"GRANT","actorId":"disclosure-fixture"}
{"@timestamp":"2026-09-05T02:24:54.678135Z","log":{"level":"INFO","logger":"com.mimococo.marketops.adminobservability.internal.audit.JdbcMetadataAuditStore"},"process":{"pid":76847,"thread":{"name":"main"}},"service":{"name":"marketops-server","version":"0.1.0-SNAPSHOT","environment":"ci","node":{}},"message":"Metadata change recorded","ecs":{"version":"8.11"},"application":"marketops-server","environment":"ci","buildVersion":"0.1.0-SNAPSHOT","correlationId":"none","event":"metadata_change_recorded","sourceDomain":"identityaccess","entityType":"user-scope-grant","entityId":"5a396aeb-40fe-43c1-b550-742473dbbb26","action":"GRANT","actorId":"disclosure-fixture"}
{"@timestamp":"2026-09-05T02:24:54.815566Z","log":{"level":"INFO","logger":"com.mimococo.marketops.adminobservability.internal.audit.JdbcMetadataAuditStore"},"process":{"pid":76847,"thread":{"name":"main"}},"service":{"name":"marketops-server","version":"0.1.0-SNAPSHOT","environment":"ci","node":{}},"message":"Metadata change recorded","ecs":{"version":"8.11"},"application":"marketops-server","environment":"ci","buildVersion":"0.1.0-SNAPSHOT","correlationId":"none","event":"metadata_change_recorded","sourceDomain":"identityaccess","entityType":"user-scope-grant","entityId":"e26eb072-bbdb-4def-a658-84a4b600b889","action":"GRANT","actorId":"disclosure-fixture"}
{"@timestamp":"2026-09-05T02:24:54.817866Z","log":{"level":"INFO","logger":"com.mimococo.marketops.adminobservability.internal.audit.JdbcMetadataAuditStore"},"process":{"pid":76847,"thread":{"name":"main"}},"service":{"name":"marketops-server","version":"0.1.0-SNAPSHOT","environment":"ci","node":{}},"message":"Metadata change recorded","ecs":{"version":"8.11"},"application":"marketops-server","environment":"ci","buildVersion":"0.1.0-SNAPSHOT","correlationId":"none","event":"metadata_change_recorded","sourceDomain":"identityaccess","entityType":"user-role-assignment","entityId":"86f92b3e-949f-4088-8425-76934140c152","action":"GRANT","actorId":"disclosure-fixture"}
{"@timestamp":"2026-09-05T02:24:54.820637Z","log":{"level":"INFO","logger":"com.mimococo.marketops.adminobservability.internal.audit.JdbcMetadataAuditStore"},"process":{"pid":76847,"thread":{"name":"main"}},"service":{"name":"marketops-server","version":"0.1.0-SNAPSHOT","environment":"ci","node":{}},"message":"Metadata change recorded","ecs":{"version":"8.11"},"application":"marketops-server","environment":"ci","buildVersion":"0.1.0-SNAPSHOT","correlationId":"none","event":"metadata_change_recorded","sourceDomain":"identityaccess","entityType":"user-scope-grant","entityId":"1c4d9e31-a317-4459-b21f-8953e77178f4","action":"GRANT","actorId":"disclosure-fixture"}
{"@timestamp":"2026-09-05T02:24:54.823420Z","log":{"level":"INFO","logger":"com.mimococo.marketops.adminobservability.internal.audit.JdbcMetadataAuditStore"},"process":{"pid":76847,"thread":{"name":"main"}},"service":{"name":"marketops-server","version":"0.1.0-SNAPSHOT","environment":"ci","node":{}},"message":"Metadata change recorded","ecs":{"version":"8.11"},"application":"marketops-server","environment":"ci","buildVersion":"0.1.0-SNAPSHOT","correlationId":"none","event":"metadata_change_recorded","sourceDomain":"identityaccess","entityType":"user-scope-grant","entityId":"57cb15d7-0215-43dd-882b-c004a4e09d2c","action":"GRANT","actorId":"disclosure-fixture"}
[INFO] Tests run: 6, Failures: 0, Errors: 0, Skipped: 0, Time elapsed: 10.55 s -- in com.mimococo.marketops.AdvertisingDisclosureIT
[INFO] Running com.mimococo.marketops.AdvertisingReservationIT
[INFO] Tests run: 14, Failures: 0, Errors: 0, Skipped: 0, Time elapsed: 9.796 s -- in com.mimococo.marketops.AdvertisingReservationIT
[INFO] Running com.mimococo.marketops.shared.internal.migration.ManagedProfileMigrationIT
{"@timestamp":"2026-09-05T02:25:15.292353Z","log":{"level":"ERROR","logger":"org.flywaydb.core.internal.command.DbMigrate"},"process":{"pid":76847,"thread":{"name":"main"}},"service":{"name":"marketops-server","version":"0.1.0-SNAPSHOT","environment":"ci","node":{}},"message":"Migration of schema \"public\" to version \"0003 - create metadata audit event\" failed! Changes successfully rolled back.","ecs":{"version":"8.11"},"application":"marketops-server","environment":"ci","buildVersion":"0.1.0-SNAPSHOT","correlationId":"none"}
[ERROR] Tests run: 3, Failures: 1, Errors: 0, Skipped: 0, Time elapsed: 16.29 s <<< FAILURE! -- in com.mimococo.marketops.shared.internal.migration.ManagedProfileMigrationIT
[ERROR] com.mimococo.marketops.shared.internal.migration.ManagedProfileMigrationIT.pg17StandardAndManagedProfilesHaveCanonicalHistoryAndEquivalentApplicationSchemas -- Time elapsed: 11.82 s <<< FAILURE!
org.opentest4j.AssertionFailedError: 

expected: 46
 but was: 55
	at com.mimococo.marketops.shared.internal.migration.ManagedProfileMigrationIT.verifyForwardFailureAndPriorReleaseUpgrade(ManagedProfileMigrationIT.java:250)
	at com.mimococo.marketops.shared.internal.migration.ManagedProfileMigrationIT.pg17StandardAndManagedProfilesHaveCanonicalHistoryAndEquivalentApplicationSchemas(ManagedProfileMigrationIT.java:189)

[INFO] Running com.mimococo.marketops.AdvertisingSealedAuthorityIT
[INFO] Tests run: 15, Failures: 0, Errors: 0, Skipped: 0, Time elapsed: 7.178 s -- in com.mimococo.marketops.AdvertisingSealedAuthorityIT
[INFO] Running com.mimococo.marketops.AdvertisingManualWorkflowIT
{"@timestamp":"2026-09-05T02:25:29.571413Z","log":{"level":"INFO","logger":"com.mimococo.marketops.AdvertisingManualWorkflowIT"},"process":{"pid":76847,"thread":{"name":"main"}},"service":{"name":"marketops-server","version":"0.1.0-SNAPSHOT","environment":"ci","node":{}},"message":"Starting AdvertisingManualWorkflowIT v0.1.0-SNAPSHOT using Java 21.0.10 with PID 76847 (started by chzhengx in /Users/chzhengx/Code/personal/marketops-platform/backend/marketops-server)","ecs":{"version":"8.11"},"application":"marketops-server","environment":"ci","buildVersion":"0.1.0-SNAPSHOT","correlationId":"none"}
{"@timestamp":"2026-09-05T02:25:29.572244Z","log":{"level":"INFO","logger":"com.mimococo.marketops.AdvertisingManualWorkflowIT"},"process":{"pid":76847,"thread":{"name":"main"}},"service":{"name":"marketops-server","version":"0.1.0-SNAPSHOT","environment":"ci","node":{}},"message":"The following 1 profile is active: \"ci\"","ecs":{"version":"8.11"},"application":"marketops-server","environment":"ci","buildVersion":"0.1.0-SNAPSHOT","correlationId":"none"}
{"@timestamp":"2026-09-05T02:25:32.711800Z","log":{"level":"INFO","logger":"com.mimococo.marketops.AdvertisingManualWorkflowIT"},"process":{"pid":76847,"thread":{"name":"main"}},"service":{"name":"marketops-server","version":"0.1.0-SNAPSHOT","environment":"ci","node":{}},"message":"Started AdvertisingManualWorkflowIT in 3.18 seconds (process running for 71.472)","ecs":{"version":"8.11"},"application":"marketops-server","environment":"ci","buildVersion":"0.1.0-SNAPSHOT","correlationId":"none"}
[INFO] Tests run: 9, Failures: 0, Errors: 0, Skipped: 0, Time elapsed: 10.17 s -- in com.mimococo.marketops.AdvertisingManualWorkflowIT
[INFO] Running com.mimococo.marketops.AdvertisingOrdinaryApprovalIT
{"@timestamp":"2026-09-05T02:25:39.841324Z","log":{"level":"INFO","logger":"com.mimococo.marketops.AdvertisingOrdinaryApprovalIT"},"process":{"pid":76847,"thread":{"name":"main"}},"service":{"name":"marketops-server","version":"0.1.0-SNAPSHOT","environment":"ci","node":{}},"message":"Starting AdvertisingOrdinaryApprovalIT v0.1.0-SNAPSHOT using Java 21.0.10 with PID 76847 (started by chzhengx in /Users/chzhengx/Code/personal/marketops-platform/backend/marketops-server)","ecs":{"version":"8.11"},"application":"marketops-server","environment":"ci","buildVersion":"0.1.0-SNAPSHOT","correlationId":"none"}
{"@timestamp":"2026-09-05T02:25:39.841917Z","log":{"level":"INFO","logger":"com.mimococo.marketops.AdvertisingOrdinaryApprovalIT"},"process":{"pid":76847,"thread":{"name":"main"}},"service":{"name":"marketops-server","version":"0.1.0-SNAPSHOT","environment":"ci","node":{}},"message":"The following 1 profile is active: \"ci\"","ecs":{"version":"8.11"},"application":"marketops-server","environment":"ci","buildVersion":"0.1.0-SNAPSHOT","correlationId":"none"}
{"@timestamp":"2026-09-05T02:25:43.051607Z","log":{"level":"INFO","logger":"com.mimococo.marketops.AdvertisingOrdinaryApprovalIT"},"process":{"pid":76847,"thread":{"name":"main"}},"service":{"name":"marketops-server","version":"0.1.0-SNAPSHOT","environment":"ci","node":{}},"message":"Started AdvertisingOrdinaryApprovalIT in 3.238 seconds (process running for 81.812)","ecs":{"version":"8.11"},"application":"marketops-server","environment":"ci","buildVersion":"0.1.0-SNAPSHOT","correlationId":"none"}
{"@timestamp":"2026-09-05T02:25:43.970794Z","log":{"level":"INFO","logger":"com.mimococo.marketops.adminobservability.internal.audit.JdbcMetadataAuditStore"},"process":{"pid":76847,"thread":{"name":"main"}},"service":{"name":"marketops-server","version":"0.1.0-SNAPSHOT","environment":"ci","node":{}},"message":"Metadata change recorded","ecs":{"version":"8.11"},"application":"marketops-server","environment":"ci","buildVersion":"0.1.0-SNAPSHOT","correlationId":"none","event":"metadata_change_recorded","sourceDomain":"operationsworkflow","entityType":"recommendation","entityId":"0a2d30e1-173c-4642-845e-87f240c42b3a","action":"STATUS_CHANGE","actorId":"ad401bac-3e5f-46a8-b745-913ec0ec6f96"}
{"@timestamp":"2026-09-05T02:25:44.045395Z","log":{"level":"INFO","logger":"com.mimococo.marketops.adminobservability.internal.audit.JdbcMetadataAuditStore"},"process":{"pid":76847,"thread":{"name":"main"}},"service":{"name":"marketops-server","version":"0.1.0-SNAPSHOT","environment":"ci","node":{}},"message":"Metadata change recorded","ecs":{"version":"8.11"},"application":"marketops-server","environment":"ci","buildVersion":"0.1.0-SNAPSHOT","correlationId":"none","event":"metadata_change_recorded","sourceDomain":"operationsworkflow","entityType":"recommendation","entityId":"0a2d30e1-173c-4642-845e-87f240c42b3a","action":"STATUS_CHANGE","actorId":"4457717f-fb75-43b5-95a7-7754f9b9a775"}
{"@timestamp":"2026-09-05T02:25:44.886111Z","log":{"level":"INFO","logger":"com.mimococo.marketops.adminobservability.internal.audit.JdbcMetadataAuditStore"},"process":{"pid":76847,"thread":{"name":"main"}},"service":{"name":"marketops-server","version":"0.1.0-SNAPSHOT","environment":"ci","node":{}},"message":"Metadata change recorded","ecs":{"version":"8.11"},"application":"marketops-server","environment":"ci","buildVersion":"0.1.0-SNAPSHOT","correlationId":"none","event":"metadata_change_recorded","sourceDomain":"operationsworkflow","entityType":"recommendation","entityId":"8ae7d8fd-ac70-4027-bdc0-70ecda204610","action":"STATUS_CHANGE","actorId":"49af9e5c-3850-4c8d-a2d1-5ac70c141a58"}
{"@timestamp":"2026-09-05T02:25:44.940323Z","log":{"level":"INFO","logger":"com.mimococo.marketops.adminobservability.internal.audit.JdbcMetadataAuditStore"},"process":{"pid":76847,"thread":{"name":"main"}},"service":{"name":"marketops-server","version":"0.1.0-SNAPSHOT","environment":"ci","node":{}},"message":"Metadata change recorded","ecs":{"version":"8.11"},"application":"marketops-server","environment":"ci","buildVersion":"0.1.0-SNAPSHOT","correlationId":"none","event":"metadata_change_recorded","sourceDomain":"operationsworkflow","entityType":"recommendation","entityId":"8ae7d8fd-ac70-4027-bdc0-70ecda204610","action":"STATUS_CHANGE","actorId":"e22e2227-93b5-4549-a2c3-a6fc6f7f2b30"}
{"@timestamp":"2026-09-05T02:25:45.056046Z","log":{"level":"INFO","logger":"com.mimococo.marketops.adminobservability.internal.audit.JdbcMetadataAuditStore"},"process":{"pid":76847,"thread":{"name":"main"}},"service":{"name":"marketops-server","version":"0.1.0-SNAPSHOT","environment":"ci","node":{}},"message":"Metadata change recorded","ecs":{"version":"8.11"},"application":"marketops-server","environment":"ci","buildVersion":"0.1.0-SNAPSHOT","correlationId":"none","event":"metadata_change_recorded","sourceDomain":"operationsworkflow","entityType":"approval-decision","entityId":"9821cfa2-f919-4812-8346-fd0206195f25","action":"APPROVAL_DECISION","actorId":"e22e2227-93b5-4549-a2c3-a6fc6f7f2b30"}
{"@timestamp":"2026-09-05T02:25:45.058943Z","log":{"level":"INFO","logger":"com.mimococo.marketops.adminobservability.internal.audit.JdbcMetadataAuditStore"},"process":{"pid":76847,"thread":{"name":"main"}},"service":{"name":"marketops-server","version":"0.1.0-SNAPSHOT","environment":"ci","node":{}},"message":"Metadata change recorded","ecs":{"version":"8.11"},"application":"marketops-server","environment":"ci","buildVersion":"0.1.0-SNAPSHOT","correlationId":"none","event":"metadata_change_recorded","sourceDomain":"operationsworkflow","entityType":"recommendation","entityId":"8ae7d8fd-ac70-4027-bdc0-70ecda204610","action":"STATUS_CHANGE","actorId":"e22e2227-93b5-4549-a2c3-a6fc6f7f2b30"}
{"@timestamp":"2026-09-05T02:25:45.218036Z","log":{"level":"INFO","logger":"com.mimococo.marketops.adminobservability.internal.audit.JdbcMetadataAuditStore"},"process":{"pid":76847,"thread":{"name":"main"}},"service":{"name":"marketops-server","version":"0.1.0-SNAPSHOT","environment":"ci","node":{}},"message":"Metadata change recorded","ecs":{"version":"8.11"},"application":"marketops-server","environment":"ci","buildVersion":"0.1.0-SNAPSHOT","correlationId":"none","event":"metadata_change_recorded","sourceDomain":"operationsworkflow","entityType":"recommendation","entityId":"8ae7d8fd-ac70-4027-bdc0-70ecda204610","action":"STATUS_CHANGE","actorId":"e22e2227-93b5-4549-a2c3-a6fc6f7f2b30"}
{"@timestamp":"2026-09-05T02:25:45.219434Z","log":{"level":"INFO","logger":"com.mimococo.marketops.adminobservability.internal.audit.JdbcMetadataAuditStore"},"process":{"pid":76847,"thread":{"name":"main"}},"service":{"name":"marketops-server","version":"0.1.0-SNAPSHOT","environment":"ci","node":{}},"message":"Metadata change recorded","ecs":{"version":"8.11"},"application":"marketops-server","environment":"ci","buildVersion":"0.1.0-SNAPSHOT","correlationId":"none","event":"metadata_change_recorded","sourceDomain":"operationsworkflow","entityType":"recommendation","entityId":"8ae7d8fd-ac70-4027-bdc0-70ecda204610","action":"COMMAND_TRANSITION","actorId":"e22e2227-93b5-4549-a2c3-a6fc6f7f2b30"}
{"@timestamp":"2026-09-05T02:25:46.212020Z","log":{"level":"INFO","logger":"com.mimococo.marketops.adminobservability.internal.audit.JdbcMetadataAuditStore"},"process":{"pid":76847,"thread":{"name":"main"}},"service":{"name":"marketops-server","version":"0.1.0-SNAPSHOT","environment":"ci","node":{}},"message":"Metadata change recorded","ecs":{"version":"8.11"},"application":"marketops-server","environment":"ci","buildVersion":"0.1.0-SNAPSHOT","correlationId":"none","event":"metadata_change_recorded","sourceDomain":"operationsworkflow","entityType":"recommendation","entityId":"4df3d3b0-fc3d-404d-9b96-38c20f32f003","action":"STATUS_CHANGE","actorId":"37f2445e-e5ae-4565-9cc4-b7bdb21d4da0"}
{"@timestamp":"2026-09-05T02:25:46.263990Z","log":{"level":"INFO","logger":"com.mimococo.marketops.adminobservability.internal.audit.JdbcMetadataAuditStore"},"process":{"pid":76847,"thread":{"name":"main"}},"service":{"name":"marketops-server","version":"0.1.0-SNAPSHOT","environment":"ci","node":{}},"message":"Metadata change recorded","ecs":{"version":"8.11"},"application":"marketops-server","environment":"ci","buildVersion":"0.1.0-SNAPSHOT","correlationId":"none","event":"metadata_change_recorded","sourceDomain":"operationsworkflow","entityType":"recommendation","entityId":"4df3d3b0-fc3d-404d-9b96-38c20f32f003","action":"STATUS_CHANGE","actorId":"def628b6-95dc-405d-b429-9e5ed70109be"}
{"@timestamp":"2026-09-05T02:25:46.751028Z","log":{"level":"INFO","logger":"com.mimococo.marketops.adminobservability.internal.audit.JdbcMetadataAuditStore"},"process":{"pid":76847,"thread":{"name":"main"}},"service":{"name":"marketops-server","version":"0.1.0-SNAPSHOT","environment":"ci","node":{}},"message":"Metadata change recorded","ecs":{"version":"8.11"},"application":"marketops-server","environment":"ci","buildVersion":"0.1.0-SNAPSHOT","correlationId":"none","event":"metadata_change_recorded","sourceDomain":"operationsworkflow","entityType":"recommendation","entityId":"26f4ac2a-a13d-4c9e-81cf-4f98738886fc","action":"STATUS_CHANGE","actorId":"5a0745f8-de39-42ed-b424-0670f09cd072"}
{"@timestamp":"2026-09-05T02:25:46.796346Z","log":{"level":"INFO","logger":"com.mimococo.marketops.adminobservability.internal.audit.JdbcMetadataAuditStore"},"process":{"pid":76847,"thread":{"name":"main"}},"service":{"name":"marketops-server","version":"0.1.0-SNAPSHOT","environment":"ci","node":{}},"message":"Metadata change recorded","ecs":{"version":"8.11"},"application":"marketops-server","environment":"ci","buildVersion":"0.1.0-SNAPSHOT","correlationId":"none","event":"metadata_change_recorded","sourceDomain":"operationsworkflow","entityType":"recommendation","entityId":"26f4ac2a-a13d-4c9e-81cf-4f98738886fc","action":"STATUS_CHANGE","actorId":"c82d3725-6f31-4870-ac7c-2fb206117417"}
[INFO] Tests run: 7, Failures: 0, Errors: 0, Skipped: 0, Time elapsed: 8.608 s -- in com.mimococo.marketops.AdvertisingOrdinaryApprovalIT
[INFO] Running com.mimococo.marketops.AdvertisingProtectedBaseUpgradeIT
[INFO] Tests run: 1, Failures: 0, Errors: 0, Skipped: 0, Time elapsed: 4.555 s -- in com.mimococo.marketops.AdvertisingProtectedBaseUpgradeIT
[INFO] Running com.mimococo.marketops.AdvertisingHumanWorkflowIT
{"@timestamp":"2026-09-05T02:25:52.698356Z","log":{"level":"INFO","logger":"com.mimococo.marketops.AdvertisingHumanWorkflowIT"},"process":{"pid":76847,"thread":{"name":"main"}},"service":{"name":"marketops-server","version":"0.1.0-SNAPSHOT","environment":"ci","node":{}},"message":"Starting AdvertisingHumanWorkflowIT v0.1.0-SNAPSHOT using Java 21.0.10 with PID 76847 (started by chzhengx in /Users/chzhengx/Code/personal/marketops-platform/backend/marketops-server)","ecs":{"version":"8.11"},"application":"marketops-server","environment":"ci","buildVersion":"0.1.0-SNAPSHOT","correlationId":"none"}
{"@timestamp":"2026-09-05T02:25:52.702026Z","log":{"level":"INFO","logger":"com.mimococo.marketops.AdvertisingHumanWorkflowIT"},"process":{"pid":76847,"thread":{"name":"main"}},"service":{"name":"marketops-server","version":"0.1.0-SNAPSHOT","environment":"ci","node":{}},"message":"The following 1 profile is active: \"ci\"","ecs":{"version":"8.11"},"application":"marketops-server","environment":"ci","buildVersion":"0.1.0-SNAPSHOT","correlationId":"none"}
{"@timestamp":"2026-09-05T02:25:55.551012Z","log":{"level":"INFO","logger":"com.mimococo.marketops.AdvertisingHumanWorkflowIT"},"process":{"pid":76847,"thread":{"name":"main"}},"service":{"name":"marketops-server","version":"0.1.0-SNAPSHOT","environment":"ci","node":{}},"message":"Started AdvertisingHumanWorkflowIT in 2.882 seconds (process running for 94.311)","ecs":{"version":"8.11"},"application":"marketops-server","environment":"ci","buildVersion":"0.1.0-SNAPSHOT","correlationId":"none"}
{"@timestamp":"2026-09-05T02:25:57.179919Z","log":{"level":"INFO","logger":"com.mimococo.marketops.adminobservability.internal.audit.JdbcMetadataAuditStore"},"process":{"pid":76847,"thread":{"name":"main"}},"service":{"name":"marketops-server","version":"0.1.0-SNAPSHOT","environment":"ci","node":{}},"message":"Metadata change recorded","ecs":{"version":"8.11"},"application":"marketops-server","environment":"ci","buildVersion":"0.1.0-SNAPSHOT","correlationId":"none","event":"metadata_change_recorded","sourceDomain":"operationsworkflow","entityType":"recommendation","entityId":"5bbaf1d8-30f5-4f00-9109-d1deca9bb833","action":"STATUS_CHANGE","actorId":"8b297c4d-465d-488b-b5a6-80c1a916b722"}
{"@timestamp":"2026-09-05T02:25:57.274509Z","log":{"level":"INFO","logger":"com.mimococo.marketops.adminobservability.internal.audit.JdbcMetadataAuditStore"},"process":{"pid":76847,"thread":{"name":"main"}},"service":{"name":"marketops-server","version":"0.1.0-SNAPSHOT","environment":"ci","node":{}},"message":"Metadata change recorded","ecs":{"version":"8.11"},"application":"marketops-server","environment":"ci","buildVersion":"0.1.0-SNAPSHOT","correlationId":"none","event":"metadata_change_recorded","sourceDomain":"operationsworkflow","entityType":"recommendation","entityId":"5bbaf1d8-30f5-4f00-9109-d1deca9bb833","action":"STATUS_CHANGE","actorId":"2424a700-ccb3-4fe8-8f29-87e337320b86"}
{"@timestamp":"2026-09-05T02:25:57.376357Z","log":{"level":"INFO","logger":"com.mimococo.marketops.adminobservability.internal.audit.JdbcMetadataAuditStore"},"process":{"pid":76847,"thread":{"name":"main"}},"service":{"name":"marketops-server","version":"0.1.0-SNAPSHOT","environment":"ci","node":{}},"message":"Metadata change recorded","ecs":{"version":"8.11"},"application":"marketops-server","environment":"ci","buildVersion":"0.1.0-SNAPSHOT","correlationId":"none","event":"metadata_change_recorded","sourceDomain":"operationsworkflow","entityType":"approval-decision","entityId":"2d71f994-5321-4141-9417-bbb901b31ea9","action":"APPROVAL_DECISION","actorId":"43c1a358-0808-4982-8d5e-6e9a88941d32"}
{"@timestamp":"2026-09-05T02:25:57.378616Z","log":{"level":"INFO","logger":"com.mimococo.marketops.adminobservability.internal.audit.JdbcMetadataAuditStore"},"process":{"pid":76847,"thread":{"name":"main"}},"service":{"name":"marketops-server","version":"0.1.0-SNAPSHOT","environment":"ci","node":{}},"message":"Metadata change recorded","ecs":{"version":"8.11"},"application":"marketops-server","environment":"ci","buildVersion":"0.1.0-SNAPSHOT","correlationId":"none","event":"metadata_change_recorded","sourceDomain":"operationsworkflow","entityType":"recommendation","entityId":"5bbaf1d8-30f5-4f00-9109-d1deca9bb833","action":"STATUS_CHANGE","actorId":"43c1a358-0808-4982-8d5e-6e9a88941d32"}
{"@timestamp":"2026-09-05T02:25:57.455955Z","log":{"level":"INFO","logger":"com.mimococo.marketops.adminobservability.internal.audit.JdbcMetadataAuditStore"},"process":{"pid":76847,"thread":{"name":"main"}},"service":{"name":"marketops-server","version":"0.1.0-SNAPSHOT","environment":"ci","node":{}},"message":"Metadata change recorded","ecs":{"version":"8.11"},"application":"marketops-server","environment":"ci","buildVersion":"0.1.0-SNAPSHOT","correlationId":"none","event":"metadata_change_recorded","sourceDomain":"operationsworkflow","entityType":"recommendation","entityId":"5bbaf1d8-30f5-4f00-9109-d1deca9bb833","action":"STATUS_CHANGE","actorId":"43c1a358-0808-4982-8d5e-6e9a88941d32"}
{"@timestamp":"2026-09-05T02:25:57.456710Z","log":{"level":"INFO","logger":"com.mimococo.marketops.adminobservability.internal.audit.JdbcMetadataAuditStore"},"process":{"pid":76847,"thread":{"name":"main"}},"service":{"name":"marketops-server","version":"0.1.0-SNAPSHOT","environment":"ci","node":{}},"message":"Metadata change recorded","ecs":{"version":"8.11"},"application":"marketops-server","environment":"ci","buildVersion":"0.1.0-SNAPSHOT","correlationId":"none","event":"metadata_change_recorded","sourceDomain":"operationsworkflow","entityType":"recommendation","entityId":"5bbaf1d8-30f5-4f00-9109-d1deca9bb833","action":"COMMAND_TRANSITION","actorId":"43c1a358-0808-4982-8d5e-6e9a88941d32"}
{"@timestamp":"2026-09-05T02:25:59.020205Z","log":{"level":"INFO","logger":"com.mimococo.marketops.adminobservability.internal.audit.JdbcMetadataAuditStore"},"process":{"pid":76847,"thread":{"name":"main"}},"service":{"name":"marketops-server","version":"0.1.0-SNAPSHOT","environment":"ci","node":{}},"message":"Metadata change recorded","ecs":{"version":"8.11"},"application":"marketops-server","environment":"ci","buildVersion":"0.1.0-SNAPSHOT","correlationId":"none","event":"metadata_change_recorded","sourceDomain":"operationsworkflow","entityType":"recommendation","entityId":"ec7f20cf-988f-4125-956a-52a0aeabbfe5","action":"STATUS_CHANGE","actorId":"6d2dff35-a125-43d2-b43c-0b688637b639"}
{"@timestamp":"2026-09-05T02:25:59.069132Z","log":{"level":"INFO","logger":"com.mimococo.marketops.adminobservability.internal.audit.JdbcMetadataAuditStore"},"process":{"pid":76847,"thread":{"name":"main"}},"service":{"name":"marketops-server","version":"0.1.0-SNAPSHOT","environment":"ci","node":{}},"message":"Metadata change recorded","ecs":{"version":"8.11"},"application":"marketops-server","environment":"ci","buildVersion":"0.1.0-SNAPSHOT","correlationId":"none","event":"metadata_change_recorded","sourceDomain":"operationsworkflow","entityType":"recommendation","entityId":"ec7f20cf-988f-4125-956a-52a0aeabbfe5","action":"STATUS_CHANGE","actorId":"ea6d4cd9-8cd1-4b41-bc87-b5bdbba54b66"}
{"@timestamp":"2026-09-05T02:25:59.134199Z","log":{"level":"INFO","logger":"com.mimococo.marketops.adminobservability.internal.audit.JdbcMetadataAuditStore"},"process":{"pid":76847,"thread":{"name":"main"}},"service":{"name":"marketops-server","version":"0.1.0-SNAPSHOT","environment":"ci","node":{}},"message":"Metadata change recorded","ecs":{"version":"8.11"},"application":"marketops-server","environment":"ci","buildVersion":"0.1.0-SNAPSHOT","correlationId":"none","event":"metadata_change_recorded","sourceDomain":"operationsworkflow","entityType":"approval-decision","entityId":"6c99df16-842e-4010-80f9-c588701aa18f","action":"APPROVAL_DECISION","actorId":"140dc687-37b0-4ea3-8b9a-4d731e7cefe4"}
{"@timestamp":"2026-09-05T02:25:59.136264Z","log":{"level":"INFO","logger":"com.mimococo.marketops.adminobservability.internal.audit.JdbcMetadataAuditStore"},"process":{"pid":76847,"thread":{"name":"main"}},"service":{"name":"marketops-server","version":"0.1.0-SNAPSHOT","environment":"ci","node":{}},"message":"Metadata change recorded","ecs":{"version":"8.11"},"application":"marketops-server","environment":"ci","buildVersion":"0.1.0-SNAPSHOT","correlationId":"none","event":"metadata_change_recorded","sourceDomain":"operationsworkflow","entityType":"recommendation","entityId":"ec7f20cf-988f-4125-956a-52a0aeabbfe5","action":"STATUS_CHANGE","actorId":"140dc687-37b0-4ea3-8b9a-4d731e7cefe4"}
{"@timestamp":"2026-09-05T02:26:04.590756Z","log":{"level":"INFO","logger":"com.mimococo.marketops.adminobservability.internal.audit.JdbcMetadataAuditStore"},"process":{"pid":76847,"thread":{"name":"main"}},"service":{"name":"marketops-server","version":"0.1.0-SNAPSHOT","environment":"ci","node":{}},"message":"Metadata change recorded","ecs":{"version":"8.11"},"application":"marketops-server","environment":"ci","buildVersion":"0.1.0-SNAPSHOT","correlationId":"none","event":"metadata_change_recorded","sourceDomain":"operationsworkflow","entityType":"recommendation","entityId":"5b29e8bb-7821-4618-b219-e614cc7aab61","action":"STATUS_CHANGE","actorId":"7865203f-7351-4308-8d2f-50797e88a96a"}
{"@timestamp":"2026-09-05T02:26:04.638149Z","log":{"level":"INFO","logger":"com.mimococo.marketops.adminobservability.internal.audit.JdbcMetadataAuditStore"},"process":{"pid":76847,"thread":{"name":"main"}},"service":{"name":"marketops-server","version":"0.1.0-SNAPSHOT","environment":"ci","node":{}},"message":"Metadata change recorded","ecs":{"version":"8.11"},"application":"marketops-server","environment":"ci","buildVersion":"0.1.0-SNAPSHOT","correlationId":"none","event":"metadata_change_recorded","sourceDomain":"operationsworkflow","entityType":"recommendation","entityId":"5b29e8bb-7821-4618-b219-e614cc7aab61","action":"STATUS_CHANGE","actorId":"7a4a3b13-42a2-4d2d-837d-df8936f0f4f4"}
{"@timestamp":"2026-09-05T02:26:04.702503Z","log":{"level":"INFO","logger":"com.mimococo.marketops.adminobservability.internal.audit.JdbcMetadataAuditStore"},"process":{"pid":76847,"thread":{"name":"main"}},"service":{"name":"marketops-server","version":"0.1.0-SNAPSHOT","environment":"ci","node":{}},"message":"Metadata change recorded","ecs":{"version":"8.11"},"application":"marketops-server","environment":"ci","buildVersion":"0.1.0-SNAPSHOT","correlationId":"none","event":"metadata_change_recorded","sourceDomain":"operationsworkflow","entityType":"approval-decision","entityId":"382550ef-b276-475a-bf62-2a150d664607","action":"APPROVAL_DECISION","actorId":"1b0e345a-0e4d-403e-99f2-94ca4d1df975"}
{"@timestamp":"2026-09-05T02:26:04.705001Z","log":{"level":"INFO","logger":"com.mimococo.marketops.adminobservability.internal.audit.JdbcMetadataAuditStore"},"process":{"pid":76847,"thread":{"name":"main"}},"service":{"name":"marketops-server","version":"0.1.0-SNAPSHOT","environment":"ci","node":{}},"message":"Metadata change recorded","ecs":{"version":"8.11"},"application":"marketops-server","environment":"ci","buildVersion":"0.1.0-SNAPSHOT","correlationId":"none","event":"metadata_change_recorded","sourceDomain":"operationsworkflow","entityType":"recommendation","entityId":"5b29e8bb-7821-4618-b219-e614cc7aab61","action":"STATUS_CHANGE","actorId":"1b0e345a-0e4d-403e-99f2-94ca4d1df975"}
{"@timestamp":"2026-09-05T02:26:06.402616Z","log":{"level":"INFO","logger":"com.mimococo.marketops.adminobservability.internal.audit.JdbcMetadataAuditStore"},"process":{"pid":76847,"thread":{"name":"main"}},"service":{"name":"marketops-server","version":"0.1.0-SNAPSHOT","environment":"ci","node":{}},"message":"Metadata change recorded","ecs":{"version":"8.11"},"application":"marketops-server","environment":"ci","buildVersion":"0.1.0-SNAPSHOT","correlationId":"none","event":"metadata_change_recorded","sourceDomain":"operationsworkflow","entityType":"recommendation","entityId":"fcbb102a-6d77-43e4-afbb-e1bed0e6be0a","action":"CREATE","actorId":"finite-choice-runtime"}
{"@timestamp":"2026-09-05T02:26:06.406667Z","log":{"level":"INFO","logger":"com.mimococo.marketops.adminobservability.internal.audit.JdbcMetadataAuditStore"},"process":{"pid":76847,"thread":{"name":"main"}},"service":{"name":"marketops-server","version":"0.1.0-SNAPSHOT","environment":"ci","node":{}},"message":"Metadata change recorded","ecs":{"version":"8.11"},"application":"marketops-server","environment":"ci","buildVersion":"0.1.0-SNAPSHOT","correlationId":"none","event":"metadata_change_recorded","sourceDomain":"operationsworkflow","entityType":"recommendation","entityId":"bb2d3465-0d8e-4a46-91a6-d69ad546b8d7","action":"CREATE","actorId":"finite-choice-runtime"}
{"@timestamp":"2026-09-05T02:26:06.410718Z","log":{"level":"INFO","logger":"com.mimococo.marketops.adminobservability.internal.audit.JdbcMetadataAuditStore"},"process":{"pid":76847,"thread":{"name":"main"}},"service":{"name":"marketops-server","version":"0.1.0-SNAPSHOT","environment":"ci","node":{}},"message":"Metadata change recorded","ecs":{"version":"8.11"},"application":"marketops-server","environment":"ci","buildVersion":"0.1.0-SNAPSHOT","correlationId":"none","event":"metadata_change_recorded","sourceDomain":"operationsworkflow","entityType":"recommendation","entityId":"7927d6b8-e86f-4f73-9aa6-c922fdcce46c","action":"CREATE","actorId":"finite-choice-runtime"}
[INFO] Tests run: 11, Failures: 0, Errors: 0, Skipped: 0, Time elapsed: 14.99 s -- in com.mimococo.marketops.AdvertisingHumanWorkflowIT
[INFO] Running com.mimococo.marketops.ManagedMigrationRunnerIT
[INFO] Tests run: 2, Failures: 0, Errors: 0, Skipped: 0, Time elapsed: 4.561 s -- in com.mimococo.marketops.ManagedMigrationRunnerIT
[INFO] Running com.mimococo.marketops.AdvertisingFinanceReviewIT
{"@timestamp":"2026-09-05T02:26:12.600216Z","log":{"level":"INFO","logger":"com.mimococo.marketops.AdvertisingFinanceReviewIT"},"process":{"pid":76847,"thread":{"name":"main"}},"service":{"name":"marketops-server","version":"0.1.0-SNAPSHOT","environment":"ci","node":{}},"message":"Starting AdvertisingFinanceReviewIT v0.1.0-SNAPSHOT using Java 21.0.10 with PID 76847 (started by chzhengx in /Users/chzhengx/Code/personal/marketops-platform/backend/marketops-server)","ecs":{"version":"8.11"},"application":"marketops-server","environment":"ci","buildVersion":"0.1.0-SNAPSHOT","correlationId":"none"}
{"@timestamp":"2026-09-05T02:26:12.600792Z","log":{"level":"INFO","logger":"com.mimococo.marketops.AdvertisingFinanceReviewIT"},"process":{"pid":76847,"thread":{"name":"main"}},"service":{"name":"marketops-server","version":"0.1.0-SNAPSHOT","environment":"ci","node":{}},"message":"The following 1 profile is active: \"ci\"","ecs":{"version":"8.11"},"application":"marketops-server","environment":"ci","buildVersion":"0.1.0-SNAPSHOT","correlationId":"none"}
{"@timestamp":"2026-09-05T02:26:16.067288Z","log":{"level":"INFO","logger":"com.mimococo.marketops.AdvertisingFinanceReviewIT"},"process":{"pid":76847,"thread":{"name":"main"}},"service":{"name":"marketops-server","version":"0.1.0-SNAPSHOT","environment":"ci","node":{}},"message":"Started AdvertisingFinanceReviewIT in 3.489 seconds (process running for 114.827)","ecs":{"version":"8.11"},"application":"marketops-server","environment":"ci","buildVersion":"0.1.0-SNAPSHOT","correlationId":"none"}
{"@timestamp":"2026-09-05T02:26:17.039679Z","log":{"level":"INFO","logger":"com.mimococo.marketops.adminobservability.internal.audit.JdbcMetadataAuditStore"},"process":{"pid":76847,"thread":{"name":"main"}},"service":{"name":"marketops-server","version":"0.1.0-SNAPSHOT","environment":"ci","node":{}},"message":"Metadata change recorded","ecs":{"version":"8.11"},"application":"marketops-server","environment":"ci","buildVersion":"0.1.0-SNAPSHOT","correlationId":"none","event":"metadata_change_recorded","sourceDomain":"operationsworkflow","entityType":"work-task","entityId":"fd420528-e3b8-4915-8dfa-a60c036703ad","action":"UPDATE","actorId":"44b029d7-60a6-4d88-9513-fc0d442c94c6"}
{"@timestamp":"2026-09-05T02:26:18.420375Z","log":{"level":"INFO","logger":"com.mimococo.marketops.adminobservability.internal.audit.JdbcMetadataAuditStore"},"process":{"pid":76847,"thread":{"name":"main"}},"service":{"name":"marketops-server","version":"0.1.0-SNAPSHOT","environment":"ci","node":{}},"message":"Metadata change recorded","ecs":{"version":"8.11"},"application":"marketops-server","environment":"ci","buildVersion":"0.1.0-SNAPSHOT","correlationId":"none","event":"metadata_change_recorded","sourceDomain":"operationsworkflow","entityType":"work-task","entityId":"b6b474dc-2409-44fb-8940-d37f9c18ce46","action":"UPDATE","actorId":"e30abf1e-7dce-4489-83f5-06a098e5ef3d"}
{"@timestamp":"2026-09-05T02:26:18.471270Z","log":{"level":"INFO","logger":"com.mimococo.marketops.adminobservability.internal.audit.JdbcMetadataAuditStore"},"process":{"pid":76847,"thread":{"name":"main"}},"service":{"name":"marketops-server","version":"0.1.0-SNAPSHOT","environment":"ci","node":{}},"message":"Metadata change recorded","ecs":{"version":"8.11"},"application":"marketops-server","environment":"ci","buildVersion":"0.1.0-SNAPSHOT","correlationId":"none","event":"metadata_change_recorded","sourceDomain":"operationsworkflow","entityType":"work-task","entityId":"b6b474dc-2409-44fb-8940-d37f9c18ce46","action":"STATUS_CHANGE","actorId":"e30abf1e-7dce-4489-83f5-06a098e5ef3d"}
[INFO] Tests run: 6, Failures: 0, Errors: 0, Skipped: 0, Time elapsed: 7.885 s -- in com.mimococo.marketops.AdvertisingFinanceReviewIT
[INFO] Running com.mimococo.marketops.AdvertisingBrowserHistoryIT
[ERROR] Tests run: 4, Failures: 0, Errors: 1, Skipped: 0, Time elapsed: 5.746 s <<< FAILURE! -- in com.mimococo.marketops.AdvertisingBrowserHistoryIT
[ERROR] com.mimococo.marketops.AdvertisingBrowserHistoryIT.historyUsesRealSealedCreationAndDistinguishesEveryReadOracle(String)[3] -- Time elapsed: 0.295 s <<< ERROR!
org.springframework.dao.DataIntegrityViolationException: 
PreparedStatementCallback; SQL [INSERT INTO ops.ad_outcome_observation(id,organization_id,command_id,ad_native_object_id,affected_set_digest,
  outcome_policy_id,outcome_policy_version,outcome_stage,window_starts_at,window_ends_at,
  baseline_metric_state,baseline_metric_value,observed_metric_state,observed_metric_value,
  observed_traffic_count,settled_coverage_ratio,verdict,guard_state,unresolved_reason_codes,
  evaluated_at,input_digest,correlation_id,revision_no,supersedes_observation_id,adjustment_reason)
SELECT ?,c.organization_id,c.id,c.ad_native_object_id,c.affected_set_digest,?,1,?,
  w.starts_at,w.starts_at+make_interval(hours=>stage.window_hours),
  stage.snapshot#>>'{profit,absoluteProfit,valueState}',(stage.snapshot#>>'{profit,absoluteProfit,value}')::numeric,
  'AVAILABLE',?,1000,1,?,'SATISFIED','{}',
  w.starts_at+make_interval(hours=>stage.window_hours)+make_interval(mins=>?),?,
  'synthetic-browser-time-travel-read-oracle',?,?,?
FROM ops.ad_bid_command c JOIN ops.ad_outcome_baseline baseline ON baseline.id=c.outcome_baseline_id
JOIN ops.ad_outcome_stage_baseline stage ON stage.outcome_baseline_id=baseline.id AND stage.stage=replace(?,'_REVISED','')
CROSS JOIN LATERAL(SELECT min(observed_at)+make_interval(mins=>(baseline.plan_snapshot->>'observationStartsMinutes')::integer) starts_at
    FROM ops.ad_bid_command_readback WHERE command_id=c.id AND match_state='MATCHES_TARGET') w
WHERE c.id=?
]; ERROR: new row for relation "ad_outcome_observation" violates check constraint "ad_outcome_observation_guard_stage_ck"
  詳細：Failing row contains (5a81e4df-ac94-4096-8d8c-6bddd7122f2c, 42ed58d0-d418-4ca8-adba-54575cf8cca0, 7e3d294d-7411-42ac-9ea9-3bf39370af00, 3366d2fd-b4fa-453c-aa80-0bb59181ced4, bc2143351b311308437a062a6dd1da614a56480a33d18c1c6fbcc61e88261fae, 85258f0b-35c8-4035-a8af-73cc74303d7c, 1, OPERATIONAL, 2026-09-05 10:56:24.229627+08, 2026-09-19 10:56:24.229627+08, AVAILABLE, 100.000000, AVAILABLE, 110.000000, 1000, 1.00000, IMPROVED, SATISFIED, {}, 2026-09-19 10:57:24.229627+08, e68e712117b87e48651c6ef8010fe0a398dbe5b878ceec44ab618af9955ba732, synthetic-browser-time-travel-read-oracle, 1, null, null, null).
	at org.springframework.jdbc.support.SQLStateSQLExceptionTranslator.doTranslate(SQLStateSQLExceptionTranslator.java:140)
	at org.springframework.jdbc.support.AbstractFallbackSQLExceptionTranslator.translate(AbstractFallbackSQLExceptionTranslator.java:102)
	at org.springframework.jdbc.support.AbstractFallbackSQLExceptionTranslator.translate(AbstractFallbackSQLExceptionTranslator.java:111)
	at org.springframework.jdbc.core.JdbcTemplate.translateException(JdbcTemplate.java:1549)
	at org.springframework.jdbc.core.JdbcTemplate.execute(JdbcTemplate.java:689)
	at org.springframework.jdbc.core.JdbcTemplate.update(JdbcTemplate.java:966)
	at org.springframework.jdbc.core.JdbcTemplate.update(JdbcTemplate.java:987)
	at org.springframework.jdbc.core.namedparam.NamedParameterJdbcTemplate.update(NamedParameterJdbcTemplate.java:339)
	at org.springframework.jdbc.core.simple.DefaultJdbcClient$DefaultStatementSpec.update(DefaultJdbcClient.java:281)
	at com.mimococo.marketops.AdvertisingBrowserHistorySeed.observation(AdvertisingBrowserHistorySeed.java:145)
	at com.mimococo.marketops.AdvertisingBrowserHistorySeed.seed(AdvertisingBrowserHistorySeed.java:66)
	at com.mimococo.marketops.AdvertisingBrowserHistoryIT.historyUsesRealSealedCreationAndDistinguishesEveryReadOracle(AdvertisingBrowserHistoryIT.java:32)
Caused by: org.postgresql.util.PSQLException: ERROR: new row for relation "ad_outcome_observation" violates check constraint "ad_outcome_observation_guard_stage_ck"
  詳細：Failing row contains (5a81e4df-ac94-4096-8d8c-6bddd7122f2c, 42ed58d0-d418-4ca8-adba-54575cf8cca0, 7e3d294d-7411-42ac-9ea9-3bf39370af00, 3366d2fd-b4fa-453c-aa80-0bb59181ced4, bc2143351b311308437a062a6dd1da614a56480a33d18c1c6fbcc61e88261fae, 85258f0b-35c8-4035-a8af-73cc74303d7c, 1, OPERATIONAL, 2026-09-05 10:56:24.229627+08, 2026-09-19 10:56:24.229627+08, AVAILABLE, 100.000000, AVAILABLE, 110.000000, 1000, 1.00000, IMPROVED, SATISFIED, {}, 2026-09-19 10:57:24.229627+08, e68e712117b87e48651c6ef8010fe0a398dbe5b878ceec44ab618af9955ba732, synthetic-browser-time-travel-read-oracle, 1, null, null, null).
	at org.postgresql.core.v3.QueryExecutorImpl.receiveErrorResponse(QueryExecutorImpl.java:2904)
	at org.postgresql.core.v3.QueryExecutorImpl.processResults(QueryExecutorImpl.java:2589)
	at org.postgresql.core.v3.QueryExecutorImpl.execute(QueryExecutorImpl.java:431)
	at org.postgresql.jdbc.PgStatement.executeInternal(PgStatement.java:534)
	at org.postgresql.jdbc.PgStatement.execute(PgStatement.java:437)
	at org.postgresql.jdbc.PgPreparedStatement.executeWithFlags(PgPreparedStatement.java:196)
	at org.postgresql.jdbc.PgPreparedStatement.executeUpdate(PgPreparedStatement.java:157)
	at org.springframework.jdbc.core.JdbcTemplate.lambda$update$0(JdbcTemplate.java:971)
	at org.springframework.jdbc.core.JdbcTemplate.execute(JdbcTemplate.java:670)
	... 7 more

[INFO] Running com.mimococo.marketops.advertisingefficiency.internal.application.AdvertisingCaseMeasureCalculationTest
[INFO] Tests run: 25, Failures: 0, Errors: 0, Skipped: 0, Time elapsed: 0.315 s -- in com.mimococo.marketops.advertisingefficiency.internal.application.AdvertisingCaseMeasureCalculationTest
[INFO] Running com.mimococo.marketops.advertisingefficiency.internal.application.AdvertisingQualificationBoundaryTest
[INFO] Tests run: 3, Failures: 0, Errors: 0, Skipped: 0, Time elapsed: 0.377 s -- in com.mimococo.marketops.advertisingefficiency.internal.application.AdvertisingQualificationBoundaryTest
[INFO] Running com.mimococo.marketops.advertisingefficiency.internal.application.AdvertisingPurposeFreshnessTest
[INFO] Tests run: 6, Failures: 0, Errors: 0, Skipped: 0, Time elapsed: 0.004 s -- in com.mimococo.marketops.advertisingefficiency.internal.application.AdvertisingPurposeFreshnessTest
[INFO] Running com.mimococo.marketops.advertisingefficiency.internal.application.AdvertisingCaseCalculationServiceTest
[INFO] Running TC-AD-CALC-005 the result describes the object it was computed for
[INFO] Tests run: 6, Failures: 0, Errors: 0, Skipped: 0, Time elapsed: 0.005 s -- in TC-AD-CALC-005 the result describes the object it was computed for
[INFO] Running TC-AD-CALC-003 a data defect owns its own case
[INFO] Tests run: 3, Failures: 0, Errors: 0, Skipped: 0, Time elapsed: 0.004 s -- in TC-AD-CALC-003 a data defect owns its own case
[INFO] Running TC-AD-CALC-004 every measure is absent rather than zero
[INFO] Tests run: 3, Failures: 0, Errors: 0, Skipped: 0, Time elapsed: 0.002 s -- in TC-AD-CALC-004 every measure is absent rather than zero
[INFO] Running TC-AD-CALC-002 execution integrity outranks everything
[INFO] Tests run: 2, Failures: 0, Errors: 0, Skipped: 0, Time elapsed: 0.002 s -- in TC-AD-CALC-002 execution integrity outranks everything
[INFO] Running TC-AD-CALC-001 an object nobody may write to says so above everything else
[INFO] Tests run: 2, Failures: 0, Errors: 0, Skipped: 0, Time elapsed: 0.003 s -- in TC-AD-CALC-001 an object nobody may write to says so above everything else
[INFO] Running TC-AD-CALC-006 the deep measures are computed, or refused for a stated reason
[INFO] Tests run: 13, Failures: 0, Errors: 0, Skipped: 0, Time elapsed: 0.025 s -- in TC-AD-CALC-006 the deep measures are computed, or refused for a stated reason
[INFO] Tests run: 0, Failures: 0, Errors: 0, Skipped: 0, Time elapsed: 0.050 s -- in com.mimococo.marketops.advertisingefficiency.internal.application.AdvertisingCaseCalculationServiceTest
[INFO] Running com.mimococo.marketops.advertisingefficiency.internal.application.AdvertisingAttributedEconomicsTest
[INFO] Tests run: 8, Failures: 0, Errors: 0, Skipped: 0, Time elapsed: 0.005 s -- in com.mimococo.marketops.advertisingefficiency.internal.application.AdvertisingAttributedEconomicsTest
[INFO] Running com.mimococo.marketops.advertisingefficiency.internal.application.AdvertisingFrozenOutcomeIT
{"@timestamp":"2026-09-05T02:26:27.518485Z","log":{"level":"INFO","logger":"com.mimococo.marketops.advertisingefficiency.internal.application.AdvertisingFrozenOutcomeIT"},"process":{"pid":76847,"thread":{"name":"main"}},"service":{"name":"marketops-server","version":"0.1.0-SNAPSHOT","environment":"ci","node":{}},"message":"Starting AdvertisingFrozenOutcomeIT v0.1.0-SNAPSHOT using Java 21.0.10 with PID 76847 (started by chzhengx in /Users/chzhengx/Code/personal/marketops-platform/backend/marketops-server)","ecs":{"version":"8.11"},"application":"marketops-server","environment":"ci","buildVersion":"0.1.0-SNAPSHOT","correlationId":"none"}
{"@timestamp":"2026-09-05T02:26:27.521848Z","log":{"level":"INFO","logger":"com.mimococo.marketops.advertisingefficiency.internal.application.AdvertisingFrozenOutcomeIT"},"process":{"pid":76847,"thread":{"name":"main"}},"service":{"name":"marketops-server","version":"0.1.0-SNAPSHOT","environment":"ci","node":{}},"message":"The following 1 profile is active: \"ci\"","ecs":{"version":"8.11"},"application":"marketops-server","environment":"ci","buildVersion":"0.1.0-SNAPSHOT","correlationId":"none"}
{"@timestamp":"2026-09-05T02:26:31.373896Z","log":{"level":"INFO","logger":"com.mimococo.marketops.advertisingefficiency.internal.application.AdvertisingFrozenOutcomeIT"},"process":{"pid":76847,"thread":{"name":"main"}},"service":{"name":"marketops-server","version":"0.1.0-SNAPSHOT","environment":"ci","node":{}},"message":"Started AdvertisingFrozenOutcomeIT in 3.908 seconds (process running for 130.134)","ecs":{"version":"8.11"},"application":"marketops-server","environment":"ci","buildVersion":"0.1.0-SNAPSHOT","correlationId":"none"}
[INFO] Tests run: 10, Failures: 0, Errors: 0, Skipped: 0, Time elapsed: 10.14 s -- in com.mimococo.marketops.advertisingefficiency.internal.application.AdvertisingFrozenOutcomeIT
[INFO] Running com.mimococo.marketops.advertisingefficiency.internal.application.AdvertisingCanonicalFactsIT
{"@timestamp":"2026-09-05T02:26:37.194831Z","log":{"level":"INFO","logger":"com.mimococo.marketops.advertisingefficiency.internal.application.AdvertisingCanonicalFactsIT"},"process":{"pid":76847,"thread":{"name":"main"}},"service":{"name":"marketops-server","version":"0.1.0-SNAPSHOT","environment":"ci","node":{}},"message":"Starting AdvertisingCanonicalFactsIT v0.1.0-SNAPSHOT using Java 21.0.10 with PID 76847 (started by chzhengx in /Users/chzhengx/Code/personal/marketops-platform/backend/marketops-server)","ecs":{"version":"8.11"},"application":"marketops-server","environment":"ci","buildVersion":"0.1.0-SNAPSHOT","correlationId":"none"}
{"@timestamp":"2026-09-05T02:26:37.195737Z","log":{"level":"INFO","logger":"com.mimococo.marketops.advertisingefficiency.internal.application.AdvertisingCanonicalFactsIT"},"process":{"pid":76847,"thread":{"name":"main"}},"service":{"name":"marketops-server","version":"0.1.0-SNAPSHOT","environment":"ci","node":{}},"message":"The following 1 profile is active: \"ci\"","ecs":{"version":"8.11"},"application":"marketops-server","environment":"ci","buildVersion":"0.1.0-SNAPSHOT","correlationId":"none"}
{"@timestamp":"2026-09-05T02:26:40.603686Z","log":{"level":"INFO","logger":"com.mimococo.marketops.advertisingefficiency.internal.application.AdvertisingCanonicalFactsIT"},"process":{"pid":76847,"thread":{"name":"main"}},"service":{"name":"marketops-server","version":"0.1.0-SNAPSHOT","environment":"ci","node":{}},"message":"Started AdvertisingCanonicalFactsIT in 3.447 seconds (process running for 139.364)","ecs":{"version":"8.11"},"application":"marketops-server","environment":"ci","buildVersion":"0.1.0-SNAPSHOT","correlationId":"none"}
[INFO] Tests run: 10, Failures: 0, Errors: 0, Skipped: 0, Time elapsed: 7.396 s -- in com.mimococo.marketops.advertisingefficiency.internal.application.AdvertisingCanonicalFactsIT
[INFO] Running com.mimococo.marketops.advertisingefficiency.internal.application.AdvertisingOutcomeServiceTest
[INFO] Tests run: 18, Failures: 0, Errors: 0, Skipped: 0, Time elapsed: 0.341 s -- in com.mimococo.marketops.advertisingefficiency.internal.application.AdvertisingOutcomeServiceTest
[INFO] Running com.mimococo.marketops.advertisingefficiency.internal.domain.AdPriorityPolicyTest
[INFO] Running the workflow scale keeps the ordering the band score guarantees
[INFO] Tests run: 13, Failures: 0, Errors: 0, Skipped: 0, Time elapsed: 0.002 s -- in the workflow scale keeps the ordering the band score guarantees
[INFO] Tests run: 0, Failures: 0, Errors: 0, Skipped: 0, Time elapsed: 0.006 s -- in com.mimococo.marketops.advertisingefficiency.internal.domain.AdPriorityPolicyTest
[INFO] Running com.mimococo.marketops.advertisingefficiency.internal.domain.DualAxisVerdictTest
[INFO] Tests run: 9, Failures: 0, Errors: 0, Skipped: 0, Time elapsed: 0.007 s -- in com.mimococo.marketops.advertisingefficiency.internal.domain.DualAxisVerdictTest
[INFO] Running com.mimococo.marketops.advertisingefficiency.internal.domain.AdPriorityLexicographicTest
[INFO] Tests run: 7, Failures: 0, Errors: 0, Skipped: 0, Time elapsed: 0.004 s -- in com.mimococo.marketops.advertisingefficiency.internal.domain.AdPriorityLexicographicTest
[INFO] Running com.mimococo.marketops.advertisingefficiency.internal.domain.SalesPreservationTest
[INFO] Tests run: 6, Failures: 0, Errors: 0, Skipped: 0, Time elapsed: 0.003 s -- in com.mimococo.marketops.advertisingefficiency.internal.domain.SalesPreservationTest
[INFO] Running com.mimococo.marketops.advertisingefficiency.internal.domain.BidCandidateSetTest
[INFO] Tests run: 5, Failures: 0, Errors: 0, Skipped: 0, Time elapsed: 0.004 s -- in com.mimococo.marketops.advertisingefficiency.internal.domain.BidCandidateSetTest
[INFO] Running com.mimococo.marketops.advertisingefficiency.internal.domain.OutcomeEvaluationTest
[INFO] Running evidence is checked before arithmetic
[INFO] Tests run: 3, Failures: 0, Errors: 0, Skipped: 0, Time elapsed: 0.002 s -- in evidence is checked before arithmetic
[INFO] Running a settled claim cannot outrun the completed-sales guard
[INFO] Tests run: 4, Failures: 0, Errors: 0, Skipped: 0, Time elapsed: 0.002 s -- in a settled claim cannot outrun the completed-sales guard
[INFO] Running the thresholds a plan fixed beforehand decide the verdict
[INFO] Tests run: 5, Failures: 0, Errors: 0, Skipped: 0, Time elapsed: 0.002 s -- in the thresholds a plan fixed beforehand decide the verdict
[INFO] Running an incoherent outcome is unrepresentable
[INFO] Tests run: 3, Failures: 0, Errors: 0, Skipped: 0, Time elapsed: 0.002 s -- in an incoherent outcome is unrepresentable
[INFO] Tests run: 0, Failures: 0, Errors: 0, Skipped: 0, Time elapsed: 0.011 s -- in com.mimococo.marketops.advertisingefficiency.internal.domain.OutcomeEvaluationTest
[INFO] Running com.mimococo.marketops.operationsworkflow.internal.application.AdBidGuardrailTest
[INFO] Running TC-AD-GUARD-002 each refusal appears on its own
[INFO] Tests run: 9, Failures: 0, Errors: 0, Skipped: 0, Time elapsed: 0.010 s -- in TC-AD-GUARD-002 each refusal appears on its own
[INFO] Running TC-AD-GUARD-001 a clean decision passes and names its authority
[INFO] Tests run: 2, Failures: 0, Errors: 0, Skipped: 0, Time elapsed: 0.003 s -- in TC-AD-GUARD-001 a clean decision passes and names its authority
[INFO] Running TC-AD-GUARD-004 evaluate dispatches on the action
[INFO] Tests run: 1, Failures: 0, Errors: 0, Skipped: 0, Time elapsed: 0.005 s -- in TC-AD-GUARD-004 evaluate dispatches on the action
[INFO] Running TC-AD-GUARD-003 the module's reasons are translated, not echoed
[INFO] Tests run: 4, Failures: 0, Errors: 0, Skipped: 0, Time elapsed: 0.008 s -- in TC-AD-GUARD-003 the module's reasons are translated, not echoed
[INFO] Tests run: 0, Failures: 0, Errors: 0, Skipped: 0, Time elapsed: 0.282 s -- in com.mimococo.marketops.operationsworkflow.internal.application.AdBidGuardrailTest
[INFO] Running com.mimococo.marketops.operationsworkflow.internal.domain.StaffedResponseClockTest
[INFO] Tests run: 6, Failures: 0, Errors: 0, Skipped: 0, Time elapsed: 0.009 s -- in com.mimococo.marketops.operationsworkflow.internal.domain.StaffedResponseClockTest
[INFO] 
[INFO] Results:
[INFO] 
[ERROR] Failures: 
[ERROR]   ManagedProfileMigrationIT.pg17StandardAndManagedProfilesHaveCanonicalHistoryAndEquivalentApplicationSchemas:189->verifyForwardFailureAndPriorReleaseUpgrade:250 
expected: 46
 but was: 55
[ERROR] Errors: 
[ERROR]   AdvertisingBrowserHistoryIT.historyUsesRealSealedCreationAndDistinguishesEveryReadOracle:32 » DataIntegrityViolation PreparedStatementCallback; SQL [INSERT INTO ops.ad_outcome_observation(id,organization_id,command_id,ad_native_object_id,affected_set_digest,
  outcome_policy_id,outcome_policy_version,outcome_stage,window_starts_at,window_ends_at,
  baseline_metric_state,baseline_metric_value,observed_metric_state,observed_metric_value,
  observed_traffic_count,settled_coverage_ratio,verdict,guard_state,unresolved_reason_codes,
  evaluated_at,input_digest,correlation_id,revision_no,supersedes_observation_id,adjustment_reason)
SELECT ?,c.organization_id,c.id,c.ad_native_object_id,c.affected_set_digest,?,1,?,
  w.starts_at,w.starts_at+make_interval(hours=>stage.window_hours),
  stage.snapshot#>>'{profit,absoluteProfit,valueState}',(stage.snapshot#>>'{profit,absoluteProfit,value}')::numeric,
  'AVAILABLE',?,1000,1,?,'SATISFIED','{}',
  w.starts_at+make_interval(hours=>stage.window_hours)+make_interval(mins=>?),?,
  'synthetic-browser-time-travel-read-oracle',?,?,?
FROM ops.ad_bid_command c JOIN ops.ad_outcome_baseline baseline ON baseline.id=c.outcome_baseline_id
JOIN ops.ad_outcome_stage_baseline stage ON stage.outcome_baseline_id=baseline.id AND stage.stage=replace(?,'_REVISED','')
CROSS JOIN LATERAL(SELECT min(observed_at)+make_interval(mins=>(baseline.plan_snapshot->>'observationStartsMinutes')::integer) starts_at
    FROM ops.ad_bid_command_readback WHERE command_id=c.id AND match_state='MATCHES_TARGET') w
WHERE c.id=?
]; ERROR: new row for relation "ad_outcome_observation" violates check constraint "ad_outcome_observation_guard_stage_ck"
  詳細：Failing row contains (5a81e4df-ac94-4096-8d8c-6bddd7122f2c, 42ed58d0-d418-4ca8-adba-54575cf8cca0, 7e3d294d-7411-42ac-9ea9-3bf39370af00, 3366d2fd-b4fa-453c-aa80-0bb59181ced4, bc2143351b311308437a062a6dd1da614a56480a33d18c1c6fbcc61e88261fae, 85258f0b-35c8-4035-a8af-73cc74303d7c, 1, OPERATIONAL, 2026-09-05 10:56:24.229627+08, 2026-09-19 10:56:24.229627+08, AVAILABLE, 100.000000, AVAILABLE, 110.000000, 1000, 1.00000, IMPROVED, SATISFIED, {}, 2026-09-19 10:57:24.229627+08, e68e712117b87e48651c6ef8010fe0a398dbe5b878ceec44ab618af9955ba732, synthetic-browser-time-travel-read-oracle, 1, null, null, null).
[INFO] 
[ERROR] Tests run: 288, Failures: 1, Errors: 1, Skipped: 0
[INFO] 
[INFO] ------------------------------------------------------------------------
[INFO] BUILD FAILURE
[INFO] ------------------------------------------------------------------------
[INFO] Total time:  02:32 min
[INFO] Finished at: 2026-09-05T10:26:43+08:00
[INFO] ------------------------------------------------------------------------
[ERROR] Failed to execute goal org.apache.maven.plugins:maven-surefire-plugin:3.5.6:test (default-test) on project marketops-server: There are test failures.
[ERROR] 
[ERROR] See /Users/chzhengx/Code/personal/marketops-platform/backend/marketops-server/target/surefire-reports for the individual test results.
[ERROR] See dump files (if any exist) [date].dump, [date]-jvmRun[N].dump and [date].dumpstream.
[ERROR] -> [Help 1]
[ERROR] 
[ERROR] To see the full stack trace of the errors, re-run Maven with the -e switch.
[ERROR] Re-run Maven using the -X switch to enable full debug logging.
[ERROR] 
[ERROR] For more information about the errors and possible solutions, please read the following articles:
[ERROR] [Help 1] http://cwiki.apache.org/confluence/display/MAVEN/MojoFailureException
