[INFO] Scanning for projects...
[INFO] 
[INFO] --------------< com.mimococo.marketops:marketops-server >---------------
[INFO] Building MarketOps Server 0.1.0-SNAPSHOT
[INFO]   from pom.xml
[INFO] --------------------------------[ jar ]---------------------------------
[INFO] 
[INFO] --- enforcer:3.6.3:enforce (enforce-toolchain-and-dependencies) @ marketops-server ---
[INFO] Rule 0: org.apache.maven.enforcer.rules.version.RequireJavaVersion passed
[INFO] Rule 1: org.apache.maven.enforcer.rules.version.RequireMavenVersion passed
[INFO] Rule 2: org.apache.maven.enforcer.rules.dependency.BannedDependencies passed
[INFO] Rule 3: org.apache.maven.enforcer.rules.dependency.DependencyConvergence passed
[INFO] 
[INFO] --- jacoco:0.8.15:prepare-agent (prepare-coverage) @ marketops-server ---
[INFO] argLine set to -javaagent:/Users/chzhengx/.m2/repository/org/jacoco/org.jacoco.agent/0.8.15/org.jacoco.agent-0.8.15-runtime.jar=destfile=/Users/chzhengx/Code/personal/marketops-platform/backend/marketops-server/target/jacoco.exec
[INFO] 
[INFO] --- spring-boot:4.1.0:build-info (build-info) @ marketops-server ---
[INFO] 
[INFO] --- resources:3.5.0:resources (default-resources) @ marketops-server ---
[INFO] Copying 5 resources from src/main/resources to target/classes
[INFO] Copying 66 resources from src/main/resources to target/classes
[INFO] 
[INFO] --- compiler:3.15.0:compile (default-compile) @ marketops-server ---
[INFO] Recompiling the module because of changed source code.
[INFO] Compiling 666 source files with javac [debug deprecation parameters release 21] to target/classes
[WARNING] /Users/chzhengx/Code/personal/marketops-platform/backend/marketops-server/src/main/java/com/mimococo/marketops/advertisingefficiency/internal/infrastructure/jdbc/AdvertisingRecalculationRepository.java:[118,25] trailing white space will be removed
[INFO] Extracting Javadoc into /Users/chzhengx/Code/personal/marketops-platform/backend/marketops-server/./target/generated-spring-modulith/javadoc.json.
[WARNING] /Users/chzhengx/Code/personal/marketops-platform/backend/marketops-server/src/main/java/com/mimococo/marketops/operationsworkflow/internal/application/AdvertisingTaskSloService.java:[46,42] isTextual() in tools.jackson.databind.JsonNode has been deprecated
[WARNING] /Users/chzhengx/Code/personal/marketops-platform/backend/marketops-server/src/main/java/com/mimococo/marketops/operationsworkflow/internal/application/AdvertisingTaskSloService.java:[47,78] asText() in tools.jackson.databind.JsonNode has been deprecated
[WARNING] /Users/chzhengx/Code/personal/marketops-platform/backend/marketops-server/src/main/java/com/mimococo/marketops/operationsworkflow/internal/application/AdvertisingTaskSloService.java:[51,82] isTextual() in tools.jackson.databind.JsonNode has been deprecated
[WARNING] /Users/chzhengx/Code/personal/marketops-platform/backend/marketops-server/src/main/java/com/mimococo/marketops/operationsworkflow/internal/application/AdvertisingTaskSloService.java:[52,82] asText() in tools.jackson.databind.JsonNode has been deprecated
[WARNING] /Users/chzhengx/Code/personal/marketops-platform/backend/marketops-server/src/main/java/com/mimococo/marketops/operationsworkflow/internal/application/AdvertisingTaskSloService.java:[52,123] asText() in tools.jackson.databind.JsonNode has been deprecated
[WARNING] /Users/chzhengx/Code/personal/marketops-platform/backend/marketops-server/src/main/java/com/mimococo/marketops/operationsworkflow/internal/application/AdvertisingTaskSloService.java:[58,90] asText() in tools.jackson.databind.JsonNode has been deprecated
[WARNING] /Users/chzhengx/Code/personal/marketops-platform/backend/marketops-server/src/main/java/com/mimococo/marketops/shared/internal/errors/ConsoleProblemAdvice.java:[56,61] PAYLOAD_TOO_LARGE in org.springframework.http.HttpStatus has been deprecated
[WARNING] /Users/chzhengx/Code/personal/marketops-platform/backend/marketops-server/src/main/java/com/mimococo/marketops/shared/internal/errors/ConsoleProblemAdvice.java:[77,66] UNPROCESSABLE_ENTITY in org.springframework.http.HttpStatus has been deprecated
[WARNING] /Users/chzhengx/Code/personal/marketops-platform/backend/marketops-server/src/main/java/com/mimococo/marketops/shared/internal/migration/ManagedMigrationEvidence.java:[22,7] auto-closeable resource com.mimococo.marketops.shared.internal.migration.ManagedMigrationEvidence has a member method close() that could throw InterruptedException
[WARNING] /Users/chzhengx/Code/personal/marketops-platform/backend/marketops-server/src/main/java/com/mimococo/marketops/shared/internal/migration/ManagedMigrationRunner.java:[84,18] auto-closeable resource com.mimococo.marketops.shared.internal.migration.ManagedMigrationEvidence has a member method close() that could throw InterruptedException
[WARNING] /Users/chzhengx/Code/personal/marketops-platform/backend/marketops-server/src/main/java/com/mimococo/marketops/shared/internal/migration/ManagedMigrationRunner.java:[260,22] auto-closeable resource com.mimococo.marketops.shared.internal.migration.ManagedMigrationEvidence has a member method close() that could throw InterruptedException
[INFO] 
[INFO] --- resources:3.5.0:testResources (default-testResources) @ marketops-server ---
[INFO] Copying 4 resources from src/test/resources to target/test-classes
[INFO] 
[INFO] --- compiler:3.15.0:testCompile (default-testCompile) @ marketops-server ---
[INFO] Recompiling the module because of changed dependency.
[INFO] Compiling 271 source files with javac [debug deprecation parameters release 21] to target/test-classes
[WARNING] /Users/chzhengx/Code/personal/marketops-platform/backend/marketops-server/src/test/java/com/mimococo/marketops/AdvertisingDisclosureIT.java:[83,65] asText() in tools.jackson.databind.JsonNode has been deprecated
[WARNING] /Users/chzhengx/Code/personal/marketops-platform/backend/marketops-server/src/test/java/com/mimococo/marketops/AdvertisingDisclosureIT.java:[86,74] asText() in tools.jackson.databind.JsonNode has been deprecated
[WARNING] /Users/chzhengx/Code/personal/marketops-platform/backend/marketops-server/src/test/java/com/mimococo/marketops/AdvertisingDisclosureIT.java:[90,83] asText() in tools.jackson.databind.JsonNode has been deprecated
[WARNING] /Users/chzhengx/Code/personal/marketops-platform/backend/marketops-server/src/test/java/com/mimococo/marketops/AdvertisingDisclosureIT.java:[113,49] asText() in tools.jackson.databind.JsonNode has been deprecated
[WARNING] /Users/chzhengx/Code/personal/marketops-platform/backend/marketops-server/src/test/java/com/mimococo/marketops/AdvertisingDisclosureIT.java:[162,53] asText() in tools.jackson.databind.JsonNode has been deprecated
[WARNING] /Users/chzhengx/Code/personal/marketops-platform/backend/marketops-server/src/test/java/com/mimococo/marketops/AdvertisingDisclosureIT.java:[207,52] asText() in tools.jackson.databind.JsonNode has been deprecated
[WARNING] /Users/chzhengx/Code/personal/marketops-platform/backend/marketops-server/src/test/java/com/mimococo/marketops/AdvertisingDisclosureIT.java:[288,75] asText() in tools.jackson.databind.JsonNode has been deprecated
[WARNING] /Users/chzhengx/Code/personal/marketops-platform/backend/marketops-server/src/test/java/com/mimococo/marketops/AdvertisingDisclosureIT.java:[289,79] asText() in tools.jackson.databind.JsonNode has been deprecated
[WARNING] /Users/chzhengx/Code/personal/marketops-platform/backend/marketops-server/src/test/java/com/mimococo/marketops/AdvertisingDisclosureIT.java:[292,40] asText() in tools.jackson.databind.JsonNode has been deprecated
[WARNING] /Users/chzhengx/Code/personal/marketops-platform/backend/marketops-server/src/test/java/com/mimococo/marketops/AdvertisingDisclosureIT.java:[294,53] asText() in tools.jackson.databind.JsonNode has been deprecated
[WARNING] /Users/chzhengx/Code/personal/marketops-platform/backend/marketops-server/src/test/java/com/mimococo/marketops/AdvertisingDisclosureIT.java:[363,57] asText() in tools.jackson.databind.JsonNode has been deprecated
[WARNING] /Users/chzhengx/Code/personal/marketops-platform/backend/marketops-server/src/test/java/com/mimococo/marketops/AdvertisingDisclosureIT.java:[365,90] asText() in tools.jackson.databind.JsonNode has been deprecated
[WARNING] /Users/chzhengx/Code/personal/marketops-platform/backend/marketops-server/src/test/java/com/mimococo/marketops/AdvertisingHumanWorkflowIT.java:[129,74] asText() in tools.jackson.databind.JsonNode has been deprecated
[WARNING] /Users/chzhengx/Code/personal/marketops-platform/backend/marketops-server/src/test/java/com/mimococo/marketops/AdvertisingHumanWorkflowIT.java:[134,85] asText() in tools.jackson.databind.JsonNode has been deprecated
[WARNING] /Users/chzhengx/Code/personal/marketops-platform/backend/marketops-server/src/test/java/com/mimococo/marketops/AdvertisingHumanWorkflowIT.java:[174,60] asText() in tools.jackson.databind.JsonNode has been deprecated
[WARNING] /Users/chzhengx/Code/personal/marketops-platform/backend/marketops-server/src/test/java/com/mimococo/marketops/AdvertisingManualWorkflowIT.java:[263,69] asText() in tools.jackson.databind.JsonNode has been deprecated
[WARNING] /Users/chzhengx/Code/personal/marketops-platform/backend/marketops-server/src/test/java/com/mimococo/marketops/AdvertisingMaterialityIT.java:[31,46] asText() in tools.jackson.databind.JsonNode has been deprecated
[WARNING] /Users/chzhengx/Code/personal/marketops-platform/backend/marketops-server/src/test/java/com/mimococo/marketops/AdvertisingMaterialityIT.java:[72,40] asText() in tools.jackson.databind.JsonNode has been deprecated
[WARNING] /Users/chzhengx/Code/personal/marketops-platform/backend/marketops-server/src/test/java/com/mimococo/marketops/AdvertisingMaterialityIT.java:[77,46] asText() in tools.jackson.databind.JsonNode has been deprecated
[WARNING] /Users/chzhengx/Code/personal/marketops-platform/backend/marketops-server/src/test/java/com/mimococo/marketops/AdvertisingMaterialityIT.java:[83,40] asText() in tools.jackson.databind.JsonNode has been deprecated
[WARNING] /Users/chzhengx/Code/personal/marketops-platform/backend/marketops-server/src/test/java/com/mimococo/marketops/AdvertisingSealedAuthorityIT.java:[172,64] asText() in tools.jackson.databind.JsonNode has been deprecated
[WARNING] /Users/chzhengx/Code/personal/marketops-platform/backend/marketops-server/src/test/java/com/mimococo/marketops/AdvertisingSealedAuthorityIT.java:[176,72] asText() in tools.jackson.databind.JsonNode has been deprecated
[WARNING] /Users/chzhengx/Code/personal/marketops-platform/backend/marketops-server/src/test/java/com/mimococo/marketops/AdvertisingSealedAuthorityIT.java:[177,49] asText() in tools.jackson.databind.JsonNode has been deprecated
[WARNING] /Users/chzhengx/Code/personal/marketops-platform/backend/marketops-server/src/test/java/com/mimococo/marketops/aicopilot/internal/application/OutputValidatorTest.java:[161,56] redundant cast to java.lang.String
[WARNING] /Users/chzhengx/Code/personal/marketops-platform/backend/marketops-server/src/test/java/com/mimococo/marketops/marketplaceintegration/adapter/http/PlatformHttpAdaptersTest.java:[103,70] unchecked generic array creation for varargs parameter of type java.util.Optional<java.lang.String>[]
[INFO] 
[INFO] --- surefire:3.5.6:test (default-test) @ marketops-server ---
[INFO] Using auto detected provider org.apache.maven.surefire.junitplatform.JUnitPlatformProvider
[INFO] 
[INFO] -------------------------------------------------------
[INFO]  T E S T S
[INFO] -------------------------------------------------------
[INFO] Running com.mimococo.marketops.AdvertisingResponsibilityBoundaryIT
11:55:41.296 [main] INFO org.springframework.test.context.support.AnnotationConfigContextLoaderUtils -- Could not detect default configuration classes for test class [com.mimococo.marketops.AdvertisingResponsibilityBoundaryIT]: AdvertisingResponsibilityBoundaryIT does not declare any static, non-private, non-final, nested classes annotated with @Configuration.
11:55:41.510 [main] INFO org.springframework.boot.test.context.SpringBootTestContextBootstrapper -- Found @SpringBootConfiguration com.mimococo.marketops.MarketOpsServerApplication for test class com.mimococo.marketops.AdvertisingResponsibilityBoundaryIT
11:55:41.603 [main] INFO org.springframework.test.context.support.AnnotationConfigContextLoaderUtils -- Could not detect default configuration classes for test class [com.mimococo.marketops.AdvertisingResponsibilityBoundaryIT]: AdvertisingResponsibilityBoundaryIT does not declare any static, non-private, non-final, nested classes annotated with @Configuration.
11:55:41.606 [main] INFO org.springframework.boot.test.context.SpringBootTestContextBootstrapper -- Found @SpringBootConfiguration com.mimococo.marketops.MarketOpsServerApplication for test class com.mimococo.marketops.AdvertisingResponsibilityBoundaryIT
11:55:41.695 [main] INFO org.testcontainers.images.PullPolicy -- Image pull policy will be performed by: DefaultPullPolicy()
11:55:41.697 [main] INFO org.testcontainers.utility.ImageNameSubstitutor -- Image name substitution will be performed by: DefaultImageNameSubstitutor (composite of 'ConfigurationFileImageNameSubstitutor' and 'PrefixingImageNameSubstitutor')
11:55:41.707 [main] INFO org.testcontainers.DockerClientFactory -- Testcontainers version: 2.0.5
11:55:42.048 [main] INFO org.testcontainers.dockerclient.DockerClientProviderStrategy -- Loaded org.testcontainers.dockerclient.UnixSocketClientProviderStrategy from ~/.testcontainers.properties, will try it first
11:55:42.459 [main] INFO org.testcontainers.dockerclient.DockerClientProviderStrategy -- Found Docker environment with local Unix socket (unix:///var/run/docker.sock)
11:55:42.460 [main] INFO org.testcontainers.DockerClientFactory -- Docker host IP address is localhost
11:55:42.484 [main] INFO org.testcontainers.DockerClientFactory -- Connected to docker: 
  Server Version: 29.7.2
  API Version: 1.55
  Operating System: Docker Desktop
  Total Memory: 5922 MB
  Labels: 
    com.docker.desktop.address=unix:///Users/chzhengx/Library/Containers/com.docker.docker/Data/docker-cli.sock
11:55:42.772 [main] INFO tc.testcontainers/ryuk:0.14.0 -- Creating container for image: testcontainers/ryuk:0.14.0
11:55:42.969 [main] INFO org.testcontainers.utility.RegistryAuthLocator -- Credential helper/store (docker-credential-desktop) does not have credentials for https://index.docker.io/v1/
11:55:43.147 [main] INFO tc.testcontainers/ryuk:0.14.0 -- Container testcontainers/ryuk:0.14.0 is starting: fe99a26ef78fff3d24fa430d5535fb5a4bfcad5e124e3fd548c0ce86a7973fd3
11:55:43.433 [main] INFO tc.testcontainers/ryuk:0.14.0 -- Container testcontainers/ryuk:0.14.0 started in PT0.660868S
11:55:43.441 [main] INFO org.testcontainers.utility.RyukResourceReaper -- Ryuk started - will monitor and terminate Testcontainers containers on JVM exit
11:55:43.441 [main] INFO org.testcontainers.DockerClientFactory -- Checking the system...
11:55:43.441 [main] INFO org.testcontainers.DockerClientFactory -- ✔︎ Docker server version should be at least 1.6.0
11:55:43.474 [main] INFO tc.postgres:17.6-bookworm@sha256:f3bd19... -- Creating container for image: postgres:17.6-bookworm@sha256:f3bd19c606e442c3d7bdfa8002e03fe260a1023351e0ea4598032022b68dd6e3
11:55:43.593 [main] INFO tc.postgres:17.6-bookworm@sha256:f3bd19... -- Container postgres:17.6-bookworm@sha256:f3bd19c606e442c3d7bdfa8002e03fe260a1023351e0ea4598032022b68dd6e3 is starting: 8d34df9c87aa4c2ec285dcb0c2874edbb133f5f49ffa1395496590b8f7707394
11:55:44.768 [main] INFO tc.postgres:17.6-bookworm@sha256:f3bd19... -- Container postgres:17.6-bookworm@sha256:f3bd19c606e442c3d7bdfa8002e03fe260a1023351e0ea4598032022b68dd6e3 started in PT1.293727S
11:55:44.771 [main] INFO tc.postgres:17.6-bookworm@sha256:f3bd19... -- Container is started (JDBC URL: jdbc:postgresql://localhost:61580/marketops?loggerLevel=OFF)
{"@timestamp":"2026-09-05T03:55:45.704272Z","log":{"level":"INFO","logger":"com.mimococo.marketops.AdvertisingResponsibilityBoundaryIT"},"process":{"pid":92757,"thread":{"name":"main"}},"service":{"name":"marketops-server","version":"0.1.0-SNAPSHOT","environment":"ci","node":{}},"message":"Starting AdvertisingResponsibilityBoundaryIT v0.1.0-SNAPSHOT using Java 21.0.10 with PID 92757 (started by chzhengx in /Users/chzhengx/Code/personal/marketops-platform/backend/marketops-server)","ecs":{"version":"8.11"},"application":"marketops-server","environment":"ci","buildVersion":"0.1.0-SNAPSHOT","correlationId":"none"}
{"@timestamp":"2026-09-05T03:55:45.709103Z","log":{"level":"INFO","logger":"com.mimococo.marketops.AdvertisingResponsibilityBoundaryIT"},"process":{"pid":92757,"thread":{"name":"main"}},"service":{"name":"marketops-server","version":"0.1.0-SNAPSHOT","environment":"ci","node":{}},"message":"The following 1 profile is active: \"ci\"","ecs":{"version":"8.11"},"application":"marketops-server","environment":"ci","buildVersion":"0.1.0-SNAPSHOT","correlationId":"none"}
{"@timestamp":"2026-09-05T03:55:53.212102Z","log":{"level":"INFO","logger":"com.mimococo.marketops.AdvertisingResponsibilityBoundaryIT"},"process":{"pid":92757,"thread":{"name":"main"}},"service":{"name":"marketops-server","version":"0.1.0-SNAPSHOT","environment":"ci","node":{}},"message":"Started AdvertisingResponsibilityBoundaryIT in 8.331 seconds (process running for 13.045)","ecs":{"version":"8.11"},"application":"marketops-server","environment":"ci","buildVersion":"0.1.0-SNAPSHOT","correlationId":"none"}
{"@timestamp":"2026-09-05T03:55:56.579181Z","log":{"level":"INFO","logger":"com.mimococo.marketops.adminobservability.internal.audit.JdbcMetadataAuditStore"},"process":{"pid":92757,"thread":{"name":"main"}},"service":{"name":"marketops-server","version":"0.1.0-SNAPSHOT","environment":"ci","node":{}},"message":"Metadata change recorded","ecs":{"version":"8.11"},"application":"marketops-server","environment":"ci","buildVersion":"0.1.0-SNAPSHOT","correlationId":"none","event":"metadata_change_recorded","sourceDomain":"operationsworkflow","entityType":"work-task","entityId":"8c057997-7a72-4270-901d-018c632effb8","action":"UPDATE","actorId":"367361e0-9343-421b-b902-d45205a34c01"}
{"@timestamp":"2026-09-05T03:55:56.650935Z","log":{"level":"INFO","logger":"com.mimococo.marketops.adminobservability.internal.audit.JdbcMetadataAuditStore"},"process":{"pid":92757,"thread":{"name":"main"}},"service":{"name":"marketops-server","version":"0.1.0-SNAPSHOT","environment":"ci","node":{}},"message":"Metadata change recorded","ecs":{"version":"8.11"},"application":"marketops-server","environment":"ci","buildVersion":"0.1.0-SNAPSHOT","correlationId":"none","event":"metadata_change_recorded","sourceDomain":"operationsworkflow","entityType":"work-task","entityId":"8c057997-7a72-4270-901d-018c632effb8","action":"UPDATE","actorId":"8263d5c3-b2e9-41e0-a37d-5068be6bbc70"}
{"@timestamp":"2026-09-05T03:55:57.001191Z","log":{"level":"INFO","logger":"com.mimococo.marketops.adminobservability.internal.audit.JdbcMetadataAuditStore"},"process":{"pid":92757,"thread":{"name":"main"}},"service":{"name":"marketops-server","version":"0.1.0-SNAPSHOT","environment":"ci","node":{}},"message":"Metadata change recorded","ecs":{"version":"8.11"},"application":"marketops-server","environment":"ci","buildVersion":"0.1.0-SNAPSHOT","correlationId":"none","event":"metadata_change_recorded","sourceDomain":"operationsworkflow","entityType":"work-task","entityId":"d9121e85-66d0-40d5-b0f1-33be4936bcc5","action":"UPDATE","actorId":"5aae8b83-0a0f-4410-83ab-b1ac5d5a1aab"}
{"@timestamp":"2026-09-05T03:55:57.075563Z","log":{"level":"INFO","logger":"com.mimococo.marketops.adminobservability.internal.audit.JdbcMetadataAuditStore"},"process":{"pid":92757,"thread":{"name":"main"}},"service":{"name":"marketops-server","version":"0.1.0-SNAPSHOT","environment":"ci","node":{}},"message":"Metadata change recorded","ecs":{"version":"8.11"},"application":"marketops-server","environment":"ci","buildVersion":"0.1.0-SNAPSHOT","correlationId":"none","event":"metadata_change_recorded","sourceDomain":"operationsworkflow","entityType":"work-task","entityId":"d9121e85-66d0-40d5-b0f1-33be4936bcc5","action":"UPDATE","actorId":"5aae8b83-0a0f-4410-83ab-b1ac5d5a1aab"}
[INFO] Tests run: 9, Failures: 0, Errors: 0, Skipped: 0, Time elapsed: 15.98 s -- in com.mimococo.marketops.AdvertisingResponsibilityBoundaryIT
[INFO] Running com.mimococo.marketops.AdvertisingDisclosureIT
{"@timestamp":"2026-09-05T03:55:58.674480Z","log":{"level":"INFO","logger":"com.mimococo.marketops.AdvertisingDisclosureIT"},"process":{"pid":92757,"thread":{"name":"main"}},"service":{"name":"marketops-server","version":"0.1.0-SNAPSHOT","environment":"ci","node":{}},"message":"Starting AdvertisingDisclosureIT v0.1.0-SNAPSHOT using Java 21.0.10 with PID 92757 (started by chzhengx in /Users/chzhengx/Code/personal/marketops-platform/backend/marketops-server)","ecs":{"version":"8.11"},"application":"marketops-server","environment":"ci","buildVersion":"0.1.0-SNAPSHOT","correlationId":"none"}
{"@timestamp":"2026-09-05T03:55:58.675951Z","log":{"level":"INFO","logger":"com.mimococo.marketops.AdvertisingDisclosureIT"},"process":{"pid":92757,"thread":{"name":"main"}},"service":{"name":"marketops-server","version":"0.1.0-SNAPSHOT","environment":"ci","node":{}},"message":"The following 1 profile is active: \"ci\"","ecs":{"version":"8.11"},"application":"marketops-server","environment":"ci","buildVersion":"0.1.0-SNAPSHOT","correlationId":"none"}
{"@timestamp":"2026-09-05T03:56:02.469662Z","log":{"level":"INFO","logger":"com.mimococo.marketops.AdvertisingDisclosureIT"},"process":{"pid":92757,"thread":{"name":"main"}},"service":{"name":"marketops-server","version":"0.1.0-SNAPSHOT","environment":"ci","node":{}},"message":"Started AdvertisingDisclosureIT in 3.84 seconds (process running for 22.303)","ecs":{"version":"8.11"},"application":"marketops-server","environment":"ci","buildVersion":"0.1.0-SNAPSHOT","correlationId":"none"}
{"@timestamp":"2026-09-05T03:56:02.677760Z","log":{"level":"INFO","logger":"com.mimococo.marketops.adminobservability.internal.audit.JdbcMetadataAuditStore"},"process":{"pid":92757,"thread":{"name":"main"}},"service":{"name":"marketops-server","version":"0.1.0-SNAPSHOT","environment":"ci","node":{}},"message":"Metadata change recorded","ecs":{"version":"8.11"},"application":"marketops-server","environment":"ci","buildVersion":"0.1.0-SNAPSHOT","correlationId":"none","event":"metadata_change_recorded","sourceDomain":"identityaccess","entityType":"user-role-assignment","entityId":"c20ecd04-68d4-488b-92dd-12acd4711b53","action":"GRANT","actorId":"disclosure-fixture"}
{"@timestamp":"2026-09-05T03:56:02.681346Z","log":{"level":"INFO","logger":"com.mimococo.marketops.adminobservability.internal.audit.JdbcMetadataAuditStore"},"process":{"pid":92757,"thread":{"name":"main"}},"service":{"name":"marketops-server","version":"0.1.0-SNAPSHOT","environment":"ci","node":{}},"message":"Metadata change recorded","ecs":{"version":"8.11"},"application":"marketops-server","environment":"ci","buildVersion":"0.1.0-SNAPSHOT","correlationId":"none","event":"metadata_change_recorded","sourceDomain":"identityaccess","entityType":"user-role-assignment","entityId":"974599a8-3647-47ce-bcb9-1fc054db5513","action":"GRANT","actorId":"disclosure-fixture"}
{"@timestamp":"2026-09-05T03:56:02.686837Z","log":{"level":"INFO","logger":"com.mimococo.marketops.adminobservability.internal.audit.JdbcMetadataAuditStore"},"process":{"pid":92757,"thread":{"name":"main"}},"service":{"name":"marketops-server","version":"0.1.0-SNAPSHOT","environment":"ci","node":{}},"message":"Metadata change recorded","ecs":{"version":"8.11"},"application":"marketops-server","environment":"ci","buildVersion":"0.1.0-SNAPSHOT","correlationId":"none","event":"metadata_change_recorded","sourceDomain":"identityaccess","entityType":"user-scope-grant","entityId":"e260b7ba-5ea9-45de-a14c-d684d45ae229","action":"GRANT","actorId":"disclosure-fixture"}
{"@timestamp":"2026-09-05T03:56:02.689926Z","log":{"level":"INFO","logger":"com.mimococo.marketops.adminobservability.internal.audit.JdbcMetadataAuditStore"},"process":{"pid":92757,"thread":{"name":"main"}},"service":{"name":"marketops-server","version":"0.1.0-SNAPSHOT","environment":"ci","node":{}},"message":"Metadata change recorded","ecs":{"version":"8.11"},"application":"marketops-server","environment":"ci","buildVersion":"0.1.0-SNAPSHOT","correlationId":"none","event":"metadata_change_recorded","sourceDomain":"identityaccess","entityType":"user-scope-grant","entityId":"f638c70f-62a7-4a91-97e7-fe8e13a8eac6","action":"GRANT","actorId":"disclosure-fixture"}
{"@timestamp":"2026-09-05T03:56:02.984080Z","log":{"level":"INFO","logger":"com.mimococo.marketops.adminobservability.internal.audit.JdbcMetadataAuditStore"},"process":{"pid":92757,"thread":{"name":"main"}},"service":{"name":"marketops-server","version":"0.1.0-SNAPSHOT","environment":"ci","node":{}},"message":"Metadata change recorded","ecs":{"version":"8.11"},"application":"marketops-server","environment":"ci","buildVersion":"0.1.0-SNAPSHOT","correlationId":"none","event":"metadata_change_recorded","sourceDomain":"identityaccess","entityType":"user-role-assignment","entityId":"a6e20e94-772a-49a5-af7b-b8cb773b622a","action":"GRANT","actorId":"disclosure-fixture"}
{"@timestamp":"2026-09-05T03:56:02.988230Z","log":{"level":"INFO","logger":"com.mimococo.marketops.adminobservability.internal.audit.JdbcMetadataAuditStore"},"process":{"pid":92757,"thread":{"name":"main"}},"service":{"name":"marketops-server","version":"0.1.0-SNAPSHOT","environment":"ci","node":{}},"message":"Metadata change recorded","ecs":{"version":"8.11"},"application":"marketops-server","environment":"ci","buildVersion":"0.1.0-SNAPSHOT","correlationId":"none","event":"metadata_change_recorded","sourceDomain":"identityaccess","entityType":"user-scope-grant","entityId":"d4bded25-7cb3-4d4c-ae75-6219c73400b8","action":"GRANT","actorId":"disclosure-fixture"}
{"@timestamp":"2026-09-05T03:56:03.062944Z","log":{"level":"INFO","logger":"com.mimococo.marketops.adminobservability.internal.audit.JdbcMetadataAuditStore"},"process":{"pid":92757,"thread":{"name":"main"}},"service":{"name":"marketops-server","version":"0.1.0-SNAPSHOT","environment":"ci","node":{}},"message":"Metadata change recorded","ecs":{"version":"8.11"},"application":"marketops-server","environment":"ci","buildVersion":"0.1.0-SNAPSHOT","correlationId":"none","event":"metadata_change_recorded","sourceDomain":"identityaccess","entityType":"user-scope-grant","entityId":"14820722-8c0f-47b0-8ace-2d209c299c05","action":"GRANT","actorId":"disclosure-fixture"}
{"@timestamp":"2026-09-05T03:56:03.356797Z","log":{"level":"INFO","logger":"com.mimococo.marketops.shared.internal.errors.ConsoleProblemAdvice"},"process":{"pid":92757,"thread":{"name":"http-nio-127.0.0.1-auto-1-exec-1"}},"service":{"name":"marketops-server","version":"0.1.0-SNAPSHOT","environment":"ci","node":{}},"message":"Console request refused","ecs":{"version":"8.11"},"application":"marketops-server","environment":"ci","buildVersion":"0.1.0-SNAPSHOT","correlationId":"6a6f4197-7a1c-4499-af32-b0f9792f8472","event":"console_request_refused","errorCode":"APPROVAL_EVIDENCE_SCOPE_BLOCKED"}
{"@timestamp":"2026-09-05T03:56:03.373297Z","log":{"level":"INFO","logger":"com.mimococo.marketops.shared.internal.correlation.CorrelationIdFilter"},"process":{"pid":92757,"thread":{"name":"http-nio-127.0.0.1-auto-1-exec-1"}},"service":{"name":"marketops-server","version":"0.1.0-SNAPSHOT","environment":"ci","node":{}},"message":"Request completed","ecs":{"version":"8.11"},"application":"marketops-server","environment":"ci","buildVersion":"0.1.0-SNAPSHOT","correlationId":"6a6f4197-7a1c-4499-af32-b0f9792f8472","event":"request_completed","status":403}
{"@timestamp":"2026-09-05T03:56:03.416032Z","log":{"level":"INFO","logger":"com.mimococo.marketops.shared.internal.correlation.CorrelationIdFilter"},"process":{"pid":92757,"thread":{"name":"http-nio-127.0.0.1-auto-1-exec-2"}},"service":{"name":"marketops-server","version":"0.1.0-SNAPSHOT","environment":"ci","node":{}},"message":"Request completed","ecs":{"version":"8.11"},"application":"marketops-server","environment":"ci","buildVersion":"0.1.0-SNAPSHOT","correlationId":"2093e668-e77e-4b51-9388-b893c4e5ada1","event":"request_completed","status":200}
{"@timestamp":"2026-09-05T03:56:03.432036Z","log":{"level":"INFO","logger":"com.mimococo.marketops.shared.internal.correlation.CorrelationIdFilter"},"process":{"pid":92757,"thread":{"name":"http-nio-127.0.0.1-auto-1-exec-3"}},"service":{"name":"marketops-server","version":"0.1.0-SNAPSHOT","environment":"ci","node":{}},"message":"Request completed","ecs":{"version":"8.11"},"application":"marketops-server","environment":"ci","buildVersion":"0.1.0-SNAPSHOT","correlationId":"255d5738-1f23-4cbb-a3ec-9ea40659488c","event":"request_completed","status":200}
{"@timestamp":"2026-09-05T03:56:03.494556Z","log":{"level":"INFO","logger":"com.mimococo.marketops.shared.internal.correlation.CorrelationIdFilter"},"process":{"pid":92757,"thread":{"name":"http-nio-127.0.0.1-auto-1-exec-4"}},"service":{"name":"marketops-server","version":"0.1.0-SNAPSHOT","environment":"ci","node":{}},"message":"Request completed","ecs":{"version":"8.11"},"application":"marketops-server","environment":"ci","buildVersion":"0.1.0-SNAPSHOT","correlationId":"21f0ee44-5e67-479d-8d4e-0f65a1298e45","event":"request_completed","status":200}
{"@timestamp":"2026-09-05T03:56:03.511905Z","log":{"level":"INFO","logger":"com.mimococo.marketops.shared.internal.errors.ConsoleProblemAdvice"},"process":{"pid":92757,"thread":{"name":"http-nio-127.0.0.1-auto-1-exec-5"}},"service":{"name":"marketops-server","version":"0.1.0-SNAPSHOT","environment":"ci","node":{}},"message":"Console request refused","ecs":{"version":"8.11"},"application":"marketops-server","environment":"ci","buildVersion":"0.1.0-SNAPSHOT","correlationId":"30b15cdd-2c15-49d4-b89e-1fcfc8b49010","event":"console_request_refused","errorCode":"RESOURCE_SCOPE_DENIED"}
{"@timestamp":"2026-09-05T03:56:03.513294Z","log":{"level":"INFO","logger":"com.mimococo.marketops.shared.internal.correlation.CorrelationIdFilter"},"process":{"pid":92757,"thread":{"name":"http-nio-127.0.0.1-auto-1-exec-5"}},"service":{"name":"marketops-server","version":"0.1.0-SNAPSHOT","environment":"ci","node":{}},"message":"Request completed","ecs":{"version":"8.11"},"application":"marketops-server","environment":"ci","buildVersion":"0.1.0-SNAPSHOT","correlationId":"30b15cdd-2c15-49d4-b89e-1fcfc8b49010","event":"request_completed","status":403}
{"@timestamp":"2026-09-05T03:56:03.528952Z","log":{"level":"INFO","logger":"com.mimococo.marketops.shared.internal.errors.ConsoleProblemAdvice"},"process":{"pid":92757,"thread":{"name":"http-nio-127.0.0.1-auto-1-exec-6"}},"service":{"name":"marketops-server","version":"0.1.0-SNAPSHOT","environment":"ci","node":{}},"message":"Console request refused","ecs":{"version":"8.11"},"application":"marketops-server","environment":"ci","buildVersion":"0.1.0-SNAPSHOT","correlationId":"3f927e55-75c6-4a61-9b89-46caeea10db7","event":"console_request_refused","errorCode":"RESOURCE_SCOPE_DENIED"}
{"@timestamp":"2026-09-05T03:56:03.530352Z","log":{"level":"INFO","logger":"com.mimococo.marketops.shared.internal.correlation.CorrelationIdFilter"},"process":{"pid":92757,"thread":{"name":"http-nio-127.0.0.1-auto-1-exec-6"}},"service":{"name":"marketops-server","version":"0.1.0-SNAPSHOT","environment":"ci","node":{}},"message":"Request completed","ecs":{"version":"8.11"},"application":"marketops-server","environment":"ci","buildVersion":"0.1.0-SNAPSHOT","correlationId":"3f927e55-75c6-4a61-9b89-46caeea10db7","event":"request_completed","status":403}
{"@timestamp":"2026-09-05T03:56:03.546225Z","log":{"level":"INFO","logger":"com.mimococo.marketops.shared.internal.errors.ConsoleProblemAdvice"},"process":{"pid":92757,"thread":{"name":"http-nio-127.0.0.1-auto-1-exec-7"}},"service":{"name":"marketops-server","version":"0.1.0-SNAPSHOT","environment":"ci","node":{}},"message":"Console request refused","ecs":{"version":"8.11"},"application":"marketops-server","environment":"ci","buildVersion":"0.1.0-SNAPSHOT","correlationId":"e7cdad01-4cab-448a-a688-4c78d09ed5f0","event":"console_request_refused","errorCode":"RESOURCE_SCOPE_DENIED"}
{"@timestamp":"2026-09-05T03:56:03.547427Z","log":{"level":"INFO","logger":"com.mimococo.marketops.shared.internal.correlation.CorrelationIdFilter"},"process":{"pid":92757,"thread":{"name":"http-nio-127.0.0.1-auto-1-exec-7"}},"service":{"name":"marketops-server","version":"0.1.0-SNAPSHOT","environment":"ci","node":{}},"message":"Request completed","ecs":{"version":"8.11"},"application":"marketops-server","environment":"ci","buildVersion":"0.1.0-SNAPSHOT","correlationId":"e7cdad01-4cab-448a-a688-4c78d09ed5f0","event":"request_completed","status":403}
{"@timestamp":"2026-09-05T03:56:03.560254Z","log":{"level":"INFO","logger":"com.mimococo.marketops.adminobservability.internal.audit.JdbcMetadataAuditStore"},"process":{"pid":92757,"thread":{"name":"http-nio-127.0.0.1-auto-1-exec-8"}},"service":{"name":"marketops-server","version":"0.1.0-SNAPSHOT","environment":"ci","node":{}},"message":"Metadata change recorded","ecs":{"version":"8.11"},"application":"marketops-server","environment":"ci","buildVersion":"0.1.0-SNAPSHOT","correlationId":"5010dd41-517a-420f-9373-a6d996469549","event":"metadata_change_recorded","sourceDomain":"advertisingefficiency","entityType":"advertising_reservations","entityId":"5771aa82-4b04-4254-a06a-b6735a6e347e","action":"READ","actorId":"edd6d235-c699-412f-a4df-3859453504ba"}
{"@timestamp":"2026-09-05T03:56:03.569048Z","log":{"level":"INFO","logger":"com.mimococo.marketops.shared.internal.correlation.CorrelationIdFilter"},"process":{"pid":92757,"thread":{"name":"http-nio-127.0.0.1-auto-1-exec-8"}},"service":{"name":"marketops-server","version":"0.1.0-SNAPSHOT","environment":"ci","node":{}},"message":"Request completed","ecs":{"version":"8.11"},"application":"marketops-server","environment":"ci","buildVersion":"0.1.0-SNAPSHOT","correlationId":"5010dd41-517a-420f-9373-a6d996469549","event":"request_completed","status":200}
{"@timestamp":"2026-09-05T03:56:03.581917Z","log":{"level":"INFO","logger":"com.mimococo.marketops.adminobservability.internal.audit.JdbcMetadataAuditStore"},"process":{"pid":92757,"thread":{"name":"http-nio-127.0.0.1-auto-1-exec-9"}},"service":{"name":"marketops-server","version":"0.1.0-SNAPSHOT","environment":"ci","node":{}},"message":"Metadata change recorded","ecs":{"version":"8.11"},"application":"marketops-server","environment":"ci","buildVersion":"0.1.0-SNAPSHOT","correlationId":"a6f73ce2-2952-474d-bc9c-e26791c69c14","event":"metadata_change_recorded","sourceDomain":"advertisingefficiency","entityType":"advertising_manual_packet","entityId":"7578fa80-364b-44ca-aa07-f48ac8ca92c9","action":"READ","actorId":"edd6d235-c699-412f-a4df-3859453504ba"}
{"@timestamp":"2026-09-05T03:56:03.598029Z","log":{"level":"INFO","logger":"com.mimococo.marketops.shared.internal.correlation.CorrelationIdFilter"},"process":{"pid":92757,"thread":{"name":"http-nio-127.0.0.1-auto-1-exec-9"}},"service":{"name":"marketops-server","version":"0.1.0-SNAPSHOT","environment":"ci","node":{}},"message":"Request completed","ecs":{"version":"8.11"},"application":"marketops-server","environment":"ci","buildVersion":"0.1.0-SNAPSHOT","correlationId":"a6f73ce2-2952-474d-bc9c-e26791c69c14","event":"request_completed","status":200}
{"@timestamp":"2026-09-05T03:56:03.601658Z","log":{"level":"INFO","logger":"com.mimococo.marketops.adminobservability.internal.audit.JdbcMetadataAuditStore"},"process":{"pid":92757,"thread":{"name":"main"}},"service":{"name":"marketops-server","version":"0.1.0-SNAPSHOT","environment":"ci","node":{}},"message":"Metadata change recorded","ecs":{"version":"8.11"},"application":"marketops-server","environment":"ci","buildVersion":"0.1.0-SNAPSHOT","correlationId":"none","event":"metadata_change_recorded","sourceDomain":"identityaccess","entityType":"user-scope-grant","entityId":"51be9291-7f03-46fb-aac2-97fbdd78ed1e","action":"GRANT","actorId":"disclosure-fixture"}
{"@timestamp":"2026-09-05T03:56:03.637093Z","log":{"level":"INFO","logger":"com.mimococo.marketops.shared.internal.correlation.CorrelationIdFilter"},"process":{"pid":92757,"thread":{"name":"http-nio-127.0.0.1-auto-1-exec-10"}},"service":{"name":"marketops-server","version":"0.1.0-SNAPSHOT","environment":"ci","node":{}},"message":"Request completed","ecs":{"version":"8.11"},"application":"marketops-server","environment":"ci","buildVersion":"0.1.0-SNAPSHOT","correlationId":"b4a1422a-8462-4335-a094-6392ea3cee6f","event":"request_completed","status":200}
{"@timestamp":"2026-09-05T03:56:03.669707Z","log":{"level":"INFO","logger":"com.mimococo.marketops.shared.internal.correlation.CorrelationIdFilter"},"process":{"pid":92757,"thread":{"name":"http-nio-127.0.0.1-auto-1-exec-1"}},"service":{"name":"marketops-server","version":"0.1.0-SNAPSHOT","environment":"ci","node":{}},"message":"Request completed","ecs":{"version":"8.11"},"application":"marketops-server","environment":"ci","buildVersion":"0.1.0-SNAPSHOT","correlationId":"2a16563b-b96f-432b-a6a3-ab00b38ebffe","event":"request_completed","status":200}
{"@timestamp":"2026-09-05T03:56:03.680520Z","log":{"level":"INFO","logger":"com.mimococo.marketops.shared.internal.correlation.CorrelationIdFilter"},"process":{"pid":92757,"thread":{"name":"http-nio-127.0.0.1-auto-1-exec-2"}},"service":{"name":"marketops-server","version":"0.1.0-SNAPSHOT","environment":"ci","node":{}},"message":"Request completed","ecs":{"version":"8.11"},"application":"marketops-server","environment":"ci","buildVersion":"0.1.0-SNAPSHOT","correlationId":"1511acf5-6583-446a-b56b-1f916da111ca","event":"request_completed","status":200}
{"@timestamp":"2026-09-05T03:56:03.745521Z","log":{"level":"INFO","logger":"com.mimococo.marketops.shared.internal.correlation.CorrelationIdFilter"},"process":{"pid":92757,"thread":{"name":"http-nio-127.0.0.1-auto-1-exec-3"}},"service":{"name":"marketops-server","version":"0.1.0-SNAPSHOT","environment":"ci","node":{}},"message":"Request completed","ecs":{"version":"8.11"},"application":"marketops-server","environment":"ci","buildVersion":"0.1.0-SNAPSHOT","correlationId":"58558839-83e2-4511-b8c8-b157099ff4ba","event":"request_completed","status":200}
{"@timestamp":"2026-09-05T03:56:03.788049Z","log":{"level":"INFO","logger":"com.mimococo.marketops.adminobservability.internal.audit.JdbcMetadataAuditStore"},"process":{"pid":92757,"thread":{"name":"http-nio-127.0.0.1-auto-1-exec-4"}},"service":{"name":"marketops-server","version":"0.1.0-SNAPSHOT","environment":"ci","node":{}},"message":"Metadata change recorded","ecs":{"version":"8.11"},"application":"marketops-server","environment":"ci","buildVersion":"0.1.0-SNAPSHOT","correlationId":"c23abe3d-3e2a-4715-87f4-384b3949108d","event":"metadata_change_recorded","sourceDomain":"advertisingefficiency","entityType":"advertising_command","entityId":"4e613092-b5c7-40c9-983a-e857ee53acd7","action":"READ","actorId":"edd6d235-c699-412f-a4df-3859453504ba"}
{"@timestamp":"2026-09-05T03:56:03.798269Z","log":{"level":"INFO","logger":"com.mimococo.marketops.shared.internal.correlation.CorrelationIdFilter"},"process":{"pid":92757,"thread":{"name":"http-nio-127.0.0.1-auto-1-exec-4"}},"service":{"name":"marketops-server","version":"0.1.0-SNAPSHOT","environment":"ci","node":{}},"message":"Request completed","ecs":{"version":"8.11"},"application":"marketops-server","environment":"ci","buildVersion":"0.1.0-SNAPSHOT","correlationId":"c23abe3d-3e2a-4715-87f4-384b3949108d","event":"request_completed","status":200}
{"@timestamp":"2026-09-05T03:56:03.816306Z","log":{"level":"INFO","logger":"com.mimococo.marketops.adminobservability.internal.audit.JdbcMetadataAuditStore"},"process":{"pid":92757,"thread":{"name":"http-nio-127.0.0.1-auto-1-exec-5"}},"service":{"name":"marketops-server","version":"0.1.0-SNAPSHOT","environment":"ci","node":{}},"message":"Metadata change recorded","ecs":{"version":"8.11"},"application":"marketops-server","environment":"ci","buildVersion":"0.1.0-SNAPSHOT","correlationId":"f4d16e9e-6b0f-4d99-896d-82c5e69f871d","event":"metadata_change_recorded","sourceDomain":"advertisingefficiency","entityType":"advertising_outcome","entityId":"4e613092-b5c7-40c9-983a-e857ee53acd7","action":"READ","actorId":"edd6d235-c699-412f-a4df-3859453504ba"}
{"@timestamp":"2026-09-05T03:56:03.817911Z","log":{"level":"INFO","logger":"com.mimococo.marketops.shared.internal.correlation.CorrelationIdFilter"},"process":{"pid":92757,"thread":{"name":"http-nio-127.0.0.1-auto-1-exec-5"}},"service":{"name":"marketops-server","version":"0.1.0-SNAPSHOT","environment":"ci","node":{}},"message":"Request completed","ecs":{"version":"8.11"},"application":"marketops-server","environment":"ci","buildVersion":"0.1.0-SNAPSHOT","correlationId":"f4d16e9e-6b0f-4d99-896d-82c5e69f871d","event":"request_completed","status":200}
{"@timestamp":"2026-09-05T03:56:03.836689Z","log":{"level":"INFO","logger":"com.mimococo.marketops.shared.internal.correlation.CorrelationIdFilter"},"process":{"pid":92757,"thread":{"name":"http-nio-127.0.0.1-auto-1-exec-6"}},"service":{"name":"marketops-server","version":"0.1.0-SNAPSHOT","environment":"ci","node":{}},"message":"Request completed","ecs":{"version":"8.11"},"application":"marketops-server","environment":"ci","buildVersion":"0.1.0-SNAPSHOT","correlationId":"d647fbde-e818-4207-9f72-0a8dc17c24d1","event":"request_completed","status":200}
{"@timestamp":"2026-09-05T03:56:03.847579Z","log":{"level":"INFO","logger":"com.mimococo.marketops.adminobservability.internal.audit.JdbcMetadataAuditStore"},"process":{"pid":92757,"thread":{"name":"http-nio-127.0.0.1-auto-1-exec-7"}},"service":{"name":"marketops-server","version":"0.1.0-SNAPSHOT","environment":"ci","node":{}},"message":"Metadata change recorded","ecs":{"version":"8.11"},"application":"marketops-server","environment":"ci","buildVersion":"0.1.0-SNAPSHOT","correlationId":"611fdbaf-9cf2-4f56-97a5-969d849890da","event":"metadata_change_recorded","sourceDomain":"advertisingefficiency","entityType":"advertising_reservations","entityId":"5771aa82-4b04-4254-a06a-b6735a6e347e","action":"READ","actorId":"edd6d235-c699-412f-a4df-3859453504ba"}
{"@timestamp":"2026-09-05T03:56:03.859106Z","log":{"level":"INFO","logger":"com.mimococo.marketops.shared.internal.correlation.CorrelationIdFilter"},"process":{"pid":92757,"thread":{"name":"http-nio-127.0.0.1-auto-1-exec-7"}},"service":{"name":"marketops-server","version":"0.1.0-SNAPSHOT","environment":"ci","node":{}},"message":"Request completed","ecs":{"version":"8.11"},"application":"marketops-server","environment":"ci","buildVersion":"0.1.0-SNAPSHOT","correlationId":"611fdbaf-9cf2-4f56-97a5-969d849890da","event":"request_completed","status":200}
{"@timestamp":"2026-09-05T03:56:03.869884Z","log":{"level":"INFO","logger":"com.mimococo.marketops.adminobservability.internal.audit.JdbcMetadataAuditStore"},"process":{"pid":92757,"thread":{"name":"http-nio-127.0.0.1-auto-1-exec-8"}},"service":{"name":"marketops-server","version":"0.1.0-SNAPSHOT","environment":"ci","node":{}},"message":"Metadata change recorded","ecs":{"version":"8.11"},"application":"marketops-server","environment":"ci","buildVersion":"0.1.0-SNAPSHOT","correlationId":"9662653b-0359-4da8-b84c-1af567710012","event":"metadata_change_recorded","sourceDomain":"advertisingefficiency","entityType":"advertising_manual_packet","entityId":"7578fa80-364b-44ca-aa07-f48ac8ca92c9","action":"READ","actorId":"edd6d235-c699-412f-a4df-3859453504ba"}
{"@timestamp":"2026-09-05T03:56:03.898332Z","log":{"level":"INFO","logger":"com.mimococo.marketops.shared.internal.correlation.CorrelationIdFilter"},"process":{"pid":92757,"thread":{"name":"http-nio-127.0.0.1-auto-1-exec-8"}},"service":{"name":"marketops-server","version":"0.1.0-SNAPSHOT","environment":"ci","node":{}},"message":"Request completed","ecs":{"version":"8.11"},"application":"marketops-server","environment":"ci","buildVersion":"0.1.0-SNAPSHOT","correlationId":"9662653b-0359-4da8-b84c-1af567710012","event":"request_completed","status":200}
{"@timestamp":"2026-09-05T03:56:03.906345Z","log":{"level":"INFO","logger":"com.mimococo.marketops.adminobservability.internal.audit.JdbcMetadataAuditStore"},"process":{"pid":92757,"thread":{"name":"main"}},"service":{"name":"marketops-server","version":"0.1.0-SNAPSHOT","environment":"ci","node":{}},"message":"Metadata change recorded","ecs":{"version":"8.11"},"application":"marketops-server","environment":"ci","buildVersion":"0.1.0-SNAPSHOT","correlationId":"none","event":"metadata_change_recorded","sourceDomain":"identityaccess","entityType":"user-scope-grant","entityId":"51be9291-7f03-46fb-aac2-97fbdd78ed1e","action":"REVOKE","actorId":"disclosure-fixture"}
{"@timestamp":"2026-09-05T03:56:03.926343Z","log":{"level":"INFO","logger":"com.mimococo.marketops.shared.internal.errors.ConsoleProblemAdvice"},"process":{"pid":92757,"thread":{"name":"http-nio-127.0.0.1-auto-1-exec-9"}},"service":{"name":"marketops-server","version":"0.1.0-SNAPSHOT","environment":"ci","node":{}},"message":"Console request refused","ecs":{"version":"8.11"},"application":"marketops-server","environment":"ci","buildVersion":"0.1.0-SNAPSHOT","correlationId":"49626901-c031-44f1-96ef-9ca5a7a5b2c5","event":"console_request_refused","errorCode":"APPROVAL_EVIDENCE_SCOPE_BLOCKED"}
{"@timestamp":"2026-09-05T03:56:03.927263Z","log":{"level":"INFO","logger":"com.mimococo.marketops.shared.internal.correlation.CorrelationIdFilter"},"process":{"pid":92757,"thread":{"name":"http-nio-127.0.0.1-auto-1-exec-9"}},"service":{"name":"marketops-server","version":"0.1.0-SNAPSHOT","environment":"ci","node":{}},"message":"Request completed","ecs":{"version":"8.11"},"application":"marketops-server","environment":"ci","buildVersion":"0.1.0-SNAPSHOT","correlationId":"49626901-c031-44f1-96ef-9ca5a7a5b2c5","event":"request_completed","status":403}
{"@timestamp":"2026-09-05T03:56:03.946453Z","log":{"level":"INFO","logger":"com.mimococo.marketops.shared.internal.correlation.CorrelationIdFilter"},"process":{"pid":92757,"thread":{"name":"http-nio-127.0.0.1-auto-1-exec-10"}},"service":{"name":"marketops-server","version":"0.1.0-SNAPSHOT","environment":"ci","node":{}},"message":"Request completed","ecs":{"version":"8.11"},"application":"marketops-server","environment":"ci","buildVersion":"0.1.0-SNAPSHOT","correlationId":"43f8bfd2-350f-4996-9325-80b16d55daab","event":"request_completed","status":200}
{"@timestamp":"2026-09-05T03:56:04.002026Z","log":{"level":"INFO","logger":"com.mimococo.marketops.shared.internal.correlation.CorrelationIdFilter"},"process":{"pid":92757,"thread":{"name":"http-nio-127.0.0.1-auto-1-exec-1"}},"service":{"name":"marketops-server","version":"0.1.0-SNAPSHOT","environment":"ci","node":{}},"message":"Request completed","ecs":{"version":"8.11"},"application":"marketops-server","environment":"ci","buildVersion":"0.1.0-SNAPSHOT","correlationId":"3896c86d-b245-4c09-8c3d-b98ebf9a1be6","event":"request_completed","status":200}
{"@timestamp":"2026-09-05T03:56:04.031176Z","log":{"level":"INFO","logger":"com.mimococo.marketops.shared.internal.errors.ConsoleProblemAdvice"},"process":{"pid":92757,"thread":{"name":"http-nio-127.0.0.1-auto-1-exec-2"}},"service":{"name":"marketops-server","version":"0.1.0-SNAPSHOT","environment":"ci","node":{}},"message":"Console request refused","ecs":{"version":"8.11"},"application":"marketops-server","environment":"ci","buildVersion":"0.1.0-SNAPSHOT","correlationId":"b9b7db5a-ed0a-423d-a4e8-2de0743c0356","event":"console_request_refused","errorCode":"RESOURCE_SCOPE_DENIED"}
{"@timestamp":"2026-09-05T03:56:04.032176Z","log":{"level":"INFO","logger":"com.mimococo.marketops.shared.internal.correlation.CorrelationIdFilter"},"process":{"pid":92757,"thread":{"name":"http-nio-127.0.0.1-auto-1-exec-2"}},"service":{"name":"marketops-server","version":"0.1.0-SNAPSHOT","environment":"ci","node":{}},"message":"Request completed","ecs":{"version":"8.11"},"application":"marketops-server","environment":"ci","buildVersion":"0.1.0-SNAPSHOT","correlationId":"b9b7db5a-ed0a-423d-a4e8-2de0743c0356","event":"request_completed","status":403}
{"@timestamp":"2026-09-05T03:56:04.041056Z","log":{"level":"INFO","logger":"com.mimococo.marketops.adminobservability.internal.audit.JdbcMetadataAuditStore"},"process":{"pid":92757,"thread":{"name":"http-nio-127.0.0.1-auto-1-exec-3"}},"service":{"name":"marketops-server","version":"0.1.0-SNAPSHOT","environment":"ci","node":{}},"message":"Metadata change recorded","ecs":{"version":"8.11"},"application":"marketops-server","environment":"ci","buildVersion":"0.1.0-SNAPSHOT","correlationId":"bd5d9bcb-2044-4ce9-9c34-8e90245e93f9","event":"metadata_change_recorded","sourceDomain":"advertisingefficiency","entityType":"advertising_reservations","entityId":"5771aa82-4b04-4254-a06a-b6735a6e347e","action":"READ","actorId":"edd6d235-c699-412f-a4df-3859453504ba"}
{"@timestamp":"2026-09-05T03:56:04.047758Z","log":{"level":"INFO","logger":"com.mimococo.marketops.shared.internal.correlation.CorrelationIdFilter"},"process":{"pid":92757,"thread":{"name":"http-nio-127.0.0.1-auto-1-exec-3"}},"service":{"name":"marketops-server","version":"0.1.0-SNAPSHOT","environment":"ci","node":{}},"message":"Request completed","ecs":{"version":"8.11"},"application":"marketops-server","environment":"ci","buildVersion":"0.1.0-SNAPSHOT","correlationId":"bd5d9bcb-2044-4ce9-9c34-8e90245e93f9","event":"request_completed","status":200}
{"@timestamp":"2026-09-05T03:56:04.202924Z","log":{"level":"INFO","logger":"com.mimococo.marketops.adminobservability.internal.audit.JdbcMetadataAuditStore"},"process":{"pid":92757,"thread":{"name":"main"}},"service":{"name":"marketops-server","version":"0.1.0-SNAPSHOT","environment":"ci","node":{}},"message":"Metadata change recorded","ecs":{"version":"8.11"},"application":"marketops-server","environment":"ci","buildVersion":"0.1.0-SNAPSHOT","correlationId":"none","event":"metadata_change_recorded","sourceDomain":"identityaccess","entityType":"user-role-assignment","entityId":"50555c7d-ea02-4197-8885-a7eae8ae5877","action":"GRANT","actorId":"disclosure-fixture"}
{"@timestamp":"2026-09-05T03:56:04.205699Z","log":{"level":"INFO","logger":"com.mimococo.marketops.adminobservability.internal.audit.JdbcMetadataAuditStore"},"process":{"pid":92757,"thread":{"name":"main"}},"service":{"name":"marketops-server","version":"0.1.0-SNAPSHOT","environment":"ci","node":{}},"message":"Metadata change recorded","ecs":{"version":"8.11"},"application":"marketops-server","environment":"ci","buildVersion":"0.1.0-SNAPSHOT","correlationId":"none","event":"metadata_change_recorded","sourceDomain":"identityaccess","entityType":"user-role-assignment","entityId":"37d0039b-1e96-4f10-816f-271710cfea3c","action":"GRANT","actorId":"disclosure-fixture"}
{"@timestamp":"2026-09-05T03:56:04.211540Z","log":{"level":"INFO","logger":"com.mimococo.marketops.adminobservability.internal.audit.JdbcMetadataAuditStore"},"process":{"pid":92757,"thread":{"name":"main"}},"service":{"name":"marketops-server","version":"0.1.0-SNAPSHOT","environment":"ci","node":{}},"message":"Metadata change recorded","ecs":{"version":"8.11"},"application":"marketops-server","environment":"ci","buildVersion":"0.1.0-SNAPSHOT","correlationId":"none","event":"metadata_change_recorded","sourceDomain":"identityaccess","entityType":"user-scope-grant","entityId":"081abfb8-60df-4119-99cc-3f6229fd39a4","action":"GRANT","actorId":"disclosure-fixture"}
{"@timestamp":"2026-09-05T03:56:04.213957Z","log":{"level":"INFO","logger":"com.mimococo.marketops.adminobservability.internal.audit.JdbcMetadataAuditStore"},"process":{"pid":92757,"thread":{"name":"main"}},"service":{"name":"marketops-server","version":"0.1.0-SNAPSHOT","environment":"ci","node":{}},"message":"Metadata change recorded","ecs":{"version":"8.11"},"application":"marketops-server","environment":"ci","buildVersion":"0.1.0-SNAPSHOT","correlationId":"none","event":"metadata_change_recorded","sourceDomain":"identityaccess","entityType":"user-scope-grant","entityId":"5f6e743d-b16b-4909-8f7c-4f15f2caa858","action":"GRANT","actorId":"disclosure-fixture"}
{"@timestamp":"2026-09-05T03:56:04.230662Z","log":{"level":"INFO","logger":"com.mimococo.marketops.adminobservability.internal.audit.JdbcMetadataAuditStore"},"process":{"pid":92757,"thread":{"name":"main"}},"service":{"name":"marketops-server","version":"0.1.0-SNAPSHOT","environment":"ci","node":{}},"message":"Metadata change recorded","ecs":{"version":"8.11"},"application":"marketops-server","environment":"ci","buildVersion":"0.1.0-SNAPSHOT","correlationId":"none","event":"metadata_change_recorded","sourceDomain":"identityaccess","entityType":"user-scope-grant","entityId":"60aa4597-1360-4e3c-94a9-87ea27a5778c","action":"GRANT","actorId":"disclosure-fixture"}
{"@timestamp":"2026-09-05T03:56:04.464292Z","log":{"level":"INFO","logger":"com.mimococo.marketops.adminobservability.internal.audit.JdbcMetadataAuditStore"},"process":{"pid":92757,"thread":{"name":"main"}},"service":{"name":"marketops-server","version":"0.1.0-SNAPSHOT","environment":"ci","node":{}},"message":"Metadata change recorded","ecs":{"version":"8.11"},"application":"marketops-server","environment":"ci","buildVersion":"0.1.0-SNAPSHOT","correlationId":"none","event":"metadata_change_recorded","sourceDomain":"identityaccess","entityType":"user-role-assignment","entityId":"715dcb11-9497-4ac0-825f-eeeeede3ee5e","action":"GRANT","actorId":"disclosure-fixture"}
{"@timestamp":"2026-09-05T03:56:04.469391Z","log":{"level":"INFO","logger":"com.mimococo.marketops.adminobservability.internal.audit.JdbcMetadataAuditStore"},"process":{"pid":92757,"thread":{"name":"main"}},"service":{"name":"marketops-server","version":"0.1.0-SNAPSHOT","environment":"ci","node":{}},"message":"Metadata change recorded","ecs":{"version":"8.11"},"application":"marketops-server","environment":"ci","buildVersion":"0.1.0-SNAPSHOT","correlationId":"none","event":"metadata_change_recorded","sourceDomain":"identityaccess","entityType":"user-role-assignment","entityId":"471b7fa4-7cb9-44fa-b4df-82e406195fd1","action":"GRANT","actorId":"disclosure-fixture"}
{"@timestamp":"2026-09-05T03:56:04.474494Z","log":{"level":"INFO","logger":"com.mimococo.marketops.adminobservability.internal.audit.JdbcMetadataAuditStore"},"process":{"pid":92757,"thread":{"name":"main"}},"service":{"name":"marketops-server","version":"0.1.0-SNAPSHOT","environment":"ci","node":{}},"message":"Metadata change recorded","ecs":{"version":"8.11"},"application":"marketops-server","environment":"ci","buildVersion":"0.1.0-SNAPSHOT","correlationId":"none","event":"metadata_change_recorded","sourceDomain":"identityaccess","entityType":"user-scope-grant","entityId":"143d3562-82ec-49ff-b4d3-4634b2485eb7","action":"GRANT","actorId":"disclosure-fixture"}
{"@timestamp":"2026-09-05T03:56:04.478740Z","log":{"level":"INFO","logger":"com.mimococo.marketops.adminobservability.internal.audit.JdbcMetadataAuditStore"},"process":{"pid":92757,"thread":{"name":"main"}},"service":{"name":"marketops-server","version":"0.1.0-SNAPSHOT","environment":"ci","node":{}},"message":"Metadata change recorded","ecs":{"version":"8.11"},"application":"marketops-server","environment":"ci","buildVersion":"0.1.0-SNAPSHOT","correlationId":"none","event":"metadata_change_recorded","sourceDomain":"identityaccess","entityType":"user-scope-grant","entityId":"5d1159a7-3a1e-4694-9fc1-620eb6007991","action":"GRANT","actorId":"disclosure-fixture"}
{"@timestamp":"2026-09-05T03:56:04.744313Z","log":{"level":"INFO","logger":"com.mimococo.marketops.adminobservability.internal.audit.JdbcMetadataAuditStore"},"process":{"pid":92757,"thread":{"name":"main"}},"service":{"name":"marketops-server","version":"0.1.0-SNAPSHOT","environment":"ci","node":{}},"message":"Metadata change recorded","ecs":{"version":"8.11"},"application":"marketops-server","environment":"ci","buildVersion":"0.1.0-SNAPSHOT","correlationId":"none","event":"metadata_change_recorded","sourceDomain":"identityaccess","entityType":"user-role-assignment","entityId":"3f1feae5-c463-4ad7-b66a-77e5871e90e6","action":"GRANT","actorId":"disclosure-fixture"}
{"@timestamp":"2026-09-05T03:56:04.746399Z","log":{"level":"INFO","logger":"com.mimococo.marketops.adminobservability.internal.audit.JdbcMetadataAuditStore"},"process":{"pid":92757,"thread":{"name":"main"}},"service":{"name":"marketops-server","version":"0.1.0-SNAPSHOT","environment":"ci","node":{}},"message":"Metadata change recorded","ecs":{"version":"8.11"},"application":"marketops-server","environment":"ci","buildVersion":"0.1.0-SNAPSHOT","correlationId":"none","event":"metadata_change_recorded","sourceDomain":"identityaccess","entityType":"user-role-assignment","entityId":"afd94feb-fac6-4776-a2ca-def81c02bb56","action":"GRANT","actorId":"disclosure-fixture"}
{"@timestamp":"2026-09-05T03:56:04.749034Z","log":{"level":"INFO","logger":"com.mimococo.marketops.adminobservability.internal.audit.JdbcMetadataAuditStore"},"process":{"pid":92757,"thread":{"name":"main"}},"service":{"name":"marketops-server","version":"0.1.0-SNAPSHOT","environment":"ci","node":{}},"message":"Metadata change recorded","ecs":{"version":"8.11"},"application":"marketops-server","environment":"ci","buildVersion":"0.1.0-SNAPSHOT","correlationId":"none","event":"metadata_change_recorded","sourceDomain":"identityaccess","entityType":"user-scope-grant","entityId":"2649baaa-a021-493e-9d6f-f4330d43542c","action":"GRANT","actorId":"disclosure-fixture"}
{"@timestamp":"2026-09-05T03:56:04.751629Z","log":{"level":"INFO","logger":"com.mimococo.marketops.adminobservability.internal.audit.JdbcMetadataAuditStore"},"process":{"pid":92757,"thread":{"name":"main"}},"service":{"name":"marketops-server","version":"0.1.0-SNAPSHOT","environment":"ci","node":{}},"message":"Metadata change recorded","ecs":{"version":"8.11"},"application":"marketops-server","environment":"ci","buildVersion":"0.1.0-SNAPSHOT","correlationId":"none","event":"metadata_change_recorded","sourceDomain":"identityaccess","entityType":"user-scope-grant","entityId":"7f142aa8-ee98-4ac6-b11a-b179ac5f7309","action":"GRANT","actorId":"disclosure-fixture"}
{"@timestamp":"2026-09-05T03:56:04.977490Z","log":{"level":"INFO","logger":"com.mimococo.marketops.adminobservability.internal.audit.JdbcMetadataAuditStore"},"process":{"pid":92757,"thread":{"name":"main"}},"service":{"name":"marketops-server","version":"0.1.0-SNAPSHOT","environment":"ci","node":{}},"message":"Metadata change recorded","ecs":{"version":"8.11"},"application":"marketops-server","environment":"ci","buildVersion":"0.1.0-SNAPSHOT","correlationId":"none","event":"metadata_change_recorded","sourceDomain":"identityaccess","entityType":"user-role-assignment","entityId":"4f22c5b1-8ed0-4934-94c8-d72d71b90316","action":"GRANT","actorId":"disclosure-fixture"}
{"@timestamp":"2026-09-05T03:56:04.980833Z","log":{"level":"INFO","logger":"com.mimococo.marketops.adminobservability.internal.audit.JdbcMetadataAuditStore"},"process":{"pid":92757,"thread":{"name":"main"}},"service":{"name":"marketops-server","version":"0.1.0-SNAPSHOT","environment":"ci","node":{}},"message":"Metadata change recorded","ecs":{"version":"8.11"},"application":"marketops-server","environment":"ci","buildVersion":"0.1.0-SNAPSHOT","correlationId":"none","event":"metadata_change_recorded","sourceDomain":"identityaccess","entityType":"user-role-assignment","entityId":"45412231-85fc-43f2-8bf9-8549c352ac12","action":"GRANT","actorId":"disclosure-fixture"}
{"@timestamp":"2026-09-05T03:56:04.985981Z","log":{"level":"INFO","logger":"com.mimococo.marketops.adminobservability.internal.audit.JdbcMetadataAuditStore"},"process":{"pid":92757,"thread":{"name":"main"}},"service":{"name":"marketops-server","version":"0.1.0-SNAPSHOT","environment":"ci","node":{}},"message":"Metadata change recorded","ecs":{"version":"8.11"},"application":"marketops-server","environment":"ci","buildVersion":"0.1.0-SNAPSHOT","correlationId":"none","event":"metadata_change_recorded","sourceDomain":"identityaccess","entityType":"user-scope-grant","entityId":"e33352ef-d883-49f0-90c7-1466622852bb","action":"GRANT","actorId":"disclosure-fixture"}
{"@timestamp":"2026-09-05T03:56:04.990324Z","log":{"level":"INFO","logger":"com.mimococo.marketops.adminobservability.internal.audit.JdbcMetadataAuditStore"},"process":{"pid":92757,"thread":{"name":"main"}},"service":{"name":"marketops-server","version":"0.1.0-SNAPSHOT","environment":"ci","node":{}},"message":"Metadata change recorded","ecs":{"version":"8.11"},"application":"marketops-server","environment":"ci","buildVersion":"0.1.0-SNAPSHOT","correlationId":"none","event":"metadata_change_recorded","sourceDomain":"identityaccess","entityType":"user-scope-grant","entityId":"382b6052-9e48-454a-ad5d-4348db8d97c4","action":"GRANT","actorId":"disclosure-fixture"}
{"@timestamp":"2026-09-05T03:56:05.200009Z","log":{"level":"INFO","logger":"com.mimococo.marketops.adminobservability.internal.audit.JdbcMetadataAuditStore"},"process":{"pid":92757,"thread":{"name":"main"}},"service":{"name":"marketops-server","version":"0.1.0-SNAPSHOT","environment":"ci","node":{}},"message":"Metadata change recorded","ecs":{"version":"8.11"},"application":"marketops-server","environment":"ci","buildVersion":"0.1.0-SNAPSHOT","correlationId":"none","event":"metadata_change_recorded","sourceDomain":"identityaccess","entityType":"user-role-assignment","entityId":"c30b9e6f-2322-49b7-a6d2-488da948fa37","action":"GRANT","actorId":"manual-disclosure-fixture"}
{"@timestamp":"2026-09-05T03:56:05.203240Z","log":{"level":"INFO","logger":"com.mimococo.marketops.adminobservability.internal.audit.JdbcMetadataAuditStore"},"process":{"pid":92757,"thread":{"name":"main"}},"service":{"name":"marketops-server","version":"0.1.0-SNAPSHOT","environment":"ci","node":{}},"message":"Metadata change recorded","ecs":{"version":"8.11"},"application":"marketops-server","environment":"ci","buildVersion":"0.1.0-SNAPSHOT","correlationId":"none","event":"metadata_change_recorded","sourceDomain":"identityaccess","entityType":"user-scope-grant","entityId":"6b3e900e-9564-4687-a0ba-6239d6e0716a","action":"GRANT","actorId":"manual-disclosure-fixture"}
{"@timestamp":"2026-09-05T03:56:05.205673Z","log":{"level":"INFO","logger":"com.mimococo.marketops.adminobservability.internal.audit.JdbcMetadataAuditStore"},"process":{"pid":92757,"thread":{"name":"main"}},"service":{"name":"marketops-server","version":"0.1.0-SNAPSHOT","environment":"ci","node":{}},"message":"Metadata change recorded","ecs":{"version":"8.11"},"application":"marketops-server","environment":"ci","buildVersion":"0.1.0-SNAPSHOT","correlationId":"none","event":"metadata_change_recorded","sourceDomain":"identityaccess","entityType":"user-scope-grant","entityId":"0cea70f4-ff2d-4278-a616-339e114b3d57","action":"GRANT","actorId":"manual-disclosure-fixture"}
{"@timestamp":"2026-09-05T03:56:05.379844Z","log":{"level":"INFO","logger":"com.mimococo.marketops.adminobservability.internal.audit.JdbcMetadataAuditStore"},"process":{"pid":92757,"thread":{"name":"main"}},"service":{"name":"marketops-server","version":"0.1.0-SNAPSHOT","environment":"ci","node":{}},"message":"Metadata change recorded","ecs":{"version":"8.11"},"application":"marketops-server","environment":"ci","buildVersion":"0.1.0-SNAPSHOT","correlationId":"none","event":"metadata_change_recorded","sourceDomain":"identityaccess","entityType":"user-role-assignment","entityId":"7380f8e8-3327-42a4-9657-83ac7bbeb15b","action":"GRANT","actorId":"disclosure-fixture"}
{"@timestamp":"2026-09-05T03:56:05.382005Z","log":{"level":"INFO","logger":"com.mimococo.marketops.adminobservability.internal.audit.JdbcMetadataAuditStore"},"process":{"pid":92757,"thread":{"name":"main"}},"service":{"name":"marketops-server","version":"0.1.0-SNAPSHOT","environment":"ci","node":{}},"message":"Metadata change recorded","ecs":{"version":"8.11"},"application":"marketops-server","environment":"ci","buildVersion":"0.1.0-SNAPSHOT","correlationId":"none","event":"metadata_change_recorded","sourceDomain":"identityaccess","entityType":"user-role-assignment","entityId":"778e3f85-7f69-43b4-a4c8-47a369c5099d","action":"GRANT","actorId":"disclosure-fixture"}
{"@timestamp":"2026-09-05T03:56:05.384479Z","log":{"level":"INFO","logger":"com.mimococo.marketops.adminobservability.internal.audit.JdbcMetadataAuditStore"},"process":{"pid":92757,"thread":{"name":"main"}},"service":{"name":"marketops-server","version":"0.1.0-SNAPSHOT","environment":"ci","node":{}},"message":"Metadata change recorded","ecs":{"version":"8.11"},"application":"marketops-server","environment":"ci","buildVersion":"0.1.0-SNAPSHOT","correlationId":"none","event":"metadata_change_recorded","sourceDomain":"identityaccess","entityType":"user-scope-grant","entityId":"e1e1f715-cec4-4301-8c20-b3cb84eccbd2","action":"GRANT","actorId":"disclosure-fixture"}
{"@timestamp":"2026-09-05T03:56:05.386749Z","log":{"level":"INFO","logger":"com.mimococo.marketops.adminobservability.internal.audit.JdbcMetadataAuditStore"},"process":{"pid":92757,"thread":{"name":"main"}},"service":{"name":"marketops-server","version":"0.1.0-SNAPSHOT","environment":"ci","node":{}},"message":"Metadata change recorded","ecs":{"version":"8.11"},"application":"marketops-server","environment":"ci","buildVersion":"0.1.0-SNAPSHOT","correlationId":"none","event":"metadata_change_recorded","sourceDomain":"identityaccess","entityType":"user-scope-grant","entityId":"d040db39-e2bc-4ea5-bf75-cf5b6855ded9","action":"GRANT","actorId":"disclosure-fixture"}
{"@timestamp":"2026-09-05T03:56:05.404774Z","log":{"level":"INFO","logger":"com.mimococo.marketops.adminobservability.internal.audit.JdbcMetadataAuditStore"},"process":{"pid":92757,"thread":{"name":"main"}},"service":{"name":"marketops-server","version":"0.1.0-SNAPSHOT","environment":"ci","node":{}},"message":"Metadata change recorded","ecs":{"version":"8.11"},"application":"marketops-server","environment":"ci","buildVersion":"0.1.0-SNAPSHOT","correlationId":"none","event":"metadata_change_recorded","sourceDomain":"identityaccess","entityType":"user-scope-grant","entityId":"d40a27af-c196-43bc-9173-f43560b6ae8f","action":"GRANT","actorId":"disclosure-fixture"}
{"@timestamp":"2026-09-05T03:56:05.416340Z","log":{"level":"INFO","logger":"com.mimococo.marketops.adminobservability.internal.audit.JdbcMetadataAuditStore"},"process":{"pid":92757,"thread":{"name":"main"}},"service":{"name":"marketops-server","version":"0.1.0-SNAPSHOT","environment":"ci","node":{}},"message":"Metadata change recorded","ecs":{"version":"8.11"},"application":"marketops-server","environment":"ci","buildVersion":"0.1.0-SNAPSHOT","correlationId":"none","event":"metadata_change_recorded","sourceDomain":"identityaccess","entityType":"user-scope-grant","entityId":"99581fe0-4bd5-455f-b46a-7e136b0963af","action":"GRANT","actorId":"disclosure-fixture"}
{"@timestamp":"2026-09-05T03:56:05.438880Z","log":{"level":"INFO","logger":"com.mimococo.marketops.adminobservability.internal.audit.JdbcMetadataAuditStore"},"process":{"pid":92757,"thread":{"name":"main"}},"service":{"name":"marketops-server","version":"0.1.0-SNAPSHOT","environment":"ci","node":{}},"message":"Metadata change recorded","ecs":{"version":"8.11"},"application":"marketops-server","environment":"ci","buildVersion":"0.1.0-SNAPSHOT","correlationId":"none","event":"metadata_change_recorded","sourceDomain":"identityaccess","entityType":"user-scope-grant","entityId":"99581fe0-4bd5-455f-b46a-7e136b0963af","action":"REVOKE","actorId":"disclosure-fixture"}
{"@timestamp":"2026-09-05T03:56:05.616549Z","log":{"level":"INFO","logger":"com.mimococo.marketops.adminobservability.internal.audit.JdbcMetadataAuditStore"},"process":{"pid":92757,"thread":{"name":"main"}},"service":{"name":"marketops-server","version":"0.1.0-SNAPSHOT","environment":"ci","node":{}},"message":"Metadata change recorded","ecs":{"version":"8.11"},"application":"marketops-server","environment":"ci","buildVersion":"0.1.0-SNAPSHOT","correlationId":"none","event":"metadata_change_recorded","sourceDomain":"identityaccess","entityType":"user-role-assignment","entityId":"45cd9e98-f4ac-48ee-9220-fa49e8faefd0","action":"GRANT","actorId":"disclosure-fixture"}
{"@timestamp":"2026-09-05T03:56:05.619149Z","log":{"level":"INFO","logger":"com.mimococo.marketops.adminobservability.internal.audit.JdbcMetadataAuditStore"},"process":{"pid":92757,"thread":{"name":"main"}},"service":{"name":"marketops-server","version":"0.1.0-SNAPSHOT","environment":"ci","node":{}},"message":"Metadata change recorded","ecs":{"version":"8.11"},"application":"marketops-server","environment":"ci","buildVersion":"0.1.0-SNAPSHOT","correlationId":"none","event":"metadata_change_recorded","sourceDomain":"identityaccess","entityType":"user-role-assignment","entityId":"68bbb84c-97ff-4df8-b326-cec792d54a69","action":"GRANT","actorId":"disclosure-fixture"}
{"@timestamp":"2026-09-05T03:56:05.621953Z","log":{"level":"INFO","logger":"com.mimococo.marketops.adminobservability.internal.audit.JdbcMetadataAuditStore"},"process":{"pid":92757,"thread":{"name":"main"}},"service":{"name":"marketops-server","version":"0.1.0-SNAPSHOT","environment":"ci","node":{}},"message":"Metadata change recorded","ecs":{"version":"8.11"},"application":"marketops-server","environment":"ci","buildVersion":"0.1.0-SNAPSHOT","correlationId":"none","event":"metadata_change_recorded","sourceDomain":"identityaccess","entityType":"user-scope-grant","entityId":"4472a551-5ac3-4e61-8e62-053f6a1ee299","action":"GRANT","actorId":"disclosure-fixture"}
{"@timestamp":"2026-09-05T03:56:05.624402Z","log":{"level":"INFO","logger":"com.mimococo.marketops.adminobservability.internal.audit.JdbcMetadataAuditStore"},"process":{"pid":92757,"thread":{"name":"main"}},"service":{"name":"marketops-server","version":"0.1.0-SNAPSHOT","environment":"ci","node":{}},"message":"Metadata change recorded","ecs":{"version":"8.11"},"application":"marketops-server","environment":"ci","buildVersion":"0.1.0-SNAPSHOT","correlationId":"none","event":"metadata_change_recorded","sourceDomain":"identityaccess","entityType":"user-scope-grant","entityId":"30048f62-adae-46e3-aa96-b09be450f243","action":"GRANT","actorId":"disclosure-fixture"}
{"@timestamp":"2026-09-05T03:56:05.773257Z","log":{"level":"INFO","logger":"com.mimococo.marketops.adminobservability.internal.audit.JdbcMetadataAuditStore"},"process":{"pid":92757,"thread":{"name":"main"}},"service":{"name":"marketops-server","version":"0.1.0-SNAPSHOT","environment":"ci","node":{}},"message":"Metadata change recorded","ecs":{"version":"8.11"},"application":"marketops-server","environment":"ci","buildVersion":"0.1.0-SNAPSHOT","correlationId":"none","event":"metadata_change_recorded","sourceDomain":"identityaccess","entityType":"user-scope-grant","entityId":"db492cb5-9957-411a-bcd4-9bd3e6ad62ed","action":"GRANT","actorId":"disclosure-fixture"}
{"@timestamp":"2026-09-05T03:56:05.775368Z","log":{"level":"INFO","logger":"com.mimococo.marketops.adminobservability.internal.audit.JdbcMetadataAuditStore"},"process":{"pid":92757,"thread":{"name":"main"}},"service":{"name":"marketops-server","version":"0.1.0-SNAPSHOT","environment":"ci","node":{}},"message":"Metadata change recorded","ecs":{"version":"8.11"},"application":"marketops-server","environment":"ci","buildVersion":"0.1.0-SNAPSHOT","correlationId":"none","event":"metadata_change_recorded","sourceDomain":"identityaccess","entityType":"user-role-assignment","entityId":"d099ace6-fdae-4673-a652-addcef392c29","action":"GRANT","actorId":"disclosure-fixture"}
{"@timestamp":"2026-09-05T03:56:05.777733Z","log":{"level":"INFO","logger":"com.mimococo.marketops.adminobservability.internal.audit.JdbcMetadataAuditStore"},"process":{"pid":92757,"thread":{"name":"main"}},"service":{"name":"marketops-server","version":"0.1.0-SNAPSHOT","environment":"ci","node":{}},"message":"Metadata change recorded","ecs":{"version":"8.11"},"application":"marketops-server","environment":"ci","buildVersion":"0.1.0-SNAPSHOT","correlationId":"none","event":"metadata_change_recorded","sourceDomain":"identityaccess","entityType":"user-scope-grant","entityId":"0f68f951-7724-4b8a-a76c-53137a254a8d","action":"GRANT","actorId":"disclosure-fixture"}
{"@timestamp":"2026-09-05T03:56:05.779972Z","log":{"level":"INFO","logger":"com.mimococo.marketops.adminobservability.internal.audit.JdbcMetadataAuditStore"},"process":{"pid":92757,"thread":{"name":"main"}},"service":{"name":"marketops-server","version":"0.1.0-SNAPSHOT","environment":"ci","node":{}},"message":"Metadata change recorded","ecs":{"version":"8.11"},"application":"marketops-server","environment":"ci","buildVersion":"0.1.0-SNAPSHOT","correlationId":"none","event":"metadata_change_recorded","sourceDomain":"identityaccess","entityType":"user-scope-grant","entityId":"26e4bbb9-7331-4ae4-8acd-00c45e9b519a","action":"GRANT","actorId":"disclosure-fixture"}
[ERROR] Tests run: 7, Failures: 0, Errors: 1, Skipped: 0, Time elapsed: 8.666 s <<< FAILURE! -- in com.mimococo.marketops.AdvertisingDisclosureIT
[ERROR] com.mimococo.marketops.AdvertisingDisclosureIT.manualNativeOptionsRequireEveryProductAndACompleteAffectedSetOverActualHttp -- Time elapsed: 0.437 s <<< ERROR!
org.springframework.dao.DuplicateKeyException: 
PreparedStatementCallback; SQL [UPDATE iam.identity_provider SET issuer=? WHERE id=?]; ERROR: duplicate key value violates unique constraint "identity_provider_issuer_uq"
  詳細：Key (issuer)=(https://id.example.test/browser) already exists.
	at org.springframework.jdbc.support.SQLStateSQLExceptionTranslator.doTranslate(SQLStateSQLExceptionTranslator.java:138)
	at org.springframework.jdbc.support.AbstractFallbackSQLExceptionTranslator.translate(AbstractFallbackSQLExceptionTranslator.java:102)
	at org.springframework.jdbc.support.AbstractFallbackSQLExceptionTranslator.translate(AbstractFallbackSQLExceptionTranslator.java:111)
	at org.springframework.jdbc.core.JdbcTemplate.translateException(JdbcTemplate.java:1549)
	at org.springframework.jdbc.core.JdbcTemplate.execute(JdbcTemplate.java:689)
	at org.springframework.jdbc.core.JdbcTemplate.update(JdbcTemplate.java:966)
	at org.springframework.jdbc.core.JdbcTemplate.update(JdbcTemplate.java:987)
	at org.springframework.jdbc.core.namedparam.NamedParameterJdbcTemplate.update(NamedParameterJdbcTemplate.java:339)
	at org.springframework.jdbc.core.simple.DefaultJdbcClient$DefaultStatementSpec.update(DefaultJdbcClient.java:281)
	at com.mimococo.marketops.AdvertisingDisclosureIT.manualNativeOptionsRequireEveryProductAndACompleteAffectedSetOverActualHttp(AdvertisingDisclosureIT.java:328)
Caused by: org.postgresql.util.PSQLException: ERROR: duplicate key value violates unique constraint "identity_provider_issuer_uq"
  詳細：Key (issuer)=(https://id.example.test/browser) already exists.
	at org.postgresql.core.v3.QueryExecutorImpl.receiveErrorResponse(QueryExecutorImpl.java:2904)
	at org.postgresql.core.v3.QueryExecutorImpl.processResults(QueryExecutorImpl.java:2589)
	at org.postgresql.core.v3.QueryExecutorImpl.execute(QueryExecutorImpl.java:431)
	at org.postgresql.jdbc.PgStatement.executeInternal(PgStatement.java:534)
	at org.postgresql.jdbc.PgStatement.execute(PgStatement.java:437)
	at org.postgresql.jdbc.PgPreparedStatement.executeWithFlags(PgPreparedStatement.java:196)
	at org.postgresql.jdbc.PgPreparedStatement.executeUpdate(PgPreparedStatement.java:157)
	at org.springframework.jdbc.core.JdbcTemplate.lambda$update$0(JdbcTemplate.java:971)
	at org.springframework.jdbc.core.JdbcTemplate.execute(JdbcTemplate.java:670)
	... 5 more

[INFO] Running com.mimococo.marketops.AdvertisingSealedAuthorityIT
[INFO] Tests run: 15, Failures: 0, Errors: 0, Skipped: 0, Time elapsed: 7.768 s -- in com.mimococo.marketops.AdvertisingSealedAuthorityIT
[INFO] Running com.mimococo.marketops.AdvertisingHumanWorkflowIT
{"@timestamp":"2026-09-05T03:56:15.314272Z","log":{"level":"INFO","logger":"com.mimococo.marketops.AdvertisingHumanWorkflowIT"},"process":{"pid":92757,"thread":{"name":"main"}},"service":{"name":"marketops-server","version":"0.1.0-SNAPSHOT","environment":"ci","node":{}},"message":"Starting AdvertisingHumanWorkflowIT v0.1.0-SNAPSHOT using Java 21.0.10 with PID 92757 (started by chzhengx in /Users/chzhengx/Code/personal/marketops-platform/backend/marketops-server)","ecs":{"version":"8.11"},"application":"marketops-server","environment":"ci","buildVersion":"0.1.0-SNAPSHOT","correlationId":"none"}
{"@timestamp":"2026-09-05T03:56:15.314954Z","log":{"level":"INFO","logger":"com.mimococo.marketops.AdvertisingHumanWorkflowIT"},"process":{"pid":92757,"thread":{"name":"main"}},"service":{"name":"marketops-server","version":"0.1.0-SNAPSHOT","environment":"ci","node":{}},"message":"The following 1 profile is active: \"ci\"","ecs":{"version":"8.11"},"application":"marketops-server","environment":"ci","buildVersion":"0.1.0-SNAPSHOT","correlationId":"none"}
{"@timestamp":"2026-09-05T03:56:18.454521Z","log":{"level":"INFO","logger":"com.mimococo.marketops.AdvertisingHumanWorkflowIT"},"process":{"pid":92757,"thread":{"name":"main"}},"service":{"name":"marketops-server","version":"0.1.0-SNAPSHOT","environment":"ci","node":{}},"message":"Started AdvertisingHumanWorkflowIT in 3.171 seconds (process running for 38.288)","ecs":{"version":"8.11"},"application":"marketops-server","environment":"ci","buildVersion":"0.1.0-SNAPSHOT","correlationId":"none"}
{"@timestamp":"2026-09-05T03:56:19.473099Z","log":{"level":"INFO","logger":"com.mimococo.marketops.adminobservability.internal.audit.JdbcMetadataAuditStore"},"process":{"pid":92757,"thread":{"name":"main"}},"service":{"name":"marketops-server","version":"0.1.0-SNAPSHOT","environment":"ci","node":{}},"message":"Metadata change recorded","ecs":{"version":"8.11"},"application":"marketops-server","environment":"ci","buildVersion":"0.1.0-SNAPSHOT","correlationId":"none","event":"metadata_change_recorded","sourceDomain":"operationsworkflow","entityType":"recommendation","entityId":"9fca6d79-a7cb-4651-bb0c-d40f66f6c56e","action":"STATUS_CHANGE","actorId":"75845f59-e4e4-42ba-ac74-3d493fe18fd9"}
{"@timestamp":"2026-09-05T03:56:19.536892Z","log":{"level":"INFO","logger":"com.mimococo.marketops.adminobservability.internal.audit.JdbcMetadataAuditStore"},"process":{"pid":92757,"thread":{"name":"main"}},"service":{"name":"marketops-server","version":"0.1.0-SNAPSHOT","environment":"ci","node":{}},"message":"Metadata change recorded","ecs":{"version":"8.11"},"application":"marketops-server","environment":"ci","buildVersion":"0.1.0-SNAPSHOT","correlationId":"none","event":"metadata_change_recorded","sourceDomain":"operationsworkflow","entityType":"recommendation","entityId":"9fca6d79-a7cb-4651-bb0c-d40f66f6c56e","action":"STATUS_CHANGE","actorId":"4341aa68-593a-46e7-b822-7deb36d8e872"}
{"@timestamp":"2026-09-05T03:56:19.959421Z","log":{"level":"INFO","logger":"com.mimococo.marketops.adminobservability.internal.audit.JdbcMetadataAuditStore"},"process":{"pid":92757,"thread":{"name":"main"}},"service":{"name":"marketops-server","version":"0.1.0-SNAPSHOT","environment":"ci","node":{}},"message":"Metadata change recorded","ecs":{"version":"8.11"},"application":"marketops-server","environment":"ci","buildVersion":"0.1.0-SNAPSHOT","correlationId":"none","event":"metadata_change_recorded","sourceDomain":"operationsworkflow","entityType":"recommendation","entityId":"b0c489b6-7c62-45bc-b134-f653a63efdb4","action":"STATUS_CHANGE","actorId":"d9a2fdaa-8a34-44db-b2ba-e5bd98669485"}
{"@timestamp":"2026-09-05T03:56:20.018279Z","log":{"level":"INFO","logger":"com.mimococo.marketops.adminobservability.internal.audit.JdbcMetadataAuditStore"},"process":{"pid":92757,"thread":{"name":"main"}},"service":{"name":"marketops-server","version":"0.1.0-SNAPSHOT","environment":"ci","node":{}},"message":"Metadata change recorded","ecs":{"version":"8.11"},"application":"marketops-server","environment":"ci","buildVersion":"0.1.0-SNAPSHOT","correlationId":"none","event":"metadata_change_recorded","sourceDomain":"operationsworkflow","entityType":"recommendation","entityId":"b0c489b6-7c62-45bc-b134-f653a63efdb4","action":"STATUS_CHANGE","actorId":"b80462bc-96f1-4abe-ab58-cdc25059796a"}
{"@timestamp":"2026-09-05T03:56:20.941658Z","log":{"level":"INFO","logger":"com.mimococo.marketops.adminobservability.internal.audit.JdbcMetadataAuditStore"},"process":{"pid":92757,"thread":{"name":"main"}},"service":{"name":"marketops-server","version":"0.1.0-SNAPSHOT","environment":"ci","node":{}},"message":"Metadata change recorded","ecs":{"version":"8.11"},"application":"marketops-server","environment":"ci","buildVersion":"0.1.0-SNAPSHOT","correlationId":"none","event":"metadata_change_recorded","sourceDomain":"operationsworkflow","entityType":"recommendation","entityId":"d0c6ad67-9d9b-4a8c-abe3-5b557033564c","action":"STATUS_CHANGE","actorId":"54528f15-1ae2-4143-b034-c2030fb98684"}
{"@timestamp":"2026-09-05T03:56:21.047343Z","log":{"level":"INFO","logger":"com.mimococo.marketops.adminobservability.internal.audit.JdbcMetadataAuditStore"},"process":{"pid":92757,"thread":{"name":"main"}},"service":{"name":"marketops-server","version":"0.1.0-SNAPSHOT","environment":"ci","node":{}},"message":"Metadata change recorded","ecs":{"version":"8.11"},"application":"marketops-server","environment":"ci","buildVersion":"0.1.0-SNAPSHOT","correlationId":"none","event":"metadata_change_recorded","sourceDomain":"operationsworkflow","entityType":"recommendation","entityId":"d0c6ad67-9d9b-4a8c-abe3-5b557033564c","action":"STATUS_CHANGE","actorId":"0a7511f0-2101-4ae0-8253-4466bca58d01"}
{"@timestamp":"2026-09-05T03:56:21.797621Z","log":{"level":"INFO","logger":"com.mimococo.marketops.adminobservability.internal.audit.JdbcMetadataAuditStore"},"process":{"pid":92757,"thread":{"name":"main"}},"service":{"name":"marketops-server","version":"0.1.0-SNAPSHOT","environment":"ci","node":{}},"message":"Metadata change recorded","ecs":{"version":"8.11"},"application":"marketops-server","environment":"ci","buildVersion":"0.1.0-SNAPSHOT","correlationId":"none","event":"metadata_change_recorded","sourceDomain":"operationsworkflow","entityType":"recommendation","entityId":"9716d7a4-ad6b-4c04-9460-5dc33c49d065","action":"STATUS_CHANGE","actorId":"be727e39-5001-4efd-bfe9-35be1924957e"}
{"@timestamp":"2026-09-05T03:56:21.842190Z","log":{"level":"INFO","logger":"com.mimococo.marketops.adminobservability.internal.audit.JdbcMetadataAuditStore"},"process":{"pid":92757,"thread":{"name":"main"}},"service":{"name":"marketops-server","version":"0.1.0-SNAPSHOT","environment":"ci","node":{}},"message":"Metadata change recorded","ecs":{"version":"8.11"},"application":"marketops-server","environment":"ci","buildVersion":"0.1.0-SNAPSHOT","correlationId":"none","event":"metadata_change_recorded","sourceDomain":"operationsworkflow","entityType":"recommendation","entityId":"9716d7a4-ad6b-4c04-9460-5dc33c49d065","action":"STATUS_CHANGE","actorId":"46a532cc-629e-4987-92ce-f4b3a5a2eb0e"}
{"@timestamp":"2026-09-05T03:56:22.253420Z","log":{"level":"INFO","logger":"com.mimococo.marketops.adminobservability.internal.audit.JdbcMetadataAuditStore"},"process":{"pid":92757,"thread":{"name":"main"}},"service":{"name":"marketops-server","version":"0.1.0-SNAPSHOT","environment":"ci","node":{}},"message":"Metadata change recorded","ecs":{"version":"8.11"},"application":"marketops-server","environment":"ci","buildVersion":"0.1.0-SNAPSHOT","correlationId":"none","event":"metadata_change_recorded","sourceDomain":"operationsworkflow","entityType":"recommendation","entityId":"03cc66c9-a555-4fae-8933-0dd6e7f2a2c9","action":"STATUS_CHANGE","actorId":"2b0fb98d-2e6b-4c88-ae40-e5271b805720"}
{"@timestamp":"2026-09-05T03:56:23.478891Z","log":{"level":"INFO","logger":"com.mimococo.marketops.adminobservability.internal.audit.JdbcMetadataAuditStore"},"process":{"pid":92757,"thread":{"name":"main"}},"service":{"name":"marketops-server","version":"0.1.0-SNAPSHOT","environment":"ci","node":{}},"message":"Metadata change recorded","ecs":{"version":"8.11"},"application":"marketops-server","environment":"ci","buildVersion":"0.1.0-SNAPSHOT","correlationId":"none","event":"metadata_change_recorded","sourceDomain":"operationsworkflow","entityType":"recommendation","entityId":"997c85b0-5553-49cf-924e-ae8e15b1b281","action":"STATUS_CHANGE","actorId":"9d4dc71a-7b24-4032-8472-b79488ab27af"}
{"@timestamp":"2026-09-05T03:56:23.530406Z","log":{"level":"INFO","logger":"com.mimococo.marketops.adminobservability.internal.audit.JdbcMetadataAuditStore"},"process":{"pid":92757,"thread":{"name":"main"}},"service":{"name":"marketops-server","version":"0.1.0-SNAPSHOT","environment":"ci","node":{}},"message":"Metadata change recorded","ecs":{"version":"8.11"},"application":"marketops-server","environment":"ci","buildVersion":"0.1.0-SNAPSHOT","correlationId":"none","event":"metadata_change_recorded","sourceDomain":"operationsworkflow","entityType":"recommendation","entityId":"997c85b0-5553-49cf-924e-ae8e15b1b281","action":"STATUS_CHANGE","actorId":"aa9a4b24-8623-4ef8-a76b-fe0b55db975e"}
{"@timestamp":"2026-09-05T03:56:23.596768Z","log":{"level":"INFO","logger":"com.mimococo.marketops.adminobservability.internal.audit.JdbcMetadataAuditStore"},"process":{"pid":92757,"thread":{"name":"main"}},"service":{"name":"marketops-server","version":"0.1.0-SNAPSHOT","environment":"ci","node":{}},"message":"Metadata change recorded","ecs":{"version":"8.11"},"application":"marketops-server","environment":"ci","buildVersion":"0.1.0-SNAPSHOT","correlationId":"none","event":"metadata_change_recorded","sourceDomain":"operationsworkflow","entityType":"approval-decision","entityId":"0ee5d059-3ce7-4881-81be-e06c6c848512","action":"APPROVAL_DECISION","actorId":"ec0f7d6b-598f-4703-8955-0a3b7308830a"}
{"@timestamp":"2026-09-05T03:56:23.599344Z","log":{"level":"INFO","logger":"com.mimococo.marketops.adminobservability.internal.audit.JdbcMetadataAuditStore"},"process":{"pid":92757,"thread":{"name":"main"}},"service":{"name":"marketops-server","version":"0.1.0-SNAPSHOT","environment":"ci","node":{}},"message":"Metadata change recorded","ecs":{"version":"8.11"},"application":"marketops-server","environment":"ci","buildVersion":"0.1.0-SNAPSHOT","correlationId":"none","event":"metadata_change_recorded","sourceDomain":"operationsworkflow","entityType":"recommendation","entityId":"997c85b0-5553-49cf-924e-ae8e15b1b281","action":"STATUS_CHANGE","actorId":"ec0f7d6b-598f-4703-8955-0a3b7308830a"}
{"@timestamp":"2026-09-05T03:56:29.045621Z","log":{"level":"INFO","logger":"com.mimococo.marketops.adminobservability.internal.audit.JdbcMetadataAuditStore"},"process":{"pid":92757,"thread":{"name":"main"}},"service":{"name":"marketops-server","version":"0.1.0-SNAPSHOT","environment":"ci","node":{}},"message":"Metadata change recorded","ecs":{"version":"8.11"},"application":"marketops-server","environment":"ci","buildVersion":"0.1.0-SNAPSHOT","correlationId":"none","event":"metadata_change_recorded","sourceDomain":"operationsworkflow","entityType":"recommendation","entityId":"61e6549b-2fb4-4eaa-8e21-f4b00ca30eb8","action":"STATUS_CHANGE","actorId":"c5203ee8-7031-48d1-9c1e-51e4c5678375"}
{"@timestamp":"2026-09-05T03:56:29.148216Z","log":{"level":"INFO","logger":"com.mimococo.marketops.adminobservability.internal.audit.JdbcMetadataAuditStore"},"process":{"pid":92757,"thread":{"name":"main"}},"service":{"name":"marketops-server","version":"0.1.0-SNAPSHOT","environment":"ci","node":{}},"message":"Metadata change recorded","ecs":{"version":"8.11"},"application":"marketops-server","environment":"ci","buildVersion":"0.1.0-SNAPSHOT","correlationId":"none","event":"metadata_change_recorded","sourceDomain":"operationsworkflow","entityType":"recommendation","entityId":"61e6549b-2fb4-4eaa-8e21-f4b00ca30eb8","action":"STATUS_CHANGE","actorId":"c69e8204-f5f8-4719-ba6e-eba935d2d3e8"}
{"@timestamp":"2026-09-05T03:56:29.539639Z","log":{"level":"INFO","logger":"com.mimococo.marketops.adminobservability.internal.audit.JdbcMetadataAuditStore"},"process":{"pid":92757,"thread":{"name":"main"}},"service":{"name":"marketops-server","version":"0.1.0-SNAPSHOT","environment":"ci","node":{}},"message":"Metadata change recorded","ecs":{"version":"8.11"},"application":"marketops-server","environment":"ci","buildVersion":"0.1.0-SNAPSHOT","correlationId":"none","event":"metadata_change_recorded","sourceDomain":"operationsworkflow","entityType":"recommendation","entityId":"43647a65-a32d-480c-92ac-2adb22599162","action":"STATUS_CHANGE","actorId":"ab175017-3365-4fd9-a5cd-ad63766a45ab"}
{"@timestamp":"2026-09-05T03:56:29.600015Z","log":{"level":"INFO","logger":"com.mimococo.marketops.adminobservability.internal.audit.JdbcMetadataAuditStore"},"process":{"pid":92757,"thread":{"name":"main"}},"service":{"name":"marketops-server","version":"0.1.0-SNAPSHOT","environment":"ci","node":{}},"message":"Metadata change recorded","ecs":{"version":"8.11"},"application":"marketops-server","environment":"ci","buildVersion":"0.1.0-SNAPSHOT","correlationId":"none","event":"metadata_change_recorded","sourceDomain":"operationsworkflow","entityType":"recommendation","entityId":"43647a65-a32d-480c-92ac-2adb22599162","action":"STATUS_CHANGE","actorId":"34def4c6-27a8-40d5-8d60-ca5b3bf6a5f4"}
{"@timestamp":"2026-09-05T03:56:29.677778Z","log":{"level":"INFO","logger":"com.mimococo.marketops.adminobservability.internal.audit.JdbcMetadataAuditStore"},"process":{"pid":92757,"thread":{"name":"main"}},"service":{"name":"marketops-server","version":"0.1.0-SNAPSHOT","environment":"ci","node":{}},"message":"Metadata change recorded","ecs":{"version":"8.11"},"application":"marketops-server","environment":"ci","buildVersion":"0.1.0-SNAPSHOT","correlationId":"none","event":"metadata_change_recorded","sourceDomain":"operationsworkflow","entityType":"approval-decision","entityId":"661e4ae6-0543-4561-b680-78cfd4cdf444","action":"APPROVAL_DECISION","actorId":"b6910b93-fd51-4091-8618-36a71aea2a9f"}
{"@timestamp":"2026-09-05T03:56:29.680051Z","log":{"level":"INFO","logger":"com.mimococo.marketops.adminobservability.internal.audit.JdbcMetadataAuditStore"},"process":{"pid":92757,"thread":{"name":"main"}},"service":{"name":"marketops-server","version":"0.1.0-SNAPSHOT","environment":"ci","node":{}},"message":"Metadata change recorded","ecs":{"version":"8.11"},"application":"marketops-server","environment":"ci","buildVersion":"0.1.0-SNAPSHOT","correlationId":"none","event":"metadata_change_recorded","sourceDomain":"operationsworkflow","entityType":"recommendation","entityId":"43647a65-a32d-480c-92ac-2adb22599162","action":"STATUS_CHANGE","actorId":"b6910b93-fd51-4091-8618-36a71aea2a9f"}
{"@timestamp":"2026-09-05T03:56:31.404381Z","log":{"level":"INFO","logger":"com.mimococo.marketops.adminobservability.internal.audit.JdbcMetadataAuditStore"},"process":{"pid":92757,"thread":{"name":"main"}},"service":{"name":"marketops-server","version":"0.1.0-SNAPSHOT","environment":"ci","node":{}},"message":"Metadata change recorded","ecs":{"version":"8.11"},"application":"marketops-server","environment":"ci","buildVersion":"0.1.0-SNAPSHOT","correlationId":"none","event":"metadata_change_recorded","sourceDomain":"operationsworkflow","entityType":"recommendation","entityId":"8fb2e547-91f4-4cb5-bf54-0e431234bd82","action":"CREATE","actorId":"finite-choice-runtime"}
{"@timestamp":"2026-09-05T03:56:31.409363Z","log":{"level":"INFO","logger":"com.mimococo.marketops.adminobservability.internal.audit.JdbcMetadataAuditStore"},"process":{"pid":92757,"thread":{"name":"main"}},"service":{"name":"marketops-server","version":"0.1.0-SNAPSHOT","environment":"ci","node":{}},"message":"Metadata change recorded","ecs":{"version":"8.11"},"application":"marketops-server","environment":"ci","buildVersion":"0.1.0-SNAPSHOT","correlationId":"none","event":"metadata_change_recorded","sourceDomain":"operationsworkflow","entityType":"recommendation","entityId":"101735b9-44be-4dbf-89a9-599593fb40ac","action":"CREATE","actorId":"finite-choice-runtime"}
{"@timestamp":"2026-09-05T03:56:31.413457Z","log":{"level":"INFO","logger":"com.mimococo.marketops.adminobservability.internal.audit.JdbcMetadataAuditStore"},"process":{"pid":92757,"thread":{"name":"main"}},"service":{"name":"marketops-server","version":"0.1.0-SNAPSHOT","environment":"ci","node":{}},"message":"Metadata change recorded","ecs":{"version":"8.11"},"application":"marketops-server","environment":"ci","buildVersion":"0.1.0-SNAPSHOT","correlationId":"none","event":"metadata_change_recorded","sourceDomain":"operationsworkflow","entityType":"recommendation","entityId":"2e29e241-73cc-4d0e-8ed9-3158990fb2a9","action":"CREATE","actorId":"finite-choice-runtime"}
[ERROR] Tests run: 16, Failures: 2, Errors: 0, Skipped: 0, Time elapsed: 17.87 s <<< FAILURE! -- in com.mimococo.marketops.AdvertisingHumanWorkflowIT
[ERROR] com.mimococo.marketops.AdvertisingHumanWorkflowIT.realMakerOpsOwnerChainFreezesOneBaselineAndCreatesOneCommand -- Time elapsed: 0.511 s <<< FAILURE!
java.lang.AssertionError: 

Expecting actual:
  0
to be greater than:
  0

	at com.mimococo.marketops.AdvertisingHumanWorkflowIT.realMakerOpsOwnerChainFreezesOneBaselineAndCreatesOneCommand(AdvertisingHumanWorkflowIT.java:136)

[ERROR] com.mimococo.marketops.AdvertisingHumanWorkflowIT.ownerAcceptedRiskPausesOnlyActionAndMustEndBeforeNewPreviewOrIntent -- Time elapsed: 0.550 s <<< FAILURE!
org.opentest4j.AssertionFailedError: 

expected: feb0bedd-d0cd-4b7c-a70b-a376b6c0a944
 but was: null
	at com.mimococo.marketops.AdvertisingHumanWorkflowIT.ownerAcceptedRiskPausesOnlyActionAndMustEndBeforeNewPreviewOrIntent(AdvertisingHumanWorkflowIT.java:258)

[INFO] Running com.mimococo.marketops.advertisingefficiency.internal.application.AdvertisingVerticalPathIT
{"@timestamp":"2026-09-05T03:56:33.551975Z","log":{"level":"INFO","logger":"com.mimococo.marketops.advertisingefficiency.internal.application.AdvertisingVerticalPathIT"},"process":{"pid":92757,"thread":{"name":"main"}},"service":{"name":"marketops-server","version":"0.1.0-SNAPSHOT","environment":"ci","node":{}},"message":"Starting AdvertisingVerticalPathIT v0.1.0-SNAPSHOT using Java 21.0.10 with PID 92757 (started by chzhengx in /Users/chzhengx/Code/personal/marketops-platform/backend/marketops-server)","ecs":{"version":"8.11"},"application":"marketops-server","environment":"ci","buildVersion":"0.1.0-SNAPSHOT","correlationId":"none"}
{"@timestamp":"2026-09-05T03:56:33.552793Z","log":{"level":"INFO","logger":"com.mimococo.marketops.advertisingefficiency.internal.application.AdvertisingVerticalPathIT"},"process":{"pid":92757,"thread":{"name":"main"}},"service":{"name":"marketops-server","version":"0.1.0-SNAPSHOT","environment":"ci","node":{}},"message":"The following 1 profile is active: \"ci\"","ecs":{"version":"8.11"},"application":"marketops-server","environment":"ci","buildVersion":"0.1.0-SNAPSHOT","correlationId":"none"}
{"@timestamp":"2026-09-05T03:56:37.155475Z","log":{"level":"INFO","logger":"com.mimococo.marketops.advertisingefficiency.internal.application.AdvertisingVerticalPathIT"},"process":{"pid":92757,"thread":{"name":"main"}},"service":{"name":"marketops-server","version":"0.1.0-SNAPSHOT","environment":"ci","node":{}},"message":"Started AdvertisingVerticalPathIT in 3.633 seconds (process running for 56.989)","ecs":{"version":"8.11"},"application":"marketops-server","environment":"ci","buildVersion":"0.1.0-SNAPSHOT","correlationId":"none"}
{"@timestamp":"2026-09-05T03:56:38.087197Z","log":{"level":"INFO","logger":"com.mimococo.marketops.analyticsdecision.internal.application.AnalyticsCalculationService"},"process":{"pid":92757,"thread":{"name":"main"}},"service":{"name":"marketops-server","version":"0.1.0-SNAPSHOT","environment":"ci","node":{}},"message":"An analytics run completed","ecs":{"version":"8.11"},"application":"marketops-server","environment":"ci","buildVersion":"0.1.0-SNAPSHOT","correlationId":"none","event":"analytics_run_completed","storeId":"1b2e7a24-41ee-4240-9f91-5abaaf84efd7","window":"D30","subjectCount":1,"valueCount":33,"findingCount":9}
{"@timestamp":"2026-09-05T03:56:38.379695Z","log":{"level":"INFO","logger":"com.mimococo.marketops.adminobservability.internal.audit.JdbcMetadataAuditStore"},"process":{"pid":92757,"thread":{"name":"main"}},"service":{"name":"marketops-server","version":"0.1.0-SNAPSHOT","environment":"ci","node":{}},"message":"Metadata change recorded","ecs":{"version":"8.11"},"application":"marketops-server","environment":"ci","buildVersion":"0.1.0-SNAPSHOT","correlationId":"none","event":"metadata_change_recorded","sourceDomain":"operationsworkflow","entityType":"recommendation","entityId":"65fff390-3e52-44fd-ab5f-22398e5dbed1","action":"CREATE","actorId":"advertising-calculation"}
{"@timestamp":"2026-09-05T03:56:38.696971Z","log":{"level":"INFO","logger":"com.mimococo.marketops.adminobservability.internal.audit.JdbcMetadataAuditStore"},"process":{"pid":92757,"thread":{"name":"main"}},"service":{"name":"marketops-server","version":"0.1.0-SNAPSHOT","environment":"ci","node":{}},"message":"Metadata change recorded","ecs":{"version":"8.11"},"application":"marketops-server","environment":"ci","buildVersion":"0.1.0-SNAPSHOT","correlationId":"none","event":"metadata_change_recorded","sourceDomain":"operationsworkflow","entityType":"recommendation","entityId":"65fff390-3e52-44fd-ab5f-22398e5dbed1","action":"STATUS_CHANGE","actorId":"e00cb63f-6d68-401c-99b6-140183870959"}
{"@timestamp":"2026-09-05T03:56:38.777865Z","log":{"level":"INFO","logger":"com.mimococo.marketops.adminobservability.internal.audit.JdbcMetadataAuditStore"},"process":{"pid":92757,"thread":{"name":"main"}},"service":{"name":"marketops-server","version":"0.1.0-SNAPSHOT","environment":"ci","node":{}},"message":"Metadata change recorded","ecs":{"version":"8.11"},"application":"marketops-server","environment":"ci","buildVersion":"0.1.0-SNAPSHOT","correlationId":"none","event":"metadata_change_recorded","sourceDomain":"operationsworkflow","entityType":"recommendation","entityId":"65fff390-3e52-44fd-ab5f-22398e5dbed1","action":"STATUS_CHANGE","actorId":"0ccee0a5-2ed6-4b12-b056-6a24533de507"}
{"@timestamp":"2026-09-05T03:56:38.918972Z","log":{"level":"INFO","logger":"com.mimococo.marketops.adminobservability.internal.audit.JdbcMetadataAuditStore"},"process":{"pid":92757,"thread":{"name":"main"}},"service":{"name":"marketops-server","version":"0.1.0-SNAPSHOT","environment":"ci","node":{}},"message":"Metadata change recorded","ecs":{"version":"8.11"},"application":"marketops-server","environment":"ci","buildVersion":"0.1.0-SNAPSHOT","correlationId":"none","event":"metadata_change_recorded","sourceDomain":"operationsworkflow","entityType":"approval-decision","entityId":"b676af5c-10c0-4b08-878d-c1d776703913","action":"APPROVAL_DECISION","actorId":"610f8f0b-d508-4c5f-91ce-098ba666bf02"}
{"@timestamp":"2026-09-05T03:56:38.921545Z","log":{"level":"INFO","logger":"com.mimococo.marketops.adminobservability.internal.audit.JdbcMetadataAuditStore"},"process":{"pid":92757,"thread":{"name":"main"}},"service":{"name":"marketops-server","version":"0.1.0-SNAPSHOT","environment":"ci","node":{}},"message":"Metadata change recorded","ecs":{"version":"8.11"},"application":"marketops-server","environment":"ci","buildVersion":"0.1.0-SNAPSHOT","correlationId":"none","event":"metadata_change_recorded","sourceDomain":"operationsworkflow","entityType":"recommendation","entityId":"65fff390-3e52-44fd-ab5f-22398e5dbed1","action":"STATUS_CHANGE","actorId":"610f8f0b-d508-4c5f-91ce-098ba666bf02"}
{"@timestamp":"2026-09-05T03:56:39.027888Z","log":{"level":"INFO","logger":"com.mimococo.marketops.adminobservability.internal.audit.JdbcMetadataAuditStore"},"process":{"pid":92757,"thread":{"name":"main"}},"service":{"name":"marketops-server","version":"0.1.0-SNAPSHOT","environment":"ci","node":{}},"message":"Metadata change recorded","ecs":{"version":"8.11"},"application":"marketops-server","environment":"ci","buildVersion":"0.1.0-SNAPSHOT","correlationId":"none","event":"metadata_change_recorded","sourceDomain":"operationsworkflow","entityType":"recommendation","entityId":"65fff390-3e52-44fd-ab5f-22398e5dbed1","action":"STATUS_CHANGE","actorId":"610f8f0b-d508-4c5f-91ce-098ba666bf02"}
{"@timestamp":"2026-09-05T03:56:39.029117Z","log":{"level":"INFO","logger":"com.mimococo.marketops.adminobservability.internal.audit.JdbcMetadataAuditStore"},"process":{"pid":92757,"thread":{"name":"main"}},"service":{"name":"marketops-server","version":"0.1.0-SNAPSHOT","environment":"ci","node":{}},"message":"Metadata change recorded","ecs":{"version":"8.11"},"application":"marketops-server","environment":"ci","buildVersion":"0.1.0-SNAPSHOT","correlationId":"none","event":"metadata_change_recorded","sourceDomain":"operationsworkflow","entityType":"recommendation","entityId":"65fff390-3e52-44fd-ab5f-22398e5dbed1","action":"COMMAND_TRANSITION","actorId":"610f8f0b-d508-4c5f-91ce-098ba666bf02"}
{"@timestamp":"2026-09-05T03:56:39.799280Z","log":{"level":"INFO","logger":"com.mimococo.marketops.analyticsdecision.internal.application.AnalyticsCalculationService"},"process":{"pid":92757,"thread":{"name":"main"}},"service":{"name":"marketops-server","version":"0.1.0-SNAPSHOT","environment":"ci","node":{}},"message":"An analytics run completed","ecs":{"version":"8.11"},"application":"marketops-server","environment":"ci","buildVersion":"0.1.0-SNAPSHOT","correlationId":"none","event":"analytics_run_completed","storeId":"1b2e7a24-41ee-4240-9f91-5abaaf84efd7","window":"D30","subjectCount":1,"valueCount":33,"findingCount":9}
{"@timestamp":"2026-09-05T03:56:40.995393Z","log":{"level":"INFO","logger":"com.mimococo.marketops.analyticsdecision.internal.application.AnalyticsCalculationService"},"process":{"pid":92757,"thread":{"name":"main"}},"service":{"name":"marketops-server","version":"0.1.0-SNAPSHOT","environment":"ci","node":{}},"message":"An analytics run completed","ecs":{"version":"8.11"},"application":"marketops-server","environment":"ci","buildVersion":"0.1.0-SNAPSHOT","correlationId":"none","event":"analytics_run_completed","storeId":"96fd588f-a5cd-418a-8486-8e455328b8d2","window":"D30","subjectCount":1,"valueCount":33,"findingCount":9}
{"@timestamp":"2026-09-05T03:56:41.494204Z","log":{"level":"INFO","logger":"com.mimococo.marketops.adminobservability.internal.audit.JdbcMetadataAuditStore"},"process":{"pid":92757,"thread":{"name":"pool-8-thread-2"}},"service":{"name":"marketops-server","version":"0.1.0-SNAPSHOT","environment":"ci","node":{}},"message":"Metadata change recorded","ecs":{"version":"8.11"},"application":"marketops-server","environment":"ci","buildVersion":"0.1.0-SNAPSHOT","correlationId":"none","event":"metadata_change_recorded","sourceDomain":"operationsworkflow","entityType":"recommendation","entityId":"ac980a44-9a98-488a-9ad1-b5ce9092d74c","action":"CREATE","actorId":"advertising-calculation"}
{"@timestamp":"2026-09-05T03:56:42.483030Z","log":{"level":"INFO","logger":"com.mimococo.marketops.analyticsdecision.internal.application.AnalyticsCalculationService"},"process":{"pid":92757,"thread":{"name":"main"}},"service":{"name":"marketops-server","version":"0.1.0-SNAPSHOT","environment":"ci","node":{}},"message":"An analytics run completed","ecs":{"version":"8.11"},"application":"marketops-server","environment":"ci","buildVersion":"0.1.0-SNAPSHOT","correlationId":"none","event":"analytics_run_completed","storeId":"e86996e0-6c36-436e-b3e2-1cc77fa8c07e","window":"D30","subjectCount":1,"valueCount":33,"findingCount":9}
{"@timestamp":"2026-09-05T03:56:43.406201Z","log":{"level":"INFO","logger":"com.mimococo.marketops.analyticsdecision.internal.application.AnalyticsCalculationService"},"process":{"pid":92757,"thread":{"name":"main"}},"service":{"name":"marketops-server","version":"0.1.0-SNAPSHOT","environment":"ci","node":{}},"message":"An analytics run completed","ecs":{"version":"8.11"},"application":"marketops-server","environment":"ci","buildVersion":"0.1.0-SNAPSHOT","correlationId":"none","event":"analytics_run_completed","storeId":"ae25fa1c-7bd4-4a77-8bd9-89f632d2a2ac","window":"D30","subjectCount":1,"valueCount":33,"findingCount":9}
[ERROR] Tests run: 4, Failures: 1, Errors: 0, Skipped: 0, Time elapsed: 12.29 s <<< FAILURE! -- in com.mimococo.marketops.advertisingefficiency.internal.application.AdvertisingVerticalPathIT
[ERROR] com.mimococo.marketops.advertisingefficiency.internal.application.AdvertisingVerticalPathIT.concurrentDifferentAsOfWithoutQualificationPoliciesKeepsOneDataRepairTask -- Time elapsed: 0.994 s <<< FAILURE!
org.opentest4j.AssertionFailedError: 

expected: 1
 but was: 2
	at com.mimococo.marketops.advertisingefficiency.internal.application.AdvertisingVerticalPathIT.concurrentDifferentAsOfWithoutQualificationPoliciesKeepsOneDataRepairTask(AdvertisingVerticalPathIT.java:182)

[INFO] Running com.mimococo.marketops.advertisingefficiency.internal.application.AdvertisingProjectionWriterTest
[ERROR] Tests run: 17, Failures: 0, Errors: 1, Skipped: 0, Time elapsed: 0.447 s <<< FAILURE! -- in com.mimococo.marketops.advertisingefficiency.internal.application.AdvertisingProjectionWriterTest
[ERROR] com.mimococo.marketops.advertisingefficiency.internal.application.AdvertisingProjectionWriterTest.concurrentConflictUsesThePersistedIdentityForAllDependentEvidence -- Time elapsed: 0.002 s <<< ERROR!
java.lang.NullPointerException: Cannot invoke "com.mimococo.marketops.advertisingefficiency.internal.infrastructure.jdbc.AdvertisingProjectionRepository$CaseRow.id()" because the return value of "org.mockito.invocation.InvocationOnMock.getArgument(int)" is null
	at com.mimococo.marketops.advertisingefficiency.internal.application.AdvertisingProjectionWriterTest.lambda$nothingStoredYet$0(AdvertisingProjectionWriterTest.java:76)
	at org.mockito.internal.stubbing.StubbedInvocationMatcher.answer(StubbedInvocationMatcher.java:42)
	at org.mockito.internal.handler.MockHandlerImpl.handle(MockHandlerImpl.java:103)
	at org.mockito.internal.handler.NullResultGuardian.handle(NullResultGuardian.java:29)
	at org.mockito.internal.handler.InvocationNotifierHandler.handle(InvocationNotifierHandler.java:34)
	at org.mockito.internal.creation.bytebuddy.access.MockMethodInterceptor.doIntercept(MockMethodInterceptor.java:84)
	at org.mockito.internal.creation.bytebuddy.MockMethodAdvice.handle(MockMethodAdvice.java:143)
	at com.mimococo.marketops.advertisingefficiency.internal.infrastructure.jdbc.AdvertisingProjectionRepository.upsertCase(AdvertisingProjectionRepository.java:83)
	at com.mimococo.marketops.advertisingefficiency.internal.application.AdvertisingProjectionWriterTest.concurrentConflictUsesThePersistedIdentityForAllDependentEvidence(AdvertisingProjectionWriterTest.java:400)

[INFO] Running com.mimococo.marketops.advertisingefficiency.internal.application.AdvertisingProposalServiceTest
[INFO] Tests run: 29, Failures: 0, Errors: 0, Skipped: 0, Time elapsed: 0.391 s -- in com.mimococo.marketops.advertisingefficiency.internal.application.AdvertisingProposalServiceTest
[INFO] 
[INFO] Results:
[INFO] 
[ERROR] Failures: 
[ERROR]   AdvertisingHumanWorkflowIT.ownerAcceptedRiskPausesOnlyActionAndMustEndBeforeNewPreviewOrIntent:258 
expected: feb0bedd-d0cd-4b7c-a70b-a376b6c0a944
 but was: null
[ERROR]   AdvertisingHumanWorkflowIT.realMakerOpsOwnerChainFreezesOneBaselineAndCreatesOneCommand:136 
Expecting actual:
  0
to be greater than:
  0

[ERROR]   AdvertisingVerticalPathIT.concurrentDifferentAsOfWithoutQualificationPoliciesKeepsOneDataRepairTask:182 
expected: 1
 but was: 2
[ERROR] Errors: 
[ERROR]   AdvertisingDisclosureIT.manualNativeOptionsRequireEveryProductAndACompleteAffectedSetOverActualHttp:328 » DuplicateKey PreparedStatementCallback; SQL [UPDATE iam.identity_provider SET issuer=? WHERE id=?]; ERROR: duplicate key value violates unique constraint "identity_provider_issuer_uq"
  詳細：Key (issuer)=(https://id.example.test/browser) already exists.
[ERROR]   AdvertisingProjectionWriterTest.concurrentConflictUsesThePersistedIdentityForAllDependentEvidence:400->lambda$nothingStoredYet$0:76 NullPointer Cannot invoke "com.mimococo.marketops.advertisingefficiency.internal.infrastructure.jdbc.AdvertisingProjectionRepository$CaseRow.id()" because the return value of "org.mockito.invocation.InvocationOnMock.getArgument(int)" is null
[INFO] 
[ERROR] Tests run: 97, Failures: 3, Errors: 2, Skipped: 0
[INFO] 
[INFO] ------------------------------------------------------------------------
[INFO] BUILD FAILURE
[INFO] ------------------------------------------------------------------------
[INFO] Total time:  01:15 min
[INFO] Finished at: 2026-09-05T11:56:44+08:00
[INFO] ------------------------------------------------------------------------
[ERROR] Failed to execute goal org.apache.maven.plugins:maven-surefire-plugin:3.5.6:test (default-test) on project marketops-server: There are test failures.
[ERROR] 
[ERROR] See /Users/chzhengx/Code/personal/marketops-platform/backend/marketops-server/target/surefire-reports for the individual test results.
[ERROR] See dump files (if any exist) [date].dump, [date]-jvmRun[N].dump and [date].dumpstream.
[ERROR] -> [Help 1]
[ERROR] 
[ERROR] To see the full stack trace of the errors, re-run Maven with the -e switch.
[ERROR] Re-run Maven using the -X switch to enable full debug logging.
[ERROR] 
[ERROR] For more information about the errors and possible solutions, please read the following articles:
[ERROR] [Help 1] http://cwiki.apache.org/confluence/display/MAVEN/MojoFailureException
