[INFO] Scanning for projects...
[INFO] 
[INFO] --------------< com.mimococo.marketops:marketops-server >---------------
[INFO] Building MarketOps Server 0.1.0-SNAPSHOT
[INFO]   from pom.xml
[INFO] --------------------------------[ jar ]---------------------------------
[INFO] 
[INFO] --- enforcer:3.6.3:enforce (enforce-toolchain-and-dependencies) @ marketops-server ---
[INFO] Rule 0: org.apache.maven.enforcer.rules.version.RequireJavaVersion passed
[INFO] Rule 1: org.apache.maven.enforcer.rules.version.RequireMavenVersion passed
[INFO] Rule 2: org.apache.maven.enforcer.rules.dependency.BannedDependencies passed
[INFO] Rule 3: org.apache.maven.enforcer.rules.dependency.DependencyConvergence passed
[INFO] 
[INFO] --- jacoco:0.8.15:prepare-agent (prepare-coverage) @ marketops-server ---
[INFO] argLine set to -javaagent:/Users/chzhengx/.m2/repository/org/jacoco/org.jacoco.agent/0.8.15/org.jacoco.agent-0.8.15-runtime.jar=destfile=/Users/chzhengx/Code/personal/marketops-platform/backend/marketops-server/target/jacoco.exec
[INFO] 
[INFO] --- spring-boot:4.1.0:build-info (build-info) @ marketops-server ---
[INFO] 
[INFO] --- resources:3.5.0:resources (default-resources) @ marketops-server ---
[INFO] Copying 5 resources from src/main/resources to target/classes
[INFO] Copying 66 resources from src/main/resources to target/classes
[INFO] 
[INFO] --- compiler:3.15.0:compile (default-compile) @ marketops-server ---
[INFO] Nothing to compile - all classes are up to date.
[INFO] 
[INFO] --- resources:3.5.0:testResources (default-testResources) @ marketops-server ---
[INFO] Copying 4 resources from src/test/resources to target/test-classes
[INFO] 
[INFO] --- compiler:3.15.0:testCompile (default-testCompile) @ marketops-server ---
[INFO] Recompiling the module because of changed source code.
[INFO] Compiling 271 source files with javac [debug deprecation parameters release 21] to target/test-classes
[WARNING] /Users/chzhengx/Code/personal/marketops-platform/backend/marketops-server/src/test/java/com/mimococo/marketops/AdvertisingDisclosureIT.java:[83,65] asText() in tools.jackson.databind.JsonNode has been deprecated
[WARNING] /Users/chzhengx/Code/personal/marketops-platform/backend/marketops-server/src/test/java/com/mimococo/marketops/AdvertisingDisclosureIT.java:[86,74] asText() in tools.jackson.databind.JsonNode has been deprecated
[WARNING] /Users/chzhengx/Code/personal/marketops-platform/backend/marketops-server/src/test/java/com/mimococo/marketops/AdvertisingDisclosureIT.java:[95,83] asText() in tools.jackson.databind.JsonNode has been deprecated
[WARNING] /Users/chzhengx/Code/personal/marketops-platform/backend/marketops-server/src/test/java/com/mimococo/marketops/AdvertisingDisclosureIT.java:[118,49] asText() in tools.jackson.databind.JsonNode has been deprecated
[WARNING] /Users/chzhengx/Code/personal/marketops-platform/backend/marketops-server/src/test/java/com/mimococo/marketops/AdvertisingDisclosureIT.java:[167,53] asText() in tools.jackson.databind.JsonNode has been deprecated
[WARNING] /Users/chzhengx/Code/personal/marketops-platform/backend/marketops-server/src/test/java/com/mimococo/marketops/AdvertisingDisclosureIT.java:[212,52] asText() in tools.jackson.databind.JsonNode has been deprecated
[WARNING] /Users/chzhengx/Code/personal/marketops-platform/backend/marketops-server/src/test/java/com/mimococo/marketops/AdvertisingDisclosureIT.java:[288,75] asText() in tools.jackson.databind.JsonNode has been deprecated
[WARNING] /Users/chzhengx/Code/personal/marketops-platform/backend/marketops-server/src/test/java/com/mimococo/marketops/AdvertisingDisclosureIT.java:[289,79] asText() in tools.jackson.databind.JsonNode has been deprecated
[WARNING] /Users/chzhengx/Code/personal/marketops-platform/backend/marketops-server/src/test/java/com/mimococo/marketops/AdvertisingDisclosureIT.java:[292,40] asText() in tools.jackson.databind.JsonNode has been deprecated
[WARNING] /Users/chzhengx/Code/personal/marketops-platform/backend/marketops-server/src/test/java/com/mimococo/marketops/AdvertisingDisclosureIT.java:[294,53] asText() in tools.jackson.databind.JsonNode has been deprecated
[WARNING] /Users/chzhengx/Code/personal/marketops-platform/backend/marketops-server/src/test/java/com/mimococo/marketops/AdvertisingDisclosureIT.java:[356,57] asText() in tools.jackson.databind.JsonNode has been deprecated
[WARNING] /Users/chzhengx/Code/personal/marketops-platform/backend/marketops-server/src/test/java/com/mimococo/marketops/AdvertisingDisclosureIT.java:[358,90] asText() in tools.jackson.databind.JsonNode has been deprecated
[WARNING] /Users/chzhengx/Code/personal/marketops-platform/backend/marketops-server/src/test/java/com/mimococo/marketops/AdvertisingDisclosureIT.java:[409,37] asText() in tools.jackson.databind.JsonNode has been deprecated
[WARNING] /Users/chzhengx/Code/personal/marketops-platform/backend/marketops-server/src/test/java/com/mimococo/marketops/AdvertisingDisclosureIT.java:[410,54] asText() in tools.jackson.databind.JsonNode has been deprecated
[WARNING] /Users/chzhengx/Code/personal/marketops-platform/backend/marketops-server/src/test/java/com/mimococo/marketops/AdvertisingDisclosureIT.java:[414,48] asText() in tools.jackson.databind.JsonNode has been deprecated
[WARNING] /Users/chzhengx/Code/personal/marketops-platform/backend/marketops-server/src/test/java/com/mimococo/marketops/AdvertisingDisclosureIT.java:[432,35] isTextual() in tools.jackson.databind.JsonNode has been deprecated
[WARNING] /Users/chzhengx/Code/personal/marketops-platform/backend/marketops-server/src/test/java/com/mimococo/marketops/AdvertisingDisclosureIT.java:[432,55] asText() in tools.jackson.databind.JsonNode has been deprecated
[WARNING] /Users/chzhengx/Code/personal/marketops-platform/backend/marketops-server/src/test/java/com/mimococo/marketops/AdvertisingDisclosureIT.java:[433,88] asText() in tools.jackson.databind.JsonNode has been deprecated
[WARNING] /Users/chzhengx/Code/personal/marketops-platform/backend/marketops-server/src/test/java/com/mimococo/marketops/AdvertisingHumanWorkflowIT.java:[136,74] asText() in tools.jackson.databind.JsonNode has been deprecated
[WARNING] /Users/chzhengx/Code/personal/marketops-platform/backend/marketops-server/src/test/java/com/mimococo/marketops/AdvertisingHumanWorkflowIT.java:[141,85] asText() in tools.jackson.databind.JsonNode has been deprecated
[WARNING] /Users/chzhengx/Code/personal/marketops-platform/backend/marketops-server/src/test/java/com/mimococo/marketops/AdvertisingHumanWorkflowIT.java:[181,60] asText() in tools.jackson.databind.JsonNode has been deprecated
[WARNING] /Users/chzhengx/Code/personal/marketops-platform/backend/marketops-server/src/test/java/com/mimococo/marketops/AdvertisingManualWorkflowIT.java:[263,69] asText() in tools.jackson.databind.JsonNode has been deprecated
[WARNING] /Users/chzhengx/Code/personal/marketops-platform/backend/marketops-server/src/test/java/com/mimococo/marketops/AdvertisingMaterialityIT.java:[31,46] asText() in tools.jackson.databind.JsonNode has been deprecated
[WARNING] /Users/chzhengx/Code/personal/marketops-platform/backend/marketops-server/src/test/java/com/mimococo/marketops/AdvertisingMaterialityIT.java:[72,40] asText() in tools.jackson.databind.JsonNode has been deprecated
[WARNING] /Users/chzhengx/Code/personal/marketops-platform/backend/marketops-server/src/test/java/com/mimococo/marketops/AdvertisingMaterialityIT.java:[77,46] asText() in tools.jackson.databind.JsonNode has been deprecated
[WARNING] /Users/chzhengx/Code/personal/marketops-platform/backend/marketops-server/src/test/java/com/mimococo/marketops/AdvertisingMaterialityIT.java:[83,40] asText() in tools.jackson.databind.JsonNode has been deprecated
[WARNING] /Users/chzhengx/Code/personal/marketops-platform/backend/marketops-server/src/test/java/com/mimococo/marketops/AdvertisingSealedAuthorityIT.java:[172,64] asText() in tools.jackson.databind.JsonNode has been deprecated
[WARNING] /Users/chzhengx/Code/personal/marketops-platform/backend/marketops-server/src/test/java/com/mimococo/marketops/AdvertisingSealedAuthorityIT.java:[176,72] asText() in tools.jackson.databind.JsonNode has been deprecated
[WARNING] /Users/chzhengx/Code/personal/marketops-platform/backend/marketops-server/src/test/java/com/mimococo/marketops/AdvertisingSealedAuthorityIT.java:[177,49] asText() in tools.jackson.databind.JsonNode has been deprecated
[WARNING] /Users/chzhengx/Code/personal/marketops-platform/backend/marketops-server/src/test/java/com/mimococo/marketops/aicopilot/internal/application/OutputValidatorTest.java:[161,56] redundant cast to java.lang.String
[WARNING] /Users/chzhengx/Code/personal/marketops-platform/backend/marketops-server/src/test/java/com/mimococo/marketops/marketplaceintegration/adapter/http/PlatformHttpAdaptersTest.java:[103,70] unchecked generic array creation for varargs parameter of type java.util.Optional<java.lang.String>[]
[INFO] 
[INFO] --- surefire:3.5.6:test (default-test) @ marketops-server ---
[INFO] Using auto detected provider org.apache.maven.surefire.junitplatform.JUnitPlatformProvider
[INFO] 
[INFO] -------------------------------------------------------
[INFO]  T E S T S
[INFO] -------------------------------------------------------
[INFO] Running com.mimococo.marketops.database.ControlEpochTriggerIT
13:04:49.861 [main] INFO org.testcontainers.images.PullPolicy -- Image pull policy will be performed by: DefaultPullPolicy()
13:04:49.864 [main] INFO org.testcontainers.utility.ImageNameSubstitutor -- Image name substitution will be performed by: DefaultImageNameSubstitutor (composite of 'ConfigurationFileImageNameSubstitutor' and 'PrefixingImageNameSubstitutor')
13:04:49.873 [main] INFO org.testcontainers.DockerClientFactory -- Testcontainers version: 2.0.5
13:04:50.211 [main] INFO org.testcontainers.dockerclient.DockerClientProviderStrategy -- Loaded org.testcontainers.dockerclient.UnixSocketClientProviderStrategy from ~/.testcontainers.properties, will try it first
13:04:50.610 [main] INFO org.testcontainers.dockerclient.DockerClientProviderStrategy -- Found Docker environment with local Unix socket (unix:///var/run/docker.sock)
13:04:50.611 [main] INFO org.testcontainers.DockerClientFactory -- Docker host IP address is localhost
13:04:50.632 [main] INFO org.testcontainers.DockerClientFactory -- Connected to docker: 
  Server Version: 29.7.2
  API Version: 1.55
  Operating System: Docker Desktop
  Total Memory: 5922 MB
  Labels: 
    com.docker.desktop.address=unix:///Users/chzhengx/Library/Containers/com.docker.docker/Data/docker-cli.sock
13:04:50.897 [main] INFO tc.testcontainers/ryuk:0.14.0 -- Creating container for image: testcontainers/ryuk:0.14.0
13:04:51.076 [main] INFO org.testcontainers.utility.RegistryAuthLocator -- Credential helper/store (docker-credential-desktop) does not have credentials for https://index.docker.io/v1/
13:04:51.215 [main] INFO tc.testcontainers/ryuk:0.14.0 -- Container testcontainers/ryuk:0.14.0 is starting: bc1adf1c0d9f4a178d40bb555b666fb1782b8c0cfc57c76571e18bd4b5d3084b
13:04:51.894 [main] INFO tc.testcontainers/ryuk:0.14.0 -- Container testcontainers/ryuk:0.14.0 started in PT0.996718S
13:04:51.901 [main] INFO org.testcontainers.utility.RyukResourceReaper -- Ryuk started - will monitor and terminate Testcontainers containers on JVM exit
13:04:51.901 [main] INFO org.testcontainers.DockerClientFactory -- Checking the system...
13:04:51.902 [main] INFO org.testcontainers.DockerClientFactory -- ✔︎ Docker server version should be at least 1.6.0
13:04:51.902 [main] INFO tc.postgres:18.4 -- Creating container for image: postgres:18.4
13:04:51.990 [main] INFO tc.postgres:18.4 -- Container postgres:18.4 is starting: 0d7816fffb1d52649ce013ed5adcdb235202cb0b31bc1009b35e163c1192d192
13:04:53.337 [main] INFO tc.postgres:18.4 -- Container postgres:18.4 started in PT1.434432S
13:04:53.339 [main] INFO tc.postgres:18.4 -- Container is started (JDBC URL: jdbc:postgresql://localhost:63852/marketops?loggerLevel=OFF)
13:04:53.891 [main] INFO org.flywaydb.core.FlywayExecutor -- Database: jdbc:postgresql://localhost:63852/marketops?loggerLevel=OFF (PostgreSQL 18.4)
13:04:53.989 [main] INFO org.flywaydb.core.internal.schemahistory.JdbcTableSchemaHistory -- Schema history table "public"."flyway_schema_history" does not exist yet
13:04:53.993 [main] INFO org.flywaydb.core.internal.command.DbValidate -- Successfully validated 65 migrations (execution time 00:00.053s)
13:04:54.010 [main] INFO org.flywaydb.core.internal.schemahistory.JdbcTableSchemaHistory -- Creating Schema History table "public"."flyway_schema_history" ...
13:04:54.085 [main] INFO org.flywaydb.core.internal.command.DbMigrate -- Current version of schema "public": << Empty Schema >>
13:04:54.099 [main] INFO org.flywaydb.core.internal.command.DbMigrate -- Migrating schema "public" to version "0001 - create foundation schemas"
13:04:54.120 [main] INFO org.flywaydb.core.internal.command.DbMigrate -- Migrating schema "public" to version "0002 - enable btree gist extension"
13:04:54.164 [main] INFO org.flywaydb.core.internal.command.DbMigrate -- Migrating schema "public" to version "0003 - create metadata audit event"
13:04:54.196 [main] INFO org.flywaydb.core.internal.command.DbMigrate -- Migrating schema "public" to version "0004 - create core organization metadata"
13:04:54.251 [main] INFO org.flywaydb.core.internal.command.DbMigrate -- Migrating schema "public" to version "0005 - create iam access metadata"
13:04:54.298 [main] INFO org.flywaydb.core.internal.command.DbMigrate -- Migrating schema "public" to version "0006 - create platform registry metadata"
13:04:54.365 [main] INFO org.flywaydb.core.internal.command.DbMigrate -- Migrating schema "public" to version "0007 - create ingestion control plane authority"
13:04:54.411 [main] INFO org.flywaydb.core.internal.command.DbMigrate -- Migrating schema "public" to version "0008 - attach control epoch triggers"
13:04:54.448 [main] INFO org.flywaydb.core.internal.command.DbMigrate -- Migrating schema "public" to version "0009 - create control boundary kinds and decision evidence"
13:04:54.481 [main] INFO org.flywaydb.core.internal.command.DbMigrate -- Migrating schema "public" to version "0010 - create ingestion run checkpoint and raw evidence"
13:04:54.521 [main] INFO org.flywaydb.core.internal.command.DbMigrate -- Migrating schema "public" to version "0011 - create human identity and business authorization"
13:04:54.571 [main] INFO org.flywaydb.core.internal.command.DbMigrate -- Migrating schema "public" to version "0012 - create product listing identity and mapping"
13:04:54.654 [main] INFO org.flywaydb.core.internal.command.DbMigrate -- Migrating schema "public" to version "0013 - create cross domain operating facts"
13:04:54.707 [main] INFO org.flywaydb.core.internal.command.DbMigrate -- Migrating schema "public" to version "0014 - create internal fact intake and file import"
13:04:54.754 [main] INFO org.flywaydb.core.internal.command.DbMigrate -- Migrating schema "public" to version "0015 - create canonical metric definitions and values"
13:04:54.783 [main] INFO org.flywaydb.core.internal.command.DbMigrate -- Migrating schema "public" to version "0016 - create deterministic diagnosis rules and findings"
13:04:54.814 [main] INFO org.flywaydb.core.internal.command.DbMigrate -- Migrating schema "public" to version "0017 - create ai projection invocation and output"
13:04:54.861 [main] INFO org.flywaydb.core.internal.command.DbMigrate -- Migrating schema "public" to version "0018 - create recommendation task and approval workflow"
13:04:54.904 [main] INFO org.flywaydb.core.internal.command.DbMigrate -- Migrating schema "public" to version "0019 - create commercial policy and guardrails"
13:04:54.960 [main] INFO org.flywaydb.core.internal.command.DbMigrate -- Migrating schema "public" to version "0020 - create price command outbox readback and write gate"
13:04:55.039 [main] INFO org.flywaydb.core.internal.command.DbMigrate -- Migrating schema "public" to version "0021 - create platform api profile and request shape"
13:04:55.075 [main] INFO org.flywaydb.core.internal.command.DbMigrate -- Migrating schema "public" to version "0022 - create ingestion run lifecycle and replay guard"
13:04:55.142 [main] INFO org.flywaydb.core.internal.command.DbMigrate -- Migrating schema "public" to version "0023 - create declared normalization and drift observation"
13:04:55.176 [main] INFO org.flywaydb.core.internal.command.DbMigrate -- Migrating schema "public" to version "0024 - create capability write operation shape"
13:04:55.208 [main] INFO org.flywaydb.core.internal.command.DbMigrate -- Migrating schema "public" to version "0025 - create price command attempt completion and lease recovery"
13:04:55.247 [main] INFO org.flywaydb.core.internal.command.DbMigrate -- Migrating schema "public" to version "0026 - rename operational capability column to action kind"
13:04:55.276 [main] INFO org.flywaydb.core.internal.command.DbMigrate -- Migrating schema "public" to version "0027 - create account bound registry verification"
13:04:55.313 [main] INFO org.flywaydb.core.internal.command.DbMigrate -- Migrating schema "public" to version "0028 - create bounded diagnostic export"
13:04:55.357 [main] INFO org.flywaydb.core.internal.command.DbMigrate -- Migrating schema "public" to version "0029 - version profit economics and commercial inputs"
13:04:55.423 [main] INFO org.flywaydb.core.internal.command.DbMigrate -- Migrating schema "public" to version "0030 - create availability risk policy inbound and case"
13:04:55.553 [main] INFO org.flywaydb.core.internal.command.DbMigrate -- Migrating schema "public" to version "0031 - track sustained availability lane"
13:04:55.567 [main] INFO org.flywaydb.core.internal.command.DbMigrate -- Migrating schema "public" to version "0032 - create availability fact feed cursor"
13:04:55.577 [main] INFO org.flywaydb.core.internal.command.DbMigrate -- Migrating schema "public" to version "0033 - track case improvement observation"
13:04:55.594 [main] INFO org.flywaydb.core.internal.command.DbMigrate -- Migrating schema "public" to version "0034 - close availability deep review findings"
13:04:55.653 [main] INFO org.flywaydb.core.internal.command.DbMigrate -- Migrating schema "public" to version "0035 - close availability targeted findings"
13:04:55.701 [main] INFO org.flywaydb.core.internal.command.DbMigrate -- Migrating schema "public" to version "0036 - create advertising identity and official facts"
13:04:55.757 [main] INFO org.flywaydb.core.internal.command.DbMigrate -- Migrating schema "public" to version "0037 - create advertising conversion freshness and qualification"
13:04:55.813 [main] INFO org.flywaydb.core.internal.command.DbMigrate -- Migrating schema "public" to version "0038 - create advertising case projection and orchestration"
13:04:55.890 [main] INFO org.flywaydb.core.internal.command.DbMigrate -- Migrating schema "public" to version "0039 - create advertising target materiality and manual shadow"
13:04:55.943 [main] INFO org.flywaydb.core.internal.command.DbMigrate -- Migrating schema "public" to version "0040 - widen write registry for ad bid capability"
13:04:55.975 [main] INFO org.flywaydb.core.internal.command.DbMigrate -- Migrating schema "public" to version "0041 - create advertising containment and decision bundle"
13:04:56.039 [main] INFO org.flywaydb.core.internal.command.DbMigrate -- Migrating schema "public" to version "0042 - create ad bid command outbox readback and gate"
13:04:56.099 [main] INFO org.flywaydb.core.internal.command.DbMigrate -- Migrating schema "public" to version "0043 - create ad bid attempt lifecycle and readback"
13:04:56.126 [main] INFO org.flywaydb.core.internal.command.DbMigrate -- Migrating schema "public" to version "0044 - supersede advertising cases whose cause no longer holds"
13:04:56.142 [main] INFO org.flywaydb.core.internal.command.DbMigrate -- Migrating schema "public" to version "0045 - create ad bid command from approval"
13:04:56.157 [main] INFO org.flywaydb.core.internal.command.DbMigrate -- Migrating schema "public" to version "0046 - capture ad bid authority for guardrail evaluation"
13:04:56.169 [main] INFO org.flywaydb.core.internal.command.DbMigrate -- Migrating schema "public" to version "0047 - refuse a zero target bid in the parameter contract"
13:04:56.183 [main] INFO org.flywaydb.core.internal.command.DbMigrate -- Migrating schema "public" to version "0048 - serialize advertising reservations against overlap"
13:04:56.199 [main] INFO org.flywaydb.core.internal.command.DbMigrate -- Migrating schema "public" to version "0049 - create advertising outcome plan and lineage"
13:04:56.239 [main] INFO org.flywaydb.core.internal.command.DbMigrate -- Migrating schema "public" to version "0050 - cause specific outcomes and same lineage reopen"
13:04:56.275 [main] INFO org.flywaydb.core.internal.command.DbMigrate -- Migrating schema "public" to version "0051 - bind each decision to its own authority"
13:04:56.287 [main] INFO org.flywaydb.core.internal.command.DbMigrate -- Migrating schema "public" to version "0052 - a guardrail verdict names the policy that authorised it"
13:04:56.304 [main] INFO org.flywaydb.core.internal.command.DbMigrate -- Migrating schema "public" to version "0053 - the write gate must refuse rather than raise"
13:04:56.319 [main] INFO org.flywaydb.core.internal.command.DbMigrate -- Migrating schema "public" to version "0054 - index the demand carry forward lookup"
13:04:56.330 [main] INFO org.flywaydb.core.internal.command.DbMigrate -- Migrating schema "public" to version "0055 - record what happened to a task and who did it"
13:04:56.360 [main] INFO org.flywaydb.core.internal.command.DbMigrate -- Migrating schema "public" to version "0056 - publish the daily brief and weekly review as projections"
13:04:56.422 [main] INFO org.flywaydb.core.internal.command.DbMigrate -- Migrating schema "public" to version "0057 - bind advertising responsibility and human decisions"
13:04:56.470 [main] INFO org.flywaydb.core.internal.command.DbMigrate -- Migrating schema "public" to version "0058 - seal advertising authority and control execution"
13:04:56.604 [main] INFO org.flywaydb.core.internal.command.DbMigrate -- Migrating schema "public" to version "0059 - freeze advertising outcome baselines and critical units"
13:04:56.665 [main] INFO org.flywaydb.core.internal.command.DbMigrate -- Migrating schema "public" to version "0060 - govern manual proposals packets and configuration proof"
13:04:56.698 [main] INFO org.flywaydb.core.internal.command.DbMigrate -- Migrating schema "public" to version "0061 - bind advertising exception risk and preview evidence"
13:04:56.722 [main] INFO org.flywaydb.core.internal.command.DbMigrate -- Migrating schema "public" to version "0062 - share frozen outcome authority with governed manual"
13:04:56.743 [main] INFO org.flywaydb.core.internal.command.DbMigrate -- Migrating schema "public" to version "0063 - wire advertising changes expiries and slo recovery"
13:04:56.770 [main] INFO org.flywaydb.core.internal.command.DbMigrate -- Migrating schema "public" to version "0064 - reconcile expired advertising authority"
13:04:56.792 [main] INFO org.flywaydb.core.internal.command.DbMigrate -- Migrating schema "public" to version "0065 - route settled advertising contradictions to finance review"
13:04:56.814 [main] INFO org.flywaydb.core.internal.command.DbMigrate -- Successfully applied 65 migrations to schema "public", now at version v0065 (execution time 00:01.943s)
[INFO] Tests run: 11, Failures: 0, Errors: 0, Skipped: 0, Time elapsed: 8.312 s -- in com.mimococo.marketops.database.ControlEpochTriggerIT
[INFO] Running com.mimococo.marketops.AdvertisingResponsibilityBoundaryIT
13:04:58.240 [main] INFO org.springframework.test.context.support.AnnotationConfigContextLoaderUtils -- Could not detect default configuration classes for test class [com.mimococo.marketops.AdvertisingResponsibilityBoundaryIT]: AdvertisingResponsibilityBoundaryIT does not declare any static, non-private, non-final, nested classes annotated with @Configuration.
13:04:58.428 [main] INFO org.springframework.boot.test.context.SpringBootTestContextBootstrapper -- Found @SpringBootConfiguration com.mimococo.marketops.MarketOpsServerApplication for test class com.mimococo.marketops.AdvertisingResponsibilityBoundaryIT
13:04:58.491 [main] INFO org.springframework.test.context.support.AnnotationConfigContextLoaderUtils -- Could not detect default configuration classes for test class [com.mimococo.marketops.AdvertisingResponsibilityBoundaryIT]: AdvertisingResponsibilityBoundaryIT does not declare any static, non-private, non-final, nested classes annotated with @Configuration.
13:04:58.494 [main] INFO org.springframework.boot.test.context.SpringBootTestContextBootstrapper -- Found @SpringBootConfiguration com.mimococo.marketops.MarketOpsServerApplication for test class com.mimococo.marketops.AdvertisingResponsibilityBoundaryIT
13:04:58.609 [main] INFO tc.postgres:17.6-bookworm@sha256:f3bd19... -- Creating container for image: postgres:17.6-bookworm@sha256:f3bd19c606e442c3d7bdfa8002e03fe260a1023351e0ea4598032022b68dd6e3
13:04:58.821 [main] INFO tc.postgres:17.6-bookworm@sha256:f3bd19... -- Container postgres:17.6-bookworm@sha256:f3bd19c606e442c3d7bdfa8002e03fe260a1023351e0ea4598032022b68dd6e3 is starting: 2861a68f2f8bda87491019013b065b1825da55422ff02e66d10487e038a4b771
13:05:00.123 [main] INFO tc.postgres:17.6-bookworm@sha256:f3bd19... -- Container postgres:17.6-bookworm@sha256:f3bd19c606e442c3d7bdfa8002e03fe260a1023351e0ea4598032022b68dd6e3 started in PT1.514292S
13:05:00.124 [main] INFO tc.postgres:17.6-bookworm@sha256:f3bd19... -- Container is started (JDBC URL: jdbc:postgresql://localhost:63907/marketops?loggerLevel=OFF)
{"@timestamp":"2026-09-05T05:05:00.527228Z","log":{"level":"INFO","logger":"com.mimococo.marketops.AdvertisingResponsibilityBoundaryIT"},"process":{"pid":1686,"thread":{"name":"main"}},"service":{"name":"marketops-server","version":"0.1.0-SNAPSHOT","environment":"ci","node":{}},"message":"Starting AdvertisingResponsibilityBoundaryIT v0.1.0-SNAPSHOT using Java 21.0.10 with PID 1686 (started by chzhengx in /Users/chzhengx/Code/personal/marketops-platform/backend/marketops-server)","ecs":{"version":"8.11"},"application":"marketops-server","environment":"ci","buildVersion":"0.1.0-SNAPSHOT","correlationId":"none"}
{"@timestamp":"2026-09-05T05:05:00.532452Z","log":{"level":"INFO","logger":"com.mimococo.marketops.AdvertisingResponsibilityBoundaryIT"},"process":{"pid":1686,"thread":{"name":"main"}},"service":{"name":"marketops-server","version":"0.1.0-SNAPSHOT","environment":"ci","node":{}},"message":"The following 1 profile is active: \"ci\"","ecs":{"version":"8.11"},"application":"marketops-server","environment":"ci","buildVersion":"0.1.0-SNAPSHOT","correlationId":"none"}
{"@timestamp":"2026-09-05T05:05:05.977937Z","log":{"level":"INFO","logger":"com.mimococo.marketops.AdvertisingResponsibilityBoundaryIT"},"process":{"pid":1686,"thread":{"name":"main"}},"service":{"name":"marketops-server","version":"0.1.0-SNAPSHOT","environment":"ci","node":{}},"message":"Started AdvertisingResponsibilityBoundaryIT in 5.792 seconds (process running for 18.35)","ecs":{"version":"8.11"},"application":"marketops-server","environment":"ci","buildVersion":"0.1.0-SNAPSHOT","correlationId":"none"}
{"@timestamp":"2026-09-05T05:05:09.514515Z","log":{"level":"INFO","logger":"com.mimococo.marketops.adminobservability.internal.audit.JdbcMetadataAuditStore"},"process":{"pid":1686,"thread":{"name":"main"}},"service":{"name":"marketops-server","version":"0.1.0-SNAPSHOT","environment":"ci","node":{}},"message":"Metadata change recorded","ecs":{"version":"8.11"},"application":"marketops-server","environment":"ci","buildVersion":"0.1.0-SNAPSHOT","correlationId":"none","event":"metadata_change_recorded","sourceDomain":"operationsworkflow","entityType":"work-task","entityId":"34f42839-c59e-4b41-bbd8-ee6345140444","action":"UPDATE","actorId":"3b3d1d02-5e40-4f67-b638-3b6d56171a38"}
{"@timestamp":"2026-09-05T05:05:09.633842Z","log":{"level":"INFO","logger":"com.mimococo.marketops.adminobservability.internal.audit.JdbcMetadataAuditStore"},"process":{"pid":1686,"thread":{"name":"main"}},"service":{"name":"marketops-server","version":"0.1.0-SNAPSHOT","environment":"ci","node":{}},"message":"Metadata change recorded","ecs":{"version":"8.11"},"application":"marketops-server","environment":"ci","buildVersion":"0.1.0-SNAPSHOT","correlationId":"none","event":"metadata_change_recorded","sourceDomain":"operationsworkflow","entityType":"work-task","entityId":"34f42839-c59e-4b41-bbd8-ee6345140444","action":"UPDATE","actorId":"fa669eef-876e-4a2b-a012-aa6c16b1f569"}
{"@timestamp":"2026-09-05T05:05:10.316569Z","log":{"level":"INFO","logger":"com.mimococo.marketops.adminobservability.internal.audit.JdbcMetadataAuditStore"},"process":{"pid":1686,"thread":{"name":"main"}},"service":{"name":"marketops-server","version":"0.1.0-SNAPSHOT","environment":"ci","node":{}},"message":"Metadata change recorded","ecs":{"version":"8.11"},"application":"marketops-server","environment":"ci","buildVersion":"0.1.0-SNAPSHOT","correlationId":"none","event":"metadata_change_recorded","sourceDomain":"operationsworkflow","entityType":"work-task","entityId":"84564f8e-d007-4165-91d2-275a56cb562f","action":"UPDATE","actorId":"03a948fe-31e1-4dbf-b7ae-6cc24c05c314"}
{"@timestamp":"2026-09-05T05:05:10.371035Z","log":{"level":"INFO","logger":"com.mimococo.marketops.adminobservability.internal.audit.JdbcMetadataAuditStore"},"process":{"pid":1686,"thread":{"name":"main"}},"service":{"name":"marketops-server","version":"0.1.0-SNAPSHOT","environment":"ci","node":{}},"message":"Metadata change recorded","ecs":{"version":"8.11"},"application":"marketops-server","environment":"ci","buildVersion":"0.1.0-SNAPSHOT","correlationId":"none","event":"metadata_change_recorded","sourceDomain":"operationsworkflow","entityType":"work-task","entityId":"84564f8e-d007-4165-91d2-275a56cb562f","action":"UPDATE","actorId":"03a948fe-31e1-4dbf-b7ae-6cc24c05c314"}
[INFO] Tests run: 9, Failures: 0, Errors: 0, Skipped: 0, Time elapsed: 12.28 s -- in com.mimococo.marketops.AdvertisingResponsibilityBoundaryIT
[INFO] Running com.mimococo.marketops.AdvertisingDisclosureIT
{"@timestamp":"2026-09-05T05:05:11.849767Z","log":{"level":"INFO","logger":"com.mimococo.marketops.AdvertisingDisclosureIT"},"process":{"pid":1686,"thread":{"name":"main"}},"service":{"name":"marketops-server","version":"0.1.0-SNAPSHOT","environment":"ci","node":{}},"message":"Starting AdvertisingDisclosureIT v0.1.0-SNAPSHOT using Java 21.0.10 with PID 1686 (started by chzhengx in /Users/chzhengx/Code/personal/marketops-platform/backend/marketops-server)","ecs":{"version":"8.11"},"application":"marketops-server","environment":"ci","buildVersion":"0.1.0-SNAPSHOT","correlationId":"none"}
{"@timestamp":"2026-09-05T05:05:11.852034Z","log":{"level":"INFO","logger":"com.mimococo.marketops.AdvertisingDisclosureIT"},"process":{"pid":1686,"thread":{"name":"main"}},"service":{"name":"marketops-server","version":"0.1.0-SNAPSHOT","environment":"ci","node":{}},"message":"The following 1 profile is active: \"ci\"","ecs":{"version":"8.11"},"application":"marketops-server","environment":"ci","buildVersion":"0.1.0-SNAPSHOT","correlationId":"none"}
{"@timestamp":"2026-09-05T05:05:15.680342Z","log":{"level":"INFO","logger":"com.mimococo.marketops.AdvertisingDisclosureIT"},"process":{"pid":1686,"thread":{"name":"main"}},"service":{"name":"marketops-server","version":"0.1.0-SNAPSHOT","environment":"ci","node":{}},"message":"Started AdvertisingDisclosureIT in 3.873 seconds (process running for 28.052)","ecs":{"version":"8.11"},"application":"marketops-server","environment":"ci","buildVersion":"0.1.0-SNAPSHOT","correlationId":"none"}
{"@timestamp":"2026-09-05T05:05:15.945848Z","log":{"level":"INFO","logger":"com.mimococo.marketops.adminobservability.internal.audit.JdbcMetadataAuditStore"},"process":{"pid":1686,"thread":{"name":"main"}},"service":{"name":"marketops-server","version":"0.1.0-SNAPSHOT","environment":"ci","node":{}},"message":"Metadata change recorded","ecs":{"version":"8.11"},"application":"marketops-server","environment":"ci","buildVersion":"0.1.0-SNAPSHOT","correlationId":"none","event":"metadata_change_recorded","sourceDomain":"identityaccess","entityType":"user-role-assignment","entityId":"5061ea3e-1cfb-404c-acb2-03b00249edd4","action":"GRANT","actorId":"disclosure-fixture"}
{"@timestamp":"2026-09-05T05:05:15.949441Z","log":{"level":"INFO","logger":"com.mimococo.marketops.adminobservability.internal.audit.JdbcMetadataAuditStore"},"process":{"pid":1686,"thread":{"name":"main"}},"service":{"name":"marketops-server","version":"0.1.0-SNAPSHOT","environment":"ci","node":{}},"message":"Metadata change recorded","ecs":{"version":"8.11"},"application":"marketops-server","environment":"ci","buildVersion":"0.1.0-SNAPSHOT","correlationId":"none","event":"metadata_change_recorded","sourceDomain":"identityaccess","entityType":"user-role-assignment","entityId":"eeab7aab-6821-4689-a15f-20ac675dfe15","action":"GRANT","actorId":"disclosure-fixture"}
{"@timestamp":"2026-09-05T05:05:15.955870Z","log":{"level":"INFO","logger":"com.mimococo.marketops.adminobservability.internal.audit.JdbcMetadataAuditStore"},"process":{"pid":1686,"thread":{"name":"main"}},"service":{"name":"marketops-server","version":"0.1.0-SNAPSHOT","environment":"ci","node":{}},"message":"Metadata change recorded","ecs":{"version":"8.11"},"application":"marketops-server","environment":"ci","buildVersion":"0.1.0-SNAPSHOT","correlationId":"none","event":"metadata_change_recorded","sourceDomain":"identityaccess","entityType":"user-scope-grant","entityId":"e834962c-b441-4468-a3a0-7c3e722494bd","action":"GRANT","actorId":"disclosure-fixture"}
{"@timestamp":"2026-09-05T05:05:15.959188Z","log":{"level":"INFO","logger":"com.mimococo.marketops.adminobservability.internal.audit.JdbcMetadataAuditStore"},"process":{"pid":1686,"thread":{"name":"main"}},"service":{"name":"marketops-server","version":"0.1.0-SNAPSHOT","environment":"ci","node":{}},"message":"Metadata change recorded","ecs":{"version":"8.11"},"application":"marketops-server","environment":"ci","buildVersion":"0.1.0-SNAPSHOT","correlationId":"none","event":"metadata_change_recorded","sourceDomain":"identityaccess","entityType":"user-scope-grant","entityId":"0c13d563-2679-4297-b05f-6525e9ea02de","action":"GRANT","actorId":"disclosure-fixture"}
{"@timestamp":"2026-09-05T05:05:16.345472Z","log":{"level":"INFO","logger":"com.mimococo.marketops.adminobservability.internal.audit.JdbcMetadataAuditStore"},"process":{"pid":1686,"thread":{"name":"main"}},"service":{"name":"marketops-server","version":"0.1.0-SNAPSHOT","environment":"ci","node":{}},"message":"Metadata change recorded","ecs":{"version":"8.11"},"application":"marketops-server","environment":"ci","buildVersion":"0.1.0-SNAPSHOT","correlationId":"none","event":"metadata_change_recorded","sourceDomain":"identityaccess","entityType":"user-role-assignment","entityId":"181c18df-355b-40a9-bcc4-e9db5895cf7f","action":"GRANT","actorId":"disclosure-fixture"}
{"@timestamp":"2026-09-05T05:05:16.351707Z","log":{"level":"INFO","logger":"com.mimococo.marketops.adminobservability.internal.audit.JdbcMetadataAuditStore"},"process":{"pid":1686,"thread":{"name":"main"}},"service":{"name":"marketops-server","version":"0.1.0-SNAPSHOT","environment":"ci","node":{}},"message":"Metadata change recorded","ecs":{"version":"8.11"},"application":"marketops-server","environment":"ci","buildVersion":"0.1.0-SNAPSHOT","correlationId":"none","event":"metadata_change_recorded","sourceDomain":"identityaccess","entityType":"user-scope-grant","entityId":"384d445f-8b0f-4529-a54f-fcfc8fe65ebf","action":"GRANT","actorId":"disclosure-fixture"}
{"@timestamp":"2026-09-05T05:05:16.466270Z","log":{"level":"INFO","logger":"com.mimococo.marketops.adminobservability.internal.audit.JdbcMetadataAuditStore"},"process":{"pid":1686,"thread":{"name":"main"}},"service":{"name":"marketops-server","version":"0.1.0-SNAPSHOT","environment":"ci","node":{}},"message":"Metadata change recorded","ecs":{"version":"8.11"},"application":"marketops-server","environment":"ci","buildVersion":"0.1.0-SNAPSHOT","correlationId":"none","event":"metadata_change_recorded","sourceDomain":"identityaccess","entityType":"user-scope-grant","entityId":"7e4805b9-4df8-4ddf-988a-d98177f35fce","action":"GRANT","actorId":"disclosure-fixture"}
{"@timestamp":"2026-09-05T05:05:16.775797Z","log":{"level":"INFO","logger":"com.mimococo.marketops.shared.internal.errors.ConsoleProblemAdvice"},"process":{"pid":1686,"thread":{"name":"http-nio-127.0.0.1-auto-1-exec-2"}},"service":{"name":"marketops-server","version":"0.1.0-SNAPSHOT","environment":"ci","node":{}},"message":"Console request refused","ecs":{"version":"8.11"},"application":"marketops-server","environment":"ci","buildVersion":"0.1.0-SNAPSHOT","correlationId":"21c1f12e-065e-4a06-aff9-8a9283b4aea4","event":"console_request_refused","errorCode":"APPROVAL_EVIDENCE_SCOPE_BLOCKED"}
{"@timestamp":"2026-09-05T05:05:16.797625Z","log":{"level":"INFO","logger":"com.mimococo.marketops.shared.internal.correlation.CorrelationIdFilter"},"process":{"pid":1686,"thread":{"name":"http-nio-127.0.0.1-auto-1-exec-2"}},"service":{"name":"marketops-server","version":"0.1.0-SNAPSHOT","environment":"ci","node":{}},"message":"Request completed","ecs":{"version":"8.11"},"application":"marketops-server","environment":"ci","buildVersion":"0.1.0-SNAPSHOT","correlationId":"21c1f12e-065e-4a06-aff9-8a9283b4aea4","event":"request_completed","status":403}
{"@timestamp":"2026-09-05T05:05:16.837817Z","log":{"level":"INFO","logger":"com.mimococo.marketops.shared.internal.correlation.CorrelationIdFilter"},"process":{"pid":1686,"thread":{"name":"http-nio-127.0.0.1-auto-1-exec-1"}},"service":{"name":"marketops-server","version":"0.1.0-SNAPSHOT","environment":"ci","node":{}},"message":"Request completed","ecs":{"version":"8.11"},"application":"marketops-server","environment":"ci","buildVersion":"0.1.0-SNAPSHOT","correlationId":"c4a9c420-b6d3-4d0e-9745-f4abfeaf1083","event":"request_completed","status":200}
{"@timestamp":"2026-09-05T05:05:16.853261Z","log":{"level":"INFO","logger":"com.mimococo.marketops.shared.internal.correlation.CorrelationIdFilter"},"process":{"pid":1686,"thread":{"name":"http-nio-127.0.0.1-auto-1-exec-4"}},"service":{"name":"marketops-server","version":"0.1.0-SNAPSHOT","environment":"ci","node":{}},"message":"Request completed","ecs":{"version":"8.11"},"application":"marketops-server","environment":"ci","buildVersion":"0.1.0-SNAPSHOT","correlationId":"358ffbc5-2569-4bfd-9a2a-e4122cdf2930","event":"request_completed","status":200}
{"@timestamp":"2026-09-05T05:05:16.915144Z","log":{"level":"INFO","logger":"com.mimococo.marketops.shared.internal.correlation.CorrelationIdFilter"},"process":{"pid":1686,"thread":{"name":"http-nio-127.0.0.1-auto-1-exec-3"}},"service":{"name":"marketops-server","version":"0.1.0-SNAPSHOT","environment":"ci","node":{}},"message":"Request completed","ecs":{"version":"8.11"},"application":"marketops-server","environment":"ci","buildVersion":"0.1.0-SNAPSHOT","correlationId":"0a3cff42-e7e1-4866-94bc-02461ee0a753","event":"request_completed","status":200}
{"@timestamp":"2026-09-05T05:05:16.931399Z","log":{"level":"INFO","logger":"com.mimococo.marketops.shared.internal.errors.ConsoleProblemAdvice"},"process":{"pid":1686,"thread":{"name":"http-nio-127.0.0.1-auto-1-exec-5"}},"service":{"name":"marketops-server","version":"0.1.0-SNAPSHOT","environment":"ci","node":{}},"message":"Console request refused","ecs":{"version":"8.11"},"application":"marketops-server","environment":"ci","buildVersion":"0.1.0-SNAPSHOT","correlationId":"7fda39bc-b0d9-4134-9e8e-1ce98e367622","event":"console_request_refused","errorCode":"RESOURCE_SCOPE_DENIED"}
{"@timestamp":"2026-09-05T05:05:16.932813Z","log":{"level":"INFO","logger":"com.mimococo.marketops.shared.internal.correlation.CorrelationIdFilter"},"process":{"pid":1686,"thread":{"name":"http-nio-127.0.0.1-auto-1-exec-5"}},"service":{"name":"marketops-server","version":"0.1.0-SNAPSHOT","environment":"ci","node":{}},"message":"Request completed","ecs":{"version":"8.11"},"application":"marketops-server","environment":"ci","buildVersion":"0.1.0-SNAPSHOT","correlationId":"7fda39bc-b0d9-4134-9e8e-1ce98e367622","event":"request_completed","status":403}
{"@timestamp":"2026-09-05T05:05:16.946890Z","log":{"level":"INFO","logger":"com.mimococo.marketops.shared.internal.errors.ConsoleProblemAdvice"},"process":{"pid":1686,"thread":{"name":"http-nio-127.0.0.1-auto-1-exec-6"}},"service":{"name":"marketops-server","version":"0.1.0-SNAPSHOT","environment":"ci","node":{}},"message":"Console request refused","ecs":{"version":"8.11"},"application":"marketops-server","environment":"ci","buildVersion":"0.1.0-SNAPSHOT","correlationId":"c270cb52-5d98-4a65-b893-f797818faa9a","event":"console_request_refused","errorCode":"RESOURCE_SCOPE_DENIED"}
{"@timestamp":"2026-09-05T05:05:16.948078Z","log":{"level":"INFO","logger":"com.mimococo.marketops.shared.internal.correlation.CorrelationIdFilter"},"process":{"pid":1686,"thread":{"name":"http-nio-127.0.0.1-auto-1-exec-6"}},"service":{"name":"marketops-server","version":"0.1.0-SNAPSHOT","environment":"ci","node":{}},"message":"Request completed","ecs":{"version":"8.11"},"application":"marketops-server","environment":"ci","buildVersion":"0.1.0-SNAPSHOT","correlationId":"c270cb52-5d98-4a65-b893-f797818faa9a","event":"request_completed","status":403}
{"@timestamp":"2026-09-05T05:05:16.964868Z","log":{"level":"INFO","logger":"com.mimococo.marketops.shared.internal.errors.ConsoleProblemAdvice"},"process":{"pid":1686,"thread":{"name":"http-nio-127.0.0.1-auto-1-exec-7"}},"service":{"name":"marketops-server","version":"0.1.0-SNAPSHOT","environment":"ci","node":{}},"message":"Console request refused","ecs":{"version":"8.11"},"application":"marketops-server","environment":"ci","buildVersion":"0.1.0-SNAPSHOT","correlationId":"d67b7105-520b-4226-81e7-21989591e625","event":"console_request_refused","errorCode":"RESOURCE_SCOPE_DENIED"}
{"@timestamp":"2026-09-05T05:05:16.966152Z","log":{"level":"INFO","logger":"com.mimococo.marketops.shared.internal.correlation.CorrelationIdFilter"},"process":{"pid":1686,"thread":{"name":"http-nio-127.0.0.1-auto-1-exec-7"}},"service":{"name":"marketops-server","version":"0.1.0-SNAPSHOT","environment":"ci","node":{}},"message":"Request completed","ecs":{"version":"8.11"},"application":"marketops-server","environment":"ci","buildVersion":"0.1.0-SNAPSHOT","correlationId":"d67b7105-520b-4226-81e7-21989591e625","event":"request_completed","status":403}
{"@timestamp":"2026-09-05T05:05:16.979873Z","log":{"level":"INFO","logger":"com.mimococo.marketops.adminobservability.internal.audit.JdbcMetadataAuditStore"},"process":{"pid":1686,"thread":{"name":"http-nio-127.0.0.1-auto-1-exec-8"}},"service":{"name":"marketops-server","version":"0.1.0-SNAPSHOT","environment":"ci","node":{}},"message":"Metadata change recorded","ecs":{"version":"8.11"},"application":"marketops-server","environment":"ci","buildVersion":"0.1.0-SNAPSHOT","correlationId":"251c2dce-88ff-4aba-b796-5786d9721d47","event":"metadata_change_recorded","sourceDomain":"advertisingefficiency","entityType":"advertising_reservations","entityId":"991c2adc-a687-4a67-8ecc-cff2d6843062","action":"READ","actorId":"86eac11a-7dd1-404c-8f5e-120f04c74ac2"}
{"@timestamp":"2026-09-05T05:05:16.987687Z","log":{"level":"INFO","logger":"com.mimococo.marketops.shared.internal.correlation.CorrelationIdFilter"},"process":{"pid":1686,"thread":{"name":"http-nio-127.0.0.1-auto-1-exec-8"}},"service":{"name":"marketops-server","version":"0.1.0-SNAPSHOT","environment":"ci","node":{}},"message":"Request completed","ecs":{"version":"8.11"},"application":"marketops-server","environment":"ci","buildVersion":"0.1.0-SNAPSHOT","correlationId":"251c2dce-88ff-4aba-b796-5786d9721d47","event":"request_completed","status":200}
{"@timestamp":"2026-09-05T05:05:17.012171Z","log":{"level":"INFO","logger":"com.mimococo.marketops.adminobservability.internal.audit.JdbcMetadataAuditStore"},"process":{"pid":1686,"thread":{"name":"http-nio-127.0.0.1-auto-1-exec-9"}},"service":{"name":"marketops-server","version":"0.1.0-SNAPSHOT","environment":"ci","node":{}},"message":"Metadata change recorded","ecs":{"version":"8.11"},"application":"marketops-server","environment":"ci","buildVersion":"0.1.0-SNAPSHOT","correlationId":"483efe46-5b0d-4265-804b-d3161803da10","event":"metadata_change_recorded","sourceDomain":"advertisingefficiency","entityType":"advertising_manual_packet","entityId":"8202b80b-2ccd-48ad-9a19-06d6477b4da6","action":"READ","actorId":"86eac11a-7dd1-404c-8f5e-120f04c74ac2"}
{"@timestamp":"2026-09-05T05:05:17.024651Z","log":{"level":"INFO","logger":"com.mimococo.marketops.shared.internal.correlation.CorrelationIdFilter"},"process":{"pid":1686,"thread":{"name":"http-nio-127.0.0.1-auto-1-exec-9"}},"service":{"name":"marketops-server","version":"0.1.0-SNAPSHOT","environment":"ci","node":{}},"message":"Request completed","ecs":{"version":"8.11"},"application":"marketops-server","environment":"ci","buildVersion":"0.1.0-SNAPSHOT","correlationId":"483efe46-5b0d-4265-804b-d3161803da10","event":"request_completed","status":200}
{"@timestamp":"2026-09-05T05:05:17.028598Z","log":{"level":"INFO","logger":"com.mimococo.marketops.adminobservability.internal.audit.JdbcMetadataAuditStore"},"process":{"pid":1686,"thread":{"name":"main"}},"service":{"name":"marketops-server","version":"0.1.0-SNAPSHOT","environment":"ci","node":{}},"message":"Metadata change recorded","ecs":{"version":"8.11"},"application":"marketops-server","environment":"ci","buildVersion":"0.1.0-SNAPSHOT","correlationId":"none","event":"metadata_change_recorded","sourceDomain":"identityaccess","entityType":"user-scope-grant","entityId":"f5c9a3b9-806f-45c4-8b6b-3ebdc21f9de0","action":"GRANT","actorId":"disclosure-fixture"}
{"@timestamp":"2026-09-05T05:05:17.061957Z","log":{"level":"INFO","logger":"com.mimococo.marketops.shared.internal.correlation.CorrelationIdFilter"},"process":{"pid":1686,"thread":{"name":"http-nio-127.0.0.1-auto-1-exec-10"}},"service":{"name":"marketops-server","version":"0.1.0-SNAPSHOT","environment":"ci","node":{}},"message":"Request completed","ecs":{"version":"8.11"},"application":"marketops-server","environment":"ci","buildVersion":"0.1.0-SNAPSHOT","correlationId":"3bdb4b5a-137b-4ca5-94c3-ff1491b9e56b","event":"request_completed","status":200}
{"@timestamp":"2026-09-05T05:05:17.098110Z","log":{"level":"INFO","logger":"com.mimococo.marketops.shared.internal.correlation.CorrelationIdFilter"},"process":{"pid":1686,"thread":{"name":"http-nio-127.0.0.1-auto-1-exec-2"}},"service":{"name":"marketops-server","version":"0.1.0-SNAPSHOT","environment":"ci","node":{}},"message":"Request completed","ecs":{"version":"8.11"},"application":"marketops-server","environment":"ci","buildVersion":"0.1.0-SNAPSHOT","correlationId":"fa71c36d-96dd-4cb9-bc04-8c76d28d09b7","event":"request_completed","status":200}
{"@timestamp":"2026-09-05T05:05:17.110466Z","log":{"level":"INFO","logger":"com.mimococo.marketops.shared.internal.correlation.CorrelationIdFilter"},"process":{"pid":1686,"thread":{"name":"http-nio-127.0.0.1-auto-1-exec-1"}},"service":{"name":"marketops-server","version":"0.1.0-SNAPSHOT","environment":"ci","node":{}},"message":"Request completed","ecs":{"version":"8.11"},"application":"marketops-server","environment":"ci","buildVersion":"0.1.0-SNAPSHOT","correlationId":"e4787597-4e1b-42c5-8758-aaf36f3c0625","event":"request_completed","status":200}
{"@timestamp":"2026-09-05T05:05:17.169753Z","log":{"level":"INFO","logger":"com.mimococo.marketops.shared.internal.correlation.CorrelationIdFilter"},"process":{"pid":1686,"thread":{"name":"http-nio-127.0.0.1-auto-1-exec-4"}},"service":{"name":"marketops-server","version":"0.1.0-SNAPSHOT","environment":"ci","node":{}},"message":"Request completed","ecs":{"version":"8.11"},"application":"marketops-server","environment":"ci","buildVersion":"0.1.0-SNAPSHOT","correlationId":"9d3df62b-6b04-44c8-923a-ab3cc343367d","event":"request_completed","status":200}
{"@timestamp":"2026-09-05T05:05:17.210182Z","log":{"level":"INFO","logger":"com.mimococo.marketops.adminobservability.internal.audit.JdbcMetadataAuditStore"},"process":{"pid":1686,"thread":{"name":"http-nio-127.0.0.1-auto-1-exec-3"}},"service":{"name":"marketops-server","version":"0.1.0-SNAPSHOT","environment":"ci","node":{}},"message":"Metadata change recorded","ecs":{"version":"8.11"},"application":"marketops-server","environment":"ci","buildVersion":"0.1.0-SNAPSHOT","correlationId":"0c8e2fed-2a26-4efa-8af8-4a0191e62d12","event":"metadata_change_recorded","sourceDomain":"advertisingefficiency","entityType":"advertising_command","entityId":"37a6821f-e75c-4b3a-a8c1-8a9b5c3d9863","action":"READ","actorId":"86eac11a-7dd1-404c-8f5e-120f04c74ac2"}
{"@timestamp":"2026-09-05T05:05:17.220616Z","log":{"level":"INFO","logger":"com.mimococo.marketops.shared.internal.correlation.CorrelationIdFilter"},"process":{"pid":1686,"thread":{"name":"http-nio-127.0.0.1-auto-1-exec-3"}},"service":{"name":"marketops-server","version":"0.1.0-SNAPSHOT","environment":"ci","node":{}},"message":"Request completed","ecs":{"version":"8.11"},"application":"marketops-server","environment":"ci","buildVersion":"0.1.0-SNAPSHOT","correlationId":"0c8e2fed-2a26-4efa-8af8-4a0191e62d12","event":"request_completed","status":200}
{"@timestamp":"2026-09-05T05:05:17.238649Z","log":{"level":"INFO","logger":"com.mimococo.marketops.adminobservability.internal.audit.JdbcMetadataAuditStore"},"process":{"pid":1686,"thread":{"name":"http-nio-127.0.0.1-auto-1-exec-5"}},"service":{"name":"marketops-server","version":"0.1.0-SNAPSHOT","environment":"ci","node":{}},"message":"Metadata change recorded","ecs":{"version":"8.11"},"application":"marketops-server","environment":"ci","buildVersion":"0.1.0-SNAPSHOT","correlationId":"2e3bdc87-dac2-4ea8-930c-a9adb5fd67f9","event":"metadata_change_recorded","sourceDomain":"advertisingefficiency","entityType":"advertising_outcome","entityId":"37a6821f-e75c-4b3a-a8c1-8a9b5c3d9863","action":"READ","actorId":"86eac11a-7dd1-404c-8f5e-120f04c74ac2"}
{"@timestamp":"2026-09-05T05:05:17.240368Z","log":{"level":"INFO","logger":"com.mimococo.marketops.shared.internal.correlation.CorrelationIdFilter"},"process":{"pid":1686,"thread":{"name":"http-nio-127.0.0.1-auto-1-exec-5"}},"service":{"name":"marketops-server","version":"0.1.0-SNAPSHOT","environment":"ci","node":{}},"message":"Request completed","ecs":{"version":"8.11"},"application":"marketops-server","environment":"ci","buildVersion":"0.1.0-SNAPSHOT","correlationId":"2e3bdc87-dac2-4ea8-930c-a9adb5fd67f9","event":"request_completed","status":200}
{"@timestamp":"2026-09-05T05:05:17.257741Z","log":{"level":"INFO","logger":"com.mimococo.marketops.shared.internal.correlation.CorrelationIdFilter"},"process":{"pid":1686,"thread":{"name":"http-nio-127.0.0.1-auto-1-exec-6"}},"service":{"name":"marketops-server","version":"0.1.0-SNAPSHOT","environment":"ci","node":{}},"message":"Request completed","ecs":{"version":"8.11"},"application":"marketops-server","environment":"ci","buildVersion":"0.1.0-SNAPSHOT","correlationId":"c9909975-5ca9-45de-aabf-08c145647082","event":"request_completed","status":200}
{"@timestamp":"2026-09-05T05:05:17.267658Z","log":{"level":"INFO","logger":"com.mimococo.marketops.adminobservability.internal.audit.JdbcMetadataAuditStore"},"process":{"pid":1686,"thread":{"name":"http-nio-127.0.0.1-auto-1-exec-7"}},"service":{"name":"marketops-server","version":"0.1.0-SNAPSHOT","environment":"ci","node":{}},"message":"Metadata change recorded","ecs":{"version":"8.11"},"application":"marketops-server","environment":"ci","buildVersion":"0.1.0-SNAPSHOT","correlationId":"34ffd161-1ce7-4da3-85ba-2e541c5e6a88","event":"metadata_change_recorded","sourceDomain":"advertisingefficiency","entityType":"advertising_reservations","entityId":"991c2adc-a687-4a67-8ecc-cff2d6843062","action":"READ","actorId":"86eac11a-7dd1-404c-8f5e-120f04c74ac2"}
{"@timestamp":"2026-09-05T05:05:17.278696Z","log":{"level":"INFO","logger":"com.mimococo.marketops.shared.internal.correlation.CorrelationIdFilter"},"process":{"pid":1686,"thread":{"name":"http-nio-127.0.0.1-auto-1-exec-7"}},"service":{"name":"marketops-server","version":"0.1.0-SNAPSHOT","environment":"ci","node":{}},"message":"Request completed","ecs":{"version":"8.11"},"application":"marketops-server","environment":"ci","buildVersion":"0.1.0-SNAPSHOT","correlationId":"34ffd161-1ce7-4da3-85ba-2e541c5e6a88","event":"request_completed","status":200}
{"@timestamp":"2026-09-05T05:05:17.289580Z","log":{"level":"INFO","logger":"com.mimococo.marketops.adminobservability.internal.audit.JdbcMetadataAuditStore"},"process":{"pid":1686,"thread":{"name":"http-nio-127.0.0.1-auto-1-exec-8"}},"service":{"name":"marketops-server","version":"0.1.0-SNAPSHOT","environment":"ci","node":{}},"message":"Metadata change recorded","ecs":{"version":"8.11"},"application":"marketops-server","environment":"ci","buildVersion":"0.1.0-SNAPSHOT","correlationId":"7d093ad5-1265-48b4-abba-4dc2c170080d","event":"metadata_change_recorded","sourceDomain":"advertisingefficiency","entityType":"advertising_manual_packet","entityId":"8202b80b-2ccd-48ad-9a19-06d6477b4da6","action":"READ","actorId":"86eac11a-7dd1-404c-8f5e-120f04c74ac2"}
{"@timestamp":"2026-09-05T05:05:17.315582Z","log":{"level":"INFO","logger":"com.mimococo.marketops.shared.internal.correlation.CorrelationIdFilter"},"process":{"pid":1686,"thread":{"name":"http-nio-127.0.0.1-auto-1-exec-8"}},"service":{"name":"marketops-server","version":"0.1.0-SNAPSHOT","environment":"ci","node":{}},"message":"Request completed","ecs":{"version":"8.11"},"application":"marketops-server","environment":"ci","buildVersion":"0.1.0-SNAPSHOT","correlationId":"7d093ad5-1265-48b4-abba-4dc2c170080d","event":"request_completed","status":200}
{"@timestamp":"2026-09-05T05:05:17.323386Z","log":{"level":"INFO","logger":"com.mimococo.marketops.adminobservability.internal.audit.JdbcMetadataAuditStore"},"process":{"pid":1686,"thread":{"name":"main"}},"service":{"name":"marketops-server","version":"0.1.0-SNAPSHOT","environment":"ci","node":{}},"message":"Metadata change recorded","ecs":{"version":"8.11"},"application":"marketops-server","environment":"ci","buildVersion":"0.1.0-SNAPSHOT","correlationId":"none","event":"metadata_change_recorded","sourceDomain":"identityaccess","entityType":"user-scope-grant","entityId":"f5c9a3b9-806f-45c4-8b6b-3ebdc21f9de0","action":"REVOKE","actorId":"disclosure-fixture"}
{"@timestamp":"2026-09-05T05:05:17.346672Z","log":{"level":"INFO","logger":"com.mimococo.marketops.shared.internal.errors.ConsoleProblemAdvice"},"process":{"pid":1686,"thread":{"name":"http-nio-127.0.0.1-auto-1-exec-9"}},"service":{"name":"marketops-server","version":"0.1.0-SNAPSHOT","environment":"ci","node":{}},"message":"Console request refused","ecs":{"version":"8.11"},"application":"marketops-server","environment":"ci","buildVersion":"0.1.0-SNAPSHOT","correlationId":"ea372d46-7eea-4b11-b331-eddd0e19bde0","event":"console_request_refused","errorCode":"APPROVAL_EVIDENCE_SCOPE_BLOCKED"}
{"@timestamp":"2026-09-05T05:05:17.347759Z","log":{"level":"INFO","logger":"com.mimococo.marketops.shared.internal.correlation.CorrelationIdFilter"},"process":{"pid":1686,"thread":{"name":"http-nio-127.0.0.1-auto-1-exec-9"}},"service":{"name":"marketops-server","version":"0.1.0-SNAPSHOT","environment":"ci","node":{}},"message":"Request completed","ecs":{"version":"8.11"},"application":"marketops-server","environment":"ci","buildVersion":"0.1.0-SNAPSHOT","correlationId":"ea372d46-7eea-4b11-b331-eddd0e19bde0","event":"request_completed","status":403}
{"@timestamp":"2026-09-05T05:05:17.368533Z","log":{"level":"INFO","logger":"com.mimococo.marketops.shared.internal.correlation.CorrelationIdFilter"},"process":{"pid":1686,"thread":{"name":"http-nio-127.0.0.1-auto-1-exec-10"}},"service":{"name":"marketops-server","version":"0.1.0-SNAPSHOT","environment":"ci","node":{}},"message":"Request completed","ecs":{"version":"8.11"},"application":"marketops-server","environment":"ci","buildVersion":"0.1.0-SNAPSHOT","correlationId":"fc402b26-6e97-42bb-8f28-a624cd011329","event":"request_completed","status":200}
{"@timestamp":"2026-09-05T05:05:17.430283Z","log":{"level":"INFO","logger":"com.mimococo.marketops.shared.internal.correlation.CorrelationIdFilter"},"process":{"pid":1686,"thread":{"name":"http-nio-127.0.0.1-auto-1-exec-2"}},"service":{"name":"marketops-server","version":"0.1.0-SNAPSHOT","environment":"ci","node":{}},"message":"Request completed","ecs":{"version":"8.11"},"application":"marketops-server","environment":"ci","buildVersion":"0.1.0-SNAPSHOT","correlationId":"d1b81d54-65c3-41cc-a102-9f6e741c2156","event":"request_completed","status":200}
{"@timestamp":"2026-09-05T05:05:17.461979Z","log":{"level":"INFO","logger":"com.mimococo.marketops.shared.internal.errors.ConsoleProblemAdvice"},"process":{"pid":1686,"thread":{"name":"http-nio-127.0.0.1-auto-1-exec-1"}},"service":{"name":"marketops-server","version":"0.1.0-SNAPSHOT","environment":"ci","node":{}},"message":"Console request refused","ecs":{"version":"8.11"},"application":"marketops-server","environment":"ci","buildVersion":"0.1.0-SNAPSHOT","correlationId":"5a6ede90-2a7e-4a3d-9c28-f06162d0d6ee","event":"console_request_refused","errorCode":"RESOURCE_SCOPE_DENIED"}
{"@timestamp":"2026-09-05T05:05:17.462974Z","log":{"level":"INFO","logger":"com.mimococo.marketops.shared.internal.correlation.CorrelationIdFilter"},"process":{"pid":1686,"thread":{"name":"http-nio-127.0.0.1-auto-1-exec-1"}},"service":{"name":"marketops-server","version":"0.1.0-SNAPSHOT","environment":"ci","node":{}},"message":"Request completed","ecs":{"version":"8.11"},"application":"marketops-server","environment":"ci","buildVersion":"0.1.0-SNAPSHOT","correlationId":"5a6ede90-2a7e-4a3d-9c28-f06162d0d6ee","event":"request_completed","status":403}
{"@timestamp":"2026-09-05T05:05:17.474159Z","log":{"level":"INFO","logger":"com.mimococo.marketops.adminobservability.internal.audit.JdbcMetadataAuditStore"},"process":{"pid":1686,"thread":{"name":"http-nio-127.0.0.1-auto-1-exec-4"}},"service":{"name":"marketops-server","version":"0.1.0-SNAPSHOT","environment":"ci","node":{}},"message":"Metadata change recorded","ecs":{"version":"8.11"},"application":"marketops-server","environment":"ci","buildVersion":"0.1.0-SNAPSHOT","correlationId":"5acada69-0c3b-46f7-9778-b2fc648571a2","event":"metadata_change_recorded","sourceDomain":"advertisingefficiency","entityType":"advertising_reservations","entityId":"991c2adc-a687-4a67-8ecc-cff2d6843062","action":"READ","actorId":"86eac11a-7dd1-404c-8f5e-120f04c74ac2"}
{"@timestamp":"2026-09-05T05:05:17.485762Z","log":{"level":"INFO","logger":"com.mimococo.marketops.shared.internal.correlation.CorrelationIdFilter"},"process":{"pid":1686,"thread":{"name":"http-nio-127.0.0.1-auto-1-exec-4"}},"service":{"name":"marketops-server","version":"0.1.0-SNAPSHOT","environment":"ci","node":{}},"message":"Request completed","ecs":{"version":"8.11"},"application":"marketops-server","environment":"ci","buildVersion":"0.1.0-SNAPSHOT","correlationId":"5acada69-0c3b-46f7-9778-b2fc648571a2","event":"request_completed","status":200}
{"@timestamp":"2026-09-05T05:05:17.670446Z","log":{"level":"INFO","logger":"com.mimococo.marketops.adminobservability.internal.audit.JdbcMetadataAuditStore"},"process":{"pid":1686,"thread":{"name":"main"}},"service":{"name":"marketops-server","version":"0.1.0-SNAPSHOT","environment":"ci","node":{}},"message":"Metadata change recorded","ecs":{"version":"8.11"},"application":"marketops-server","environment":"ci","buildVersion":"0.1.0-SNAPSHOT","correlationId":"none","event":"metadata_change_recorded","sourceDomain":"identityaccess","entityType":"user-role-assignment","entityId":"72e3db58-d5b4-4cea-92ca-0f8c4fc419ef","action":"GRANT","actorId":"disclosure-fixture"}
{"@timestamp":"2026-09-05T05:05:17.672983Z","log":{"level":"INFO","logger":"com.mimococo.marketops.adminobservability.internal.audit.JdbcMetadataAuditStore"},"process":{"pid":1686,"thread":{"name":"main"}},"service":{"name":"marketops-server","version":"0.1.0-SNAPSHOT","environment":"ci","node":{}},"message":"Metadata change recorded","ecs":{"version":"8.11"},"application":"marketops-server","environment":"ci","buildVersion":"0.1.0-SNAPSHOT","correlationId":"none","event":"metadata_change_recorded","sourceDomain":"identityaccess","entityType":"user-role-assignment","entityId":"db10333f-242e-4202-b50c-26c141f25e79","action":"GRANT","actorId":"disclosure-fixture"}
{"@timestamp":"2026-09-05T05:05:17.676564Z","log":{"level":"INFO","logger":"com.mimococo.marketops.adminobservability.internal.audit.JdbcMetadataAuditStore"},"process":{"pid":1686,"thread":{"name":"main"}},"service":{"name":"marketops-server","version":"0.1.0-SNAPSHOT","environment":"ci","node":{}},"message":"Metadata change recorded","ecs":{"version":"8.11"},"application":"marketops-server","environment":"ci","buildVersion":"0.1.0-SNAPSHOT","correlationId":"none","event":"metadata_change_recorded","sourceDomain":"identityaccess","entityType":"user-scope-grant","entityId":"9ec35c7f-06a3-4565-86aa-c4dd8bd92fbb","action":"GRANT","actorId":"disclosure-fixture"}
{"@timestamp":"2026-09-05T05:05:17.679732Z","log":{"level":"INFO","logger":"com.mimococo.marketops.adminobservability.internal.audit.JdbcMetadataAuditStore"},"process":{"pid":1686,"thread":{"name":"main"}},"service":{"name":"marketops-server","version":"0.1.0-SNAPSHOT","environment":"ci","node":{}},"message":"Metadata change recorded","ecs":{"version":"8.11"},"application":"marketops-server","environment":"ci","buildVersion":"0.1.0-SNAPSHOT","correlationId":"none","event":"metadata_change_recorded","sourceDomain":"identityaccess","entityType":"user-scope-grant","entityId":"a107cd82-5316-4739-88d3-d77abdbd0652","action":"GRANT","actorId":"disclosure-fixture"}
{"@timestamp":"2026-09-05T05:05:17.809817Z","log":{"level":"INFO","logger":"com.mimococo.marketops.adminobservability.internal.audit.JdbcMetadataAuditStore"},"process":{"pid":1686,"thread":{"name":"main"}},"service":{"name":"marketops-server","version":"0.1.0-SNAPSHOT","environment":"ci","node":{}},"message":"Metadata change recorded","ecs":{"version":"8.11"},"application":"marketops-server","environment":"ci","buildVersion":"0.1.0-SNAPSHOT","correlationId":"none","event":"metadata_change_recorded","sourceDomain":"identityaccess","entityType":"user-scope-grant","entityId":"3448dd9d-b2cd-48aa-a722-12227b2490ea","action":"GRANT","actorId":"unknown-disclosure-fixture"}
{"@timestamp":"2026-09-05T05:05:17.812588Z","log":{"level":"INFO","logger":"com.mimococo.marketops.adminobservability.internal.audit.JdbcMetadataAuditStore"},"process":{"pid":1686,"thread":{"name":"main"}},"service":{"name":"marketops-server","version":"0.1.0-SNAPSHOT","environment":"ci","node":{}},"message":"Metadata change recorded","ecs":{"version":"8.11"},"application":"marketops-server","environment":"ci","buildVersion":"0.1.0-SNAPSHOT","correlationId":"none","event":"metadata_change_recorded","sourceDomain":"identityaccess","entityType":"user-scope-grant","entityId":"cf589952-3d9c-403d-8587-990b578af72c","action":"GRANT","actorId":"unknown-disclosure-fixture"}
{"@timestamp":"2026-09-05T05:05:17.884032Z","log":{"level":"INFO","logger":"com.mimococo.marketops.adminobservability.internal.audit.JdbcMetadataAuditStore"},"process":{"pid":1686,"thread":{"name":"http-nio-127.0.0.1-auto-1-exec-3"}},"service":{"name":"marketops-server","version":"0.1.0-SNAPSHOT","environment":"ci","node":{}},"message":"Metadata change recorded","ecs":{"version":"8.11"},"application":"marketops-server","environment":"ci","buildVersion":"0.1.0-SNAPSHOT","correlationId":"70bedba3-6224-401e-a4ba-20e1cb316fbd","event":"metadata_change_recorded","sourceDomain":"advertisingefficiency","entityType":"advertising_case","entityId":"25d6e02a-2a4b-412c-a078-525667d4e74b","action":"READ","actorId":"21b463d8-0509-4a7a-9a29-6c0284e6e46d"}
{"@timestamp":"2026-09-05T05:05:17.897853Z","log":{"level":"INFO","logger":"com.mimococo.marketops.shared.internal.correlation.CorrelationIdFilter"},"process":{"pid":1686,"thread":{"name":"http-nio-127.0.0.1-auto-1-exec-3"}},"service":{"name":"marketops-server","version":"0.1.0-SNAPSHOT","environment":"ci","node":{}},"message":"Request completed","ecs":{"version":"8.11"},"application":"marketops-server","environment":"ci","buildVersion":"0.1.0-SNAPSHOT","correlationId":"70bedba3-6224-401e-a4ba-20e1cb316fbd","event":"request_completed","status":200}
{"@timestamp":"2026-09-05T05:05:17.914505Z","log":{"level":"INFO","logger":"com.mimococo.marketops.adminobservability.internal.audit.JdbcMetadataAuditStore"},"process":{"pid":1686,"thread":{"name":"http-nio-127.0.0.1-auto-1-exec-5"}},"service":{"name":"marketops-server","version":"0.1.0-SNAPSHOT","environment":"ci","node":{}},"message":"Metadata change recorded","ecs":{"version":"8.11"},"application":"marketops-server","environment":"ci","buildVersion":"0.1.0-SNAPSHOT","correlationId":"be5e50c8-e086-480c-b998-cee7a890e840","event":"metadata_change_recorded","sourceDomain":"advertisingefficiency","entityType":"advertising_queue","entityId":"8f530a04-b1dc-4049-ab1e-9a9c9bd1336b","action":"READ","actorId":"21b463d8-0509-4a7a-9a29-6c0284e6e46d"}
{"@timestamp":"2026-09-05T05:05:17.921415Z","log":{"level":"INFO","logger":"com.mimococo.marketops.shared.internal.correlation.CorrelationIdFilter"},"process":{"pid":1686,"thread":{"name":"http-nio-127.0.0.1-auto-1-exec-5"}},"service":{"name":"marketops-server","version":"0.1.0-SNAPSHOT","environment":"ci","node":{}},"message":"Request completed","ecs":{"version":"8.11"},"application":"marketops-server","environment":"ci","buildVersion":"0.1.0-SNAPSHOT","correlationId":"be5e50c8-e086-480c-b998-cee7a890e840","event":"request_completed","status":200}
{"@timestamp":"2026-09-05T05:05:17.931109Z","log":{"level":"INFO","logger":"com.mimococo.marketops.adminobservability.internal.audit.JdbcMetadataAuditStore"},"process":{"pid":1686,"thread":{"name":"main"}},"service":{"name":"marketops-server","version":"0.1.0-SNAPSHOT","environment":"ci","node":{}},"message":"Metadata change recorded","ecs":{"version":"8.11"},"application":"marketops-server","environment":"ci","buildVersion":"0.1.0-SNAPSHOT","correlationId":"none","event":"metadata_change_recorded","sourceDomain":"identityaccess","entityType":"user-scope-grant","entityId":"424ed091-40f0-4f93-ba53-0c85067f48dd","action":"GRANT","actorId":"unknown-disclosure-fixture"}
{"@timestamp":"2026-09-05T05:05:17.933743Z","log":{"level":"INFO","logger":"com.mimococo.marketops.adminobservability.internal.audit.JdbcMetadataAuditStore"},"process":{"pid":1686,"thread":{"name":"main"}},"service":{"name":"marketops-server","version":"0.1.0-SNAPSHOT","environment":"ci","node":{}},"message":"Metadata change recorded","ecs":{"version":"8.11"},"application":"marketops-server","environment":"ci","buildVersion":"0.1.0-SNAPSHOT","correlationId":"none","event":"metadata_change_recorded","sourceDomain":"identityaccess","entityType":"user-scope-grant","entityId":"3448dd9d-b2cd-48aa-a722-12227b2490ea","action":"REVOKE","actorId":"unknown-disclosure-fixture"}
{"@timestamp":"2026-09-05T05:05:17.945545Z","log":{"level":"INFO","logger":"com.mimococo.marketops.shared.internal.errors.ConsoleProblemAdvice"},"process":{"pid":1686,"thread":{"name":"http-nio-127.0.0.1-auto-1-exec-6"}},"service":{"name":"marketops-server","version":"0.1.0-SNAPSHOT","environment":"ci","node":{}},"message":"Console request refused","ecs":{"version":"8.11"},"application":"marketops-server","environment":"ci","buildVersion":"0.1.0-SNAPSHOT","correlationId":"b9363d53-a507-4b61-aa79-3ca18bdb5d40","event":"console_request_refused","errorCode":"RESOURCE_SCOPE_DENIED"}
{"@timestamp":"2026-09-05T05:05:17.946469Z","log":{"level":"INFO","logger":"com.mimococo.marketops.shared.internal.correlation.CorrelationIdFilter"},"process":{"pid":1686,"thread":{"name":"http-nio-127.0.0.1-auto-1-exec-6"}},"service":{"name":"marketops-server","version":"0.1.0-SNAPSHOT","environment":"ci","node":{}},"message":"Request completed","ecs":{"version":"8.11"},"application":"marketops-server","environment":"ci","buildVersion":"0.1.0-SNAPSHOT","correlationId":"b9363d53-a507-4b61-aa79-3ca18bdb5d40","event":"request_completed","status":403}
{"@timestamp":"2026-09-05T05:05:18.101241Z","log":{"level":"INFO","logger":"com.mimococo.marketops.adminobservability.internal.audit.JdbcMetadataAuditStore"},"process":{"pid":1686,"thread":{"name":"main"}},"service":{"name":"marketops-server","version":"0.1.0-SNAPSHOT","environment":"ci","node":{}},"message":"Metadata change recorded","ecs":{"version":"8.11"},"application":"marketops-server","environment":"ci","buildVersion":"0.1.0-SNAPSHOT","correlationId":"none","event":"metadata_change_recorded","sourceDomain":"identityaccess","entityType":"user-role-assignment","entityId":"eaded54d-43a9-4844-86d0-d60e862dd633","action":"GRANT","actorId":"disclosure-fixture"}
{"@timestamp":"2026-09-05T05:05:18.103635Z","log":{"level":"INFO","logger":"com.mimococo.marketops.adminobservability.internal.audit.JdbcMetadataAuditStore"},"process":{"pid":1686,"thread":{"name":"main"}},"service":{"name":"marketops-server","version":"0.1.0-SNAPSHOT","environment":"ci","node":{}},"message":"Metadata change recorded","ecs":{"version":"8.11"},"application":"marketops-server","environment":"ci","buildVersion":"0.1.0-SNAPSHOT","correlationId":"none","event":"metadata_change_recorded","sourceDomain":"identityaccess","entityType":"user-role-assignment","entityId":"d11e4ceb-2ca2-40ba-94af-0377c5e8d7de","action":"GRANT","actorId":"disclosure-fixture"}
{"@timestamp":"2026-09-05T05:05:18.106434Z","log":{"level":"INFO","logger":"com.mimococo.marketops.adminobservability.internal.audit.JdbcMetadataAuditStore"},"process":{"pid":1686,"thread":{"name":"main"}},"service":{"name":"marketops-server","version":"0.1.0-SNAPSHOT","environment":"ci","node":{}},"message":"Metadata change recorded","ecs":{"version":"8.11"},"application":"marketops-server","environment":"ci","buildVersion":"0.1.0-SNAPSHOT","correlationId":"none","event":"metadata_change_recorded","sourceDomain":"identityaccess","entityType":"user-scope-grant","entityId":"ae068905-b3f2-4aea-a66c-1538c85f54ee","action":"GRANT","actorId":"disclosure-fixture"}
{"@timestamp":"2026-09-05T05:05:18.109122Z","log":{"level":"INFO","logger":"com.mimococo.marketops.adminobservability.internal.audit.JdbcMetadataAuditStore"},"process":{"pid":1686,"thread":{"name":"main"}},"service":{"name":"marketops-server","version":"0.1.0-SNAPSHOT","environment":"ci","node":{}},"message":"Metadata change recorded","ecs":{"version":"8.11"},"application":"marketops-server","environment":"ci","buildVersion":"0.1.0-SNAPSHOT","correlationId":"none","event":"metadata_change_recorded","sourceDomain":"identityaccess","entityType":"user-scope-grant","entityId":"9e0acb5b-2400-47a5-b7c4-9fbb0d5178b3","action":"GRANT","actorId":"disclosure-fixture"}
{"@timestamp":"2026-09-05T05:05:18.131909Z","log":{"level":"INFO","logger":"com.mimococo.marketops.adminobservability.internal.audit.JdbcMetadataAuditStore"},"process":{"pid":1686,"thread":{"name":"main"}},"service":{"name":"marketops-server","version":"0.1.0-SNAPSHOT","environment":"ci","node":{}},"message":"Metadata change recorded","ecs":{"version":"8.11"},"application":"marketops-server","environment":"ci","buildVersion":"0.1.0-SNAPSHOT","correlationId":"none","event":"metadata_change_recorded","sourceDomain":"identityaccess","entityType":"user-scope-grant","entityId":"58e34ebd-c999-4aee-8745-ac66d3a72a2d","action":"GRANT","actorId":"disclosure-fixture"}
{"@timestamp":"2026-09-05T05:05:18.381179Z","log":{"level":"INFO","logger":"com.mimococo.marketops.adminobservability.internal.audit.JdbcMetadataAuditStore"},"process":{"pid":1686,"thread":{"name":"main"}},"service":{"name":"marketops-server","version":"0.1.0-SNAPSHOT","environment":"ci","node":{}},"message":"Metadata change recorded","ecs":{"version":"8.11"},"application":"marketops-server","environment":"ci","buildVersion":"0.1.0-SNAPSHOT","correlationId":"none","event":"metadata_change_recorded","sourceDomain":"identityaccess","entityType":"user-role-assignment","entityId":"6e18c375-0962-4562-ba20-981d681acf59","action":"GRANT","actorId":"disclosure-fixture"}
{"@timestamp":"2026-09-05T05:05:18.386417Z","log":{"level":"INFO","logger":"com.mimococo.marketops.adminobservability.internal.audit.JdbcMetadataAuditStore"},"process":{"pid":1686,"thread":{"name":"main"}},"service":{"name":"marketops-server","version":"0.1.0-SNAPSHOT","environment":"ci","node":{}},"message":"Metadata change recorded","ecs":{"version":"8.11"},"application":"marketops-server","environment":"ci","buildVersion":"0.1.0-SNAPSHOT","correlationId":"none","event":"metadata_change_recorded","sourceDomain":"identityaccess","entityType":"user-role-assignment","entityId":"1a0636d8-512d-4599-9564-64486c1221f1","action":"GRANT","actorId":"disclosure-fixture"}
{"@timestamp":"2026-09-05T05:05:18.391216Z","log":{"level":"INFO","logger":"com.mimococo.marketops.adminobservability.internal.audit.JdbcMetadataAuditStore"},"process":{"pid":1686,"thread":{"name":"main"}},"service":{"name":"marketops-server","version":"0.1.0-SNAPSHOT","environment":"ci","node":{}},"message":"Metadata change recorded","ecs":{"version":"8.11"},"application":"marketops-server","environment":"ci","buildVersion":"0.1.0-SNAPSHOT","correlationId":"none","event":"metadata_change_recorded","sourceDomain":"identityaccess","entityType":"user-scope-grant","entityId":"9a5f45eb-07cd-46a9-b14e-69bb654c2521","action":"GRANT","actorId":"disclosure-fixture"}
{"@timestamp":"2026-09-05T05:05:18.394367Z","log":{"level":"INFO","logger":"com.mimococo.marketops.adminobservability.internal.audit.JdbcMetadataAuditStore"},"process":{"pid":1686,"thread":{"name":"main"}},"service":{"name":"marketops-server","version":"0.1.0-SNAPSHOT","environment":"ci","node":{}},"message":"Metadata change recorded","ecs":{"version":"8.11"},"application":"marketops-server","environment":"ci","buildVersion":"0.1.0-SNAPSHOT","correlationId":"none","event":"metadata_change_recorded","sourceDomain":"identityaccess","entityType":"user-scope-grant","entityId":"fcfcc312-651f-40ae-80fd-1fc7ef1a0363","action":"GRANT","actorId":"disclosure-fixture"}
{"@timestamp":"2026-09-05T05:05:18.782247Z","log":{"level":"INFO","logger":"com.mimococo.marketops.adminobservability.internal.audit.JdbcMetadataAuditStore"},"process":{"pid":1686,"thread":{"name":"main"}},"service":{"name":"marketops-server","version":"0.1.0-SNAPSHOT","environment":"ci","node":{}},"message":"Metadata change recorded","ecs":{"version":"8.11"},"application":"marketops-server","environment":"ci","buildVersion":"0.1.0-SNAPSHOT","correlationId":"none","event":"metadata_change_recorded","sourceDomain":"identityaccess","entityType":"user-role-assignment","entityId":"30619ff0-c883-47d1-9a50-1281dab7c4fc","action":"GRANT","actorId":"disclosure-fixture"}
{"@timestamp":"2026-09-05T05:05:18.788383Z","log":{"level":"INFO","logger":"com.mimococo.marketops.adminobservability.internal.audit.JdbcMetadataAuditStore"},"process":{"pid":1686,"thread":{"name":"main"}},"service":{"name":"marketops-server","version":"0.1.0-SNAPSHOT","environment":"ci","node":{}},"message":"Metadata change recorded","ecs":{"version":"8.11"},"application":"marketops-server","environment":"ci","buildVersion":"0.1.0-SNAPSHOT","correlationId":"none","event":"metadata_change_recorded","sourceDomain":"identityaccess","entityType":"user-role-assignment","entityId":"4ca093e5-1abe-4de0-816f-0b3aa661ea9b","action":"GRANT","actorId":"disclosure-fixture"}
{"@timestamp":"2026-09-05T05:05:18.792154Z","log":{"level":"INFO","logger":"com.mimococo.marketops.adminobservability.internal.audit.JdbcMetadataAuditStore"},"process":{"pid":1686,"thread":{"name":"main"}},"service":{"name":"marketops-server","version":"0.1.0-SNAPSHOT","environment":"ci","node":{}},"message":"Metadata change recorded","ecs":{"version":"8.11"},"application":"marketops-server","environment":"ci","buildVersion":"0.1.0-SNAPSHOT","correlationId":"none","event":"metadata_change_recorded","sourceDomain":"identityaccess","entityType":"user-scope-grant","entityId":"eb13af44-bee8-411e-a187-9543e5052536","action":"GRANT","actorId":"disclosure-fixture"}
{"@timestamp":"2026-09-05T05:05:18.794916Z","log":{"level":"INFO","logger":"com.mimococo.marketops.adminobservability.internal.audit.JdbcMetadataAuditStore"},"process":{"pid":1686,"thread":{"name":"main"}},"service":{"name":"marketops-server","version":"0.1.0-SNAPSHOT","environment":"ci","node":{}},"message":"Metadata change recorded","ecs":{"version":"8.11"},"application":"marketops-server","environment":"ci","buildVersion":"0.1.0-SNAPSHOT","correlationId":"none","event":"metadata_change_recorded","sourceDomain":"identityaccess","entityType":"user-scope-grant","entityId":"250d9076-8f3f-437c-a299-5259eda2c445","action":"GRANT","actorId":"disclosure-fixture"}
{"@timestamp":"2026-09-05T05:05:18.988942Z","log":{"level":"INFO","logger":"com.mimococo.marketops.adminobservability.internal.audit.JdbcMetadataAuditStore"},"process":{"pid":1686,"thread":{"name":"main"}},"service":{"name":"marketops-server","version":"0.1.0-SNAPSHOT","environment":"ci","node":{}},"message":"Metadata change recorded","ecs":{"version":"8.11"},"application":"marketops-server","environment":"ci","buildVersion":"0.1.0-SNAPSHOT","correlationId":"none","event":"metadata_change_recorded","sourceDomain":"identityaccess","entityType":"user-role-assignment","entityId":"6747b1b0-7f36-4dde-80f6-3bae6f2c31ec","action":"GRANT","actorId":"disclosure-fixture"}
{"@timestamp":"2026-09-05T05:05:18.991490Z","log":{"level":"INFO","logger":"com.mimococo.marketops.adminobservability.internal.audit.JdbcMetadataAuditStore"},"process":{"pid":1686,"thread":{"name":"main"}},"service":{"name":"marketops-server","version":"0.1.0-SNAPSHOT","environment":"ci","node":{}},"message":"Metadata change recorded","ecs":{"version":"8.11"},"application":"marketops-server","environment":"ci","buildVersion":"0.1.0-SNAPSHOT","correlationId":"none","event":"metadata_change_recorded","sourceDomain":"identityaccess","entityType":"user-role-assignment","entityId":"5e5ef93b-fd31-4e12-8a10-03bc1bc5010e","action":"GRANT","actorId":"disclosure-fixture"}
{"@timestamp":"2026-09-05T05:05:18.996362Z","log":{"level":"INFO","logger":"com.mimococo.marketops.adminobservability.internal.audit.JdbcMetadataAuditStore"},"process":{"pid":1686,"thread":{"name":"main"}},"service":{"name":"marketops-server","version":"0.1.0-SNAPSHOT","environment":"ci","node":{}},"message":"Metadata change recorded","ecs":{"version":"8.11"},"application":"marketops-server","environment":"ci","buildVersion":"0.1.0-SNAPSHOT","correlationId":"none","event":"metadata_change_recorded","sourceDomain":"identityaccess","entityType":"user-scope-grant","entityId":"694aec1b-71d3-4f2d-93ee-5c6e13dea875","action":"GRANT","actorId":"disclosure-fixture"}
{"@timestamp":"2026-09-05T05:05:19.000147Z","log":{"level":"INFO","logger":"com.mimococo.marketops.adminobservability.internal.audit.JdbcMetadataAuditStore"},"process":{"pid":1686,"thread":{"name":"main"}},"service":{"name":"marketops-server","version":"0.1.0-SNAPSHOT","environment":"ci","node":{}},"message":"Metadata change recorded","ecs":{"version":"8.11"},"application":"marketops-server","environment":"ci","buildVersion":"0.1.0-SNAPSHOT","correlationId":"none","event":"metadata_change_recorded","sourceDomain":"identityaccess","entityType":"user-scope-grant","entityId":"a8d80be6-c0c6-40c1-ba98-309b15a09397","action":"GRANT","actorId":"disclosure-fixture"}
{"@timestamp":"2026-09-05T05:05:19.165873Z","log":{"level":"INFO","logger":"com.mimococo.marketops.adminobservability.internal.audit.JdbcMetadataAuditStore"},"process":{"pid":1686,"thread":{"name":"main"}},"service":{"name":"marketops-server","version":"0.1.0-SNAPSHOT","environment":"ci","node":{}},"message":"Metadata change recorded","ecs":{"version":"8.11"},"application":"marketops-server","environment":"ci","buildVersion":"0.1.0-SNAPSHOT","correlationId":"none","event":"metadata_change_recorded","sourceDomain":"identityaccess","entityType":"user-role-assignment","entityId":"d050278d-4222-4f81-92ba-54b7f1d47b6d","action":"GRANT","actorId":"manual-disclosure-fixture"}
{"@timestamp":"2026-09-05T05:05:19.169018Z","log":{"level":"INFO","logger":"com.mimococo.marketops.adminobservability.internal.audit.JdbcMetadataAuditStore"},"process":{"pid":1686,"thread":{"name":"main"}},"service":{"name":"marketops-server","version":"0.1.0-SNAPSHOT","environment":"ci","node":{}},"message":"Metadata change recorded","ecs":{"version":"8.11"},"application":"marketops-server","environment":"ci","buildVersion":"0.1.0-SNAPSHOT","correlationId":"none","event":"metadata_change_recorded","sourceDomain":"identityaccess","entityType":"user-scope-grant","entityId":"0cb224c4-bd93-4abc-89df-219c773c78e0","action":"GRANT","actorId":"manual-disclosure-fixture"}
{"@timestamp":"2026-09-05T05:05:19.171679Z","log":{"level":"INFO","logger":"com.mimococo.marketops.adminobservability.internal.audit.JdbcMetadataAuditStore"},"process":{"pid":1686,"thread":{"name":"main"}},"service":{"name":"marketops-server","version":"0.1.0-SNAPSHOT","environment":"ci","node":{}},"message":"Metadata change recorded","ecs":{"version":"8.11"},"application":"marketops-server","environment":"ci","buildVersion":"0.1.0-SNAPSHOT","correlationId":"none","event":"metadata_change_recorded","sourceDomain":"identityaccess","entityType":"user-scope-grant","entityId":"5cade64c-7bac-4e79-a769-3b28f63d67c7","action":"GRANT","actorId":"manual-disclosure-fixture"}
{"@timestamp":"2026-09-05T05:05:19.271186Z","log":{"level":"INFO","logger":"com.mimococo.marketops.shared.internal.correlation.CorrelationIdFilter"},"process":{"pid":1686,"thread":{"name":"http-nio-127.0.0.1-auto-1-exec-7"}},"service":{"name":"marketops-server","version":"0.1.0-SNAPSHOT","environment":"ci","node":{}},"message":"Request completed","ecs":{"version":"8.11"},"application":"marketops-server","environment":"ci","buildVersion":"0.1.0-SNAPSHOT","correlationId":"66c95a88-7808-4104-aaff-a02de1f2ff14","event":"request_completed","status":200}
{"@timestamp":"2026-09-05T05:05:19.274858Z","log":{"level":"INFO","logger":"com.mimococo.marketops.adminobservability.internal.audit.JdbcMetadataAuditStore"},"process":{"pid":1686,"thread":{"name":"main"}},"service":{"name":"marketops-server","version":"0.1.0-SNAPSHOT","environment":"ci","node":{}},"message":"Metadata change recorded","ecs":{"version":"8.11"},"application":"marketops-server","environment":"ci","buildVersion":"0.1.0-SNAPSHOT","correlationId":"none","event":"metadata_change_recorded","sourceDomain":"identityaccess","entityType":"user-scope-grant","entityId":"e805acfd-8fd5-4fbd-8d1c-6f7f25d6fb99","action":"GRANT","actorId":"manual-disclosure-fixture"}
{"@timestamp":"2026-09-05T05:05:19.298885Z","log":{"level":"INFO","logger":"com.mimococo.marketops.shared.internal.correlation.CorrelationIdFilter"},"process":{"pid":1686,"thread":{"name":"http-nio-127.0.0.1-auto-1-exec-1"}},"service":{"name":"marketops-server","version":"0.1.0-SNAPSHOT","environment":"ci","node":{}},"message":"Request completed","ecs":{"version":"8.11"},"application":"marketops-server","environment":"ci","buildVersion":"0.1.0-SNAPSHOT","correlationId":"8c561100-35f6-49cd-8bf4-bd74a1bf67ba","event":"request_completed","status":200}
{"@timestamp":"2026-09-05T05:05:19.302694Z","log":{"level":"INFO","logger":"com.mimococo.marketops.adminobservability.internal.audit.JdbcMetadataAuditStore"},"process":{"pid":1686,"thread":{"name":"main"}},"service":{"name":"marketops-server","version":"0.1.0-SNAPSHOT","environment":"ci","node":{}},"message":"Metadata change recorded","ecs":{"version":"8.11"},"application":"marketops-server","environment":"ci","buildVersion":"0.1.0-SNAPSHOT","correlationId":"none","event":"metadata_change_recorded","sourceDomain":"identityaccess","entityType":"user-scope-grant","entityId":"e805acfd-8fd5-4fbd-8d1c-6f7f25d6fb99","action":"REVOKE","actorId":"manual-disclosure-fixture"}
{"@timestamp":"2026-09-05T05:05:19.318021Z","log":{"level":"INFO","logger":"com.mimococo.marketops.shared.internal.correlation.CorrelationIdFilter"},"process":{"pid":1686,"thread":{"name":"http-nio-127.0.0.1-auto-1-exec-11"}},"service":{"name":"marketops-server","version":"0.1.0-SNAPSHOT","environment":"ci","node":{}},"message":"Request completed","ecs":{"version":"8.11"},"application":"marketops-server","environment":"ci","buildVersion":"0.1.0-SNAPSHOT","correlationId":"091f68f7-f81a-4d26-8a05-f1f61c59fffd","event":"request_completed","status":200}
{"@timestamp":"2026-09-05T05:05:19.321409Z","log":{"level":"INFO","logger":"com.mimococo.marketops.adminobservability.internal.audit.JdbcMetadataAuditStore"},"process":{"pid":1686,"thread":{"name":"main"}},"service":{"name":"marketops-server","version":"0.1.0-SNAPSHOT","environment":"ci","node":{}},"message":"Metadata change recorded","ecs":{"version":"8.11"},"application":"marketops-server","environment":"ci","buildVersion":"0.1.0-SNAPSHOT","correlationId":"none","event":"metadata_change_recorded","sourceDomain":"identityaccess","entityType":"user-scope-grant","entityId":"4cbae05c-916b-4d2e-8399-d97237c0ac1f","action":"GRANT","actorId":"manual-disclosure-fixture"}
{"@timestamp":"2026-09-05T05:05:19.360754Z","log":{"level":"INFO","logger":"com.mimococo.marketops.shared.internal.correlation.CorrelationIdFilter"},"process":{"pid":1686,"thread":{"name":"http-nio-127.0.0.1-auto-1-exec-6"}},"service":{"name":"marketops-server","version":"0.1.0-SNAPSHOT","environment":"ci","node":{}},"message":"Request completed","ecs":{"version":"8.11"},"application":"marketops-server","environment":"ci","buildVersion":"0.1.0-SNAPSHOT","correlationId":"2db6ca25-11f2-46b3-9f1d-e8a93c4c7e08","event":"request_completed","status":200}
{"@timestamp":"2026-09-05T05:05:19.585151Z","log":{"level":"INFO","logger":"com.mimococo.marketops.adminobservability.internal.audit.JdbcMetadataAuditStore"},"process":{"pid":1686,"thread":{"name":"main"}},"service":{"name":"marketops-server","version":"0.1.0-SNAPSHOT","environment":"ci","node":{}},"message":"Metadata change recorded","ecs":{"version":"8.11"},"application":"marketops-server","environment":"ci","buildVersion":"0.1.0-SNAPSHOT","correlationId":"none","event":"metadata_change_recorded","sourceDomain":"identityaccess","entityType":"user-role-assignment","entityId":"6c8db91e-f0dc-4929-bd56-4d1a9853e9fb","action":"GRANT","actorId":"disclosure-fixture"}
{"@timestamp":"2026-09-05T05:05:19.588568Z","log":{"level":"INFO","logger":"com.mimococo.marketops.adminobservability.internal.audit.JdbcMetadataAuditStore"},"process":{"pid":1686,"thread":{"name":"main"}},"service":{"name":"marketops-server","version":"0.1.0-SNAPSHOT","environment":"ci","node":{}},"message":"Metadata change recorded","ecs":{"version":"8.11"},"application":"marketops-server","environment":"ci","buildVersion":"0.1.0-SNAPSHOT","correlationId":"none","event":"metadata_change_recorded","sourceDomain":"identityaccess","entityType":"user-role-assignment","entityId":"aace147d-f7ca-4c15-a23f-0bb4b2a993f3","action":"GRANT","actorId":"disclosure-fixture"}
{"@timestamp":"2026-09-05T05:05:19.592299Z","log":{"level":"INFO","logger":"com.mimococo.marketops.adminobservability.internal.audit.JdbcMetadataAuditStore"},"process":{"pid":1686,"thread":{"name":"main"}},"service":{"name":"marketops-server","version":"0.1.0-SNAPSHOT","environment":"ci","node":{}},"message":"Metadata change recorded","ecs":{"version":"8.11"},"application":"marketops-server","environment":"ci","buildVersion":"0.1.0-SNAPSHOT","correlationId":"none","event":"metadata_change_recorded","sourceDomain":"identityaccess","entityType":"user-scope-grant","entityId":"ad0e7a73-c9c5-4d0f-ab65-b9dfeff91231","action":"GRANT","actorId":"disclosure-fixture"}
{"@timestamp":"2026-09-05T05:05:19.594873Z","log":{"level":"INFO","logger":"com.mimococo.marketops.adminobservability.internal.audit.JdbcMetadataAuditStore"},"process":{"pid":1686,"thread":{"name":"main"}},"service":{"name":"marketops-server","version":"0.1.0-SNAPSHOT","environment":"ci","node":{}},"message":"Metadata change recorded","ecs":{"version":"8.11"},"application":"marketops-server","environment":"ci","buildVersion":"0.1.0-SNAPSHOT","correlationId":"none","event":"metadata_change_recorded","sourceDomain":"identityaccess","entityType":"user-scope-grant","entityId":"66619fc2-b437-40d0-bb3c-3586bd32879a","action":"GRANT","actorId":"disclosure-fixture"}
{"@timestamp":"2026-09-05T05:05:19.616495Z","log":{"level":"INFO","logger":"com.mimococo.marketops.adminobservability.internal.audit.JdbcMetadataAuditStore"},"process":{"pid":1686,"thread":{"name":"main"}},"service":{"name":"marketops-server","version":"0.1.0-SNAPSHOT","environment":"ci","node":{}},"message":"Metadata change recorded","ecs":{"version":"8.11"},"application":"marketops-server","environment":"ci","buildVersion":"0.1.0-SNAPSHOT","correlationId":"none","event":"metadata_change_recorded","sourceDomain":"identityaccess","entityType":"user-scope-grant","entityId":"bdf9815a-d48b-4e21-9b3c-09118f9d9bd4","action":"GRANT","actorId":"disclosure-fixture"}
{"@timestamp":"2026-09-05T05:05:19.632522Z","log":{"level":"INFO","logger":"com.mimococo.marketops.adminobservability.internal.audit.JdbcMetadataAuditStore"},"process":{"pid":1686,"thread":{"name":"main"}},"service":{"name":"marketops-server","version":"0.1.0-SNAPSHOT","environment":"ci","node":{}},"message":"Metadata change recorded","ecs":{"version":"8.11"},"application":"marketops-server","environment":"ci","buildVersion":"0.1.0-SNAPSHOT","correlationId":"none","event":"metadata_change_recorded","sourceDomain":"identityaccess","entityType":"user-scope-grant","entityId":"ffb883c1-b94e-4475-a5c9-4f6403da755e","action":"GRANT","actorId":"disclosure-fixture"}
{"@timestamp":"2026-09-05T05:05:19.653038Z","log":{"level":"INFO","logger":"com.mimococo.marketops.adminobservability.internal.audit.JdbcMetadataAuditStore"},"process":{"pid":1686,"thread":{"name":"main"}},"service":{"name":"marketops-server","version":"0.1.0-SNAPSHOT","environment":"ci","node":{}},"message":"Metadata change recorded","ecs":{"version":"8.11"},"application":"marketops-server","environment":"ci","buildVersion":"0.1.0-SNAPSHOT","correlationId":"none","event":"metadata_change_recorded","sourceDomain":"identityaccess","entityType":"user-scope-grant","entityId":"ffb883c1-b94e-4475-a5c9-4f6403da755e","action":"REVOKE","actorId":"disclosure-fixture"}
{"@timestamp":"2026-09-05T05:05:19.821831Z","log":{"level":"INFO","logger":"com.mimococo.marketops.adminobservability.internal.audit.JdbcMetadataAuditStore"},"process":{"pid":1686,"thread":{"name":"main"}},"service":{"name":"marketops-server","version":"0.1.0-SNAPSHOT","environment":"ci","node":{}},"message":"Metadata change recorded","ecs":{"version":"8.11"},"application":"marketops-server","environment":"ci","buildVersion":"0.1.0-SNAPSHOT","correlationId":"none","event":"metadata_change_recorded","sourceDomain":"identityaccess","entityType":"user-role-assignment","entityId":"27c6fb5a-9545-45e0-a657-5b7ac25473d9","action":"GRANT","actorId":"disclosure-fixture"}
{"@timestamp":"2026-09-05T05:05:19.824209Z","log":{"level":"INFO","logger":"com.mimococo.marketops.adminobservability.internal.audit.JdbcMetadataAuditStore"},"process":{"pid":1686,"thread":{"name":"main"}},"service":{"name":"marketops-server","version":"0.1.0-SNAPSHOT","environment":"ci","node":{}},"message":"Metadata change recorded","ecs":{"version":"8.11"},"application":"marketops-server","environment":"ci","buildVersion":"0.1.0-SNAPSHOT","correlationId":"none","event":"metadata_change_recorded","sourceDomain":"identityaccess","entityType":"user-role-assignment","entityId":"dd1adaae-e1b2-4f9f-b205-03165d979bf6","action":"GRANT","actorId":"disclosure-fixture"}
{"@timestamp":"2026-09-05T05:05:19.826597Z","log":{"level":"INFO","logger":"com.mimococo.marketops.adminobservability.internal.audit.JdbcMetadataAuditStore"},"process":{"pid":1686,"thread":{"name":"main"}},"service":{"name":"marketops-server","version":"0.1.0-SNAPSHOT","environment":"ci","node":{}},"message":"Metadata change recorded","ecs":{"version":"8.11"},"application":"marketops-server","environment":"ci","buildVersion":"0.1.0-SNAPSHOT","correlationId":"none","event":"metadata_change_recorded","sourceDomain":"identityaccess","entityType":"user-scope-grant","entityId":"a9ac02ec-9da0-4eba-b838-8fd59288cd6b","action":"GRANT","actorId":"disclosure-fixture"}
{"@timestamp":"2026-09-05T05:05:19.829116Z","log":{"level":"INFO","logger":"com.mimococo.marketops.adminobservability.internal.audit.JdbcMetadataAuditStore"},"process":{"pid":1686,"thread":{"name":"main"}},"service":{"name":"marketops-server","version":"0.1.0-SNAPSHOT","environment":"ci","node":{}},"message":"Metadata change recorded","ecs":{"version":"8.11"},"application":"marketops-server","environment":"ci","buildVersion":"0.1.0-SNAPSHOT","correlationId":"none","event":"metadata_change_recorded","sourceDomain":"identityaccess","entityType":"user-scope-grant","entityId":"bee927a6-da98-46a2-a633-c8940e69cbd8","action":"GRANT","actorId":"disclosure-fixture"}
{"@timestamp":"2026-09-05T05:05:20.014514Z","log":{"level":"INFO","logger":"com.mimococo.marketops.adminobservability.internal.audit.JdbcMetadataAuditStore"},"process":{"pid":1686,"thread":{"name":"main"}},"service":{"name":"marketops-server","version":"0.1.0-SNAPSHOT","environment":"ci","node":{}},"message":"Metadata change recorded","ecs":{"version":"8.11"},"application":"marketops-server","environment":"ci","buildVersion":"0.1.0-SNAPSHOT","correlationId":"none","event":"metadata_change_recorded","sourceDomain":"identityaccess","entityType":"user-scope-grant","entityId":"a20445f6-27b1-4437-bd68-5cbba0af93b2","action":"GRANT","actorId":"disclosure-fixture"}
{"@timestamp":"2026-09-05T05:05:20.017612Z","log":{"level":"INFO","logger":"com.mimococo.marketops.adminobservability.internal.audit.JdbcMetadataAuditStore"},"process":{"pid":1686,"thread":{"name":"main"}},"service":{"name":"marketops-server","version":"0.1.0-SNAPSHOT","environment":"ci","node":{}},"message":"Metadata change recorded","ecs":{"version":"8.11"},"application":"marketops-server","environment":"ci","buildVersion":"0.1.0-SNAPSHOT","correlationId":"none","event":"metadata_change_recorded","sourceDomain":"identityaccess","entityType":"user-role-assignment","entityId":"0de99222-e525-4ab3-ab3e-a959ef3f316f","action":"GRANT","actorId":"disclosure-fixture"}
{"@timestamp":"2026-09-05T05:05:20.020975Z","log":{"level":"INFO","logger":"com.mimococo.marketops.adminobservability.internal.audit.JdbcMetadataAuditStore"},"process":{"pid":1686,"thread":{"name":"main"}},"service":{"name":"marketops-server","version":"0.1.0-SNAPSHOT","environment":"ci","node":{}},"message":"Metadata change recorded","ecs":{"version":"8.11"},"application":"marketops-server","environment":"ci","buildVersion":"0.1.0-SNAPSHOT","correlationId":"none","event":"metadata_change_recorded","sourceDomain":"identityaccess","entityType":"user-scope-grant","entityId":"91116ca2-744f-4416-8cf2-a06338a8e057","action":"GRANT","actorId":"disclosure-fixture"}
{"@timestamp":"2026-09-05T05:05:20.023927Z","log":{"level":"INFO","logger":"com.mimococo.marketops.adminobservability.internal.audit.JdbcMetadataAuditStore"},"process":{"pid":1686,"thread":{"name":"main"}},"service":{"name":"marketops-server","version":"0.1.0-SNAPSHOT","environment":"ci","node":{}},"message":"Metadata change recorded","ecs":{"version":"8.11"},"application":"marketops-server","environment":"ci","buildVersion":"0.1.0-SNAPSHOT","correlationId":"none","event":"metadata_change_recorded","sourceDomain":"identityaccess","entityType":"user-scope-grant","entityId":"0529c30b-fe29-462e-a07c-c8c3686cbbcf","action":"GRANT","actorId":"disclosure-fixture"}
[INFO] Tests run: 8, Failures: 0, Errors: 0, Skipped: 0, Time elapsed: 9.653 s -- in com.mimococo.marketops.AdvertisingDisclosureIT
[INFO] Running com.mimococo.marketops.architecture.ModuleBoundaryArchitectureTest
[INFO] Running Additional code-quality architecture safeguards
[INFO] Tests run: 12, Failures: 0, Errors: 0, Skipped: 0, Time elapsed: 0.372 s -- in Additional code-quality architecture safeguards
[INFO] Tests run: 0, Failures: 0, Errors: 0, Skipped: 0, Time elapsed: 3.615 s -- in com.mimococo.marketops.architecture.ModuleBoundaryArchitectureTest
[INFO] Running com.mimococo.marketops.AdvertisingHumanWorkflowIT
{"@timestamp":"2026-09-05T05:05:25.270363Z","log":{"level":"INFO","logger":"com.mimococo.marketops.AdvertisingHumanWorkflowIT"},"process":{"pid":1686,"thread":{"name":"main"}},"service":{"name":"marketops-server","version":"0.1.0-SNAPSHOT","environment":"ci","node":{}},"message":"Starting AdvertisingHumanWorkflowIT v0.1.0-SNAPSHOT using Java 21.0.10 with PID 1686 (started by chzhengx in /Users/chzhengx/Code/personal/marketops-platform/backend/marketops-server)","ecs":{"version":"8.11"},"application":"marketops-server","environment":"ci","buildVersion":"0.1.0-SNAPSHOT","correlationId":"none"}
{"@timestamp":"2026-09-05T05:05:25.271460Z","log":{"level":"INFO","logger":"com.mimococo.marketops.AdvertisingHumanWorkflowIT"},"process":{"pid":1686,"thread":{"name":"main"}},"service":{"name":"marketops-server","version":"0.1.0-SNAPSHOT","environment":"ci","node":{}},"message":"The following 1 profile is active: \"ci\"","ecs":{"version":"8.11"},"application":"marketops-server","environment":"ci","buildVersion":"0.1.0-SNAPSHOT","correlationId":"none"}
{"@timestamp":"2026-09-05T05:05:28.456545Z","log":{"level":"INFO","logger":"com.mimococo.marketops.AdvertisingHumanWorkflowIT"},"process":{"pid":1686,"thread":{"name":"main"}},"service":{"name":"marketops-server","version":"0.1.0-SNAPSHOT","environment":"ci","node":{}},"message":"Started AdvertisingHumanWorkflowIT in 3.217 seconds (process running for 40.828)","ecs":{"version":"8.11"},"application":"marketops-server","environment":"ci","buildVersion":"0.1.0-SNAPSHOT","correlationId":"none"}
{"@timestamp":"2026-09-05T05:05:29.532363Z","log":{"level":"INFO","logger":"com.mimococo.marketops.adminobservability.internal.audit.JdbcMetadataAuditStore"},"process":{"pid":1686,"thread":{"name":"main"}},"service":{"name":"marketops-server","version":"0.1.0-SNAPSHOT","environment":"ci","node":{}},"message":"Metadata change recorded","ecs":{"version":"8.11"},"application":"marketops-server","environment":"ci","buildVersion":"0.1.0-SNAPSHOT","correlationId":"none","event":"metadata_change_recorded","sourceDomain":"operationsworkflow","entityType":"recommendation","entityId":"2aee35e9-12ad-401c-8ac1-0514c3f36c6e","action":"STATUS_CHANGE","actorId":"9bf5e678-d7f7-4e67-8264-e693a66970d6"}
{"@timestamp":"2026-09-05T05:05:29.597402Z","log":{"level":"INFO","logger":"com.mimococo.marketops.adminobservability.internal.audit.JdbcMetadataAuditStore"},"process":{"pid":1686,"thread":{"name":"main"}},"service":{"name":"marketops-server","version":"0.1.0-SNAPSHOT","environment":"ci","node":{}},"message":"Metadata change recorded","ecs":{"version":"8.11"},"application":"marketops-server","environment":"ci","buildVersion":"0.1.0-SNAPSHOT","correlationId":"none","event":"metadata_change_recorded","sourceDomain":"operationsworkflow","entityType":"recommendation","entityId":"2aee35e9-12ad-401c-8ac1-0514c3f36c6e","action":"STATUS_CHANGE","actorId":"5391f327-99ed-44cc-94ed-2bcaaf5d8e83"}
{"@timestamp":"2026-09-05T05:05:30.070641Z","log":{"level":"INFO","logger":"com.mimococo.marketops.adminobservability.internal.audit.JdbcMetadataAuditStore"},"process":{"pid":1686,"thread":{"name":"main"}},"service":{"name":"marketops-server","version":"0.1.0-SNAPSHOT","environment":"ci","node":{}},"message":"Metadata change recorded","ecs":{"version":"8.11"},"application":"marketops-server","environment":"ci","buildVersion":"0.1.0-SNAPSHOT","correlationId":"none","event":"metadata_change_recorded","sourceDomain":"operationsworkflow","entityType":"recommendation","entityId":"5dccfa42-e228-42aa-8cb9-a2f07e591473","action":"STATUS_CHANGE","actorId":"e148ca88-919b-4577-bb7c-6e6805f55d70"}
{"@timestamp":"2026-09-05T05:05:30.131053Z","log":{"level":"INFO","logger":"com.mimococo.marketops.adminobservability.internal.audit.JdbcMetadataAuditStore"},"process":{"pid":1686,"thread":{"name":"main"}},"service":{"name":"marketops-server","version":"0.1.0-SNAPSHOT","environment":"ci","node":{}},"message":"Metadata change recorded","ecs":{"version":"8.11"},"application":"marketops-server","environment":"ci","buildVersion":"0.1.0-SNAPSHOT","correlationId":"none","event":"metadata_change_recorded","sourceDomain":"operationsworkflow","entityType":"recommendation","entityId":"5dccfa42-e228-42aa-8cb9-a2f07e591473","action":"STATUS_CHANGE","actorId":"725c1df9-b347-4fe7-b652-ac5d2b21b4a9"}
{"@timestamp":"2026-09-05T05:05:31.318477Z","log":{"level":"INFO","logger":"com.mimococo.marketops.adminobservability.internal.audit.JdbcMetadataAuditStore"},"process":{"pid":1686,"thread":{"name":"main"}},"service":{"name":"marketops-server","version":"0.1.0-SNAPSHOT","environment":"ci","node":{}},"message":"Metadata change recorded","ecs":{"version":"8.11"},"application":"marketops-server","environment":"ci","buildVersion":"0.1.0-SNAPSHOT","correlationId":"none","event":"metadata_change_recorded","sourceDomain":"operationsworkflow","entityType":"recommendation","entityId":"0502f7db-01de-4f9a-950e-8f390355fdde","action":"STATUS_CHANGE","actorId":"3ec03540-4d4b-46cc-b0b6-83ab6bea843e"}
{"@timestamp":"2026-09-05T05:05:31.416054Z","log":{"level":"INFO","logger":"com.mimococo.marketops.adminobservability.internal.audit.JdbcMetadataAuditStore"},"process":{"pid":1686,"thread":{"name":"main"}},"service":{"name":"marketops-server","version":"0.1.0-SNAPSHOT","environment":"ci","node":{}},"message":"Metadata change recorded","ecs":{"version":"8.11"},"application":"marketops-server","environment":"ci","buildVersion":"0.1.0-SNAPSHOT","correlationId":"none","event":"metadata_change_recorded","sourceDomain":"operationsworkflow","entityType":"recommendation","entityId":"0502f7db-01de-4f9a-950e-8f390355fdde","action":"STATUS_CHANGE","actorId":"55d1fca7-9ee2-40ca-99b4-1b66cbfa447d"}
{"@timestamp":"2026-09-05T05:05:31.526581Z","log":{"level":"INFO","logger":"com.mimococo.marketops.adminobservability.internal.audit.JdbcMetadataAuditStore"},"process":{"pid":1686,"thread":{"name":"main"}},"service":{"name":"marketops-server","version":"0.1.0-SNAPSHOT","environment":"ci","node":{}},"message":"Metadata change recorded","ecs":{"version":"8.11"},"application":"marketops-server","environment":"ci","buildVersion":"0.1.0-SNAPSHOT","correlationId":"none","event":"metadata_change_recorded","sourceDomain":"operationsworkflow","entityType":"approval-decision","entityId":"0d1168cd-4f88-4b71-af05-2025191b731d","action":"APPROVAL_DECISION","actorId":"d5d2ae62-2ebf-4320-bfa0-127ef9dc1026"}
{"@timestamp":"2026-09-05T05:05:31.529123Z","log":{"level":"INFO","logger":"com.mimococo.marketops.adminobservability.internal.audit.JdbcMetadataAuditStore"},"process":{"pid":1686,"thread":{"name":"main"}},"service":{"name":"marketops-server","version":"0.1.0-SNAPSHOT","environment":"ci","node":{}},"message":"Metadata change recorded","ecs":{"version":"8.11"},"application":"marketops-server","environment":"ci","buildVersion":"0.1.0-SNAPSHOT","correlationId":"none","event":"metadata_change_recorded","sourceDomain":"operationsworkflow","entityType":"recommendation","entityId":"0502f7db-01de-4f9a-950e-8f390355fdde","action":"STATUS_CHANGE","actorId":"d5d2ae62-2ebf-4320-bfa0-127ef9dc1026"}
{"@timestamp":"2026-09-05T05:05:31.627097Z","log":{"level":"INFO","logger":"com.mimococo.marketops.adminobservability.internal.audit.JdbcMetadataAuditStore"},"process":{"pid":1686,"thread":{"name":"main"}},"service":{"name":"marketops-server","version":"0.1.0-SNAPSHOT","environment":"ci","node":{}},"message":"Metadata change recorded","ecs":{"version":"8.11"},"application":"marketops-server","environment":"ci","buildVersion":"0.1.0-SNAPSHOT","correlationId":"none","event":"metadata_change_recorded","sourceDomain":"operationsworkflow","entityType":"recommendation","entityId":"0502f7db-01de-4f9a-950e-8f390355fdde","action":"STATUS_CHANGE","actorId":"d5d2ae62-2ebf-4320-bfa0-127ef9dc1026"}
{"@timestamp":"2026-09-05T05:05:31.628064Z","log":{"level":"INFO","logger":"com.mimococo.marketops.adminobservability.internal.audit.JdbcMetadataAuditStore"},"process":{"pid":1686,"thread":{"name":"main"}},"service":{"name":"marketops-server","version":"0.1.0-SNAPSHOT","environment":"ci","node":{}},"message":"Metadata change recorded","ecs":{"version":"8.11"},"application":"marketops-server","environment":"ci","buildVersion":"0.1.0-SNAPSHOT","correlationId":"none","event":"metadata_change_recorded","sourceDomain":"operationsworkflow","entityType":"recommendation","entityId":"0502f7db-01de-4f9a-950e-8f390355fdde","action":"COMMAND_TRANSITION","actorId":"d5d2ae62-2ebf-4320-bfa0-127ef9dc1026"}
{"@timestamp":"2026-09-05T05:05:32.450362Z","log":{"level":"INFO","logger":"com.mimococo.marketops.adminobservability.internal.audit.JdbcMetadataAuditStore"},"process":{"pid":1686,"thread":{"name":"main"}},"service":{"name":"marketops-server","version":"0.1.0-SNAPSHOT","environment":"ci","node":{}},"message":"Metadata change recorded","ecs":{"version":"8.11"},"application":"marketops-server","environment":"ci","buildVersion":"0.1.0-SNAPSHOT","correlationId":"none","event":"metadata_change_recorded","sourceDomain":"operationsworkflow","entityType":"recommendation","entityId":"140abb1f-143e-40f7-96ee-7152bb438a76","action":"STATUS_CHANGE","actorId":"e87cbf37-f67a-426a-a259-4f1eaaf0189c"}
{"@timestamp":"2026-09-05T05:05:32.504746Z","log":{"level":"INFO","logger":"com.mimococo.marketops.adminobservability.internal.audit.JdbcMetadataAuditStore"},"process":{"pid":1686,"thread":{"name":"main"}},"service":{"name":"marketops-server","version":"0.1.0-SNAPSHOT","environment":"ci","node":{}},"message":"Metadata change recorded","ecs":{"version":"8.11"},"application":"marketops-server","environment":"ci","buildVersion":"0.1.0-SNAPSHOT","correlationId":"none","event":"metadata_change_recorded","sourceDomain":"operationsworkflow","entityType":"recommendation","entityId":"140abb1f-143e-40f7-96ee-7152bb438a76","action":"STATUS_CHANGE","actorId":"c77cce7c-cb9d-4bf4-9811-db45367e0efe"}
{"@timestamp":"2026-09-05T05:05:32.920814Z","log":{"level":"INFO","logger":"com.mimococo.marketops.adminobservability.internal.audit.JdbcMetadataAuditStore"},"process":{"pid":1686,"thread":{"name":"main"}},"service":{"name":"marketops-server","version":"0.1.0-SNAPSHOT","environment":"ci","node":{}},"message":"Metadata change recorded","ecs":{"version":"8.11"},"application":"marketops-server","environment":"ci","buildVersion":"0.1.0-SNAPSHOT","correlationId":"none","event":"metadata_change_recorded","sourceDomain":"operationsworkflow","entityType":"recommendation","entityId":"a0f48236-b252-46f9-a13e-295892c1bd66","action":"STATUS_CHANGE","actorId":"d9eca0d0-2177-42d3-843c-331445caeb1b"}
{"@timestamp":"2026-09-05T05:05:34.733809Z","log":{"level":"INFO","logger":"com.mimococo.marketops.adminobservability.internal.audit.JdbcMetadataAuditStore"},"process":{"pid":1686,"thread":{"name":"main"}},"service":{"name":"marketops-server","version":"0.1.0-SNAPSHOT","environment":"ci","node":{}},"message":"Metadata change recorded","ecs":{"version":"8.11"},"application":"marketops-server","environment":"ci","buildVersion":"0.1.0-SNAPSHOT","correlationId":"none","event":"metadata_change_recorded","sourceDomain":"operationsworkflow","entityType":"recommendation","entityId":"64ccc2a7-e7b5-4fd5-ab16-ecbd74c42565","action":"STATUS_CHANGE","actorId":"e70a9773-5570-4105-9013-7f9bb2ba9cf3"}
{"@timestamp":"2026-09-05T05:05:34.787724Z","log":{"level":"INFO","logger":"com.mimococo.marketops.adminobservability.internal.audit.JdbcMetadataAuditStore"},"process":{"pid":1686,"thread":{"name":"main"}},"service":{"name":"marketops-server","version":"0.1.0-SNAPSHOT","environment":"ci","node":{}},"message":"Metadata change recorded","ecs":{"version":"8.11"},"application":"marketops-server","environment":"ci","buildVersion":"0.1.0-SNAPSHOT","correlationId":"none","event":"metadata_change_recorded","sourceDomain":"operationsworkflow","entityType":"recommendation","entityId":"64ccc2a7-e7b5-4fd5-ab16-ecbd74c42565","action":"STATUS_CHANGE","actorId":"acef1ccd-4b1f-4232-b7fe-dc2ba107f189"}
{"@timestamp":"2026-09-05T05:05:34.849569Z","log":{"level":"INFO","logger":"com.mimococo.marketops.adminobservability.internal.audit.JdbcMetadataAuditStore"},"process":{"pid":1686,"thread":{"name":"main"}},"service":{"name":"marketops-server","version":"0.1.0-SNAPSHOT","environment":"ci","node":{}},"message":"Metadata change recorded","ecs":{"version":"8.11"},"application":"marketops-server","environment":"ci","buildVersion":"0.1.0-SNAPSHOT","correlationId":"none","event":"metadata_change_recorded","sourceDomain":"operationsworkflow","entityType":"approval-decision","entityId":"2f6312e6-b4a6-4422-a234-c646ef5a90e5","action":"APPROVAL_DECISION","actorId":"f78791e6-395c-4384-9377-85848ab3d547"}
{"@timestamp":"2026-09-05T05:05:34.852087Z","log":{"level":"INFO","logger":"com.mimococo.marketops.adminobservability.internal.audit.JdbcMetadataAuditStore"},"process":{"pid":1686,"thread":{"name":"main"}},"service":{"name":"marketops-server","version":"0.1.0-SNAPSHOT","environment":"ci","node":{}},"message":"Metadata change recorded","ecs":{"version":"8.11"},"application":"marketops-server","environment":"ci","buildVersion":"0.1.0-SNAPSHOT","correlationId":"none","event":"metadata_change_recorded","sourceDomain":"operationsworkflow","entityType":"recommendation","entityId":"64ccc2a7-e7b5-4fd5-ab16-ecbd74c42565","action":"STATUS_CHANGE","actorId":"f78791e6-395c-4384-9377-85848ab3d547"}
{"@timestamp":"2026-09-05T05:05:40.317868Z","log":{"level":"INFO","logger":"com.mimococo.marketops.adminobservability.internal.audit.JdbcMetadataAuditStore"},"process":{"pid":1686,"thread":{"name":"main"}},"service":{"name":"marketops-server","version":"0.1.0-SNAPSHOT","environment":"ci","node":{}},"message":"Metadata change recorded","ecs":{"version":"8.11"},"application":"marketops-server","environment":"ci","buildVersion":"0.1.0-SNAPSHOT","correlationId":"none","event":"metadata_change_recorded","sourceDomain":"operationsworkflow","entityType":"recommendation","entityId":"3298714e-5b08-469f-8278-c459ffd8cd93","action":"STATUS_CHANGE","actorId":"f8edc7cd-6a19-42ee-b09a-ff87e1b57a46"}
{"@timestamp":"2026-09-05T05:05:40.398660Z","log":{"level":"INFO","logger":"com.mimococo.marketops.adminobservability.internal.audit.JdbcMetadataAuditStore"},"process":{"pid":1686,"thread":{"name":"main"}},"service":{"name":"marketops-server","version":"0.1.0-SNAPSHOT","environment":"ci","node":{}},"message":"Metadata change recorded","ecs":{"version":"8.11"},"application":"marketops-server","environment":"ci","buildVersion":"0.1.0-SNAPSHOT","correlationId":"none","event":"metadata_change_recorded","sourceDomain":"operationsworkflow","entityType":"recommendation","entityId":"3298714e-5b08-469f-8278-c459ffd8cd93","action":"STATUS_CHANGE","actorId":"602b0753-a76b-44a4-9752-6dda2750721e"}
{"@timestamp":"2026-09-05T05:05:40.784612Z","log":{"level":"INFO","logger":"com.mimococo.marketops.adminobservability.internal.audit.JdbcMetadataAuditStore"},"process":{"pid":1686,"thread":{"name":"main"}},"service":{"name":"marketops-server","version":"0.1.0-SNAPSHOT","environment":"ci","node":{}},"message":"Metadata change recorded","ecs":{"version":"8.11"},"application":"marketops-server","environment":"ci","buildVersion":"0.1.0-SNAPSHOT","correlationId":"none","event":"metadata_change_recorded","sourceDomain":"operationsworkflow","entityType":"recommendation","entityId":"9f113fca-6246-498f-918c-218691b11bf7","action":"STATUS_CHANGE","actorId":"be5ba1e2-d439-4067-b71b-94df1ac0c95f"}
{"@timestamp":"2026-09-05T05:05:40.838068Z","log":{"level":"INFO","logger":"com.mimococo.marketops.adminobservability.internal.audit.JdbcMetadataAuditStore"},"process":{"pid":1686,"thread":{"name":"main"}},"service":{"name":"marketops-server","version":"0.1.0-SNAPSHOT","environment":"ci","node":{}},"message":"Metadata change recorded","ecs":{"version":"8.11"},"application":"marketops-server","environment":"ci","buildVersion":"0.1.0-SNAPSHOT","correlationId":"none","event":"metadata_change_recorded","sourceDomain":"operationsworkflow","entityType":"recommendation","entityId":"9f113fca-6246-498f-918c-218691b11bf7","action":"STATUS_CHANGE","actorId":"aede9fac-fd43-459b-9a05-cc4cebd458d7"}
{"@timestamp":"2026-09-05T05:05:40.888967Z","log":{"level":"INFO","logger":"com.mimococo.marketops.adminobservability.internal.audit.JdbcMetadataAuditStore"},"process":{"pid":1686,"thread":{"name":"main"}},"service":{"name":"marketops-server","version":"0.1.0-SNAPSHOT","environment":"ci","node":{}},"message":"Metadata change recorded","ecs":{"version":"8.11"},"application":"marketops-server","environment":"ci","buildVersion":"0.1.0-SNAPSHOT","correlationId":"none","event":"metadata_change_recorded","sourceDomain":"operationsworkflow","entityType":"approval-decision","entityId":"8b0fcf8a-1956-424c-a59c-a80d09932cfa","action":"APPROVAL_DECISION","actorId":"3de02727-123d-42da-bd7e-18f17b1e8f2d"}
{"@timestamp":"2026-09-05T05:05:40.891205Z","log":{"level":"INFO","logger":"com.mimococo.marketops.adminobservability.internal.audit.JdbcMetadataAuditStore"},"process":{"pid":1686,"thread":{"name":"main"}},"service":{"name":"marketops-server","version":"0.1.0-SNAPSHOT","environment":"ci","node":{}},"message":"Metadata change recorded","ecs":{"version":"8.11"},"application":"marketops-server","environment":"ci","buildVersion":"0.1.0-SNAPSHOT","correlationId":"none","event":"metadata_change_recorded","sourceDomain":"operationsworkflow","entityType":"recommendation","entityId":"9f113fca-6246-498f-918c-218691b11bf7","action":"STATUS_CHANGE","actorId":"3de02727-123d-42da-bd7e-18f17b1e8f2d"}
{"@timestamp":"2026-09-05T05:05:42.662742Z","log":{"level":"INFO","logger":"com.mimococo.marketops.adminobservability.internal.audit.JdbcMetadataAuditStore"},"process":{"pid":1686,"thread":{"name":"main"}},"service":{"name":"marketops-server","version":"0.1.0-SNAPSHOT","environment":"ci","node":{}},"message":"Metadata change recorded","ecs":{"version":"8.11"},"application":"marketops-server","environment":"ci","buildVersion":"0.1.0-SNAPSHOT","correlationId":"none","event":"metadata_change_recorded","sourceDomain":"operationsworkflow","entityType":"recommendation","entityId":"d23690c2-e267-4bcf-aa8f-2d2aca59d9b8","action":"CREATE","actorId":"finite-choice-runtime"}
{"@timestamp":"2026-09-05T05:05:42.670077Z","log":{"level":"INFO","logger":"com.mimococo.marketops.adminobservability.internal.audit.JdbcMetadataAuditStore"},"process":{"pid":1686,"thread":{"name":"main"}},"service":{"name":"marketops-server","version":"0.1.0-SNAPSHOT","environment":"ci","node":{}},"message":"Metadata change recorded","ecs":{"version":"8.11"},"application":"marketops-server","environment":"ci","buildVersion":"0.1.0-SNAPSHOT","correlationId":"none","event":"metadata_change_recorded","sourceDomain":"operationsworkflow","entityType":"recommendation","entityId":"708af73b-a078-4ac0-b1dc-55f2d743ae86","action":"CREATE","actorId":"finite-choice-runtime"}
{"@timestamp":"2026-09-05T05:05:42.674592Z","log":{"level":"INFO","logger":"com.mimococo.marketops.adminobservability.internal.audit.JdbcMetadataAuditStore"},"process":{"pid":1686,"thread":{"name":"main"}},"service":{"name":"marketops-server","version":"0.1.0-SNAPSHOT","environment":"ci","node":{}},"message":"Metadata change recorded","ecs":{"version":"8.11"},"application":"marketops-server","environment":"ci","buildVersion":"0.1.0-SNAPSHOT","correlationId":"none","event":"metadata_change_recorded","sourceDomain":"operationsworkflow","entityType":"recommendation","entityId":"53cfab14-b3fe-4027-b8be-307693d86fe6","action":"CREATE","actorId":"finite-choice-runtime"}
[INFO] Tests run: 16, Failures: 0, Errors: 0, Skipped: 0, Time elapsed: 19.04 s -- in com.mimococo.marketops.AdvertisingHumanWorkflowIT
[INFO] Running com.mimococo.marketops.advertisingefficiency.internal.application.AdvertisingEfficiencyFlowIT
{"@timestamp":"2026-09-05T05:05:44.399425Z","log":{"level":"INFO","logger":"com.mimococo.marketops.advertisingefficiency.internal.application.AdvertisingEfficiencyFlowIT"},"process":{"pid":1686,"thread":{"name":"main"}},"service":{"name":"marketops-server","version":"0.1.0-SNAPSHOT","environment":"ci","node":{}},"message":"Starting AdvertisingEfficiencyFlowIT v0.1.0-SNAPSHOT using Java 21.0.10 with PID 1686 (started by chzhengx in /Users/chzhengx/Code/personal/marketops-platform/backend/marketops-server)","ecs":{"version":"8.11"},"application":"marketops-server","environment":"ci","buildVersion":"0.1.0-SNAPSHOT","correlationId":"none"}
{"@timestamp":"2026-09-05T05:05:44.400404Z","log":{"level":"INFO","logger":"com.mimococo.marketops.advertisingefficiency.internal.application.AdvertisingEfficiencyFlowIT"},"process":{"pid":1686,"thread":{"name":"main"}},"service":{"name":"marketops-server","version":"0.1.0-SNAPSHOT","environment":"ci","node":{}},"message":"The following 1 profile is active: \"ci\"","ecs":{"version":"8.11"},"application":"marketops-server","environment":"ci","buildVersion":"0.1.0-SNAPSHOT","correlationId":"none"}
{"@timestamp":"2026-09-05T05:05:48.416282Z","log":{"level":"INFO","logger":"com.mimococo.marketops.advertisingefficiency.internal.application.AdvertisingEfficiencyFlowIT"},"process":{"pid":1686,"thread":{"name":"main"}},"service":{"name":"marketops-server","version":"0.1.0-SNAPSHOT","environment":"ci","node":{}},"message":"Started AdvertisingEfficiencyFlowIT in 4.062 seconds (process running for 60.788)","ecs":{"version":"8.11"},"application":"marketops-server","environment":"ci","buildVersion":"0.1.0-SNAPSHOT","correlationId":"none"}
[ERROR] Tests run: 24, Failures: 4, Errors: 0, Skipped: 0, Time elapsed: 7.805 s <<< FAILURE! -- in com.mimococo.marketops.advertisingefficiency.internal.application.AdvertisingEfficiencyFlowIT
[ERROR] com.mimococo.marketops.advertisingefficiency.internal.application.AdvertisingEfficiencyFlowIT.theTargetedWorkerDrainsAndMeasures -- Time elapsed: 0.015 s <<< FAILURE!
org.opentest4j.AssertionFailedError: 

expected: CREATED
 but was: SUPPRESSED
	at com.mimococo.marketops.advertisingefficiency.internal.application.AdvertisingEfficiencyFlowIT.theTargetedWorkerDrainsAndMeasures(AdvertisingEfficiencyFlowIT.java:397)

[ERROR] com.mimococo.marketops.advertisingefficiency.internal.application.AdvertisingEfficiencyFlowIT.twoWorkersCannotHoldTheSameRequest -- Time elapsed: 0.006 s <<< FAILURE!
java.lang.AssertionError: 

Expected size: 1 but was: 0 in:
[]
	at com.mimococo.marketops.advertisingefficiency.internal.application.AdvertisingEfficiencyFlowIT.twoWorkersCannotHoldTheSameRequest(AdvertisingEfficiencyFlowIT.java:517)

[ERROR] com.mimococo.marketops.advertisingefficiency.internal.application.AdvertisingEfficiencyFlowIT.anExpiredLeaseIsReclaimed -- Time elapsed: 0.005 s <<< FAILURE!
java.lang.AssertionError: 

Expected size: 1 but was: 0 in:
[]
	at com.mimococo.marketops.advertisingefficiency.internal.application.AdvertisingEfficiencyFlowIT.anExpiredLeaseIsReclaimed(AdvertisingEfficiencyFlowIT.java:534)

[ERROR] com.mimococo.marketops.advertisingefficiency.internal.application.AdvertisingEfficiencyFlowIT.asecondFactForTheSameObjectCoalesces -- Time elapsed: 0.004 s <<< FAILURE!
org.opentest4j.AssertionFailedError: 

expected: CREATED
 but was: SUPPRESSED
	at com.mimococo.marketops.advertisingefficiency.internal.application.AdvertisingEfficiencyFlowIT.asecondFactForTheSameObjectCoalesces(AdvertisingEfficiencyFlowIT.java:557)

[INFO] Running com.mimococo.marketops.advertisingefficiency.internal.application.AdvertisingCanonicalFactsIT
{"@timestamp":"2026-09-05T05:05:52.154031Z","log":{"level":"INFO","logger":"com.mimococo.marketops.advertisingefficiency.internal.application.AdvertisingCanonicalFactsIT"},"process":{"pid":1686,"thread":{"name":"main"}},"service":{"name":"marketops-server","version":"0.1.0-SNAPSHOT","environment":"ci","node":{}},"message":"Starting AdvertisingCanonicalFactsIT v0.1.0-SNAPSHOT using Java 21.0.10 with PID 1686 (started by chzhengx in /Users/chzhengx/Code/personal/marketops-platform/backend/marketops-server)","ecs":{"version":"8.11"},"application":"marketops-server","environment":"ci","buildVersion":"0.1.0-SNAPSHOT","correlationId":"none"}
{"@timestamp":"2026-09-05T05:05:52.155069Z","log":{"level":"INFO","logger":"com.mimococo.marketops.advertisingefficiency.internal.application.AdvertisingCanonicalFactsIT"},"process":{"pid":1686,"thread":{"name":"main"}},"service":{"name":"marketops-server","version":"0.1.0-SNAPSHOT","environment":"ci","node":{}},"message":"The following 1 profile is active: \"ci\"","ecs":{"version":"8.11"},"application":"marketops-server","environment":"ci","buildVersion":"0.1.0-SNAPSHOT","correlationId":"none"}
{"@timestamp":"2026-09-05T05:05:55.448295Z","log":{"level":"INFO","logger":"com.mimococo.marketops.advertisingefficiency.internal.application.AdvertisingCanonicalFactsIT"},"process":{"pid":1686,"thread":{"name":"main"}},"service":{"name":"marketops-server","version":"0.1.0-SNAPSHOT","environment":"ci","node":{}},"message":"Started AdvertisingCanonicalFactsIT in 3.335 seconds (process running for 67.82)","ecs":{"version":"8.11"},"application":"marketops-server","environment":"ci","buildVersion":"0.1.0-SNAPSHOT","correlationId":"none"}
[INFO] Tests run: 11, Failures: 0, Errors: 0, Skipped: 0, Time elapsed: 7.658 s -- in com.mimococo.marketops.advertisingefficiency.internal.application.AdvertisingCanonicalFactsIT
[INFO] Running com.mimococo.marketops.operationsworkflow.internal.application.WorkTaskJournalIT
{"@timestamp":"2026-09-05T05:06:00.097539Z","log":{"level":"INFO","logger":"com.mimococo.marketops.operationsworkflow.internal.application.WorkTaskJournalIT"},"process":{"pid":1686,"thread":{"name":"main"}},"service":{"name":"marketops-server","version":"0.1.0-SNAPSHOT","environment":"ci","node":{}},"message":"Starting WorkTaskJournalIT v0.1.0-SNAPSHOT using Java 21.0.10 with PID 1686 (started by chzhengx in /Users/chzhengx/Code/personal/marketops-platform/backend/marketops-server)","ecs":{"version":"8.11"},"application":"marketops-server","environment":"ci","buildVersion":"0.1.0-SNAPSHOT","correlationId":"none"}
{"@timestamp":"2026-09-05T05:06:00.101616Z","log":{"level":"INFO","logger":"com.mimococo.marketops.operationsworkflow.internal.application.WorkTaskJournalIT"},"process":{"pid":1686,"thread":{"name":"main"}},"service":{"name":"marketops-server","version":"0.1.0-SNAPSHOT","environment":"ci","node":{}},"message":"The following 1 profile is active: \"ci\"","ecs":{"version":"8.11"},"application":"marketops-server","environment":"ci","buildVersion":"0.1.0-SNAPSHOT","correlationId":"none"}
{"@timestamp":"2026-09-05T05:06:03.900259Z","log":{"level":"INFO","logger":"com.mimococo.marketops.operationsworkflow.internal.application.WorkTaskJournalIT"},"process":{"pid":1686,"thread":{"name":"main"}},"service":{"name":"marketops-server","version":"0.1.0-SNAPSHOT","environment":"ci","node":{}},"message":"Started WorkTaskJournalIT in 3.853 seconds (process running for 76.272)","ecs":{"version":"8.11"},"application":"marketops-server","environment":"ci","buildVersion":"0.1.0-SNAPSHOT","correlationId":"none"}
{"@timestamp":"2026-09-05T05:06:04.389129Z","log":{"level":"INFO","logger":"com.mimococo.marketops.adminobservability.internal.audit.JdbcMetadataAuditStore"},"process":{"pid":1686,"thread":{"name":"main"}},"service":{"name":"marketops-server","version":"0.1.0-SNAPSHOT","environment":"ci","node":{}},"message":"Metadata change recorded","ecs":{"version":"8.11"},"application":"marketops-server","environment":"ci","buildVersion":"0.1.0-SNAPSHOT","correlationId":"none","event":"metadata_change_recorded","sourceDomain":"operationsworkflow","entityType":"work-task","entityId":"2a29d77c-b100-4aa0-9a5f-c7d43ee2e16c","action":"UPDATE","actorId":"7284aed7-aebe-4ce1-99ad-f12be6e6f855"}
{"@timestamp":"2026-09-05T05:06:04.399072Z","log":{"level":"INFO","logger":"com.mimococo.marketops.adminobservability.internal.audit.JdbcMetadataAuditStore"},"process":{"pid":1686,"thread":{"name":"main"}},"service":{"name":"marketops-server","version":"0.1.0-SNAPSHOT","environment":"ci","node":{}},"message":"Metadata change recorded","ecs":{"version":"8.11"},"application":"marketops-server","environment":"ci","buildVersion":"0.1.0-SNAPSHOT","correlationId":"none","event":"metadata_change_recorded","sourceDomain":"operationsworkflow","entityType":"work-task","entityId":"2a29d77c-b100-4aa0-9a5f-c7d43ee2e16c","action":"UPDATE","actorId":"7284aed7-aebe-4ce1-99ad-f12be6e6f855"}
[INFO] Tests run: 7, Failures: 0, Errors: 0, Skipped: 0, Time elapsed: 6.292 s -- in com.mimococo.marketops.operationsworkflow.internal.application.WorkTaskJournalIT
[INFO] 
[INFO] Results:
[INFO] 
[ERROR] Failures: 
[ERROR]   AdvertisingEfficiencyFlowIT.anExpiredLeaseIsReclaimed:534 
Expected size: 1 but was: 0 in:
[]
[ERROR]   AdvertisingEfficiencyFlowIT.asecondFactForTheSameObjectCoalesces:557 
expected: CREATED
 but was: SUPPRESSED
[ERROR]   AdvertisingEfficiencyFlowIT.theTargetedWorkerDrainsAndMeasures:397 
expected: CREATED
 but was: SUPPRESSED
[ERROR]   AdvertisingEfficiencyFlowIT.twoWorkersCannotHoldTheSameRequest:517 
Expected size: 1 but was: 0 in:
[]
[INFO] 
[ERROR] Tests run: 98, Failures: 4, Errors: 0, Skipped: 0
[INFO] 
[INFO] ------------------------------------------------------------------------
[INFO] BUILD FAILURE
[INFO] ------------------------------------------------------------------------
[INFO] Total time:  01:24 min
[INFO] Finished at: 2026-09-05T13:06:04+08:00
[INFO] ------------------------------------------------------------------------
[ERROR] Failed to execute goal org.apache.maven.plugins:maven-surefire-plugin:3.5.6:test (default-test) on project marketops-server: There are test failures.
[ERROR] 
[ERROR] See /Users/chzhengx/Code/personal/marketops-platform/backend/marketops-server/target/surefire-reports for the individual test results.
[ERROR] See dump files (if any exist) [date].dump, [date]-jvmRun[N].dump and [date].dumpstream.
[ERROR] -> [Help 1]
[ERROR] 
[ERROR] To see the full stack trace of the errors, re-run Maven with the -e switch.
[ERROR] Re-run Maven using the -X switch to enable full debug logging.
[ERROR] 
[ERROR] For more information about the errors and possible solutions, please read the following articles:
[ERROR] [Help 1] http://cwiki.apache.org/confluence/display/MAVEN/MojoFailureException
