[WebServer] Picked up JAVA_TOOL_OPTIONS: -Djava.io.tmpdir=/tmp/slice3-final-browser-work.uRKlAz/java-tmp
[WebServer] [INFO] Scanning for projects...
[WebServer] [INFO] 
[WebServer] [INFO] --------------< com.mimococo.marketops:marketops-server >---------------
[WebServer] [INFO] Building MarketOps Server 0.1.0-SNAPSHOT
[WebServer] [INFO]   from pom.xml
[WebServer] [INFO] --------------------------------[ jar ]---------------------------------
[WebServer] [INFO] 
[WebServer] [INFO] >>> spring-boot:4.1.0:test-run (advertising-browser-fixture) > test-compile @ marketops-server >>>
[WebServer] [INFO] 
[WebServer] [INFO] --- enforcer:3.6.3:enforce (enforce-toolchain-and-dependencies) @ marketops-server ---
[WebServer] [INFO] Rule 0: org.apache.maven.enforcer.rules.version.RequireJavaVersion passed
[WebServer] [INFO] Rule 1: org.apache.maven.enforcer.rules.version.RequireMavenVersion passed
[WebServer] [INFO] Rule 2: org.apache.maven.enforcer.rules.dependency.BannedDependencies passed
[WebServer] [INFO] Rule 3: org.apache.maven.enforcer.rules.dependency.DependencyConvergence passed
[WebServer] [INFO] 
[WebServer] [INFO] --- jacoco:0.8.15:prepare-agent (prepare-coverage) @ marketops-server ---
[WebServer] [INFO] argLine set to -javaagent:/Users/chzhengx/.m2/repository/org/jacoco/org.jacoco.agent/0.8.15/org.jacoco.agent-0.8.15-runtime.jar=destfile=/private/tmp/slice3-final-browser-work.uRKlAz/source/backend/marketops-server/target/jacoco.exec
[WebServer] [INFO] 
[WebServer] [INFO] --- spring-boot:4.1.0:build-info (build-info) @ marketops-server ---
[WebServer] [INFO] 
[WebServer] [INFO] --- resources:3.5.0:resources (default-resources) @ marketops-server ---
[WebServer] [INFO] Copying 5 resources from src/main/resources to target/classes
[WebServer] [INFO] Copying 74 resources from src/main/resources to target/classes
[WebServer] [INFO] 
[WebServer] [INFO] --- compiler:3.15.0:compile (default-compile) @ marketops-server ---
[WebServer] [INFO] Nothing to compile - all classes are up to date.
[WebServer] [INFO] 
[WebServer] [INFO] --- resources:3.5.0:testResources (default-testResources) @ marketops-server ---
[WebServer] [INFO] Copying 4 resources from src/test/resources to target/test-classes
[WebServer] [INFO] 
[WebServer] [INFO] --- compiler:3.15.0:testCompile (default-testCompile) @ marketops-server ---
[WebServer] [INFO] Recompiling the module because of changed source code.
[WebServer] [INFO] Compiling 310 source files with javac [debug deprecation parameters release 21] to target/test-classes
[WebServer] [WARNING] /private/tmp/slice3-final-browser-work.uRKlAz/source/backend/marketops-server/src/test/java/com/mimococo/marketops/AdvertisingAggregateExposureIT.java:[49,81] asText() in tools.jackson.databind.JsonNode has been deprecated
[WebServer] [WARNING] /private/tmp/slice3-final-browser-work.uRKlAz/source/backend/marketops-server/src/test/java/com/mimococo/marketops/AdvertisingAggregateExposureIT.java:[108,68] asText() in tools.jackson.databind.JsonNode has been deprecated
[WebServer] [WARNING] /private/tmp/slice3-final-browser-work.uRKlAz/source/backend/marketops-server/src/test/java/com/mimococo/marketops/AdvertisingAggregateExposureIT.java:[162,65] asText() in tools.jackson.databind.JsonNode has been deprecated
[WebServer] [WARNING] /private/tmp/slice3-final-browser-work.uRKlAz/source/backend/marketops-server/src/test/java/com/mimococo/marketops/AdvertisingAggregateExposureIT.java:[168,65] asText() in tools.jackson.databind.JsonNode has been deprecated
[WebServer] [WARNING] /private/tmp/slice3-final-browser-work.uRKlAz/source/backend/marketops-server/src/test/java/com/mimococo/marketops/AdvertisingAggregateExposureIT.java:[171,76] asText() in tools.jackson.databind.JsonNode has been deprecated
[WebServer] [WARNING] /private/tmp/slice3-final-browser-work.uRKlAz/source/backend/marketops-server/src/test/java/com/mimococo/marketops/AdvertisingAggregateExposureIT.java:[250,146] asText() in tools.jackson.databind.JsonNode has been deprecated
[WebServer] [WARNING] /private/tmp/slice3-final-browser-work.uRKlAz/source/backend/marketops-server/src/test/java/com/mimococo/marketops/AdvertisingAuthorityVersionStopIT.java:[78,94] asText() in tools.jackson.databind.JsonNode has been deprecated
[WebServer] [WARNING] /private/tmp/slice3-final-browser-work.uRKlAz/source/backend/marketops-server/src/test/java/com/mimococo/marketops/AdvertisingAuthorityVersionStopIT.java:[104,64] asText() in tools.jackson.databind.JsonNode has been deprecated
[WebServer] [WARNING] /private/tmp/slice3-final-browser-work.uRKlAz/source/backend/marketops-server/src/test/java/com/mimococo/marketops/AdvertisingCrossDomainIsolationIT.java:[60,57] asText() in tools.jackson.databind.JsonNode has been deprecated
[WebServer] [WARNING] /private/tmp/slice3-final-browser-work.uRKlAz/source/backend/marketops-server/src/test/java/com/mimococo/marketops/AdvertisingCrossDomainIsolationIT.java:[64,60] asText() in tools.jackson.databind.JsonNode has been deprecated
[WebServer] [WARNING] /private/tmp/slice3-final-browser-work.uRKlAz/source/backend/marketops-server/src/test/java/com/mimococo/marketops/AdvertisingCrossDomainIsolationIT.java:[74,95] asText() in tools.jackson.databind.JsonNode has been deprecated
[WebServer] [WARNING] /private/tmp/slice3-final-browser-work.uRKlAz/source/backend/marketops-server/src/test/java/com/mimococo/marketops/AdvertisingCrossDomainIsolationIT.java:[104,95] asText() in tools.jackson.databind.JsonNode has been deprecated
[WebServer] [WARNING] /private/tmp/slice3-final-browser-work.uRKlAz/source/backend/marketops-server/src/test/java/com/mimococo/marketops/AdvertisingCrossDomainIsolationIT.java:[219,57] asText() in tools.jackson.databind.JsonNode has been deprecated
[WebServer] [WARNING] /private/tmp/slice3-final-browser-work.uRKlAz/source/backend/marketops-server/src/test/java/com/mimococo/marketops/AdvertisingCrossDomainIsolationIT.java:[229,57] asText() in tools.jackson.databind.JsonNode has been deprecated
[WebServer] [WARNING] /private/tmp/slice3-final-browser-work.uRKlAz/source/backend/marketops-server/src/test/java/com/mimococo/marketops/AdvertisingCrossDomainIsolationIT.java:[244,47] asText() in tools.jackson.databind.JsonNode has been deprecated
[WebServer] [WARNING] /private/tmp/slice3-final-browser-work.uRKlAz/source/backend/marketops-server/src/test/java/com/mimococo/marketops/AdvertisingDisclosureIT.java:[83,65] asText() in tools.jackson.databind.JsonNode has been deprecated
[WebServer] [WARNING] /private/tmp/slice3-final-browser-work.uRKlAz/source/backend/marketops-server/src/test/java/com/mimococo/marketops/AdvertisingDisclosureIT.java:[86,74] asText() in tools.jackson.databind.JsonNode has been deprecated
[WebServer] [WARNING] /private/tmp/slice3-final-browser-work.uRKlAz/source/backend/marketops-server/src/test/java/com/mimococo/marketops/AdvertisingDisclosureIT.java:[95,83] asText() in tools.jackson.databind.JsonNode has been deprecated
[WebServer] [WARNING] /private/tmp/slice3-final-browser-work.uRKlAz/source/backend/marketops-server/src/test/java/com/mimococo/marketops/AdvertisingDisclosureIT.java:[118,49] asText() in tools.jackson.databind.JsonNode has been deprecated
[WebServer] [WARNING] /private/tmp/slice3-final-browser-work.uRKlAz/source/backend/marketops-server/src/test/java/com/mimococo/marketops/AdvertisingDisclosureIT.java:[167,53] asText() in tools.jackson.databind.JsonNode has been deprecated
[WebServer] [WARNING] /private/tmp/slice3-final-browser-work.uRKlAz/source/backend/marketops-server/src/test/java/com/mimococo/marketops/AdvertisingDisclosureIT.java:[211,52] asText() in tools.jackson.databind.JsonNode has been deprecated
[WebServer] [WARNING] /private/tmp/slice3-final-browser-work.uRKlAz/source/backend/marketops-server/src/test/java/com/mimococo/marketops/AdvertisingDisclosureIT.java:[287,75] asText() in tools.jackson.databind.JsonNode has been deprecated
[WebServer] [WARNING] /private/tmp/slice3-final-browser-work.uRKlAz/source/backend/marketops-server/src/test/java/com/mimococo/marketops/AdvertisingDisclosureIT.java:[288,79] asText() in tools.jackson.databind.JsonNode has been deprecated
[WebServer] [WARNING] /private/tmp/slice3-final-browser-work.uRKlAz/source/backend/marketops-server/src/test/java/com/mimococo/marketops/AdvertisingDisclosureIT.java:[291,40] asText() in tools.jackson.databind.JsonNode has been deprecated
[WebServer] [WARNING] /private/tmp/slice3-final-browser-work.uRKlAz/source/backend/marketops-server/src/test/java/com/mimococo/marketops/AdvertisingDisclosureIT.java:[293,53] asText() in tools.jackson.databind.JsonNode has been deprecated[WebServer] 
[WebServer] [WARNING] /private/tmp/slice3-final-browser-work.uRKlAz/source/backend/marketops-server/src/test/java/com/mimococo/marketops/AdvertisingDisclosureIT.java:[352,57] asText() in tools.jackson.databind.JsonNode has been deprecated
[WebServer] [WARNING] /private/tmp/slice3-final-browser-work.uRKlAz/source/backend/marketops-server/src/test/java/com/mimococo/marketops/AdvertisingDisclosureIT.java:[354,90] asText() in tools.jackson.databind.JsonNode has been deprecated
[WebServer] [WARNING] /private/tmp/slice3-final-browser-work.uRKlAz/source/backend/marketops-server/src/test/java/com/mimococo/marketops/AdvertisingDisclosureIT.java:[405,37] asText() in tools.jackson.databind.JsonNode has been deprecated[WebServer] 
[WebServer] [WARNING] /private/tmp/slice3-final-browser-work.uRKlAz/source/backend/marketops-server/src/test/java/com/mimococo/marketops/AdvertisingDisclosureIT.java:[406,54] asText() in tools.jackson.databind.JsonNode has been deprecated[WebServer] 
[WebServer] [WARNING] /private/tmp/slice3-final-browser-work.uRKlAz/source/backend/marketops-server/src/test/java/com/mimococo/marketops/AdvertisingDisclosureIT.java:[410,48] asText() in tools.jackson.databind.JsonNode has been deprecated
[WebServer] [WARNING] /private/tmp/slice3-final-browser-work.uRKlAz/source/backend/marketops-server/src/test/java/com/mimococo/marketops/AdvertisingDisclosureIT.java:[428,35] isTextual() in tools.jackson.databind.JsonNode has been deprecated
[WebServer] [WARNING] /private/tmp/slice3-final-browser-work.uRKlAz/source/backend/marketops-server/src/test/java/com/mimococo/marketops/AdvertisingDisclosureIT.java:[428,55] asText() in tools.jackson.databind.JsonNode has been deprecated
[WebServer] [WARNING] /private/tmp/slice3-final-browser-work.uRKlAz/source/backend/marketops-server/src/test/java/com/mimococo/marketops/AdvertisingDisclosureIT.java:[429,88] asText() in tools.jackson.databind.JsonNode has been deprecated
[WebServer] [WARNING] /private/tmp/slice3-final-browser-work.uRKlAz/source/backend/marketops-server/src/test/java/com/mimococo/marketops/AdvertisingSealedAuthorityIT.java:[172,64] asText() in tools.jackson.databind.JsonNode has been deprecated[WebServer] 
[WebServer] [WARNING] /private/tmp/slice3-final-browser-work.uRKlAz/source/backend/marketops-server/src/test/java/com/mimococo/marketops/AdvertisingSealedAuthorityIT.java:[176,72] asText() in tools.jackson.databind.JsonNode has been deprecated
[WebServer] [WARNING] /private/tmp/slice3-final-browser-work.uRKlAz/source/backend/marketops-server/src/test/java/com/mimococo/marketops/AdvertisingSealedAuthorityIT.java:[177,49] asText() in tools.jackson.databind.JsonNode has been deprecated
[WebServer] [WARNING] /private/tmp/slice3-final-browser-work.uRKlAz/source/backend/marketops-server/src/test/java/com/mimococo/marketops/AdvertisingHumanWorkflowIT.java:[137,74] asText() in tools.jackson.databind.JsonNode has been deprecated
[WebServer] [WARNING] /private/tmp/slice3-final-browser-work.uRKlAz/source/backend/marketops-server/src/test/java/com/mimococo/marketops/AdvertisingHumanWorkflowIT.java:[142,85] asText() in tools.jackson.databind.JsonNode has been deprecated
[WebServer] [WARNING] /private/tmp/slice3-final-browser-work.uRKlAz/source/backend/marketops-server/src/test/java/com/mimococo/marketops/AdvertisingHumanWorkflowIT.java:[182,60] asText() in tools.jackson.databind.JsonNode has been deprecated
[WebServer] [WARNING] /private/tmp/slice3-final-browser-work.uRKlAz/source/backend/marketops-server/src/test/java/com/mimococo/marketops/AdvertisingManualWorkflowIT.java:[811,69] asText() in tools.jackson.databind.JsonNode has been deprecated
[WebServer] [WARNING] /private/tmp/slice3-final-browser-work.uRKlAz/source/backend/marketops-server/src/test/java/com/mimococo/marketops/AdvertisingMaterialityIT.java:[31,46] asText() in tools.jackson.databind.JsonNode has been deprecated
[WebServer] [WARNING] /private/tmp/slice3-final-browser-work.uRKlAz/source/backend/marketops-server/src/test/java/com/mimococo/marketops/AdvertisingMaterialityIT.java:[72,40] asText() in tools.jackson.databind.JsonNode has been deprecated
[WebServer] [WARNING] /private/tmp/slice3-final-browser-work.uRKlAz/source/backend/marketops-server/src/test/java/com/mimococo/marketops/AdvertisingMaterialityIT.java:[77,46] asText() in tools.jackson.databind.JsonNode has been deprecated
[WebServer] [WARNING] /private/tmp/slice3-final-browser-work.uRKlAz/source/backend/marketops-server/src/test/java/com/mimococo/marketops/AdvertisingMaterialityIT.java:[83,40] asText() in tools.jackson.databind.JsonNode has been deprecated
[WebServer] [WARNING] /private/tmp/slice3-final-browser-work.uRKlAz/source/backend/marketops-server/src/test/java/com/mimococo/marketops/advertisingefficiency/AdvertisingRankFactorSerializationTest.java:[18,42] asText() in tools.jackson.databind.JsonNode has been deprecated
[WebServer] [WARNING] /private/tmp/slice3-final-browser-work.uRKlAz/source/backend/marketops-server/src/test/java/com/mimococo/marketops/advertisingefficiency/AdvertisingRankFactorSerializationTest.java:[20,43] asText() in tools.jackson.databind.JsonNode has been deprecated
[WebServer] [WARNING] /private/tmp/slice3-final-browser-work.uRKlAz/source/backend/marketops-server/src/test/java/com/mimococo/marketops/advertisingefficiency/internal/application/AdvertisingEconomicCauseBoundIT.java:[117,60] asText() in tools.jackson.databind.JsonNode has been deprecated
[WebServer] [WARNING] /private/tmp/slice3-final-browser-work.uRKlAz/source/backend/marketops-server/src/test/java/com/mimococo/marketops/advertisingefficiency/internal/application/AdvertisingFrozenOutcomeIT.java:[142,89] asText() in tools.jackson.databind.JsonNode has been deprecated
[WebServer] [WARNING] /private/tmp/slice3-final-browser-work.uRKlAz/source/backend/marketops-server/src/test/java/com/mimococo/marketops/advertisingefficiency/internal/application/AdvertisingMixedPreparationIT.java:[81,50] asText() in tools.jackson.databind.JsonNode has been deprecated
[WebServer] [WARNING] /private/tmp/slice3-final-browser-work.uRKlAz/source/backend/marketops-server/src/test/java/com/mimococo/marketops/advertisingefficiency/internal/application/AdvertisingMixedPreparationIT.java:[83,88] asText() in tools.jackson.databind.JsonNode has been deprecated[WebServer] 
[WebServer] [WARNING] /private/tmp/slice3-final-browser-work.uRKlAz/source/backend/marketops-server/src/test/java/com/mimococo/marketops/advertisingefficiency/internal/application/AdvertisingOutcomeServiceTest.java:[122,63] asText() in tools.jackson.databind.JsonNode has been deprecated
[WebServer] [WARNING] /private/tmp/slice3-final-browser-work.uRKlAz/source/backend/marketops-server/src/test/java/com/mimococo/marketops/aicopilot/internal/application/OutputValidatorTest.java:[161,56] redundant cast to java.lang.String
[WebServer] [WARNING] /private/tmp/slice3-final-browser-work.uRKlAz/source/backend/marketops-server/src/test/java/com/mimococo/marketops/marketplaceintegration/adapter/http/PlatformHttpAdaptersTest.java:[103,70] unchecked generic array creation for varargs parameter of type java.util.Optional<java.lang.String>[][WebServer] 
[WebServer] [INFO] 
[WebServer] [INFO] <<< spring-boot:4.1.0:test-run (advertising-browser-fixture) < test-compile @ marketops-server <<<
[WebServer] [INFO] 
[WebServer] [INFO] 
[WebServer] [INFO] --- spring-boot:4.1.0:test-run (advertising-browser-fixture) @ marketops-server ---
[WebServer] [INFO] Attaching agents: []
[WebServer] Picked up JAVA_TOOL_OPTIONS: -Djava.io.tmpdir=/tmp/slice3-final-browser-work.uRKlAz/java-tmp
[WebServer] 2026-09-06T09:45:38.754Z INFO  application=marketops-server environment=local buildVersion=0.1.0-SNAPSHOT correlationId=none c.m.m.AdvertisingBrowserFixtureApplication - Starting AdvertisingBrowserFixtureApplication v0.1.0-SNAPSHOT using Java 21.0.10 with PID 430 (/private/tmp/slice3-final-browser-work.uRKlAz/source/backend/marketops-server/target/test-classes started by chzhengx in /private/tmp/slice3-final-browser-work.uRKlAz/source/backend/marketops-server) 
[WebServer] 2026-09-06T09:45:38.755Z DEBUG application=marketops-server environment=local buildVersion=0.1.0-SNAPSHOT correlationId=none c.m.m.AdvertisingBrowserFixtureApplication - Running with Spring Boot v4.1.0, Spring v7.0.8 
[WebServer] 2026-09-06T09:45:38.755Z INFO  application=marketops-server environment=local buildVersion=0.1.0-SNAPSHOT correlationId=none c.m.m.AdvertisingBrowserFixtureApplication - The following 1 profile is active: "local" 
[WebServer] 2026-09-06T09:45:40.024Z INFO  application=marketops-server environment=local buildVersion=0.1.0-SNAPSHOT correlationId=none o.s.boot.tomcat.TomcatWebServer - Tomcat initialized with port 8080 (http) 
[WebServer] 2026-09-06T09:45:40.035Z INFO  application=marketops-server environment=local buildVersion=0.1.0-SNAPSHOT correlationId=none o.a.catalina.core.StandardService - Starting service [Tomcat] 
[WebServer] 2026-09-06T09:45:40.035Z INFO  application=marketops-server environment=local buildVersion=0.1.0-SNAPSHOT correlationId=none o.a.catalina.core.StandardEngine - Starting Servlet engine: [Apache Tomcat/11.0.22] 
[WebServer] 2026-09-06T09:45:40.057Z INFO  application=marketops-server environment=local buildVersion=0.1.0-SNAPSHOT correlationId=none o.s.b.w.c.s.WebApplicationContextInitializer - Root WebApplicationContext: initialization completed in 1275 ms 
[WebServer] 2026-09-06T09:45:40.165Z DEBUG application=marketops-server environment=local buildVersion=0.1.0-SNAPSHOT correlationId=none c.m.m.s.i.c.CorrelationIdFilter - Filter 'correlationIdFilter' configured for use 
[WebServer] 2026-09-06T09:45:45.054Z INFO  application=marketops-server environment=local buildVersion=0.1.0-SNAPSHOT correlationId=none o.s.b.a.e.web.EndpointLinksResolver - Exposing 2 endpoints beneath base path '/actuator' 
[WebServer] 2026-09-06T09:45:45.093Z INFO  application=marketops-server environment=local buildVersion=0.1.0-SNAPSHOT correlationId=none o.s.boot.tomcat.TomcatWebServer - Tomcat started on port 8080 (http) with context path '/' 
[WebServer] 2026-09-06T09:45:45.098Z INFO  application=marketops-server environment=local buildVersion=0.1.0-SNAPSHOT correlationId=none o.s.s.config.TaskSchedulerRouter - No TaskScheduler/ScheduledExecutorService bean found for scheduled processing 
[WebServer] 2026-09-06T09:45:45.101Z INFO  application=marketops-server environment=local buildVersion=0.1.0-SNAPSHOT correlationId=none c.m.m.AdvertisingBrowserFixtureApplication - Started AdvertisingBrowserFixtureApplication in 6.724 seconds (process running for 6.918) 
[WebServer] 2026-09-06T09:45:45.468Z INFO  application=marketops-server environment=local buildVersion=0.1.0-SNAPSHOT correlationId=none c.m.m.a.i.a.JdbcMetadataAuditStore - Metadata change recorded event="metadata_change_recorded" sourceDomain="identityaccess" entityType="user-scope-grant" entityId="ab739f77-3ada-4ca8-a43f-2062261d4801" action="GRANT" actorId="synthetic-ad-browser" correlationId="29903d29-f008-47da-b911-86e08bb39aa9"
[WebServer] 2026-09-06T09:45:45.475Z INFO  application=marketops-server environment=local buildVersion=0.1.0-SNAPSHOT correlationId=none c.m.m.a.i.a.JdbcMetadataAuditStore - Metadata change recorded event="metadata_change_recorded" sourceDomain="identityaccess" entityType="user-scope-grant" entityId="e328c66e-aea5-458e-a7d2-b3d301fc5c31" action="GRANT" actorId="synthetic-ad-browser" correlationId="4919880d-e441-4f02-ad11-8b674c74651b"
[WebServer] 2026-09-06T09:45:45.479Z INFO  application=marketops-server environment=local buildVersion=0.1.0-SNAPSHOT correlationId=none c.m.m.a.i.a.JdbcMetadataAuditStore - Metadata change recorded event="metadata_change_recorded" sourceDomain="identityaccess" entityType="user-scope-grant" entityId="479508ef-a99e-463d-9008-d244d20f3b26" action="GRANT" actorId="synthetic-ad-browser" correlationId="ee0b7bd2-bb5c-4b67-b7bc-baf0cc3d8ece"
[WebServer] 2026-09-06T09:45:45.483Z INFO  application=marketops-server environment=local buildVersion=0.1.0-SNAPSHOT correlationId=none c.m.m.a.i.a.JdbcMetadataAuditStore - Metadata change recorded event="metadata_change_recorded" sourceDomain="identityaccess" entityType="user-scope-grant" entityId="df21d829-ada4-4cec-90d2-047b4bd4708c" action="GRANT" actorId="synthetic-ad-browser" correlationId="be2791e6-bf37-4267-bee9-63d497c17b42"
[WebServer] 2026-09-06T09:45:45.486Z INFO  application=marketops-server environment=local buildVersion=0.1.0-SNAPSHOT correlationId=none c.m.m.a.i.a.JdbcMetadataAuditStore - Metadata change recorded event="metadata_change_recorded" sourceDomain="identityaccess" entityType="user-scope-grant" entityId="cb5ecd88-70e4-4d2a-abf2-e1e8d264ae32" action="GRANT" actorId="synthetic-ad-browser" correlationId="7e543482-ecab-4163-90c6-a980d4630e84"
[WebServer] 2026-09-06T09:45:45.490Z INFO  application=marketops-server environment=local buildVersion=0.1.0-SNAPSHOT correlationId=none c.m.m.a.i.a.JdbcMetadataAuditStore - Metadata change recorded event="metadata_change_recorded" sourceDomain="identityaccess" entityType="user-scope-grant" entityId="bc19490c-7fa0-483b-97ce-9a1caeb2bb06" action="GRANT" actorId="synthetic-ad-browser" correlationId="8d2aa4d7-c303-48dc-8905-9ac08bf60d08"
[WebServer] 2026-09-06T09:45:45.493Z INFO  application=marketops-server environment=local buildVersion=0.1.0-SNAPSHOT correlationId=none c.m.m.a.i.a.JdbcMetadataAuditStore - Metadata change recorded event="metadata_change_recorded" sourceDomain="identityaccess" entityType="user-scope-grant" entityId="8a30abcf-cea7-4308-8e29-8fbde06becf1" action="GRANT" actorId="synthetic-ad-browser" correlationId="6c55a321-840c-4c1c-bbff-c00a502fdcd0"
[WebServer] 2026-09-06T09:45:45.496Z INFO  application=marketops-server environment=local buildVersion=0.1.0-SNAPSHOT correlationId=none c.m.m.a.i.a.JdbcMetadataAuditStore - Metadata change recorded event="metadata_change_recorded" sourceDomain="identityaccess" entityType="user-scope-grant" entityId="b745a8b6-a9b8-4dd7-a729-944961863889" action="GRANT" actorId="synthetic-ad-browser" correlationId="17c84305-bc84-4e83-b118-93dccb5ae74e"
[WebServer] 2026-09-06T09:45:45.500Z INFO  application=marketops-server environment=local buildVersion=0.1.0-SNAPSHOT correlationId=none c.m.m.a.i.a.JdbcMetadataAuditStore - Metadata change recorded event="metadata_change_recorded" sourceDomain="identityaccess" entityType="user-scope-grant" entityId="23c32250-a40a-4779-b1ef-5ed3c72d1c7f" action="GRANT" actorId="synthetic-ad-browser" correlationId="0880fb07-a005-4399-bcf1-437dd5bef10e"
[WebServer] 2026-09-06T09:45:45.503Z INFO  application=marketops-server environment=local buildVersion=0.1.0-SNAPSHOT correlationId=none c.m.m.a.i.a.JdbcMetadataAuditStore - Metadata change recorded event="metadata_change_recorded" sourceDomain="identityaccess" entityType="user-scope-grant" entityId="8c80510c-ed93-4e12-8404-254f6ff6bb6c" action="GRANT" actorId="synthetic-ad-browser" correlationId="0b1ad793-7c99-44f4-bd0d-5e25ae86da4a"
[WebServer] 2026-09-06T09:45:45.968Z INFO  application=marketops-server environment=local buildVersion=0.1.0-SNAPSHOT correlationId=none c.m.m.a.i.a.JdbcMetadataAuditStore - Metadata change recorded event="metadata_change_recorded" sourceDomain="identityaccess" entityType="user-scope-grant" entityId="e089931d-d21d-4089-b90f-270eabf8df46" action="GRANT" actorId="synthetic-manual-browser" correlationId="185e0a71-e27c-4d41-9c75-c2781441354a"
[WebServer] 2026-09-06T09:45:45.971Z INFO  application=marketops-server environment=local buildVersion=0.1.0-SNAPSHOT correlationId=none c.m.m.a.i.a.JdbcMetadataAuditStore - Metadata change recorded event="metadata_change_recorded" sourceDomain="identityaccess" entityType="user-scope-grant" entityId="358a0b2e-ae93-44e6-83ca-c5c540dc261f" action="GRANT" actorId="synthetic-manual-browser" correlationId="301156ea-617a-4509-b9e0-878cfa5e5c17"
[WebServer] 2026-09-06T09:45:45.975Z INFO  application=marketops-server environment=local buildVersion=0.1.0-SNAPSHOT correlationId=none c.m.m.a.i.a.JdbcMetadataAuditStore - Metadata change recorded event="metadata_change_recorded" sourceDomain="identityaccess" entityType="user-scope-grant" entityId="8148bf44-8657-4208-8196-89c7934743e2" action="GRANT" actorId="synthetic-manual-browser" correlationId="78315886-4b53-4e18-ab7c-66d74d12def3"
[WebServer] 2026-09-06T09:45:45.998Z INFO  application=marketops-server environment=local buildVersion=0.1.0-SNAPSHOT correlationId=none c.m.m.a.i.a.JdbcMetadataAuditStore - Metadata change recorded event="metadata_change_recorded" sourceDomain="identityaccess" entityType="user-scope-grant" entityId="17fd4237-aeb1-413b-b5e2-cb81725df92d" action="GRANT" actorId="synthetic-manual-browser" correlationId="58e480a3-f92e-46a5-9cfc-5dd3c9580e1f"
[WebServer] 2026-09-06T09:45:46.006Z INFO  application=marketops-server environment=local buildVersion=0.1.0-SNAPSHOT correlationId=none c.m.m.a.i.a.JdbcMetadataAuditStore - Metadata change recorded event="metadata_change_recorded" sourceDomain="identityaccess" entityType="user-scope-grant" entityId="a125c87d-51ac-4fc2-ae5a-f80b05d0ab77" action="GRANT" actorId="synthetic-manual-browser" correlationId="727b16c2-018f-4eef-ab99-d0ba6dbd72ba"
[WebServer] 2026-09-06T09:45:46.009Z INFO  application=marketops-server environment=local buildVersion=0.1.0-SNAPSHOT correlationId=none c.m.m.a.i.a.JdbcMetadataAuditStore - Metadata change recorded event="metadata_change_recorded" sourceDomain="identityaccess" entityType="user-scope-grant" entityId="8871c53a-3ac6-4bcc-8d72-d761f08302f2" action="GRANT" actorId="synthetic-manual-browser" correlationId="f0d870d6-81af-4301-9888-cc820f483115"
[WebServer] 2026-09-06T09:45:46.012Z INFO  application=marketops-server environment=local buildVersion=0.1.0-SNAPSHOT correlationId=none c.m.m.a.i.a.JdbcMetadataAuditStore - Metadata change recorded event="metadata_change_recorded" sourceDomain="identityaccess" entityType="user-scope-grant" entityId="946a2a6c-4e8e-4658-bd55-fd2bf11c7a83" action="GRANT" actorId="synthetic-manual-browser" correlationId="ef090ecd-60ad-40dd-ae3e-bc0a5d4b87a5"
[WebServer] 2026-09-06T09:45:46.015Z INFO  application=marketops-server environment=local buildVersion=0.1.0-SNAPSHOT correlationId=none c.m.m.a.i.a.JdbcMetadataAuditStore - Metadata change recorded event="metadata_change_recorded" sourceDomain="identityaccess" entityType="user-scope-grant" entityId="ed26c385-9e0e-4f31-9431-213e16dbf03f" action="GRANT" actorId="synthetic-manual-browser" correlationId="a5d93d29-a7f9-4903-be94-e96dbcea2b2c"
[WebServer] 2026-09-06T09:45:46.018Z INFO  application=marketops-server environment=local buildVersion=0.1.0-SNAPSHOT correlationId=none c.m.m.a.i.a.JdbcMetadataAuditStore - Metadata change recorded event="metadata_change_recorded" sourceDomain="identityaccess" entityType="user-scope-grant" entityId="238f36df-b89f-4062-8f74-3d5b97906ee7" action="GRANT" actorId="synthetic-manual-browser" correlationId="90397895-d3e8-4b75-8a11-771e0a26f9e1"
[WebServer] 2026-09-06T09:45:46.042Z INFO  application=marketops-server environment=local buildVersion=0.1.0-SNAPSHOT correlationId=none c.m.m.a.i.a.JdbcMetadataAuditStore - Metadata change recorded event="metadata_change_recorded" sourceDomain="identityaccess" entityType="user-scope-grant" entityId="72d33bf5-d45d-4f16-b5d4-e746ec2bc2fd" action="GRANT" actorId="synthetic-manual-browser" correlationId="4d6b05c3-671d-479c-9e54-af1559cfa8e3"
[WebServer] 2026-09-06T09:45:46.045Z INFO  application=marketops-server environment=local buildVersion=0.1.0-SNAPSHOT correlationId=none c.m.m.a.i.a.JdbcMetadataAuditStore - Metadata change recorded event="metadata_change_recorded" sourceDomain="identityaccess" entityType="user-scope-grant" entityId="c302688e-161e-4108-aaed-d2dcc259be4c" action="GRANT" actorId="synthetic-manual-browser" correlationId="d82e623b-99b1-40e9-b708-8f4f5fceab88"
[WebServer] 2026-09-06T09:45:46.048Z INFO  application=marketops-server environment=local buildVersion=0.1.0-SNAPSHOT correlationId=none c.m.m.a.i.a.JdbcMetadataAuditStore - Metadata change recorded event="metadata_change_recorded" sourceDomain="identityaccess" entityType="user-scope-grant" entityId="f821ade4-ed57-4311-a317-952508226bfc" action="GRANT" actorId="synthetic-manual-browser" correlationId="98903a23-a975-477f-9a27-db73115c7120"
[WebServer] 2026-09-06T09:45:46.051Z INFO  application=marketops-server environment=local buildVersion=0.1.0-SNAPSHOT correlationId=none c.m.m.a.i.a.JdbcMetadataAuditStore - Metadata change recorded event="metadata_change_recorded" sourceDomain="identityaccess" entityType="user-scope-grant" entityId="f994d98a-3eb5-466b-91e9-da060dcfe4cd" action="GRANT" actorId="synthetic-manual-browser" correlationId="ffb36508-d8c6-4b03-b15f-6216f2531dd3"
[WebServer] 2026-09-06T09:45:46.054Z INFO  application=marketops-server environment=local buildVersion=0.1.0-SNAPSHOT correlationId=none c.m.m.a.i.a.JdbcMetadataAuditStore - Metadata change recorded event="metadata_change_recorded" sourceDomain="identityaccess" entityType="user-scope-grant" entityId="f3cd1bd9-277e-4d08-9b20-898dd134ce9e" action="GRANT" actorId="synthetic-manual-browser" correlationId="49a831da-2b29-4181-8594-1ef61643221e"
[WebServer] 2026-09-06T09:45:46.057Z INFO  application=marketops-server environment=local buildVersion=0.1.0-SNAPSHOT correlationId=none c.m.m.a.i.a.JdbcMetadataAuditStore - Metadata change recorded event="metadata_change_recorded" sourceDomain="identityaccess" entityType="user-scope-grant" entityId="6c51ebe8-12fa-4155-a207-51f174dacd04" action="GRANT" actorId="synthetic-manual-browser" correlationId="749a3a92-6f42-4d36-b657-18914503f6ca"
[WebServer] 2026-09-06T09:45:46.625Z INFO  application=marketops-server environment=local buildVersion=0.1.0-SNAPSHOT correlationId=none c.m.m.a.i.a.JdbcMetadataAuditStore - Metadata change recorded event="metadata_change_recorded" sourceDomain="identityaccess" entityType="user-scope-grant" entityId="0aa0cd3b-f723-4e32-af59-103d9709e909" action="GRANT" actorId="synthetic-manual-browser" correlationId="2da3a461-7449-4309-be1d-1d22bb12170e"
[WebServer] 2026-09-06T09:45:46.629Z INFO  application=marketops-server environment=local buildVersion=0.1.0-SNAPSHOT correlationId=none c.m.m.a.i.a.JdbcMetadataAuditStore - Metadata change recorded event="metadata_change_recorded" sourceDomain="identityaccess" entityType="user-scope-grant" entityId="69957fc2-e1ad-402e-9ceb-a7c46d387ccd" action="GRANT" actorId="synthetic-manual-browser" correlationId="b6ba1a4d-0624-4f9f-aaf5-74719738d03f"
[WebServer] 2026-09-06T09:45:46.632Z INFO  application=marketops-server environment=local buildVersion=0.1.0-SNAPSHOT correlationId=none c.m.m.a.i.a.JdbcMetadataAuditStore - Metadata change recorded event="metadata_change_recorded" sourceDomain="identityaccess" entityType="user-scope-grant" entityId="789e6320-7b9b-443a-9698-8df8a8d29492" action="GRANT" actorId="synthetic-manual-browser" correlationId="c8e563c5-ffd7-48c0-b514-9eaf248a97c1"
[WebServer] 2026-09-06T09:45:46.657Z INFO  application=marketops-server environment=local buildVersion=0.1.0-SNAPSHOT correlationId=none c.m.m.a.i.a.JdbcMetadataAuditStore - Metadata change recorded event="metadata_change_recorded" sourceDomain="identityaccess" entityType="user-scope-grant" entityId="66381954-7b49-4b2c-ab99-e501d2a06507" action="GRANT" actorId="synthetic-manual-browser" correlationId="3616c805-f64f-4cd1-ac12-ea96e311220c"
[WebServer] 2026-09-06T09:45:46.660Z INFO  application=marketops-server environment=local buildVersion=0.1.0-SNAPSHOT correlationId=none c.m.m.a.i.a.JdbcMetadataAuditStore - Metadata change recorded event="metadata_change_recorded" sourceDomain="identityaccess" entityType="user-scope-grant" entityId="d2f103fd-4c1b-4025-bc4e-ec1285427748" action="GRANT" actorId="synthetic-manual-browser" correlationId="8ed99c6c-bd36-4400-8af8-0f6eff902caa"
[WebServer] 2026-09-06T09:45:46.663Z INFO  application=marketops-server environment=local buildVersion=0.1.0-SNAPSHOT correlationId=none c.m.m.a.i.a.JdbcMetadataAuditStore - Metadata change recorded event="metadata_change_recorded" sourceDomain="identityaccess" entityType="user-scope-grant" entityId="6d84a4e8-ce02-45f1-abdd-32e9d456f274" action="GRANT" actorId="synthetic-manual-browser" correlationId="43f705f6-c4b6-4eec-8904-904e109fa8bb"
[WebServer] 2026-09-06T09:45:46.667Z INFO  application=marketops-server environment=local buildVersion=0.1.0-SNAPSHOT correlationId=none c.m.m.a.i.a.JdbcMetadataAuditStore - Metadata change recorded event="metadata_change_recorded" sourceDomain="identityaccess" entityType="user-scope-grant" entityId="0929bc23-8d3f-4be2-a741-028b9b89bb9e" action="GRANT" actorId="synthetic-manual-browser" correlationId="6b967b3f-2e06-4bd4-8a80-d632b667d79d"
[WebServer] 2026-09-06T09:45:46.669Z INFO  application=marketops-server environment=local buildVersion=0.1.0-SNAPSHOT correlationId=none c.m.m.a.i.a.JdbcMetadataAuditStore - Metadata change recorded event="metadata_change_recorded" sourceDomain="identityaccess" entityType="user-scope-grant" entityId="6528a02a-bc54-4cd8-bf47-2e85c98e850e" action="GRANT" actorId="synthetic-manual-browser" correlationId="c33ca19d-3b8c-4786-b5ea-f60cdf23b4fb"
[WebServer] 2026-09-06T09:45:46.673Z INFO  application=marketops-server environment=local buildVersion=0.1.0-SNAPSHOT correlationId=none c.m.m.a.i.a.JdbcMetadataAuditStore - Metadata change recorded event="metadata_change_recorded" sourceDomain="identityaccess" entityType="user-scope-grant" entityId="d632a8f9-4d9c-4063-a2c3-5c3e1b73338a" action="GRANT" actorId="synthetic-manual-browser" correlationId="5a79ce64-1ad5-47fb-9594-b2ef24020ac8"
[WebServer] 2026-09-06T09:45:46.696Z INFO  application=marketops-server environment=local buildVersion=0.1.0-SNAPSHOT correlationId=none c.m.m.a.i.a.JdbcMetadataAuditStore - Metadata change recorded event="metadata_change_recorded" sourceDomain="identityaccess" entityType="user-scope-grant" entityId="2e030ead-3854-4bda-a994-7a02d42be0d0" action="GRANT" actorId="synthetic-manual-browser" correlationId="3da91469-0117-4668-86c9-7d75398aac5d"
[WebServer] 2026-09-06T09:45:46.699Z INFO  application=marketops-server environment=local buildVersion=0.1.0-SNAPSHOT correlationId=none c.m.m.a.i.a.JdbcMetadataAuditStore - Metadata change recorded event="metadata_change_recorded" sourceDomain="identityaccess" entityType="user-scope-grant" entityId="e1e3a75a-37b1-4a57-9b2a-f7bb72871f3e" action="GRANT" actorId="synthetic-manual-browser" correlationId="49702ac2-dc01-471d-bdf4-6dbbb86b91f3"
[WebServer] 2026-09-06T09:45:46.702Z INFO  application=marketops-server environment=local buildVersion=0.1.0-SNAPSHOT correlationId=none c.m.m.a.i.a.JdbcMetadataAuditStore - Metadata change recorded event="metadata_change_recorded" sourceDomain="identityaccess" entityType="user-scope-grant" entityId="0b78e33c-5d22-4446-b61d-db6080ad8f6a" action="GRANT" actorId="synthetic-manual-browser" correlationId="203d0e9c-58d3-449f-b9f6-f4d1b0d12636"
[WebServer] 2026-09-06T09:45:46.705Z INFO  application=marketops-server environment=local buildVersion=0.1.0-SNAPSHOT correlationId=none c.m.m.a.i.a.JdbcMetadataAuditStore - Metadata change recorded event="metadata_change_recorded" sourceDomain="identityaccess" entityType="user-scope-grant" entityId="7a9c07f5-e084-4140-a1c1-c92cb985c03c" action="GRANT" actorId="synthetic-manual-browser" correlationId="a979fdff-da1d-4780-9ed6-a51767dc9756"
[WebServer] 2026-09-06T09:45:46.710Z INFO  application=marketops-server environment=local buildVersion=0.1.0-SNAPSHOT correlationId=none c.m.m.a.i.a.JdbcMetadataAuditStore - Metadata change recorded event="metadata_change_recorded" sourceDomain="identityaccess" entityType="user-scope-grant" entityId="30bdfa49-cacb-4a96-8122-2c40fa8c4e07" action="GRANT" actorId="synthetic-manual-browser" correlationId="7bf09d99-5111-406b-a5ff-f065da09a1bc"
[WebServer] 2026-09-06T09:45:46.714Z INFO  application=marketops-server environment=local buildVersion=0.1.0-SNAPSHOT correlationId=none c.m.m.a.i.a.JdbcMetadataAuditStore - Metadata change recorded event="metadata_change_recorded" sourceDomain="identityaccess" entityType="user-scope-grant" entityId="844e6a70-d047-4dc3-8a1b-a199b5141f87" action="GRANT" actorId="synthetic-manual-browser" correlationId="3cb24f34-9cd7-406e-b450-2e410c0d86c9"
[WebServer] 2026-09-06T09:45:47.290Z INFO  application=marketops-server environment=local buildVersion=0.1.0-SNAPSHOT correlationId=none c.m.m.a.i.a.JdbcMetadataAuditStore - Metadata change recorded event="metadata_change_recorded" sourceDomain="identityaccess" entityType="user-scope-grant" entityId="77690019-5905-4f08-b3d9-c1a7819574a6" action="GRANT" actorId="synthetic-manual-browser" correlationId="fdb0d74d-2457-4d4c-b668-a25f1206973f"
[WebServer] 2026-09-06T09:45:47.294Z INFO  application=marketops-server environment=local buildVersion=0.1.0-SNAPSHOT correlationId=none c.m.m.a.i.a.JdbcMetadataAuditStore - Metadata change recorded event="metadata_change_recorded" sourceDomain="identityaccess" entityType="user-scope-grant" entityId="283a9764-d570-4b64-8f31-73f2c30d0d0e" action="GRANT" actorId="synthetic-manual-browser" correlationId="b1f6e2b7-3b98-4553-8d3d-8e3a7b83a899"
[WebServer] 2026-09-06T09:45:47.298Z INFO  application=marketops-server environment=local buildVersion=0.1.0-SNAPSHOT correlationId=none c.m.m.a.i.a.JdbcMetadataAuditStore - Metadata change recorded event="metadata_change_recorded" sourceDomain="identityaccess" entityType="user-scope-grant" entityId="66ef1eb7-ab37-4670-9dae-31d658dad760" action="GRANT" actorId="synthetic-manual-browser" correlationId="0f9c5f60-775c-45fa-a312-7f7dedcc2eef"
[WebServer] 2026-09-06T09:45:47.322Z INFO  application=marketops-server environment=local buildVersion=0.1.0-SNAPSHOT correlationId=none c.m.m.a.i.a.JdbcMetadataAuditStore - Metadata change recorded event="metadata_change_recorded" sourceDomain="identityaccess" entityType="user-scope-grant" entityId="13d9d456-8494-412d-99a9-319a1ec23734" action="GRANT" actorId="synthetic-manual-browser" correlationId="6d2709ec-5a29-4049-8ac5-b735b0540357"
[WebServer] 2026-09-06T09:45:47.325Z INFO  application=marketops-server environment=local buildVersion=0.1.0-SNAPSHOT correlationId=none c.m.m.a.i.a.JdbcMetadataAuditStore - Metadata change recorded event="metadata_change_recorded" sourceDomain="identityaccess" entityType="user-scope-grant" entityId="93d8f1f8-8624-4505-9082-980cf6a36b20" action="GRANT" actorId="synthetic-manual-browser" correlationId="50c91dcf-2c0f-4725-a02e-2662011a5001"
[WebServer] 2026-09-06T09:45:47.328Z INFO  application=marketops-server environment=local buildVersion=0.1.0-SNAPSHOT correlationId=none c.m.m.a.i.a.JdbcMetadataAuditStore - Metadata change recorded event="metadata_change_recorded" sourceDomain="identityaccess" entityType="user-scope-grant" entityId="5639060d-1e91-4eb3-9276-bb6160c83854" action="GRANT" actorId="synthetic-manual-browser" correlationId="975a5451-1ee4-420e-a0d9-01c805510842"
[WebServer] 2026-09-06T09:45:47.331Z INFO  application=marketops-server environment=local buildVersion=0.1.0-SNAPSHOT correlationId=none c.m.m.a.i.a.JdbcMetadataAuditStore - Metadata change recorded event="metadata_change_recorded" sourceDomain="identityaccess" entityType="user-scope-grant" entityId="444690ec-1d8d-4f3d-9ec3-b9247e23547e" action="GRANT" actorId="synthetic-manual-browser" correlationId="58ffa2a3-d6b5-44cf-aa3c-861de8857732"
[WebServer] 2026-09-06T09:45:47.334Z INFO  application=marketops-server environment=local buildVersion=0.1.0-SNAPSHOT correlationId=none c.m.m.a.i.a.JdbcMetadataAuditStore - Metadata change recorded event="metadata_change_recorded" sourceDomain="identityaccess" entityType="user-scope-grant" entityId="0d6be2b1-02c1-4df0-a7e2-233bf6c270f9" action="GRANT" actorId="synthetic-manual-browser" correlationId="389666af-1728-4760-a07f-1aa252a3a169"
[WebServer] 2026-09-06T09:45:47.337Z INFO  application=marketops-server environment=local buildVersion=0.1.0-SNAPSHOT correlationId=none c.m.m.a.i.a.JdbcMetadataAuditStore - Metadata change recorded event="metadata_change_recorded" sourceDomain="identityaccess" entityType="user-scope-grant" entityId="022cd041-fd9c-45a5-8726-6cd88bcad4e2" action="GRANT" actorId="synthetic-manual-browser" correlationId="e886670f-3ce0-40ca-9c3b-647216526064"
[WebServer] 2026-09-06T09:45:47.361Z INFO  application=marketops-server environment=local buildVersion=0.1.0-SNAPSHOT correlationId=none c.m.m.a.i.a.JdbcMetadataAuditStore - Metadata change recorded event="metadata_change_recorded" sourceDomain="identityaccess" entityType="user-scope-grant" entityId="bb21852c-4fd9-4d7e-a421-f408e7525a13" action="GRANT" actorId="synthetic-manual-browser" correlationId="4365690f-e4ab-4c12-bab4-02c7fe7d31c6"
[WebServer] 2026-09-06T09:45:47.364Z INFO  application=marketops-server environment=local buildVersion=0.1.0-SNAPSHOT correlationId=none c.m.m.a.i.a.JdbcMetadataAuditStore - Metadata change recorded event="metadata_change_recorded" sourceDomain="identityaccess" entityType="user-scope-grant" entityId="e4ef72bc-2f86-45a4-948f-ebd5950fd410" action="GRANT" actorId="synthetic-manual-browser" correlationId="24790c5c-5cf1-4878-9af6-a4657e84fb96"
[WebServer] 2026-09-06T09:45:47.368Z INFO  application=marketops-server environment=local buildVersion=0.1.0-SNAPSHOT correlationId=none c.m.m.a.i.a.JdbcMetadataAuditStore - Metadata change recorded event="metadata_change_recorded" sourceDomain="identityaccess" entityType="user-scope-grant" entityId="146848fe-acb7-42fa-900b-a6ccc7d559d6" action="GRANT" actorId="synthetic-manual-browser" correlationId="4ba2cd3a-0584-4b8d-b8f5-a5c9513a0c51"
[WebServer] 2026-09-06T09:45:47.371Z INFO  application=marketops-server environment=local buildVersion=0.1.0-SNAPSHOT correlationId=none c.m.m.a.i.a.JdbcMetadataAuditStore - Metadata change recorded event="metadata_change_recorded" sourceDomain="identityaccess" entityType="user-scope-grant" entityId="492b4cf0-07a4-4364-8908-a6d30d74b563" action="GRANT" actorId="synthetic-manual-browser" correlationId="6f2da93e-c9eb-4f60-a0ea-3657d6e8be07"
[WebServer] 2026-09-06T09:45:47.373Z INFO  application=marketops-server environment=local buildVersion=0.1.0-SNAPSHOT correlationId=none c.m.m.a.i.a.JdbcMetadataAuditStore - Metadata change recorded event="metadata_change_recorded" sourceDomain="identityaccess" entityType="user-scope-grant" entityId="ce239313-fc9d-435e-9556-453dcc98f490" action="GRANT" actorId="synthetic-manual-browser" correlationId="fad56ad2-9043-48a2-b6f3-5e92e95d639b"
[WebServer] 2026-09-06T09:45:47.376Z INFO  application=marketops-server environment=local buildVersion=0.1.0-SNAPSHOT correlationId=none c.m.m.a.i.a.JdbcMetadataAuditStore - Metadata change recorded event="metadata_change_recorded" sourceDomain="identityaccess" entityType="user-scope-grant" entityId="54f9d7e3-6817-4866-be1a-ba2b1d006454" action="GRANT" actorId="synthetic-manual-browser" correlationId="e7cbd3a0-4203-461f-ac11-145a66938ceb"
[WebServer] 2026-09-06T09:45:47.828Z INFO  application=marketops-server environment=local buildVersion=0.1.0-SNAPSHOT correlationId=none c.m.m.a.i.a.JdbcMetadataAuditStore - Metadata change recorded event="metadata_change_recorded" sourceDomain="identityaccess" entityType="user-scope-grant" entityId="30a9e305-d294-4546-ab94-69383aeef76b" action="GRANT" actorId="synthetic-manual-browser" correlationId="36efbc80-3555-441d-9974-33bd56a43b95"
[WebServer] 2026-09-06T09:45:47.831Z INFO  application=marketops-server environment=local buildVersion=0.1.0-SNAPSHOT correlationId=none c.m.m.a.i.a.JdbcMetadataAuditStore - Metadata change recorded event="metadata_change_recorded" sourceDomain="identityaccess" entityType="user-scope-grant" entityId="27b9f59e-ee3e-422b-b962-ed7dfc1cf911" action="GRANT" actorId="synthetic-manual-browser" correlationId="cf82c565-c126-4afb-9605-180f88672001"
[WebServer] 2026-09-06T09:45:47.833Z INFO  application=marketops-server environment=local buildVersion=0.1.0-SNAPSHOT correlationId=none c.m.m.a.i.a.JdbcMetadataAuditStore - Metadata change recorded event="metadata_change_recorded" sourceDomain="identityaccess" entityType="user-scope-grant" entityId="c95e7f3a-4856-41e2-b8c1-1da3f8fa61dc" action="GRANT" actorId="synthetic-manual-browser" correlationId="7859da3b-e3fe-43b3-bdbe-020f1d7fd0e9"
[WebServer] 2026-09-06T09:45:47.862Z INFO  application=marketops-server environment=local buildVersion=0.1.0-SNAPSHOT correlationId=none c.m.m.a.i.a.JdbcMetadataAuditStore - Metadata change recorded event="metadata_change_recorded" sourceDomain="identityaccess" entityType="user-scope-grant" entityId="1cf4c28e-4969-4cb5-9cff-a634cee0ad58" action="GRANT" actorId="synthetic-manual-browser" correlationId="c0b23b0b-3cf5-40cf-ab52-3decca410160"
[WebServer] 2026-09-06T09:45:47.866Z INFO  application=marketops-server environment=local buildVersion=0.1.0-SNAPSHOT correlationId=none c.m.m.a.i.a.JdbcMetadataAuditStore - Metadata change recorded event="metadata_change_recorded" sourceDomain="identityaccess" entityType="user-scope-grant" entityId="588214ae-d628-47b0-93f4-827a6a6c885f" action="GRANT" actorId="synthetic-manual-browser" correlationId="70141e78-9b94-434e-9ddd-886c60abecdf"
[WebServer] 2026-09-06T09:45:47.869Z INFO  application=marketops-server environment=local buildVersion=0.1.0-SNAPSHOT correlationId=none c.m.m.a.i.a.JdbcMetadataAuditStore - Metadata change recorded event="metadata_change_recorded" sourceDomain="identityaccess" entityType="user-scope-grant" entityId="4d4670e8-c1d8-4755-a22b-59049a449638" action="GRANT" actorId="synthetic-manual-browser" correlationId="23f43db8-0b23-4a0b-b1fa-da0598439f72"
[WebServer] 2026-09-06T09:45:47.872Z INFO  application=marketops-server environment=local buildVersion=0.1.0-SNAPSHOT correlationId=none c.m.m.a.i.a.JdbcMetadataAuditStore - Metadata change recorded event="metadata_change_recorded" sourceDomain="identityaccess" entityType="user-scope-grant" entityId="ebd4283c-e3ca-4a17-abba-a3b3f41e3628" action="GRANT" actorId="synthetic-manual-browser" correlationId="46670b88-3f28-4571-9541-30a14b3e1b62"
[WebServer] 2026-09-06T09:45:47.876Z INFO  application=marketops-server environment=local buildVersion=0.1.0-SNAPSHOT correlationId=none c.m.m.a.i.a.JdbcMetadataAuditStore - Metadata change recorded event="metadata_change_recorded" sourceDomain="identityaccess" entityType="user-scope-grant" entityId="3a153fc4-45e2-4209-970d-dff1f2b876c2" action="GRANT" actorId="synthetic-manual-browser" correlationId="17fffd1b-c481-410e-b11b-76324ce12e12"
[WebServer] 2026-09-06T09:45:47.882Z INFO  application=marketops-server environment=local buildVersion=0.1.0-SNAPSHOT correlationId=none c.m.m.a.i.a.JdbcMetadataAuditStore - Metadata change recorded event="metadata_change_recorded" sourceDomain="identityaccess" entityType="user-scope-grant" entityId="f613d0ca-a173-4c09-be7a-7ec907aafe20" action="GRANT" actorId="synthetic-manual-browser" correlationId="eb3ce0a2-0778-48d2-b5bb-20f4b500f0d3"
[WebServer] 2026-09-06T09:45:47.927Z INFO  application=marketops-server environment=local buildVersion=0.1.0-SNAPSHOT correlationId=none c.m.m.a.i.a.JdbcMetadataAuditStore - Metadata change recorded event="metadata_change_recorded" sourceDomain="identityaccess" entityType="user-scope-grant" entityId="4f5ff2a0-7b62-43a4-9861-38705d3bc56e" action="GRANT" actorId="synthetic-manual-browser" correlationId="e855d914-efe1-4245-91c2-10280245c011"
[WebServer] 2026-09-06T09:45:47.930Z INFO  application=marketops-server environment=local buildVersion=0.1.0-SNAPSHOT correlationId=none c.m.m.a.i.a.JdbcMetadataAuditStore - Metadata change recorded event="metadata_change_recorded" sourceDomain="identityaccess" entityType="user-scope-grant" entityId="4896bef8-f7a5-41a1-8153-b66cf91d90b2" action="GRANT" actorId="synthetic-manual-browser" correlationId="d7aa0bcd-b6fd-4101-a6be-ab989a41dc10"
[WebServer] 2026-09-06T09:45:47.933Z INFO  application=marketops-server environment=local buildVersion=0.1.0-SNAPSHOT correlationId=none c.m.m.a.i.a.JdbcMetadataAuditStore - Metadata change recorded event="metadata_change_recorded" sourceDomain="identityaccess" entityType="user-scope-grant" entityId="9479e3fe-86d5-4a15-9902-107c2889ec21" action="GRANT" actorId="synthetic-manual-browser" correlationId="8d15dea8-c637-4a78-a3a4-1f438e637fae"
[WebServer] 2026-09-06T09:45:47.940Z INFO  application=marketops-server environment=local buildVersion=0.1.0-SNAPSHOT correlationId=none c.m.m.a.i.a.JdbcMetadataAuditStore - Metadata change recorded event="metadata_change_recorded" sourceDomain="identityaccess" entityType="user-scope-grant" entityId="9b1ee4ea-e14a-4b16-8e42-651aad598439" action="GRANT" actorId="synthetic-manual-browser" correlationId="9b1aa758-fad9-4c7f-9e0b-d9a7b0f0850e"
[WebServer] 2026-09-06T09:45:47.945Z INFO  application=marketops-server environment=local buildVersion=0.1.0-SNAPSHOT correlationId=none c.m.m.a.i.a.JdbcMetadataAuditStore - Metadata change recorded event="metadata_change_recorded" sourceDomain="identityaccess" entityType="user-scope-grant" entityId="d66c964d-d622-464e-bc36-d506e8b9c458" action="GRANT" actorId="synthetic-manual-browser" correlationId="3eab7026-7946-4e8e-981f-e74f326145ad"
[WebServer] 2026-09-06T09:45:47.950Z INFO  application=marketops-server environment=local buildVersion=0.1.0-SNAPSHOT correlationId=none c.m.m.a.i.a.JdbcMetadataAuditStore - Metadata change recorded event="metadata_change_recorded" sourceDomain="identityaccess" entityType="user-scope-grant" entityId="2774c12c-f1b3-4596-b47d-10360731d5a9" action="GRANT" actorId="synthetic-manual-browser" correlationId="87246438-7d3f-4460-b451-ea7c9d84c3ff"
[WebServer] 2026-09-06T09:45:48.405Z INFO  application=marketops-server environment=local buildVersion=0.1.0-SNAPSHOT correlationId=none c.m.m.a.i.a.JdbcMetadataAuditStore - Metadata change recorded event="metadata_change_recorded" sourceDomain="identityaccess" entityType="user-scope-grant" entityId="631ba225-8ded-46a5-ac4d-713dba3cca8a" action="GRANT" actorId="synthetic-manual-browser" correlationId="9c76c9dc-be08-4c83-9e3e-9a7d839bfc8c"
[WebServer] 2026-09-06T09:45:48.408Z INFO  application=marketops-server environment=local buildVersion=0.1.0-SNAPSHOT correlationId=none c.m.m.a.i.a.JdbcMetadataAuditStore - Metadata change recorded event="metadata_change_recorded" sourceDomain="identityaccess" entityType="user-scope-grant" entityId="37a62375-1dcc-4886-9d79-052c4d1ef7ff" action="GRANT" actorId="synthetic-manual-browser" correlationId="8d1d496d-4465-4e87-bab4-2b6c956323f1"
[WebServer] 2026-09-06T09:45:48.411Z INFO  application=marketops-server environment=local buildVersion=0.1.0-SNAPSHOT correlationId=none c.m.m.a.i.a.JdbcMetadataAuditStore - Metadata change recorded event="metadata_change_recorded" sourceDomain="identityaccess" entityType="user-scope-grant" entityId="bb6df704-10ee-4198-9c16-31094275585a" action="GRANT" actorId="synthetic-manual-browser" correlationId="df948967-75a0-43f1-8873-4347ad742919"
[WebServer] 2026-09-06T09:45:48.434Z INFO  application=marketops-server environment=local buildVersion=0.1.0-SNAPSHOT correlationId=none c.m.m.a.i.a.JdbcMetadataAuditStore - Metadata change recorded event="metadata_change_recorded" sourceDomain="identityaccess" entityType="user-scope-grant" entityId="5c02989b-73c5-4ea6-adf1-61acbf27f3b3" action="GRANT" actorId="synthetic-manual-browser" correlationId="2c1a318f-cc80-4904-a6a3-c5fafdaf2769"
[WebServer] 2026-09-06T09:45:48.438Z INFO  application=marketops-server environment=local buildVersion=0.1.0-SNAPSHOT correlationId=none c.m.m.a.i.a.JdbcMetadataAuditStore - Metadata change recorded event="metadata_change_recorded" sourceDomain="identityaccess" entityType="user-scope-grant" entityId="0438807f-c94b-43b1-9f25-2dd7b64d021e" action="GRANT" actorId="synthetic-manual-browser" correlationId="2c62bf55-e7d5-4bc8-ae35-9f40a4a3d176"
[WebServer] 2026-09-06T09:45:48.441Z INFO  application=marketops-server environment=local buildVersion=0.1.0-SNAPSHOT correlationId=none c.m.m.a.i.a.JdbcMetadataAuditStore - Metadata change recorded event="metadata_change_recorded" sourceDomain="identityaccess" entityType="user-scope-grant" entityId="63740f3c-35b6-4a31-9f6d-0d75ff0cb2b6" action="GRANT" actorId="synthetic-manual-browser" correlationId="a82666a6-909a-43af-bc17-9a339426d819"
[WebServer] 2026-09-06T09:45:48.444Z INFO  application=marketops-server environment=local buildVersion=0.1.0-SNAPSHOT correlationId=none c.m.m.a.i.a.JdbcMetadataAuditStore - Metadata change recorded event="metadata_change_recorded" sourceDomain="identityaccess" entityType="user-scope-grant" entityId="98595335-880f-4c7e-bc57-6cbfff2c9264" action="GRANT" actorId="synthetic-manual-browser" correlationId="9b60b9a1-e7bc-4580-b92f-3596a63f8625"
[WebServer] 2026-09-06T09:45:48.447Z INFO  application=marketops-server environment=local buildVersion=0.1.0-SNAPSHOT correlationId=none c.m.m.a.i.a.JdbcMetadataAuditStore - Metadata change recorded event="metadata_change_recorded" sourceDomain="identityaccess" entityType="user-scope-grant" entityId="d9632bae-c99f-497b-8a4d-c969092dccb5" action="GRANT" actorId="synthetic-manual-browser" correlationId="0b7c850c-f5e6-490e-844d-fed6ad5bc5e5"
[WebServer] 2026-09-06T09:45:48.449Z INFO  application=marketops-server environment=local buildVersion=0.1.0-SNAPSHOT correlationId=none c.m.m.a.i.a.JdbcMetadataAuditStore - Metadata change recorded event="metadata_change_recorded" sourceDomain="identityaccess" entityType="user-scope-grant" entityId="76bacd22-cead-4660-8398-6f7511ac8dc4" action="GRANT" actorId="synthetic-manual-browser" correlationId="65415f94-b348-4172-96fc-e9d9c0cdb4bf"
[WebServer] 2026-09-06T09:45:48.474Z INFO  application=marketops-server environment=local buildVersion=0.1.0-SNAPSHOT correlationId=none c.m.m.a.i.a.JdbcMetadataAuditStore - Metadata change recorded event="metadata_change_recorded" sourceDomain="identityaccess" entityType="user-scope-grant" entityId="7817f205-9c42-49f1-9b1b-f3bc12776073" action="GRANT" actorId="synthetic-manual-browser" correlationId="b876e856-af01-49e2-8e18-24aa1e4e9d3d"
[WebServer] 2026-09-06T09:45:48.476Z INFO  application=marketops-server environment=local buildVersion=0.1.0-SNAPSHOT correlationId=none c.m.m.a.i.a.JdbcMetadataAuditStore - Metadata change recorded event="metadata_change_recorded" sourceDomain="identityaccess" entityType="user-scope-grant" entityId="7c92843e-69a0-4a86-8da1-e9b8bb2e80ec" action="GRANT" actorId="synthetic-manual-browser" correlationId="882d3316-677e-4c1e-8ad6-2c809914486b"
[WebServer] 2026-09-06T09:45:48.479Z INFO  application=marketops-server environment=local buildVersion=0.1.0-SNAPSHOT correlationId=none c.m.m.a.i.a.JdbcMetadataAuditStore - Metadata change recorded event="metadata_change_recorded" sourceDomain="identityaccess" entityType="user-scope-grant" entityId="f87963e7-5dbb-43c7-a334-2171fb100b6b" action="GRANT" actorId="synthetic-manual-browser" correlationId="a73a057b-02ed-49ef-8b15-93715d788ef1"
[WebServer] 2026-09-06T09:45:48.482Z INFO  application=marketops-server environment=local buildVersion=0.1.0-SNAPSHOT correlationId=none c.m.m.a.i.a.JdbcMetadataAuditStore - Metadata change recorded event="metadata_change_recorded" sourceDomain="identityaccess" entityType="user-scope-grant" entityId="7f2621a6-b5ee-4515-b2d3-bf27b9637e72" action="GRANT" actorId="synthetic-manual-browser" correlationId="bd76d0c9-5bb9-4a26-810e-5463f2a18ee9"
[WebServer] 2026-09-06T09:45:48.484Z INFO  application=marketops-server environment=local buildVersion=0.1.0-SNAPSHOT correlationId=none c.m.m.a.i.a.JdbcMetadataAuditStore - Metadata change recorded event="metadata_change_recorded" sourceDomain="identityaccess" entityType="user-scope-grant" entityId="91eaf38a-b2e0-4b8d-a6e0-871dbdb630bb" action="GRANT" actorId="synthetic-manual-browser" correlationId="8e52026f-9a86-44c5-8eba-26c245461b2d"
[WebServer] 2026-09-06T09:45:48.487Z INFO  application=marketops-server environment=local buildVersion=0.1.0-SNAPSHOT correlationId=none c.m.m.a.i.a.JdbcMetadataAuditStore - Metadata change recorded event="metadata_change_recorded" sourceDomain="identityaccess" entityType="user-scope-grant" entityId="1172154b-0391-4efd-9cdd-374ae3bb70d0" action="GRANT" actorId="synthetic-manual-browser" correlationId="f93ac785-21b4-4820-8b6d-a5aff0cc9fa3"
[WebServer] 2026-09-06T09:45:49.118Z INFO  application=marketops-server environment=local buildVersion=0.1.0-SNAPSHOT correlationId=none c.m.m.a.i.a.JdbcMetadataAuditStore - Metadata change recorded event="metadata_change_recorded" sourceDomain="identityaccess" entityType="user-scope-grant" entityId="9129e404-d8a7-433d-ba15-304689131417" action="GRANT" actorId="synthetic-manual-browser" correlationId="82d088fc-ded4-4256-bcce-baf6d0071c1f"
[WebServer] 2026-09-06T09:45:49.121Z INFO  application=marketops-server environment=local buildVersion=0.1.0-SNAPSHOT correlationId=none c.m.m.a.i.a.JdbcMetadataAuditStore - Metadata change recorded event="metadata_change_recorded" sourceDomain="identityaccess" entityType="user-scope-grant" entityId="7eeb8d89-41a2-4222-9fdf-20d155acc03e" action="GRANT" actorId="synthetic-manual-browser" correlationId="f1fa1d29-9f7c-4d0b-b34d-845d44564bd5"
[WebServer] 2026-09-06T09:45:49.124Z INFO  application=marketops-server environment=local buildVersion=0.1.0-SNAPSHOT correlationId=none c.m.m.a.i.a.JdbcMetadataAuditStore - Metadata change recorded event="metadata_change_recorded" sourceDomain="identityaccess" entityType="user-scope-grant" entityId="94356194-ae97-40f5-859a-57482b3ede96" action="GRANT" actorId="synthetic-manual-browser" correlationId="749b5b48-4971-4b26-aa58-3d4e9206420c"
[WebServer] 2026-09-06T09:45:49.146Z INFO  application=marketops-server environment=local buildVersion=0.1.0-SNAPSHOT correlationId=none c.m.m.a.i.a.JdbcMetadataAuditStore - Metadata change recorded event="metadata_change_recorded" sourceDomain="identityaccess" entityType="user-scope-grant" entityId="28991f2b-2936-44b9-8b20-c472f93a8d92" action="GRANT" actorId="synthetic-manual-browser" correlationId="95ff2471-19b5-429b-a211-d545f948168f"
[WebServer] 2026-09-06T09:45:49.149Z INFO  application=marketops-server environment=local buildVersion=0.1.0-SNAPSHOT correlationId=none c.m.m.a.i.a.JdbcMetadataAuditStore - Metadata change recorded event="metadata_change_recorded" sourceDomain="identityaccess" entityType="user-scope-grant" entityId="f1702d0d-9e22-4bdf-8d1a-b712256aaade" action="GRANT" actorId="synthetic-manual-browser" correlationId="a418470f-bde8-4871-b1cb-f57928f7a0ca"
[WebServer] 2026-09-06T09:45:49.151Z INFO  application=marketops-server environment=local buildVersion=0.1.0-SNAPSHOT correlationId=none c.m.m.a.i.a.JdbcMetadataAuditStore - Metadata change recorded event="metadata_change_recorded" sourceDomain="identityaccess" entityType="user-scope-grant" entityId="3653a24b-f74e-4953-a1a9-3abc7e44efc2" action="GRANT" actorId="synthetic-manual-browser" correlationId="deaa3d26-bfa4-4c48-ace2-261026249d66"
[WebServer] 2026-09-06T09:45:49.154Z INFO  application=marketops-server environment=local buildVersion=0.1.0-SNAPSHOT correlationId=none c.m.m.a.i.a.JdbcMetadataAuditStore - Metadata change recorded event="metadata_change_recorded" sourceDomain="identityaccess" entityType="user-scope-grant" entityId="e8cb6d2e-4794-4fef-b015-faf219c84073" action="GRANT" actorId="synthetic-manual-browser" correlationId="bf946f20-4af5-4fa1-8c7c-56820fbce57d"
[WebServer] 2026-09-06T09:45:49.156Z INFO  application=marketops-server environment=local buildVersion=0.1.0-SNAPSHOT correlationId=none c.m.m.a.i.a.JdbcMetadataAuditStore - Metadata change recorded event="metadata_change_recorded" sourceDomain="identityaccess" entityType="user-scope-grant" entityId="ec3776b1-25cd-4ae8-bc94-549cca14b795" action="GRANT" actorId="synthetic-manual-browser" correlationId="ea19cca7-fde2-4f33-a4a5-4134c43d14db"
[WebServer] 2026-09-06T09:45:49.159Z INFO  application=marketops-server environment=local buildVersion=0.1.0-SNAPSHOT correlationId=none c.m.m.a.i.a.JdbcMetadataAuditStore - Metadata change recorded event="metadata_change_recorded" sourceDomain="identityaccess" entityType="user-scope-grant" entityId="b15069aa-f4cb-4d89-bdb5-808a2875a7bf" action="GRANT" actorId="synthetic-manual-browser" correlationId="72a3d53b-6efb-42c3-aa83-7da80a629636"
[WebServer] 2026-09-06T09:45:49.181Z INFO  application=marketops-server environment=local buildVersion=0.1.0-SNAPSHOT correlationId=none c.m.m.a.i.a.JdbcMetadataAuditStore - Metadata change recorded event="metadata_change_recorded" sourceDomain="identityaccess" entityType="user-scope-grant" entityId="5a3bb3c5-f149-4645-99c9-694038993423" action="GRANT" actorId="synthetic-manual-browser" correlationId="8cf22f6d-f392-474e-899a-d86aad55dc73"
[WebServer] 2026-09-06T09:45:49.184Z INFO  application=marketops-server environment=local buildVersion=0.1.0-SNAPSHOT correlationId=none c.m.m.a.i.a.JdbcMetadataAuditStore - Metadata change recorded event="metadata_change_recorded" sourceDomain="identityaccess" entityType="user-scope-grant" entityId="8f8b0cd5-c4bb-489f-9af8-4d18db81863a" action="GRANT" actorId="synthetic-manual-browser" correlationId="b3be3fd7-5c55-45d9-85e4-62dda64a4bd7"
[WebServer] 2026-09-06T09:45:49.187Z INFO  application=marketops-server environment=local buildVersion=0.1.0-SNAPSHOT correlationId=none c.m.m.a.i.a.JdbcMetadataAuditStore - Metadata change recorded event="metadata_change_recorded" sourceDomain="identityaccess" entityType="user-scope-grant" entityId="5e9870c5-f861-4da2-b233-bcf0abfc730d" action="GRANT" actorId="synthetic-manual-browser" correlationId="458cd168-419b-4877-8d7f-8c2ee9bcd1af"
[WebServer] 2026-09-06T09:45:49.189Z INFO  application=marketops-server environment=local buildVersion=0.1.0-SNAPSHOT correlationId=none c.m.m.a.i.a.JdbcMetadataAuditStore - Metadata change recorded event="metadata_change_recorded" sourceDomain="identityaccess" entityType="user-scope-grant" entityId="8449c5ba-039e-4a55-8808-67789b0d1384" action="GRANT" actorId="synthetic-manual-browser" correlationId="ca8cd4b0-d35a-46d6-9aba-a6a3522b9d3f"
[WebServer] 2026-09-06T09:45:49.192Z INFO  application=marketops-server environment=local buildVersion=0.1.0-SNAPSHOT correlationId=none c.m.m.a.i.a.JdbcMetadataAuditStore - Metadata change recorded event="metadata_change_recorded" sourceDomain="identityaccess" entityType="user-scope-grant" entityId="97a507ca-8a7b-463a-a5fb-b30b1ea735cd" action="GRANT" actorId="synthetic-manual-browser" correlationId="d515a309-5960-412f-8c6a-24544876e206"
[WebServer] 2026-09-06T09:45:49.195Z INFO  application=marketops-server environment=local buildVersion=0.1.0-SNAPSHOT correlationId=none c.m.m.a.i.a.JdbcMetadataAuditStore - Metadata change recorded event="metadata_change_recorded" sourceDomain="identityaccess" entityType="user-scope-grant" entityId="9c4eb335-93ba-4b8c-bb23-7b83b91ba912" action="GRANT" actorId="synthetic-manual-browser" correlationId="5c22378e-ef87-4e9a-885a-49b22dd0a19a"
[WebServer] 2026-09-06T09:45:49.543Z INFO  application=marketops-server environment=local buildVersion=0.1.0-SNAPSHOT correlationId=none c.m.m.a.i.a.JdbcMetadataAuditStore - Metadata change recorded event="metadata_change_recorded" sourceDomain="identityaccess" entityType="user-scope-grant" entityId="9fb30769-0732-4503-bfce-6ac90374dd55" action="GRANT" actorId="synthetic-manual-browser" correlationId="f257b80e-4d3a-4a36-a8dc-c6e35e89c299"
[WebServer] 2026-09-06T09:45:49.546Z INFO  application=marketops-server environment=local buildVersion=0.1.0-SNAPSHOT correlationId=none c.m.m.a.i.a.JdbcMetadataAuditStore - Metadata change recorded event="metadata_change_recorded" sourceDomain="identityaccess" entityType="user-scope-grant" entityId="bbb1492d-5384-4599-a51c-f275f0a799ad" action="GRANT" actorId="synthetic-manual-browser" correlationId="c0c9e288-9907-45de-abf0-cd0c2216f6ea"
[WebServer] 2026-09-06T09:45:49.548Z INFO  application=marketops-server environment=local buildVersion=0.1.0-SNAPSHOT correlationId=none c.m.m.a.i.a.JdbcMetadataAuditStore - Metadata change recorded event="metadata_change_recorded" sourceDomain="identityaccess" entityType="user-scope-grant" entityId="a1f4c966-5f8f-4293-8318-0f8b1ddb15a9" action="GRANT" actorId="synthetic-manual-browser" correlationId="5eb2d332-181e-4346-8f33-33a48ac5177a"
[WebServer] 2026-09-06T09:45:49.572Z INFO  application=marketops-server environment=local buildVersion=0.1.0-SNAPSHOT correlationId=none c.m.m.a.i.a.JdbcMetadataAuditStore - Metadata change recorded event="metadata_change_recorded" sourceDomain="identityaccess" entityType="user-scope-grant" entityId="9c8737d9-f2c6-4b61-ba7b-5241410d19c6" action="GRANT" actorId="synthetic-manual-browser" correlationId="c72015b6-4ac6-44f0-b7c4-33a4245b4651"
[WebServer] 2026-09-06T09:45:49.575Z INFO  application=marketops-server environment=local buildVersion=0.1.0-SNAPSHOT correlationId=none c.m.m.a.i.a.JdbcMetadataAuditStore - Metadata change recorded event="metadata_change_recorded" sourceDomain="identityaccess" entityType="user-scope-grant" entityId="e01e55e2-479d-48a2-9b55-6acd37da3bf2" action="GRANT" actorId="synthetic-manual-browser" correlationId="c4165d42-0fdd-4375-a837-c9586db193d1"
[WebServer] 2026-09-06T09:45:49.577Z INFO  application=marketops-server environment=local buildVersion=0.1.0-SNAPSHOT correlationId=none c.m.m.a.i.a.JdbcMetadataAuditStore - Metadata change recorded event="metadata_change_recorded" sourceDomain="identityaccess" entityType="user-scope-grant" entityId="a573d1a6-9c10-4f1a-814a-5d9b54fbaebd" action="GRANT" actorId="synthetic-manual-browser" correlationId="ed6ea410-e518-4317-9296-f76316f07fc6"
[WebServer] 2026-09-06T09:45:49.580Z INFO  application=marketops-server environment=local buildVersion=0.1.0-SNAPSHOT correlationId=none c.m.m.a.i.a.JdbcMetadataAuditStore - Metadata change recorded event="metadata_change_recorded" sourceDomain="identityaccess" entityType="user-scope-grant" entityId="18c8f2c8-4fc8-4818-990b-59193e95e952" action="GRANT" actorId="synthetic-manual-browser" correlationId="3064adbb-f3f6-492d-9b5f-d63ef3d561f1"
[WebServer] 2026-09-06T09:45:49.583Z INFO  application=marketops-server environment=local buildVersion=0.1.0-SNAPSHOT correlationId=none c.m.m.a.i.a.JdbcMetadataAuditStore - Metadata change recorded event="metadata_change_recorded" sourceDomain="identityaccess" entityType="user-scope-grant" entityId="2fab53ce-8e47-4c7a-b37e-9ccd182f8d5f" action="GRANT" actorId="synthetic-manual-browser" correlationId="945da71f-80bb-44da-8b81-61f3f4233658"
[WebServer] 2026-09-06T09:45:49.585Z INFO  application=marketops-server environment=local buildVersion=0.1.0-SNAPSHOT correlationId=none c.m.m.a.i.a.JdbcMetadataAuditStore - Metadata change recorded event="metadata_change_recorded" sourceDomain="identityaccess" entityType="user-scope-grant" entityId="9c5501dd-68cf-450e-a0c8-f449f1860105" action="GRANT" actorId="synthetic-manual-browser" correlationId="877a09b8-b28a-4c31-9a38-cd027a866f9c"
[WebServer] 2026-09-06T09:45:49.608Z INFO  application=marketops-server environment=local buildVersion=0.1.0-SNAPSHOT correlationId=none c.m.m.a.i.a.JdbcMetadataAuditStore - Metadata change recorded event="metadata_change_recorded" sourceDomain="identityaccess" entityType="user-scope-grant" entityId="5fd2e95a-6482-42a3-9236-c8334fa7c13a" action="GRANT" actorId="synthetic-manual-browser" correlationId="4f19c379-f2a1-416a-b42e-877a241b374e"
[WebServer] 2026-09-06T09:45:49.611Z INFO  application=marketops-server environment=local buildVersion=0.1.0-SNAPSHOT correlationId=none c.m.m.a.i.a.JdbcMetadataAuditStore - Metadata change recorded event="metadata_change_recorded" sourceDomain="identityaccess" entityType="user-scope-grant" entityId="9840783e-1c51-40e5-9d81-ae77e4fe8fd5" action="GRANT" actorId="synthetic-manual-browser" correlationId="55fd160f-20bf-4d63-8fab-a96b39ce4214"
[WebServer] 2026-09-06T09:45:49.614Z INFO  application=marketops-server environment=local buildVersion=0.1.0-SNAPSHOT correlationId=none c.m.m.a.i.a.JdbcMetadataAuditStore - Metadata change recorded event="metadata_change_recorded" sourceDomain="identityaccess" entityType="user-scope-grant" entityId="306f9090-7b5f-462f-bba0-ec9ab035c3dd" action="GRANT" actorId="synthetic-manual-browser" correlationId="b5af903a-9730-46ee-b512-663fa6ea62fa"
[WebServer] 2026-09-06T09:45:49.617Z INFO  application=marketops-server environment=local buildVersion=0.1.0-SNAPSHOT correlationId=none c.m.m.a.i.a.JdbcMetadataAuditStore - Metadata change recorded event="metadata_change_recorded" sourceDomain="identityaccess" entityType="user-scope-grant" entityId="70340d46-c23f-47d6-8c60-ef81370a7690" action="GRANT" actorId="synthetic-manual-browser" correlationId="43b38a79-b562-4cf4-9de4-c728f8af40b0"
[WebServer] 2026-09-06T09:45:49.620Z INFO  application=marketops-server environment=local buildVersion=0.1.0-SNAPSHOT correlationId=none c.m.m.a.i.a.JdbcMetadataAuditStore - Metadata change recorded event="metadata_change_recorded" sourceDomain="identityaccess" entityType="user-scope-grant" entityId="b4679994-7255-4d1f-a0c7-808a5172ed2e" action="GRANT" actorId="synthetic-manual-browser" correlationId="2ccde59e-58be-4965-80fb-094ab6a1caa1"
[WebServer] 2026-09-06T09:45:49.622Z INFO  application=marketops-server environment=local buildVersion=0.1.0-SNAPSHOT correlationId=none c.m.m.a.i.a.JdbcMetadataAuditStore - Metadata change recorded event="metadata_change_recorded" sourceDomain="identityaccess" entityType="user-scope-grant" entityId="468f88eb-04ba-4c14-b779-5ba37a248589" action="GRANT" actorId="synthetic-manual-browser" correlationId="8f73d1d8-20b7-4f38-b4dc-1bea0c0bc670"
[WebServer] 2026-09-06T09:45:49.880Z INFO  application=marketops-server environment=local buildVersion=0.1.0-SNAPSHOT correlationId=none c.m.m.a.i.a.JdbcMetadataAuditStore - Metadata change recorded event="metadata_change_recorded" sourceDomain="identityaccess" entityType="user-scope-grant" entityId="0a8f6a7c-8972-4d6d-8363-accec5669b09" action="REVOKE" actorId="synthetic-pagination-browser" correlationId="609c02d1-0945-4584-aea0-e40a19898926"
[WebServer] 2026-09-06T09:45:49.884Z INFO  application=marketops-server environment=local buildVersion=0.1.0-SNAPSHOT correlationId=none c.m.m.a.i.a.JdbcMetadataAuditStore - Metadata change recorded event="metadata_change_recorded" sourceDomain="identityaccess" entityType="user-scope-grant" entityId="2c357a6c-a453-4402-8d1d-c177dcad8f6d" action="GRANT" actorId="synthetic-pagination-browser" correlationId="21d21932-e6bc-42eb-9a71-6cc5aeb40799"
[WebServer] 2026-09-06T09:45:49.887Z INFO  application=marketops-server environment=local buildVersion=0.1.0-SNAPSHOT correlationId=none c.m.m.a.i.a.JdbcMetadataAuditStore - Metadata change recorded event="metadata_change_recorded" sourceDomain="identityaccess" entityType="user-scope-grant" entityId="24fc8e88-d499-455f-8455-60e9b114f4de" action="GRANT" actorId="synthetic-pagination-browser" correlationId="921bbaed-c739-45ae-8942-9de07a634426"
[WebServer] 2026-09-06T09:45:49.891Z INFO  application=marketops-server environment=local buildVersion=0.1.0-SNAPSHOT correlationId=none c.m.m.a.i.a.JdbcMetadataAuditStore - Metadata change recorded event="metadata_change_recorded" sourceDomain="identityaccess" entityType="user-scope-grant" entityId="c267b831-b6a2-4af3-b93e-5f9c8b7d99ad" action="GRANT" actorId="synthetic-pagination-browser" correlationId="6b3a6e5e-c40c-4665-8dd5-eaef3ca16523"
[WebServer] 2026-09-06T09:45:49.893Z INFO  application=marketops-server environment=local buildVersion=0.1.0-SNAPSHOT correlationId=none c.m.m.a.i.a.JdbcMetadataAuditStore - Metadata change recorded event="metadata_change_recorded" sourceDomain="identityaccess" entityType="user-scope-grant" entityId="913bea23-c8aa-4758-88f3-d1364e599d5e" action="GRANT" actorId="synthetic-pagination-browser" correlationId="a172cddb-abec-490e-b84c-74064106a7ee"
[WebServer] 2026-09-06T09:45:49.918Z INFO  application=marketops-server environment=local buildVersion=0.1.0-SNAPSHOT correlationId=none c.m.m.a.i.a.JdbcMetadataAuditStore - Metadata change recorded event="metadata_change_recorded" sourceDomain="identityaccess" entityType="user-scope-grant" entityId="adb6aa2e-0903-4859-ad7a-6d011aebf761" action="GRANT" actorId="synthetic-pagination-browser" correlationId="bf49a843-24b2-4390-81b2-a117b2532aeb"
[WebServer] 2026-09-06T09:45:49.922Z INFO  application=marketops-server environment=local buildVersion=0.1.0-SNAPSHOT correlationId=none c.m.m.a.i.a.JdbcMetadataAuditStore - Metadata change recorded event="metadata_change_recorded" sourceDomain="identityaccess" entityType="user-scope-grant" entityId="dfbde996-fe8c-4fac-8aee-a0f085e83637" action="GRANT" actorId="synthetic-pagination-browser" correlationId="6654e520-45cd-41cf-a691-c0a6438d4f4e"
[WebServer] 2026-09-06T09:45:49.926Z INFO  application=marketops-server environment=local buildVersion=0.1.0-SNAPSHOT correlationId=none c.m.m.a.i.a.JdbcMetadataAuditStore - Metadata change recorded event="metadata_change_recorded" sourceDomain="identityaccess" entityType="user-scope-grant" entityId="331c095c-16f5-4ab9-a5fb-cb5ec8c3a867" action="GRANT" actorId="synthetic-pagination-browser" correlationId="d526197b-fb51-4831-b012-d2cd83e57a6a"
[WebServer] 2026-09-06T09:45:49.929Z INFO  application=marketops-server environment=local buildVersion=0.1.0-SNAPSHOT correlationId=none c.m.m.a.i.a.JdbcMetadataAuditStore - Metadata change recorded event="metadata_change_recorded" sourceDomain="identityaccess" entityType="user-scope-grant" entityId="80aa54af-2f56-4399-bdf2-9ff5d8ae4810" action="GRANT" actorId="synthetic-pagination-browser" correlationId="86cc00ba-563f-4c28-9eb4-3c14e1eefffe"
[WebServer] 2026-09-06T09:45:49.952Z INFO  application=marketops-server environment=local buildVersion=0.1.0-SNAPSHOT correlationId=none c.m.m.a.i.a.JdbcMetadataAuditStore - Metadata change recorded event="metadata_change_recorded" sourceDomain="identityaccess" entityType="user-scope-grant" entityId="a35c708e-7c4c-49b9-8851-e05ab278b68d" action="GRANT" actorId="synthetic-pagination-browser" correlationId="3e27812d-3a28-4e57-a808-d0d8ffc5f4d2"
[WebServer] 2026-09-06T09:45:49.955Z INFO  application=marketops-server environment=local buildVersion=0.1.0-SNAPSHOT correlationId=none c.m.m.a.i.a.JdbcMetadataAuditStore - Metadata change recorded event="metadata_change_recorded" sourceDomain="identityaccess" entityType="user-scope-grant" entityId="79b6c967-64c4-4a0b-8daf-285b3901ae4a" action="GRANT" actorId="synthetic-pagination-browser" correlationId="614d2e23-b7f1-4faa-987c-647f1f98eaf0"
[WebServer] 2026-09-06T09:45:49.958Z INFO  application=marketops-server environment=local buildVersion=0.1.0-SNAPSHOT correlationId=none c.m.m.a.i.a.JdbcMetadataAuditStore - Metadata change recorded event="metadata_change_recorded" sourceDomain="identityaccess" entityType="user-scope-grant" entityId="235a34f4-128a-441b-8ac4-c0998a31490e" action="GRANT" actorId="synthetic-pagination-browser" correlationId="fa66e7b6-fca2-4bc2-9e66-0c26472dceee"
[WebServer] 2026-09-06T09:45:49.961Z INFO  application=marketops-server environment=local buildVersion=0.1.0-SNAPSHOT correlationId=none c.m.m.a.i.a.JdbcMetadataAuditStore - Metadata change recorded event="metadata_change_recorded" sourceDomain="identityaccess" entityType="user-scope-grant" entityId="571399bd-c27a-46c4-845b-25f1e34fa26c" action="GRANT" actorId="synthetic-pagination-browser" correlationId="1302c80e-4916-44ba-8a18-5bc195709cd1"
[WebServer] 2026-09-06T09:45:53.773Z INFO  application=marketops-server environment=local buildVersion=0.1.0-SNAPSHOT correlationId=none c.m.m.a.i.a.JdbcMetadataAuditStore - Metadata change recorded event="metadata_change_recorded" sourceDomain="identityaccess" entityType="user-scope-grant" entityId="f25a18a5-fe57-4785-a44f-085e0146c601" action="GRANT" actorId="synthetic-ad-browser" correlationId="82e422e9-bb40-40f2-94c6-0f9bea8b5aa6"

Running 12 tests using 1 worker

[WebServer] 2026-09-06T09:45:59.061Z INFO  application=marketops-server environment=local buildVersion=0.1.0-SNAPSHOT correlationId=none o.a.c.c.C.[Tomcat].[localhost].[/] - Initializing Spring DispatcherServlet 'dispatcherServlet' 
[WebServer] 2026-09-06T09:45:59.061Z INFO  application=marketops-server environment=local buildVersion=0.1.0-SNAPSHOT correlationId=none o.s.web.servlet.DispatcherServlet - Initializing Servlet 'dispatcherServlet' 
[WebServer] 2026-09-06T09:45:59.067Z INFO  application=marketops-server environment=local buildVersion=0.1.0-SNAPSHOT correlationId=none o.s.web.servlet.DispatcherServlet - Completed initialization in 6 ms 
[WebServer] 2026-09-06T09:45:59.283Z INFO  application=marketops-server environment=local buildVersion=0.1.0-SNAPSHOT correlationId=99746534-7dd8-4aff-9e4a-5f7d742dedc4 c.m.m.s.i.c.CorrelationIdFilter - Request completed event="request_completed" correlationId="99746534-7dd8-4aff-9e4a-5f7d742dedc4" status="200"
[WebServer] 2026-09-06T09:45:59.283Z INFO  application=marketops-server environment=local buildVersion=0.1.0-SNAPSHOT correlationId=facf77d2-dd53-444b-b7e5-d24ce625194c c.m.m.s.i.c.CorrelationIdFilter - Request completed event="request_completed" correlationId="facf77d2-dd53-444b-b7e5-d24ce625194c" status="200"
[WebServer] 2026-09-06T09:45:59.420Z INFO  application=marketops-server environment=local buildVersion=0.1.0-SNAPSHOT correlationId=e1829652-d035-4007-b60e-74f20d4ef039 c.m.m.a.i.a.JdbcMetadataAuditStore - Metadata change recorded event="metadata_change_recorded" sourceDomain="advertisingefficiency" entityType="advertising_reservations" entityId="cae4c500-3614-41d6-bbaa-e4c17cb62db9" action="READ" actorId="fb92d66e-1719-4404-8f32-cfd3128238e4" correlationId="e1829652-d035-4007-b60e-74f20d4ef039"
[WebServer] 2026-09-06T09:45:59.426Z INFO  application=marketops-server environment=local buildVersion=0.1.0-SNAPSHOT correlationId=e1829652-d035-4007-b60e-74f20d4ef039 c.m.m.s.i.c.CorrelationIdFilter - Request completed event="request_completed" correlationId="e1829652-d035-4007-b60e-74f20d4ef039" status="200"
[WebServer] 2026-09-06T09:45:59.429Z INFO  application=marketops-server environment=local buildVersion=0.1.0-SNAPSHOT correlationId=207134e5-7149-4059-982a-5c7308556ab9 c.m.m.a.i.a.JdbcMetadataAuditStore - Metadata change recorded event="metadata_change_recorded" sourceDomain="advertisingefficiency" entityType="advertising_exposure" entityId="cae4c500-3614-41d6-bbaa-e4c17cb62db9" action="READ" actorId="fb92d66e-1719-4404-8f32-cfd3128238e4" correlationId="207134e5-7149-4059-982a-5c7308556ab9"
[WebServer] 2026-09-06T09:45:59.431Z INFO  application=marketops-server environment=local buildVersion=0.1.0-SNAPSHOT correlationId=6377f854-6fef-4018-94e3-eb0abdcd01d2 c.m.m.s.i.e.ConsoleProblemAdvice - Console request refused event="console_request_refused" errorCode="RESOURCE_NOT_FOUND" correlationId="6377f854-6fef-4018-94e3-eb0abdcd01d2"
[WebServer] 2026-09-06T09:45:59.434Z INFO  application=marketops-server environment=local buildVersion=0.1.0-SNAPSHOT correlationId=0d1845f3-ce92-4e63-bb87-32d98aad20bc c.m.m.a.i.a.JdbcMetadataAuditStore - Metadata change recorded event="metadata_change_recorded" sourceDomain="availabilityrisk" entityType="availability_queue" entityId="cae4c500-3614-41d6-bbaa-e4c17cb62db9" action="READ" actorId="fb92d66e-1719-4404-8f32-cfd3128238e4" correlationId="0d1845f3-ce92-4e63-bb87-32d98aad20bc"
[WebServer] 2026-09-06T09:45:59.435Z INFO  application=marketops-server environment=local buildVersion=0.1.0-SNAPSHOT correlationId=207134e5-7149-4059-982a-5c7308556ab9 c.m.m.s.i.c.CorrelationIdFilter - Request completed event="request_completed" correlationId="207134e5-7149-4059-982a-5c7308556ab9" status="200"
[WebServer] 2026-09-06T09:45:59.438Z INFO  application=marketops-server environment=local buildVersion=0.1.0-SNAPSHOT correlationId=6377f854-6fef-4018-94e3-eb0abdcd01d2 c.m.m.s.i.c.CorrelationIdFilter - Request completed event="request_completed" correlationId="6377f854-6fef-4018-94e3-eb0abdcd01d2" status="404"
[WebServer] 2026-09-06T09:45:59.439Z INFO  application=marketops-server environment=local buildVersion=0.1.0-SNAPSHOT correlationId=0d1845f3-ce92-4e63-bb87-32d98aad20bc c.m.m.s.i.c.CorrelationIdFilter - Request completed event="request_completed" correlationId="0d1845f3-ce92-4e63-bb87-32d98aad20bc" status="200"
[WebServer] 2026-09-06T09:45:59.441Z INFO  application=marketops-server environment=local buildVersion=0.1.0-SNAPSHOT correlationId=2c3e5df9-fe99-4c83-a9ca-f21eb312b42e c.m.m.s.i.e.ConsoleProblemAdvice - Console request refused event="console_request_refused" errorCode="RESOURCE_SCOPE_DENIED" correlationId="2c3e5df9-fe99-4c83-a9ca-f21eb312b42e"
[WebServer] 2026-09-06T09:45:59.442Z INFO  application=marketops-server environment=local buildVersion=0.1.0-SNAPSHOT correlationId=2c3e5df9-fe99-4c83-a9ca-f21eb312b42e c.m.m.s.i.c.CorrelationIdFilter - Request completed event="request_completed" correlationId="2c3e5df9-fe99-4c83-a9ca-f21eb312b42e" status="403"
[WebServer] 2026-09-06T09:45:59.444Z INFO  application=marketops-server environment=local buildVersion=0.1.0-SNAPSHOT correlationId=5d5b1e84-8200-432f-8a19-eae1b6d382d8 c.m.m.a.i.a.JdbcMetadataAuditStore - Metadata change recorded event="metadata_change_recorded" sourceDomain="advertisingefficiency" entityType="advertising_containments" entityId="cae4c500-3614-41d6-bbaa-e4c17cb62db9" action="READ" actorId="fb92d66e-1719-4404-8f32-cfd3128238e4" correlationId="5d5b1e84-8200-432f-8a19-eae1b6d382d8"
[WebServer] 2026-09-06T09:45:59.453Z INFO  application=marketops-server environment=local buildVersion=0.1.0-SNAPSHOT correlationId=5d5b1e84-8200-432f-8a19-eae1b6d382d8 c.m.m.s.i.c.CorrelationIdFilter - Request completed event="request_completed" correlationId="5d5b1e84-8200-432f-8a19-eae1b6d382d8" status="200"
[WebServer] 2026-09-06T09:45:59.459Z INFO  application=marketops-server environment=local buildVersion=0.1.0-SNAPSHOT correlationId=38a6288b-9e59-46ea-b12b-f47eeaf8acb7 c.m.m.s.i.e.ConsoleProblemAdvice - Console request refused event="console_request_refused" errorCode="RESOURCE_SCOPE_DENIED" correlationId="38a6288b-9e59-46ea-b12b-f47eeaf8acb7"
[WebServer] 2026-09-06T09:45:59.459Z INFO  application=marketops-server environment=local buildVersion=0.1.0-SNAPSHOT correlationId=38a6288b-9e59-46ea-b12b-f47eeaf8acb7 c.m.m.s.i.c.CorrelationIdFilter - Request completed event="request_completed" correlationId="38a6288b-9e59-46ea-b12b-f47eeaf8acb7" status="403"
[WebServer] 2026-09-06T09:45:59.463Z INFO  application=marketops-server environment=local buildVersion=0.1.0-SNAPSHOT correlationId=68ee3f99-5c3d-4e53-a0e4-f3ec6883dbe7 c.m.m.a.i.a.JdbcMetadataAuditStore - Metadata change recorded event="metadata_change_recorded" sourceDomain="advertisingefficiency" entityType="advertising_queue" entityId="cae4c500-3614-41d6-bbaa-e4c17cb62db9" action="READ" actorId="fb92d66e-1719-4404-8f32-cfd3128238e4" correlationId="68ee3f99-5c3d-4e53-a0e4-f3ec6883dbe7"
[WebServer] 2026-09-06T09:45:59.474Z INFO  application=marketops-server environment=local buildVersion=0.1.0-SNAPSHOT correlationId=db3d19d6-b201-406d-b973-60638694f602 c.m.m.a.i.a.JdbcMetadataAuditStore - Metadata change recorded event="metadata_change_recorded" sourceDomain="advertisingefficiency" entityType="advertising_orchestration" entityId="cae4c500-3614-41d6-bbaa-e4c17cb62db9" action="READ" actorId="fb92d66e-1719-4404-8f32-cfd3128238e4" correlationId="db3d19d6-b201-406d-b973-60638694f602"
[WebServer] 2026-09-06T09:45:59.477Z INFO  application=marketops-server environment=local buildVersion=0.1.0-SNAPSHOT correlationId=db3d19d6-b201-406d-b973-60638694f602 c.m.m.s.i.c.CorrelationIdFilter - Request completed event="request_completed" correlationId="db3d19d6-b201-406d-b973-60638694f602" status="200"
[WebServer] 2026-09-06T09:45:59.530Z INFO  application=marketops-server environment=local buildVersion=0.1.0-SNAPSHOT correlationId=68ee3f99-5c3d-4e53-a0e4-f3ec6883dbe7 c.m.m.s.i.c.CorrelationIdFilter - Request completed event="request_completed" correlationId="68ee3f99-5c3d-4e53-a0e4-f3ec6883dbe7" status="200"
[WebServer] 2026-09-06T09:45:59.988Z INFO  application=marketops-server environment=local buildVersion=0.1.0-SNAPSHOT correlationId=0ca74288-d479-4ede-a3b2-09c8e1f4f729 c.m.m.a.i.a.JdbcMetadataAuditStore - Metadata change recorded event="metadata_change_recorded" sourceDomain="advertisingefficiency" entityType="advertising_case" entityId="5484f52e-a629-48a8-b5b1-30308bc94f7a" action="READ" actorId="fb92d66e-1719-4404-8f32-cfd3128238e4" correlationId="0ca74288-d479-4ede-a3b2-09c8e1f4f729"
[WebServer] 2026-09-06T09:46:00.004Z INFO  application=marketops-server environment=local buildVersion=0.1.0-SNAPSHOT correlationId=0ca74288-d479-4ede-a3b2-09c8e1f4f729 c.m.m.s.i.c.CorrelationIdFilter - Request completed event="request_completed" correlationId="0ca74288-d479-4ede-a3b2-09c8e1f4f729" status="200"
[WebServer] 2026-09-06T09:46:00.047Z INFO  application=marketops-server environment=local buildVersion=0.1.0-SNAPSHOT correlationId=b9de39b5-8a27-4b46-9dbc-020d76aeb2e1 c.m.m.a.i.a.JdbcMetadataAuditStore - Metadata change recorded event="metadata_change_recorded" sourceDomain="advertisingefficiency" entityType="advertising_manual_packet" entityId="28408978-b4cb-458e-ab95-c360966117af" action="READ" actorId="fb92d66e-1719-4404-8f32-cfd3128238e4" correlationId="b9de39b5-8a27-4b46-9dbc-020d76aeb2e1"
[WebServer] 2026-09-06T09:46:00.049Z INFO  application=marketops-server environment=local buildVersion=0.1.0-SNAPSHOT correlationId=b9de39b5-8a27-4b46-9dbc-020d76aeb2e1 c.m.m.s.i.c.CorrelationIdFilter - Request completed event="request_completed" correlationId="b9de39b5-8a27-4b46-9dbc-020d76aeb2e1" status="200"
[WebServer] 2026-09-06T09:46:00.077Z INFO  application=marketops-server environment=local buildVersion=0.1.0-SNAPSHOT correlationId=5382f10c-8f63-44dc-b11c-6c7aae7fc067 c.m.m.s.i.c.CorrelationIdFilter - Request completed event="request_completed" correlationId="5382f10c-8f63-44dc-b11c-6c7aae7fc067" status="200"
[WebServer] 2026-09-06T09:46:00.099Z INFO  application=marketops-server environment=local buildVersion=0.1.0-SNAPSHOT correlationId=84534680-cfce-43bc-b311-6d0fe104728e c.m.m.s.i.c.CorrelationIdFilter - Request completed event="request_completed" correlationId="84534680-cfce-43bc-b311-6d0fe104728e" status="200"
[WebServer] 2026-09-06T09:46:00.143Z INFO  application=marketops-server environment=local buildVersion=0.1.0-SNAPSHOT correlationId=1a48a593-d9d5-41d6-8674-cdbf42af5233 c.m.m.s.i.c.CorrelationIdFilter - Request completed event="request_completed" correlationId="1a48a593-d9d5-41d6-8674-cdbf42af5233" status="200"
[WebServer] 2026-09-06T09:46:00.251Z INFO  application=marketops-server environment=local buildVersion=0.1.0-SNAPSHOT correlationId=01ad2899-424c-471f-a343-24a81d2fbe31 c.m.m.s.i.c.CorrelationIdFilter - Request completed event="request_completed" correlationId="01ad2899-424c-471f-a343-24a81d2fbe31" status="204"
[WebServer] 2026-09-06T09:46:00.313Z INFO  application=marketops-server environment=local buildVersion=0.1.0-SNAPSHOT correlationId=dc458bf7-e1b0-4d91-867c-b91bcda84510 c.m.m.s.i.c.CorrelationIdFilter - Request completed event="request_completed" correlationId="dc458bf7-e1b0-4d91-867c-b91bcda84510" status="200"
[WebServer] 2026-09-06T09:46:00.334Z INFO  application=marketops-server environment=local buildVersion=0.1.0-SNAPSHOT correlationId=36ae53d4-6121-4241-b27a-1d70e46c1cda c.m.m.s.i.c.CorrelationIdFilter - Request completed event="request_completed" correlationId="36ae53d4-6121-4241-b27a-1d70e46c1cda" status="200"
[WebServer] 2026-09-06T09:46:00.415Z INFO  application=marketops-server environment=local buildVersion=0.1.0-SNAPSHOT correlationId=a2ce1354-ea9e-498b-96f5-19f838085102 c.m.m.a.i.a.JdbcMetadataAuditStore - Metadata change recorded event="metadata_change_recorded" sourceDomain="operationsworkflow" entityType="recommendation" entityId="4393bd0a-9cb8-48d7-bb25-75d74386231c" action="STATUS_CHANGE" actorId="fb92d66e-1719-4404-8f32-cfd3128238e4" correlationId="a2ce1354-ea9e-498b-96f5-19f838085102"
[WebServer] 2026-09-06T09:46:00.457Z INFO  application=marketops-server environment=local buildVersion=0.1.0-SNAPSHOT correlationId=a2ce1354-ea9e-498b-96f5-19f838085102 c.m.m.s.i.c.CorrelationIdFilter - Request completed event="request_completed" correlationId="a2ce1354-ea9e-498b-96f5-19f838085102" status="200"
[WebServer] 2026-09-06T09:46:00.515Z INFO  application=marketops-server environment=local buildVersion=0.1.0-SNAPSHOT correlationId=3e50e267-acad-462d-9939-51bf51d3b8bf c.m.m.s.i.c.CorrelationIdFilter - Request completed event="request_completed" correlationId="3e50e267-acad-462d-9939-51bf51d3b8bf" status="200"
[WebServer] 2026-09-06T09:46:00.537Z INFO  application=marketops-server environment=local buildVersion=0.1.0-SNAPSHOT correlationId=d2010f75-b7c7-45f3-a9e8-646a4f8c37f7 c.m.m.s.i.c.CorrelationIdFilter - Request completed event="request_completed" correlationId="d2010f75-b7c7-45f3-a9e8-646a4f8c37f7" status="200"
[WebServer] 2026-09-06T09:46:00.543Z DEBUG application=marketops-server environment=local buildVersion=0.1.0-SNAPSHOT correlationId=14515c75-7117-4443-9e0b-77ca7a53e49c c.m.m.s.i.c.CorrelationIdFilter - Inbound correlation identifier replaced event="correlation_identifier_replaced" correlationId="14515c75-7117-4443-9e0b-77ca7a53e49c" rejectionCategory="MISSING"
[WebServer] 2026-09-06T09:46:00.557Z INFO  application=marketops-server environment=local buildVersion=0.1.0-SNAPSHOT correlationId=14515c75-7117-4443-9e0b-77ca7a53e49c c.m.m.s.i.e.ConsoleProblemAdvice - Console request refused event="console_request_refused" errorCode="VERSION_CONFLICT" correlationId="14515c75-7117-4443-9e0b-77ca7a53e49c"
[WebServer] 2026-09-06T09:46:00.558Z INFO  application=marketops-server environment=local buildVersion=0.1.0-SNAPSHOT correlationId=14515c75-7117-4443-9e0b-77ca7a53e49c c.m.m.s.i.c.CorrelationIdFilter - Request completed event="request_completed" correlationId="14515c75-7117-4443-9e0b-77ca7a53e49c" status="409"
[WebServer] 2026-09-06T09:46:00.983Z INFO  application=marketops-server environment=local buildVersion=0.1.0-SNAPSHOT correlationId=aac8762b-05e6-44d1-95d9-dee4d0ba7392 c.m.m.a.i.a.JdbcMetadataAuditStore - Metadata change recorded event="metadata_change_recorded" sourceDomain="advertisingefficiency" entityType="advertising_reservations" entityId="cae4c500-3614-41d6-bbaa-e4c17cb62db9" action="READ" actorId="1836ecee-c086-4c4b-9ee7-00f46230616f" correlationId="aac8762b-05e6-44d1-95d9-dee4d0ba7392"
[WebServer] 2026-09-06T09:46:00.987Z INFO  application=marketops-server environment=local buildVersion=0.1.0-SNAPSHOT correlationId=aac8762b-05e6-44d1-95d9-dee4d0ba7392 c.m.m.s.i.c.CorrelationIdFilter - Request completed event="request_completed" correlationId="aac8762b-05e6-44d1-95d9-dee4d0ba7392" status="200"
[WebServer] 2026-09-06T09:46:00.989Z INFO  application=marketops-server environment=local buildVersion=0.1.0-SNAPSHOT correlationId=c7d9ab8e-b7dd-4575-b54b-671073377e05 c.m.m.s.i.c.CorrelationIdFilter - Request completed event="request_completed" correlationId="c7d9ab8e-b7dd-4575-b54b-671073377e05" status="200"
[WebServer] 2026-09-06T09:46:00.993Z INFO  application=marketops-server environment=local buildVersion=0.1.0-SNAPSHOT correlationId=8abd68a2-5e4b-49f3-9c9e-406816555c0f c.m.m.a.i.a.JdbcMetadataAuditStore - Metadata change recorded event="metadata_change_recorded" sourceDomain="availabilityrisk" entityType="availability_queue" entityId="cae4c500-3614-41d6-bbaa-e4c17cb62db9" action="READ" actorId="1836ecee-c086-4c4b-9ee7-00f46230616f" correlationId="8abd68a2-5e4b-49f3-9c9e-406816555c0f"
[WebServer] 2026-09-06T09:46:00.995Z INFO  application=marketops-server environment=local buildVersion=0.1.0-SNAPSHOT correlationId=e874f1dd-f8eb-4736-909a-a17e4161115b c.m.m.s.i.e.ConsoleProblemAdvice - Console request refused event="console_request_refused" errorCode="RESOURCE_NOT_FOUND" correlationId="e874f1dd-f8eb-4736-909a-a17e4161115b"
[WebServer] 2026-09-06T09:46:00.995Z INFO  application=marketops-server environment=local buildVersion=0.1.0-SNAPSHOT correlationId=6a00ff9f-858a-40e5-8e51-258011c3417b c.m.m.s.i.e.ConsoleProblemAdvice - Console request refused event="console_request_refused" errorCode="RESOURCE_SCOPE_DENIED" correlationId="6a00ff9f-858a-40e5-8e51-258011c3417b"
[WebServer] 2026-09-06T09:46:00.996Z INFO  application=marketops-server environment=local buildVersion=0.1.0-SNAPSHOT correlationId=e874f1dd-f8eb-4736-909a-a17e4161115b c.m.m.s.i.c.CorrelationIdFilter - Request completed event="request_completed" correlationId="e874f1dd-f8eb-4736-909a-a17e4161115b" status="404"
[WebServer] 2026-09-06T09:46:00.997Z INFO  application=marketops-server environment=local buildVersion=0.1.0-SNAPSHOT correlationId=6a00ff9f-858a-40e5-8e51-258011c3417b c.m.m.s.i.c.CorrelationIdFilter - Request completed event="request_completed" correlationId="6a00ff9f-858a-40e5-8e51-258011c3417b" status="403"
[WebServer] 2026-09-06T09:46:00.998Z INFO  application=marketops-server environment=local buildVersion=0.1.0-SNAPSHOT correlationId=8abd68a2-5e4b-49f3-9c9e-406816555c0f c.m.m.s.i.c.CorrelationIdFilter - Request completed event="request_completed" correlationId="8abd68a2-5e4b-49f3-9c9e-406816555c0f" status="200"
[WebServer] 2026-09-06T09:46:01.000Z INFO  application=marketops-server environment=local buildVersion=0.1.0-SNAPSHOT correlationId=3e098439-b18d-49a3-abf7-fdd791301b09 c.m.m.a.i.a.JdbcMetadataAuditStore - Metadata change recorded event="metadata_change_recorded" sourceDomain="advertisingefficiency" entityType="advertising_containments" entityId="cae4c500-3614-41d6-bbaa-e4c17cb62db9" action="READ" actorId="1836ecee-c086-4c4b-9ee7-00f46230616f" correlationId="3e098439-b18d-49a3-abf7-fdd791301b09"
[WebServer] 2026-09-06T09:46:01.014Z INFO  application=marketops-server environment=local buildVersion=0.1.0-SNAPSHOT correlationId=3e098439-b18d-49a3-abf7-fdd791301b09 c.m.m.s.i.c.CorrelationIdFilter - Request completed event="request_completed" correlationId="3e098439-b18d-49a3-abf7-fdd791301b09" status="200"
[WebServer] 2026-09-06T09:46:01.029Z INFO  application=marketops-server environment=local buildVersion=0.1.0-SNAPSHOT correlationId=6665ffbe-6b5e-4813-96d2-dfa8b5b40b32 c.m.m.s.i.e.ConsoleProblemAdvice - Console request refused event="console_request_refused" errorCode="RESOURCE_SCOPE_DENIED" correlationId="6665ffbe-6b5e-4813-96d2-dfa8b5b40b32"
[WebServer] 2026-09-06T09:46:01.031Z INFO  application=marketops-server environment=local buildVersion=0.1.0-SNAPSHOT correlationId=6665ffbe-6b5e-4813-96d2-dfa8b5b40b32 c.m.m.s.i.c.CorrelationIdFilter - Request completed event="request_completed" correlationId="6665ffbe-6b5e-4813-96d2-dfa8b5b40b32" status="403"
[WebServer] 2026-09-06T09:46:01.035Z INFO  application=marketops-server environment=local buildVersion=0.1.0-SNAPSHOT correlationId=1c8d9942-3908-4539-a035-769d32f1be13 c.m.m.a.i.a.JdbcMetadataAuditStore - Metadata change recorded event="metadata_change_recorded" sourceDomain="advertisingefficiency" entityType="advertising_queue" entityId="cae4c500-3614-41d6-bbaa-e4c17cb62db9" action="READ" actorId="1836ecee-c086-4c4b-9ee7-00f46230616f" correlationId="1c8d9942-3908-4539-a035-769d32f1be13"
[WebServer] 2026-09-06T09:46:01.046Z INFO  application=marketops-server environment=local buildVersion=0.1.0-SNAPSHOT correlationId=f6a19678-7722-4fe9-9066-50b3ef1cf676 c.m.m.a.i.a.JdbcMetadataAuditStore - Metadata change recorded event="metadata_change_recorded" sourceDomain="advertisingefficiency" entityType="advertising_exposure" entityId="cae4c500-3614-41d6-bbaa-e4c17cb62db9" action="READ" actorId="1836ecee-c086-4c4b-9ee7-00f46230616f" correlationId="f6a19678-7722-4fe9-9066-50b3ef1cf676"
[WebServer] 2026-09-06T09:46:01.048Z INFO  application=marketops-server environment=local buildVersion=0.1.0-SNAPSHOT correlationId=f6a19678-7722-4fe9-9066-50b3ef1cf676 c.m.m.s.i.c.CorrelationIdFilter - Request completed event="request_completed" correlationId="f6a19678-7722-4fe9-9066-50b3ef1cf676" status="200"
[WebServer] 2026-09-06T09:46:01.063Z INFO  application=marketops-server environment=local buildVersion=0.1.0-SNAPSHOT correlationId=66bbc2d8-11d4-4769-a775-4be9a1e5898c c.m.m.s.i.c.CorrelationIdFilter - Request completed event="request_completed" correlationId="66bbc2d8-11d4-4769-a775-4be9a1e5898c" status="200"
[WebServer] 2026-09-06T09:46:01.069Z INFO  application=marketops-server environment=local buildVersion=0.1.0-SNAPSHOT correlationId=561d668c-a71a-47cf-9482-b5ec51c6178d c.m.m.a.i.a.JdbcMetadataAuditStore - Metadata change recorded event="metadata_change_recorded" sourceDomain="advertisingefficiency" entityType="advertising_orchestration" entityId="cae4c500-3614-41d6-bbaa-e4c17cb62db9" action="READ" actorId="1836ecee-c086-4c4b-9ee7-00f46230616f" correlationId="561d668c-a71a-47cf-9482-b5ec51c6178d"
[WebServer] 2026-09-06T09:46:01.070Z INFO  application=marketops-server environment=local buildVersion=0.1.0-SNAPSHOT correlationId=561d668c-a71a-47cf-9482-b5ec51c6178d c.m.m.s.i.c.CorrelationIdFilter - Request completed event="request_completed" correlationId="561d668c-a71a-47cf-9482-b5ec51c6178d" status="200"
[WebServer] 2026-09-06T09:46:01.113Z INFO  application=marketops-server environment=local buildVersion=0.1.0-SNAPSHOT correlationId=1c8d9942-3908-4539-a035-769d32f1be13 c.m.m.s.i.c.CorrelationIdFilter - Request completed event="request_completed" correlationId="1c8d9942-3908-4539-a035-769d32f1be13" status="200"
[WebServer] 2026-09-06T09:46:01.238Z INFO  application=marketops-server environment=local buildVersion=0.1.0-SNAPSHOT correlationId=2e3f22f2-29e2-4dfb-be05-40abd1af1400 c.m.m.a.i.a.JdbcMetadataAuditStore - Metadata change recorded event="metadata_change_recorded" sourceDomain="advertisingefficiency" entityType="advertising_case" entityId="5484f52e-a629-48a8-b5b1-30308bc94f7a" action="READ" actorId="1836ecee-c086-4c4b-9ee7-00f46230616f" correlationId="2e3f22f2-29e2-4dfb-be05-40abd1af1400"
[WebServer] 2026-09-06T09:46:01.258Z INFO  application=marketops-server environment=local buildVersion=0.1.0-SNAPSHOT correlationId=2e3f22f2-29e2-4dfb-be05-40abd1af1400 c.m.m.s.i.c.CorrelationIdFilter - Request completed event="request_completed" correlationId="2e3f22f2-29e2-4dfb-be05-40abd1af1400" status="200"
[WebServer] 2026-09-06T09:46:01.286Z INFO  application=marketops-server environment=local buildVersion=0.1.0-SNAPSHOT correlationId=464173e1-2141-48ea-8799-71f3d52bdac7 c.m.m.a.i.a.JdbcMetadataAuditStore - Metadata change recorded event="metadata_change_recorded" sourceDomain="advertisingefficiency" entityType="advertising_manual_packet" entityId="28408978-b4cb-458e-ab95-c360966117af" action="READ" actorId="1836ecee-c086-4c4b-9ee7-00f46230616f" correlationId="464173e1-2141-48ea-8799-71f3d52bdac7"
[WebServer] 2026-09-06T09:46:01.288Z INFO  application=marketops-server environment=local buildVersion=0.1.0-SNAPSHOT correlationId=464173e1-2141-48ea-8799-71f3d52bdac7 c.m.m.s.i.c.CorrelationIdFilter - Request completed event="request_completed" correlationId="464173e1-2141-48ea-8799-71f3d52bdac7" status="200"
[WebServer] 2026-09-06T09:46:01.312Z INFO  application=marketops-server environment=local buildVersion=0.1.0-SNAPSHOT correlationId=69a9902d-0087-4a5e-ae0b-c204c6574fe5 c.m.m.s.i.c.CorrelationIdFilter - Request completed event="request_completed" correlationId="69a9902d-0087-4a5e-ae0b-c204c6574fe5" status="200"
[WebServer] 2026-09-06T09:46:01.336Z INFO  application=marketops-server environment=local buildVersion=0.1.0-SNAPSHOT correlationId=412b8d1b-daaa-42f0-9333-53f02620e9bd c.m.m.s.i.c.CorrelationIdFilter - Request completed event="request_completed" correlationId="412b8d1b-daaa-42f0-9333-53f02620e9bd" status="200"
[WebServer] 2026-09-06T09:46:01.363Z INFO  application=marketops-server environment=local buildVersion=0.1.0-SNAPSHOT correlationId=9db201f4-ef2a-43f3-af44-9722acad6444 c.m.m.s.i.c.CorrelationIdFilter - Request completed event="request_completed" correlationId="9db201f4-ef2a-43f3-af44-9722acad6444" status="200"
[WebServer] 2026-09-06T09:46:01.674Z INFO  application=marketops-server environment=local buildVersion=0.1.0-SNAPSHOT correlationId=69a2d958-0e5a-46d1-b141-6d5fef49c337 c.m.m.a.i.a.JdbcMetadataAuditStore - Metadata change recorded event="metadata_change_recorded" sourceDomain="operationsworkflow" entityType="recommendation" entityId="4393bd0a-9cb8-48d7-bb25-75d74386231c" action="STATUS_CHANGE" actorId="1836ecee-c086-4c4b-9ee7-00f46230616f" correlationId="69a2d958-0e5a-46d1-b141-6d5fef49c337"
[WebServer] 2026-09-06T09:46:01.694Z INFO  application=marketops-server environment=local buildVersion=0.1.0-SNAPSHOT correlationId=69a2d958-0e5a-46d1-b141-6d5fef49c337 c.m.m.s.i.c.CorrelationIdFilter - Request completed event="request_completed" correlationId="69a2d958-0e5a-46d1-b141-6d5fef49c337" status="200"
[WebServer] 2026-09-06T09:46:01.751Z INFO  application=marketops-server environment=local buildVersion=0.1.0-SNAPSHOT correlationId=aa831309-0eb0-4bc1-905d-cb6d701b840f c.m.m.s.i.c.CorrelationIdFilter - Request completed event="request_completed" correlationId="aa831309-0eb0-4bc1-905d-cb6d701b840f" status="200"
[WebServer] 2026-09-06T09:46:01.777Z INFO  application=marketops-server environment=local buildVersion=0.1.0-SNAPSHOT correlationId=bb7a28f9-9992-48f8-b5d3-f921e44382e5 c.m.m.s.i.c.CorrelationIdFilter - Request completed event="request_completed" correlationId="bb7a28f9-9992-48f8-b5d3-f921e44382e5" status="200"
[WebServer] 2026-09-06T09:46:02.154Z INFO  application=marketops-server environment=local buildVersion=0.1.0-SNAPSHOT correlationId=d3f5e185-93d4-49ad-99d8-0b6f0ab88cdc c.m.m.s.i.c.CorrelationIdFilter - Request completed event="request_completed" correlationId="d3f5e185-93d4-49ad-99d8-0b6f0ab88cdc" status="200"
[WebServer] 2026-09-06T09:46:02.154Z INFO  application=marketops-server environment=local buildVersion=0.1.0-SNAPSHOT correlationId=42df3c8a-cf54-4f3f-9cb9-face7afc06b8 c.m.m.a.i.a.JdbcMetadataAuditStore - Metadata change recorded event="metadata_change_recorded" sourceDomain="advertisingefficiency" entityType="advertising_reservations" entityId="cae4c500-3614-41d6-bbaa-e4c17cb62db9" action="READ" actorId="0ad97b1a-d91d-41bd-a698-6f258221cabf" correlationId="42df3c8a-cf54-4f3f-9cb9-face7afc06b8"
[WebServer] 2026-09-06T09:46:02.156Z INFO  application=marketops-server environment=local buildVersion=0.1.0-SNAPSHOT correlationId=42df3c8a-cf54-4f3f-9cb9-face7afc06b8 c.m.m.s.i.c.CorrelationIdFilter - Request completed event="request_completed" correlationId="42df3c8a-cf54-4f3f-9cb9-face7afc06b8" status="200"
[WebServer] 2026-09-06T09:46:02.164Z INFO  application=marketops-server environment=local buildVersion=0.1.0-SNAPSHOT correlationId=e1e9623b-576a-4051-af04-3380216a8d23 c.m.m.s.i.e.ConsoleProblemAdvice - Console request refused event="console_request_refused" errorCode="RESOURCE_SCOPE_DENIED" correlationId="e1e9623b-576a-4051-af04-3380216a8d23"
[WebServer] 2026-09-06T09:46:02.165Z INFO  application=marketops-server environment=local buildVersion=0.1.0-SNAPSHOT correlationId=e1e9623b-576a-4051-af04-3380216a8d23 c.m.m.s.i.c.CorrelationIdFilter - Request completed event="request_completed" correlationId="e1e9623b-576a-4051-af04-3380216a8d23" status="403"
[WebServer] 2026-09-06T09:46:02.165Z INFO  application=marketops-server environment=local buildVersion=0.1.0-SNAPSHOT correlationId=2c9e2a9a-b510-4635-b112-72328c94b56a c.m.m.a.i.a.JdbcMetadataAuditStore - Metadata change recorded event="metadata_change_recorded" sourceDomain="advertisingefficiency" entityType="advertising_containments" entityId="cae4c500-3614-41d6-bbaa-e4c17cb62db9" action="READ" actorId="0ad97b1a-d91d-41bd-a698-6f258221cabf" correlationId="2c9e2a9a-b510-4635-b112-72328c94b56a"
[WebServer] 2026-09-06T09:46:02.167Z INFO  application=marketops-server environment=local buildVersion=0.1.0-SNAPSHOT correlationId=26759957-0314-4e9e-a79a-1708f960efed c.m.m.s.i.e.ConsoleProblemAdvice - Console request refused event="console_request_refused" errorCode="RESOURCE_NOT_FOUND" correlationId="26759957-0314-4e9e-a79a-1708f960efed"
[WebServer] 2026-09-06T09:46:02.167Z INFO  application=marketops-server environment=local buildVersion=0.1.0-SNAPSHOT correlationId=26759957-0314-4e9e-a79a-1708f960efed c.m.m.s.i.c.CorrelationIdFilter - Request completed event="request_completed" correlationId="26759957-0314-4e9e-a79a-1708f960efed" status="404"
[WebServer] 2026-09-06T09:46:02.177Z INFO  application=marketops-server environment=local buildVersion=0.1.0-SNAPSHOT correlationId=43f06d28-857b-40ec-bfac-ff9a3177b838 c.m.m.a.i.a.JdbcMetadataAuditStore - Metadata change recorded event="metadata_change_recorded" sourceDomain="availabilityrisk" entityType="availability_queue" entityId="cae4c500-3614-41d6-bbaa-e4c17cb62db9" action="READ" actorId="0ad97b1a-d91d-41bd-a698-6f258221cabf" correlationId="43f06d28-857b-40ec-bfac-ff9a3177b838"
[WebServer] 2026-09-06T09:46:02.179Z INFO  application=marketops-server environment=local buildVersion=0.1.0-SNAPSHOT correlationId=43f06d28-857b-40ec-bfac-ff9a3177b838 c.m.m.s.i.c.CorrelationIdFilter - Request completed event="request_completed" correlationId="43f06d28-857b-40ec-bfac-ff9a3177b838" status="200"
[WebServer] 2026-09-06T09:46:02.182Z INFO  application=marketops-server environment=local buildVersion=0.1.0-SNAPSHOT correlationId=1a6772a7-7063-4704-82b6-0489d2904f57 c.m.m.a.i.a.JdbcMetadataAuditStore - Metadata change recorded event="metadata_change_recorded" sourceDomain="advertisingefficiency" entityType="advertising_exposure" entityId="cae4c500-3614-41d6-bbaa-e4c17cb62db9" action="READ" actorId="0ad97b1a-d91d-41bd-a698-6f258221cabf" correlationId="1a6772a7-7063-4704-82b6-0489d2904f57"
[WebServer] 2026-09-06T09:46:02.183Z INFO  application=marketops-server environment=local buildVersion=0.1.0-SNAPSHOT correlationId=2c9e2a9a-b510-4635-b112-72328c94b56a c.m.m.s.i.c.CorrelationIdFilter - Request completed event="request_completed" correlationId="2c9e2a9a-b510-4635-b112-72328c94b56a" status="200"
[WebServer] 2026-09-06T09:46:02.185Z INFO  application=marketops-server environment=local buildVersion=0.1.0-SNAPSHOT correlationId=1a6772a7-7063-4704-82b6-0489d2904f57 c.m.m.s.i.c.CorrelationIdFilter - Request completed event="request_completed" correlationId="1a6772a7-7063-4704-82b6-0489d2904f57" status="200"
[WebServer] 2026-09-06T09:46:02.188Z INFO  application=marketops-server environment=local buildVersion=0.1.0-SNAPSHOT correlationId=562cd12f-013a-4fd8-ad8b-deae12721f1a c.m.m.s.i.e.ConsoleProblemAdvice - Console request refused event="console_request_refused" errorCode="RESOURCE_SCOPE_DENIED" correlationId="562cd12f-013a-4fd8-ad8b-deae12721f1a"
[WebServer] 2026-09-06T09:46:02.189Z INFO  application=marketops-server environment=local buildVersion=0.1.0-SNAPSHOT correlationId=562cd12f-013a-4fd8-ad8b-deae12721f1a c.m.m.s.i.c.CorrelationIdFilter - Request completed event="request_completed" correlationId="562cd12f-013a-4fd8-ad8b-deae12721f1a" status="403"
[WebServer] 2026-09-06T09:46:02.195Z INFO  application=marketops-server environment=local buildVersion=0.1.0-SNAPSHOT correlationId=3dcbf78d-f712-4c65-8b00-b4cbfcb8b078 c.m.m.a.i.a.JdbcMetadataAuditStore - Metadata change recorded event="metadata_change_recorded" sourceDomain="advertisingefficiency" entityType="advertising_queue" entityId="cae4c500-3614-41d6-bbaa-e4c17cb62db9" action="READ" actorId="0ad97b1a-d91d-41bd-a698-6f258221cabf" correlationId="3dcbf78d-f712-4c65-8b00-b4cbfcb8b078"
[WebServer] 2026-09-06T09:46:02.204Z INFO  application=marketops-server environment=local buildVersion=0.1.0-SNAPSHOT correlationId=c2572218-23b7-481d-8b63-0dcd9131704b c.m.m.a.i.a.JdbcMetadataAuditStore - Metadata change recorded event="metadata_change_recorded" sourceDomain="advertisingefficiency" entityType="advertising_orchestration" entityId="cae4c500-3614-41d6-bbaa-e4c17cb62db9" action="READ" actorId="0ad97b1a-d91d-41bd-a698-6f258221cabf" correlationId="c2572218-23b7-481d-8b63-0dcd9131704b"
[WebServer] 2026-09-06T09:46:02.206Z INFO  application=marketops-server environment=local buildVersion=0.1.0-SNAPSHOT correlationId=c2572218-23b7-481d-8b63-0dcd9131704b c.m.m.s.i.c.CorrelationIdFilter - Request completed event="request_completed" correlationId="c2572218-23b7-481d-8b63-0dcd9131704b" status="200"
[WebServer] 2026-09-06T09:46:02.223Z INFO  application=marketops-server environment=local buildVersion=0.1.0-SNAPSHOT correlationId=a022ee85-786a-41d0-98f4-db0d244a75ad c.m.m.s.i.c.CorrelationIdFilter - Request completed event="request_completed" correlationId="a022ee85-786a-41d0-98f4-db0d244a75ad" status="200"
[WebServer] 2026-09-06T09:46:02.250Z INFO  application=marketops-server environment=local buildVersion=0.1.0-SNAPSHOT correlationId=3dcbf78d-f712-4c65-8b00-b4cbfcb8b078 c.m.m.s.i.c.CorrelationIdFilter - Request completed event="request_completed" correlationId="3dcbf78d-f712-4c65-8b00-b4cbfcb8b078" status="200"
[WebServer] 2026-09-06T09:46:02.322Z INFO  application=marketops-server environment=local buildVersion=0.1.0-SNAPSHOT correlationId=3ba4af7f-ea1e-4055-8161-6e800951524e c.m.m.a.i.a.JdbcMetadataAuditStore - Metadata change recorded event="metadata_change_recorded" sourceDomain="advertisingefficiency" entityType="advertising_case" entityId="5484f52e-a629-48a8-b5b1-30308bc94f7a" action="READ" actorId="0ad97b1a-d91d-41bd-a698-6f258221cabf" correlationId="3ba4af7f-ea1e-4055-8161-6e800951524e"
[WebServer] 2026-09-06T09:46:02.336Z INFO  application=marketops-server environment=local buildVersion=0.1.0-SNAPSHOT correlationId=3ba4af7f-ea1e-4055-8161-6e800951524e c.m.m.s.i.c.CorrelationIdFilter - Request completed event="request_completed" correlationId="3ba4af7f-ea1e-4055-8161-6e800951524e" status="200"
[WebServer] 2026-09-06T09:46:02.361Z INFO  application=marketops-server environment=local buildVersion=0.1.0-SNAPSHOT correlationId=bd821126-2565-4c02-8c11-8bddf142a8e8 c.m.m.a.i.a.JdbcMetadataAuditStore - Metadata change recorded event="metadata_change_recorded" sourceDomain="advertisingefficiency" entityType="advertising_manual_packet" entityId="28408978-b4cb-458e-ab95-c360966117af" action="READ" actorId="0ad97b1a-d91d-41bd-a698-6f258221cabf" correlationId="bd821126-2565-4c02-8c11-8bddf142a8e8"
[WebServer] 2026-09-06T09:46:02.363Z INFO  application=marketops-server environment=local buildVersion=0.1.0-SNAPSHOT correlationId=bd821126-2565-4c02-8c11-8bddf142a8e8 c.m.m.s.i.c.CorrelationIdFilter - Request completed event="request_completed" correlationId="bd821126-2565-4c02-8c11-8bddf142a8e8" status="200"
[WebServer] 2026-09-06T09:46:02.383Z INFO  application=marketops-server environment=local buildVersion=0.1.0-SNAPSHOT correlationId=f459e6cb-285d-447b-b60e-46dcca723761 c.m.m.s.i.c.CorrelationIdFilter - Request completed event="request_completed" correlationId="f459e6cb-285d-447b-b60e-46dcca723761" status="200"
[WebServer] 2026-09-06T09:46:02.398Z INFO  application=marketops-server environment=local buildVersion=0.1.0-SNAPSHOT correlationId=67e2e7fa-24d8-4dd5-9c11-adf4ebeffe6a c.m.m.s.i.c.CorrelationIdFilter - Request completed event="request_completed" correlationId="67e2e7fa-24d8-4dd5-9c11-adf4ebeffe6a" status="200"
[WebServer] 2026-09-06T09:46:02.419Z INFO  application=marketops-server environment=local buildVersion=0.1.0-SNAPSHOT correlationId=686d8c88-271c-4a82-9ffd-3e9a0b7704e2 c.m.m.s.i.c.CorrelationIdFilter - Request completed event="request_completed" correlationId="686d8c88-271c-4a82-9ffd-3e9a0b7704e2" status="200"
[WebServer] 2026-09-06T09:46:02.587Z INFO  application=marketops-server environment=local buildVersion=0.1.0-SNAPSHOT correlationId=9415a6ad-2d50-4181-a32a-f4f120a18c80 c.m.m.s.i.c.CorrelationIdFilter - Request completed event="request_completed" correlationId="9415a6ad-2d50-4181-a32a-f4f120a18c80" status="200"
[WebServer] 2026-09-06T09:46:06.324Z INFO  application=marketops-server environment=local buildVersion=0.1.0-SNAPSHOT correlationId=c4cc5678-2056-49f9-ac4e-551fdff05724 c.m.m.a.i.a.JdbcMetadataAuditStore - Metadata change recorded event="metadata_change_recorded" sourceDomain="operationsworkflow" entityType="approval-decision" entityId="b1f5be77-d6d0-4c96-90ff-b7ee92d225eb" action="APPROVAL_DECISION" actorId="0ad97b1a-d91d-41bd-a698-6f258221cabf" correlationId="c4cc5678-2056-49f9-ac4e-551fdff05724"
[WebServer] 2026-09-06T09:46:06.327Z INFO  application=marketops-server environment=local buildVersion=0.1.0-SNAPSHOT correlationId=c4cc5678-2056-49f9-ac4e-551fdff05724 c.m.m.a.i.a.JdbcMetadataAuditStore - Metadata change recorded event="metadata_change_recorded" sourceDomain="operationsworkflow" entityType="recommendation" entityId="4393bd0a-9cb8-48d7-bb25-75d74386231c" action="STATUS_CHANGE" actorId="0ad97b1a-d91d-41bd-a698-6f258221cabf" correlationId="c4cc5678-2056-49f9-ac4e-551fdff05724"
[WebServer] 2026-09-06T09:46:06.404Z INFO  application=marketops-server environment=local buildVersion=0.1.0-SNAPSHOT correlationId=c4cc5678-2056-49f9-ac4e-551fdff05724 c.m.m.s.i.c.CorrelationIdFilter - Request completed event="request_completed" correlationId="c4cc5678-2056-49f9-ac4e-551fdff05724" status="200"
[WebServer] 2026-09-06T09:46:06.502Z INFO  application=marketops-server environment=local buildVersion=0.1.0-SNAPSHOT correlationId=107db37e-ed3b-4b24-a6ff-be915b71bbc6 c.m.m.s.i.c.CorrelationIdFilter - Request completed event="request_completed" correlationId="107db37e-ed3b-4b24-a6ff-be915b71bbc6" status="200"
[WebServer] 2026-09-06T09:46:06.548Z INFO  application=marketops-server environment=local buildVersion=0.1.0-SNAPSHOT correlationId=6f57be76-6620-4372-b0ca-acecd9bce6f7 c.m.m.s.i.c.CorrelationIdFilter - Request completed event="request_completed" correlationId="6f57be76-6620-4372-b0ca-acecd9bce6f7" status="200"
[WebServer] 2026-09-06T09:46:07.082Z INFO  application=marketops-server environment=local buildVersion=0.1.0-SNAPSHOT correlationId=106e2c5f-c1fd-42b3-9ad3-d9eac44b4e44 c.m.m.a.i.a.JdbcMetadataAuditStore - Metadata change recorded event="metadata_change_recorded" sourceDomain="operationsworkflow" entityType="recommendation" entityId="4393bd0a-9cb8-48d7-bb25-75d74386231c" action="STATUS_CHANGE" actorId="0ad97b1a-d91d-41bd-a698-6f258221cabf" correlationId="106e2c5f-c1fd-42b3-9ad3-d9eac44b4e44"
[WebServer] 2026-09-06T09:46:07.083Z INFO  application=marketops-server environment=local buildVersion=0.1.0-SNAPSHOT correlationId=106e2c5f-c1fd-42b3-9ad3-d9eac44b4e44 c.m.m.a.i.a.JdbcMetadataAuditStore - Metadata change recorded event="metadata_change_recorded" sourceDomain="operationsworkflow" entityType="recommendation" entityId="4393bd0a-9cb8-48d7-bb25-75d74386231c" action="COMMAND_TRANSITION" actorId="0ad97b1a-d91d-41bd-a698-6f258221cabf" correlationId="106e2c5f-c1fd-42b3-9ad3-d9eac44b4e44"
[WebServer] 2026-09-06T09:46:07.085Z INFO  application=marketops-server environment=local buildVersion=0.1.0-SNAPSHOT correlationId=106e2c5f-c1fd-42b3-9ad3-d9eac44b4e44 c.m.m.s.i.c.CorrelationIdFilter - Request completed event="request_completed" correlationId="106e2c5f-c1fd-42b3-9ad3-d9eac44b4e44" status="200"
[WebServer] 2026-09-06T09:46:07.151Z INFO  application=marketops-server environment=local buildVersion=0.1.0-SNAPSHOT correlationId=ea4388e8-4678-4da6-9713-e3de4f20c2c6 c.m.m.s.i.c.CorrelationIdFilter - Request completed event="request_completed" correlationId="ea4388e8-4678-4da6-9713-e3de4f20c2c6" status="200"
[WebServer] 2026-09-06T09:46:07.182Z INFO  application=marketops-server environment=local buildVersion=0.1.0-SNAPSHOT correlationId=62bba8ee-b053-408a-8c4e-fe89d80bb1f2 c.m.m.a.i.a.JdbcMetadataAuditStore - Metadata change recorded event="metadata_change_recorded" sourceDomain="advertisingefficiency" entityType="advertising_command" entityId="ed984837-fd77-451f-8a89-72625dd01ba5" action="READ" actorId="0ad97b1a-d91d-41bd-a698-6f258221cabf" correlationId="62bba8ee-b053-408a-8c4e-fe89d80bb1f2"
[WebServer] 2026-09-06T09:46:07.183Z INFO  application=marketops-server environment=local buildVersion=0.1.0-SNAPSHOT correlationId=5b36ead4-0af7-4874-a435-d6e0a12793bc c.m.m.s.i.c.CorrelationIdFilter - Request completed event="request_completed" correlationId="5b36ead4-0af7-4874-a435-d6e0a12793bc" status="200"
[WebServer] 2026-09-06T09:46:07.200Z INFO  application=marketops-server environment=local buildVersion=0.1.0-SNAPSHOT correlationId=62bba8ee-b053-408a-8c4e-fe89d80bb1f2 c.m.m.s.i.c.CorrelationIdFilter - Request completed event="request_completed" correlationId="62bba8ee-b053-408a-8c4e-fe89d80bb1f2" status="200"
[WebServer] 2026-09-06T09:46:07.231Z INFO  application=marketops-server environment=local buildVersion=0.1.0-SNAPSHOT correlationId=d68ec61f-a0bb-420b-b6f6-c34bb8367341 c.m.m.s.i.c.CorrelationIdFilter - Request completed event="request_completed" correlationId="d68ec61f-a0bb-420b-b6f6-c34bb8367341" status="200"
[WebServer] 2026-09-06T09:46:07.261Z INFO  application=marketops-server environment=local buildVersion=0.1.0-SNAPSHOT correlationId=15d2e1c2-4133-4cdc-9a40-b70efe5393fb c.m.m.a.i.a.JdbcMetadataAuditStore - Metadata change recorded event="metadata_change_recorded" sourceDomain="advertisingefficiency" entityType="advertising_outcome" entityId="ed984837-fd77-451f-8a89-72625dd01ba5" action="READ" actorId="0ad97b1a-d91d-41bd-a698-6f258221cabf" correlationId="15d2e1c2-4133-4cdc-9a40-b70efe5393fb"
[WebServer] 2026-09-06T09:46:07.274Z INFO  application=marketops-server environment=local buildVersion=0.1.0-SNAPSHOT correlationId=15d2e1c2-4133-4cdc-9a40-b70efe5393fb c.m.m.s.i.c.CorrelationIdFilter - Request completed event="request_completed" correlationId="15d2e1c2-4133-4cdc-9a40-b70efe5393fb" status="200"
  ✓   1 tests/advertising-browser/governed-advertising.spec.ts:121:1 › real Maker, Ops Lead and Owner decisions preserve minimum disclosure and exact versions (9.2s)
[WebServer] 2026-09-06T09:46:07.755Z DEBUG application=marketops-server environment=local buildVersion=0.1.0-SNAPSHOT correlationId=ce7635f1-87f0-4ab0-b150-2c9f261d4413 c.m.m.s.i.c.CorrelationIdFilter - Inbound correlation identifier replaced event="correlation_identifier_replaced" correlationId="ce7635f1-87f0-4ab0-b150-2c9f261d4413" rejectionCategory="MISSING"
[WebServer] 2026-09-06T09:46:07.760Z INFO  application=marketops-server environment=local buildVersion=0.1.0-SNAPSHOT correlationId=ce7635f1-87f0-4ab0-b150-2c9f261d4413 c.m.m.s.i.c.CorrelationIdFilter - Request completed event="request_completed" correlationId="ce7635f1-87f0-4ab0-b150-2c9f261d4413" status="401"
[WebServer] 2026-09-06T09:46:07.763Z DEBUG application=marketops-server environment=local buildVersion=0.1.0-SNAPSHOT correlationId=8ca09d79-7677-410c-b608-4a1d26965f83 c.m.m.s.i.c.CorrelationIdFilter - Inbound correlation identifier replaced event="correlation_identifier_replaced" correlationId="8ca09d79-7677-410c-b608-4a1d26965f83" rejectionCategory="MISSING"
[WebServer] 2026-09-06T09:46:07.765Z INFO  application=marketops-server environment=local buildVersion=0.1.0-SNAPSHOT correlationId=8ca09d79-7677-410c-b608-4a1d26965f83 c.m.m.s.i.c.CorrelationIdFilter - Request completed event="request_completed" correlationId="8ca09d79-7677-410c-b608-4a1d26965f83" status="401"
  ✓   2 tests/advertising-browser/governed-advertising.spec.ts:199:1 › real backend denies absent and forged credentials before advertising data is disclosed (14ms)
[WebServer] 2026-09-06T09:46:08.071Z INFO  application=marketops-server environment=local buildVersion=0.1.0-SNAPSHOT correlationId=639c0ee0-e143-46fc-835a-24435ab472f1 c.m.m.a.i.a.JdbcMetadataAuditStore - Metadata change recorded event="metadata_change_recorded" sourceDomain="advertisingefficiency" entityType="advertising_containments" entityId="6e47d134-0988-44ac-b47c-fb18d95e2bd7" action="READ" actorId="919c5134-4cc0-4621-a099-bdcf8a6b1ec0" correlationId="639c0ee0-e143-46fc-835a-24435ab472f1"
[WebServer] 2026-09-06T09:46:08.073Z INFO  application=marketops-server environment=local buildVersion=0.1.0-SNAPSHOT correlationId=b433b917-e1a1-4bbc-b545-cad4ec6e472b c.m.m.s.i.e.ConsoleProblemAdvice - Console request refused event="console_request_refused" errorCode="RESOURCE_SCOPE_DENIED" correlationId="b433b917-e1a1-4bbc-b545-cad4ec6e472b"
[WebServer] 2026-09-06T09:46:08.073Z INFO  application=marketops-server environment=local buildVersion=0.1.0-SNAPSHOT correlationId=b433b917-e1a1-4bbc-b545-cad4ec6e472b c.m.m.s.i.c.CorrelationIdFilter - Request completed event="request_completed" correlationId="b433b917-e1a1-4bbc-b545-cad4ec6e472b" status="403"
[WebServer] 2026-09-06T09:46:08.076Z INFO  application=marketops-server environment=local buildVersion=0.1.0-SNAPSHOT correlationId=966905cf-4e96-4f28-bbfe-36cc0ae09c9f c.m.m.s.i.c.CorrelationIdFilter - Request completed event="request_completed" correlationId="966905cf-4e96-4f28-bbfe-36cc0ae09c9f" status="200"
[WebServer] 2026-09-06T09:46:08.078Z INFO  application=marketops-server environment=local buildVersion=0.1.0-SNAPSHOT correlationId=bdcc4a0a-06a3-4331-a634-35ff9c027204 c.m.m.a.i.a.JdbcMetadataAuditStore - Metadata change recorded event="metadata_change_recorded" sourceDomain="advertisingefficiency" entityType="advertising_reservations" entityId="6e47d134-0988-44ac-b47c-fb18d95e2bd7" action="READ" actorId="919c5134-4cc0-4621-a099-bdcf8a6b1ec0" correlationId="bdcc4a0a-06a3-4331-a634-35ff9c027204"
[WebServer] 2026-09-06T09:46:08.081Z INFO  application=marketops-server environment=local buildVersion=0.1.0-SNAPSHOT correlationId=bdcc4a0a-06a3-4331-a634-35ff9c027204 c.m.m.s.i.c.CorrelationIdFilter - Request completed event="request_completed" correlationId="bdcc4a0a-06a3-4331-a634-35ff9c027204" status="200"
[WebServer] 2026-09-06T09:46:08.085Z INFO  application=marketops-server environment=local buildVersion=0.1.0-SNAPSHOT correlationId=5925cf02-f47a-4e3a-8ebc-1cb48ccd0723 c.m.m.s.i.e.ConsoleProblemAdvice - Console request refused event="console_request_refused" errorCode="RESOURCE_NOT_FOUND" correlationId="5925cf02-f47a-4e3a-8ebc-1cb48ccd0723"
[WebServer] 2026-09-06T09:46:08.085Z INFO  application=marketops-server environment=local buildVersion=0.1.0-SNAPSHOT correlationId=639c0ee0-e143-46fc-835a-24435ab472f1 c.m.m.s.i.c.CorrelationIdFilter - Request completed event="request_completed" correlationId="639c0ee0-e143-46fc-835a-24435ab472f1" status="200"
[WebServer] 2026-09-06T09:46:08.086Z INFO  application=marketops-server environment=local buildVersion=0.1.0-SNAPSHOT correlationId=5925cf02-f47a-4e3a-8ebc-1cb48ccd0723 c.m.m.s.i.c.CorrelationIdFilter - Request completed event="request_completed" correlationId="5925cf02-f47a-4e3a-8ebc-1cb48ccd0723" status="404"
[WebServer] 2026-09-06T09:46:08.088Z INFO  application=marketops-server environment=local buildVersion=0.1.0-SNAPSHOT correlationId=434783ff-6268-494f-ba68-a56709e105dc c.m.m.a.i.a.JdbcMetadataAuditStore - Metadata change recorded event="metadata_change_recorded" sourceDomain="advertisingefficiency" entityType="advertising_exposure" entityId="6e47d134-0988-44ac-b47c-fb18d95e2bd7" action="READ" actorId="919c5134-4cc0-4621-a099-bdcf8a6b1ec0" correlationId="434783ff-6268-494f-ba68-a56709e105dc"
[WebServer] 2026-09-06T09:46:08.090Z INFO  application=marketops-server environment=local buildVersion=0.1.0-SNAPSHOT correlationId=434783ff-6268-494f-ba68-a56709e105dc c.m.m.s.i.c.CorrelationIdFilter - Request completed event="request_completed" correlationId="434783ff-6268-494f-ba68-a56709e105dc" status="200"
[WebServer] 2026-09-06T09:46:08.090Z INFO  application=marketops-server environment=local buildVersion=0.1.0-SNAPSHOT correlationId=f4ff263c-8b34-4448-a82a-a6bb1092b51e c.m.m.a.i.a.JdbcMetadataAuditStore - Metadata change recorded event="metadata_change_recorded" sourceDomain="availabilityrisk" entityType="availability_queue" entityId="6e47d134-0988-44ac-b47c-fb18d95e2bd7" action="READ" actorId="919c5134-4cc0-4621-a099-bdcf8a6b1ec0" correlationId="f4ff263c-8b34-4448-a82a-a6bb1092b51e"
[WebServer] 2026-09-06T09:46:08.091Z INFO  application=marketops-server environment=local buildVersion=0.1.0-SNAPSHOT correlationId=f4ff263c-8b34-4448-a82a-a6bb1092b51e c.m.m.s.i.c.CorrelationIdFilter - Request completed event="request_completed" correlationId="f4ff263c-8b34-4448-a82a-a6bb1092b51e" status="200"
[WebServer] 2026-09-06T09:46:08.097Z INFO  application=marketops-server environment=local buildVersion=0.1.0-SNAPSHOT correlationId=a6688a8f-2bc1-4d4b-904e-dc81b08f9fae c.m.m.s.i.e.ConsoleProblemAdvice - Console request refused event="console_request_refused" errorCode="RESOURCE_SCOPE_DENIED" correlationId="a6688a8f-2bc1-4d4b-904e-dc81b08f9fae"
[WebServer] 2026-09-06T09:46:08.098Z INFO  application=marketops-server environment=local buildVersion=0.1.0-SNAPSHOT correlationId=a6688a8f-2bc1-4d4b-904e-dc81b08f9fae c.m.m.s.i.c.CorrelationIdFilter - Request completed event="request_completed" correlationId="a6688a8f-2bc1-4d4b-904e-dc81b08f9fae" status="403"
[WebServer] 2026-09-06T09:46:08.099Z INFO  application=marketops-server environment=local buildVersion=0.1.0-SNAPSHOT correlationId=83f9b6e6-9688-4226-9dfb-53ccc3259ae7 c.m.m.a.i.a.JdbcMetadataAuditStore - Metadata change recorded event="metadata_change_recorded" sourceDomain="advertisingefficiency" entityType="advertising_queue" entityId="6e47d134-0988-44ac-b47c-fb18d95e2bd7" action="READ" actorId="919c5134-4cc0-4621-a099-bdcf8a6b1ec0" correlationId="83f9b6e6-9688-4226-9dfb-53ccc3259ae7"
[WebServer] 2026-09-06T09:46:08.108Z INFO  application=marketops-server environment=local buildVersion=0.1.0-SNAPSHOT correlationId=bd9f8061-33f2-4a19-8681-114d2fc3f502 c.m.m.a.i.a.JdbcMetadataAuditStore - Metadata change recorded event="metadata_change_recorded" sourceDomain="advertisingefficiency" entityType="advertising_orchestration" entityId="6e47d134-0988-44ac-b47c-fb18d95e2bd7" action="READ" actorId="919c5134-4cc0-4621-a099-bdcf8a6b1ec0" correlationId="bd9f8061-33f2-4a19-8681-114d2fc3f502"
[WebServer] 2026-09-06T09:46:08.109Z INFO  application=marketops-server environment=local buildVersion=0.1.0-SNAPSHOT correlationId=bd9f8061-33f2-4a19-8681-114d2fc3f502 c.m.m.s.i.c.CorrelationIdFilter - Request completed event="request_completed" correlationId="bd9f8061-33f2-4a19-8681-114d2fc3f502" status="200"
[WebServer] 2026-09-06T09:46:08.117Z INFO  application=marketops-server environment=local buildVersion=0.1.0-SNAPSHOT correlationId=83f9b6e6-9688-4226-9dfb-53ccc3259ae7 c.m.m.s.i.c.CorrelationIdFilter - Request completed event="request_completed" correlationId="83f9b6e6-9688-4226-9dfb-53ccc3259ae7" status="200"
[WebServer] 2026-09-06T09:46:08.137Z INFO  application=marketops-server environment=local buildVersion=0.1.0-SNAPSHOT correlationId=68ad9b91-cfdc-425d-a1a0-f3c2a5e31dd2 c.m.m.s.i.c.CorrelationIdFilter - Request completed event="request_completed" correlationId="68ad9b91-cfdc-425d-a1a0-f3c2a5e31dd2" status="200"
[WebServer] 2026-09-06T09:46:08.237Z INFO  application=marketops-server environment=local buildVersion=0.1.0-SNAPSHOT correlationId=8e68aa36-8fa0-4011-ae30-91b450ee5fd5 c.m.m.a.i.a.JdbcMetadataAuditStore - Metadata change recorded event="metadata_change_recorded" sourceDomain="advertisingefficiency" entityType="advertising_case" entityId="f920a8c2-295c-4bff-a148-d64197f2c87b" action="READ" actorId="919c5134-4cc0-4621-a099-bdcf8a6b1ec0" correlationId="8e68aa36-8fa0-4011-ae30-91b450ee5fd5"
[WebServer] 2026-09-06T09:46:08.251Z INFO  application=marketops-server environment=local buildVersion=0.1.0-SNAPSHOT correlationId=8e68aa36-8fa0-4011-ae30-91b450ee5fd5 c.m.m.s.i.c.CorrelationIdFilter - Request completed event="request_completed" correlationId="8e68aa36-8fa0-4011-ae30-91b450ee5fd5" status="200"
[WebServer] 2026-09-06T09:46:08.275Z INFO  application=marketops-server environment=local buildVersion=0.1.0-SNAPSHOT correlationId=d85cad57-14f9-44cc-83d1-50b7013a77d1 c.m.m.a.i.a.JdbcMetadataAuditStore - Metadata change recorded event="metadata_change_recorded" sourceDomain="advertisingefficiency" entityType="advertising_manual_packet" entityId="5b52ebee-99bc-49ce-9be5-fe66080369e1" action="READ" actorId="919c5134-4cc0-4621-a099-bdcf8a6b1ec0" correlationId="d85cad57-14f9-44cc-83d1-50b7013a77d1"
[WebServer] 2026-09-06T09:46:08.276Z INFO  application=marketops-server environment=local buildVersion=0.1.0-SNAPSHOT correlationId=d85cad57-14f9-44cc-83d1-50b7013a77d1 c.m.m.s.i.c.CorrelationIdFilter - Request completed event="request_completed" correlationId="d85cad57-14f9-44cc-83d1-50b7013a77d1" status="200"
[WebServer] 2026-09-06T09:46:08.303Z INFO  application=marketops-server environment=local buildVersion=0.1.0-SNAPSHOT correlationId=21095306-6e04-4205-97b9-3eea255ce82e c.m.m.s.i.c.CorrelationIdFilter - Request completed event="request_completed" correlationId="21095306-6e04-4205-97b9-3eea255ce82e" status="200"
[WebServer] 2026-09-06T09:46:08.316Z INFO  application=marketops-server environment=local buildVersion=0.1.0-SNAPSHOT correlationId=361f7e0e-635f-4a1d-bb26-1743f97e959a c.m.m.s.i.c.CorrelationIdFilter - Request completed event="request_completed" correlationId="361f7e0e-635f-4a1d-bb26-1743f97e959a" status="200"
[WebServer] 2026-09-06T09:46:08.346Z INFO  application=marketops-server environment=local buildVersion=0.1.0-SNAPSHOT correlationId=a00857b8-6fee-418b-b8eb-98ae2b0015ed c.m.m.s.i.c.CorrelationIdFilter - Request completed event="request_completed" correlationId="a00857b8-6fee-418b-b8eb-98ae2b0015ed" status="200"
[WebServer] 2026-09-06T09:46:08.709Z INFO  application=marketops-server environment=local buildVersion=0.1.0-SNAPSHOT correlationId=4944f007-b7cb-49c7-9141-4ce311de2f77 c.m.m.s.i.c.CorrelationIdFilter - Request completed event="request_completed" correlationId="4944f007-b7cb-49c7-9141-4ce311de2f77" status="200"
[WebServer] 2026-09-06T09:46:08.725Z INFO  application=marketops-server environment=local buildVersion=0.1.0-SNAPSHOT correlationId=cabdf919-db0c-4323-a124-0c587434ffb0 c.m.m.a.i.a.JdbcMetadataAuditStore - Metadata change recorded event="metadata_change_recorded" sourceDomain="advertisingefficiency" entityType="advertising_manual_packet" entityId="5b52ebee-99bc-49ce-9be5-fe66080369e1" action="READ" actorId="919c5134-4cc0-4621-a099-bdcf8a6b1ec0" correlationId="cabdf919-db0c-4323-a124-0c587434ffb0"
[WebServer] 2026-09-06T09:46:08.766Z INFO  application=marketops-server environment=local buildVersion=0.1.0-SNAPSHOT correlationId=cabdf919-db0c-4323-a124-0c587434ffb0 c.m.m.s.i.c.CorrelationIdFilter - Request completed event="request_completed" correlationId="cabdf919-db0c-4323-a124-0c587434ffb0" status="200"
[WebServer] 2026-09-06T09:46:09.168Z INFO  application=marketops-server environment=local buildVersion=0.1.0-SNAPSHOT correlationId=db36fde6-e432-42fe-b5e4-ed39bf10be42 c.m.m.a.i.a.JdbcMetadataAuditStore - Metadata change recorded event="metadata_change_recorded" sourceDomain="advertisingefficiency" entityType="advertising_containments" entityId="6e47d134-0988-44ac-b47c-fb18d95e2bd7" action="READ" actorId="bff2bbc1-76c7-4490-933f-23358055ecf7" correlationId="db36fde6-e432-42fe-b5e4-ed39bf10be42"
[WebServer] 2026-09-06T09:46:09.172Z INFO  application=marketops-server environment=local buildVersion=0.1.0-SNAPSHOT correlationId=787017a8-8846-4221-be7f-1cabfe886f9b c.m.m.a.i.a.JdbcMetadataAuditStore - Metadata change recorded event="metadata_change_recorded" sourceDomain="advertisingefficiency" entityType="advertising_reservations" entityId="6e47d134-0988-44ac-b47c-fb18d95e2bd7" action="READ" actorId="bff2bbc1-76c7-4490-933f-23358055ecf7" correlationId="787017a8-8846-4221-be7f-1cabfe886f9b"
[WebServer] 2026-09-06T09:46:09.172Z INFO  application=marketops-server environment=local buildVersion=0.1.0-SNAPSHOT correlationId=bd8b0b5b-22d1-42cf-9f22-adfe62e8fa27 c.m.m.a.i.a.JdbcMetadataAuditStore - Metadata change recorded event="metadata_change_recorded" sourceDomain="availabilityrisk" entityType="availability_queue" entityId="6e47d134-0988-44ac-b47c-fb18d95e2bd7" action="READ" actorId="bff2bbc1-76c7-4490-933f-23358055ecf7" correlationId="bd8b0b5b-22d1-42cf-9f22-adfe62e8fa27"
[WebServer] 2026-09-06T09:46:09.173Z INFO  application=marketops-server environment=local buildVersion=0.1.0-SNAPSHOT correlationId=787017a8-8846-4221-be7f-1cabfe886f9b c.m.m.s.i.c.CorrelationIdFilter - Request completed event="request_completed" correlationId="787017a8-8846-4221-be7f-1cabfe886f9b" status="200"
[WebServer] 2026-09-06T09:46:09.173Z INFO  application=marketops-server environment=local buildVersion=0.1.0-SNAPSHOT correlationId=c37b64bc-d4ea-40d0-9b4c-6fe03b63c2ed c.m.m.s.i.c.CorrelationIdFilter - Request completed event="request_completed" correlationId="c37b64bc-d4ea-40d0-9b4c-6fe03b63c2ed" status="200"
[WebServer] 2026-09-06T09:46:09.174Z INFO  application=marketops-server environment=local buildVersion=0.1.0-SNAPSHOT correlationId=3d11ab9e-5a73-4b8f-a5ec-3a63b8577017 c.m.m.s.i.e.ConsoleProblemAdvice - Console request refused event="console_request_refused" errorCode="RESOURCE_SCOPE_DENIED" correlationId="3d11ab9e-5a73-4b8f-a5ec-3a63b8577017"
[WebServer] 2026-09-06T09:46:09.174Z INFO  application=marketops-server environment=local buildVersion=0.1.0-SNAPSHOT correlationId=8bfcd90f-17cc-45b0-ab1d-70da37247118 c.m.m.s.i.e.ConsoleProblemAdvice - Console request refused event="console_request_refused" errorCode="RESOURCE_NOT_FOUND" correlationId="8bfcd90f-17cc-45b0-ab1d-70da37247118"
[WebServer] 2026-09-06T09:46:09.175Z INFO  application=marketops-server environment=local buildVersion=0.1.0-SNAPSHOT correlationId=3d11ab9e-5a73-4b8f-a5ec-3a63b8577017 c.m.m.s.i.c.CorrelationIdFilter - Request completed event="request_completed" correlationId="3d11ab9e-5a73-4b8f-a5ec-3a63b8577017" status="403"
[WebServer] 2026-09-06T09:46:09.175Z INFO  application=marketops-server environment=local buildVersion=0.1.0-SNAPSHOT correlationId=bd8b0b5b-22d1-42cf-9f22-adfe62e8fa27 c.m.m.s.i.c.CorrelationIdFilter - Request completed event="request_completed" correlationId="bd8b0b5b-22d1-42cf-9f22-adfe62e8fa27" status="200"
[WebServer] 2026-09-06T09:46:09.175Z INFO  application=marketops-server environment=local buildVersion=0.1.0-SNAPSHOT correlationId=8bfcd90f-17cc-45b0-ab1d-70da37247118 c.m.m.s.i.c.CorrelationIdFilter - Request completed event="request_completed" correlationId="8bfcd90f-17cc-45b0-ab1d-70da37247118" status="404"
[WebServer] 2026-09-06T09:46:09.177Z INFO  application=marketops-server environment=local buildVersion=0.1.0-SNAPSHOT correlationId=db36fde6-e432-42fe-b5e4-ed39bf10be42 c.m.m.s.i.c.CorrelationIdFilter - Request completed event="request_completed" correlationId="db36fde6-e432-42fe-b5e4-ed39bf10be42" status="200"
[WebServer] 2026-09-06T09:46:09.188Z INFO  application=marketops-server environment=local buildVersion=0.1.0-SNAPSHOT correlationId=c888d1a0-d65f-450c-824e-f1a81416fee5 c.m.m.s.i.e.ConsoleProblemAdvice - Console request refused event="console_request_refused" errorCode="RESOURCE_SCOPE_DENIED" correlationId="c888d1a0-d65f-450c-824e-f1a81416fee5"
[WebServer] 2026-09-06T09:46:09.188Z INFO  application=marketops-server environment=local buildVersion=0.1.0-SNAPSHOT correlationId=c888d1a0-d65f-450c-824e-f1a81416fee5 c.m.m.s.i.c.CorrelationIdFilter - Request completed event="request_completed" correlationId="c888d1a0-d65f-450c-824e-f1a81416fee5" status="403"
[WebServer] 2026-09-06T09:46:09.193Z INFO  application=marketops-server environment=local buildVersion=0.1.0-SNAPSHOT correlationId=1b62434a-6b2a-4984-8fd9-3d2cfcf5dac4 c.m.m.a.i.a.JdbcMetadataAuditStore - Metadata change recorded event="metadata_change_recorded" sourceDomain="advertisingefficiency" entityType="advertising_queue" entityId="6e47d134-0988-44ac-b47c-fb18d95e2bd7" action="READ" actorId="bff2bbc1-76c7-4490-933f-23358055ecf7" correlationId="1b62434a-6b2a-4984-8fd9-3d2cfcf5dac4"
[WebServer] 2026-09-06T09:46:09.196Z INFO  application=marketops-server environment=local buildVersion=0.1.0-SNAPSHOT correlationId=0237c636-b437-46ef-89b7-7a82f72aea2f c.m.m.a.i.a.JdbcMetadataAuditStore - Metadata change recorded event="metadata_change_recorded" sourceDomain="advertisingefficiency" entityType="advertising_exposure" entityId="6e47d134-0988-44ac-b47c-fb18d95e2bd7" action="READ" actorId="bff2bbc1-76c7-4490-933f-23358055ecf7" correlationId="0237c636-b437-46ef-89b7-7a82f72aea2f"
[WebServer] 2026-09-06T09:46:09.200Z INFO  application=marketops-server environment=local buildVersion=0.1.0-SNAPSHOT correlationId=0237c636-b437-46ef-89b7-7a82f72aea2f c.m.m.s.i.c.CorrelationIdFilter - Request completed event="request_completed" correlationId="0237c636-b437-46ef-89b7-7a82f72aea2f" status="200"
[WebServer] 2026-09-06T09:46:09.227Z INFO  application=marketops-server environment=local buildVersion=0.1.0-SNAPSHOT correlationId=1b62434a-6b2a-4984-8fd9-3d2cfcf5dac4 c.m.m.s.i.c.CorrelationIdFilter - Request completed event="request_completed" correlationId="1b62434a-6b2a-4984-8fd9-3d2cfcf5dac4" status="200"
[WebServer] 2026-09-06T09:46:09.227Z INFO  application=marketops-server environment=local buildVersion=0.1.0-SNAPSHOT correlationId=d5e1e2e7-23c0-4361-a00c-715abf7188ba c.m.m.a.i.a.JdbcMetadataAuditStore - Metadata change recorded event="metadata_change_recorded" sourceDomain="advertisingefficiency" entityType="advertising_orchestration" entityId="6e47d134-0988-44ac-b47c-fb18d95e2bd7" action="READ" actorId="bff2bbc1-76c7-4490-933f-23358055ecf7" correlationId="d5e1e2e7-23c0-4361-a00c-715abf7188ba"
[WebServer] 2026-09-06T09:46:09.228Z INFO  application=marketops-server environment=local buildVersion=0.1.0-SNAPSHOT correlationId=d5e1e2e7-23c0-4361-a00c-715abf7188ba c.m.m.s.i.c.CorrelationIdFilter - Request completed event="request_completed" correlationId="d5e1e2e7-23c0-4361-a00c-715abf7188ba" status="200"
[WebServer] 2026-09-06T09:46:09.240Z INFO  application=marketops-server environment=local buildVersion=0.1.0-SNAPSHOT correlationId=2d0dab71-c41f-406e-bc71-5cb758ec992d c.m.m.s.i.c.CorrelationIdFilter - Request completed event="request_completed" correlationId="2d0dab71-c41f-406e-bc71-5cb758ec992d" status="200"
[WebServer] 2026-09-06T09:46:09.364Z INFO  application=marketops-server environment=local buildVersion=0.1.0-SNAPSHOT correlationId=1aeef4a3-8d61-4c6c-be10-4379f00adc4e c.m.m.a.i.a.JdbcMetadataAuditStore - Metadata change recorded event="metadata_change_recorded" sourceDomain="advertisingefficiency" entityType="advertising_case" entityId="f920a8c2-295c-4bff-a148-d64197f2c87b" action="READ" actorId="bff2bbc1-76c7-4490-933f-23358055ecf7" correlationId="1aeef4a3-8d61-4c6c-be10-4379f00adc4e"
[WebServer] 2026-09-06T09:46:09.382Z INFO  application=marketops-server environment=local buildVersion=0.1.0-SNAPSHOT correlationId=1aeef4a3-8d61-4c6c-be10-4379f00adc4e c.m.m.s.i.c.CorrelationIdFilter - Request completed event="request_completed" correlationId="1aeef4a3-8d61-4c6c-be10-4379f00adc4e" status="200"
[WebServer] 2026-09-06T09:46:09.406Z INFO  application=marketops-server environment=local buildVersion=0.1.0-SNAPSHOT correlationId=9c6fbf44-c4ae-4915-9f1d-4db70c0e3e05 c.m.m.a.i.a.JdbcMetadataAuditStore - Metadata change recorded event="metadata_change_recorded" sourceDomain="advertisingefficiency" entityType="advertising_manual_packet" entityId="5b52ebee-99bc-49ce-9be5-fe66080369e1" action="READ" actorId="bff2bbc1-76c7-4490-933f-23358055ecf7" correlationId="9c6fbf44-c4ae-4915-9f1d-4db70c0e3e05"
[WebServer] 2026-09-06T09:46:09.445Z INFO  application=marketops-server environment=local buildVersion=0.1.0-SNAPSHOT correlationId=7665dff8-dc4d-4a6c-9fc5-1d5d1a1b0b6d c.m.m.s.i.c.CorrelationIdFilter - Request completed event="request_completed" correlationId="7665dff8-dc4d-4a6c-9fc5-1d5d1a1b0b6d" status="200"
[WebServer] 2026-09-06T09:46:09.464Z INFO  application=marketops-server environment=local buildVersion=0.1.0-SNAPSHOT correlationId=5e2d7063-40d0-4e61-9144-16ed1ad4ee29 c.m.m.s.i.c.CorrelationIdFilter - Request completed event="request_completed" correlationId="5e2d7063-40d0-4e61-9144-16ed1ad4ee29" status="200"
[WebServer] 2026-09-06T09:46:09.464Z INFO  application=marketops-server environment=local buildVersion=0.1.0-SNAPSHOT correlationId=9c6fbf44-c4ae-4915-9f1d-4db70c0e3e05 c.m.m.s.i.c.CorrelationIdFilter - Request completed event="request_completed" correlationId="9c6fbf44-c4ae-4915-9f1d-4db70c0e3e05" status="200"
[WebServer] 2026-09-06T09:46:09.497Z INFO  application=marketops-server environment=local buildVersion=0.1.0-SNAPSHOT correlationId=01146b72-ae7c-4361-a2b5-98baa04d4430 c.m.m.s.i.c.CorrelationIdFilter - Request completed event="request_completed" correlationId="01146b72-ae7c-4361-a2b5-98baa04d4430" status="200"
[WebServer] 2026-09-06T09:46:09.597Z INFO  application=marketops-server environment=local buildVersion=0.1.0-SNAPSHOT correlationId=9d16cdeb-8fec-4fec-8e17-6fb1bd71cff3 c.m.m.s.i.c.CorrelationIdFilter - Request completed event="request_completed" correlationId="9d16cdeb-8fec-4fec-8e17-6fb1bd71cff3" status="200"
[WebServer] 2026-09-06T09:46:09.612Z INFO  application=marketops-server environment=local buildVersion=0.1.0-SNAPSHOT correlationId=681a7c76-d845-4a5f-9d02-0c863b2e02ce c.m.m.a.i.a.JdbcMetadataAuditStore - Metadata change recorded event="metadata_change_recorded" sourceDomain="advertisingefficiency" entityType="advertising_manual_packet" entityId="5b52ebee-99bc-49ce-9be5-fe66080369e1" action="READ" actorId="bff2bbc1-76c7-4490-933f-23358055ecf7" correlationId="681a7c76-d845-4a5f-9d02-0c863b2e02ce"
[WebServer] 2026-09-06T09:46:09.660Z INFO  application=marketops-server environment=local buildVersion=0.1.0-SNAPSHOT correlationId=681a7c76-d845-4a5f-9d02-0c863b2e02ce c.m.m.s.i.c.CorrelationIdFilter - Request completed event="request_completed" correlationId="681a7c76-d845-4a5f-9d02-0c863b2e02ce" status="200"
[WebServer] 2026-09-06T09:46:10.193Z INFO  application=marketops-server environment=local buildVersion=0.1.0-SNAPSHOT correlationId=bd288223-877b-478c-85c6-280f455d684e c.m.m.a.i.a.JdbcMetadataAuditStore - Metadata change recorded event="metadata_change_recorded" sourceDomain="advertisingefficiency" entityType="advertising_reservations" entityId="6e47d134-0988-44ac-b47c-fb18d95e2bd7" action="READ" actorId="7cceb712-47f6-49b4-ab56-80c7833add5e" correlationId="bd288223-877b-478c-85c6-280f455d684e"
[WebServer] 2026-09-06T09:46:10.197Z INFO  application=marketops-server environment=local buildVersion=0.1.0-SNAPSHOT correlationId=bd288223-877b-478c-85c6-280f455d684e c.m.m.s.i.c.CorrelationIdFilter - Request completed event="request_completed" correlationId="bd288223-877b-478c-85c6-280f455d684e" status="200"
[WebServer] 2026-09-06T09:46:10.197Z INFO  application=marketops-server environment=local buildVersion=0.1.0-SNAPSHOT correlationId=9b33516b-053d-4998-9b3a-fad164022fa8 c.m.m.a.i.a.JdbcMetadataAuditStore - Metadata change recorded event="metadata_change_recorded" sourceDomain="availabilityrisk" entityType="availability_queue" entityId="6e47d134-0988-44ac-b47c-fb18d95e2bd7" action="READ" actorId="7cceb712-47f6-49b4-ab56-80c7833add5e" correlationId="9b33516b-053d-4998-9b3a-fad164022fa8"
[WebServer] 2026-09-06T09:46:10.197Z INFO  application=marketops-server environment=local buildVersion=0.1.0-SNAPSHOT correlationId=5f888896-a07b-47b2-aca6-c943f80bb308 c.m.m.s.i.e.ConsoleProblemAdvice - Console request refused event="console_request_refused" errorCode="RESOURCE_NOT_FOUND" correlationId="5f888896-a07b-47b2-aca6-c943f80bb308"
[WebServer] 2026-09-06T09:46:10.199Z INFO  application=marketops-server environment=local buildVersion=0.1.0-SNAPSHOT correlationId=9b33516b-053d-4998-9b3a-fad164022fa8 c.m.m.s.i.c.CorrelationIdFilter - Request completed event="request_completed" correlationId="9b33516b-053d-4998-9b3a-fad164022fa8" status="200"
[WebServer] 2026-09-06T09:46:10.200Z INFO  application=marketops-server environment=local buildVersion=0.1.0-SNAPSHOT correlationId=5f888896-a07b-47b2-aca6-c943f80bb308 c.m.m.s.i.c.CorrelationIdFilter - Request completed event="request_completed" correlationId="5f888896-a07b-47b2-aca6-c943f80bb308" status="404"
[WebServer] 2026-09-06T09:46:10.207Z INFO  application=marketops-server environment=local buildVersion=0.1.0-SNAPSHOT correlationId=49d7b894-c1bb-4d42-94d7-ab0a1e12e63b c.m.m.s.i.e.ConsoleProblemAdvice - Console request refused event="console_request_refused" errorCode="RESOURCE_SCOPE_DENIED" correlationId="49d7b894-c1bb-4d42-94d7-ab0a1e12e63b"
[WebServer] 2026-09-06T09:46:10.208Z INFO  application=marketops-server environment=local buildVersion=0.1.0-SNAPSHOT correlationId=a2063cc8-3cff-406f-99fe-dde9865073b5 c.m.m.a.i.a.JdbcMetadataAuditStore - Metadata change recorded event="metadata_change_recorded" sourceDomain="advertisingefficiency" entityType="advertising_containments" entityId="6e47d134-0988-44ac-b47c-fb18d95e2bd7" action="READ" actorId="7cceb712-47f6-49b4-ab56-80c7833add5e" correlationId="a2063cc8-3cff-406f-99fe-dde9865073b5"
[WebServer] 2026-09-06T09:46:10.209Z INFO  application=marketops-server environment=local buildVersion=0.1.0-SNAPSHOT correlationId=49d7b894-c1bb-4d42-94d7-ab0a1e12e63b c.m.m.s.i.c.CorrelationIdFilter - Request completed event="request_completed" correlationId="49d7b894-c1bb-4d42-94d7-ab0a1e12e63b" status="403"
[WebServer] 2026-09-06T09:46:10.224Z INFO  application=marketops-server environment=local buildVersion=0.1.0-SNAPSHOT correlationId=a2063cc8-3cff-406f-99fe-dde9865073b5 c.m.m.s.i.c.CorrelationIdFilter - Request completed event="request_completed" correlationId="a2063cc8-3cff-406f-99fe-dde9865073b5" status="200"
[WebServer] 2026-09-06T09:46:10.230Z INFO  application=marketops-server environment=local buildVersion=0.1.0-SNAPSHOT correlationId=4794bd1c-98d3-4021-9b7d-5facbce6da00 c.m.m.s.i.e.ConsoleProblemAdvice - Console request refused event="console_request_refused" errorCode="RESOURCE_SCOPE_DENIED" correlationId="4794bd1c-98d3-4021-9b7d-5facbce6da00"
[WebServer] 2026-09-06T09:46:10.231Z INFO  application=marketops-server environment=local buildVersion=0.1.0-SNAPSHOT correlationId=4794bd1c-98d3-4021-9b7d-5facbce6da00 c.m.m.s.i.c.CorrelationIdFilter - Request completed event="request_completed" correlationId="4794bd1c-98d3-4021-9b7d-5facbce6da00" status="403"
[WebServer] 2026-09-06T09:46:10.234Z INFO  application=marketops-server environment=local buildVersion=0.1.0-SNAPSHOT correlationId=7f68d2e4-9008-4abd-9d84-ac0bf8352e18 c.m.m.a.i.a.JdbcMetadataAuditStore - Metadata change recorded event="metadata_change_recorded" sourceDomain="advertisingefficiency" entityType="advertising_exposure" entityId="6e47d134-0988-44ac-b47c-fb18d95e2bd7" action="READ" actorId="7cceb712-47f6-49b4-ab56-80c7833add5e" correlationId="7f68d2e4-9008-4abd-9d84-ac0bf8352e18"
[WebServer] 2026-09-06T09:46:10.235Z INFO  application=marketops-server environment=local buildVersion=0.1.0-SNAPSHOT correlationId=bd7cb8c5-f38e-409b-8458-830997aaceb0 c.m.m.s.i.c.CorrelationIdFilter - Request completed event="request_completed" correlationId="bd7cb8c5-f38e-409b-8458-830997aaceb0" status="200"
[WebServer] 2026-09-06T09:46:10.236Z INFO  application=marketops-server environment=local buildVersion=0.1.0-SNAPSHOT correlationId=7f68d2e4-9008-4abd-9d84-ac0bf8352e18 c.m.m.s.i.c.CorrelationIdFilter - Request completed event="request_completed" correlationId="7f68d2e4-9008-4abd-9d84-ac0bf8352e18" status="200"
[WebServer] 2026-09-06T09:46:10.255Z INFO  application=marketops-server environment=local buildVersion=0.1.0-SNAPSHOT correlationId=9722212c-be40-4e11-b1d1-fda64fe47fcc c.m.m.a.i.a.JdbcMetadataAuditStore - Metadata change recorded event="metadata_change_recorded" sourceDomain="advertisingefficiency" entityType="advertising_queue" entityId="6e47d134-0988-44ac-b47c-fb18d95e2bd7" action="READ" actorId="7cceb712-47f6-49b4-ab56-80c7833add5e" correlationId="9722212c-be40-4e11-b1d1-fda64fe47fcc"
[WebServer] 2026-09-06T09:46:10.272Z INFO  application=marketops-server environment=local buildVersion=0.1.0-SNAPSHOT correlationId=2b68cbc8-a800-41ac-bdd0-113b0f6c2aaa c.m.m.a.i.a.JdbcMetadataAuditStore - Metadata change recorded event="metadata_change_recorded" sourceDomain="advertisingefficiency" entityType="advertising_orchestration" entityId="6e47d134-0988-44ac-b47c-fb18d95e2bd7" action="READ" actorId="7cceb712-47f6-49b4-ab56-80c7833add5e" correlationId="2b68cbc8-a800-41ac-bdd0-113b0f6c2aaa"
[WebServer] 2026-09-06T09:46:10.277Z INFO  application=marketops-server environment=local buildVersion=0.1.0-SNAPSHOT correlationId=2b68cbc8-a800-41ac-bdd0-113b0f6c2aaa c.m.m.s.i.c.CorrelationIdFilter - Request completed event="request_completed" correlationId="2b68cbc8-a800-41ac-bdd0-113b0f6c2aaa" status="200"
[WebServer] 2026-09-06T09:46:10.300Z INFO  application=marketops-server environment=local buildVersion=0.1.0-SNAPSHOT correlationId=9722212c-be40-4e11-b1d1-fda64fe47fcc c.m.m.s.i.c.CorrelationIdFilter - Request completed event="request_completed" correlationId="9722212c-be40-4e11-b1d1-fda64fe47fcc" status="200"
[WebServer] 2026-09-06T09:46:10.311Z INFO  application=marketops-server environment=local buildVersion=0.1.0-SNAPSHOT correlationId=873745ed-1a8f-4173-9376-621bd955f77d c.m.m.s.i.c.CorrelationIdFilter - Request completed event="request_completed" correlationId="873745ed-1a8f-4173-9376-621bd955f77d" status="200"
[WebServer] 2026-09-06T09:46:10.370Z INFO  application=marketops-server environment=local buildVersion=0.1.0-SNAPSHOT correlationId=88e31121-fefb-4563-9a4b-cc8b44416f18 c.m.m.a.i.a.JdbcMetadataAuditStore - Metadata change recorded event="metadata_change_recorded" sourceDomain="advertisingefficiency" entityType="advertising_case" entityId="f920a8c2-295c-4bff-a148-d64197f2c87b" action="READ" actorId="7cceb712-47f6-49b4-ab56-80c7833add5e" correlationId="88e31121-fefb-4563-9a4b-cc8b44416f18"
[WebServer] 2026-09-06T09:46:10.387Z INFO  application=marketops-server environment=local buildVersion=0.1.0-SNAPSHOT correlationId=88e31121-fefb-4563-9a4b-cc8b44416f18 c.m.m.s.i.c.CorrelationIdFilter - Request completed event="request_completed" correlationId="88e31121-fefb-4563-9a4b-cc8b44416f18" status="200"
[WebServer] 2026-09-06T09:46:10.415Z INFO  application=marketops-server environment=local buildVersion=0.1.0-SNAPSHOT correlationId=83f4f325-e839-4f5b-a9b3-8b289c9cbd1f c.m.m.a.i.a.JdbcMetadataAuditStore - Metadata change recorded event="metadata_change_recorded" sourceDomain="advertisingefficiency" entityType="advertising_manual_packet" entityId="5b52ebee-99bc-49ce-9be5-fe66080369e1" action="READ" actorId="7cceb712-47f6-49b4-ab56-80c7833add5e" correlationId="83f4f325-e839-4f5b-a9b3-8b289c9cbd1f"
[WebServer] 2026-09-06T09:46:10.451Z INFO  application=marketops-server environment=local buildVersion=0.1.0-SNAPSHOT correlationId=117d1a4f-a64d-4611-9969-bc3095e962c2 c.m.m.s.i.c.CorrelationIdFilter - Request completed event="request_completed" correlationId="117d1a4f-a64d-4611-9969-bc3095e962c2" status="200"
[WebServer] 2026-09-06T09:46:10.466Z INFO  application=marketops-server environment=local buildVersion=0.1.0-SNAPSHOT correlationId=83f4f325-e839-4f5b-a9b3-8b289c9cbd1f c.m.m.s.i.c.CorrelationIdFilter - Request completed event="request_completed" correlationId="83f4f325-e839-4f5b-a9b3-8b289c9cbd1f" status="200"
[WebServer] 2026-09-06T09:46:10.476Z INFO  application=marketops-server environment=local buildVersion=0.1.0-SNAPSHOT correlationId=927bc34a-f798-4f5a-8c8c-8c7a8e8a60fc c.m.m.s.i.c.CorrelationIdFilter - Request completed event="request_completed" correlationId="927bc34a-f798-4f5a-8c8c-8c7a8e8a60fc" status="200"
[WebServer] 2026-09-06T09:46:10.505Z INFO  application=marketops-server environment=local buildVersion=0.1.0-SNAPSHOT correlationId=3d50c7ce-4829-4ec5-bcf8-ddf60a1a6fb5 c.m.m.s.i.c.CorrelationIdFilter - Request completed event="request_completed" correlationId="3d50c7ce-4829-4ec5-bcf8-ddf60a1a6fb5" status="200"
[WebServer] 2026-09-06T09:46:10.710Z INFO  application=marketops-server environment=local buildVersion=0.1.0-SNAPSHOT correlationId=d13d71b5-1a49-4da1-a328-0f371266c478 c.m.m.s.i.c.CorrelationIdFilter - Request completed event="request_completed" correlationId="d13d71b5-1a49-4da1-a328-0f371266c478" status="200"
[WebServer] 2026-09-06T09:46:10.726Z INFO  application=marketops-server environment=local buildVersion=0.1.0-SNAPSHOT correlationId=62674cc9-752f-4b68-8fc7-32082998e65d c.m.m.a.i.a.JdbcMetadataAuditStore - Metadata change recorded event="metadata_change_recorded" sourceDomain="advertisingefficiency" entityType="advertising_manual_packet" entityId="5b52ebee-99bc-49ce-9be5-fe66080369e1" action="READ" actorId="7cceb712-47f6-49b4-ab56-80c7833add5e" correlationId="62674cc9-752f-4b68-8fc7-32082998e65d"
[WebServer] 2026-09-06T09:46:10.784Z INFO  application=marketops-server environment=local buildVersion=0.1.0-SNAPSHOT correlationId=62674cc9-752f-4b68-8fc7-32082998e65d c.m.m.s.i.c.CorrelationIdFilter - Request completed event="request_completed" correlationId="62674cc9-752f-4b68-8fc7-32082998e65d" status="200"
[WebServer] 2026-09-06T09:46:11.438Z INFO  application=marketops-server environment=local buildVersion=0.1.0-SNAPSHOT correlationId=a6849720-91c6-4ad4-b2de-4d93ce6c4071 c.m.m.a.i.a.JdbcMetadataAuditStore - Metadata change recorded event="metadata_change_recorded" sourceDomain="advertisingefficiency" entityType="advertising_containments" entityId="6e47d134-0988-44ac-b47c-fb18d95e2bd7" action="READ" actorId="919c5134-4cc0-4621-a099-bdcf8a6b1ec0" correlationId="a6849720-91c6-4ad4-b2de-4d93ce6c4071"
[WebServer] 2026-09-06T09:46:11.440Z INFO  application=marketops-server environment=local buildVersion=0.1.0-SNAPSHOT correlationId=2549869f-d837-4e7e-82c2-15f3bc3c29ee c.m.m.a.i.a.JdbcMetadataAuditStore - Metadata change recorded event="metadata_change_recorded" sourceDomain="advertisingefficiency" entityType="advertising_reservations" entityId="6e47d134-0988-44ac-b47c-fb18d95e2bd7" action="READ" actorId="919c5134-4cc0-4621-a099-bdcf8a6b1ec0" correlationId="2549869f-d837-4e7e-82c2-15f3bc3c29ee"
[WebServer] 2026-09-06T09:46:11.441Z INFO  application=marketops-server environment=local buildVersion=0.1.0-SNAPSHOT correlationId=05286841-f44a-4c41-8fe6-58f0b6e331a1 c.m.m.s.i.e.ConsoleProblemAdvice - Console request refused event="console_request_refused" errorCode="RESOURCE_SCOPE_DENIED" correlationId="05286841-f44a-4c41-8fe6-58f0b6e331a1"
[WebServer] 2026-09-06T09:46:11.441Z INFO  application=marketops-server environment=local buildVersion=0.1.0-SNAPSHOT correlationId=5520a016-41e7-460e-a6e1-9df21081d8f9 c.m.m.s.i.e.ConsoleProblemAdvice - Console request refused event="console_request_refused" errorCode="RESOURCE_NOT_FOUND" correlationId="5520a016-41e7-460e-a6e1-9df21081d8f9"
[WebServer] 2026-09-06T09:46:11.442Z INFO  application=marketops-server environment=local buildVersion=0.1.0-SNAPSHOT correlationId=5520a016-41e7-460e-a6e1-9df21081d8f9 c.m.m.s.i.c.CorrelationIdFilter - Request completed event="request_completed" correlationId="5520a016-41e7-460e-a6e1-9df21081d8f9" status="404"
[WebServer] 2026-09-06T09:46:11.442Z INFO  application=marketops-server environment=local buildVersion=0.1.0-SNAPSHOT correlationId=05286841-f44a-4c41-8fe6-58f0b6e331a1 c.m.m.s.i.c.CorrelationIdFilter - Request completed event="request_completed" correlationId="05286841-f44a-4c41-8fe6-58f0b6e331a1" status="403"
[WebServer] 2026-09-06T09:46:11.446Z INFO  application=marketops-server environment=local buildVersion=0.1.0-SNAPSHOT correlationId=5b301098-1405-4ed1-8847-72d877f17e79 c.m.m.s.i.c.CorrelationIdFilter - Request completed event="request_completed" correlationId="5b301098-1405-4ed1-8847-72d877f17e79" status="200"
[WebServer] 2026-09-06T09:46:11.447Z INFO  application=marketops-server environment=local buildVersion=0.1.0-SNAPSHOT correlationId=5a07a3d8-5ffe-422a-8607-eff8e4731f20 c.m.m.a.i.a.JdbcMetadataAuditStore - Metadata change recorded event="metadata_change_recorded" sourceDomain="availabilityrisk" entityType="availability_queue" entityId="6e47d134-0988-44ac-b47c-fb18d95e2bd7" action="READ" actorId="919c5134-4cc0-4621-a099-bdcf8a6b1ec0" correlationId="5a07a3d8-5ffe-422a-8607-eff8e4731f20"
[WebServer] 2026-09-06T09:46:11.447Z INFO  application=marketops-server environment=local buildVersion=0.1.0-SNAPSHOT correlationId=2549869f-d837-4e7e-82c2-15f3bc3c29ee c.m.m.s.i.c.CorrelationIdFilter - Request completed event="request_completed" correlationId="2549869f-d837-4e7e-82c2-15f3bc3c29ee" status="200"
[WebServer] 2026-09-06T09:46:11.450Z INFO  application=marketops-server environment=local buildVersion=0.1.0-SNAPSHOT correlationId=5a07a3d8-5ffe-422a-8607-eff8e4731f20 c.m.m.s.i.c.CorrelationIdFilter - Request completed event="request_completed" correlationId="5a07a3d8-5ffe-422a-8607-eff8e4731f20" status="200"
[WebServer] 2026-09-06T09:46:11.453Z INFO  application=marketops-server environment=local buildVersion=0.1.0-SNAPSHOT correlationId=a6849720-91c6-4ad4-b2de-4d93ce6c4071 c.m.m.s.i.c.CorrelationIdFilter - Request completed event="request_completed" correlationId="a6849720-91c6-4ad4-b2de-4d93ce6c4071" status="200"
[WebServer] 2026-09-06T09:46:11.457Z INFO  application=marketops-server environment=local buildVersion=0.1.0-SNAPSHOT correlationId=92ef4dd9-8218-4a58-a9af-1cf63f63f658 c.m.m.a.i.a.JdbcMetadataAuditStore - Metadata change recorded event="metadata_change_recorded" sourceDomain="advertisingefficiency" entityType="advertising_exposure" entityId="6e47d134-0988-44ac-b47c-fb18d95e2bd7" action="READ" actorId="919c5134-4cc0-4621-a099-bdcf8a6b1ec0" correlationId="92ef4dd9-8218-4a58-a9af-1cf63f63f658"
[WebServer] 2026-09-06T09:46:11.461Z INFO  application=marketops-server environment=local buildVersion=0.1.0-SNAPSHOT correlationId=92ef4dd9-8218-4a58-a9af-1cf63f63f658 c.m.m.s.i.c.CorrelationIdFilter - Request completed event="request_completed" correlationId="92ef4dd9-8218-4a58-a9af-1cf63f63f658" status="200"
[WebServer] 2026-09-06T09:46:11.462Z INFO  application=marketops-server environment=local buildVersion=0.1.0-SNAPSHOT correlationId=12a0b124-25fa-4a54-a579-6022b7c711f7 c.m.m.s.i.e.ConsoleProblemAdvice - Console request refused event="console_request_refused" errorCode="RESOURCE_SCOPE_DENIED" correlationId="12a0b124-25fa-4a54-a579-6022b7c711f7"
[WebServer] 2026-09-06T09:46:11.463Z INFO  application=marketops-server environment=local buildVersion=0.1.0-SNAPSHOT correlationId=12a0b124-25fa-4a54-a579-6022b7c711f7 c.m.m.s.i.c.CorrelationIdFilter - Request completed event="request_completed" correlationId="12a0b124-25fa-4a54-a579-6022b7c711f7" status="403"
[WebServer] 2026-09-06T09:46:11.476Z INFO  application=marketops-server environment=local buildVersion=0.1.0-SNAPSHOT correlationId=9094e9e7-39d4-4ec1-85aa-8f8bcb4ec5c4 c.m.m.a.i.a.JdbcMetadataAuditStore - Metadata change recorded event="metadata_change_recorded" sourceDomain="advertisingefficiency" entityType="advertising_queue" entityId="6e47d134-0988-44ac-b47c-fb18d95e2bd7" action="READ" actorId="919c5134-4cc0-4621-a099-bdcf8a6b1ec0" correlationId="9094e9e7-39d4-4ec1-85aa-8f8bcb4ec5c4"
[WebServer] 2026-09-06T09:46:11.478Z INFO  application=marketops-server environment=local buildVersion=0.1.0-SNAPSHOT correlationId=451a1f88-2d1c-484b-a6f2-3a7fdfdb8ccf c.m.m.a.i.a.JdbcMetadataAuditStore - Metadata change recorded event="metadata_change_recorded" sourceDomain="advertisingefficiency" entityType="advertising_orchestration" entityId="6e47d134-0988-44ac-b47c-fb18d95e2bd7" action="READ" actorId="919c5134-4cc0-4621-a099-bdcf8a6b1ec0" correlationId="451a1f88-2d1c-484b-a6f2-3a7fdfdb8ccf"
[WebServer] 2026-09-06T09:46:11.479Z INFO  application=marketops-server environment=local buildVersion=0.1.0-SNAPSHOT correlationId=451a1f88-2d1c-484b-a6f2-3a7fdfdb8ccf c.m.m.s.i.c.CorrelationIdFilter - Request completed event="request_completed" correlationId="451a1f88-2d1c-484b-a6f2-3a7fdfdb8ccf" status="200"
[WebServer] 2026-09-06T09:46:11.494Z INFO  application=marketops-server environment=local buildVersion=0.1.0-SNAPSHOT correlationId=9094e9e7-39d4-4ec1-85aa-8f8bcb4ec5c4 c.m.m.s.i.c.CorrelationIdFilter - Request completed event="request_completed" correlationId="9094e9e7-39d4-4ec1-85aa-8f8bcb4ec5c4" status="200"
[WebServer] 2026-09-06T09:46:11.507Z INFO  application=marketops-server environment=local buildVersion=0.1.0-SNAPSHOT correlationId=9fb6d6fe-2159-4c27-b554-31044b22d72e c.m.m.s.i.c.CorrelationIdFilter - Request completed event="request_completed" correlationId="9fb6d6fe-2159-4c27-b554-31044b22d72e" status="200"
[WebServer] 2026-09-06T09:46:11.625Z INFO  application=marketops-server environment=local buildVersion=0.1.0-SNAPSHOT correlationId=c72b983b-ea20-4e5d-9595-7ed01ff3ccec c.m.m.a.i.a.JdbcMetadataAuditStore - Metadata change recorded event="metadata_change_recorded" sourceDomain="advertisingefficiency" entityType="advertising_case" entityId="f920a8c2-295c-4bff-a148-d64197f2c87b" action="READ" actorId="919c5134-4cc0-4621-a099-bdcf8a6b1ec0" correlationId="c72b983b-ea20-4e5d-9595-7ed01ff3ccec"
[WebServer] 2026-09-06T09:46:11.643Z INFO  application=marketops-server environment=local buildVersion=0.1.0-SNAPSHOT correlationId=c72b983b-ea20-4e5d-9595-7ed01ff3ccec c.m.m.s.i.c.CorrelationIdFilter - Request completed event="request_completed" correlationId="c72b983b-ea20-4e5d-9595-7ed01ff3ccec" status="200"
[WebServer] 2026-09-06T09:46:11.673Z INFO  application=marketops-server environment=local buildVersion=0.1.0-SNAPSHOT correlationId=ed06f8df-e305-4077-bdc3-3eb3875b11b5 c.m.m.a.i.a.JdbcMetadataAuditStore - Metadata change recorded event="metadata_change_recorded" sourceDomain="advertisingefficiency" entityType="advertising_manual_packet" entityId="5b52ebee-99bc-49ce-9be5-fe66080369e1" action="READ" actorId="919c5134-4cc0-4621-a099-bdcf8a6b1ec0" correlationId="ed06f8df-e305-4077-bdc3-3eb3875b11b5"
[WebServer] 2026-09-06T09:46:11.709Z INFO  application=marketops-server environment=local buildVersion=0.1.0-SNAPSHOT correlationId=5004c41d-38f6-430d-8d02-caa9467e865a c.m.m.s.i.c.CorrelationIdFilter - Request completed event="request_completed" correlationId="5004c41d-38f6-430d-8d02-caa9467e865a" status="200"
[WebServer] 2026-09-06T09:46:11.728Z INFO  application=marketops-server environment=local buildVersion=0.1.0-SNAPSHOT correlationId=ed06f8df-e305-4077-bdc3-3eb3875b11b5 c.m.m.s.i.c.CorrelationIdFilter - Request completed event="request_completed" correlationId="ed06f8df-e305-4077-bdc3-3eb3875b11b5" status="200"
[WebServer] 2026-09-06T09:46:11.731Z INFO  application=marketops-server environment=local buildVersion=0.1.0-SNAPSHOT correlationId=d4832cac-7c47-4b8c-81d1-68bc40c3a3c2 c.m.m.s.i.c.CorrelationIdFilter - Request completed event="request_completed" correlationId="d4832cac-7c47-4b8c-81d1-68bc40c3a3c2" status="200"
[WebServer] 2026-09-06T09:46:11.774Z INFO  application=marketops-server environment=local buildVersion=0.1.0-SNAPSHOT correlationId=611777b9-cf6e-49d3-89b9-9f11151500ef c.m.m.s.i.c.CorrelationIdFilter - Request completed event="request_completed" correlationId="611777b9-cf6e-49d3-89b9-9f11151500ef" status="200"
[WebServer] 2026-09-06T09:46:11.857Z INFO  application=marketops-server environment=local buildVersion=0.1.0-SNAPSHOT correlationId=ffc77783-6b4c-4fb9-9224-907dbfffe038 c.m.m.s.i.c.CorrelationIdFilter - Request completed event="request_completed" correlationId="ffc77783-6b4c-4fb9-9224-907dbfffe038" status="200"
[WebServer] 2026-09-06T09:46:11.870Z INFO  application=marketops-server environment=local buildVersion=0.1.0-SNAPSHOT correlationId=b971de3b-552b-4344-8026-2113ca31d4f7 c.m.m.a.i.a.JdbcMetadataAuditStore - Metadata change recorded event="metadata_change_recorded" sourceDomain="advertisingefficiency" entityType="advertising_manual_packet" entityId="5b52ebee-99bc-49ce-9be5-fe66080369e1" action="READ" actorId="919c5134-4cc0-4621-a099-bdcf8a6b1ec0" correlationId="b971de3b-552b-4344-8026-2113ca31d4f7"
[WebServer] 2026-09-06T09:46:11.902Z INFO  application=marketops-server environment=local buildVersion=0.1.0-SNAPSHOT correlationId=b971de3b-552b-4344-8026-2113ca31d4f7 c.m.m.s.i.c.CorrelationIdFilter - Request completed event="request_completed" correlationId="b971de3b-552b-4344-8026-2113ca31d4f7" status="200"
[WebServer] 2026-09-06T09:46:12.017Z INFO  application=marketops-server environment=local buildVersion=0.1.0-SNAPSHOT correlationId=d5229f94-60c4-427e-886c-503d8d013934 c.m.m.s.i.c.CorrelationIdFilter - Request completed event="request_completed" correlationId="d5229f94-60c4-427e-886c-503d8d013934" status="200"
[WebServer] 2026-09-06T09:46:12.037Z INFO  application=marketops-server environment=local buildVersion=0.1.0-SNAPSHOT correlationId=6d09102e-a409-4849-9954-5e435b5a64b5 c.m.m.a.i.a.JdbcMetadataAuditStore - Metadata change recorded event="metadata_change_recorded" sourceDomain="advertisingefficiency" entityType="advertising_manual_packet" entityId="5b52ebee-99bc-49ce-9be5-fe66080369e1" action="READ" actorId="919c5134-4cc0-4621-a099-bdcf8a6b1ec0" correlationId="6d09102e-a409-4849-9954-5e435b5a64b5"
[WebServer] 2026-09-06T09:46:12.064Z INFO  application=marketops-server environment=local buildVersion=0.1.0-SNAPSHOT correlationId=6d09102e-a409-4849-9954-5e435b5a64b5 c.m.m.s.i.c.CorrelationIdFilter - Request completed event="request_completed" correlationId="6d09102e-a409-4849-9954-5e435b5a64b5" status="200"
[WebServer] 2026-09-06T09:46:12.111Z DEBUG application=marketops-server environment=local buildVersion=0.1.0-SNAPSHOT correlationId=3831b673-0519-4143-9ee2-56c5cc427dd6 c.m.m.s.i.c.CorrelationIdFilter - Inbound correlation identifier replaced event="correlation_identifier_replaced" correlationId="3831b673-0519-4143-9ee2-56c5cc427dd6" rejectionCategory="MISSING"
[WebServer] 2026-09-06T09:46:12.139Z INFO  application=marketops-server environment=local buildVersion=0.1.0-SNAPSHOT correlationId=3831b673-0519-4143-9ee2-56c5cc427dd6 c.m.m.s.i.e.ConsoleProblemAdvice - Console request refused event="console_request_refused" errorCode="ACTION_NOT_PERMITTED" correlationId="3831b673-0519-4143-9ee2-56c5cc427dd6"
[WebServer] 2026-09-06T09:46:12.140Z INFO  application=marketops-server environment=local buildVersion=0.1.0-SNAPSHOT correlationId=3831b673-0519-4143-9ee2-56c5cc427dd6 c.m.m.s.i.c.CorrelationIdFilter - Request completed event="request_completed" correlationId="3831b673-0519-4143-9ee2-56c5cc427dd6" status="403"
[WebServer] 2026-09-06T09:46:12.413Z INFO  application=marketops-server environment=local buildVersion=0.1.0-SNAPSHOT correlationId=14a735b2-cab9-4548-b3ee-81052312ad2b c.m.m.a.i.a.JdbcMetadataAuditStore - Metadata change recorded event="metadata_change_recorded" sourceDomain="advertisingefficiency" entityType="advertising_reservations" entityId="6e47d134-0988-44ac-b47c-fb18d95e2bd7" action="READ" actorId="bff2bbc1-76c7-4490-933f-23358055ecf7" correlationId="14a735b2-cab9-4548-b3ee-81052312ad2b"
[WebServer] 2026-09-06T09:46:12.413Z INFO  application=marketops-server environment=local buildVersion=0.1.0-SNAPSHOT correlationId=de2dc793-dbcc-44ca-b243-721a866fadd8 c.m.m.s.i.e.ConsoleProblemAdvice - Console request refused event="console_request_refused" errorCode="RESOURCE_NOT_FOUND" correlationId="de2dc793-dbcc-44ca-b243-721a866fadd8"
[WebServer] 2026-09-06T09:46:12.413Z INFO  application=marketops-server environment=local buildVersion=0.1.0-SNAPSHOT correlationId=6cfade4d-3822-4d6b-a89c-e9c3acec98e6 c.m.m.a.i.a.JdbcMetadataAuditStore - Metadata change recorded event="metadata_change_recorded" sourceDomain="advertisingefficiency" entityType="advertising_containments" entityId="6e47d134-0988-44ac-b47c-fb18d95e2bd7" action="READ" actorId="bff2bbc1-76c7-4490-933f-23358055ecf7" correlationId="6cfade4d-3822-4d6b-a89c-e9c3acec98e6"
[WebServer] 2026-09-06T09:46:12.414Z INFO  application=marketops-server environment=local buildVersion=0.1.0-SNAPSHOT correlationId=de2dc793-dbcc-44ca-b243-721a866fadd8 c.m.m.s.i.c.CorrelationIdFilter - Request completed event="request_completed" correlationId="de2dc793-dbcc-44ca-b243-721a866fadd8" status="404"
[WebServer] 2026-09-06T09:46:12.416Z INFO  application=marketops-server environment=local buildVersion=0.1.0-SNAPSHOT correlationId=572b90c5-3e23-4609-b824-f0995edc509d c.m.m.s.i.c.CorrelationIdFilter - Request completed event="request_completed" correlationId="572b90c5-3e23-4609-b824-f0995edc509d" status="200"
[WebServer] 2026-09-06T09:46:12.419Z INFO  application=marketops-server environment=local buildVersion=0.1.0-SNAPSHOT correlationId=cf720eea-ec99-45fc-8779-ef8953f46d85 c.m.m.s.i.e.ConsoleProblemAdvice - Console request refused event="console_request_refused" errorCode="RESOURCE_SCOPE_DENIED" correlationId="cf720eea-ec99-45fc-8779-ef8953f46d85"
[WebServer] 2026-09-06T09:46:12.420Z INFO  application=marketops-server environment=local buildVersion=0.1.0-SNAPSHOT correlationId=cf720eea-ec99-45fc-8779-ef8953f46d85 c.m.m.s.i.c.CorrelationIdFilter - Request completed event="request_completed" correlationId="cf720eea-ec99-45fc-8779-ef8953f46d85" status="403"
[WebServer] 2026-09-06T09:46:12.420Z INFO  application=marketops-server environment=local buildVersion=0.1.0-SNAPSHOT correlationId=6fd7d563-1b15-4ebf-9464-8b6f11791291 c.m.m.a.i.a.JdbcMetadataAuditStore - Metadata change recorded event="metadata_change_recorded" sourceDomain="availabilityrisk" entityType="availability_queue" entityId="6e47d134-0988-44ac-b47c-fb18d95e2bd7" action="READ" actorId="bff2bbc1-76c7-4490-933f-23358055ecf7" correlationId="6fd7d563-1b15-4ebf-9464-8b6f11791291"
[WebServer] 2026-09-06T09:46:12.423Z INFO  application=marketops-server environment=local buildVersion=0.1.0-SNAPSHOT correlationId=6fd7d563-1b15-4ebf-9464-8b6f11791291 c.m.m.s.i.c.CorrelationIdFilter - Request completed event="request_completed" correlationId="6fd7d563-1b15-4ebf-9464-8b6f11791291" status="200"
[WebServer] 2026-09-06T09:46:12.428Z INFO  application=marketops-server environment=local buildVersion=0.1.0-SNAPSHOT correlationId=6cfade4d-3822-4d6b-a89c-e9c3acec98e6 c.m.m.s.i.c.CorrelationIdFilter - Request completed event="request_completed" correlationId="6cfade4d-3822-4d6b-a89c-e9c3acec98e6" status="200"
[WebServer] 2026-09-06T09:46:12.438Z INFO  application=marketops-server environment=local buildVersion=0.1.0-SNAPSHOT correlationId=69654a1f-13b8-49f9-89fb-32810fbcff2e c.m.m.a.i.a.JdbcMetadataAuditStore - Metadata change recorded event="metadata_change_recorded" sourceDomain="advertisingefficiency" entityType="advertising_exposure" entityId="6e47d134-0988-44ac-b47c-fb18d95e2bd7" action="READ" actorId="bff2bbc1-76c7-4490-933f-23358055ecf7" correlationId="69654a1f-13b8-49f9-89fb-32810fbcff2e"
[WebServer] 2026-09-06T09:46:12.440Z INFO  application=marketops-server environment=local buildVersion=0.1.0-SNAPSHOT correlationId=69654a1f-13b8-49f9-89fb-32810fbcff2e c.m.m.s.i.c.CorrelationIdFilter - Request completed event="request_completed" correlationId="69654a1f-13b8-49f9-89fb-32810fbcff2e" status="200"
[WebServer] 2026-09-06T09:46:12.441Z INFO  application=marketops-server environment=local buildVersion=0.1.0-SNAPSHOT correlationId=b3a15edd-f2f8-465c-98eb-1d1c747633f5 c.m.m.s.i.e.ConsoleProblemAdvice - Console request refused event="console_request_refused" errorCode="RESOURCE_SCOPE_DENIED" correlationId="b3a15edd-f2f8-465c-98eb-1d1c747633f5"
[WebServer] 2026-09-06T09:46:12.441Z INFO  application=marketops-server environment=local buildVersion=0.1.0-SNAPSHOT correlationId=b3a15edd-f2f8-465c-98eb-1d1c747633f5 c.m.m.s.i.c.CorrelationIdFilter - Request completed event="request_completed" correlationId="b3a15edd-f2f8-465c-98eb-1d1c747633f5" status="403"
[WebServer] 2026-09-06T09:46:12.446Z INFO  application=marketops-server environment=local buildVersion=0.1.0-SNAPSHOT correlationId=8fcfe42d-cbce-40a2-bda6-0fecb6d05122 c.m.m.a.i.a.JdbcMetadataAuditStore - Metadata change recorded event="metadata_change_recorded" sourceDomain="advertisingefficiency" entityType="advertising_queue" entityId="6e47d134-0988-44ac-b47c-fb18d95e2bd7" action="READ" actorId="bff2bbc1-76c7-4490-933f-23358055ecf7" correlationId="8fcfe42d-cbce-40a2-bda6-0fecb6d05122"
[WebServer] 2026-09-06T09:46:12.447Z INFO  application=marketops-server environment=local buildVersion=0.1.0-SNAPSHOT correlationId=14a735b2-cab9-4548-b3ee-81052312ad2b c.m.m.s.i.c.CorrelationIdFilter - Request completed event="request_completed" correlationId="14a735b2-cab9-4548-b3ee-81052312ad2b" status="200"
[WebServer] 2026-09-06T09:46:12.466Z INFO  application=marketops-server environment=local buildVersion=0.1.0-SNAPSHOT correlationId=74d3fa82-1566-45aa-9868-7bcb3a0315cb c.m.m.a.i.a.JdbcMetadataAuditStore - Metadata change recorded event="metadata_change_recorded" sourceDomain="advertisingefficiency" entityType="advertising_orchestration" entityId="6e47d134-0988-44ac-b47c-fb18d95e2bd7" action="READ" actorId="bff2bbc1-76c7-4490-933f-23358055ecf7" correlationId="74d3fa82-1566-45aa-9868-7bcb3a0315cb"
[WebServer] 2026-09-06T09:46:12.469Z INFO  application=marketops-server environment=local buildVersion=0.1.0-SNAPSHOT correlationId=74d3fa82-1566-45aa-9868-7bcb3a0315cb c.m.m.s.i.c.CorrelationIdFilter - Request completed event="request_completed" correlationId="74d3fa82-1566-45aa-9868-7bcb3a0315cb" status="200"
[WebServer] 2026-09-06T09:46:12.474Z INFO  application=marketops-server environment=local buildVersion=0.1.0-SNAPSHOT correlationId=8fcfe42d-cbce-40a2-bda6-0fecb6d05122 c.m.m.s.i.c.CorrelationIdFilter - Request completed event="request_completed" correlationId="8fcfe42d-cbce-40a2-bda6-0fecb6d05122" status="200"
[WebServer] 2026-09-06T09:46:12.482Z INFO  application=marketops-server environment=local buildVersion=0.1.0-SNAPSHOT correlationId=7af88685-023a-45bd-9366-c2f4e49a7034 c.m.m.s.i.c.CorrelationIdFilter - Request completed event="request_completed" correlationId="7af88685-023a-45bd-9366-c2f4e49a7034" status="200"
[WebServer] 2026-09-06T09:46:12.616Z INFO  application=marketops-server environment=local buildVersion=0.1.0-SNAPSHOT correlationId=ba6e4f63-cdb5-47c5-905c-e4204dbbb52d c.m.m.a.i.a.JdbcMetadataAuditStore - Metadata change recorded event="metadata_change_recorded" sourceDomain="advertisingefficiency" entityType="advertising_case" entityId="f920a8c2-295c-4bff-a148-d64197f2c87b" action="READ" actorId="bff2bbc1-76c7-4490-933f-23358055ecf7" correlationId="ba6e4f63-cdb5-47c5-905c-e4204dbbb52d"
[WebServer] 2026-09-06T09:46:12.634Z INFO  application=marketops-server environment=local buildVersion=0.1.0-SNAPSHOT correlationId=ba6e4f63-cdb5-47c5-905c-e4204dbbb52d c.m.m.s.i.c.CorrelationIdFilter - Request completed event="request_completed" correlationId="ba6e4f63-cdb5-47c5-905c-e4204dbbb52d" status="200"
[WebServer] 2026-09-06T09:46:12.658Z INFO  application=marketops-server environment=local buildVersion=0.1.0-SNAPSHOT correlationId=b7278803-1152-4c16-a3ad-9404dd477819 c.m.m.a.i.a.JdbcMetadataAuditStore - Metadata change recorded event="metadata_change_recorded" sourceDomain="advertisingefficiency" entityType="advertising_manual_packet" entityId="5b52ebee-99bc-49ce-9be5-fe66080369e1" action="READ" actorId="bff2bbc1-76c7-4490-933f-23358055ecf7" correlationId="b7278803-1152-4c16-a3ad-9404dd477819"
[WebServer] 2026-09-06T09:46:12.703Z INFO  application=marketops-server environment=local buildVersion=0.1.0-SNAPSHOT correlationId=b7278803-1152-4c16-a3ad-9404dd477819 c.m.m.s.i.c.CorrelationIdFilter - Request completed event="request_completed" correlationId="b7278803-1152-4c16-a3ad-9404dd477819" status="200"
[WebServer] 2026-09-06T09:46:12.705Z INFO  application=marketops-server environment=local buildVersion=0.1.0-SNAPSHOT correlationId=f0d25927-c548-4786-85e1-0d6999d9b9be c.m.m.s.i.c.CorrelationIdFilter - Request completed event="request_completed" correlationId="f0d25927-c548-4786-85e1-0d6999d9b9be" status="200"
[WebServer] 2026-09-06T09:46:12.737Z INFO  application=marketops-server environment=local buildVersion=0.1.0-SNAPSHOT correlationId=94a6fbea-1cde-4841-be46-806098a456f7 c.m.m.s.i.c.CorrelationIdFilter - Request completed event="request_completed" correlationId="94a6fbea-1cde-4841-be46-806098a456f7" status="200"
[WebServer] 2026-09-06T09:46:12.748Z INFO  application=marketops-server environment=local buildVersion=0.1.0-SNAPSHOT correlationId=053baa43-9868-4c9c-a0b1-d494b4a047cc c.m.m.s.i.c.CorrelationIdFilter - Request completed event="request_completed" correlationId="053baa43-9868-4c9c-a0b1-d494b4a047cc" status="200"
[WebServer] 2026-09-06T09:46:13.059Z INFO  application=marketops-server environment=local buildVersion=0.1.0-SNAPSHOT correlationId=dff7c583-bbff-4a34-b408-353b66c527b0 c.m.m.s.i.c.CorrelationIdFilter - Request completed event="request_completed" correlationId="dff7c583-bbff-4a34-b408-353b66c527b0" status="200"
[WebServer] 2026-09-06T09:46:13.116Z INFO  application=marketops-server environment=local buildVersion=0.1.0-SNAPSHOT correlationId=856a53e1-5f1f-445d-a348-6ea6f0d7c766 c.m.m.a.i.a.JdbcMetadataAuditStore - Metadata change recorded event="metadata_change_recorded" sourceDomain="advertisingefficiency" entityType="advertising_manual_packet" entityId="5b52ebee-99bc-49ce-9be5-fe66080369e1" action="READ" actorId="bff2bbc1-76c7-4490-933f-23358055ecf7" correlationId="856a53e1-5f1f-445d-a348-6ea6f0d7c766"
[WebServer] 2026-09-06T09:46:13.161Z INFO  application=marketops-server environment=local buildVersion=0.1.0-SNAPSHOT correlationId=856a53e1-5f1f-445d-a348-6ea6f0d7c766 c.m.m.s.i.c.CorrelationIdFilter - Request completed event="request_completed" correlationId="856a53e1-5f1f-445d-a348-6ea6f0d7c766" status="200"
[WebServer] 2026-09-06T09:46:13.223Z DEBUG application=marketops-server environment=local buildVersion=0.1.0-SNAPSHOT correlationId=c7f2792c-b72f-4902-9708-fd381fc27f9b c.m.m.s.i.c.CorrelationIdFilter - Inbound correlation identifier replaced event="correlation_identifier_replaced" correlationId="c7f2792c-b72f-4902-9708-fd381fc27f9b" rejectionCategory="MISSING"
[WebServer] 2026-09-06T09:46:13.231Z INFO  application=marketops-server environment=local buildVersion=0.1.0-SNAPSHOT correlationId=c7f2792c-b72f-4902-9708-fd381fc27f9b c.m.m.a.i.a.JdbcMetadataAuditStore - Metadata change recorded event="metadata_change_recorded" sourceDomain="advertisingefficiency" entityType="advertising_reservations" entityId="6e47d134-0988-44ac-b47c-fb18d95e2bd7" action="READ" actorId="bff2bbc1-76c7-4490-933f-23358055ecf7" correlationId="c7f2792c-b72f-4902-9708-fd381fc27f9b"
[WebServer] 2026-09-06T09:46:13.244Z INFO  application=marketops-server environment=local buildVersion=0.1.0-SNAPSHOT correlationId=c7f2792c-b72f-4902-9708-fd381fc27f9b c.m.m.s.i.c.CorrelationIdFilter - Request completed event="request_completed" correlationId="c7f2792c-b72f-4902-9708-fd381fc27f9b" status="200"
[WebServer] 2026-09-06T09:46:13.846Z INFO  application=marketops-server environment=local buildVersion=0.1.0-SNAPSHOT correlationId=0fff1e2d-bfbb-4e7e-a865-fcb7b7923107 c.m.m.s.i.c.CorrelationIdFilter - Request completed event="request_completed" correlationId="0fff1e2d-bfbb-4e7e-a865-fcb7b7923107" status="200"
[WebServer] 2026-09-06T09:46:13.872Z INFO  application=marketops-server environment=local buildVersion=0.1.0-SNAPSHOT correlationId=1791de8a-9d8d-4de6-9483-0692cc1a8994 c.m.m.a.i.a.JdbcMetadataAuditStore - Metadata change recorded event="metadata_change_recorded" sourceDomain="advertisingefficiency" entityType="advertising_manual_packet" entityId="5b52ebee-99bc-49ce-9be5-fe66080369e1" action="READ" actorId="bff2bbc1-76c7-4490-933f-23358055ecf7" correlationId="1791de8a-9d8d-4de6-9483-0692cc1a8994"
[WebServer] 2026-09-06T09:46:13.921Z INFO  application=marketops-server environment=local buildVersion=0.1.0-SNAPSHOT correlationId=1791de8a-9d8d-4de6-9483-0692cc1a8994 c.m.m.s.i.c.CorrelationIdFilter - Request completed event="request_completed" correlationId="1791de8a-9d8d-4de6-9483-0692cc1a8994" status="200"
[WebServer] 2026-09-06T09:46:13.949Z INFO  application=marketops-server environment=local buildVersion=0.1.0-SNAPSHOT correlationId=1f66b781-01b2-448b-a008-fd23e9917082 c.m.m.s.i.c.CorrelationIdFilter - Request completed event="request_completed" correlationId="1f66b781-01b2-448b-a008-fd23e9917082" status="200"
[WebServer] 2026-09-06T09:46:13.968Z DEBUG application=marketops-server environment=local buildVersion=0.1.0-SNAPSHOT correlationId=15bc00b3-48cf-45ab-a9fc-50990a206484 c.m.m.s.i.c.CorrelationIdFilter - Inbound correlation identifier replaced event="correlation_identifier_replaced" correlationId="15bc00b3-48cf-45ab-a9fc-50990a206484" rejectionCategory="MISSING"
[WebServer] 2026-09-06T09:46:13.977Z INFO  application=marketops-server environment=local buildVersion=0.1.0-SNAPSHOT correlationId=15bc00b3-48cf-45ab-a9fc-50990a206484 c.m.m.a.i.a.JdbcMetadataAuditStore - Metadata change recorded event="metadata_change_recorded" sourceDomain="advertisingefficiency" entityType="advertising_reservations" entityId="6e47d134-0988-44ac-b47c-fb18d95e2bd7" action="READ" actorId="bff2bbc1-76c7-4490-933f-23358055ecf7" correlationId="15bc00b3-48cf-45ab-a9fc-50990a206484"
[WebServer] 2026-09-06T09:46:13.993Z INFO  application=marketops-server environment=local buildVersion=0.1.0-SNAPSHOT correlationId=15bc00b3-48cf-45ab-a9fc-50990a206484 c.m.m.s.i.c.CorrelationIdFilter - Request completed event="request_completed" correlationId="15bc00b3-48cf-45ab-a9fc-50990a206484" status="200"
[WebServer] 2026-09-06T09:46:13.996Z DEBUG application=marketops-server environment=local buildVersion=0.1.0-SNAPSHOT correlationId=82a893e9-4f8b-4eaa-987f-e9ee428cbcfe c.m.m.s.i.c.CorrelationIdFilter - Inbound correlation identifier replaced event="correlation_identifier_replaced" correlationId="82a893e9-4f8b-4eaa-987f-e9ee428cbcfe" rejectionCategory="MISSING"
[WebServer] 2026-09-06T09:46:14.009Z INFO  application=marketops-server environment=local buildVersion=0.1.0-SNAPSHOT correlationId=82a893e9-4f8b-4eaa-987f-e9ee428cbcfe c.m.m.a.i.a.JdbcMetadataAuditStore - Metadata change recorded event="metadata_change_recorded" sourceDomain="advertisingefficiency" entityType="advertising_manual_packet" entityId="5b52ebee-99bc-49ce-9be5-fe66080369e1" action="READ" actorId="bff2bbc1-76c7-4490-933f-23358055ecf7" correlationId="82a893e9-4f8b-4eaa-987f-e9ee428cbcfe"
[WebServer] 2026-09-06T09:46:14.060Z INFO  application=marketops-server environment=local buildVersion=0.1.0-SNAPSHOT correlationId=82a893e9-4f8b-4eaa-987f-e9ee428cbcfe c.m.m.s.i.c.CorrelationIdFilter - Request completed event="request_completed" correlationId="82a893e9-4f8b-4eaa-987f-e9ee428cbcfe" status="200"
[WebServer] 2026-09-06T09:46:14.366Z INFO  application=marketops-server environment=local buildVersion=0.1.0-SNAPSHOT correlationId=1f6c7ee0-69d3-40ec-a0e9-0200ab7cc385 c.m.m.s.i.c.CorrelationIdFilter - Request completed event="request_completed" correlationId="1f6c7ee0-69d3-40ec-a0e9-0200ab7cc385" status="200"
[WebServer] 2026-09-06T09:46:14.387Z INFO  application=marketops-server environment=local buildVersion=0.1.0-SNAPSHOT correlationId=f0167988-166a-4482-8a5a-8fcb52be9adc c.m.m.a.i.a.JdbcMetadataAuditStore - Metadata change recorded event="metadata_change_recorded" sourceDomain="advertisingefficiency" entityType="advertising_manual_packet" entityId="5b52ebee-99bc-49ce-9be5-fe66080369e1" action="READ" actorId="bff2bbc1-76c7-4490-933f-23358055ecf7" correlationId="f0167988-166a-4482-8a5a-8fcb52be9adc"
[WebServer] 2026-09-06T09:46:14.416Z INFO  application=marketops-server environment=local buildVersion=0.1.0-SNAPSHOT correlationId=b9a535a2-a54c-4838-baad-6504cfe07972 c.m.m.s.i.c.CorrelationIdFilter - Request completed event="request_completed" correlationId="b9a535a2-a54c-4838-baad-6504cfe07972" status="200"
[WebServer] 2026-09-06T09:46:14.454Z INFO  application=marketops-server environment=local buildVersion=0.1.0-SNAPSHOT correlationId=f0167988-166a-4482-8a5a-8fcb52be9adc c.m.m.s.i.c.CorrelationIdFilter - Request completed event="request_completed" correlationId="f0167988-166a-4482-8a5a-8fcb52be9adc" status="200"
  ✓   3 tests/advertising-browser/governed-advertising.spec.ts:209:3 › OZON actual governed manual path stays UNVERIFIED and requires an independent observer (8.5s)
[WebServer] 2026-09-06T09:46:16.624Z INFO  application=marketops-server environment=local buildVersion=0.1.0-SNAPSHOT correlationId=226bc4cc-fa20-4309-867b-14ab3a758418 c.m.m.s.i.e.ConsoleProblemAdvice - Console request refused event="console_request_refused" errorCode="RESOURCE_SCOPE_DENIED" correlationId="226bc4cc-fa20-4309-867b-14ab3a758418"
[WebServer] 2026-09-06T09:46:16.625Z INFO  application=marketops-server environment=local buildVersion=0.1.0-SNAPSHOT correlationId=226bc4cc-fa20-4309-867b-14ab3a758418 c.m.m.s.i.c.CorrelationIdFilter - Request completed event="request_completed" correlationId="226bc4cc-fa20-4309-867b-14ab3a758418" status="403"
[WebServer] 2026-09-06T09:46:16.627Z INFO  application=marketops-server environment=local buildVersion=0.1.0-SNAPSHOT correlationId=a8fd4635-90b5-4ead-ac90-8eec0aff5166 c.m.m.a.i.a.JdbcMetadataAuditStore - Metadata change recorded event="metadata_change_recorded" sourceDomain="advertisingefficiency" entityType="advertising_reservations" entityId="fff82d67-0a6f-4dbd-acd6-dfeaabd6cac0" action="READ" actorId="b9c82303-c94f-4682-9947-3d1971e2fba9" correlationId="a8fd4635-90b5-4ead-ac90-8eec0aff5166"
[WebServer] 2026-09-06T09:46:16.631Z INFO  application=marketops-server environment=local buildVersion=0.1.0-SNAPSHOT correlationId=a8fd4635-90b5-4ead-ac90-8eec0aff5166 c.m.m.s.i.c.CorrelationIdFilter - Request completed event="request_completed" correlationId="a8fd4635-90b5-4ead-ac90-8eec0aff5166" status="200"
[WebServer] 2026-09-06T09:46:16.634Z INFO  application=marketops-server environment=local buildVersion=0.1.0-SNAPSHOT correlationId=5d03cd8f-64fd-4004-98d9-93371dc2334b c.m.m.a.i.a.JdbcMetadataAuditStore - Metadata change recorded event="metadata_change_recorded" sourceDomain="availabilityrisk" entityType="availability_queue" entityId="fff82d67-0a6f-4dbd-acd6-dfeaabd6cac0" action="READ" actorId="b9c82303-c94f-4682-9947-3d1971e2fba9" correlationId="5d03cd8f-64fd-4004-98d9-93371dc2334b"
[WebServer] 2026-09-06T09:46:16.636Z INFO  application=marketops-server environment=local buildVersion=0.1.0-SNAPSHOT correlationId=5d03cd8f-64fd-4004-98d9-93371dc2334b c.m.m.s.i.c.CorrelationIdFilter - Request completed event="request_completed" correlationId="5d03cd8f-64fd-4004-98d9-93371dc2334b" status="200"
[WebServer] 2026-09-06T09:46:16.637Z INFO  application=marketops-server environment=local buildVersion=0.1.0-SNAPSHOT correlationId=88a0a7de-bdeb-4942-8315-d0c20c41c8b5 c.m.m.s.i.c.CorrelationIdFilter - Request completed event="request_completed" correlationId="88a0a7de-bdeb-4942-8315-d0c20c41c8b5" status="200"
[WebServer] 2026-09-06T09:46:16.645Z INFO  application=marketops-server environment=local buildVersion=0.1.0-SNAPSHOT correlationId=95cb09c1-9a3b-4456-bab5-c49f8dfa951e c.m.m.a.i.a.JdbcMetadataAuditStore - Metadata change recorded event="metadata_change_recorded" sourceDomain="advertisingefficiency" entityType="advertising_containments" entityId="fff82d67-0a6f-4dbd-acd6-dfeaabd6cac0" action="READ" actorId="b9c82303-c94f-4682-9947-3d1971e2fba9" correlationId="95cb09c1-9a3b-4456-bab5-c49f8dfa951e"
[WebServer] 2026-09-06T09:46:16.647Z INFO  application=marketops-server environment=local buildVersion=0.1.0-SNAPSHOT correlationId=6453869e-9205-46df-9987-354f371aa9bf c.m.m.s.i.e.ConsoleProblemAdvice - Console request refused event="console_request_refused" errorCode="RESOURCE_NOT_FOUND" correlationId="6453869e-9205-46df-9987-354f371aa9bf"
[WebServer] 2026-09-06T09:46:16.648Z INFO  application=marketops-server environment=local buildVersion=0.1.0-SNAPSHOT correlationId=6453869e-9205-46df-9987-354f371aa9bf c.m.m.s.i.c.CorrelationIdFilter - Request completed event="request_completed" correlationId="6453869e-9205-46df-9987-354f371aa9bf" status="404"
[WebServer] 2026-09-06T09:46:16.651Z INFO  application=marketops-server environment=local buildVersion=0.1.0-SNAPSHOT correlationId=d4aeceae-f414-401f-9fd9-c2d4c2295bd6 c.m.m.s.i.e.ConsoleProblemAdvice - Console request refused event="console_request_refused" errorCode="RESOURCE_SCOPE_DENIED" correlationId="d4aeceae-f414-401f-9fd9-c2d4c2295bd6"
[WebServer] 2026-09-06T09:46:16.652Z INFO  application=marketops-server environment=local buildVersion=0.1.0-SNAPSHOT correlationId=d4aeceae-f414-401f-9fd9-c2d4c2295bd6 c.m.m.s.i.c.CorrelationIdFilter - Request completed event="request_completed" correlationId="d4aeceae-f414-401f-9fd9-c2d4c2295bd6" status="403"
[WebServer] 2026-09-06T09:46:16.654Z INFO  application=marketops-server environment=local buildVersion=0.1.0-SNAPSHOT correlationId=f081663f-a2f1-4bce-a56c-98830a6a7693 c.m.m.a.i.a.JdbcMetadataAuditStore - Metadata change recorded event="metadata_change_recorded" sourceDomain="advertisingefficiency" entityType="advertising_queue" entityId="fff82d67-0a6f-4dbd-acd6-dfeaabd6cac0" action="READ" actorId="b9c82303-c94f-4682-9947-3d1971e2fba9" correlationId="f081663f-a2f1-4bce-a56c-98830a6a7693"
[WebServer] 2026-09-06T09:46:16.654Z INFO  application=marketops-server environment=local buildVersion=0.1.0-SNAPSHOT correlationId=95cb09c1-9a3b-4456-bab5-c49f8dfa951e c.m.m.s.i.c.CorrelationIdFilter - Request completed event="request_completed" correlationId="95cb09c1-9a3b-4456-bab5-c49f8dfa951e" status="200"
[WebServer] 2026-09-06T09:46:16.654Z INFO  application=marketops-server environment=local buildVersion=0.1.0-SNAPSHOT correlationId=ecb229ea-41bc-427e-be2e-17dc95b7c80e c.m.m.a.i.a.JdbcMetadataAuditStore - Metadata change recorded event="metadata_change_recorded" sourceDomain="advertisingefficiency" entityType="advertising_exposure" entityId="fff82d67-0a6f-4dbd-acd6-dfeaabd6cac0" action="READ" actorId="b9c82303-c94f-4682-9947-3d1971e2fba9" correlationId="ecb229ea-41bc-427e-be2e-17dc95b7c80e"
[WebServer] 2026-09-06T09:46:16.656Z INFO  application=marketops-server environment=local buildVersion=0.1.0-SNAPSHOT correlationId=ecb229ea-41bc-427e-be2e-17dc95b7c80e c.m.m.s.i.c.CorrelationIdFilter - Request completed event="request_completed" correlationId="ecb229ea-41bc-427e-be2e-17dc95b7c80e" status="200"
[WebServer] 2026-09-06T09:46:16.671Z INFO  application=marketops-server environment=local buildVersion=0.1.0-SNAPSHOT correlationId=f081663f-a2f1-4bce-a56c-98830a6a7693 c.m.m.s.i.c.CorrelationIdFilter - Request completed event="request_completed" correlationId="f081663f-a2f1-4bce-a56c-98830a6a7693" status="200"
[WebServer] 2026-09-06T09:46:16.673Z INFO  application=marketops-server environment=local buildVersion=0.1.0-SNAPSHOT correlationId=ba2be019-1f7c-4b66-80aa-78131f7810a6 c.m.m.a.i.a.JdbcMetadataAuditStore - Metadata change recorded event="metadata_change_recorded" sourceDomain="advertisingefficiency" entityType="advertising_orchestration" entityId="fff82d67-0a6f-4dbd-acd6-dfeaabd6cac0" action="READ" actorId="b9c82303-c94f-4682-9947-3d1971e2fba9" correlationId="ba2be019-1f7c-4b66-80aa-78131f7810a6"
[WebServer] 2026-09-06T09:46:16.675Z INFO  application=marketops-server environment=local buildVersion=0.1.0-SNAPSHOT correlationId=ba2be019-1f7c-4b66-80aa-78131f7810a6 c.m.m.s.i.c.CorrelationIdFilter - Request completed event="request_completed" correlationId="ba2be019-1f7c-4b66-80aa-78131f7810a6" status="200"
[WebServer] 2026-09-06T09:46:16.689Z INFO  application=marketops-server environment=local buildVersion=0.1.0-SNAPSHOT correlationId=0e37238d-2e8e-413d-b863-54ee84a2bc35 c.m.m.s.i.c.CorrelationIdFilter - Request completed event="request_completed" correlationId="0e37238d-2e8e-413d-b863-54ee84a2bc35" status="200"
[WebServer] 2026-09-06T09:46:16.773Z INFO  application=marketops-server environment=local buildVersion=0.1.0-SNAPSHOT correlationId=8c565417-6560-421d-bb81-59766867efb8 c.m.m.a.i.a.JdbcMetadataAuditStore - Metadata change recorded event="metadata_change_recorded" sourceDomain="advertisingefficiency" entityType="advertising_case" entityId="00e793b7-3f83-4c22-99ae-65b20c114908" action="READ" actorId="b9c82303-c94f-4682-9947-3d1971e2fba9" correlationId="8c565417-6560-421d-bb81-59766867efb8"
[WebServer] 2026-09-06T09:46:16.789Z INFO  application=marketops-server environment=local buildVersion=0.1.0-SNAPSHOT correlationId=8c565417-6560-421d-bb81-59766867efb8 c.m.m.s.i.c.CorrelationIdFilter - Request completed event="request_completed" correlationId="8c565417-6560-421d-bb81-59766867efb8" status="200"
[WebServer] 2026-09-06T09:46:16.812Z INFO  application=marketops-server environment=local buildVersion=0.1.0-SNAPSHOT correlationId=cbf77bb2-edfa-4989-bd45-c1eedf3ea625 c.m.m.a.i.a.JdbcMetadataAuditStore - Metadata change recorded event="metadata_change_recorded" sourceDomain="advertisingefficiency" entityType="advertising_manual_packet" entityId="844bd038-8e23-4738-abb8-8feb5f45656c" action="READ" actorId="b9c82303-c94f-4682-9947-3d1971e2fba9" correlationId="cbf77bb2-edfa-4989-bd45-c1eedf3ea625"
[WebServer] 2026-09-06T09:46:16.814Z INFO  application=marketops-server environment=local buildVersion=0.1.0-SNAPSHOT correlationId=cbf77bb2-edfa-4989-bd45-c1eedf3ea625 c.m.m.s.i.c.CorrelationIdFilter - Request completed event="request_completed" correlationId="cbf77bb2-edfa-4989-bd45-c1eedf3ea625" status="200"
[WebServer] 2026-09-06T09:46:16.844Z INFO  application=marketops-server environment=local buildVersion=0.1.0-SNAPSHOT correlationId=8dcc084f-88e5-40af-8a91-899f7664a28e c.m.m.s.i.c.CorrelationIdFilter - Request completed event="request_completed" correlationId="8dcc084f-88e5-40af-8a91-899f7664a28e" status="200"
[WebServer] 2026-09-06T09:46:16.857Z INFO  application=marketops-server environment=local buildVersion=0.1.0-SNAPSHOT correlationId=c9a10f6a-4d62-4744-b289-638f65fa1d82 c.m.m.s.i.c.CorrelationIdFilter - Request completed event="request_completed" correlationId="c9a10f6a-4d62-4744-b289-638f65fa1d82" status="200"
[WebServer] 2026-09-06T09:46:16.911Z INFO  application=marketops-server environment=local buildVersion=0.1.0-SNAPSHOT correlationId=9ff40462-a154-46d2-ae0c-d3eb166f5c1f c.m.m.s.i.c.CorrelationIdFilter - Request completed event="request_completed" correlationId="9ff40462-a154-46d2-ae0c-d3eb166f5c1f" status="200"
[WebServer] 2026-09-06T09:46:17.183Z INFO  application=marketops-server environment=local buildVersion=0.1.0-SNAPSHOT correlationId=20643e21-a401-4f22-84de-3d1278c59171 c.m.m.s.i.c.CorrelationIdFilter - Request completed event="request_completed" correlationId="20643e21-a401-4f22-84de-3d1278c59171" status="200"
[WebServer] 2026-09-06T09:46:17.201Z INFO  application=marketops-server environment=local buildVersion=0.1.0-SNAPSHOT correlationId=675be101-b289-4866-87c3-d8baf56a95ce c.m.m.a.i.a.JdbcMetadataAuditStore - Metadata change recorded event="metadata_change_recorded" sourceDomain="advertisingefficiency" entityType="advertising_manual_packet" entityId="844bd038-8e23-4738-abb8-8feb5f45656c" action="READ" actorId="b9c82303-c94f-4682-9947-3d1971e2fba9" correlationId="675be101-b289-4866-87c3-d8baf56a95ce"
[WebServer] 2026-09-06T09:46:17.243Z INFO  application=marketops-server environment=local buildVersion=0.1.0-SNAPSHOT correlationId=675be101-b289-4866-87c3-d8baf56a95ce c.m.m.s.i.c.CorrelationIdFilter - Request completed event="request_completed" correlationId="675be101-b289-4866-87c3-d8baf56a95ce" status="200"
[WebServer] 2026-09-06T09:46:17.662Z INFO  application=marketops-server environment=local buildVersion=0.1.0-SNAPSHOT correlationId=800cbceb-3ae4-4246-86e6-6a2f3df0a432 c.m.m.s.i.e.ConsoleProblemAdvice - Console request refused event="console_request_refused" errorCode="RESOURCE_NOT_FOUND" correlationId="800cbceb-3ae4-4246-86e6-6a2f3df0a432"
[WebServer] 2026-09-06T09:46:17.662Z INFO  application=marketops-server environment=local buildVersion=0.1.0-SNAPSHOT correlationId=800cbceb-3ae4-4246-86e6-6a2f3df0a432 c.m.m.s.i.c.CorrelationIdFilter - Request completed event="request_completed" correlationId="800cbceb-3ae4-4246-86e6-6a2f3df0a432" status="404"
[WebServer] 2026-09-06T09:46:17.665Z INFO  application=marketops-server environment=local buildVersion=0.1.0-SNAPSHOT correlationId=3db82574-84a6-49a9-9c7e-152393a1fa5a c.m.m.s.i.c.CorrelationIdFilter - Request completed event="request_completed" correlationId="3db82574-84a6-49a9-9c7e-152393a1fa5a" status="200"
[WebServer] 2026-09-06T09:46:17.666Z INFO  application=marketops-server environment=local buildVersion=0.1.0-SNAPSHOT correlationId=61de9e48-32cd-4198-a6db-2da162e5fef6 c.m.m.a.i.a.JdbcMetadataAuditStore - Metadata change recorded event="metadata_change_recorded" sourceDomain="advertisingefficiency" entityType="advertising_containments" entityId="fff82d67-0a6f-4dbd-acd6-dfeaabd6cac0" action="READ" actorId="660720d2-b51b-4f3f-b88c-c91215569e07" correlationId="61de9e48-32cd-4198-a6db-2da162e5fef6"
[WebServer] 2026-09-06T09:46:17.676Z INFO  application=marketops-server environment=local buildVersion=0.1.0-SNAPSHOT correlationId=61de9e48-32cd-4198-a6db-2da162e5fef6 c.m.m.s.i.c.CorrelationIdFilter - Request completed event="request_completed" correlationId="61de9e48-32cd-4198-a6db-2da162e5fef6" status="200"
[WebServer] 2026-09-06T09:46:17.680Z INFO  application=marketops-server environment=local buildVersion=0.1.0-SNAPSHOT correlationId=2a49e267-e4b4-4cb2-ab18-d40d8a2adf08 c.m.m.s.i.e.ConsoleProblemAdvice - Console request refused event="console_request_refused" errorCode="RESOURCE_SCOPE_DENIED" correlationId="2a49e267-e4b4-4cb2-ab18-d40d8a2adf08"
[WebServer] 2026-09-06T09:46:17.680Z INFO  application=marketops-server environment=local buildVersion=0.1.0-SNAPSHOT correlationId=2a49e267-e4b4-4cb2-ab18-d40d8a2adf08 c.m.m.s.i.c.CorrelationIdFilter - Request completed event="request_completed" correlationId="2a49e267-e4b4-4cb2-ab18-d40d8a2adf08" status="403"
[WebServer] 2026-09-06T09:46:17.682Z INFO  application=marketops-server environment=local buildVersion=0.1.0-SNAPSHOT correlationId=57fa51cb-f724-4140-b29f-f1a3609d484e c.m.m.a.i.a.JdbcMetadataAuditStore - Metadata change recorded event="metadata_change_recorded" sourceDomain="advertisingefficiency" entityType="advertising_reservations" entityId="fff82d67-0a6f-4dbd-acd6-dfeaabd6cac0" action="READ" actorId="660720d2-b51b-4f3f-b88c-c91215569e07" correlationId="57fa51cb-f724-4140-b29f-f1a3609d484e"
[WebServer] 2026-09-06T09:46:17.684Z INFO  application=marketops-server environment=local buildVersion=0.1.0-SNAPSHOT correlationId=57fa51cb-f724-4140-b29f-f1a3609d484e c.m.m.s.i.c.CorrelationIdFilter - Request completed event="request_completed" correlationId="57fa51cb-f724-4140-b29f-f1a3609d484e" status="200"
[WebServer] 2026-09-06T09:46:17.691Z INFO  application=marketops-server environment=local buildVersion=0.1.0-SNAPSHOT correlationId=27a18047-2513-40e3-b906-a2665a056211 c.m.m.a.i.a.JdbcMetadataAuditStore - Metadata change recorded event="metadata_change_recorded" sourceDomain="availabilityrisk" entityType="availability_queue" entityId="fff82d67-0a6f-4dbd-acd6-dfeaabd6cac0" action="READ" actorId="660720d2-b51b-4f3f-b88c-c91215569e07" correlationId="27a18047-2513-40e3-b906-a2665a056211"
[WebServer] 2026-09-06T09:46:17.692Z INFO  application=marketops-server environment=local buildVersion=0.1.0-SNAPSHOT correlationId=97ed9c12-ecaa-4f71-872b-482d8680ecf0 c.m.m.a.i.a.JdbcMetadataAuditStore - Metadata change recorded event="metadata_change_recorded" sourceDomain="advertisingefficiency" entityType="advertising_queue" entityId="fff82d67-0a6f-4dbd-acd6-dfeaabd6cac0" action="READ" actorId="660720d2-b51b-4f3f-b88c-c91215569e07" correlationId="97ed9c12-ecaa-4f71-872b-482d8680ecf0"
[WebServer] 2026-09-06T09:46:17.694Z INFO  application=marketops-server environment=local buildVersion=0.1.0-SNAPSHOT correlationId=27a18047-2513-40e3-b906-a2665a056211 c.m.m.s.i.c.CorrelationIdFilter - Request completed event="request_completed" correlationId="27a18047-2513-40e3-b906-a2665a056211" status="200"
[WebServer] 2026-09-06T09:46:17.698Z INFO  application=marketops-server environment=local buildVersion=0.1.0-SNAPSHOT correlationId=9b8e7b50-eb04-4ed3-b8f6-9eeced650635 c.m.m.s.i.e.ConsoleProblemAdvice - Console request refused event="console_request_refused" errorCode="RESOURCE_SCOPE_DENIED" correlationId="9b8e7b50-eb04-4ed3-b8f6-9eeced650635"
[WebServer] 2026-09-06T09:46:17.698Z INFO  application=marketops-server environment=local buildVersion=0.1.0-SNAPSHOT correlationId=9b8e7b50-eb04-4ed3-b8f6-9eeced650635 c.m.m.s.i.c.CorrelationIdFilter - Request completed event="request_completed" correlationId="9b8e7b50-eb04-4ed3-b8f6-9eeced650635" status="403"
[WebServer] 2026-09-06T09:46:17.705Z INFO  application=marketops-server environment=local buildVersion=0.1.0-SNAPSHOT correlationId=9161d149-6f34-452f-bb37-37668bad98f7 c.m.m.a.i.a.JdbcMetadataAuditStore - Metadata change recorded event="metadata_change_recorded" sourceDomain="advertisingefficiency" entityType="advertising_exposure" entityId="fff82d67-0a6f-4dbd-acd6-dfeaabd6cac0" action="READ" actorId="660720d2-b51b-4f3f-b88c-c91215569e07" correlationId="9161d149-6f34-452f-bb37-37668bad98f7"
[WebServer] 2026-09-06T09:46:17.709Z INFO  application=marketops-server environment=local buildVersion=0.1.0-SNAPSHOT correlationId=9161d149-6f34-452f-bb37-37668bad98f7 c.m.m.s.i.c.CorrelationIdFilter - Request completed event="request_completed" correlationId="9161d149-6f34-452f-bb37-37668bad98f7" status="200"
[WebServer] 2026-09-06T09:46:17.733Z INFO  application=marketops-server environment=local buildVersion=0.1.0-SNAPSHOT correlationId=54113421-dbf9-4e5f-9826-87bcb470da93 c.m.m.s.i.c.CorrelationIdFilter - Request completed event="request_completed" correlationId="54113421-dbf9-4e5f-9826-87bcb470da93" status="200"
[WebServer] 2026-09-06T09:46:17.735Z INFO  application=marketops-server environment=local buildVersion=0.1.0-SNAPSHOT correlationId=cfbadda2-4c17-4e96-9c88-9c8c3533c9ce c.m.m.a.i.a.JdbcMetadataAuditStore - Metadata change recorded event="metadata_change_recorded" sourceDomain="advertisingefficiency" entityType="advertising_orchestration" entityId="fff82d67-0a6f-4dbd-acd6-dfeaabd6cac0" action="READ" actorId="660720d2-b51b-4f3f-b88c-c91215569e07" correlationId="cfbadda2-4c17-4e96-9c88-9c8c3533c9ce"
[WebServer] 2026-09-06T09:46:17.736Z INFO  application=marketops-server environment=local buildVersion=0.1.0-SNAPSHOT correlationId=cfbadda2-4c17-4e96-9c88-9c8c3533c9ce c.m.m.s.i.c.CorrelationIdFilter - Request completed event="request_completed" correlationId="cfbadda2-4c17-4e96-9c88-9c8c3533c9ce" status="200"
[WebServer] 2026-09-06T09:46:17.740Z INFO  application=marketops-server environment=local buildVersion=0.1.0-SNAPSHOT correlationId=97ed9c12-ecaa-4f71-872b-482d8680ecf0 c.m.m.s.i.c.CorrelationIdFilter - Request completed event="request_completed" correlationId="97ed9c12-ecaa-4f71-872b-482d8680ecf0" status="200"
[WebServer] 2026-09-06T09:46:17.835Z INFO  application=marketops-server environment=local buildVersion=0.1.0-SNAPSHOT correlationId=3fb67dc3-1cb6-4db6-b902-42755802b638 c.m.m.a.i.a.JdbcMetadataAuditStore - Metadata change recorded event="metadata_change_recorded" sourceDomain="advertisingefficiency" entityType="advertising_case" entityId="00e793b7-3f83-4c22-99ae-65b20c114908" action="READ" actorId="660720d2-b51b-4f3f-b88c-c91215569e07" correlationId="3fb67dc3-1cb6-4db6-b902-42755802b638"
[WebServer] 2026-09-06T09:46:17.859Z INFO  application=marketops-server environment=local buildVersion=0.1.0-SNAPSHOT correlationId=3fb67dc3-1cb6-4db6-b902-42755802b638 c.m.m.s.i.c.CorrelationIdFilter - Request completed event="request_completed" correlationId="3fb67dc3-1cb6-4db6-b902-42755802b638" status="200"
[WebServer] 2026-09-06T09:46:17.885Z INFO  application=marketops-server environment=local buildVersion=0.1.0-SNAPSHOT correlationId=447d8072-a8d8-4c18-9696-74fcdba623b8 c.m.m.a.i.a.JdbcMetadataAuditStore - Metadata change recorded event="metadata_change_recorded" sourceDomain="advertisingefficiency" entityType="advertising_manual_packet" entityId="844bd038-8e23-4738-abb8-8feb5f45656c" action="READ" actorId="660720d2-b51b-4f3f-b88c-c91215569e07" correlationId="447d8072-a8d8-4c18-9696-74fcdba623b8"
[WebServer] 2026-09-06T09:46:17.932Z INFO  application=marketops-server environment=local buildVersion=0.1.0-SNAPSHOT correlationId=5ea3803b-b53f-4449-b36e-e0b268924e0f c.m.m.s.i.c.CorrelationIdFilter - Request completed event="request_completed" correlationId="5ea3803b-b53f-4449-b36e-e0b268924e0f" status="200"
[WebServer] 2026-09-06T09:46:17.959Z INFO  application=marketops-server environment=local buildVersion=0.1.0-SNAPSHOT correlationId=447d8072-a8d8-4c18-9696-74fcdba623b8 c.m.m.s.i.c.CorrelationIdFilter - Request completed event="request_completed" correlationId="447d8072-a8d8-4c18-9696-74fcdba623b8" status="200"
[WebServer] 2026-09-06T09:46:17.970Z INFO  application=marketops-server environment=local buildVersion=0.1.0-SNAPSHOT correlationId=d0da799c-019c-4700-8d8f-ff5fade3d997 c.m.m.s.i.c.CorrelationIdFilter - Request completed event="request_completed" correlationId="d0da799c-019c-4700-8d8f-ff5fade3d997" status="200"
[WebServer] 2026-09-06T09:46:17.997Z INFO  application=marketops-server environment=local buildVersion=0.1.0-SNAPSHOT correlationId=308d1ed0-394f-43c5-84db-4a53915b2f0d c.m.m.s.i.c.CorrelationIdFilter - Request completed event="request_completed" correlationId="308d1ed0-394f-43c5-84db-4a53915b2f0d" status="200"
[WebServer] 2026-09-06T09:46:18.167Z INFO  application=marketops-server environment=local buildVersion=0.1.0-SNAPSHOT correlationId=69c713db-4e51-4e1f-82c3-e9082e42f49f c.m.m.s.i.c.CorrelationIdFilter - Request completed event="request_completed" correlationId="69c713db-4e51-4e1f-82c3-e9082e42f49f" status="200"
[WebServer] 2026-09-06T09:46:18.184Z INFO  application=marketops-server environment=local buildVersion=0.1.0-SNAPSHOT correlationId=0085db17-e190-4a75-8901-d4bec9998311 c.m.m.a.i.a.JdbcMetadataAuditStore - Metadata change recorded event="metadata_change_recorded" sourceDomain="advertisingefficiency" entityType="advertising_manual_packet" entityId="844bd038-8e23-4738-abb8-8feb5f45656c" action="READ" actorId="660720d2-b51b-4f3f-b88c-c91215569e07" correlationId="0085db17-e190-4a75-8901-d4bec9998311"
[WebServer] 2026-09-06T09:46:18.236Z INFO  application=marketops-server environment=local buildVersion=0.1.0-SNAPSHOT correlationId=0085db17-e190-4a75-8901-d4bec9998311 c.m.m.s.i.c.CorrelationIdFilter - Request completed event="request_completed" correlationId="0085db17-e190-4a75-8901-d4bec9998311" status="200"
[WebServer] 2026-09-06T09:46:18.559Z INFO  application=marketops-server environment=local buildVersion=0.1.0-SNAPSHOT correlationId=e8562a6f-5773-4d73-a18f-2390b1bf4921 c.m.m.s.i.e.ConsoleProblemAdvice - Console request refused event="console_request_refused" errorCode="RESOURCE_NOT_FOUND" correlationId="e8562a6f-5773-4d73-a18f-2390b1bf4921"
[WebServer] 2026-09-06T09:46:18.560Z INFO  application=marketops-server environment=local buildVersion=0.1.0-SNAPSHOT correlationId=e8562a6f-5773-4d73-a18f-2390b1bf4921 c.m.m.s.i.c.CorrelationIdFilter - Request completed event="request_completed" correlationId="e8562a6f-5773-4d73-a18f-2390b1bf4921" status="404"
[WebServer] 2026-09-06T09:46:18.566Z INFO  application=marketops-server environment=local buildVersion=0.1.0-SNAPSHOT correlationId=d88beba7-d64f-4497-a528-29af52ffe3fd c.m.m.a.i.a.JdbcMetadataAuditStore - Metadata change recorded event="metadata_change_recorded" sourceDomain="advertisingefficiency" entityType="advertising_containments" entityId="fff82d67-0a6f-4dbd-acd6-dfeaabd6cac0" action="READ" actorId="2df24a37-1472-4208-99ad-3c7e0de8317a" correlationId="d88beba7-d64f-4497-a528-29af52ffe3fd"
[WebServer] 2026-09-06T09:46:18.570Z INFO  application=marketops-server environment=local buildVersion=0.1.0-SNAPSHOT correlationId=35ff65db-d5f5-4ad5-9865-dc961e34c7ee c.m.m.s.i.e.ConsoleProblemAdvice - Console request refused event="console_request_refused" errorCode="RESOURCE_SCOPE_DENIED" correlationId="35ff65db-d5f5-4ad5-9865-dc961e34c7ee"
[WebServer] 2026-09-06T09:46:18.571Z INFO  application=marketops-server environment=local buildVersion=0.1.0-SNAPSHOT correlationId=35ff65db-d5f5-4ad5-9865-dc961e34c7ee c.m.m.s.i.c.CorrelationIdFilter - Request completed event="request_completed" correlationId="35ff65db-d5f5-4ad5-9865-dc961e34c7ee" status="403"
[WebServer] 2026-09-06T09:46:18.574Z INFO  application=marketops-server environment=local buildVersion=0.1.0-SNAPSHOT correlationId=fa08e517-3950-4cd5-bb2c-6cbaee0eaf33 c.m.m.a.i.a.JdbcMetadataAuditStore - Metadata change recorded event="metadata_change_recorded" sourceDomain="advertisingefficiency" entityType="advertising_reservations" entityId="fff82d67-0a6f-4dbd-acd6-dfeaabd6cac0" action="READ" actorId="2df24a37-1472-4208-99ad-3c7e0de8317a" correlationId="fa08e517-3950-4cd5-bb2c-6cbaee0eaf33"
[WebServer] 2026-09-06T09:46:18.577Z INFO  application=marketops-server environment=local buildVersion=0.1.0-SNAPSHOT correlationId=fa08e517-3950-4cd5-bb2c-6cbaee0eaf33 c.m.m.s.i.c.CorrelationIdFilter - Request completed event="request_completed" correlationId="fa08e517-3950-4cd5-bb2c-6cbaee0eaf33" status="200"
[WebServer] 2026-09-06T09:46:18.585Z INFO  application=marketops-server environment=local buildVersion=0.1.0-SNAPSHOT correlationId=0bf484d2-87ed-4d26-bd16-4ebb2bef5502 c.m.m.s.i.c.CorrelationIdFilter - Request completed event="request_completed" correlationId="0bf484d2-87ed-4d26-bd16-4ebb2bef5502" status="200"
[WebServer] 2026-09-06T09:46:18.585Z INFO  application=marketops-server environment=local buildVersion=0.1.0-SNAPSHOT correlationId=dab31410-71b5-493a-9163-831083afefec c.m.m.a.i.a.JdbcMetadataAuditStore - Metadata change recorded event="metadata_change_recorded" sourceDomain="advertisingefficiency" entityType="advertising_exposure" entityId="fff82d67-0a6f-4dbd-acd6-dfeaabd6cac0" action="READ" actorId="2df24a37-1472-4208-99ad-3c7e0de8317a" correlationId="dab31410-71b5-493a-9163-831083afefec"
[WebServer] 2026-09-06T09:46:18.586Z INFO  application=marketops-server environment=local buildVersion=0.1.0-SNAPSHOT correlationId=d88beba7-d64f-4497-a528-29af52ffe3fd c.m.m.s.i.c.CorrelationIdFilter - Request completed event="request_completed" correlationId="d88beba7-d64f-4497-a528-29af52ffe3fd" status="200"
[WebServer] 2026-09-06T09:46:18.588Z INFO  application=marketops-server environment=local buildVersion=0.1.0-SNAPSHOT correlationId=eb5dcbe6-6117-4812-8c86-479ad3025799 c.m.m.a.i.a.JdbcMetadataAuditStore - Metadata change recorded event="metadata_change_recorded" sourceDomain="availabilityrisk" entityType="availability_queue" entityId="fff82d67-0a6f-4dbd-acd6-dfeaabd6cac0" action="READ" actorId="2df24a37-1472-4208-99ad-3c7e0de8317a" correlationId="eb5dcbe6-6117-4812-8c86-479ad3025799"
[WebServer] 2026-09-06T09:46:18.590Z INFO  application=marketops-server environment=local buildVersion=0.1.0-SNAPSHOT correlationId=dab31410-71b5-493a-9163-831083afefec c.m.m.s.i.c.CorrelationIdFilter - Request completed event="request_completed" correlationId="dab31410-71b5-493a-9163-831083afefec" status="200"
[WebServer] 2026-09-06T09:46:18.591Z INFO  application=marketops-server environment=local buildVersion=0.1.0-SNAPSHOT correlationId=eb5dcbe6-6117-4812-8c86-479ad3025799 c.m.m.s.i.c.CorrelationIdFilter - Request completed event="request_completed" correlationId="eb5dcbe6-6117-4812-8c86-479ad3025799" status="200"
[WebServer] 2026-09-06T09:46:18.595Z INFO  application=marketops-server environment=local buildVersion=0.1.0-SNAPSHOT correlationId=ce595bb9-7061-493a-bf24-2eb675daca55 c.m.m.a.i.a.JdbcMetadataAuditStore - Metadata change recorded event="metadata_change_recorded" sourceDomain="advertisingefficiency" entityType="advertising_queue" entityId="fff82d67-0a6f-4dbd-acd6-dfeaabd6cac0" action="READ" actorId="2df24a37-1472-4208-99ad-3c7e0de8317a" correlationId="ce595bb9-7061-493a-bf24-2eb675daca55"
[WebServer] 2026-09-06T09:46:18.601Z INFO  application=marketops-server environment=local buildVersion=0.1.0-SNAPSHOT correlationId=f2562ed8-6f65-43ad-85b4-630a018e8a79 c.m.m.s.i.e.ConsoleProblemAdvice - Console request refused event="console_request_refused" errorCode="RESOURCE_SCOPE_DENIED" correlationId="f2562ed8-6f65-43ad-85b4-630a018e8a79"
[WebServer] 2026-09-06T09:46:18.602Z INFO  application=marketops-server environment=local buildVersion=0.1.0-SNAPSHOT correlationId=f2562ed8-6f65-43ad-85b4-630a018e8a79 c.m.m.s.i.c.CorrelationIdFilter - Request completed event="request_completed" correlationId="f2562ed8-6f65-43ad-85b4-630a018e8a79" status="403"
[WebServer] 2026-09-06T09:46:18.610Z INFO  application=marketops-server environment=local buildVersion=0.1.0-SNAPSHOT correlationId=9804bd45-3217-46ea-a0de-1dbd4b02b734 c.m.m.a.i.a.JdbcMetadataAuditStore - Metadata change recorded event="metadata_change_recorded" sourceDomain="advertisingefficiency" entityType="advertising_orchestration" entityId="fff82d67-0a6f-4dbd-acd6-dfeaabd6cac0" action="READ" actorId="2df24a37-1472-4208-99ad-3c7e0de8317a" correlationId="9804bd45-3217-46ea-a0de-1dbd4b02b734"
[WebServer] 2026-09-06T09:46:18.611Z INFO  application=marketops-server environment=local buildVersion=0.1.0-SNAPSHOT correlationId=ce595bb9-7061-493a-bf24-2eb675daca55 c.m.m.s.i.c.CorrelationIdFilter - Request completed event="request_completed" correlationId="ce595bb9-7061-493a-bf24-2eb675daca55" status="200"
[WebServer] 2026-09-06T09:46:18.611Z INFO  application=marketops-server environment=local buildVersion=0.1.0-SNAPSHOT correlationId=9804bd45-3217-46ea-a0de-1dbd4b02b734 c.m.m.s.i.c.CorrelationIdFilter - Request completed event="request_completed" correlationId="9804bd45-3217-46ea-a0de-1dbd4b02b734" status="200"
[WebServer] 2026-09-06T09:46:18.625Z INFO  application=marketops-server environment=local buildVersion=0.1.0-SNAPSHOT correlationId=4a85d096-36d2-4479-8b0f-81a2197f8b2d c.m.m.s.i.c.CorrelationIdFilter - Request completed event="request_completed" correlationId="4a85d096-36d2-4479-8b0f-81a2197f8b2d" status="200"
[WebServer] 2026-09-06T09:46:18.722Z INFO  application=marketops-server environment=local buildVersion=0.1.0-SNAPSHOT correlationId=4bde02e2-3012-4f52-b12d-e93e482e4977 c.m.m.a.i.a.JdbcMetadataAuditStore - Metadata change recorded event="metadata_change_recorded" sourceDomain="advertisingefficiency" entityType="advertising_case" entityId="00e793b7-3f83-4c22-99ae-65b20c114908" action="READ" actorId="2df24a37-1472-4208-99ad-3c7e0de8317a" correlationId="4bde02e2-3012-4f52-b12d-e93e482e4977"
[WebServer] 2026-09-06T09:46:18.735Z INFO  application=marketops-server environment=local buildVersion=0.1.0-SNAPSHOT correlationId=4bde02e2-3012-4f52-b12d-e93e482e4977 c.m.m.s.i.c.CorrelationIdFilter - Request completed event="request_completed" correlationId="4bde02e2-3012-4f52-b12d-e93e482e4977" status="200"
[WebServer] 2026-09-06T09:46:18.760Z INFO  application=marketops-server environment=local buildVersion=0.1.0-SNAPSHOT correlationId=d8d484f6-b541-400e-84c9-d5cd0fa1b8db c.m.m.a.i.a.JdbcMetadataAuditStore - Metadata change recorded event="metadata_change_recorded" sourceDomain="advertisingefficiency" entityType="advertising_manual_packet" entityId="844bd038-8e23-4738-abb8-8feb5f45656c" action="READ" actorId="2df24a37-1472-4208-99ad-3c7e0de8317a" correlationId="d8d484f6-b541-400e-84c9-d5cd0fa1b8db"
[WebServer] 2026-09-06T09:46:18.798Z INFO  application=marketops-server environment=local buildVersion=0.1.0-SNAPSHOT correlationId=19b8f0ba-6df7-433d-b063-b7723ad3e4cd c.m.m.s.i.c.CorrelationIdFilter - Request completed event="request_completed" correlationId="19b8f0ba-6df7-433d-b063-b7723ad3e4cd" status="200"
[WebServer] 2026-09-06T09:46:18.822Z INFO  application=marketops-server environment=local buildVersion=0.1.0-SNAPSHOT correlationId=3fdf1945-738e-4812-a2b6-97f57a8e5467 c.m.m.s.i.c.CorrelationIdFilter - Request completed event="request_completed" correlationId="3fdf1945-738e-4812-a2b6-97f57a8e5467" status="200"
[WebServer] 2026-09-06T09:46:18.824Z INFO  application=marketops-server environment=local buildVersion=0.1.0-SNAPSHOT correlationId=d8d484f6-b541-400e-84c9-d5cd0fa1b8db c.m.m.s.i.c.CorrelationIdFilter - Request completed event="request_completed" correlationId="d8d484f6-b541-400e-84c9-d5cd0fa1b8db" status="200"
[WebServer] 2026-09-06T09:46:18.854Z INFO  application=marketops-server environment=local buildVersion=0.1.0-SNAPSHOT correlationId=1b3a695c-f20a-4275-81b1-9895359b0100 c.m.m.s.i.c.CorrelationIdFilter - Request completed event="request_completed" correlationId="1b3a695c-f20a-4275-81b1-9895359b0100" status="200"
[WebServer] 2026-09-06T09:46:18.981Z INFO  application=marketops-server environment=local buildVersion=0.1.0-SNAPSHOT correlationId=e4343fdc-130c-4f4b-9aec-fcdb1b987bc5 c.m.m.s.i.c.CorrelationIdFilter - Request completed event="request_completed" correlationId="e4343fdc-130c-4f4b-9aec-fcdb1b987bc5" status="200"
[WebServer] 2026-09-06T09:46:18.995Z INFO  application=marketops-server environment=local buildVersion=0.1.0-SNAPSHOT correlationId=bdef4066-6945-496d-bba0-cbdaa112285c c.m.m.a.i.a.JdbcMetadataAuditStore - Metadata change recorded event="metadata_change_recorded" sourceDomain="advertisingefficiency" entityType="advertising_manual_packet" entityId="844bd038-8e23-4738-abb8-8feb5f45656c" action="READ" actorId="2df24a37-1472-4208-99ad-3c7e0de8317a" correlationId="bdef4066-6945-496d-bba0-cbdaa112285c"
[WebServer] 2026-09-06T09:46:19.109Z INFO  application=marketops-server environment=local buildVersion=0.1.0-SNAPSHOT correlationId=bdef4066-6945-496d-bba0-cbdaa112285c c.m.m.s.i.c.CorrelationIdFilter - Request completed event="request_completed" correlationId="bdef4066-6945-496d-bba0-cbdaa112285c" status="200"
[WebServer] 2026-09-06T09:46:19.814Z INFO  application=marketops-server environment=local buildVersion=0.1.0-SNAPSHOT correlationId=8a3adbc3-a6f9-453c-a56a-923ce8689fe1 c.m.m.s.i.e.ConsoleProblemAdvice - Console request refused event="console_request_refused" errorCode="RESOURCE_NOT_FOUND" correlationId="8a3adbc3-a6f9-453c-a56a-923ce8689fe1"
[WebServer] 2026-09-06T09:46:19.814Z INFO  application=marketops-server environment=local buildVersion=0.1.0-SNAPSHOT correlationId=12ceb87b-656e-4ac1-bfdc-978bb79c77f4 c.m.m.a.i.a.JdbcMetadataAuditStore - Metadata change recorded event="metadata_change_recorded" sourceDomain="advertisingefficiency" entityType="advertising_reservations" entityId="fff82d67-0a6f-4dbd-acd6-dfeaabd6cac0" action="READ" actorId="b9c82303-c94f-4682-9947-3d1971e2fba9" correlationId="12ceb87b-656e-4ac1-bfdc-978bb79c77f4"
[WebServer] 2026-09-06T09:46:19.815Z INFO  application=marketops-server environment=local buildVersion=0.1.0-SNAPSHOT correlationId=8a3adbc3-a6f9-453c-a56a-923ce8689fe1 c.m.m.s.i.c.CorrelationIdFilter - Request completed event="request_completed" correlationId="8a3adbc3-a6f9-453c-a56a-923ce8689fe1" status="404"
[WebServer] 2026-09-06T09:46:19.816Z INFO  application=marketops-server environment=local buildVersion=0.1.0-SNAPSHOT correlationId=cb356c15-8124-49bc-a0d6-3143d9eb83a5 c.m.m.a.i.a.JdbcMetadataAuditStore - Metadata change recorded event="metadata_change_recorded" sourceDomain="advertisingefficiency" entityType="advertising_containments" entityId="fff82d67-0a6f-4dbd-acd6-dfeaabd6cac0" action="READ" actorId="b9c82303-c94f-4682-9947-3d1971e2fba9" correlationId="cb356c15-8124-49bc-a0d6-3143d9eb83a5"
[WebServer] 2026-09-06T09:46:19.818Z INFO  application=marketops-server environment=local buildVersion=0.1.0-SNAPSHOT correlationId=12ceb87b-656e-4ac1-bfdc-978bb79c77f4 c.m.m.s.i.c.CorrelationIdFilter - Request completed event="request_completed" correlationId="12ceb87b-656e-4ac1-bfdc-978bb79c77f4" status="200"
[WebServer] 2026-09-06T09:46:19.818Z INFO  application=marketops-server environment=local buildVersion=0.1.0-SNAPSHOT correlationId=bba2cdea-cfa6-4f61-8740-55a7d9acd684 c.m.m.s.i.e.ConsoleProblemAdvice - Console request refused event="console_request_refused" errorCode="RESOURCE_SCOPE_DENIED" correlationId="bba2cdea-cfa6-4f61-8740-55a7d9acd684"
[WebServer] 2026-09-06T09:46:19.818Z INFO  application=marketops-server environment=local buildVersion=0.1.0-SNAPSHOT correlationId=bba2cdea-cfa6-4f61-8740-55a7d9acd684 c.m.m.s.i.c.CorrelationIdFilter - Request completed event="request_completed" correlationId="bba2cdea-cfa6-4f61-8740-55a7d9acd684" status="403"
[WebServer] 2026-09-06T09:46:19.823Z INFO  application=marketops-server environment=local buildVersion=0.1.0-SNAPSHOT correlationId=f6d8ecf5-00c3-46b7-a471-482a9cd397d1 c.m.m.a.i.a.JdbcMetadataAuditStore - Metadata change recorded event="metadata_change_recorded" sourceDomain="availabilityrisk" entityType="availability_queue" entityId="fff82d67-0a6f-4dbd-acd6-dfeaabd6cac0" action="READ" actorId="b9c82303-c94f-4682-9947-3d1971e2fba9" correlationId="f6d8ecf5-00c3-46b7-a471-482a9cd397d1"
[WebServer] 2026-09-06T09:46:19.824Z INFO  application=marketops-server environment=local buildVersion=0.1.0-SNAPSHOT correlationId=f6d8ecf5-00c3-46b7-a471-482a9cd397d1 c.m.m.s.i.c.CorrelationIdFilter - Request completed event="request_completed" correlationId="f6d8ecf5-00c3-46b7-a471-482a9cd397d1" status="200"
[WebServer] 2026-09-06T09:46:19.833Z INFO  application=marketops-server environment=local buildVersion=0.1.0-SNAPSHOT correlationId=d5408ce7-018c-4286-8e99-f5924634ad6e c.m.m.a.i.a.JdbcMetadataAuditStore - Metadata change recorded event="metadata_change_recorded" sourceDomain="advertisingefficiency" entityType="advertising_exposure" entityId="fff82d67-0a6f-4dbd-acd6-dfeaabd6cac0" action="READ" actorId="b9c82303-c94f-4682-9947-3d1971e2fba9" correlationId="d5408ce7-018c-4286-8e99-f5924634ad6e"
[WebServer] 2026-09-06T09:46:19.834Z INFO  application=marketops-server environment=local buildVersion=0.1.0-SNAPSHOT correlationId=cb356c15-8124-49bc-a0d6-3143d9eb83a5 c.m.m.s.i.c.CorrelationIdFilter - Request completed event="request_completed" correlationId="cb356c15-8124-49bc-a0d6-3143d9eb83a5" status="200"
[WebServer] 2026-09-06T09:46:19.834Z INFO  application=marketops-server environment=local buildVersion=0.1.0-SNAPSHOT correlationId=d5408ce7-018c-4286-8e99-f5924634ad6e c.m.m.s.i.c.CorrelationIdFilter - Request completed event="request_completed" correlationId="d5408ce7-018c-4286-8e99-f5924634ad6e" status="200"
[WebServer] 2026-09-06T09:46:19.843Z INFO  application=marketops-server environment=local buildVersion=0.1.0-SNAPSHOT correlationId=f3820120-a47b-4b9d-8e50-027e203c6857 c.m.m.s.i.c.CorrelationIdFilter - Request completed event="request_completed" correlationId="f3820120-a47b-4b9d-8e50-027e203c6857" status="200"
[WebServer] 2026-09-06T09:46:19.844Z INFO  application=marketops-server environment=local buildVersion=0.1.0-SNAPSHOT correlationId=d4cb74e3-3347-41c9-aaab-2598404f4d9d c.m.m.s.i.e.ConsoleProblemAdvice - Console request refused event="console_request_refused" errorCode="RESOURCE_SCOPE_DENIED" correlationId="d4cb74e3-3347-41c9-aaab-2598404f4d9d"
[WebServer] 2026-09-06T09:46:19.845Z INFO  application=marketops-server environment=local buildVersion=0.1.0-SNAPSHOT correlationId=d4cb74e3-3347-41c9-aaab-2598404f4d9d c.m.m.s.i.c.CorrelationIdFilter - Request completed event="request_completed" correlationId="d4cb74e3-3347-41c9-aaab-2598404f4d9d" status="403"
[WebServer] 2026-09-06T09:46:19.851Z INFO  application=marketops-server environment=local buildVersion=0.1.0-SNAPSHOT correlationId=ae689edf-1d13-4e25-bda9-c1765f844faa c.m.m.a.i.a.JdbcMetadataAuditStore - Metadata change recorded event="metadata_change_recorded" sourceDomain="advertisingefficiency" entityType="advertising_queue" entityId="fff82d67-0a6f-4dbd-acd6-dfeaabd6cac0" action="READ" actorId="b9c82303-c94f-4682-9947-3d1971e2fba9" correlationId="ae689edf-1d13-4e25-bda9-c1765f844faa"
[WebServer] 2026-09-06T09:46:19.862Z INFO  application=marketops-server environment=local buildVersion=0.1.0-SNAPSHOT correlationId=834d0c48-50cd-49d8-82e0-1beb6ae81a16 c.m.m.a.i.a.JdbcMetadataAuditStore - Metadata change recorded event="metadata_change_recorded" sourceDomain="advertisingefficiency" entityType="advertising_orchestration" entityId="fff82d67-0a6f-4dbd-acd6-dfeaabd6cac0" action="READ" actorId="b9c82303-c94f-4682-9947-3d1971e2fba9" correlationId="834d0c48-50cd-49d8-82e0-1beb6ae81a16"
[WebServer] 2026-09-06T09:46:19.863Z INFO  application=marketops-server environment=local buildVersion=0.1.0-SNAPSHOT correlationId=834d0c48-50cd-49d8-82e0-1beb6ae81a16 c.m.m.s.i.c.CorrelationIdFilter - Request completed event="request_completed" correlationId="834d0c48-50cd-49d8-82e0-1beb6ae81a16" status="200"
[WebServer] 2026-09-06T09:46:19.872Z INFO  application=marketops-server environment=local buildVersion=0.1.0-SNAPSHOT correlationId=ae689edf-1d13-4e25-bda9-c1765f844faa c.m.m.s.i.c.CorrelationIdFilter - Request completed event="request_completed" correlationId="ae689edf-1d13-4e25-bda9-c1765f844faa" status="200"
[WebServer] 2026-09-06T09:46:19.890Z INFO  application=marketops-server environment=local buildVersion=0.1.0-SNAPSHOT correlationId=d1100c70-5683-40a0-8b35-93835f310247 c.m.m.s.i.c.CorrelationIdFilter - Request completed event="request_completed" correlationId="d1100c70-5683-40a0-8b35-93835f310247" status="200"
[WebServer] 2026-09-06T09:46:19.999Z INFO  application=marketops-server environment=local buildVersion=0.1.0-SNAPSHOT correlationId=1d2c49ed-70f7-475f-94cf-664f5de0ad85 c.m.m.a.i.a.JdbcMetadataAuditStore - Metadata change recorded event="metadata_change_recorded" sourceDomain="advertisingefficiency" entityType="advertising_case" entityId="00e793b7-3f83-4c22-99ae-65b20c114908" action="READ" actorId="b9c82303-c94f-4682-9947-3d1971e2fba9" correlationId="1d2c49ed-70f7-475f-94cf-664f5de0ad85"
[WebServer] 2026-09-06T09:46:20.015Z INFO  application=marketops-server environment=local buildVersion=0.1.0-SNAPSHOT correlationId=1d2c49ed-70f7-475f-94cf-664f5de0ad85 c.m.m.s.i.c.CorrelationIdFilter - Request completed event="request_completed" correlationId="1d2c49ed-70f7-475f-94cf-664f5de0ad85" status="200"
[WebServer] 2026-09-06T09:46:20.040Z INFO  application=marketops-server environment=local buildVersion=0.1.0-SNAPSHOT correlationId=2f713bef-3d90-4c91-ad6e-111da024146b c.m.m.a.i.a.JdbcMetadataAuditStore - Metadata change recorded event="metadata_change_recorded" sourceDomain="advertisingefficiency" entityType="advertising_manual_packet" entityId="844bd038-8e23-4738-abb8-8feb5f45656c" action="READ" actorId="b9c82303-c94f-4682-9947-3d1971e2fba9" correlationId="2f713bef-3d90-4c91-ad6e-111da024146b"
[WebServer] 2026-09-06T09:46:20.085Z INFO  application=marketops-server environment=local buildVersion=0.1.0-SNAPSHOT correlationId=c0c198f8-cb2e-4d1c-8b72-4cc314b00664 c.m.m.s.i.c.CorrelationIdFilter - Request completed event="request_completed" correlationId="c0c198f8-cb2e-4d1c-8b72-4cc314b00664" status="200"
[WebServer] 2026-09-06T09:46:20.099Z INFO  application=marketops-server environment=local buildVersion=0.1.0-SNAPSHOT correlationId=2f713bef-3d90-4c91-ad6e-111da024146b c.m.m.s.i.c.CorrelationIdFilter - Request completed event="request_completed" correlationId="2f713bef-3d90-4c91-ad6e-111da024146b" status="200"
[WebServer] 2026-09-06T09:46:20.106Z INFO  application=marketops-server environment=local buildVersion=0.1.0-SNAPSHOT correlationId=b9e3c767-a1f5-49c7-a7ad-b9d9d0676097 c.m.m.s.i.c.CorrelationIdFilter - Request completed event="request_completed" correlationId="b9e3c767-a1f5-49c7-a7ad-b9d9d0676097" status="200"
[WebServer] 2026-09-06T09:46:20.130Z INFO  application=marketops-server environment=local buildVersion=0.1.0-SNAPSHOT correlationId=061c125c-a9f5-4d66-b460-433e7546696b c.m.m.s.i.c.CorrelationIdFilter - Request completed event="request_completed" correlationId="061c125c-a9f5-4d66-b460-433e7546696b" status="200"
[WebServer] 2026-09-06T09:46:20.311Z INFO  application=marketops-server environment=local buildVersion=0.1.0-SNAPSHOT correlationId=52287ed9-bda6-4fcb-a6de-c354a0428aa2 c.m.m.s.i.c.CorrelationIdFilter - Request completed event="request_completed" correlationId="52287ed9-bda6-4fcb-a6de-c354a0428aa2" status="200"
[WebServer] 2026-09-06T09:46:20.326Z INFO  application=marketops-server environment=local buildVersion=0.1.0-SNAPSHOT correlationId=e28e2baf-0210-4091-99b5-fb5fd771e420 c.m.m.a.i.a.JdbcMetadataAuditStore - Metadata change recorded event="metadata_change_recorded" sourceDomain="advertisingefficiency" entityType="advertising_manual_packet" entityId="844bd038-8e23-4738-abb8-8feb5f45656c" action="READ" actorId="b9c82303-c94f-4682-9947-3d1971e2fba9" correlationId="e28e2baf-0210-4091-99b5-fb5fd771e420"
[WebServer] 2026-09-06T09:46:20.359Z INFO  application=marketops-server environment=local buildVersion=0.1.0-SNAPSHOT correlationId=e28e2baf-0210-4091-99b5-fb5fd771e420 c.m.m.s.i.c.CorrelationIdFilter - Request completed event="request_completed" correlationId="e28e2baf-0210-4091-99b5-fb5fd771e420" status="200"
[WebServer] 2026-09-06T09:46:20.467Z INFO  application=marketops-server environment=local buildVersion=0.1.0-SNAPSHOT correlationId=bf82715a-ef03-4163-a926-a663874e4e3e c.m.m.s.i.c.CorrelationIdFilter - Request completed event="request_completed" correlationId="bf82715a-ef03-4163-a926-a663874e4e3e" status="200"
[WebServer] 2026-09-06T09:46:20.487Z INFO  application=marketops-server environment=local buildVersion=0.1.0-SNAPSHOT correlationId=62600ed9-4e68-44ce-87dc-2197884e65e2 c.m.m.a.i.a.JdbcMetadataAuditStore - Metadata change recorded event="metadata_change_recorded" sourceDomain="advertisingefficiency" entityType="advertising_manual_packet" entityId="844bd038-8e23-4738-abb8-8feb5f45656c" action="READ" actorId="b9c82303-c94f-4682-9947-3d1971e2fba9" correlationId="62600ed9-4e68-44ce-87dc-2197884e65e2"
[WebServer] 2026-09-06T09:46:20.515Z INFO  application=marketops-server environment=local buildVersion=0.1.0-SNAPSHOT correlationId=62600ed9-4e68-44ce-87dc-2197884e65e2 c.m.m.s.i.c.CorrelationIdFilter - Request completed event="request_completed" correlationId="62600ed9-4e68-44ce-87dc-2197884e65e2" status="200"
[WebServer] 2026-09-06T09:46:20.558Z DEBUG application=marketops-server environment=local buildVersion=0.1.0-SNAPSHOT correlationId=7c6ab825-de68-4661-9f46-11465c9d65c0 c.m.m.s.i.c.CorrelationIdFilter - Inbound correlation identifier replaced event="correlation_identifier_replaced" correlationId="7c6ab825-de68-4661-9f46-11465c9d65c0" rejectionCategory="MISSING"
[WebServer] 2026-09-06T09:46:20.573Z INFO  application=marketops-server environment=local buildVersion=0.1.0-SNAPSHOT correlationId=7c6ab825-de68-4661-9f46-11465c9d65c0 c.m.m.s.i.e.ConsoleProblemAdvice - Console request refused event="console_request_refused" errorCode="ACTION_NOT_PERMITTED" correlationId="7c6ab825-de68-4661-9f46-11465c9d65c0"
[WebServer] 2026-09-06T09:46:20.573Z INFO  application=marketops-server environment=local buildVersion=0.1.0-SNAPSHOT correlationId=7c6ab825-de68-4661-9f46-11465c9d65c0 c.m.m.s.i.c.CorrelationIdFilter - Request completed event="request_completed" correlationId="7c6ab825-de68-4661-9f46-11465c9d65c0" status="403"
[WebServer] 2026-09-06T09:46:20.840Z INFO  application=marketops-server environment=local buildVersion=0.1.0-SNAPSHOT correlationId=0f891502-50f2-46af-b947-9bbcf6ab838e c.m.m.s.i.c.CorrelationIdFilter - Request completed event="request_completed" correlationId="0f891502-50f2-46af-b947-9bbcf6ab838e" status="200"
[WebServer] 2026-09-06T09:46:20.841Z INFO  application=marketops-server environment=local buildVersion=0.1.0-SNAPSHOT correlationId=8aa21f4d-e124-49d4-8548-91d717d89432 c.m.m.a.i.a.JdbcMetadataAuditStore - Metadata change recorded event="metadata_change_recorded" sourceDomain="advertisingefficiency" entityType="advertising_containments" entityId="fff82d67-0a6f-4dbd-acd6-dfeaabd6cac0" action="READ" actorId="660720d2-b51b-4f3f-b88c-c91215569e07" correlationId="8aa21f4d-e124-49d4-8548-91d717d89432"
[WebServer] 2026-09-06T09:46:20.841Z INFO  application=marketops-server environment=local buildVersion=0.1.0-SNAPSHOT correlationId=d111f968-a84d-44d8-90aa-95c99738ec4d c.m.m.a.i.a.JdbcMetadataAuditStore - Metadata change recorded event="metadata_change_recorded" sourceDomain="advertisingefficiency" entityType="advertising_reservations" entityId="fff82d67-0a6f-4dbd-acd6-dfeaabd6cac0" action="READ" actorId="660720d2-b51b-4f3f-b88c-c91215569e07" correlationId="d111f968-a84d-44d8-90aa-95c99738ec4d"
[WebServer] 2026-09-06T09:46:20.842Z INFO  application=marketops-server environment=local buildVersion=0.1.0-SNAPSHOT correlationId=6f0b6bc9-dce0-4dd1-86cf-51f50a53c989 c.m.m.s.i.e.ConsoleProblemAdvice - Console request refused event="console_request_refused" errorCode="RESOURCE_NOT_FOUND" correlationId="6f0b6bc9-dce0-4dd1-86cf-51f50a53c989"
[WebServer] 2026-09-06T09:46:20.842Z INFO  application=marketops-server environment=local buildVersion=0.1.0-SNAPSHOT correlationId=6f0b6bc9-dce0-4dd1-86cf-51f50a53c989 c.m.m.s.i.c.CorrelationIdFilter - Request completed event="request_completed" correlationId="6f0b6bc9-dce0-4dd1-86cf-51f50a53c989" status="404"
[WebServer] 2026-09-06T09:46:20.844Z INFO  application=marketops-server environment=local buildVersion=0.1.0-SNAPSHOT correlationId=7996175a-7b82-44f0-8dd3-86428f98c1f0 c.m.m.s.i.e.ConsoleProblemAdvice - Console request refused event="console_request_refused" errorCode="RESOURCE_SCOPE_DENIED" correlationId="7996175a-7b82-44f0-8dd3-86428f98c1f0"
[WebServer] 2026-09-06T09:46:20.845Z INFO  application=marketops-server environment=local buildVersion=0.1.0-SNAPSHOT correlationId=7996175a-7b82-44f0-8dd3-86428f98c1f0 c.m.m.s.i.c.CorrelationIdFilter - Request completed event="request_completed" correlationId="7996175a-7b82-44f0-8dd3-86428f98c1f0" status="403"
[WebServer] 2026-09-06T09:46:20.849Z INFO  application=marketops-server environment=local buildVersion=0.1.0-SNAPSHOT correlationId=77684f5f-1b10-4b16-965f-2f6d1353b8e4 c.m.m.a.i.a.JdbcMetadataAuditStore - Metadata change recorded event="metadata_change_recorded" sourceDomain="availabilityrisk" entityType="availability_queue" entityId="fff82d67-0a6f-4dbd-acd6-dfeaabd6cac0" action="READ" actorId="660720d2-b51b-4f3f-b88c-c91215569e07" correlationId="77684f5f-1b10-4b16-965f-2f6d1353b8e4"
[WebServer] 2026-09-06T09:46:20.849Z INFO  application=marketops-server environment=local buildVersion=0.1.0-SNAPSHOT correlationId=8aa21f4d-e124-49d4-8548-91d717d89432 c.m.m.s.i.c.CorrelationIdFilter - Request completed event="request_completed" correlationId="8aa21f4d-e124-49d4-8548-91d717d89432" status="200"
[WebServer] 2026-09-06T09:46:20.851Z INFO  application=marketops-server environment=local buildVersion=0.1.0-SNAPSHOT correlationId=77684f5f-1b10-4b16-965f-2f6d1353b8e4 c.m.m.s.i.c.CorrelationIdFilter - Request completed event="request_completed" correlationId="77684f5f-1b10-4b16-965f-2f6d1353b8e4" status="200"
[WebServer] 2026-09-06T09:46:20.859Z INFO  application=marketops-server environment=local buildVersion=0.1.0-SNAPSHOT correlationId=fe8696ef-5933-4182-973c-dbe6e0a3aacd c.m.m.a.i.a.JdbcMetadataAuditStore - Metadata change recorded event="metadata_change_recorded" sourceDomain="advertisingefficiency" entityType="advertising_exposure" entityId="fff82d67-0a6f-4dbd-acd6-dfeaabd6cac0" action="READ" actorId="660720d2-b51b-4f3f-b88c-c91215569e07" correlationId="fe8696ef-5933-4182-973c-dbe6e0a3aacd"
[WebServer] 2026-09-06T09:46:20.859Z INFO  application=marketops-server environment=local buildVersion=0.1.0-SNAPSHOT correlationId=7ce2b377-a841-4e37-a54f-c2e33484882a c.m.m.s.i.e.ConsoleProblemAdvice - Console request refused event="console_request_refused" errorCode="RESOURCE_SCOPE_DENIED" correlationId="7ce2b377-a841-4e37-a54f-c2e33484882a"
[WebServer] 2026-09-06T09:46:20.860Z INFO  application=marketops-server environment=local buildVersion=0.1.0-SNAPSHOT correlationId=7ce2b377-a841-4e37-a54f-c2e33484882a c.m.m.s.i.c.CorrelationIdFilter - Request completed event="request_completed" correlationId="7ce2b377-a841-4e37-a54f-c2e33484882a" status="403"
[WebServer] 2026-09-06T09:46:20.861Z INFO  application=marketops-server environment=local buildVersion=0.1.0-SNAPSHOT correlationId=fe8696ef-5933-4182-973c-dbe6e0a3aacd c.m.m.s.i.c.CorrelationIdFilter - Request completed event="request_completed" correlationId="fe8696ef-5933-4182-973c-dbe6e0a3aacd" status="200"
[WebServer] 2026-09-06T09:46:20.865Z INFO  application=marketops-server environment=local buildVersion=0.1.0-SNAPSHOT correlationId=a8e5adf4-ea7a-4de2-872e-25d2cff32d38 c.m.m.a.i.a.JdbcMetadataAuditStore - Metadata change recorded event="metadata_change_recorded" sourceDomain="advertisingefficiency" entityType="advertising_queue" entityId="fff82d67-0a6f-4dbd-acd6-dfeaabd6cac0" action="READ" actorId="660720d2-b51b-4f3f-b88c-c91215569e07" correlationId="a8e5adf4-ea7a-4de2-872e-25d2cff32d38"
[WebServer] 2026-09-06T09:46:20.865Z INFO  application=marketops-server environment=local buildVersion=0.1.0-SNAPSHOT correlationId=d111f968-a84d-44d8-90aa-95c99738ec4d c.m.m.s.i.c.CorrelationIdFilter - Request completed event="request_completed" correlationId="d111f968-a84d-44d8-90aa-95c99738ec4d" status="200"
[WebServer] 2026-09-06T09:46:20.882Z INFO  application=marketops-server environment=local buildVersion=0.1.0-SNAPSHOT correlationId=123d0a91-eba7-4e5a-8634-c25a56b43b7c c.m.m.a.i.a.JdbcMetadataAuditStore - Metadata change recorded event="metadata_change_recorded" sourceDomain="advertisingefficiency" entityType="advertising_orchestration" entityId="fff82d67-0a6f-4dbd-acd6-dfeaabd6cac0" action="READ" actorId="660720d2-b51b-4f3f-b88c-c91215569e07" correlationId="123d0a91-eba7-4e5a-8634-c25a56b43b7c"
[WebServer] 2026-09-06T09:46:20.883Z INFO  application=marketops-server environment=local buildVersion=0.1.0-SNAPSHOT correlationId=123d0a91-eba7-4e5a-8634-c25a56b43b7c c.m.m.s.i.c.CorrelationIdFilter - Request completed event="request_completed" correlationId="123d0a91-eba7-4e5a-8634-c25a56b43b7c" status="200"
[WebServer] 2026-09-06T09:46:20.886Z INFO  application=marketops-server environment=local buildVersion=0.1.0-SNAPSHOT correlationId=a8e5adf4-ea7a-4de2-872e-25d2cff32d38 c.m.m.s.i.c.CorrelationIdFilter - Request completed event="request_completed" correlationId="a8e5adf4-ea7a-4de2-872e-25d2cff32d38" status="200"
[WebServer] 2026-09-06T09:46:20.905Z INFO  application=marketops-server environment=local buildVersion=0.1.0-SNAPSHOT correlationId=8de78ba0-44a9-401f-a13b-e9dd9eefc78e c.m.m.s.i.c.CorrelationIdFilter - Request completed event="request_completed" correlationId="8de78ba0-44a9-401f-a13b-e9dd9eefc78e" status="200"
[WebServer] 2026-09-06T09:46:21.028Z INFO  application=marketops-server environment=local buildVersion=0.1.0-SNAPSHOT correlationId=111d0490-b0b3-49f5-9d25-f8a7130444b5 c.m.m.a.i.a.JdbcMetadataAuditStore - Metadata change recorded event="metadata_change_recorded" sourceDomain="advertisingefficiency" entityType="advertising_case" entityId="00e793b7-3f83-4c22-99ae-65b20c114908" action="READ" actorId="660720d2-b51b-4f3f-b88c-c91215569e07" correlationId="111d0490-b0b3-49f5-9d25-f8a7130444b5"
[WebServer] 2026-09-06T09:46:21.045Z INFO  application=marketops-server environment=local buildVersion=0.1.0-SNAPSHOT correlationId=111d0490-b0b3-49f5-9d25-f8a7130444b5 c.m.m.s.i.c.CorrelationIdFilter - Request completed event="request_completed" correlationId="111d0490-b0b3-49f5-9d25-f8a7130444b5" status="200"
[WebServer] 2026-09-06T09:46:21.068Z INFO  application=marketops-server environment=local buildVersion=0.1.0-SNAPSHOT correlationId=6e4b93ed-a349-418d-b504-5c7db6e87fdf c.m.m.a.i.a.JdbcMetadataAuditStore - Metadata change recorded event="metadata_change_recorded" sourceDomain="advertisingefficiency" entityType="advertising_manual_packet" entityId="844bd038-8e23-4738-abb8-8feb5f45656c" action="READ" actorId="660720d2-b51b-4f3f-b88c-c91215569e07" correlationId="6e4b93ed-a349-418d-b504-5c7db6e87fdf"
[WebServer] 2026-09-06T09:46:21.103Z INFO  application=marketops-server environment=local buildVersion=0.1.0-SNAPSHOT correlationId=6e4b93ed-a349-418d-b504-5c7db6e87fdf c.m.m.s.i.c.CorrelationIdFilter - Request completed event="request_completed" correlationId="6e4b93ed-a349-418d-b504-5c7db6e87fdf" status="200"
[WebServer] 2026-09-06T09:46:21.106Z INFO  application=marketops-server environment=local buildVersion=0.1.0-SNAPSHOT correlationId=deb7998c-293d-49a0-b932-6e32d13a3d36 c.m.m.s.i.c.CorrelationIdFilter - Request completed event="request_completed" correlationId="deb7998c-293d-49a0-b932-6e32d13a3d36" status="200"
[WebServer] 2026-09-06T09:46:21.128Z INFO  application=marketops-server environment=local buildVersion=0.1.0-SNAPSHOT correlationId=244026f0-2c6a-4712-8e08-8438750ba74d c.m.m.s.i.c.CorrelationIdFilter - Request completed event="request_completed" correlationId="244026f0-2c6a-4712-8e08-8438750ba74d" status="200"
[WebServer] 2026-09-06T09:46:21.135Z INFO  application=marketops-server environment=local buildVersion=0.1.0-SNAPSHOT correlationId=82eba83b-9ad6-4516-8c2e-b189fb786712 c.m.m.s.i.c.CorrelationIdFilter - Request completed event="request_completed" correlationId="82eba83b-9ad6-4516-8c2e-b189fb786712" status="200"
[WebServer] 2026-09-06T09:46:21.383Z INFO  application=marketops-server environment=local buildVersion=0.1.0-SNAPSHOT correlationId=6a9fc4a9-7a3d-478c-b92c-5cd86b09ba44 c.m.m.s.i.c.CorrelationIdFilter - Request completed event="request_completed" correlationId="6a9fc4a9-7a3d-478c-b92c-5cd86b09ba44" status="200"
[WebServer] 2026-09-06T09:46:21.402Z INFO  application=marketops-server environment=local buildVersion=0.1.0-SNAPSHOT correlationId=16a19c6d-1bea-43c4-99d7-3edeaa0e8332 c.m.m.a.i.a.JdbcMetadataAuditStore - Metadata change recorded event="metadata_change_recorded" sourceDomain="advertisingefficiency" entityType="advertising_manual_packet" entityId="844bd038-8e23-4738-abb8-8feb5f45656c" action="READ" actorId="660720d2-b51b-4f3f-b88c-c91215569e07" correlationId="16a19c6d-1bea-43c4-99d7-3edeaa0e8332"
[WebServer] 2026-09-06T09:46:21.439Z INFO  application=marketops-server environment=local buildVersion=0.1.0-SNAPSHOT correlationId=16a19c6d-1bea-43c4-99d7-3edeaa0e8332 c.m.m.s.i.c.CorrelationIdFilter - Request completed event="request_completed" correlationId="16a19c6d-1bea-43c4-99d7-3edeaa0e8332" status="200"
[WebServer] 2026-09-06T09:46:21.461Z DEBUG application=marketops-server environment=local buildVersion=0.1.0-SNAPSHOT correlationId=27364bef-6fed-4209-98df-2239e3a26db9 c.m.m.s.i.c.CorrelationIdFilter - Inbound correlation identifier replaced event="correlation_identifier_replaced" correlationId="27364bef-6fed-4209-98df-2239e3a26db9" rejectionCategory="MISSING"
[WebServer] 2026-09-06T09:46:21.469Z INFO  application=marketops-server environment=local buildVersion=0.1.0-SNAPSHOT correlationId=27364bef-6fed-4209-98df-2239e3a26db9 c.m.m.a.i.a.JdbcMetadataAuditStore - Metadata change recorded event="metadata_change_recorded" sourceDomain="advertisingefficiency" entityType="advertising_reservations" entityId="fff82d67-0a6f-4dbd-acd6-dfeaabd6cac0" action="READ" actorId="660720d2-b51b-4f3f-b88c-c91215569e07" correlationId="27364bef-6fed-4209-98df-2239e3a26db9"
[WebServer] 2026-09-06T09:46:21.481Z INFO  application=marketops-server environment=local buildVersion=0.1.0-SNAPSHOT correlationId=27364bef-6fed-4209-98df-2239e3a26db9 c.m.m.s.i.c.CorrelationIdFilter - Request completed event="request_completed" correlationId="27364bef-6fed-4209-98df-2239e3a26db9" status="200"
[WebServer] 2026-09-06T09:46:22.048Z INFO  application=marketops-server environment=local buildVersion=0.1.0-SNAPSHOT correlationId=2322b23c-4820-4b2d-887e-226caf7160ab c.m.m.s.i.c.CorrelationIdFilter - Request completed event="request_completed" correlationId="2322b23c-4820-4b2d-887e-226caf7160ab" status="200"
[WebServer] 2026-09-06T09:46:22.069Z INFO  application=marketops-server environment=local buildVersion=0.1.0-SNAPSHOT correlationId=51d48f0c-799c-40cf-ae5d-91a9fdd3c230 c.m.m.a.i.a.JdbcMetadataAuditStore - Metadata change recorded event="metadata_change_recorded" sourceDomain="advertisingefficiency" entityType="advertising_manual_packet" entityId="844bd038-8e23-4738-abb8-8feb5f45656c" action="READ" actorId="660720d2-b51b-4f3f-b88c-c91215569e07" correlationId="51d48f0c-799c-40cf-ae5d-91a9fdd3c230"
[WebServer] 2026-09-06T09:46:22.103Z INFO  application=marketops-server environment=local buildVersion=0.1.0-SNAPSHOT correlationId=51d48f0c-799c-40cf-ae5d-91a9fdd3c230 c.m.m.s.i.c.CorrelationIdFilter - Request completed event="request_completed" correlationId="51d48f0c-799c-40cf-ae5d-91a9fdd3c230" status="200"
[WebServer] 2026-09-06T09:46:22.129Z INFO  application=marketops-server environment=local buildVersion=0.1.0-SNAPSHOT correlationId=42de7e35-5f2c-42ce-8d0b-50e1eeb40a66 c.m.m.s.i.c.CorrelationIdFilter - Request completed event="request_completed" correlationId="42de7e35-5f2c-42ce-8d0b-50e1eeb40a66" status="200"
[WebServer] 2026-09-06T09:46:22.168Z DEBUG application=marketops-server environment=local buildVersion=0.1.0-SNAPSHOT correlationId=81376982-9649-4d1a-b0e1-09defceb94ca c.m.m.s.i.c.CorrelationIdFilter - Inbound correlation identifier replaced event="correlation_identifier_replaced" correlationId="81376982-9649-4d1a-b0e1-09defceb94ca" rejectionCategory="MISSING"
[WebServer] 2026-09-06T09:46:22.177Z INFO  application=marketops-server environment=local buildVersion=0.1.0-SNAPSHOT correlationId=81376982-9649-4d1a-b0e1-09defceb94ca c.m.m.a.i.a.JdbcMetadataAuditStore - Metadata change recorded event="metadata_change_recorded" sourceDomain="advertisingefficiency" entityType="advertising_reservations" entityId="fff82d67-0a6f-4dbd-acd6-dfeaabd6cac0" action="READ" actorId="660720d2-b51b-4f3f-b88c-c91215569e07" correlationId="81376982-9649-4d1a-b0e1-09defceb94ca"
[WebServer] 2026-09-06T09:46:22.188Z INFO  application=marketops-server environment=local buildVersion=0.1.0-SNAPSHOT correlationId=81376982-9649-4d1a-b0e1-09defceb94ca c.m.m.s.i.c.CorrelationIdFilter - Request completed event="request_completed" correlationId="81376982-9649-4d1a-b0e1-09defceb94ca" status="200"
[WebServer] 2026-09-06T09:46:22.190Z DEBUG application=marketops-server environment=local buildVersion=0.1.0-SNAPSHOT correlationId=3bd92a2e-5c0e-4694-bcb1-c464c4652ebc c.m.m.s.i.c.CorrelationIdFilter - Inbound correlation identifier replaced event="correlation_identifier_replaced" correlationId="3bd92a2e-5c0e-4694-bcb1-c464c4652ebc" rejectionCategory="MISSING"
[WebServer] 2026-09-06T09:46:22.201Z INFO  application=marketops-server environment=local buildVersion=0.1.0-SNAPSHOT correlationId=3bd92a2e-5c0e-4694-bcb1-c464c4652ebc c.m.m.a.i.a.JdbcMetadataAuditStore - Metadata change recorded event="metadata_change_recorded" sourceDomain="advertisingefficiency" entityType="advertising_manual_packet" entityId="844bd038-8e23-4738-abb8-8feb5f45656c" action="READ" actorId="660720d2-b51b-4f3f-b88c-c91215569e07" correlationId="3bd92a2e-5c0e-4694-bcb1-c464c4652ebc"
[WebServer] 2026-09-06T09:46:22.234Z INFO  application=marketops-server environment=local buildVersion=0.1.0-SNAPSHOT correlationId=3bd92a2e-5c0e-4694-bcb1-c464c4652ebc c.m.m.s.i.c.CorrelationIdFilter - Request completed event="request_completed" correlationId="3bd92a2e-5c0e-4694-bcb1-c464c4652ebc" status="200"
[WebServer] 2026-09-06T09:46:22.388Z INFO  application=marketops-server environment=local buildVersion=0.1.0-SNAPSHOT correlationId=a16a5859-7402-4936-a540-ff27688b8953 c.m.m.s.i.c.CorrelationIdFilter - Request completed event="request_completed" correlationId="a16a5859-7402-4936-a540-ff27688b8953" status="200"
[WebServer] 2026-09-06T09:46:22.405Z INFO  application=marketops-server environment=local buildVersion=0.1.0-SNAPSHOT correlationId=72feb5af-24e0-41ed-a425-1cfd9792d0c9 c.m.m.a.i.a.JdbcMetadataAuditStore - Metadata change recorded event="metadata_change_recorded" sourceDomain="advertisingefficiency" entityType="advertising_manual_packet" entityId="844bd038-8e23-4738-abb8-8feb5f45656c" action="READ" actorId="660720d2-b51b-4f3f-b88c-c91215569e07" correlationId="72feb5af-24e0-41ed-a425-1cfd9792d0c9"
[WebServer] 2026-09-06T09:46:22.421Z INFO  application=marketops-server environment=local buildVersion=0.1.0-SNAPSHOT correlationId=d68f02f4-99ac-43fc-8e95-f8172326ad24 c.m.m.s.i.c.CorrelationIdFilter - Request completed event="request_completed" correlationId="d68f02f4-99ac-43fc-8e95-f8172326ad24" status="200"
[WebServer] 2026-09-06T09:46:22.442Z INFO  application=marketops-server environment=local buildVersion=0.1.0-SNAPSHOT correlationId=72feb5af-24e0-41ed-a425-1cfd9792d0c9 c.m.m.s.i.c.CorrelationIdFilter - Request completed event="request_completed" correlationId="72feb5af-24e0-41ed-a425-1cfd9792d0c9" status="200"
  ✓   4 tests/advertising-browser/governed-advertising.spec.ts:209:3 › WILDBERRIES actual governed manual path stays UNVERIFIED and requires an independent observer (7.9s)
[WebServer] 2026-09-06T09:46:24.475Z INFO  application=marketops-server environment=local buildVersion=0.1.0-SNAPSHOT correlationId=3a262b5c-13de-4620-8eed-ec84680e1503 c.m.m.a.i.a.JdbcMetadataAuditStore - Metadata change recorded event="metadata_change_recorded" sourceDomain="advertisingefficiency" entityType="advertising_reservations" entityId="cae4c500-3614-41d6-bbaa-e4c17cb62db9" action="READ" actorId="0ad97b1a-d91d-41bd-a698-6f258221cabf" correlationId="3a262b5c-13de-4620-8eed-ec84680e1503"
[WebServer] 2026-09-06T09:46:24.475Z INFO  application=marketops-server environment=local buildVersion=0.1.0-SNAPSHOT correlationId=0d5040a3-c84d-4e74-8414-5041b1affcad c.m.m.a.i.a.JdbcMetadataAuditStore - Metadata change recorded event="metadata_change_recorded" sourceDomain="advertisingefficiency" entityType="advertising_containments" entityId="cae4c500-3614-41d6-bbaa-e4c17cb62db9" action="READ" actorId="0ad97b1a-d91d-41bd-a698-6f258221cabf" correlationId="0d5040a3-c84d-4e74-8414-5041b1affcad"
[WebServer] 2026-09-06T09:46:24.476Z INFO  application=marketops-server environment=local buildVersion=0.1.0-SNAPSHOT correlationId=b6871741-c30d-498f-9a24-e6f389676245 c.m.m.s.i.e.ConsoleProblemAdvice - Console request refused event="console_request_refused" errorCode="RESOURCE_NOT_FOUND" correlationId="b6871741-c30d-498f-9a24-e6f389676245"
[WebServer] 2026-09-06T09:46:24.477Z INFO  application=marketops-server environment=local buildVersion=0.1.0-SNAPSHOT correlationId=b6871741-c30d-498f-9a24-e6f389676245 c.m.m.s.i.c.CorrelationIdFilter - Request completed event="request_completed" correlationId="b6871741-c30d-498f-9a24-e6f389676245" status="404"
[WebServer] 2026-09-06T09:46:24.479Z INFO  application=marketops-server environment=local buildVersion=0.1.0-SNAPSHOT correlationId=858a1d93-3b5e-4fd8-9d2c-562a1680e01c c.m.m.s.i.e.ConsoleProblemAdvice - Console request refused event="console_request_refused" errorCode="RESOURCE_SCOPE_DENIED" correlationId="858a1d93-3b5e-4fd8-9d2c-562a1680e01c"
[WebServer] 2026-09-06T09:46:24.479Z INFO  application=marketops-server environment=local buildVersion=0.1.0-SNAPSHOT correlationId=858a1d93-3b5e-4fd8-9d2c-562a1680e01c c.m.m.s.i.c.CorrelationIdFilter - Request completed event="request_completed" correlationId="858a1d93-3b5e-4fd8-9d2c-562a1680e01c" status="403"
[WebServer] 2026-09-06T09:46:24.482Z INFO  application=marketops-server environment=local buildVersion=0.1.0-SNAPSHOT correlationId=b2514a25-cbbd-487b-bfb6-523246a9de8f c.m.m.s.i.c.CorrelationIdFilter - Request completed event="request_completed" correlationId="b2514a25-cbbd-487b-bfb6-523246a9de8f" status="200"
[WebServer] 2026-09-06T09:46:24.484Z INFO  application=marketops-server environment=local buildVersion=0.1.0-SNAPSHOT correlationId=64510e95-ad11-4130-8b5b-0352e63b3d3d c.m.m.a.i.a.JdbcMetadataAuditStore - Metadata change recorded event="metadata_change_recorded" sourceDomain="availabilityrisk" entityType="availability_queue" entityId="cae4c500-3614-41d6-bbaa-e4c17cb62db9" action="READ" actorId="0ad97b1a-d91d-41bd-a698-6f258221cabf" correlationId="64510e95-ad11-4130-8b5b-0352e63b3d3d"
[WebServer] 2026-09-06T09:46:24.486Z INFO  application=marketops-server environment=local buildVersion=0.1.0-SNAPSHOT correlationId=64510e95-ad11-4130-8b5b-0352e63b3d3d c.m.m.s.i.c.CorrelationIdFilter - Request completed event="request_completed" correlationId="64510e95-ad11-4130-8b5b-0352e63b3d3d" status="200"
[WebServer] 2026-09-06T09:46:24.491Z INFO  application=marketops-server environment=local buildVersion=0.1.0-SNAPSHOT correlationId=0d5040a3-c84d-4e74-8414-5041b1affcad c.m.m.s.i.c.CorrelationIdFilter - Request completed event="request_completed" correlationId="0d5040a3-c84d-4e74-8414-5041b1affcad" status="200"
[WebServer] 2026-09-06T09:46:24.500Z INFO  application=marketops-server environment=local buildVersion=0.1.0-SNAPSHOT correlationId=f59a30f6-2569-4bc7-bf96-7db690a9aeac c.m.m.s.i.e.ConsoleProblemAdvice - Console request refused event="console_request_refused" errorCode="RESOURCE_SCOPE_DENIED" correlationId="f59a30f6-2569-4bc7-bf96-7db690a9aeac"
[WebServer] 2026-09-06T09:46:24.501Z INFO  application=marketops-server environment=local buildVersion=0.1.0-SNAPSHOT correlationId=f59a30f6-2569-4bc7-bf96-7db690a9aeac c.m.m.s.i.c.CorrelationIdFilter - Request completed event="request_completed" correlationId="f59a30f6-2569-4bc7-bf96-7db690a9aeac" status="403"
[WebServer] 2026-09-06T09:46:24.503Z INFO  application=marketops-server environment=local buildVersion=0.1.0-SNAPSHOT correlationId=7e911955-9eb5-41a3-bbda-5c0acd5b88a3 c.m.m.a.i.a.JdbcMetadataAuditStore - Metadata change recorded event="metadata_change_recorded" sourceDomain="advertisingefficiency" entityType="advertising_exposure" entityId="cae4c500-3614-41d6-bbaa-e4c17cb62db9" action="READ" actorId="0ad97b1a-d91d-41bd-a698-6f258221cabf" correlationId="7e911955-9eb5-41a3-bbda-5c0acd5b88a3"
[WebServer] 2026-09-06T09:46:24.505Z INFO  application=marketops-server environment=local buildVersion=0.1.0-SNAPSHOT correlationId=7e911955-9eb5-41a3-bbda-5c0acd5b88a3 c.m.m.s.i.c.CorrelationIdFilter - Request completed event="request_completed" correlationId="7e911955-9eb5-41a3-bbda-5c0acd5b88a3" status="200"
[WebServer] 2026-09-06T09:46:24.506Z INFO  application=marketops-server environment=local buildVersion=0.1.0-SNAPSHOT correlationId=3a262b5c-13de-4620-8eed-ec84680e1503 c.m.m.s.i.c.CorrelationIdFilter - Request completed event="request_completed" correlationId="3a262b5c-13de-4620-8eed-ec84680e1503" status="200"
[WebServer] 2026-09-06T09:46:24.508Z INFO  application=marketops-server environment=local buildVersion=0.1.0-SNAPSHOT correlationId=2a4ef218-1587-48f4-bcfc-15b18261d8fd c.m.m.a.i.a.JdbcMetadataAuditStore - Metadata change recorded event="metadata_change_recorded" sourceDomain="advertisingefficiency" entityType="advertising_queue" entityId="cae4c500-3614-41d6-bbaa-e4c17cb62db9" action="READ" actorId="0ad97b1a-d91d-41bd-a698-6f258221cabf" correlationId="2a4ef218-1587-48f4-bcfc-15b18261d8fd"
[WebServer] 2026-09-06T09:46:24.522Z INFO  application=marketops-server environment=local buildVersion=0.1.0-SNAPSHOT correlationId=0d30cf68-9a70-4698-af9c-446ece0a219a c.m.m.a.i.a.JdbcMetadataAuditStore - Metadata change recorded event="metadata_change_recorded" sourceDomain="advertisingefficiency" entityType="advertising_orchestration" entityId="cae4c500-3614-41d6-bbaa-e4c17cb62db9" action="READ" actorId="0ad97b1a-d91d-41bd-a698-6f258221cabf" correlationId="0d30cf68-9a70-4698-af9c-446ece0a219a"
[WebServer] 2026-09-06T09:46:24.524Z INFO  application=marketops-server environment=local buildVersion=0.1.0-SNAPSHOT correlationId=0d30cf68-9a70-4698-af9c-446ece0a219a c.m.m.s.i.c.CorrelationIdFilter - Request completed event="request_completed" correlationId="0d30cf68-9a70-4698-af9c-446ece0a219a" status="200"
[WebServer] 2026-09-06T09:46:24.542Z INFO  application=marketops-server environment=local buildVersion=0.1.0-SNAPSHOT correlationId=e5ac1aff-2971-4d19-85e0-8e4756bfd0d4 c.m.m.s.i.c.CorrelationIdFilter - Request completed event="request_completed" correlationId="e5ac1aff-2971-4d19-85e0-8e4756bfd0d4" status="200"
[WebServer] 2026-09-06T09:46:24.555Z INFO  application=marketops-server environment=local buildVersion=0.1.0-SNAPSHOT correlationId=2a4ef218-1587-48f4-bcfc-15b18261d8fd c.m.m.s.i.c.CorrelationIdFilter - Request completed event="request_completed" correlationId="2a4ef218-1587-48f4-bcfc-15b18261d8fd" status="200"
[WebServer] 2026-09-06T09:46:24.662Z INFO  application=marketops-server environment=local buildVersion=0.1.0-SNAPSHOT correlationId=c80795a3-ba21-4a56-89c9-bf589a398967 c.m.m.a.i.a.JdbcMetadataAuditStore - Metadata change recorded event="metadata_change_recorded" sourceDomain="advertisingefficiency" entityType="advertising_case" entityId="5484f52e-a629-48a8-b5b1-30308bc94f7a" action="READ" actorId="0ad97b1a-d91d-41bd-a698-6f258221cabf" correlationId="c80795a3-ba21-4a56-89c9-bf589a398967"
[WebServer] 2026-09-06T09:46:24.673Z INFO  application=marketops-server environment=local buildVersion=0.1.0-SNAPSHOT correlationId=c80795a3-ba21-4a56-89c9-bf589a398967 c.m.m.s.i.c.CorrelationIdFilter - Request completed event="request_completed" correlationId="c80795a3-ba21-4a56-89c9-bf589a398967" status="200"
[WebServer] 2026-09-06T09:46:24.700Z INFO  application=marketops-server environment=local buildVersion=0.1.0-SNAPSHOT correlationId=2b4dff2c-5b78-461a-8556-f976954c206e c.m.m.a.i.a.JdbcMetadataAuditStore - Metadata change recorded event="metadata_change_recorded" sourceDomain="advertisingefficiency" entityType="advertising_manual_packet" entityId="28408978-b4cb-458e-ab95-c360966117af" action="READ" actorId="0ad97b1a-d91d-41bd-a698-6f258221cabf" correlationId="2b4dff2c-5b78-461a-8556-f976954c206e"
[WebServer] 2026-09-06T09:46:24.701Z INFO  application=marketops-server environment=local buildVersion=0.1.0-SNAPSHOT correlationId=2b4dff2c-5b78-461a-8556-f976954c206e c.m.m.s.i.c.CorrelationIdFilter - Request completed event="request_completed" correlationId="2b4dff2c-5b78-461a-8556-f976954c206e" status="200"
[WebServer] 2026-09-06T09:46:24.720Z INFO  application=marketops-server environment=local buildVersion=0.1.0-SNAPSHOT correlationId=ed88bade-73e3-400f-9ac9-cc36889b9659 c.m.m.s.i.c.CorrelationIdFilter - Request completed event="request_completed" correlationId="ed88bade-73e3-400f-9ac9-cc36889b9659" status="200"
[WebServer] 2026-09-06T09:46:24.741Z INFO  application=marketops-server environment=local buildVersion=0.1.0-SNAPSHOT correlationId=795df63d-2d38-4307-9546-70a901f89b5d c.m.m.s.i.c.CorrelationIdFilter - Request completed event="request_completed" correlationId="795df63d-2d38-4307-9546-70a901f89b5d" status="200"
[WebServer] 2026-09-06T09:46:24.760Z INFO  application=marketops-server environment=local buildVersion=0.1.0-SNAPSHOT correlationId=71946588-bb98-4753-9389-9d0518d6ba58 c.m.m.s.i.c.CorrelationIdFilter - Request completed event="request_completed" correlationId="71946588-bb98-4753-9389-9d0518d6ba58" status="200"
[WebServer] 2026-09-06T09:46:24.763Z INFO  application=marketops-server environment=local buildVersion=0.1.0-SNAPSHOT correlationId=8a70d6ff-2c39-44e6-907d-b6436d189efd c.m.m.a.i.a.JdbcMetadataAuditStore - Metadata change recorded event="metadata_change_recorded" sourceDomain="advertisingefficiency" entityType="advertising_command" entityId="ed984837-fd77-451f-8a89-72625dd01ba5" action="READ" actorId="0ad97b1a-d91d-41bd-a698-6f258221cabf" correlationId="8a70d6ff-2c39-44e6-907d-b6436d189efd"
[WebServer] 2026-09-06T09:46:24.773Z INFO  application=marketops-server environment=local buildVersion=0.1.0-SNAPSHOT correlationId=8a70d6ff-2c39-44e6-907d-b6436d189efd c.m.m.s.i.c.CorrelationIdFilter - Request completed event="request_completed" correlationId="8a70d6ff-2c39-44e6-907d-b6436d189efd" status="200"
[WebServer] 2026-09-06T09:46:24.791Z INFO  application=marketops-server environment=local buildVersion=0.1.0-SNAPSHOT correlationId=c22c1d90-674a-4b07-bd4c-c9affd598235 c.m.m.s.i.c.CorrelationIdFilter - Request completed event="request_completed" correlationId="c22c1d90-674a-4b07-bd4c-c9affd598235" status="200"
[WebServer] 2026-09-06T09:46:24.792Z INFO  application=marketops-server environment=local buildVersion=0.1.0-SNAPSHOT correlationId=91e701de-711d-4a9b-900f-29ca8fc7b3c4 c.m.m.a.i.a.JdbcMetadataAuditStore - Metadata change recorded event="metadata_change_recorded" sourceDomain="advertisingefficiency" entityType="advertising_outcome" entityId="ed984837-fd77-451f-8a89-72625dd01ba5" action="READ" actorId="0ad97b1a-d91d-41bd-a698-6f258221cabf" correlationId="91e701de-711d-4a9b-900f-29ca8fc7b3c4"
[WebServer] 2026-09-06T09:46:24.793Z INFO  application=marketops-server environment=local buildVersion=0.1.0-SNAPSHOT correlationId=91e701de-711d-4a9b-900f-29ca8fc7b3c4 c.m.m.s.i.c.CorrelationIdFilter - Request completed event="request_completed" correlationId="91e701de-711d-4a9b-900f-29ca8fc7b3c4" status="200"
[WebServer] 2026-09-06T09:46:24.866Z INFO  application=marketops-server environment=local buildVersion=0.1.0-SNAPSHOT correlationId=510b54a5-e343-4998-84ef-18a8c5cd4c49 c.m.m.a.i.a.JdbcMetadataAuditStore - Metadata change recorded event="metadata_change_recorded" sourceDomain="advertisingefficiency" entityType="advertising_reservations" entityId="cae4c500-3614-41d6-bbaa-e4c17cb62db9" action="READ" actorId="0ad97b1a-d91d-41bd-a698-6f258221cabf" correlationId="510b54a5-e343-4998-84ef-18a8c5cd4c49"
[WebServer] 2026-09-06T09:46:24.866Z INFO  application=marketops-server environment=local buildVersion=0.1.0-SNAPSHOT correlationId=2dcf37df-61b3-453b-a2f6-34662fdf721e c.m.m.a.i.a.JdbcMetadataAuditStore - Metadata change recorded event="metadata_change_recorded" sourceDomain="advertisingefficiency" entityType="advertising_containments" entityId="cae4c500-3614-41d6-bbaa-e4c17cb62db9" action="READ" actorId="0ad97b1a-d91d-41bd-a698-6f258221cabf" correlationId="2dcf37df-61b3-453b-a2f6-34662fdf721e"
[WebServer] 2026-09-06T09:46:24.867Z INFO  application=marketops-server environment=local buildVersion=0.1.0-SNAPSHOT correlationId=172b77af-483d-4bb7-a464-67d910dea54c c.m.m.s.i.e.ConsoleProblemAdvice - Console request refused event="console_request_refused" errorCode="RESOURCE_NOT_FOUND" correlationId="172b77af-483d-4bb7-a464-67d910dea54c"
[WebServer] 2026-09-06T09:46:24.867Z INFO  application=marketops-server environment=local buildVersion=0.1.0-SNAPSHOT correlationId=172b77af-483d-4bb7-a464-67d910dea54c c.m.m.s.i.c.CorrelationIdFilter - Request completed event="request_completed" correlationId="172b77af-483d-4bb7-a464-67d910dea54c" status="404"
[WebServer] 2026-09-06T09:46:24.869Z INFO  application=marketops-server environment=local buildVersion=0.1.0-SNAPSHOT correlationId=f17f620f-7ae6-47bc-ac59-470ca7087a4a c.m.m.s.i.e.ConsoleProblemAdvice - Console request refused event="console_request_refused" errorCode="RESOURCE_SCOPE_DENIED" correlationId="f17f620f-7ae6-47bc-ac59-470ca7087a4a"
[WebServer] 2026-09-06T09:46:24.870Z INFO  application=marketops-server environment=local buildVersion=0.1.0-SNAPSHOT correlationId=f17f620f-7ae6-47bc-ac59-470ca7087a4a c.m.m.s.i.c.CorrelationIdFilter - Request completed event="request_completed" correlationId="f17f620f-7ae6-47bc-ac59-470ca7087a4a" status="403"
[WebServer] 2026-09-06T09:46:24.872Z INFO  application=marketops-server environment=local buildVersion=0.1.0-SNAPSHOT correlationId=c340a290-97a7-4dfd-b5d5-f40fa3cd641b c.m.m.a.i.a.JdbcMetadataAuditStore - Metadata change recorded event="metadata_change_recorded" sourceDomain="availabilityrisk" entityType="availability_queue" entityId="cae4c500-3614-41d6-bbaa-e4c17cb62db9" action="READ" actorId="0ad97b1a-d91d-41bd-a698-6f258221cabf" correlationId="c340a290-97a7-4dfd-b5d5-f40fa3cd641b"
[WebServer] 2026-09-06T09:46:24.873Z INFO  application=marketops-server environment=local buildVersion=0.1.0-SNAPSHOT correlationId=2dcf37df-61b3-453b-a2f6-34662fdf721e c.m.m.s.i.c.CorrelationIdFilter - Request completed event="request_completed" correlationId="2dcf37df-61b3-453b-a2f6-34662fdf721e" status="200"
[WebServer] 2026-09-06T09:46:24.874Z INFO  application=marketops-server environment=local buildVersion=0.1.0-SNAPSHOT correlationId=c340a290-97a7-4dfd-b5d5-f40fa3cd641b c.m.m.s.i.c.CorrelationIdFilter - Request completed event="request_completed" correlationId="c340a290-97a7-4dfd-b5d5-f40fa3cd641b" status="200"
[WebServer] 2026-09-06T09:46:24.881Z INFO  application=marketops-server environment=local buildVersion=0.1.0-SNAPSHOT correlationId=59b99eb8-1e04-4928-b935-8fd4baee3398 c.m.m.s.i.e.ConsoleProblemAdvice - Console request refused event="console_request_refused" errorCode="RESOURCE_SCOPE_DENIED" correlationId="59b99eb8-1e04-4928-b935-8fd4baee3398"
[WebServer] 2026-09-06T09:46:24.882Z INFO  application=marketops-server environment=local buildVersion=0.1.0-SNAPSHOT correlationId=59b99eb8-1e04-4928-b935-8fd4baee3398 c.m.m.s.i.c.CorrelationIdFilter - Request completed event="request_completed" correlationId="59b99eb8-1e04-4928-b935-8fd4baee3398" status="403"
[WebServer] 2026-09-06T09:46:24.886Z INFO  application=marketops-server environment=local buildVersion=0.1.0-SNAPSHOT correlationId=096dc694-260d-4311-99a1-427191ceb7bb c.m.m.a.i.a.JdbcMetadataAuditStore - Metadata change recorded event="metadata_change_recorded" sourceDomain="advertisingefficiency" entityType="advertising_exposure" entityId="cae4c500-3614-41d6-bbaa-e4c17cb62db9" action="READ" actorId="0ad97b1a-d91d-41bd-a698-6f258221cabf" correlationId="096dc694-260d-4311-99a1-427191ceb7bb"
[WebServer] 2026-09-06T09:46:24.887Z INFO  application=marketops-server environment=local buildVersion=0.1.0-SNAPSHOT correlationId=096dc694-260d-4311-99a1-427191ceb7bb c.m.m.s.i.c.CorrelationIdFilter - Request completed event="request_completed" correlationId="096dc694-260d-4311-99a1-427191ceb7bb" status="200"
[WebServer] 2026-09-06T09:46:24.888Z INFO  application=marketops-server environment=local buildVersion=0.1.0-SNAPSHOT correlationId=510b54a5-e343-4998-84ef-18a8c5cd4c49 c.m.m.s.i.c.CorrelationIdFilter - Request completed event="request_completed" correlationId="510b54a5-e343-4998-84ef-18a8c5cd4c49" status="200"
[WebServer] 2026-09-06T09:46:24.889Z INFO  application=marketops-server environment=local buildVersion=0.1.0-SNAPSHOT correlationId=1726a5cd-ce17-4329-9e46-2a772c2c2477 c.m.m.a.i.a.JdbcMetadataAuditStore - Metadata change recorded event="metadata_change_recorded" sourceDomain="advertisingefficiency" entityType="advertising_queue" entityId="cae4c500-3614-41d6-bbaa-e4c17cb62db9" action="READ" actorId="0ad97b1a-d91d-41bd-a698-6f258221cabf" correlationId="1726a5cd-ce17-4329-9e46-2a772c2c2477"
[WebServer] 2026-09-06T09:46:24.899Z INFO  application=marketops-server environment=local buildVersion=0.1.0-SNAPSHOT correlationId=211a7f14-af8e-40b8-b88e-5668574d3dce c.m.m.a.i.a.JdbcMetadataAuditStore - Metadata change recorded event="metadata_change_recorded" sourceDomain="advertisingefficiency" entityType="advertising_orchestration" entityId="cae4c500-3614-41d6-bbaa-e4c17cb62db9" action="READ" actorId="0ad97b1a-d91d-41bd-a698-6f258221cabf" correlationId="211a7f14-af8e-40b8-b88e-5668574d3dce"
[WebServer] 2026-09-06T09:46:24.901Z INFO  application=marketops-server environment=local buildVersion=0.1.0-SNAPSHOT correlationId=211a7f14-af8e-40b8-b88e-5668574d3dce c.m.m.s.i.c.CorrelationIdFilter - Request completed event="request_completed" correlationId="211a7f14-af8e-40b8-b88e-5668574d3dce" status="200"
[WebServer] 2026-09-06T09:46:24.928Z INFO  application=marketops-server environment=local buildVersion=0.1.0-SNAPSHOT correlationId=1726a5cd-ce17-4329-9e46-2a772c2c2477 c.m.m.s.i.c.CorrelationIdFilter - Request completed event="request_completed" correlationId="1726a5cd-ce17-4329-9e46-2a772c2c2477" status="200"
[WebServer] 2026-09-06T09:46:24.969Z INFO  application=marketops-server environment=local buildVersion=0.1.0-SNAPSHOT correlationId=7a18dd2d-2d41-4468-80cc-1e5e374a2337 c.m.m.a.i.a.JdbcMetadataAuditStore - Metadata change recorded event="metadata_change_recorded" sourceDomain="advertisingefficiency" entityType="advertising_case" entityId="5484f52e-a629-48a8-b5b1-30308bc94f7a" action="READ" actorId="0ad97b1a-d91d-41bd-a698-6f258221cabf" correlationId="7a18dd2d-2d41-4468-80cc-1e5e374a2337"
[WebServer] 2026-09-06T09:46:24.978Z INFO  application=marketops-server environment=local buildVersion=0.1.0-SNAPSHOT correlationId=7a18dd2d-2d41-4468-80cc-1e5e374a2337 c.m.m.s.i.c.CorrelationIdFilter - Request completed event="request_completed" correlationId="7a18dd2d-2d41-4468-80cc-1e5e374a2337" status="200"
[WebServer] 2026-09-06T09:46:24.990Z INFO  application=marketops-server environment=local buildVersion=0.1.0-SNAPSHOT correlationId=004abca7-096d-436d-af95-112e40e8796e c.m.m.a.i.a.JdbcMetadataAuditStore - Metadata change recorded event="metadata_change_recorded" sourceDomain="advertisingefficiency" entityType="advertising_manual_packet" entityId="28408978-b4cb-458e-ab95-c360966117af" action="READ" actorId="0ad97b1a-d91d-41bd-a698-6f258221cabf" correlationId="004abca7-096d-436d-af95-112e40e8796e"
[WebServer] 2026-09-06T09:46:24.991Z INFO  application=marketops-server environment=local buildVersion=0.1.0-SNAPSHOT correlationId=004abca7-096d-436d-af95-112e40e8796e c.m.m.s.i.c.CorrelationIdFilter - Request completed event="request_completed" correlationId="004abca7-096d-436d-af95-112e40e8796e" status="200"
[WebServer] 2026-09-06T09:46:25.010Z INFO  application=marketops-server environment=local buildVersion=0.1.0-SNAPSHOT correlationId=199a5e50-a95f-482e-9f87-24b7a2db5018 c.m.m.s.i.c.CorrelationIdFilter - Request completed event="request_completed" correlationId="199a5e50-a95f-482e-9f87-24b7a2db5018" status="200"
[WebServer] 2026-09-06T09:46:25.029Z INFO  application=marketops-server environment=local buildVersion=0.1.0-SNAPSHOT correlationId=a85ca135-513c-4466-b78d-5a59a452227c c.m.m.s.i.c.CorrelationIdFilter - Request completed event="request_completed" correlationId="a85ca135-513c-4466-b78d-5a59a452227c" status="200"
[WebServer] 2026-09-06T09:46:25.053Z INFO  application=marketops-server environment=local buildVersion=0.1.0-SNAPSHOT correlationId=104ea7a6-a2c3-4ad2-9b7a-8214000a0bbd c.m.m.s.i.c.CorrelationIdFilter - Request completed event="request_completed" correlationId="104ea7a6-a2c3-4ad2-9b7a-8214000a0bbd" status="200"
[WebServer] 2026-09-06T09:46:25.055Z INFO  application=marketops-server environment=local buildVersion=0.1.0-SNAPSHOT correlationId=1f353b7e-9735-4013-a802-4f29bacff02e c.m.m.a.i.a.JdbcMetadataAuditStore - Metadata change recorded event="metadata_change_recorded" sourceDomain="advertisingefficiency" entityType="advertising_command" entityId="ed984837-fd77-451f-8a89-72625dd01ba5" action="READ" actorId="0ad97b1a-d91d-41bd-a698-6f258221cabf" correlationId="1f353b7e-9735-4013-a802-4f29bacff02e"
[WebServer] 2026-09-06T09:46:25.070Z INFO  application=marketops-server environment=local buildVersion=0.1.0-SNAPSHOT correlationId=1f353b7e-9735-4013-a802-4f29bacff02e c.m.m.s.i.c.CorrelationIdFilter - Request completed event="request_completed" correlationId="1f353b7e-9735-4013-a802-4f29bacff02e" status="200"
[WebServer] 2026-09-06T09:46:25.152Z INFO  application=marketops-server environment=local buildVersion=0.1.0-SNAPSHOT correlationId=40fc9a21-dee4-4409-a528-4ef5d4ec6b19 c.m.m.s.i.c.CorrelationIdFilter - Request completed event="request_completed" correlationId="40fc9a21-dee4-4409-a528-4ef5d4ec6b19" status="200"
[WebServer] 2026-09-06T09:46:25.156Z INFO  application=marketops-server environment=local buildVersion=0.1.0-SNAPSHOT correlationId=0d822018-109f-4966-bbd9-dc85b68dd301 c.m.m.a.i.a.JdbcMetadataAuditStore - Metadata change recorded event="metadata_change_recorded" sourceDomain="advertisingefficiency" entityType="advertising_outcome" entityId="ed984837-fd77-451f-8a89-72625dd01ba5" action="READ" actorId="0ad97b1a-d91d-41bd-a698-6f258221cabf" correlationId="0d822018-109f-4966-bbd9-dc85b68dd301"
[WebServer] 2026-09-06T09:46:25.158Z INFO  application=marketops-server environment=local buildVersion=0.1.0-SNAPSHOT correlationId=0d822018-109f-4966-bbd9-dc85b68dd301 c.m.m.s.i.c.CorrelationIdFilter - Request completed event="request_completed" correlationId="0d822018-109f-4966-bbd9-dc85b68dd301" status="200"
[WebServer] 2026-09-06T09:46:25.167Z INFO  application=marketops-server environment=local buildVersion=0.1.0-SNAPSHOT correlationId=4f6003f9-7381-4aad-a2fd-3a197f932267 c.m.m.a.i.a.JdbcMetadataAuditStore - Metadata change recorded event="metadata_change_recorded" sourceDomain="advertisingefficiency" entityType="advertising_reservations" entityId="cae4c500-3614-41d6-bbaa-e4c17cb62db9" action="READ" actorId="0ad97b1a-d91d-41bd-a698-6f258221cabf" correlationId="4f6003f9-7381-4aad-a2fd-3a197f932267"
[WebServer] 2026-09-06T09:46:25.167Z INFO  application=marketops-server environment=local buildVersion=0.1.0-SNAPSHOT correlationId=dfb97cb6-4e73-4658-80e2-ada31cc4a0a8 c.m.m.a.i.a.JdbcMetadataAuditStore - Metadata change recorded event="metadata_change_recorded" sourceDomain="advertisingefficiency" entityType="advertising_containments" entityId="cae4c500-3614-41d6-bbaa-e4c17cb62db9" action="READ" actorId="0ad97b1a-d91d-41bd-a698-6f258221cabf" correlationId="dfb97cb6-4e73-4658-80e2-ada31cc4a0a8"
[WebServer] 2026-09-06T09:46:25.169Z INFO  application=marketops-server environment=local buildVersion=0.1.0-SNAPSHOT correlationId=eb573a37-6f01-4e4d-af4e-90f9804a5b94 c.m.m.s.i.e.ConsoleProblemAdvice - Console request refused event="console_request_refused" errorCode="RESOURCE_SCOPE_DENIED" correlationId="eb573a37-6f01-4e4d-af4e-90f9804a5b94"
[WebServer] 2026-09-06T09:46:25.169Z INFO  application=marketops-server environment=local buildVersion=0.1.0-SNAPSHOT correlationId=eb573a37-6f01-4e4d-af4e-90f9804a5b94 c.m.m.s.i.c.CorrelationIdFilter - Request completed event="request_completed" correlationId="eb573a37-6f01-4e4d-af4e-90f9804a5b94" status="403"
[WebServer] 2026-09-06T09:46:25.171Z INFO  application=marketops-server environment=local buildVersion=0.1.0-SNAPSHOT correlationId=7885673a-5b84-4080-9ca2-e8b791e8a487 c.m.m.s.i.e.ConsoleProblemAdvice - Console request refused event="console_request_refused" errorCode="RESOURCE_NOT_FOUND" correlationId="7885673a-5b84-4080-9ca2-e8b791e8a487"
[WebServer] 2026-09-06T09:46:25.171Z INFO  application=marketops-server environment=local buildVersion=0.1.0-SNAPSHOT correlationId=7885673a-5b84-4080-9ca2-e8b791e8a487 c.m.m.s.i.c.CorrelationIdFilter - Request completed event="request_completed" correlationId="7885673a-5b84-4080-9ca2-e8b791e8a487" status="404"
[WebServer] 2026-09-06T09:46:25.173Z INFO  application=marketops-server environment=local buildVersion=0.1.0-SNAPSHOT correlationId=841c3168-4725-44e1-a982-73409fee1459 c.m.m.a.i.a.JdbcMetadataAuditStore - Metadata change recorded event="metadata_change_recorded" sourceDomain="availabilityrisk" entityType="availability_queue" entityId="cae4c500-3614-41d6-bbaa-e4c17cb62db9" action="READ" actorId="0ad97b1a-d91d-41bd-a698-6f258221cabf" correlationId="841c3168-4725-44e1-a982-73409fee1459"
[WebServer] 2026-09-06T09:46:25.174Z INFO  application=marketops-server environment=local buildVersion=0.1.0-SNAPSHOT correlationId=841c3168-4725-44e1-a982-73409fee1459 c.m.m.s.i.c.CorrelationIdFilter - Request completed event="request_completed" correlationId="841c3168-4725-44e1-a982-73409fee1459" status="200"
[WebServer] 2026-09-06T09:46:25.175Z INFO  application=marketops-server environment=local buildVersion=0.1.0-SNAPSHOT correlationId=dfb97cb6-4e73-4658-80e2-ada31cc4a0a8 c.m.m.s.i.c.CorrelationIdFilter - Request completed event="request_completed" correlationId="dfb97cb6-4e73-4658-80e2-ada31cc4a0a8" status="200"
[WebServer] 2026-09-06T09:46:25.182Z INFO  application=marketops-server environment=local buildVersion=0.1.0-SNAPSHOT correlationId=caacef20-fe26-478c-be97-fcc248a44f6d c.m.m.s.i.e.ConsoleProblemAdvice - Console request refused event="console_request_refused" errorCode="RESOURCE_SCOPE_DENIED" correlationId="caacef20-fe26-478c-be97-fcc248a44f6d"
[WebServer] 2026-09-06T09:46:25.182Z INFO  application=marketops-server environment=local buildVersion=0.1.0-SNAPSHOT correlationId=caacef20-fe26-478c-be97-fcc248a44f6d c.m.m.s.i.c.CorrelationIdFilter - Request completed event="request_completed" correlationId="caacef20-fe26-478c-be97-fcc248a44f6d" status="403"
[WebServer] 2026-09-06T09:46:25.188Z INFO  application=marketops-server environment=local buildVersion=0.1.0-SNAPSHOT correlationId=c26df1a0-fd9f-4b02-811a-56b72b822f5c c.m.m.a.i.a.JdbcMetadataAuditStore - Metadata change recorded event="metadata_change_recorded" sourceDomain="advertisingefficiency" entityType="advertising_exposure" entityId="cae4c500-3614-41d6-bbaa-e4c17cb62db9" action="READ" actorId="0ad97b1a-d91d-41bd-a698-6f258221cabf" correlationId="c26df1a0-fd9f-4b02-811a-56b72b822f5c"
[WebServer] 2026-09-06T09:46:25.188Z INFO  application=marketops-server environment=local buildVersion=0.1.0-SNAPSHOT correlationId=1bf585d6-d096-4d42-9667-3ac0c8c8521a c.m.m.a.i.a.JdbcMetadataAuditStore - Metadata change recorded event="metadata_change_recorded" sourceDomain="advertisingefficiency" entityType="advertising_queue" entityId="cae4c500-3614-41d6-bbaa-e4c17cb62db9" action="READ" actorId="0ad97b1a-d91d-41bd-a698-6f258221cabf" correlationId="1bf585d6-d096-4d42-9667-3ac0c8c8521a"
[WebServer] 2026-09-06T09:46:25.188Z INFO  application=marketops-server environment=local buildVersion=0.1.0-SNAPSHOT correlationId=4f6003f9-7381-4aad-a2fd-3a197f932267 c.m.m.s.i.c.CorrelationIdFilter - Request completed event="request_completed" correlationId="4f6003f9-7381-4aad-a2fd-3a197f932267" status="200"
[WebServer] 2026-09-06T09:46:25.189Z INFO  application=marketops-server environment=local buildVersion=0.1.0-SNAPSHOT correlationId=c26df1a0-fd9f-4b02-811a-56b72b822f5c c.m.m.s.i.c.CorrelationIdFilter - Request completed event="request_completed" correlationId="c26df1a0-fd9f-4b02-811a-56b72b822f5c" status="200"
[WebServer] 2026-09-06T09:46:25.201Z INFO  application=marketops-server environment=local buildVersion=0.1.0-SNAPSHOT correlationId=41605b0e-96b3-451a-83e0-92a38129e5d2 c.m.m.a.i.a.JdbcMetadataAuditStore - Metadata change recorded event="metadata_change_recorded" sourceDomain="advertisingefficiency" entityType="advertising_orchestration" entityId="cae4c500-3614-41d6-bbaa-e4c17cb62db9" action="READ" actorId="0ad97b1a-d91d-41bd-a698-6f258221cabf" correlationId="41605b0e-96b3-451a-83e0-92a38129e5d2"
[WebServer] 2026-09-06T09:46:25.202Z INFO  application=marketops-server environment=local buildVersion=0.1.0-SNAPSHOT correlationId=41605b0e-96b3-451a-83e0-92a38129e5d2 c.m.m.s.i.c.CorrelationIdFilter - Request completed event="request_completed" correlationId="41605b0e-96b3-451a-83e0-92a38129e5d2" status="200"
[WebServer] 2026-09-06T09:46:25.227Z INFO  application=marketops-server environment=local buildVersion=0.1.0-SNAPSHOT correlationId=1bf585d6-d096-4d42-9667-3ac0c8c8521a c.m.m.s.i.c.CorrelationIdFilter - Request completed event="request_completed" correlationId="1bf585d6-d096-4d42-9667-3ac0c8c8521a" status="200"
[WebServer] 2026-09-06T09:46:25.269Z INFO  application=marketops-server environment=local buildVersion=0.1.0-SNAPSHOT correlationId=e15782e0-d516-4ab5-bca6-031cff0ea50e c.m.m.a.i.a.JdbcMetadataAuditStore - Metadata change recorded event="metadata_change_recorded" sourceDomain="advertisingefficiency" entityType="advertising_case" entityId="8361bbc6-f146-469e-a7cd-7c73b49774f4" action="READ" actorId="0ad97b1a-d91d-41bd-a698-6f258221cabf" correlationId="e15782e0-d516-4ab5-bca6-031cff0ea50e"
[WebServer] 2026-09-06T09:46:25.278Z INFO  application=marketops-server environment=local buildVersion=0.1.0-SNAPSHOT correlationId=e15782e0-d516-4ab5-bca6-031cff0ea50e c.m.m.s.i.c.CorrelationIdFilter - Request completed event="request_completed" correlationId="e15782e0-d516-4ab5-bca6-031cff0ea50e" status="200"
[WebServer] 2026-09-06T09:46:25.290Z INFO  application=marketops-server environment=local buildVersion=0.1.0-SNAPSHOT correlationId=417cf24b-6668-472d-ba34-eee069387e6c c.m.m.a.i.a.JdbcMetadataAuditStore - Metadata change recorded event="metadata_change_recorded" sourceDomain="advertisingefficiency" entityType="advertising_manual_packet" entityId="27240c5b-1828-48b4-8cda-7d486d67b7f2" action="READ" actorId="0ad97b1a-d91d-41bd-a698-6f258221cabf" correlationId="417cf24b-6668-472d-ba34-eee069387e6c"
[WebServer] 2026-09-06T09:46:25.291Z INFO  application=marketops-server environment=local buildVersion=0.1.0-SNAPSHOT correlationId=417cf24b-6668-472d-ba34-eee069387e6c c.m.m.s.i.c.CorrelationIdFilter - Request completed event="request_completed" correlationId="417cf24b-6668-472d-ba34-eee069387e6c" status="200"
[WebServer] 2026-09-06T09:46:25.308Z INFO  application=marketops-server environment=local buildVersion=0.1.0-SNAPSHOT correlationId=f4fdc974-4a7c-4112-9ef6-ab0c7d7cee56 c.m.m.s.i.c.CorrelationIdFilter - Request completed event="request_completed" correlationId="f4fdc974-4a7c-4112-9ef6-ab0c7d7cee56" status="200"
[WebServer] 2026-09-06T09:46:25.310Z INFO  application=marketops-server environment=local buildVersion=0.1.0-SNAPSHOT correlationId=022d1500-d9d2-41da-af3b-f3a31682ce6e c.m.m.s.i.c.CorrelationIdFilter - Request completed event="request_completed" correlationId="022d1500-d9d2-41da-af3b-f3a31682ce6e" status="200"
[WebServer] 2026-09-06T09:46:25.325Z INFO  application=marketops-server environment=local buildVersion=0.1.0-SNAPSHOT correlationId=661f1102-242d-4200-bdb6-bc71e8891672 c.m.m.s.i.c.CorrelationIdFilter - Request completed event="request_completed" correlationId="661f1102-242d-4200-bdb6-bc71e8891672" status="200"
[WebServer] 2026-09-06T09:46:25.339Z DEBUG application=marketops-server environment=local buildVersion=0.1.0-SNAPSHOT correlationId=7dcdf341-4cf5-4056-a05a-e30c4602fab6 c.m.m.s.i.c.CorrelationIdFilter - Inbound correlation identifier replaced event="correlation_identifier_replaced" correlationId="7dcdf341-4cf5-4056-a05a-e30c4602fab6" rejectionCategory="MISSING"
[WebServer] 2026-09-06T09:46:25.365Z INFO  application=marketops-server environment=local buildVersion=0.1.0-SNAPSHOT correlationId=7dcdf341-4cf5-4056-a05a-e30c4602fab6 c.m.m.s.i.c.CorrelationIdFilter - Request completed event="request_completed" correlationId="7dcdf341-4cf5-4056-a05a-e30c4602fab6" status="200"
[WebServer] 2026-09-06T09:46:25.501Z INFO  application=marketops-server environment=local buildVersion=0.1.0-SNAPSHOT correlationId=ac5551e1-3335-4de5-aa9a-ffd86bd9c206 c.m.m.a.i.a.JdbcMetadataAuditStore - Metadata change recorded event="metadata_change_recorded" sourceDomain="advertisingefficiency" entityType="advertising_reservations" entityId="cae4c500-3614-41d6-bbaa-e4c17cb62db9" action="READ" actorId="0ad97b1a-d91d-41bd-a698-6f258221cabf" correlationId="ac5551e1-3335-4de5-aa9a-ffd86bd9c206"
[WebServer] 2026-09-06T09:46:25.502Z INFO  application=marketops-server environment=local buildVersion=0.1.0-SNAPSHOT correlationId=20167c51-cc87-4454-9ea0-b06f8343948c c.m.m.s.i.e.ConsoleProblemAdvice - Console request refused event="console_request_refused" errorCode="RESOURCE_NOT_FOUND" correlationId="20167c51-cc87-4454-9ea0-b06f8343948c"
[WebServer] 2026-09-06T09:46:25.502Z INFO  application=marketops-server environment=local buildVersion=0.1.0-SNAPSHOT correlationId=495513cd-c7b7-4dff-bdb9-e9dd4ab18dbc c.m.m.a.i.a.JdbcMetadataAuditStore - Metadata change recorded event="metadata_change_recorded" sourceDomain="advertisingefficiency" entityType="advertising_containments" entityId="cae4c500-3614-41d6-bbaa-e4c17cb62db9" action="READ" actorId="0ad97b1a-d91d-41bd-a698-6f258221cabf" correlationId="495513cd-c7b7-4dff-bdb9-e9dd4ab18dbc"
[WebServer] 2026-09-06T09:46:25.502Z INFO  application=marketops-server environment=local buildVersion=0.1.0-SNAPSHOT correlationId=20167c51-cc87-4454-9ea0-b06f8343948c c.m.m.s.i.c.CorrelationIdFilter - Request completed event="request_completed" correlationId="20167c51-cc87-4454-9ea0-b06f8343948c" status="404"
[WebServer] 2026-09-06T09:46:25.504Z INFO  application=marketops-server environment=local buildVersion=0.1.0-SNAPSHOT correlationId=714f5af3-c698-4a6f-9304-2c9a4e25fb41 c.m.m.s.i.e.ConsoleProblemAdvice - Console request refused event="console_request_refused" errorCode="RESOURCE_SCOPE_DENIED" correlationId="714f5af3-c698-4a6f-9304-2c9a4e25fb41"
[WebServer] 2026-09-06T09:46:25.504Z INFO  application=marketops-server environment=local buildVersion=0.1.0-SNAPSHOT correlationId=714f5af3-c698-4a6f-9304-2c9a4e25fb41 c.m.m.s.i.c.CorrelationIdFilter - Request completed event="request_completed" correlationId="714f5af3-c698-4a6f-9304-2c9a4e25fb41" status="403"
[WebServer] 2026-09-06T09:46:25.506Z INFO  application=marketops-server environment=local buildVersion=0.1.0-SNAPSHOT correlationId=9cf2b603-a943-4575-a87a-3b7304f74b4e c.m.m.a.i.a.JdbcMetadataAuditStore - Metadata change recorded event="metadata_change_recorded" sourceDomain="availabilityrisk" entityType="availability_queue" entityId="cae4c500-3614-41d6-bbaa-e4c17cb62db9" action="READ" actorId="0ad97b1a-d91d-41bd-a698-6f258221cabf" correlationId="9cf2b603-a943-4575-a87a-3b7304f74b4e"
[WebServer] 2026-09-06T09:46:25.509Z INFO  application=marketops-server environment=local buildVersion=0.1.0-SNAPSHOT correlationId=9cf2b603-a943-4575-a87a-3b7304f74b4e c.m.m.s.i.c.CorrelationIdFilter - Request completed event="request_completed" correlationId="9cf2b603-a943-4575-a87a-3b7304f74b4e" status="200"
[WebServer] 2026-09-06T09:46:25.509Z INFO  application=marketops-server environment=local buildVersion=0.1.0-SNAPSHOT correlationId=495513cd-c7b7-4dff-bdb9-e9dd4ab18dbc c.m.m.s.i.c.CorrelationIdFilter - Request completed event="request_completed" correlationId="495513cd-c7b7-4dff-bdb9-e9dd4ab18dbc" status="200"
[WebServer] 2026-09-06T09:46:25.515Z INFO  application=marketops-server environment=local buildVersion=0.1.0-SNAPSHOT correlationId=b11bf117-98be-4d24-89c2-7cf4f7b80b64 c.m.m.s.i.e.ConsoleProblemAdvice - Console request refused event="console_request_refused" errorCode="RESOURCE_SCOPE_DENIED" correlationId="b11bf117-98be-4d24-89c2-7cf4f7b80b64"
[WebServer] 2026-09-06T09:46:25.516Z INFO  application=marketops-server environment=local buildVersion=0.1.0-SNAPSHOT correlationId=b11bf117-98be-4d24-89c2-7cf4f7b80b64 c.m.m.s.i.c.CorrelationIdFilter - Request completed event="request_completed" correlationId="b11bf117-98be-4d24-89c2-7cf4f7b80b64" status="403"
[WebServer] 2026-09-06T09:46:25.519Z INFO  application=marketops-server environment=local buildVersion=0.1.0-SNAPSHOT correlationId=55b2d9a3-553c-4271-afd3-e37efd2721dd c.m.m.a.i.a.JdbcMetadataAuditStore - Metadata change recorded event="metadata_change_recorded" sourceDomain="advertisingefficiency" entityType="advertising_queue" entityId="cae4c500-3614-41d6-bbaa-e4c17cb62db9" action="READ" actorId="0ad97b1a-d91d-41bd-a698-6f258221cabf" correlationId="55b2d9a3-553c-4271-afd3-e37efd2721dd"
[WebServer] 2026-09-06T09:46:25.520Z INFO  application=marketops-server environment=local buildVersion=0.1.0-SNAPSHOT correlationId=ac5551e1-3335-4de5-aa9a-ffd86bd9c206 c.m.m.s.i.c.CorrelationIdFilter - Request completed event="request_completed" correlationId="ac5551e1-3335-4de5-aa9a-ffd86bd9c206" status="200"
[WebServer] 2026-09-06T09:46:25.522Z INFO  application=marketops-server environment=local buildVersion=0.1.0-SNAPSHOT correlationId=a2a5a081-2fb0-423e-aac1-a2c50a92bef8 c.m.m.a.i.a.JdbcMetadataAuditStore - Metadata change recorded event="metadata_change_recorded" sourceDomain="advertisingefficiency" entityType="advertising_exposure" entityId="cae4c500-3614-41d6-bbaa-e4c17cb62db9" action="READ" actorId="0ad97b1a-d91d-41bd-a698-6f258221cabf" correlationId="a2a5a081-2fb0-423e-aac1-a2c50a92bef8"
[WebServer] 2026-09-06T09:46:25.523Z INFO  application=marketops-server environment=local buildVersion=0.1.0-SNAPSHOT correlationId=a2a5a081-2fb0-423e-aac1-a2c50a92bef8 c.m.m.s.i.c.CorrelationIdFilter - Request completed event="request_completed" correlationId="a2a5a081-2fb0-423e-aac1-a2c50a92bef8" status="200"
[WebServer] 2026-09-06T09:46:25.534Z INFO  application=marketops-server environment=local buildVersion=0.1.0-SNAPSHOT correlationId=c0d78cb3-c59b-4d71-9bf2-ac29a41e7c2c c.m.m.a.i.a.JdbcMetadataAuditStore - Metadata change recorded event="metadata_change_recorded" sourceDomain="advertisingefficiency" entityType="advertising_orchestration" entityId="cae4c500-3614-41d6-bbaa-e4c17cb62db9" action="READ" actorId="0ad97b1a-d91d-41bd-a698-6f258221cabf" correlationId="c0d78cb3-c59b-4d71-9bf2-ac29a41e7c2c"
[WebServer] 2026-09-06T09:46:25.535Z INFO  application=marketops-server environment=local buildVersion=0.1.0-SNAPSHOT correlationId=c0d78cb3-c59b-4d71-9bf2-ac29a41e7c2c c.m.m.s.i.c.CorrelationIdFilter - Request completed event="request_completed" correlationId="c0d78cb3-c59b-4d71-9bf2-ac29a41e7c2c" status="200"
[WebServer] 2026-09-06T09:46:25.558Z INFO  application=marketops-server environment=local buildVersion=0.1.0-SNAPSHOT correlationId=55b2d9a3-553c-4271-afd3-e37efd2721dd c.m.m.s.i.c.CorrelationIdFilter - Request completed event="request_completed" correlationId="55b2d9a3-553c-4271-afd3-e37efd2721dd" status="200"
[WebServer] 2026-09-06T09:46:25.601Z INFO  application=marketops-server environment=local buildVersion=0.1.0-SNAPSHOT correlationId=e3ee2a8c-00be-4858-8478-72ca425235e6 c.m.m.a.i.a.JdbcMetadataAuditStore - Metadata change recorded event="metadata_change_recorded" sourceDomain="advertisingefficiency" entityType="advertising_case" entityId="fb10a375-6289-491b-bc01-b6ce6ad360b7" action="READ" actorId="0ad97b1a-d91d-41bd-a698-6f258221cabf" correlationId="e3ee2a8c-00be-4858-8478-72ca425235e6"
[WebServer] 2026-09-06T09:46:25.611Z INFO  application=marketops-server environment=local buildVersion=0.1.0-SNAPSHOT correlationId=e3ee2a8c-00be-4858-8478-72ca425235e6 c.m.m.s.i.c.CorrelationIdFilter - Request completed event="request_completed" correlationId="e3ee2a8c-00be-4858-8478-72ca425235e6" status="200"
[WebServer] 2026-09-06T09:46:25.623Z INFO  application=marketops-server environment=local buildVersion=0.1.0-SNAPSHOT correlationId=e8e14bae-4a16-4565-9d5d-a6c4cd800e81 c.m.m.a.i.a.JdbcMetadataAuditStore - Metadata change recorded event="metadata_change_recorded" sourceDomain="advertisingefficiency" entityType="advertising_manual_packet" entityId="6ae23fc1-dd03-4ca6-a44d-09f55f5fb7c3" action="READ" actorId="0ad97b1a-d91d-41bd-a698-6f258221cabf" correlationId="e8e14bae-4a16-4565-9d5d-a6c4cd800e81"
[WebServer] 2026-09-06T09:46:25.624Z INFO  application=marketops-server environment=local buildVersion=0.1.0-SNAPSHOT correlationId=e8e14bae-4a16-4565-9d5d-a6c4cd800e81 c.m.m.s.i.c.CorrelationIdFilter - Request completed event="request_completed" correlationId="e8e14bae-4a16-4565-9d5d-a6c4cd800e81" status="200"
[WebServer] 2026-09-06T09:46:25.644Z INFO  application=marketops-server environment=local buildVersion=0.1.0-SNAPSHOT correlationId=eb2cdd5d-7732-44be-ba4e-57dd76841dc5 c.m.m.s.i.c.CorrelationIdFilter - Request completed event="request_completed" correlationId="eb2cdd5d-7732-44be-ba4e-57dd76841dc5" status="200"
[WebServer] 2026-09-06T09:46:25.644Z INFO  application=marketops-server environment=local buildVersion=0.1.0-SNAPSHOT correlationId=b3654475-3f23-494c-ac0d-f26a15adcfb6 c.m.m.s.i.c.CorrelationIdFilter - Request completed event="request_completed" correlationId="b3654475-3f23-494c-ac0d-f26a15adcfb6" status="200"
[WebServer] 2026-09-06T09:46:25.660Z INFO  application=marketops-server environment=local buildVersion=0.1.0-SNAPSHOT correlationId=5d175430-8ff4-4559-b798-dc4dde450abe c.m.m.s.i.c.CorrelationIdFilter - Request completed event="request_completed" correlationId="5d175430-8ff4-4559-b798-dc4dde450abe" status="200"
[WebServer] 2026-09-06T09:46:25.670Z DEBUG application=marketops-server environment=local buildVersion=0.1.0-SNAPSHOT correlationId=f275f95f-2aeb-4a73-a2cd-08edce7afacb c.m.m.s.i.c.CorrelationIdFilter - Inbound correlation identifier replaced event="correlation_identifier_replaced" correlationId="f275f95f-2aeb-4a73-a2cd-08edce7afacb" rejectionCategory="MISSING"
[WebServer] 2026-09-06T09:46:25.692Z INFO  application=marketops-server environment=local buildVersion=0.1.0-SNAPSHOT correlationId=f275f95f-2aeb-4a73-a2cd-08edce7afacb c.m.m.s.i.c.CorrelationIdFilter - Request completed event="request_completed" correlationId="f275f95f-2aeb-4a73-a2cd-08edce7afacb" status="200"
[WebServer] 2026-09-06T09:46:25.816Z INFO  application=marketops-server environment=local buildVersion=0.1.0-SNAPSHOT correlationId=78131562-dc7c-477a-bc14-74e4a338d76b c.m.m.a.i.a.JdbcMetadataAuditStore - Metadata change recorded event="metadata_change_recorded" sourceDomain="advertisingefficiency" entityType="advertising_reservations" entityId="cae4c500-3614-41d6-bbaa-e4c17cb62db9" action="READ" actorId="0ad97b1a-d91d-41bd-a698-6f258221cabf" correlationId="78131562-dc7c-477a-bc14-74e4a338d76b"
[WebServer] 2026-09-06T09:46:25.816Z INFO  application=marketops-server environment=local buildVersion=0.1.0-SNAPSHOT correlationId=382ecef5-4bfc-4cd5-80d4-c18e61b2d8d0 c.m.m.a.i.a.JdbcMetadataAuditStore - Metadata change recorded event="metadata_change_recorded" sourceDomain="advertisingefficiency" entityType="advertising_containments" entityId="cae4c500-3614-41d6-bbaa-e4c17cb62db9" action="READ" actorId="0ad97b1a-d91d-41bd-a698-6f258221cabf" correlationId="382ecef5-4bfc-4cd5-80d4-c18e61b2d8d0"
[WebServer] 2026-09-06T09:46:25.817Z INFO  application=marketops-server environment=local buildVersion=0.1.0-SNAPSHOT correlationId=6fb3b8a7-49ac-4337-9bc0-85915f9a96b2 c.m.m.s.i.e.ConsoleProblemAdvice - Console request refused event="console_request_refused" errorCode="RESOURCE_NOT_FOUND" correlationId="6fb3b8a7-49ac-4337-9bc0-85915f9a96b2"
[WebServer] 2026-09-06T09:46:25.817Z INFO  application=marketops-server environment=local buildVersion=0.1.0-SNAPSHOT correlationId=6fb3b8a7-49ac-4337-9bc0-85915f9a96b2 c.m.m.s.i.c.CorrelationIdFilter - Request completed event="request_completed" correlationId="6fb3b8a7-49ac-4337-9bc0-85915f9a96b2" status="404"
[WebServer] 2026-09-06T09:46:25.822Z INFO  application=marketops-server environment=local buildVersion=0.1.0-SNAPSHOT correlationId=cf13d22a-1395-47be-8f64-3850691330da c.m.m.s.i.e.ConsoleProblemAdvice - Console request refused event="console_request_refused" errorCode="RESOURCE_SCOPE_DENIED" correlationId="cf13d22a-1395-47be-8f64-3850691330da"
[WebServer] 2026-09-06T09:46:25.822Z INFO  application=marketops-server environment=local buildVersion=0.1.0-SNAPSHOT correlationId=cf13d22a-1395-47be-8f64-3850691330da c.m.m.s.i.c.CorrelationIdFilter - Request completed event="request_completed" correlationId="cf13d22a-1395-47be-8f64-3850691330da" status="403"
[WebServer] 2026-09-06T09:46:25.823Z INFO  application=marketops-server environment=local buildVersion=0.1.0-SNAPSHOT correlationId=93419905-dab7-44ba-a33c-eb3f7db700cf c.m.m.a.i.a.JdbcMetadataAuditStore - Metadata change recorded event="metadata_change_recorded" sourceDomain="availabilityrisk" entityType="availability_queue" entityId="cae4c500-3614-41d6-bbaa-e4c17cb62db9" action="READ" actorId="0ad97b1a-d91d-41bd-a698-6f258221cabf" correlationId="93419905-dab7-44ba-a33c-eb3f7db700cf"
[WebServer] 2026-09-06T09:46:25.825Z INFO  application=marketops-server environment=local buildVersion=0.1.0-SNAPSHOT correlationId=93419905-dab7-44ba-a33c-eb3f7db700cf c.m.m.s.i.c.CorrelationIdFilter - Request completed event="request_completed" correlationId="93419905-dab7-44ba-a33c-eb3f7db700cf" status="200"
[WebServer] 2026-09-06T09:46:25.827Z INFO  application=marketops-server environment=local buildVersion=0.1.0-SNAPSHOT correlationId=382ecef5-4bfc-4cd5-80d4-c18e61b2d8d0 c.m.m.s.i.c.CorrelationIdFilter - Request completed event="request_completed" correlationId="382ecef5-4bfc-4cd5-80d4-c18e61b2d8d0" status="200"
[WebServer] 2026-09-06T09:46:25.831Z INFO  application=marketops-server environment=local buildVersion=0.1.0-SNAPSHOT correlationId=50f956c8-67a8-47ca-983c-2f83810b004d c.m.m.a.i.a.JdbcMetadataAuditStore - Metadata change recorded event="metadata_change_recorded" sourceDomain="advertisingefficiency" entityType="advertising_exposure" entityId="cae4c500-3614-41d6-bbaa-e4c17cb62db9" action="READ" actorId="0ad97b1a-d91d-41bd-a698-6f258221cabf" correlationId="50f956c8-67a8-47ca-983c-2f83810b004d"
[WebServer] 2026-09-06T09:46:25.832Z INFO  application=marketops-server environment=local buildVersion=0.1.0-SNAPSHOT correlationId=50f956c8-67a8-47ca-983c-2f83810b004d c.m.m.s.i.c.CorrelationIdFilter - Request completed event="request_completed" correlationId="50f956c8-67a8-47ca-983c-2f83810b004d" status="200"
[WebServer] 2026-09-06T09:46:25.835Z INFO  application=marketops-server environment=local buildVersion=0.1.0-SNAPSHOT correlationId=eaf67448-9cb9-481c-add4-264e350ee37c c.m.m.s.i.e.ConsoleProblemAdvice - Console request refused event="console_request_refused" errorCode="RESOURCE_SCOPE_DENIED" correlationId="eaf67448-9cb9-481c-add4-264e350ee37c"
[WebServer] 2026-09-06T09:46:25.835Z INFO  application=marketops-server environment=local buildVersion=0.1.0-SNAPSHOT correlationId=eaf67448-9cb9-481c-add4-264e350ee37c c.m.m.s.i.c.CorrelationIdFilter - Request completed event="request_completed" correlationId="eaf67448-9cb9-481c-add4-264e350ee37c" status="403"
[WebServer] 2026-09-06T09:46:25.838Z INFO  application=marketops-server environment=local buildVersion=0.1.0-SNAPSHOT correlationId=25db09fa-627a-4b3e-8cf0-d34bfb192af6 c.m.m.a.i.a.JdbcMetadataAuditStore - Metadata change recorded event="metadata_change_recorded" sourceDomain="advertisingefficiency" entityType="advertising_queue" entityId="cae4c500-3614-41d6-bbaa-e4c17cb62db9" action="READ" actorId="0ad97b1a-d91d-41bd-a698-6f258221cabf" correlationId="25db09fa-627a-4b3e-8cf0-d34bfb192af6"
[WebServer] 2026-09-06T09:46:25.838Z INFO  application=marketops-server environment=local buildVersion=0.1.0-SNAPSHOT correlationId=78131562-dc7c-477a-bc14-74e4a338d76b c.m.m.s.i.c.CorrelationIdFilter - Request completed event="request_completed" correlationId="78131562-dc7c-477a-bc14-74e4a338d76b" status="200"
[WebServer] 2026-09-06T09:46:25.855Z INFO  application=marketops-server environment=local buildVersion=0.1.0-SNAPSHOT correlationId=b0332091-23b2-4e21-bcc5-7ea8e5de717c c.m.m.a.i.a.JdbcMetadataAuditStore - Metadata change recorded event="metadata_change_recorded" sourceDomain="advertisingefficiency" entityType="advertising_orchestration" entityId="cae4c500-3614-41d6-bbaa-e4c17cb62db9" action="READ" actorId="0ad97b1a-d91d-41bd-a698-6f258221cabf" correlationId="b0332091-23b2-4e21-bcc5-7ea8e5de717c"
[WebServer] 2026-09-06T09:46:25.858Z INFO  application=marketops-server environment=local buildVersion=0.1.0-SNAPSHOT correlationId=b0332091-23b2-4e21-bcc5-7ea8e5de717c c.m.m.s.i.c.CorrelationIdFilter - Request completed event="request_completed" correlationId="b0332091-23b2-4e21-bcc5-7ea8e5de717c" status="200"
[WebServer] 2026-09-06T09:46:25.891Z INFO  application=marketops-server environment=local buildVersion=0.1.0-SNAPSHOT correlationId=25db09fa-627a-4b3e-8cf0-d34bfb192af6 c.m.m.s.i.c.CorrelationIdFilter - Request completed event="request_completed" correlationId="25db09fa-627a-4b3e-8cf0-d34bfb192af6" status="200"
[WebServer] 2026-09-06T09:46:26.027Z INFO  application=marketops-server environment=local buildVersion=0.1.0-SNAPSHOT correlationId=a91b1b0d-c47d-4e8c-9dd9-cacd502e9860 c.m.m.a.i.a.JdbcMetadataAuditStore - Metadata change recorded event="metadata_change_recorded" sourceDomain="advertisingefficiency" entityType="advertising_case" entityId="8bcad1e1-1e88-4505-92be-c5d186d60202" action="READ" actorId="0ad97b1a-d91d-41bd-a698-6f258221cabf" correlationId="a91b1b0d-c47d-4e8c-9dd9-cacd502e9860"
[WebServer] 2026-09-06T09:46:26.039Z INFO  application=marketops-server environment=local buildVersion=0.1.0-SNAPSHOT correlationId=a91b1b0d-c47d-4e8c-9dd9-cacd502e9860 c.m.m.s.i.c.CorrelationIdFilter - Request completed event="request_completed" correlationId="a91b1b0d-c47d-4e8c-9dd9-cacd502e9860" status="200"
[WebServer] 2026-09-06T09:46:26.051Z INFO  application=marketops-server environment=local buildVersion=0.1.0-SNAPSHOT correlationId=afd806a5-4c3a-4898-8d2e-f5bfa218849b c.m.m.a.i.a.JdbcMetadataAuditStore - Metadata change recorded event="metadata_change_recorded" sourceDomain="advertisingefficiency" entityType="advertising_manual_packet" entityId="bd3c5135-a8f9-4a57-8473-a461fa741150" action="READ" actorId="0ad97b1a-d91d-41bd-a698-6f258221cabf" correlationId="afd806a5-4c3a-4898-8d2e-f5bfa218849b"
[WebServer] 2026-09-06T09:46:26.052Z INFO  application=marketops-server environment=local buildVersion=0.1.0-SNAPSHOT correlationId=afd806a5-4c3a-4898-8d2e-f5bfa218849b c.m.m.s.i.c.CorrelationIdFilter - Request completed event="request_completed" correlationId="afd806a5-4c3a-4898-8d2e-f5bfa218849b" status="200"
[WebServer] 2026-09-06T09:46:26.065Z INFO  application=marketops-server environment=local buildVersion=0.1.0-SNAPSHOT correlationId=bac9aeee-8e99-48d2-8ca0-bfc90aba03d4 c.m.m.s.i.c.CorrelationIdFilter - Request completed event="request_completed" correlationId="bac9aeee-8e99-48d2-8ca0-bfc90aba03d4" status="200"
[WebServer] 2026-09-06T09:46:26.071Z INFO  application=marketops-server environment=local buildVersion=0.1.0-SNAPSHOT correlationId=5e65e4f5-8137-496a-8241-3980ce87f2cb c.m.m.s.i.c.CorrelationIdFilter - Request completed event="request_completed" correlationId="5e65e4f5-8137-496a-8241-3980ce87f2cb" status="200"
[WebServer] 2026-09-06T09:46:26.074Z INFO  application=marketops-server environment=local buildVersion=0.1.0-SNAPSHOT correlationId=95070666-e787-40db-87fc-aa17bfd889b1 c.m.m.s.i.e.ConsoleProblemAdvice - Console request refused event="console_request_refused" errorCode="RESOURCE_NOT_FOUND" correlationId="95070666-e787-40db-87fc-aa17bfd889b1"
[WebServer] 2026-09-06T09:46:26.075Z INFO  application=marketops-server environment=local buildVersion=0.1.0-SNAPSHOT correlationId=95070666-e787-40db-87fc-aa17bfd889b1 c.m.m.s.i.c.CorrelationIdFilter - Request completed event="request_completed" correlationId="95070666-e787-40db-87fc-aa17bfd889b1" status="404"
[WebServer] 2026-09-06T09:46:26.191Z INFO  application=marketops-server environment=local buildVersion=0.1.0-SNAPSHOT correlationId=434ac54b-58f0-490d-b02d-5f34bcc7fa26 c.m.m.a.i.a.JdbcMetadataAuditStore - Metadata change recorded event="metadata_change_recorded" sourceDomain="advertisingefficiency" entityType="advertising_reservations" entityId="cae4c500-3614-41d6-bbaa-e4c17cb62db9" action="READ" actorId="0ad97b1a-d91d-41bd-a698-6f258221cabf" correlationId="434ac54b-58f0-490d-b02d-5f34bcc7fa26"
[WebServer] 2026-09-06T09:46:26.191Z INFO  application=marketops-server environment=local buildVersion=0.1.0-SNAPSHOT correlationId=0bdd4a7a-8c78-4777-9cb6-c4e7c25336ce c.m.m.a.i.a.JdbcMetadataAuditStore - Metadata change recorded event="metadata_change_recorded" sourceDomain="advertisingefficiency" entityType="advertising_containments" entityId="cae4c500-3614-41d6-bbaa-e4c17cb62db9" action="READ" actorId="0ad97b1a-d91d-41bd-a698-6f258221cabf" correlationId="0bdd4a7a-8c78-4777-9cb6-c4e7c25336ce"
[WebServer] 2026-09-06T09:46:26.191Z INFO  application=marketops-server environment=local buildVersion=0.1.0-SNAPSHOT correlationId=8d59837a-c04f-4ba2-b363-8a32edc7f5bb c.m.m.s.i.e.ConsoleProblemAdvice - Console request refused event="console_request_refused" errorCode="RESOURCE_NOT_FOUND" correlationId="8d59837a-c04f-4ba2-b363-8a32edc7f5bb"
[WebServer] 2026-09-06T09:46:26.192Z INFO  application=marketops-server environment=local buildVersion=0.1.0-SNAPSHOT correlationId=8d59837a-c04f-4ba2-b363-8a32edc7f5bb c.m.m.s.i.c.CorrelationIdFilter - Request completed event="request_completed" correlationId="8d59837a-c04f-4ba2-b363-8a32edc7f5bb" status="404"
[WebServer] 2026-09-06T09:46:26.194Z INFO  application=marketops-server environment=local buildVersion=0.1.0-SNAPSHOT correlationId=e92e02d3-797c-4fde-8b24-f38b9de82c46 c.m.m.s.i.e.ConsoleProblemAdvice - Console request refused event="console_request_refused" errorCode="RESOURCE_SCOPE_DENIED" correlationId="e92e02d3-797c-4fde-8b24-f38b9de82c46"
[WebServer] 2026-09-06T09:46:26.195Z INFO  application=marketops-server environment=local buildVersion=0.1.0-SNAPSHOT correlationId=e92e02d3-797c-4fde-8b24-f38b9de82c46 c.m.m.s.i.c.CorrelationIdFilter - Request completed event="request_completed" correlationId="e92e02d3-797c-4fde-8b24-f38b9de82c46" status="403"
[WebServer] 2026-09-06T09:46:26.196Z INFO  application=marketops-server environment=local buildVersion=0.1.0-SNAPSHOT correlationId=e1a5341b-7e84-4d50-a8b8-51ad246c12f6 c.m.m.a.i.a.JdbcMetadataAuditStore - Metadata change recorded event="metadata_change_recorded" sourceDomain="availabilityrisk" entityType="availability_queue" entityId="cae4c500-3614-41d6-bbaa-e4c17cb62db9" action="READ" actorId="0ad97b1a-d91d-41bd-a698-6f258221cabf" correlationId="e1a5341b-7e84-4d50-a8b8-51ad246c12f6"
[WebServer] 2026-09-06T09:46:26.199Z INFO  application=marketops-server environment=local buildVersion=0.1.0-SNAPSHOT correlationId=e1a5341b-7e84-4d50-a8b8-51ad246c12f6 c.m.m.s.i.c.CorrelationIdFilter - Request completed event="request_completed" correlationId="e1a5341b-7e84-4d50-a8b8-51ad246c12f6" status="200"
[WebServer] 2026-09-06T09:46:26.201Z INFO  application=marketops-server environment=local buildVersion=0.1.0-SNAPSHOT correlationId=0bdd4a7a-8c78-4777-9cb6-c4e7c25336ce c.m.m.s.i.c.CorrelationIdFilter - Request completed event="request_completed" correlationId="0bdd4a7a-8c78-4777-9cb6-c4e7c25336ce" status="200"
[WebServer] 2026-09-06T09:46:26.208Z INFO  application=marketops-server environment=local buildVersion=0.1.0-SNAPSHOT correlationId=525f2e51-b34c-4e47-9bbb-c070ef5411ba c.m.m.s.i.e.ConsoleProblemAdvice - Console request refused event="console_request_refused" errorCode="RESOURCE_SCOPE_DENIED" correlationId="525f2e51-b34c-4e47-9bbb-c070ef5411ba"
[WebServer] 2026-09-06T09:46:26.209Z INFO  application=marketops-server environment=local buildVersion=0.1.0-SNAPSHOT correlationId=4efff717-e747-4df8-81bf-fd3008a36d84 c.m.m.a.i.a.JdbcMetadataAuditStore - Metadata change recorded event="metadata_change_recorded" sourceDomain="advertisingefficiency" entityType="advertising_exposure" entityId="cae4c500-3614-41d6-bbaa-e4c17cb62db9" action="READ" actorId="0ad97b1a-d91d-41bd-a698-6f258221cabf" correlationId="4efff717-e747-4df8-81bf-fd3008a36d84"
[WebServer] 2026-09-06T09:46:26.209Z INFO  application=marketops-server environment=local buildVersion=0.1.0-SNAPSHOT correlationId=525f2e51-b34c-4e47-9bbb-c070ef5411ba c.m.m.s.i.c.CorrelationIdFilter - Request completed event="request_completed" correlationId="525f2e51-b34c-4e47-9bbb-c070ef5411ba" status="403"
[WebServer] 2026-09-06T09:46:26.210Z INFO  application=marketops-server environment=local buildVersion=0.1.0-SNAPSHOT correlationId=4efff717-e747-4df8-81bf-fd3008a36d84 c.m.m.s.i.c.CorrelationIdFilter - Request completed event="request_completed" correlationId="4efff717-e747-4df8-81bf-fd3008a36d84" status="200"
[WebServer] 2026-09-06T09:46:26.213Z INFO  application=marketops-server environment=local buildVersion=0.1.0-SNAPSHOT correlationId=34a45c4b-e17f-4e99-9e35-fcec7519ddd5 c.m.m.a.i.a.JdbcMetadataAuditStore - Metadata change recorded event="metadata_change_recorded" sourceDomain="advertisingefficiency" entityType="advertising_queue" entityId="cae4c500-3614-41d6-bbaa-e4c17cb62db9" action="READ" actorId="0ad97b1a-d91d-41bd-a698-6f258221cabf" correlationId="34a45c4b-e17f-4e99-9e35-fcec7519ddd5"
[WebServer] 2026-09-06T09:46:26.214Z INFO  application=marketops-server environment=local buildVersion=0.1.0-SNAPSHOT correlationId=434ac54b-58f0-490d-b02d-5f34bcc7fa26 c.m.m.s.i.c.CorrelationIdFilter - Request completed event="request_completed" correlationId="434ac54b-58f0-490d-b02d-5f34bcc7fa26" status="200"
[WebServer] 2026-09-06T09:46:26.226Z INFO  application=marketops-server environment=local buildVersion=0.1.0-SNAPSHOT correlationId=06f30726-1f54-4306-9abd-1f2a54cb02f1 c.m.m.a.i.a.JdbcMetadataAuditStore - Metadata change recorded event="metadata_change_recorded" sourceDomain="advertisingefficiency" entityType="advertising_orchestration" entityId="cae4c500-3614-41d6-bbaa-e4c17cb62db9" action="READ" actorId="0ad97b1a-d91d-41bd-a698-6f258221cabf" correlationId="06f30726-1f54-4306-9abd-1f2a54cb02f1"
[WebServer] 2026-09-06T09:46:26.228Z INFO  application=marketops-server environment=local buildVersion=0.1.0-SNAPSHOT correlationId=06f30726-1f54-4306-9abd-1f2a54cb02f1 c.m.m.s.i.c.CorrelationIdFilter - Request completed event="request_completed" correlationId="06f30726-1f54-4306-9abd-1f2a54cb02f1" status="200"
[WebServer] 2026-09-06T09:46:26.269Z INFO  application=marketops-server environment=local buildVersion=0.1.0-SNAPSHOT correlationId=34a45c4b-e17f-4e99-9e35-fcec7519ddd5 c.m.m.s.i.c.CorrelationIdFilter - Request completed event="request_completed" correlationId="34a45c4b-e17f-4e99-9e35-fcec7519ddd5" status="200"
  ✓   5 tests/advertising-browser/governed-advertising.spec.ts:534:1 › all four real HTTP lane projections preserve unknown values and expose no invented action (2.1s)
[WebServer] 2026-09-06T09:46:26.559Z INFO  application=marketops-server environment=local buildVersion=0.1.0-SNAPSHOT correlationId=8a210bc8-d371-41b8-839b-51b05e7550c4 c.m.m.s.i.c.CorrelationIdFilter - Request completed event="request_completed" correlationId="8a210bc8-d371-41b8-839b-51b05e7550c4" status="200"
[WebServer] 2026-09-06T09:46:26.567Z INFO  application=marketops-server environment=local buildVersion=0.1.0-SNAPSHOT correlationId=b814ac0d-c87e-41a9-8eff-a67d168f4f8b c.m.m.a.i.a.JdbcMetadataAuditStore - Metadata change recorded event="metadata_change_recorded" sourceDomain="advertisingefficiency" entityType="advertising_reservations" entityId="49e86684-92a0-41e3-82db-08a1150ed747" action="READ" actorId="a336e67d-717c-4d31-98ee-9c448383e453" correlationId="b814ac0d-c87e-41a9-8eff-a67d168f4f8b"
[WebServer] 2026-09-06T09:46:26.570Z INFO  application=marketops-server environment=local buildVersion=0.1.0-SNAPSHOT correlationId=b814ac0d-c87e-41a9-8eff-a67d168f4f8b c.m.m.s.i.c.CorrelationIdFilter - Request completed event="request_completed" correlationId="b814ac0d-c87e-41a9-8eff-a67d168f4f8b" status="200"
[WebServer] 2026-09-06T09:46:26.589Z INFO  application=marketops-server environment=local buildVersion=0.1.0-SNAPSHOT correlationId=3dcc16dd-d53e-4736-8ad4-9f207375d473 c.m.m.a.i.a.JdbcMetadataAuditStore - Metadata change recorded event="metadata_change_recorded" sourceDomain="availabilityrisk" entityType="availability_queue" entityId="49e86684-92a0-41e3-82db-08a1150ed747" action="READ" actorId="a336e67d-717c-4d31-98ee-9c448383e453" correlationId="3dcc16dd-d53e-4736-8ad4-9f207375d473"
[WebServer] 2026-09-06T09:46:26.594Z INFO  application=marketops-server environment=local buildVersion=0.1.0-SNAPSHOT correlationId=73a373a4-5c3d-4e29-87d3-6bf005274785 c.m.m.a.i.a.JdbcMetadataAuditStore - Metadata change recorded event="metadata_change_recorded" sourceDomain="advertisingefficiency" entityType="advertising_containments" entityId="49e86684-92a0-41e3-82db-08a1150ed747" action="READ" actorId="a336e67d-717c-4d31-98ee-9c448383e453" correlationId="73a373a4-5c3d-4e29-87d3-6bf005274785"
[WebServer] 2026-09-06T09:46:26.595Z INFO  application=marketops-server environment=local buildVersion=0.1.0-SNAPSHOT correlationId=192feb2d-2350-4f08-b09e-d0336d53ab8f c.m.m.s.i.e.ConsoleProblemAdvice - Console request refused event="console_request_refused" errorCode="RESOURCE_NOT_FOUND" correlationId="192feb2d-2350-4f08-b09e-d0336d53ab8f"
[WebServer] 2026-09-06T09:46:26.595Z INFO  application=marketops-server environment=local buildVersion=0.1.0-SNAPSHOT correlationId=192feb2d-2350-4f08-b09e-d0336d53ab8f c.m.m.s.i.c.CorrelationIdFilter - Request completed event="request_completed" correlationId="192feb2d-2350-4f08-b09e-d0336d53ab8f" status="404"
[WebServer] 2026-09-06T09:46:26.595Z INFO  application=marketops-server environment=local buildVersion=0.1.0-SNAPSHOT correlationId=3dcc16dd-d53e-4736-8ad4-9f207375d473 c.m.m.s.i.c.CorrelationIdFilter - Request completed event="request_completed" correlationId="3dcc16dd-d53e-4736-8ad4-9f207375d473" status="200"
[WebServer] 2026-09-06T09:46:26.598Z INFO  application=marketops-server environment=local buildVersion=0.1.0-SNAPSHOT correlationId=58884de3-f5fd-4ca3-8ab6-9b48314ae3af c.m.m.s.i.e.ConsoleProblemAdvice - Console request refused event="console_request_refused" errorCode="RESOURCE_SCOPE_DENIED" correlationId="58884de3-f5fd-4ca3-8ab6-9b48314ae3af"
[WebServer] 2026-09-06T09:46:26.599Z INFO  application=marketops-server environment=local buildVersion=0.1.0-SNAPSHOT correlationId=58884de3-f5fd-4ca3-8ab6-9b48314ae3af c.m.m.s.i.c.CorrelationIdFilter - Request completed event="request_completed" correlationId="58884de3-f5fd-4ca3-8ab6-9b48314ae3af" status="403"
[WebServer] 2026-09-06T09:46:26.605Z INFO  application=marketops-server environment=local buildVersion=0.1.0-SNAPSHOT correlationId=1c5dff0e-067c-43c6-9531-12197a96179c c.m.m.a.i.a.JdbcMetadataAuditStore - Metadata change recorded event="metadata_change_recorded" sourceDomain="advertisingefficiency" entityType="advertising_exposure" entityId="49e86684-92a0-41e3-82db-08a1150ed747" action="READ" actorId="a336e67d-717c-4d31-98ee-9c448383e453" correlationId="1c5dff0e-067c-43c6-9531-12197a96179c"
[WebServer] 2026-09-06T09:46:26.606Z INFO  application=marketops-server environment=local buildVersion=0.1.0-SNAPSHOT correlationId=73a373a4-5c3d-4e29-87d3-6bf005274785 c.m.m.s.i.c.CorrelationIdFilter - Request completed event="request_completed" correlationId="73a373a4-5c3d-4e29-87d3-6bf005274785" status="200"
[WebServer] 2026-09-06T09:46:26.606Z INFO  application=marketops-server environment=local buildVersion=0.1.0-SNAPSHOT correlationId=1c5dff0e-067c-43c6-9531-12197a96179c c.m.m.s.i.c.CorrelationIdFilter - Request completed event="request_completed" correlationId="1c5dff0e-067c-43c6-9531-12197a96179c" status="200"
[WebServer] 2026-09-06T09:46:26.615Z INFO  application=marketops-server environment=local buildVersion=0.1.0-SNAPSHOT correlationId=30f52fe6-fa64-423e-a3fd-a01c2f487470 c.m.m.a.i.a.JdbcMetadataAuditStore - Metadata change recorded event="metadata_change_recorded" sourceDomain="advertisingefficiency" entityType="advertising_queue" entityId="49e86684-92a0-41e3-82db-08a1150ed747" action="READ" actorId="a336e67d-717c-4d31-98ee-9c448383e453" correlationId="30f52fe6-fa64-423e-a3fd-a01c2f487470"
[WebServer] 2026-09-06T09:46:26.616Z INFO  application=marketops-server environment=local buildVersion=0.1.0-SNAPSHOT correlationId=9fd201b1-e27a-403b-aff4-58e86446ff0f c.m.m.s.i.e.ConsoleProblemAdvice - Console request refused event="console_request_refused" errorCode="RESOURCE_SCOPE_DENIED" correlationId="9fd201b1-e27a-403b-aff4-58e86446ff0f"
[WebServer] 2026-09-06T09:46:26.617Z INFO  application=marketops-server environment=local buildVersion=0.1.0-SNAPSHOT correlationId=9fd201b1-e27a-403b-aff4-58e86446ff0f c.m.m.s.i.c.CorrelationIdFilter - Request completed event="request_completed" correlationId="9fd201b1-e27a-403b-aff4-58e86446ff0f" status="403"
[WebServer] 2026-09-06T09:46:26.627Z INFO  application=marketops-server environment=local buildVersion=0.1.0-SNAPSHOT correlationId=efcd9030-2aad-4da1-b1a1-af728fffd44c c.m.m.a.i.a.JdbcMetadataAuditStore - Metadata change recorded event="metadata_change_recorded" sourceDomain="advertisingefficiency" entityType="advertising_orchestration" entityId="49e86684-92a0-41e3-82db-08a1150ed747" action="READ" actorId="a336e67d-717c-4d31-98ee-9c448383e453" correlationId="efcd9030-2aad-4da1-b1a1-af728fffd44c"
[WebServer] 2026-09-06T09:46:26.628Z INFO  application=marketops-server environment=local buildVersion=0.1.0-SNAPSHOT correlationId=efcd9030-2aad-4da1-b1a1-af728fffd44c c.m.m.s.i.c.CorrelationIdFilter - Request completed event="request_completed" correlationId="efcd9030-2aad-4da1-b1a1-af728fffd44c" status="200"
[WebServer] 2026-09-06T09:46:26.635Z INFO  application=marketops-server environment=local buildVersion=0.1.0-SNAPSHOT correlationId=11c6df9c-3055-4749-82a1-ddcf40306bb5 c.m.m.s.i.c.CorrelationIdFilter - Request completed event="request_completed" correlationId="11c6df9c-3055-4749-82a1-ddcf40306bb5" status="200"
[WebServer] 2026-09-06T09:46:26.636Z INFO  application=marketops-server environment=local buildVersion=0.1.0-SNAPSHOT correlationId=30f52fe6-fa64-423e-a3fd-a01c2f487470 c.m.m.s.i.c.CorrelationIdFilter - Request completed event="request_completed" correlationId="30f52fe6-fa64-423e-a3fd-a01c2f487470" status="200"
[WebServer] 2026-09-06T09:46:26.743Z INFO  application=marketops-server environment=local buildVersion=0.1.0-SNAPSHOT correlationId=3972a7e8-464b-43b0-8650-c05c4d85c770 c.m.m.a.i.a.JdbcMetadataAuditStore - Metadata change recorded event="metadata_change_recorded" sourceDomain="advertisingefficiency" entityType="advertising_case" entityId="606113ce-6249-44c1-8688-0101deaee472" action="READ" actorId="a336e67d-717c-4d31-98ee-9c448383e453" correlationId="3972a7e8-464b-43b0-8650-c05c4d85c770"
[WebServer] 2026-09-06T09:46:26.762Z INFO  application=marketops-server environment=local buildVersion=0.1.0-SNAPSHOT correlationId=3972a7e8-464b-43b0-8650-c05c4d85c770 c.m.m.s.i.c.CorrelationIdFilter - Request completed event="request_completed" correlationId="3972a7e8-464b-43b0-8650-c05c4d85c770" status="200"
[WebServer] 2026-09-06T09:46:26.789Z INFO  application=marketops-server environment=local buildVersion=0.1.0-SNAPSHOT correlationId=0e00842d-b8c6-4dfc-89ea-968b0463caef c.m.m.a.i.a.JdbcMetadataAuditStore - Metadata change recorded event="metadata_change_recorded" sourceDomain="advertisingefficiency" entityType="advertising_manual_packet" entityId="bddf49ef-4985-4297-834f-58536ba3dce4" action="READ" actorId="a336e67d-717c-4d31-98ee-9c448383e453" correlationId="0e00842d-b8c6-4dfc-89ea-968b0463caef"
[WebServer] 2026-09-06T09:46:26.790Z INFO  application=marketops-server environment=local buildVersion=0.1.0-SNAPSHOT correlationId=0e00842d-b8c6-4dfc-89ea-968b0463caef c.m.m.s.i.c.CorrelationIdFilter - Request completed event="request_completed" correlationId="0e00842d-b8c6-4dfc-89ea-968b0463caef" status="200"
[WebServer] 2026-09-06T09:46:26.812Z INFO  application=marketops-server environment=local buildVersion=0.1.0-SNAPSHOT correlationId=d4ef2e2a-0cca-4ec4-82f4-416dd359064e c.m.m.s.i.c.CorrelationIdFilter - Request completed event="request_completed" correlationId="d4ef2e2a-0cca-4ec4-82f4-416dd359064e" status="200"
[WebServer] 2026-09-06T09:46:26.827Z INFO  application=marketops-server environment=local buildVersion=0.1.0-SNAPSHOT correlationId=c48cadd9-f954-40f8-a372-f339f5bf026f c.m.m.s.i.c.CorrelationIdFilter - Request completed event="request_completed" correlationId="c48cadd9-f954-40f8-a372-f339f5bf026f" status="200"
[WebServer] 2026-09-06T09:46:26.846Z INFO  application=marketops-server environment=local buildVersion=0.1.0-SNAPSHOT correlationId=9a64d510-90fc-41a2-89de-a347df1c06f2 c.m.m.s.i.c.CorrelationIdFilter - Request completed event="request_completed" correlationId="9a64d510-90fc-41a2-89de-a347df1c06f2" status="200"
[WebServer] 2026-09-06T09:46:27.066Z INFO  application=marketops-server environment=local buildVersion=0.1.0-SNAPSHOT correlationId=8986ca09-6082-480c-9a26-b612e55f95ba c.m.m.s.i.c.CorrelationIdFilter - Request completed event="request_completed" correlationId="8986ca09-6082-480c-9a26-b612e55f95ba" status="200"
[WebServer] 2026-09-06T09:46:27.130Z INFO  application=marketops-server environment=local buildVersion=0.1.0-SNAPSHOT correlationId=e448ae8a-aeef-4874-8e96-1e7c3075bc15 c.m.m.s.i.c.CorrelationIdFilter - Request completed event="request_completed" correlationId="e448ae8a-aeef-4874-8e96-1e7c3075bc15" status="200"
[WebServer] 2026-09-06T09:46:27.175Z INFO  application=marketops-server environment=local buildVersion=0.1.0-SNAPSHOT correlationId=3595507f-19dd-4e67-b096-09f59a8f7521 c.m.m.s.i.c.CorrelationIdFilter - Request completed event="request_completed" correlationId="3595507f-19dd-4e67-b096-09f59a8f7521" status="200"
[WebServer] 2026-09-06T09:46:27.331Z INFO  application=marketops-server environment=local buildVersion=0.1.0-SNAPSHOT correlationId=612a7a65-c7f5-49ac-9d63-e608825f82ce c.m.m.s.i.c.CorrelationIdFilter - Request completed event="request_completed" correlationId="612a7a65-c7f5-49ac-9d63-e608825f82ce" status="200"
[WebServer] 2026-09-06T09:46:27.637Z INFO  application=marketops-server environment=local buildVersion=0.1.0-SNAPSHOT correlationId=adf33fcc-9207-44d2-aa34-a1469629ba93 c.m.m.s.i.c.CorrelationIdFilter - Request completed event="request_completed" correlationId="adf33fcc-9207-44d2-aa34-a1469629ba93" status="200"
[WebServer] 2026-09-06T09:46:27.642Z INFO  application=marketops-server environment=local buildVersion=0.1.0-SNAPSHOT correlationId=a60b56a0-9ce8-49d1-85db-160894fb9a85 c.m.m.s.i.e.ConsoleProblemAdvice - Console request refused event="console_request_refused" errorCode="RESOURCE_NOT_FOUND" correlationId="a60b56a0-9ce8-49d1-85db-160894fb9a85"
[WebServer] 2026-09-06T09:46:27.643Z INFO  application=marketops-server environment=local buildVersion=0.1.0-SNAPSHOT correlationId=c734748a-7171-46fa-85f3-340d4ddde704 c.m.m.a.i.a.JdbcMetadataAuditStore - Metadata change recorded event="metadata_change_recorded" sourceDomain="advertisingefficiency" entityType="advertising_containments" entityId="49e86684-92a0-41e3-82db-08a1150ed747" action="READ" actorId="a19099c9-6c14-4a0e-af2d-ac2a7d58b4ae" correlationId="c734748a-7171-46fa-85f3-340d4ddde704"
[WebServer] 2026-09-06T09:46:27.644Z INFO  application=marketops-server environment=local buildVersion=0.1.0-SNAPSHOT correlationId=a60b56a0-9ce8-49d1-85db-160894fb9a85 c.m.m.s.i.c.CorrelationIdFilter - Request completed event="request_completed" correlationId="a60b56a0-9ce8-49d1-85db-160894fb9a85" status="404"
[WebServer] 2026-09-06T09:46:27.646Z INFO  application=marketops-server environment=local buildVersion=0.1.0-SNAPSHOT correlationId=dcf718a2-bf8e-4ad5-bc4a-29447a60b080 c.m.m.a.i.a.JdbcMetadataAuditStore - Metadata change recorded event="metadata_change_recorded" sourceDomain="advertisingefficiency" entityType="advertising_reservations" entityId="49e86684-92a0-41e3-82db-08a1150ed747" action="READ" actorId="a19099c9-6c14-4a0e-af2d-ac2a7d58b4ae" correlationId="dcf718a2-bf8e-4ad5-bc4a-29447a60b080"
[WebServer] 2026-09-06T09:46:27.648Z INFO  application=marketops-server environment=local buildVersion=0.1.0-SNAPSHOT correlationId=dcf718a2-bf8e-4ad5-bc4a-29447a60b080 c.m.m.s.i.c.CorrelationIdFilter - Request completed event="request_completed" correlationId="dcf718a2-bf8e-4ad5-bc4a-29447a60b080" status="200"
[WebServer] 2026-09-06T09:46:27.652Z INFO  application=marketops-server environment=local buildVersion=0.1.0-SNAPSHOT correlationId=c734748a-7171-46fa-85f3-340d4ddde704 c.m.m.s.i.c.CorrelationIdFilter - Request completed event="request_completed" correlationId="c734748a-7171-46fa-85f3-340d4ddde704" status="200"
[WebServer] 2026-09-06T09:46:27.652Z INFO  application=marketops-server environment=local buildVersion=0.1.0-SNAPSHOT correlationId=6635b404-f9cc-4bf4-9d3f-5f45a6584122 c.m.m.s.i.e.ConsoleProblemAdvice - Console request refused event="console_request_refused" errorCode="RESOURCE_SCOPE_DENIED" correlationId="6635b404-f9cc-4bf4-9d3f-5f45a6584122"
[WebServer] 2026-09-06T09:46:27.657Z INFO  application=marketops-server environment=local buildVersion=0.1.0-SNAPSHOT correlationId=6635b404-f9cc-4bf4-9d3f-5f45a6584122 c.m.m.s.i.c.CorrelationIdFilter - Request completed event="request_completed" correlationId="6635b404-f9cc-4bf4-9d3f-5f45a6584122" status="403"
[WebServer] 2026-09-06T09:46:27.658Z INFO  application=marketops-server environment=local buildVersion=0.1.0-SNAPSHOT correlationId=87d15071-0305-4c88-9e55-051f32a4af7a c.m.m.a.i.a.JdbcMetadataAuditStore - Metadata change recorded event="metadata_change_recorded" sourceDomain="availabilityrisk" entityType="availability_queue" entityId="49e86684-92a0-41e3-82db-08a1150ed747" action="READ" actorId="a19099c9-6c14-4a0e-af2d-ac2a7d58b4ae" correlationId="87d15071-0305-4c88-9e55-051f32a4af7a"
[WebServer] 2026-09-06T09:46:27.660Z INFO  application=marketops-server environment=local buildVersion=0.1.0-SNAPSHOT correlationId=0c8121d9-2348-4d19-8164-42fcbac34619 c.m.m.a.i.a.JdbcMetadataAuditStore - Metadata change recorded event="metadata_change_recorded" sourceDomain="advertisingefficiency" entityType="advertising_exposure" entityId="49e86684-92a0-41e3-82db-08a1150ed747" action="READ" actorId="a19099c9-6c14-4a0e-af2d-ac2a7d58b4ae" correlationId="0c8121d9-2348-4d19-8164-42fcbac34619"
[WebServer] 2026-09-06T09:46:27.660Z INFO  application=marketops-server environment=local buildVersion=0.1.0-SNAPSHOT correlationId=87d15071-0305-4c88-9e55-051f32a4af7a c.m.m.s.i.c.CorrelationIdFilter - Request completed event="request_completed" correlationId="87d15071-0305-4c88-9e55-051f32a4af7a" status="200"
[WebServer] 2026-09-06T09:46:27.661Z INFO  application=marketops-server environment=local buildVersion=0.1.0-SNAPSHOT correlationId=0c8121d9-2348-4d19-8164-42fcbac34619 c.m.m.s.i.c.CorrelationIdFilter - Request completed event="request_completed" correlationId="0c8121d9-2348-4d19-8164-42fcbac34619" status="200"
[WebServer] 2026-09-06T09:46:27.666Z INFO  application=marketops-server environment=local buildVersion=0.1.0-SNAPSHOT correlationId=eb24714c-9531-4598-ad82-770b78fabc15 c.m.m.s.i.e.ConsoleProblemAdvice - Console request refused event="console_request_refused" errorCode="RESOURCE_SCOPE_DENIED" correlationId="eb24714c-9531-4598-ad82-770b78fabc15"
[WebServer] 2026-09-06T09:46:27.666Z INFO  application=marketops-server environment=local buildVersion=0.1.0-SNAPSHOT correlationId=eb24714c-9531-4598-ad82-770b78fabc15 c.m.m.s.i.c.CorrelationIdFilter - Request completed event="request_completed" correlationId="eb24714c-9531-4598-ad82-770b78fabc15" status="403"
[WebServer] 2026-09-06T09:46:27.670Z INFO  application=marketops-server environment=local buildVersion=0.1.0-SNAPSHOT correlationId=8bccdcb1-d0ee-45ef-bab7-70014212ec47 c.m.m.a.i.a.JdbcMetadataAuditStore - Metadata change recorded event="metadata_change_recorded" sourceDomain="advertisingefficiency" entityType="advertising_queue" entityId="49e86684-92a0-41e3-82db-08a1150ed747" action="READ" actorId="a19099c9-6c14-4a0e-af2d-ac2a7d58b4ae" correlationId="8bccdcb1-d0ee-45ef-bab7-70014212ec47"
[WebServer] 2026-09-06T09:46:27.682Z INFO  application=marketops-server environment=local buildVersion=0.1.0-SNAPSHOT correlationId=6d9ae2f6-05be-4f34-b59a-f24390faee91 c.m.m.a.i.a.JdbcMetadataAuditStore - Metadata change recorded event="metadata_change_recorded" sourceDomain="advertisingefficiency" entityType="advertising_orchestration" entityId="49e86684-92a0-41e3-82db-08a1150ed747" action="READ" actorId="a19099c9-6c14-4a0e-af2d-ac2a7d58b4ae" correlationId="6d9ae2f6-05be-4f34-b59a-f24390faee91"
[WebServer] 2026-09-06T09:46:27.683Z INFO  application=marketops-server environment=local buildVersion=0.1.0-SNAPSHOT correlationId=6d9ae2f6-05be-4f34-b59a-f24390faee91 c.m.m.s.i.c.CorrelationIdFilter - Request completed event="request_completed" correlationId="6d9ae2f6-05be-4f34-b59a-f24390faee91" status="200"
[WebServer] 2026-09-06T09:46:27.689Z INFO  application=marketops-server environment=local buildVersion=0.1.0-SNAPSHOT correlationId=8bccdcb1-d0ee-45ef-bab7-70014212ec47 c.m.m.s.i.c.CorrelationIdFilter - Request completed event="request_completed" correlationId="8bccdcb1-d0ee-45ef-bab7-70014212ec47" status="200"
[WebServer] 2026-09-06T09:46:27.695Z INFO  application=marketops-server environment=local buildVersion=0.1.0-SNAPSHOT correlationId=1d8798b0-44a0-4a98-89f4-9c0c6b8f8e47 c.m.m.s.i.c.CorrelationIdFilter - Request completed event="request_completed" correlationId="1d8798b0-44a0-4a98-89f4-9c0c6b8f8e47" status="200"
[WebServer] 2026-09-06T09:46:27.820Z INFO  application=marketops-server environment=local buildVersion=0.1.0-SNAPSHOT correlationId=cd5411fa-cd9d-4093-bf6e-6e8cfd04be3c c.m.m.a.i.a.JdbcMetadataAuditStore - Metadata change recorded event="metadata_change_recorded" sourceDomain="advertisingefficiency" entityType="advertising_case" entityId="606113ce-6249-44c1-8688-0101deaee472" action="READ" actorId="a19099c9-6c14-4a0e-af2d-ac2a7d58b4ae" correlationId="cd5411fa-cd9d-4093-bf6e-6e8cfd04be3c"
[WebServer] 2026-09-06T09:46:27.836Z INFO  application=marketops-server environment=local buildVersion=0.1.0-SNAPSHOT correlationId=cd5411fa-cd9d-4093-bf6e-6e8cfd04be3c c.m.m.s.i.c.CorrelationIdFilter - Request completed event="request_completed" correlationId="cd5411fa-cd9d-4093-bf6e-6e8cfd04be3c" status="200"
[WebServer] 2026-09-06T09:46:27.857Z INFO  application=marketops-server environment=local buildVersion=0.1.0-SNAPSHOT correlationId=c534b739-7fd0-4f20-b96d-4c056c9125ea c.m.m.a.i.a.JdbcMetadataAuditStore - Metadata change recorded event="metadata_change_recorded" sourceDomain="advertisingefficiency" entityType="advertising_manual_packet" entityId="bddf49ef-4985-4297-834f-58536ba3dce4" action="READ" actorId="a19099c9-6c14-4a0e-af2d-ac2a7d58b4ae" correlationId="c534b739-7fd0-4f20-b96d-4c056c9125ea"
[WebServer] 2026-09-06T09:46:27.858Z INFO  application=marketops-server environment=local buildVersion=0.1.0-SNAPSHOT correlationId=c534b739-7fd0-4f20-b96d-4c056c9125ea c.m.m.s.i.c.CorrelationIdFilter - Request completed event="request_completed" correlationId="c534b739-7fd0-4f20-b96d-4c056c9125ea" status="200"
[WebServer] 2026-09-06T09:46:27.926Z INFO  application=marketops-server environment=local buildVersion=0.1.0-SNAPSHOT correlationId=9ecb8d4b-e438-4c99-b33b-1cec235bfd25 c.m.m.s.i.c.CorrelationIdFilter - Request completed event="request_completed" correlationId="9ecb8d4b-e438-4c99-b33b-1cec235bfd25" status="200"
[WebServer] 2026-09-06T09:46:27.956Z INFO  application=marketops-server environment=local buildVersion=0.1.0-SNAPSHOT correlationId=1433bb17-02ca-467f-b589-47d25d3a04b6 c.m.m.s.i.c.CorrelationIdFilter - Request completed event="request_completed" correlationId="1433bb17-02ca-467f-b589-47d25d3a04b6" status="200"
[WebServer] 2026-09-06T09:46:28.007Z INFO  application=marketops-server environment=local buildVersion=0.1.0-SNAPSHOT correlationId=72b22214-cf58-4ca6-ad49-cc0d5d479842 c.m.m.s.i.c.CorrelationIdFilter - Request completed event="request_completed" correlationId="72b22214-cf58-4ca6-ad49-cc0d5d479842" status="200"
[WebServer] 2026-09-06T09:46:28.104Z INFO  application=marketops-server environment=local buildVersion=0.1.0-SNAPSHOT correlationId=874f9743-cff3-4467-9e2c-406624c4d1a5 c.m.m.s.i.c.CorrelationIdFilter - Request completed event="request_completed" correlationId="874f9743-cff3-4467-9e2c-406624c4d1a5" status="200"
[WebServer] 2026-09-06T09:46:28.170Z INFO  application=marketops-server environment=local buildVersion=0.1.0-SNAPSHOT correlationId=fe8c34b9-ddc8-45a3-a0bd-c4606c12b17e c.m.m.s.i.c.CorrelationIdFilter - Request completed event="request_completed" correlationId="fe8c34b9-ddc8-45a3-a0bd-c4606c12b17e" status="200"
[WebServer] 2026-09-06T09:46:28.214Z INFO  application=marketops-server environment=local buildVersion=0.1.0-SNAPSHOT correlationId=df42cccf-c026-4c84-b6be-e35cab8fcb31 c.m.m.s.i.c.CorrelationIdFilter - Request completed event="request_completed" correlationId="df42cccf-c026-4c84-b6be-e35cab8fcb31" status="200"
[WebServer] 2026-09-06T09:46:28.463Z INFO  application=marketops-server environment=local buildVersion=0.1.0-SNAPSHOT correlationId=9309949d-4b6f-43e2-b763-a20b59550be0 c.m.m.s.i.c.CorrelationIdFilter - Request completed event="request_completed" correlationId="9309949d-4b6f-43e2-b763-a20b59550be0" status="200"
[WebServer] 2026-09-06T09:46:28.466Z INFO  application=marketops-server environment=local buildVersion=0.1.0-SNAPSHOT correlationId=c44753c0-a03a-4aac-8221-67e46f02a5e3 c.m.m.s.i.e.ConsoleProblemAdvice - Console request refused event="console_request_refused" errorCode="RESOURCE_NOT_FOUND" correlationId="c44753c0-a03a-4aac-8221-67e46f02a5e3"
[WebServer] 2026-09-06T09:46:28.466Z INFO  application=marketops-server environment=local buildVersion=0.1.0-SNAPSHOT correlationId=c44753c0-a03a-4aac-8221-67e46f02a5e3 c.m.m.s.i.c.CorrelationIdFilter - Request completed event="request_completed" correlationId="c44753c0-a03a-4aac-8221-67e46f02a5e3" status="404"
[WebServer] 2026-09-06T09:46:28.469Z INFO  application=marketops-server environment=local buildVersion=0.1.0-SNAPSHOT correlationId=c720930f-992a-474c-84e8-565f1acd1819 c.m.m.a.i.a.JdbcMetadataAuditStore - Metadata change recorded event="metadata_change_recorded" sourceDomain="availabilityrisk" entityType="availability_queue" entityId="49e86684-92a0-41e3-82db-08a1150ed747" action="READ" actorId="9d26a1f9-117f-4a08-b608-9411c16c950e" correlationId="c720930f-992a-474c-84e8-565f1acd1819"
[WebServer] 2026-09-06T09:46:28.470Z INFO  application=marketops-server environment=local buildVersion=0.1.0-SNAPSHOT correlationId=378f6e52-fd72-49c0-ae23-0970debc094e c.m.m.a.i.a.JdbcMetadataAuditStore - Metadata change recorded event="metadata_change_recorded" sourceDomain="advertisingefficiency" entityType="advertising_containments" entityId="49e86684-92a0-41e3-82db-08a1150ed747" action="READ" actorId="9d26a1f9-117f-4a08-b608-9411c16c950e" correlationId="378f6e52-fd72-49c0-ae23-0970debc094e"
[WebServer] 2026-09-06T09:46:28.471Z INFO  application=marketops-server environment=local buildVersion=0.1.0-SNAPSHOT correlationId=c720930f-992a-474c-84e8-565f1acd1819 c.m.m.s.i.c.CorrelationIdFilter - Request completed event="request_completed" correlationId="c720930f-992a-474c-84e8-565f1acd1819" status="200"
[WebServer] 2026-09-06T09:46:28.471Z INFO  application=marketops-server environment=local buildVersion=0.1.0-SNAPSHOT correlationId=58c94437-38dd-45de-b3ab-1d2eeb7d5f67 c.m.m.a.i.a.JdbcMetadataAuditStore - Metadata change recorded event="metadata_change_recorded" sourceDomain="advertisingefficiency" entityType="advertising_reservations" entityId="49e86684-92a0-41e3-82db-08a1150ed747" action="READ" actorId="9d26a1f9-117f-4a08-b608-9411c16c950e" correlationId="58c94437-38dd-45de-b3ab-1d2eeb7d5f67"
[WebServer] 2026-09-06T09:46:28.472Z INFO  application=marketops-server environment=local buildVersion=0.1.0-SNAPSHOT correlationId=439da674-9059-4f01-898e-9c546ae71f09 c.m.m.s.i.e.ConsoleProblemAdvice - Console request refused event="console_request_refused" errorCode="RESOURCE_SCOPE_DENIED" correlationId="439da674-9059-4f01-898e-9c546ae71f09"
[WebServer] 2026-09-06T09:46:28.472Z INFO  application=marketops-server environment=local buildVersion=0.1.0-SNAPSHOT correlationId=439da674-9059-4f01-898e-9c546ae71f09 c.m.m.s.i.c.CorrelationIdFilter - Request completed event="request_completed" correlationId="439da674-9059-4f01-898e-9c546ae71f09" status="403"
[WebServer] 2026-09-06T09:46:28.473Z INFO  application=marketops-server environment=local buildVersion=0.1.0-SNAPSHOT correlationId=58c94437-38dd-45de-b3ab-1d2eeb7d5f67 c.m.m.s.i.c.CorrelationIdFilter - Request completed event="request_completed" correlationId="58c94437-38dd-45de-b3ab-1d2eeb7d5f67" status="200"
[WebServer] 2026-09-06T09:46:28.479Z INFO  application=marketops-server environment=local buildVersion=0.1.0-SNAPSHOT correlationId=378f6e52-fd72-49c0-ae23-0970debc094e c.m.m.s.i.c.CorrelationIdFilter - Request completed event="request_completed" correlationId="378f6e52-fd72-49c0-ae23-0970debc094e" status="200"
[WebServer] 2026-09-06T09:46:28.483Z INFO  application=marketops-server environment=local buildVersion=0.1.0-SNAPSHOT correlationId=c3a403a0-869e-4fc1-a8fd-c4a41ce955ca c.m.m.a.i.a.JdbcMetadataAuditStore - Metadata change recorded event="metadata_change_recorded" sourceDomain="advertisingefficiency" entityType="advertising_exposure" entityId="49e86684-92a0-41e3-82db-08a1150ed747" action="READ" actorId="9d26a1f9-117f-4a08-b608-9411c16c950e" correlationId="c3a403a0-869e-4fc1-a8fd-c4a41ce955ca"
[WebServer] 2026-09-06T09:46:28.484Z INFO  application=marketops-server environment=local buildVersion=0.1.0-SNAPSHOT correlationId=c3a403a0-869e-4fc1-a8fd-c4a41ce955ca c.m.m.s.i.c.CorrelationIdFilter - Request completed event="request_completed" correlationId="c3a403a0-869e-4fc1-a8fd-c4a41ce955ca" status="200"
[WebServer] 2026-09-06T09:46:28.485Z INFO  application=marketops-server environment=local buildVersion=0.1.0-SNAPSHOT correlationId=f0f2bf84-2642-47cd-88ed-03a611e8633d c.m.m.s.i.e.ConsoleProblemAdvice - Console request refused event="console_request_refused" errorCode="RESOURCE_SCOPE_DENIED" correlationId="f0f2bf84-2642-47cd-88ed-03a611e8633d"
[WebServer] 2026-09-06T09:46:28.485Z INFO  application=marketops-server environment=local buildVersion=0.1.0-SNAPSHOT correlationId=f0f2bf84-2642-47cd-88ed-03a611e8633d c.m.m.s.i.c.CorrelationIdFilter - Request completed event="request_completed" correlationId="f0f2bf84-2642-47cd-88ed-03a611e8633d" status="403"
[WebServer] 2026-09-06T09:46:28.488Z INFO  application=marketops-server environment=local buildVersion=0.1.0-SNAPSHOT correlationId=01e05ac8-a66a-44fc-a9c9-1a49a6d97c93 c.m.m.a.i.a.JdbcMetadataAuditStore - Metadata change recorded event="metadata_change_recorded" sourceDomain="advertisingefficiency" entityType="advertising_queue" entityId="49e86684-92a0-41e3-82db-08a1150ed747" action="READ" actorId="9d26a1f9-117f-4a08-b608-9411c16c950e" correlationId="01e05ac8-a66a-44fc-a9c9-1a49a6d97c93"
[WebServer] 2026-09-06T09:46:28.498Z INFO  application=marketops-server environment=local buildVersion=0.1.0-SNAPSHOT correlationId=bc4ba620-aaee-4d27-9d22-7999182536c3 c.m.m.a.i.a.JdbcMetadataAuditStore - Metadata change recorded event="metadata_change_recorded" sourceDomain="advertisingefficiency" entityType="advertising_orchestration" entityId="49e86684-92a0-41e3-82db-08a1150ed747" action="READ" actorId="9d26a1f9-117f-4a08-b608-9411c16c950e" correlationId="bc4ba620-aaee-4d27-9d22-7999182536c3"
[WebServer] 2026-09-06T09:46:28.499Z INFO  application=marketops-server environment=local buildVersion=0.1.0-SNAPSHOT correlationId=bc4ba620-aaee-4d27-9d22-7999182536c3 c.m.m.s.i.c.CorrelationIdFilter - Request completed event="request_completed" correlationId="bc4ba620-aaee-4d27-9d22-7999182536c3" status="200"
[WebServer] 2026-09-06T09:46:28.500Z INFO  application=marketops-server environment=local buildVersion=0.1.0-SNAPSHOT correlationId=01e05ac8-a66a-44fc-a9c9-1a49a6d97c93 c.m.m.s.i.c.CorrelationIdFilter - Request completed event="request_completed" correlationId="01e05ac8-a66a-44fc-a9c9-1a49a6d97c93" status="200"
[WebServer] 2026-09-06T09:46:28.522Z INFO  application=marketops-server environment=local buildVersion=0.1.0-SNAPSHOT correlationId=99dcfe6a-502d-4d3a-9a43-fba178259875 c.m.m.s.i.c.CorrelationIdFilter - Request completed event="request_completed" correlationId="99dcfe6a-502d-4d3a-9a43-fba178259875" status="200"
[WebServer] 2026-09-06T09:46:28.541Z INFO  application=marketops-server environment=local buildVersion=0.1.0-SNAPSHOT correlationId=c074061a-f7a0-48b0-b92c-a25d7285c67a c.m.m.a.i.a.JdbcMetadataAuditStore - Metadata change recorded event="metadata_change_recorded" sourceDomain="advertisingefficiency" entityType="advertising_case" entityId="606113ce-6249-44c1-8688-0101deaee472" action="READ" actorId="9d26a1f9-117f-4a08-b608-9411c16c950e" correlationId="c074061a-f7a0-48b0-b92c-a25d7285c67a"
[WebServer] 2026-09-06T09:46:28.552Z INFO  application=marketops-server environment=local buildVersion=0.1.0-SNAPSHOT correlationId=c074061a-f7a0-48b0-b92c-a25d7285c67a c.m.m.s.i.c.CorrelationIdFilter - Request completed event="request_completed" correlationId="c074061a-f7a0-48b0-b92c-a25d7285c67a" status="200"
[WebServer] 2026-09-06T09:46:28.575Z INFO  application=marketops-server environment=local buildVersion=0.1.0-SNAPSHOT correlationId=613ebe5b-c37c-4164-9f8d-69186b386879 c.m.m.a.i.a.JdbcMetadataAuditStore - Metadata change recorded event="metadata_change_recorded" sourceDomain="advertisingefficiency" entityType="advertising_manual_packet" entityId="bddf49ef-4985-4297-834f-58536ba3dce4" action="READ" actorId="9d26a1f9-117f-4a08-b608-9411c16c950e" correlationId="613ebe5b-c37c-4164-9f8d-69186b386879"
[WebServer] 2026-09-06T09:46:28.576Z INFO  application=marketops-server environment=local buildVersion=0.1.0-SNAPSHOT correlationId=613ebe5b-c37c-4164-9f8d-69186b386879 c.m.m.s.i.c.CorrelationIdFilter - Request completed event="request_completed" correlationId="613ebe5b-c37c-4164-9f8d-69186b386879" status="200"
[WebServer] 2026-09-06T09:46:28.596Z INFO  application=marketops-server environment=local buildVersion=0.1.0-SNAPSHOT correlationId=4e84520b-7849-4f3c-ae95-31ab98823564 c.m.m.s.i.c.CorrelationIdFilter - Request completed event="request_completed" correlationId="4e84520b-7849-4f3c-ae95-31ab98823564" status="200"
[WebServer] 2026-09-06T09:46:28.632Z INFO  application=marketops-server environment=local buildVersion=0.1.0-SNAPSHOT correlationId=918ba118-10f8-4033-a9ef-e4fce2b736c1 c.m.m.s.i.c.CorrelationIdFilter - Request completed event="request_completed" correlationId="918ba118-10f8-4033-a9ef-e4fce2b736c1" status="200"
[WebServer] 2026-09-06T09:46:28.683Z INFO  application=marketops-server environment=local buildVersion=0.1.0-SNAPSHOT correlationId=643bb679-d4f3-4396-a03c-28dae530ec34 c.m.m.s.i.c.CorrelationIdFilter - Request completed event="request_completed" correlationId="643bb679-d4f3-4396-a03c-28dae530ec34" status="200"
[WebServer] 2026-09-06T09:46:28.777Z INFO  application=marketops-server environment=local buildVersion=0.1.0-SNAPSHOT correlationId=93c169d2-f471-4f2a-86e6-674826b6dbac c.m.m.s.i.c.CorrelationIdFilter - Request completed event="request_completed" correlationId="93c169d2-f471-4f2a-86e6-674826b6dbac" status="200"
[WebServer] 2026-09-06T09:46:28.931Z INFO  application=marketops-server environment=local buildVersion=0.1.0-SNAPSHOT correlationId=bb56603d-e9e9-4764-adf9-8e2a7bce3470 c.m.m.s.i.c.CorrelationIdFilter - Request completed event="request_completed" correlationId="bb56603d-e9e9-4764-adf9-8e2a7bce3470" status="200"
[WebServer] 2026-09-06T09:46:29.000Z INFO  application=marketops-server environment=local buildVersion=0.1.0-SNAPSHOT correlationId=072eac97-941a-40df-978d-6216573c1606 c.m.m.s.i.c.CorrelationIdFilter - Request completed event="request_completed" correlationId="072eac97-941a-40df-978d-6216573c1606" status="200"
[WebServer] 2026-09-06T09:46:29.053Z INFO  application=marketops-server environment=local buildVersion=0.1.0-SNAPSHOT correlationId=e4e4c3e6-e00a-4ffa-b9f8-52a222fcf3ed c.m.m.s.i.c.CorrelationIdFilter - Request completed event="request_completed" correlationId="e4e4c3e6-e00a-4ffa-b9f8-52a222fcf3ed" status="200"
[WebServer] 2026-09-06T09:46:29.234Z INFO  application=marketops-server environment=local buildVersion=0.1.0-SNAPSHOT correlationId=43c9045a-9607-4818-9434-d2fb8ad64261 c.m.m.s.i.c.CorrelationIdFilter - Request completed event="request_completed" correlationId="43c9045a-9607-4818-9434-d2fb8ad64261" status="200"
[WebServer] 2026-09-06T09:46:29.274Z INFO  application=marketops-server environment=local buildVersion=0.1.0-SNAPSHOT correlationId=7201a426-bc3b-4222-9eb2-55d94402abe8 c.m.m.s.i.c.CorrelationIdFilter - Request completed event="request_completed" correlationId="7201a426-bc3b-4222-9eb2-55d94402abe8" status="200"
[WebServer] 2026-09-06T09:46:29.298Z INFO  application=marketops-server environment=local buildVersion=0.1.0-SNAPSHOT correlationId=913c1480-ebbb-4b1c-a854-2bffcab82fbf c.m.m.s.i.c.CorrelationIdFilter - Request completed event="request_completed" correlationId="913c1480-ebbb-4b1c-a854-2bffcab82fbf" status="200"
  ✓   6 tests/advertising-browser/governed-advertising.spec.ts:617:1 › three distinct people accept an exact temporary exception, block actions, and end it (3.3s)
[WebServer] 2026-09-06T09:46:29.948Z INFO  application=marketops-server environment=local buildVersion=0.1.0-SNAPSHOT correlationId=2f2aea24-a8b5-420f-8036-a5c749865f01 c.m.m.a.i.a.JdbcMetadataAuditStore - Metadata change recorded event="metadata_change_recorded" sourceDomain="advertisingefficiency" entityType="advertising_reservations" entityId="cae4c500-3614-41d6-bbaa-e4c17cb62db9" action="READ" actorId="fb92d66e-1719-4404-8f32-cfd3128238e4" correlationId="2f2aea24-a8b5-420f-8036-a5c749865f01"
[WebServer] 2026-09-06T09:46:29.948Z INFO  application=marketops-server environment=local buildVersion=0.1.0-SNAPSHOT correlationId=3d694459-6c87-4e5a-82f2-0f0809753485 c.m.m.a.i.a.JdbcMetadataAuditStore - Metadata change recorded event="metadata_change_recorded" sourceDomain="advertisingefficiency" entityType="advertising_containments" entityId="cae4c500-3614-41d6-bbaa-e4c17cb62db9" action="READ" actorId="fb92d66e-1719-4404-8f32-cfd3128238e4" correlationId="3d694459-6c87-4e5a-82f2-0f0809753485"
[WebServer] 2026-09-06T09:46:29.950Z INFO  application=marketops-server environment=local buildVersion=0.1.0-SNAPSHOT correlationId=10fc50ee-597d-491d-a5cd-8d4a6b0b3269 c.m.m.s.i.e.ConsoleProblemAdvice - Console request refused event="console_request_refused" errorCode="RESOURCE_NOT_FOUND" correlationId="10fc50ee-597d-491d-a5cd-8d4a6b0b3269"
[WebServer] 2026-09-06T09:46:29.950Z INFO  application=marketops-server environment=local buildVersion=0.1.0-SNAPSHOT correlationId=13412e5b-4e59-4e97-85c5-7b69c715a573 c.m.m.s.i.e.ConsoleProblemAdvice - Console request refused event="console_request_refused" errorCode="RESOURCE_SCOPE_DENIED" correlationId="13412e5b-4e59-4e97-85c5-7b69c715a573"
[WebServer] 2026-09-06T09:46:29.951Z INFO  application=marketops-server environment=local buildVersion=0.1.0-SNAPSHOT correlationId=13412e5b-4e59-4e97-85c5-7b69c715a573 c.m.m.s.i.c.CorrelationIdFilter - Request completed event="request_completed" correlationId="13412e5b-4e59-4e97-85c5-7b69c715a573" status="403"
[WebServer] 2026-09-06T09:46:29.951Z INFO  application=marketops-server environment=local buildVersion=0.1.0-SNAPSHOT correlationId=10fc50ee-597d-491d-a5cd-8d4a6b0b3269 c.m.m.s.i.c.CorrelationIdFilter - Request completed event="request_completed" correlationId="10fc50ee-597d-491d-a5cd-8d4a6b0b3269" status="404"
[WebServer] 2026-09-06T09:46:29.951Z INFO  application=marketops-server environment=local buildVersion=0.1.0-SNAPSHOT correlationId=368d9248-e45a-4a95-997f-13ecb533d786 c.m.m.a.i.a.JdbcMetadataAuditStore - Metadata change recorded event="metadata_change_recorded" sourceDomain="availabilityrisk" entityType="availability_queue" entityId="cae4c500-3614-41d6-bbaa-e4c17cb62db9" action="READ" actorId="fb92d66e-1719-4404-8f32-cfd3128238e4" correlationId="368d9248-e45a-4a95-997f-13ecb533d786"
[WebServer] 2026-09-06T09:46:29.954Z INFO  application=marketops-server environment=local buildVersion=0.1.0-SNAPSHOT correlationId=368d9248-e45a-4a95-997f-13ecb533d786 c.m.m.s.i.c.CorrelationIdFilter - Request completed event="request_completed" correlationId="368d9248-e45a-4a95-997f-13ecb533d786" status="200"
[WebServer] 2026-09-06T09:46:29.964Z INFO  application=marketops-server environment=local buildVersion=0.1.0-SNAPSHOT correlationId=2e568b02-c395-445b-96a2-e2253be8e373 c.m.m.a.i.a.JdbcMetadataAuditStore - Metadata change recorded event="metadata_change_recorded" sourceDomain="advertisingefficiency" entityType="advertising_exposure" entityId="cae4c500-3614-41d6-bbaa-e4c17cb62db9" action="READ" actorId="fb92d66e-1719-4404-8f32-cfd3128238e4" correlationId="2e568b02-c395-445b-96a2-e2253be8e373"
[WebServer] 2026-09-06T09:46:29.965Z INFO  application=marketops-server environment=local buildVersion=0.1.0-SNAPSHOT correlationId=3d694459-6c87-4e5a-82f2-0f0809753485 c.m.m.s.i.c.CorrelationIdFilter - Request completed event="request_completed" correlationId="3d694459-6c87-4e5a-82f2-0f0809753485" status="200"
[WebServer] 2026-09-06T09:46:29.966Z INFO  application=marketops-server environment=local buildVersion=0.1.0-SNAPSHOT correlationId=2e568b02-c395-445b-96a2-e2253be8e373 c.m.m.s.i.c.CorrelationIdFilter - Request completed event="request_completed" correlationId="2e568b02-c395-445b-96a2-e2253be8e373" status="200"
[WebServer] 2026-09-06T09:46:29.974Z INFO  application=marketops-server environment=local buildVersion=0.1.0-SNAPSHOT correlationId=d475aef6-9ac0-488f-9e56-6e0223e46562 c.m.m.s.i.c.CorrelationIdFilter - Request completed event="request_completed" correlationId="d475aef6-9ac0-488f-9e56-6e0223e46562" status="200"
[WebServer] 2026-09-06T09:46:29.976Z INFO  application=marketops-server environment=local buildVersion=0.1.0-SNAPSHOT correlationId=e953802c-fd73-4e7a-84a7-cfb5cd7347f5 c.m.m.s.i.e.ConsoleProblemAdvice - Console request refused event="console_request_refused" errorCode="RESOURCE_SCOPE_DENIED" correlationId="e953802c-fd73-4e7a-84a7-cfb5cd7347f5"
[WebServer] 2026-09-06T09:46:29.976Z INFO  application=marketops-server environment=local buildVersion=0.1.0-SNAPSHOT correlationId=e953802c-fd73-4e7a-84a7-cfb5cd7347f5 c.m.m.s.i.c.CorrelationIdFilter - Request completed event="request_completed" correlationId="e953802c-fd73-4e7a-84a7-cfb5cd7347f5" status="403"
[WebServer] 2026-09-06T09:46:29.977Z INFO  application=marketops-server environment=local buildVersion=0.1.0-SNAPSHOT correlationId=2f2aea24-a8b5-420f-8036-a5c749865f01 c.m.m.s.i.c.CorrelationIdFilter - Request completed event="request_completed" correlationId="2f2aea24-a8b5-420f-8036-a5c749865f01" status="200"
[WebServer] 2026-09-06T09:46:29.985Z INFO  application=marketops-server environment=local buildVersion=0.1.0-SNAPSHOT correlationId=846429a9-f28d-40a4-96d8-0f6828f22ca9 c.m.m.a.i.a.JdbcMetadataAuditStore - Metadata change recorded event="metadata_change_recorded" sourceDomain="advertisingefficiency" entityType="advertising_queue" entityId="cae4c500-3614-41d6-bbaa-e4c17cb62db9" action="READ" actorId="fb92d66e-1719-4404-8f32-cfd3128238e4" correlationId="846429a9-f28d-40a4-96d8-0f6828f22ca9"
[WebServer] 2026-09-06T09:46:29.992Z INFO  application=marketops-server environment=local buildVersion=0.1.0-SNAPSHOT correlationId=38bcebf3-ab82-4a25-8a03-13e65deb8584 c.m.m.a.i.a.JdbcMetadataAuditStore - Metadata change recorded event="metadata_change_recorded" sourceDomain="advertisingefficiency" entityType="advertising_orchestration" entityId="cae4c500-3614-41d6-bbaa-e4c17cb62db9" action="READ" actorId="fb92d66e-1719-4404-8f32-cfd3128238e4" correlationId="38bcebf3-ab82-4a25-8a03-13e65deb8584"
[WebServer] 2026-09-06T09:46:29.993Z INFO  application=marketops-server environment=local buildVersion=0.1.0-SNAPSHOT correlationId=38bcebf3-ab82-4a25-8a03-13e65deb8584 c.m.m.s.i.c.CorrelationIdFilter - Request completed event="request_completed" correlationId="38bcebf3-ab82-4a25-8a03-13e65deb8584" status="200"
[WebServer] 2026-09-06T09:46:30.027Z INFO  application=marketops-server environment=local buildVersion=0.1.0-SNAPSHOT correlationId=8d5187ac-93de-4f85-a339-6596ffca88b1 c.m.m.s.i.c.CorrelationIdFilter - Request completed event="request_completed" correlationId="8d5187ac-93de-4f85-a339-6596ffca88b1" status="200"
[WebServer] 2026-09-06T09:46:30.032Z INFO  application=marketops-server environment=local buildVersion=0.1.0-SNAPSHOT correlationId=846429a9-f28d-40a4-96d8-0f6828f22ca9 c.m.m.s.i.c.CorrelationIdFilter - Request completed event="request_completed" correlationId="846429a9-f28d-40a4-96d8-0f6828f22ca9" status="200"
[WebServer] 2026-09-06T09:46:30.118Z INFO  application=marketops-server environment=local buildVersion=0.1.0-SNAPSHOT correlationId=12f8ea64-294a-4c08-8ca4-f43114341f3d c.m.m.a.i.a.JdbcMetadataAuditStore - Metadata change recorded event="metadata_change_recorded" sourceDomain="advertisingefficiency" entityType="advertising_case" entityId="5484f52e-a629-48a8-b5b1-30308bc94f7a" action="READ" actorId="fb92d66e-1719-4404-8f32-cfd3128238e4" correlationId="12f8ea64-294a-4c08-8ca4-f43114341f3d"
[WebServer] 2026-09-06T09:46:30.130Z INFO  application=marketops-server environment=local buildVersion=0.1.0-SNAPSHOT correlationId=12f8ea64-294a-4c08-8ca4-f43114341f3d c.m.m.s.i.c.CorrelationIdFilter - Request completed event="request_completed" correlationId="12f8ea64-294a-4c08-8ca4-f43114341f3d" status="200"
[WebServer] 2026-09-06T09:46:30.155Z INFO  application=marketops-server environment=local buildVersion=0.1.0-SNAPSHOT correlationId=dcea7975-2889-4afc-ae0b-9d44b94d91e9 c.m.m.a.i.a.JdbcMetadataAuditStore - Metadata change recorded event="metadata_change_recorded" sourceDomain="advertisingefficiency" entityType="advertising_manual_packet" entityId="28408978-b4cb-458e-ab95-c360966117af" action="READ" actorId="fb92d66e-1719-4404-8f32-cfd3128238e4" correlationId="dcea7975-2889-4afc-ae0b-9d44b94d91e9"
[WebServer] 2026-09-06T09:46:30.156Z INFO  application=marketops-server environment=local buildVersion=0.1.0-SNAPSHOT correlationId=dcea7975-2889-4afc-ae0b-9d44b94d91e9 c.m.m.s.i.c.CorrelationIdFilter - Request completed event="request_completed" correlationId="dcea7975-2889-4afc-ae0b-9d44b94d91e9" status="200"
[WebServer] 2026-09-06T09:46:30.174Z INFO  application=marketops-server environment=local buildVersion=0.1.0-SNAPSHOT correlationId=70bf1200-0a80-4036-81d0-628e81c9c87f c.m.m.s.i.c.CorrelationIdFilter - Request completed event="request_completed" correlationId="70bf1200-0a80-4036-81d0-628e81c9c87f" status="200"
[WebServer] 2026-09-06T09:46:30.194Z INFO  application=marketops-server environment=local buildVersion=0.1.0-SNAPSHOT correlationId=716ba594-9515-40a0-a560-22c40e21d8f0 c.m.m.s.i.c.CorrelationIdFilter - Request completed event="request_completed" correlationId="716ba594-9515-40a0-a560-22c40e21d8f0" status="200"
[WebServer] 2026-09-06T09:46:30.213Z INFO  application=marketops-server environment=local buildVersion=0.1.0-SNAPSHOT correlationId=be932d05-5cfb-4d03-b3a4-1ca7816b54cd c.m.m.s.i.c.CorrelationIdFilter - Request completed event="request_completed" correlationId="be932d05-5cfb-4d03-b3a4-1ca7816b54cd" status="200"
[WebServer] 2026-09-06T09:46:30.215Z INFO  application=marketops-server environment=local buildVersion=0.1.0-SNAPSHOT correlationId=61490287-6075-4deb-a9f6-9f7ad33e1a32 c.m.m.a.i.a.JdbcMetadataAuditStore - Metadata change recorded event="metadata_change_recorded" sourceDomain="advertisingefficiency" entityType="advertising_command" entityId="ed984837-fd77-451f-8a89-72625dd01ba5" action="READ" actorId="fb92d66e-1719-4404-8f32-cfd3128238e4" correlationId="61490287-6075-4deb-a9f6-9f7ad33e1a32"
[WebServer] 2026-09-06T09:46:30.224Z INFO  application=marketops-server environment=local buildVersion=0.1.0-SNAPSHOT correlationId=61490287-6075-4deb-a9f6-9f7ad33e1a32 c.m.m.s.i.c.CorrelationIdFilter - Request completed event="request_completed" correlationId="61490287-6075-4deb-a9f6-9f7ad33e1a32" status="200"
[WebServer] 2026-09-06T09:46:30.240Z INFO  application=marketops-server environment=local buildVersion=0.1.0-SNAPSHOT correlationId=5e6aecb8-5642-4acc-9930-0335f3a727e7 c.m.m.s.i.c.CorrelationIdFilter - Request completed event="request_completed" correlationId="5e6aecb8-5642-4acc-9930-0335f3a727e7" status="200"
[WebServer] 2026-09-06T09:46:30.243Z INFO  application=marketops-server environment=local buildVersion=0.1.0-SNAPSHOT correlationId=76752f15-d5f5-4806-a160-3680975c1cdd c.m.m.a.i.a.JdbcMetadataAuditStore - Metadata change recorded event="metadata_change_recorded" sourceDomain="advertisingefficiency" entityType="advertising_outcome" entityId="ed984837-fd77-451f-8a89-72625dd01ba5" action="READ" actorId="fb92d66e-1719-4404-8f32-cfd3128238e4" correlationId="76752f15-d5f5-4806-a160-3680975c1cdd"
[WebServer] 2026-09-06T09:46:30.244Z INFO  application=marketops-server environment=local buildVersion=0.1.0-SNAPSHOT correlationId=76752f15-d5f5-4806-a160-3680975c1cdd c.m.m.s.i.c.CorrelationIdFilter - Request completed event="request_completed" correlationId="76752f15-d5f5-4806-a160-3680975c1cdd" status="200"
[WebServer] 2026-09-06T09:46:30.439Z INFO  application=marketops-server environment=local buildVersion=0.1.0-SNAPSHOT correlationId=1d578e01-fa99-4f7f-b3d6-672b01680367 c.m.m.s.i.c.CorrelationIdFilter - Request completed event="request_completed" correlationId="1d578e01-fa99-4f7f-b3d6-672b01680367" status="200"
[WebServer] 2026-09-06T09:46:30.507Z INFO  application=marketops-server environment=local buildVersion=0.1.0-SNAPSHOT correlationId=ee493ac2-ce23-44cf-8c67-d6878567c974 c.m.m.a.i.a.JdbcMetadataAuditStore - Metadata change recorded event="metadata_change_recorded" sourceDomain="advertisingefficiency" entityType="advertising_reservations" entityId="cae4c500-3614-41d6-bbaa-e4c17cb62db9" action="READ" actorId="fb92d66e-1719-4404-8f32-cfd3128238e4" correlationId="ee493ac2-ce23-44cf-8c67-d6878567c974"
[WebServer] 2026-09-06T09:46:30.507Z INFO  application=marketops-server environment=local buildVersion=0.1.0-SNAPSHOT correlationId=be5a8ade-9e8b-4714-879a-be7de07977a1 c.m.m.s.i.e.ConsoleProblemAdvice - Console request refused event="console_request_refused" errorCode="RESOURCE_NOT_FOUND" correlationId="be5a8ade-9e8b-4714-879a-be7de07977a1"
[WebServer] 2026-09-06T09:46:30.508Z INFO  application=marketops-server environment=local buildVersion=0.1.0-SNAPSHOT correlationId=be5a8ade-9e8b-4714-879a-be7de07977a1 c.m.m.s.i.c.CorrelationIdFilter - Request completed event="request_completed" correlationId="be5a8ade-9e8b-4714-879a-be7de07977a1" status="404"
[WebServer] 2026-09-06T09:46:30.509Z INFO  application=marketops-server environment=local buildVersion=0.1.0-SNAPSHOT correlationId=5e6c9c11-6944-4f80-90b1-65a6545f2bd0 c.m.m.a.i.a.JdbcMetadataAuditStore - Metadata change recorded event="metadata_change_recorded" sourceDomain="advertisingefficiency" entityType="advertising_containments" entityId="cae4c500-3614-41d6-bbaa-e4c17cb62db9" action="READ" actorId="fb92d66e-1719-4404-8f32-cfd3128238e4" correlationId="5e6c9c11-6944-4f80-90b1-65a6545f2bd0"
[WebServer] 2026-09-06T09:46:30.510Z INFO  application=marketops-server environment=local buildVersion=0.1.0-SNAPSHOT correlationId=e2135c83-1730-474b-9fa7-7430c5c69a76 c.m.m.s.i.e.ConsoleProblemAdvice - Console request refused event="console_request_refused" errorCode="RESOURCE_SCOPE_DENIED" correlationId="e2135c83-1730-474b-9fa7-7430c5c69a76"
[WebServer] 2026-09-06T09:46:30.510Z INFO  application=marketops-server environment=local buildVersion=0.1.0-SNAPSHOT correlationId=e2135c83-1730-474b-9fa7-7430c5c69a76 c.m.m.s.i.c.CorrelationIdFilter - Request completed event="request_completed" correlationId="e2135c83-1730-474b-9fa7-7430c5c69a76" status="403"
[WebServer] 2026-09-06T09:46:30.512Z INFO  application=marketops-server environment=local buildVersion=0.1.0-SNAPSHOT correlationId=8e5d403c-c6bd-45dc-8009-514d931eb7c4 c.m.m.a.i.a.JdbcMetadataAuditStore - Metadata change recorded event="metadata_change_recorded" sourceDomain="availabilityrisk" entityType="availability_queue" entityId="cae4c500-3614-41d6-bbaa-e4c17cb62db9" action="READ" actorId="fb92d66e-1719-4404-8f32-cfd3128238e4" correlationId="8e5d403c-c6bd-45dc-8009-514d931eb7c4"
[WebServer] 2026-09-06T09:46:30.514Z INFO  application=marketops-server environment=local buildVersion=0.1.0-SNAPSHOT correlationId=8e5d403c-c6bd-45dc-8009-514d931eb7c4 c.m.m.s.i.c.CorrelationIdFilter - Request completed event="request_completed" correlationId="8e5d403c-c6bd-45dc-8009-514d931eb7c4" status="200"
[WebServer] 2026-09-06T09:46:30.516Z INFO  application=marketops-server environment=local buildVersion=0.1.0-SNAPSHOT correlationId=0f19d0b5-2743-4644-9575-8d9d63d673db c.m.m.a.i.a.JdbcMetadataAuditStore - Metadata change recorded event="metadata_change_recorded" sourceDomain="advertisingefficiency" entityType="advertising_exposure" entityId="cae4c500-3614-41d6-bbaa-e4c17cb62db9" action="READ" actorId="fb92d66e-1719-4404-8f32-cfd3128238e4" correlationId="0f19d0b5-2743-4644-9575-8d9d63d673db"
[WebServer] 2026-09-06T09:46:30.518Z INFO  application=marketops-server environment=local buildVersion=0.1.0-SNAPSHOT correlationId=0f19d0b5-2743-4644-9575-8d9d63d673db c.m.m.s.i.c.CorrelationIdFilter - Request completed event="request_completed" correlationId="0f19d0b5-2743-4644-9575-8d9d63d673db" status="200"
[WebServer] 2026-09-06T09:46:30.522Z INFO  application=marketops-server environment=local buildVersion=0.1.0-SNAPSHOT correlationId=5e6c9c11-6944-4f80-90b1-65a6545f2bd0 c.m.m.s.i.c.CorrelationIdFilter - Request completed event="request_completed" correlationId="5e6c9c11-6944-4f80-90b1-65a6545f2bd0" status="200"
[WebServer] 2026-09-06T09:46:30.524Z INFO  application=marketops-server environment=local buildVersion=0.1.0-SNAPSHOT correlationId=297128fa-763b-4440-8b7b-ddf27c074069 c.m.m.s.i.e.ConsoleProblemAdvice - Console request refused event="console_request_refused" errorCode="RESOURCE_SCOPE_DENIED" correlationId="297128fa-763b-4440-8b7b-ddf27c074069"
[WebServer] 2026-09-06T09:46:30.525Z INFO  application=marketops-server environment=local buildVersion=0.1.0-SNAPSHOT correlationId=297128fa-763b-4440-8b7b-ddf27c074069 c.m.m.s.i.c.CorrelationIdFilter - Request completed event="request_completed" correlationId="297128fa-763b-4440-8b7b-ddf27c074069" status="403"
[WebServer] 2026-09-06T09:46:30.527Z INFO  application=marketops-server environment=local buildVersion=0.1.0-SNAPSHOT correlationId=ee493ac2-ce23-44cf-8c67-d6878567c974 c.m.m.s.i.c.CorrelationIdFilter - Request completed event="request_completed" correlationId="ee493ac2-ce23-44cf-8c67-d6878567c974" status="200"
[WebServer] 2026-09-06T09:46:30.529Z INFO  application=marketops-server environment=local buildVersion=0.1.0-SNAPSHOT correlationId=98701d31-1c3a-4ab4-97a4-5714bfcc4f0c c.m.m.a.i.a.JdbcMetadataAuditStore - Metadata change recorded event="metadata_change_recorded" sourceDomain="advertisingefficiency" entityType="advertising_queue" entityId="cae4c500-3614-41d6-bbaa-e4c17cb62db9" action="READ" actorId="fb92d66e-1719-4404-8f32-cfd3128238e4" correlationId="98701d31-1c3a-4ab4-97a4-5714bfcc4f0c"
[WebServer] 2026-09-06T09:46:30.540Z INFO  application=marketops-server environment=local buildVersion=0.1.0-SNAPSHOT correlationId=6dec15de-9cb8-4c71-be79-044c9f4e09f5 c.m.m.a.i.a.JdbcMetadataAuditStore - Metadata change recorded event="metadata_change_recorded" sourceDomain="advertisingefficiency" entityType="advertising_orchestration" entityId="cae4c500-3614-41d6-bbaa-e4c17cb62db9" action="READ" actorId="fb92d66e-1719-4404-8f32-cfd3128238e4" correlationId="6dec15de-9cb8-4c71-be79-044c9f4e09f5"
[WebServer] 2026-09-06T09:46:30.541Z INFO  application=marketops-server environment=local buildVersion=0.1.0-SNAPSHOT correlationId=6dec15de-9cb8-4c71-be79-044c9f4e09f5 c.m.m.s.i.c.CorrelationIdFilter - Request completed event="request_completed" correlationId="6dec15de-9cb8-4c71-be79-044c9f4e09f5" status="200"
[WebServer] 2026-09-06T09:46:30.571Z INFO  application=marketops-server environment=local buildVersion=0.1.0-SNAPSHOT correlationId=98701d31-1c3a-4ab4-97a4-5714bfcc4f0c c.m.m.s.i.c.CorrelationIdFilter - Request completed event="request_completed" correlationId="98701d31-1c3a-4ab4-97a4-5714bfcc4f0c" status="200"
[WebServer] 2026-09-06T09:46:30.915Z INFO  application=marketops-server environment=local buildVersion=0.1.0-SNAPSHOT correlationId=9adbbe6c-0990-4d29-bc33-f5549ec358e1 c.m.m.a.i.a.JdbcMetadataAuditStore - Metadata change recorded event="metadata_change_recorded" sourceDomain="advertisingefficiency" entityType="advertising_reservations" entityId="cae4c500-3614-41d6-bbaa-e4c17cb62db9" action="READ" actorId="1836ecee-c086-4c4b-9ee7-00f46230616f" correlationId="9adbbe6c-0990-4d29-bc33-f5549ec358e1"
[WebServer] 2026-09-06T09:46:30.918Z INFO  application=marketops-server environment=local buildVersion=0.1.0-SNAPSHOT correlationId=ff47865a-eeb0-4a3d-b1a4-5f2d079843f7 c.m.m.s.i.e.ConsoleProblemAdvice - Console request refused event="console_request_refused" errorCode="RESOURCE_NOT_FOUND" correlationId="ff47865a-eeb0-4a3d-b1a4-5f2d079843f7"
[WebServer] 2026-09-06T09:46:30.919Z INFO  application=marketops-server environment=local buildVersion=0.1.0-SNAPSHOT correlationId=ff47865a-eeb0-4a3d-b1a4-5f2d079843f7 c.m.m.s.i.c.CorrelationIdFilter - Request completed event="request_completed" correlationId="ff47865a-eeb0-4a3d-b1a4-5f2d079843f7" status="404"
[WebServer] 2026-09-06T09:46:30.919Z INFO  application=marketops-server environment=local buildVersion=0.1.0-SNAPSHOT correlationId=dca75fd2-9598-4e6c-a187-3cca66e75a25 c.m.m.a.i.a.JdbcMetadataAuditStore - Metadata change recorded event="metadata_change_recorded" sourceDomain="advertisingefficiency" entityType="advertising_containments" entityId="cae4c500-3614-41d6-bbaa-e4c17cb62db9" action="READ" actorId="1836ecee-c086-4c4b-9ee7-00f46230616f" correlationId="dca75fd2-9598-4e6c-a187-3cca66e75a25"
[WebServer] 2026-09-06T09:46:30.921Z INFO  application=marketops-server environment=local buildVersion=0.1.0-SNAPSHOT correlationId=7ea3eb2d-a127-4115-927e-1399f7b99592 c.m.m.s.i.e.ConsoleProblemAdvice - Console request refused event="console_request_refused" errorCode="RESOURCE_SCOPE_DENIED" correlationId="7ea3eb2d-a127-4115-927e-1399f7b99592"
[WebServer] 2026-09-06T09:46:30.922Z INFO  application=marketops-server environment=local buildVersion=0.1.0-SNAPSHOT correlationId=7ea3eb2d-a127-4115-927e-1399f7b99592 c.m.m.s.i.c.CorrelationIdFilter - Request completed event="request_completed" correlationId="7ea3eb2d-a127-4115-927e-1399f7b99592" status="403"
[WebServer] 2026-09-06T09:46:30.925Z INFO  application=marketops-server environment=local buildVersion=0.1.0-SNAPSHOT correlationId=dd18c7a7-8397-4897-a52d-902cc4e93cae c.m.m.s.i.c.CorrelationIdFilter - Request completed event="request_completed" correlationId="dd18c7a7-8397-4897-a52d-902cc4e93cae" status="200"
[WebServer] 2026-09-06T09:46:30.925Z INFO  application=marketops-server environment=local buildVersion=0.1.0-SNAPSHOT correlationId=b1284b13-a565-4df4-b935-9734a9021795 c.m.m.a.i.a.JdbcMetadataAuditStore - Metadata change recorded event="metadata_change_recorded" sourceDomain="availabilityrisk" entityType="availability_queue" entityId="cae4c500-3614-41d6-bbaa-e4c17cb62db9" action="READ" actorId="1836ecee-c086-4c4b-9ee7-00f46230616f" correlationId="b1284b13-a565-4df4-b935-9734a9021795"
[WebServer] 2026-09-06T09:46:30.928Z INFO  application=marketops-server environment=local buildVersion=0.1.0-SNAPSHOT correlationId=b1284b13-a565-4df4-b935-9734a9021795 c.m.m.s.i.c.CorrelationIdFilter - Request completed event="request_completed" correlationId="b1284b13-a565-4df4-b935-9734a9021795" status="200"
[WebServer] 2026-09-06T09:46:30.936Z INFO  application=marketops-server environment=local buildVersion=0.1.0-SNAPSHOT correlationId=dca75fd2-9598-4e6c-a187-3cca66e75a25 c.m.m.s.i.c.CorrelationIdFilter - Request completed event="request_completed" correlationId="dca75fd2-9598-4e6c-a187-3cca66e75a25" status="200"
[WebServer] 2026-09-06T09:46:30.938Z INFO  application=marketops-server environment=local buildVersion=0.1.0-SNAPSHOT correlationId=fcf45d78-86f6-4417-a5e5-a77f7e8203bf c.m.m.s.i.e.ConsoleProblemAdvice - Console request refused event="console_request_refused" errorCode="RESOURCE_SCOPE_DENIED" correlationId="fcf45d78-86f6-4417-a5e5-a77f7e8203bf"
[WebServer] 2026-09-06T09:46:30.938Z INFO  application=marketops-server environment=local buildVersion=0.1.0-SNAPSHOT correlationId=fcf45d78-86f6-4417-a5e5-a77f7e8203bf c.m.m.s.i.c.CorrelationIdFilter - Request completed event="request_completed" correlationId="fcf45d78-86f6-4417-a5e5-a77f7e8203bf" status="403"
[WebServer] 2026-09-06T09:46:30.939Z INFO  application=marketops-server environment=local buildVersion=0.1.0-SNAPSHOT correlationId=87c3c4b5-2955-4b13-baa8-8c91b3525dac c.m.m.a.i.a.JdbcMetadataAuditStore - Metadata change recorded event="metadata_change_recorded" sourceDomain="advertisingefficiency" entityType="advertising_exposure" entityId="cae4c500-3614-41d6-bbaa-e4c17cb62db9" action="READ" actorId="1836ecee-c086-4c4b-9ee7-00f46230616f" correlationId="87c3c4b5-2955-4b13-baa8-8c91b3525dac"
[WebServer] 2026-09-06T09:46:30.941Z INFO  application=marketops-server environment=local buildVersion=0.1.0-SNAPSHOT correlationId=87c3c4b5-2955-4b13-baa8-8c91b3525dac c.m.m.s.i.c.CorrelationIdFilter - Request completed event="request_completed" correlationId="87c3c4b5-2955-4b13-baa8-8c91b3525dac" status="200"
[WebServer] 2026-09-06T09:46:30.942Z INFO  application=marketops-server environment=local buildVersion=0.1.0-SNAPSHOT correlationId=3ad8d1bd-30c5-4e5c-9485-7dbd30ccd141 c.m.m.a.i.a.JdbcMetadataAuditStore - Metadata change recorded event="metadata_change_recorded" sourceDomain="advertisingefficiency" entityType="advertising_queue" entityId="cae4c500-3614-41d6-bbaa-e4c17cb62db9" action="READ" actorId="1836ecee-c086-4c4b-9ee7-00f46230616f" correlationId="3ad8d1bd-30c5-4e5c-9485-7dbd30ccd141"
[WebServer] 2026-09-06T09:46:30.942Z INFO  application=marketops-server environment=local buildVersion=0.1.0-SNAPSHOT correlationId=9adbbe6c-0990-4d29-bc33-f5549ec358e1 c.m.m.s.i.c.CorrelationIdFilter - Request completed event="request_completed" correlationId="9adbbe6c-0990-4d29-bc33-f5549ec358e1" status="200"
[WebServer] 2026-09-06T09:46:30.955Z INFO  application=marketops-server environment=local buildVersion=0.1.0-SNAPSHOT correlationId=619fa90e-dcc8-4a91-ae35-412c5a41849b c.m.m.a.i.a.JdbcMetadataAuditStore - Metadata change recorded event="metadata_change_recorded" sourceDomain="advertisingefficiency" entityType="advertising_orchestration" entityId="cae4c500-3614-41d6-bbaa-e4c17cb62db9" action="READ" actorId="1836ecee-c086-4c4b-9ee7-00f46230616f" correlationId="619fa90e-dcc8-4a91-ae35-412c5a41849b"
[WebServer] 2026-09-06T09:46:30.956Z INFO  application=marketops-server environment=local buildVersion=0.1.0-SNAPSHOT correlationId=619fa90e-dcc8-4a91-ae35-412c5a41849b c.m.m.s.i.c.CorrelationIdFilter - Request completed event="request_completed" correlationId="619fa90e-dcc8-4a91-ae35-412c5a41849b" status="200"
[WebServer] 2026-09-06T09:46:30.981Z INFO  application=marketops-server environment=local buildVersion=0.1.0-SNAPSHOT correlationId=238f21dd-aae0-4caa-8266-166f8130d310 c.m.m.s.i.c.CorrelationIdFilter - Request completed event="request_completed" correlationId="238f21dd-aae0-4caa-8266-166f8130d310" status="200"
[WebServer] 2026-09-06T09:46:30.997Z INFO  application=marketops-server environment=local buildVersion=0.1.0-SNAPSHOT correlationId=3ad8d1bd-30c5-4e5c-9485-7dbd30ccd141 c.m.m.s.i.c.CorrelationIdFilter - Request completed event="request_completed" correlationId="3ad8d1bd-30c5-4e5c-9485-7dbd30ccd141" status="200"
[WebServer] 2026-09-06T09:46:31.109Z INFO  application=marketops-server environment=local buildVersion=0.1.0-SNAPSHOT correlationId=67b63e5d-b985-4530-9d46-aab638c01491 c.m.m.a.i.a.JdbcMetadataAuditStore - Metadata change recorded event="metadata_change_recorded" sourceDomain="advertisingefficiency" entityType="advertising_case" entityId="5484f52e-a629-48a8-b5b1-30308bc94f7a" action="READ" actorId="1836ecee-c086-4c4b-9ee7-00f46230616f" correlationId="67b63e5d-b985-4530-9d46-aab638c01491"
[WebServer] 2026-09-06T09:46:31.122Z INFO  application=marketops-server environment=local buildVersion=0.1.0-SNAPSHOT correlationId=67b63e5d-b985-4530-9d46-aab638c01491 c.m.m.s.i.c.CorrelationIdFilter - Request completed event="request_completed" correlationId="67b63e5d-b985-4530-9d46-aab638c01491" status="200"
[WebServer] 2026-09-06T09:46:31.150Z INFO  application=marketops-server environment=local buildVersion=0.1.0-SNAPSHOT correlationId=7c571520-21d0-40b8-9c92-25bdce7c4d68 c.m.m.a.i.a.JdbcMetadataAuditStore - Metadata change recorded event="metadata_change_recorded" sourceDomain="advertisingefficiency" entityType="advertising_manual_packet" entityId="28408978-b4cb-458e-ab95-c360966117af" action="READ" actorId="1836ecee-c086-4c4b-9ee7-00f46230616f" correlationId="7c571520-21d0-40b8-9c92-25bdce7c4d68"
[WebServer] 2026-09-06T09:46:31.151Z INFO  application=marketops-server environment=local buildVersion=0.1.0-SNAPSHOT correlationId=7c571520-21d0-40b8-9c92-25bdce7c4d68 c.m.m.s.i.c.CorrelationIdFilter - Request completed event="request_completed" correlationId="7c571520-21d0-40b8-9c92-25bdce7c4d68" status="200"
[WebServer] 2026-09-06T09:46:31.168Z INFO  application=marketops-server environment=local buildVersion=0.1.0-SNAPSHOT correlationId=51221b51-3d58-491e-bb5a-4907c79ef56e c.m.m.s.i.c.CorrelationIdFilter - Request completed event="request_completed" correlationId="51221b51-3d58-491e-bb5a-4907c79ef56e" status="200"
[WebServer] 2026-09-06T09:46:31.189Z INFO  application=marketops-server environment=local buildVersion=0.1.0-SNAPSHOT correlationId=3f1c7b2d-4497-4b35-9566-1be708a4aba1 c.m.m.s.i.c.CorrelationIdFilter - Request completed event="request_completed" correlationId="3f1c7b2d-4497-4b35-9566-1be708a4aba1" status="200"
[WebServer] 2026-09-06T09:46:31.208Z INFO  application=marketops-server environment=local buildVersion=0.1.0-SNAPSHOT correlationId=a17caadd-a846-43a3-b761-7bd48162eab0 c.m.m.s.i.c.CorrelationIdFilter - Request completed event="request_completed" correlationId="a17caadd-a846-43a3-b761-7bd48162eab0" status="200"
[WebServer] 2026-09-06T09:46:31.210Z INFO  application=marketops-server environment=local buildVersion=0.1.0-SNAPSHOT correlationId=faabba40-9c06-4efc-9844-b4d3c787636a c.m.m.a.i.a.JdbcMetadataAuditStore - Metadata change recorded event="metadata_change_recorded" sourceDomain="advertisingefficiency" entityType="advertising_command" entityId="ed984837-fd77-451f-8a89-72625dd01ba5" action="READ" actorId="1836ecee-c086-4c4b-9ee7-00f46230616f" correlationId="faabba40-9c06-4efc-9844-b4d3c787636a"
[WebServer] 2026-09-06T09:46:31.224Z INFO  application=marketops-server environment=local buildVersion=0.1.0-SNAPSHOT correlationId=faabba40-9c06-4efc-9844-b4d3c787636a c.m.m.s.i.c.CorrelationIdFilter - Request completed event="request_completed" correlationId="faabba40-9c06-4efc-9844-b4d3c787636a" status="200"
[WebServer] 2026-09-06T09:46:31.244Z INFO  application=marketops-server environment=local buildVersion=0.1.0-SNAPSHOT correlationId=34114c7d-7f7f-49b3-aaae-f22bda5ea34c c.m.m.s.i.c.CorrelationIdFilter - Request completed event="request_completed" correlationId="34114c7d-7f7f-49b3-aaae-f22bda5ea34c" status="200"
[WebServer] 2026-09-06T09:46:31.248Z INFO  application=marketops-server environment=local buildVersion=0.1.0-SNAPSHOT correlationId=d7a85c15-d94a-4b6c-9cce-9ce76195462d c.m.m.a.i.a.JdbcMetadataAuditStore - Metadata change recorded event="metadata_change_recorded" sourceDomain="advertisingefficiency" entityType="advertising_reservations" entityId="cae4c500-3614-41d6-bbaa-e4c17cb62db9" action="READ" actorId="1836ecee-c086-4c4b-9ee7-00f46230616f" correlationId="d7a85c15-d94a-4b6c-9cce-9ce76195462d"
[WebServer] 2026-09-06T09:46:31.249Z INFO  application=marketops-server environment=local buildVersion=0.1.0-SNAPSHOT correlationId=6de67a3f-9c6b-4560-9e23-2b31589d5ce8 c.m.m.a.i.a.JdbcMetadataAuditStore - Metadata change recorded event="metadata_change_recorded" sourceDomain="advertisingefficiency" entityType="advertising_outcome" entityId="ed984837-fd77-451f-8a89-72625dd01ba5" action="READ" actorId="1836ecee-c086-4c4b-9ee7-00f46230616f" correlationId="6de67a3f-9c6b-4560-9e23-2b31589d5ce8"
[WebServer] 2026-09-06T09:46:31.250Z INFO  application=marketops-server environment=local buildVersion=0.1.0-SNAPSHOT correlationId=6de67a3f-9c6b-4560-9e23-2b31589d5ce8 c.m.m.s.i.c.CorrelationIdFilter - Request completed event="request_completed" correlationId="6de67a3f-9c6b-4560-9e23-2b31589d5ce8" status="200"
[WebServer] 2026-09-06T09:46:31.251Z INFO  application=marketops-server environment=local buildVersion=0.1.0-SNAPSHOT correlationId=f1b5dfec-a2e6-4d28-bff7-b662c551d217 c.m.m.s.i.e.ConsoleProblemAdvice - Console request refused event="console_request_refused" errorCode="RESOURCE_SCOPE_DENIED" correlationId="f1b5dfec-a2e6-4d28-bff7-b662c551d217"
[WebServer] 2026-09-06T09:46:31.251Z INFO  application=marketops-server environment=local buildVersion=0.1.0-SNAPSHOT correlationId=f1b5dfec-a2e6-4d28-bff7-b662c551d217 c.m.m.s.i.c.CorrelationIdFilter - Request completed event="request_completed" correlationId="f1b5dfec-a2e6-4d28-bff7-b662c551d217" status="403"
[WebServer] 2026-09-06T09:46:31.253Z INFO  application=marketops-server environment=local buildVersion=0.1.0-SNAPSHOT correlationId=8171b4c4-b71f-476e-8d0a-8b0ba88bce36 c.m.m.a.i.a.JdbcMetadataAuditStore - Metadata change recorded event="metadata_change_recorded" sourceDomain="availabilityrisk" entityType="availability_queue" entityId="cae4c500-3614-41d6-bbaa-e4c17cb62db9" action="READ" actorId="1836ecee-c086-4c4b-9ee7-00f46230616f" correlationId="8171b4c4-b71f-476e-8d0a-8b0ba88bce36"
[WebServer] 2026-09-06T09:46:31.254Z INFO  application=marketops-server environment=local buildVersion=0.1.0-SNAPSHOT correlationId=8171b4c4-b71f-476e-8d0a-8b0ba88bce36 c.m.m.s.i.c.CorrelationIdFilter - Request completed event="request_completed" correlationId="8171b4c4-b71f-476e-8d0a-8b0ba88bce36" status="200"
[WebServer] 2026-09-06T09:46:31.258Z INFO  application=marketops-server environment=local buildVersion=0.1.0-SNAPSHOT correlationId=db7e8cc8-96d5-4914-a5ab-d442744dcca1 c.m.m.a.i.a.JdbcMetadataAuditStore - Metadata change recorded event="metadata_change_recorded" sourceDomain="advertisingefficiency" entityType="advertising_containments" entityId="cae4c500-3614-41d6-bbaa-e4c17cb62db9" action="READ" actorId="1836ecee-c086-4c4b-9ee7-00f46230616f" correlationId="db7e8cc8-96d5-4914-a5ab-d442744dcca1"
[WebServer] 2026-09-06T09:46:31.261Z INFO  application=marketops-server environment=local buildVersion=0.1.0-SNAPSHOT correlationId=a99f08bf-d8db-4cd2-981b-57cca56f9277 c.m.m.a.i.a.JdbcMetadataAuditStore - Metadata change recorded event="metadata_change_recorded" sourceDomain="advertisingefficiency" entityType="advertising_exposure" entityId="cae4c500-3614-41d6-bbaa-e4c17cb62db9" action="READ" actorId="1836ecee-c086-4c4b-9ee7-00f46230616f" correlationId="a99f08bf-d8db-4cd2-981b-57cca56f9277"
[WebServer] 2026-09-06T09:46:31.261Z INFO  application=marketops-server environment=local buildVersion=0.1.0-SNAPSHOT correlationId=2a19f546-0769-4f7c-b4a9-a9e1975fb898 c.m.m.s.i.e.ConsoleProblemAdvice - Console request refused event="console_request_refused" errorCode="RESOURCE_NOT_FOUND" correlationId="2a19f546-0769-4f7c-b4a9-a9e1975fb898"
[WebServer] 2026-09-06T09:46:31.261Z INFO  application=marketops-server environment=local buildVersion=0.1.0-SNAPSHOT correlationId=2a19f546-0769-4f7c-b4a9-a9e1975fb898 c.m.m.s.i.c.CorrelationIdFilter - Request completed event="request_completed" correlationId="2a19f546-0769-4f7c-b4a9-a9e1975fb898" status="404"
[WebServer] 2026-09-06T09:46:31.262Z INFO  application=marketops-server environment=local buildVersion=0.1.0-SNAPSHOT correlationId=a99f08bf-d8db-4cd2-981b-57cca56f9277 c.m.m.s.i.c.CorrelationIdFilter - Request completed event="request_completed" correlationId="a99f08bf-d8db-4cd2-981b-57cca56f9277" status="200"
[WebServer] 2026-09-06T09:46:31.267Z INFO  application=marketops-server environment=local buildVersion=0.1.0-SNAPSHOT correlationId=7862a55c-497c-424b-9730-3618116a4db6 c.m.m.s.i.e.ConsoleProblemAdvice - Console request refused event="console_request_refused" errorCode="RESOURCE_SCOPE_DENIED" correlationId="7862a55c-497c-424b-9730-3618116a4db6"
[WebServer] 2026-09-06T09:46:31.267Z INFO  application=marketops-server environment=local buildVersion=0.1.0-SNAPSHOT correlationId=d7a85c15-d94a-4b6c-9cce-9ce76195462d c.m.m.s.i.c.CorrelationIdFilter - Request completed event="request_completed" correlationId="d7a85c15-d94a-4b6c-9cce-9ce76195462d" status="200"
[WebServer] 2026-09-06T09:46:31.267Z INFO  application=marketops-server environment=local buildVersion=0.1.0-SNAPSHOT correlationId=7862a55c-497c-424b-9730-3618116a4db6 c.m.m.s.i.c.CorrelationIdFilter - Request completed event="request_completed" correlationId="7862a55c-497c-424b-9730-3618116a4db6" status="403"
[WebServer] 2026-09-06T09:46:31.268Z INFO  application=marketops-server environment=local buildVersion=0.1.0-SNAPSHOT correlationId=d12847f5-63e5-4a04-8165-19dfb66a97e1 c.m.m.a.i.a.JdbcMetadataAuditStore - Metadata change recorded event="metadata_change_recorded" sourceDomain="advertisingefficiency" entityType="advertising_queue" entityId="cae4c500-3614-41d6-bbaa-e4c17cb62db9" action="READ" actorId="1836ecee-c086-4c4b-9ee7-00f46230616f" correlationId="d12847f5-63e5-4a04-8165-19dfb66a97e1"
[WebServer] 2026-09-06T09:46:31.270Z INFO  application=marketops-server environment=local buildVersion=0.1.0-SNAPSHOT correlationId=db7e8cc8-96d5-4914-a5ab-d442744dcca1 c.m.m.s.i.c.CorrelationIdFilter - Request completed event="request_completed" correlationId="db7e8cc8-96d5-4914-a5ab-d442744dcca1" status="200"
[WebServer] 2026-09-06T09:46:31.281Z INFO  application=marketops-server environment=local buildVersion=0.1.0-SNAPSHOT correlationId=8f1661b4-f3fa-40cf-b0e3-aa608db991f2 c.m.m.a.i.a.JdbcMetadataAuditStore - Metadata change recorded event="metadata_change_recorded" sourceDomain="advertisingefficiency" entityType="advertising_orchestration" entityId="cae4c500-3614-41d6-bbaa-e4c17cb62db9" action="READ" actorId="1836ecee-c086-4c4b-9ee7-00f46230616f" correlationId="8f1661b4-f3fa-40cf-b0e3-aa608db991f2"
[WebServer] 2026-09-06T09:46:31.284Z INFO  application=marketops-server environment=local buildVersion=0.1.0-SNAPSHOT correlationId=8f1661b4-f3fa-40cf-b0e3-aa608db991f2 c.m.m.s.i.c.CorrelationIdFilter - Request completed event="request_completed" correlationId="8f1661b4-f3fa-40cf-b0e3-aa608db991f2" status="200"
[WebServer] 2026-09-06T09:46:31.322Z INFO  application=marketops-server environment=local buildVersion=0.1.0-SNAPSHOT correlationId=d12847f5-63e5-4a04-8165-19dfb66a97e1 c.m.m.s.i.c.CorrelationIdFilter - Request completed event="request_completed" correlationId="d12847f5-63e5-4a04-8165-19dfb66a97e1" status="200"
[WebServer] 2026-09-06T09:46:31.380Z INFO  application=marketops-server environment=local buildVersion=0.1.0-SNAPSHOT correlationId=f91e28bd-5383-46b6-a05e-2c9757d8ce89 c.m.m.s.i.c.CorrelationIdFilter - Request completed event="request_completed" correlationId="f91e28bd-5383-46b6-a05e-2c9757d8ce89" status="200"
[WebServer] 2026-09-06T09:46:31.391Z INFO  application=marketops-server environment=local buildVersion=0.1.0-SNAPSHOT correlationId=9abfb5f2-6160-4ff0-8794-fdb7abf3090a c.m.m.a.i.a.JdbcMetadataAuditStore - Metadata change recorded event="metadata_change_recorded" sourceDomain="advertisingefficiency" entityType="advertising_reservations" entityId="cae4c500-3614-41d6-bbaa-e4c17cb62db9" action="READ" actorId="1836ecee-c086-4c4b-9ee7-00f46230616f" correlationId="9abfb5f2-6160-4ff0-8794-fdb7abf3090a"
[WebServer] 2026-09-06T09:46:31.392Z INFO  application=marketops-server environment=local buildVersion=0.1.0-SNAPSHOT correlationId=70a93691-6111-466a-b547-2d443681a190 c.m.m.a.i.a.JdbcMetadataAuditStore - Metadata change recorded event="metadata_change_recorded" sourceDomain="advertisingefficiency" entityType="advertising_containments" entityId="cae4c500-3614-41d6-bbaa-e4c17cb62db9" action="READ" actorId="1836ecee-c086-4c4b-9ee7-00f46230616f" correlationId="70a93691-6111-466a-b547-2d443681a190"
[WebServer] 2026-09-06T09:46:31.400Z INFO  application=marketops-server environment=local buildVersion=0.1.0-SNAPSHOT correlationId=24c636c9-6ead-4200-a8e2-f318e152e5e6 c.m.m.a.i.a.JdbcMetadataAuditStore - Metadata change recorded event="metadata_change_recorded" sourceDomain="advertisingefficiency" entityType="advertising_exposure" entityId="cae4c500-3614-41d6-bbaa-e4c17cb62db9" action="READ" actorId="1836ecee-c086-4c4b-9ee7-00f46230616f" correlationId="24c636c9-6ead-4200-a8e2-f318e152e5e6"
[WebServer] 2026-09-06T09:46:31.400Z INFO  application=marketops-server environment=local buildVersion=0.1.0-SNAPSHOT correlationId=70a93691-6111-466a-b547-2d443681a190 c.m.m.s.i.c.CorrelationIdFilter - Request completed event="request_completed" correlationId="70a93691-6111-466a-b547-2d443681a190" status="200"
[WebServer] 2026-09-06T09:46:31.401Z INFO  application=marketops-server environment=local buildVersion=0.1.0-SNAPSHOT correlationId=24c636c9-6ead-4200-a8e2-f318e152e5e6 c.m.m.s.i.c.CorrelationIdFilter - Request completed event="request_completed" correlationId="24c636c9-6ead-4200-a8e2-f318e152e5e6" status="200"
[WebServer] 2026-09-06T09:46:31.404Z INFO  application=marketops-server environment=local buildVersion=0.1.0-SNAPSHOT correlationId=9abfb5f2-6160-4ff0-8794-fdb7abf3090a c.m.m.s.i.c.CorrelationIdFilter - Request completed event="request_completed" correlationId="9abfb5f2-6160-4ff0-8794-fdb7abf3090a" status="200"
  ✓   7 tests/advertising-browser/governed-advertising.spec.ts:676:1 › scoped emergency hold remains active until independent recovery conditions are established (2.1s)
[WebServer] 2026-09-06T09:46:31.963Z INFO  application=marketops-server environment=local buildVersion=0.1.0-SNAPSHOT correlationId=c782e090-c592-42f5-b77e-8a4e41bf3e63 c.m.m.s.i.c.CorrelationIdFilter - Request completed event="request_completed" correlationId="c782e090-c592-42f5-b77e-8a4e41bf3e63" status="200"
[WebServer] 2026-09-06T09:46:31.970Z INFO  application=marketops-server environment=local buildVersion=0.1.0-SNAPSHOT correlationId=1955bd98-cf85-49f2-933f-9dc9b327e624 c.m.m.s.i.e.ConsoleProblemAdvice - Console request refused event="console_request_refused" errorCode="RESOURCE_SCOPE_DENIED" correlationId="1955bd98-cf85-49f2-933f-9dc9b327e624"
[WebServer] 2026-09-06T09:46:31.970Z INFO  application=marketops-server environment=local buildVersion=0.1.0-SNAPSHOT correlationId=1955bd98-cf85-49f2-933f-9dc9b327e624 c.m.m.s.i.c.CorrelationIdFilter - Request completed event="request_completed" correlationId="1955bd98-cf85-49f2-933f-9dc9b327e624" status="403"
[WebServer] 2026-09-06T09:46:31.973Z INFO  application=marketops-server environment=local buildVersion=0.1.0-SNAPSHOT correlationId=117c0be9-9c7a-40d6-adb1-701debd65979 c.m.m.a.i.a.JdbcMetadataAuditStore - Metadata change recorded event="metadata_change_recorded" sourceDomain="advertisingefficiency" entityType="advertising_containments" entityId="b5545b2a-3a0d-4310-b758-40792eda02f0" action="READ" actorId="5714772a-022b-4ddb-b10a-d4f2dc69f99b" correlationId="117c0be9-9c7a-40d6-adb1-701debd65979"
[WebServer] 2026-09-06T09:46:31.976Z INFO  application=marketops-server environment=local buildVersion=0.1.0-SNAPSHOT correlationId=a0c439c2-c445-4a79-889c-7429cce2fd24 c.m.m.s.i.e.ConsoleProblemAdvice - Console request refused event="console_request_refused" errorCode="RESOURCE_NOT_FOUND" correlationId="a0c439c2-c445-4a79-889c-7429cce2fd24"
[WebServer] 2026-09-06T09:46:31.976Z INFO  application=marketops-server environment=local buildVersion=0.1.0-SNAPSHOT correlationId=bb9a3bc0-bccf-49f7-92a2-a673e1aa40e4 c.m.m.a.i.a.JdbcMetadataAuditStore - Metadata change recorded event="metadata_change_recorded" sourceDomain="availabilityrisk" entityType="availability_queue" entityId="b5545b2a-3a0d-4310-b758-40792eda02f0" action="READ" actorId="5714772a-022b-4ddb-b10a-d4f2dc69f99b" correlationId="bb9a3bc0-bccf-49f7-92a2-a673e1aa40e4"
[WebServer] 2026-09-06T09:46:31.977Z INFO  application=marketops-server environment=local buildVersion=0.1.0-SNAPSHOT correlationId=a0c439c2-c445-4a79-889c-7429cce2fd24 c.m.m.s.i.c.CorrelationIdFilter - Request completed event="request_completed" correlationId="a0c439c2-c445-4a79-889c-7429cce2fd24" status="404"
[WebServer] 2026-09-06T09:46:31.978Z INFO  application=marketops-server environment=local buildVersion=0.1.0-SNAPSHOT correlationId=bb9a3bc0-bccf-49f7-92a2-a673e1aa40e4 c.m.m.s.i.c.CorrelationIdFilter - Request completed event="request_completed" correlationId="bb9a3bc0-bccf-49f7-92a2-a673e1aa40e4" status="200"
[WebServer] 2026-09-06T09:46:31.980Z INFO  application=marketops-server environment=local buildVersion=0.1.0-SNAPSHOT correlationId=7476bbf7-2c2c-4f0e-a195-d9f04d53d087 c.m.m.a.i.a.JdbcMetadataAuditStore - Metadata change recorded event="metadata_change_recorded" sourceDomain="advertisingefficiency" entityType="advertising_reservations" entityId="b5545b2a-3a0d-4310-b758-40792eda02f0" action="READ" actorId="5714772a-022b-4ddb-b10a-d4f2dc69f99b" correlationId="7476bbf7-2c2c-4f0e-a195-d9f04d53d087"
[WebServer] 2026-09-06T09:46:31.982Z INFO  application=marketops-server environment=local buildVersion=0.1.0-SNAPSHOT correlationId=117c0be9-9c7a-40d6-adb1-701debd65979 c.m.m.s.i.c.CorrelationIdFilter - Request completed event="request_completed" correlationId="117c0be9-9c7a-40d6-adb1-701debd65979" status="200"
[WebServer] 2026-09-06T09:46:31.986Z INFO  application=marketops-server environment=local buildVersion=0.1.0-SNAPSHOT correlationId=37b225e3-cb01-4a67-ace2-049cc2aa7c60 c.m.m.a.i.a.JdbcMetadataAuditStore - Metadata change recorded event="metadata_change_recorded" sourceDomain="advertisingefficiency" entityType="advertising_exposure" entityId="b5545b2a-3a0d-4310-b758-40792eda02f0" action="READ" actorId="5714772a-022b-4ddb-b10a-d4f2dc69f99b" correlationId="37b225e3-cb01-4a67-ace2-049cc2aa7c60"
[WebServer] 2026-09-06T09:46:31.988Z INFO  application=marketops-server environment=local buildVersion=0.1.0-SNAPSHOT correlationId=37b225e3-cb01-4a67-ace2-049cc2aa7c60 c.m.m.s.i.c.CorrelationIdFilter - Request completed event="request_completed" correlationId="37b225e3-cb01-4a67-ace2-049cc2aa7c60" status="200"
[WebServer] 2026-09-06T09:46:31.988Z INFO  application=marketops-server environment=local buildVersion=0.1.0-SNAPSHOT correlationId=9d789ad2-3601-4bd9-bed1-bcaa33a76219 c.m.m.s.i.e.ConsoleProblemAdvice - Console request refused event="console_request_refused" errorCode="RESOURCE_SCOPE_DENIED" correlationId="9d789ad2-3601-4bd9-bed1-bcaa33a76219"
[WebServer] 2026-09-06T09:46:31.989Z INFO  application=marketops-server environment=local buildVersion=0.1.0-SNAPSHOT correlationId=9d789ad2-3601-4bd9-bed1-bcaa33a76219 c.m.m.s.i.c.CorrelationIdFilter - Request completed event="request_completed" correlationId="9d789ad2-3601-4bd9-bed1-bcaa33a76219" status="403"
[WebServer] 2026-09-06T09:46:31.993Z INFO  application=marketops-server environment=local buildVersion=0.1.0-SNAPSHOT correlationId=500b4619-5353-47b7-9be4-34d193fc1fe3 c.m.m.a.i.a.JdbcMetadataAuditStore - Metadata change recorded event="metadata_change_recorded" sourceDomain="advertisingefficiency" entityType="advertising_queue" entityId="b5545b2a-3a0d-4310-b758-40792eda02f0" action="READ" actorId="5714772a-022b-4ddb-b10a-d4f2dc69f99b" correlationId="500b4619-5353-47b7-9be4-34d193fc1fe3"
[WebServer] 2026-09-06T09:46:31.998Z INFO  application=marketops-server environment=local buildVersion=0.1.0-SNAPSHOT correlationId=7476bbf7-2c2c-4f0e-a195-d9f04d53d087 c.m.m.s.i.c.CorrelationIdFilter - Request completed event="request_completed" correlationId="7476bbf7-2c2c-4f0e-a195-d9f04d53d087" status="200"
[WebServer] 2026-09-06T09:46:32.006Z INFO  application=marketops-server environment=local buildVersion=0.1.0-SNAPSHOT correlationId=500b4619-5353-47b7-9be4-34d193fc1fe3 c.m.m.s.i.c.CorrelationIdFilter - Request completed event="request_completed" correlationId="500b4619-5353-47b7-9be4-34d193fc1fe3" status="200"
[WebServer] 2026-09-06T09:46:32.016Z INFO  application=marketops-server environment=local buildVersion=0.1.0-SNAPSHOT correlationId=e42def1a-d1a3-4a4a-b42b-2827fcf82c18 c.m.m.a.i.a.JdbcMetadataAuditStore - Metadata change recorded event="metadata_change_recorded" sourceDomain="advertisingefficiency" entityType="advertising_orchestration" entityId="b5545b2a-3a0d-4310-b758-40792eda02f0" action="READ" actorId="5714772a-022b-4ddb-b10a-d4f2dc69f99b" correlationId="e42def1a-d1a3-4a4a-b42b-2827fcf82c18"
[WebServer] 2026-09-06T09:46:32.017Z INFO  application=marketops-server environment=local buildVersion=0.1.0-SNAPSHOT correlationId=e42def1a-d1a3-4a4a-b42b-2827fcf82c18 c.m.m.s.i.c.CorrelationIdFilter - Request completed event="request_completed" correlationId="e42def1a-d1a3-4a4a-b42b-2827fcf82c18" status="200"
[WebServer] 2026-09-06T09:46:32.027Z INFO  application=marketops-server environment=local buildVersion=0.1.0-SNAPSHOT correlationId=75443f33-4504-403d-86ac-5a58a1ac57fb c.m.m.s.i.c.CorrelationIdFilter - Request completed event="request_completed" correlationId="75443f33-4504-403d-86ac-5a58a1ac57fb" status="200"
[WebServer] 2026-09-06T09:46:32.154Z INFO  application=marketops-server environment=local buildVersion=0.1.0-SNAPSHOT correlationId=2457f93f-9b29-4783-8479-786e90d88e59 c.m.m.a.i.a.JdbcMetadataAuditStore - Metadata change recorded event="metadata_change_recorded" sourceDomain="advertisingefficiency" entityType="advertising_case" entityId="efcbf63f-e997-4a6f-936d-38369f7d6f54" action="READ" actorId="5714772a-022b-4ddb-b10a-d4f2dc69f99b" correlationId="2457f93f-9b29-4783-8479-786e90d88e59"
[WebServer] 2026-09-06T09:46:32.166Z INFO  application=marketops-server environment=local buildVersion=0.1.0-SNAPSHOT correlationId=2457f93f-9b29-4783-8479-786e90d88e59 c.m.m.s.i.c.CorrelationIdFilter - Request completed event="request_completed" correlationId="2457f93f-9b29-4783-8479-786e90d88e59" status="200"
[WebServer] 2026-09-06T09:46:32.187Z INFO  application=marketops-server environment=local buildVersion=0.1.0-SNAPSHOT correlationId=df1d5a46-69e1-4acb-8f0b-6e5f20d4a7ef c.m.m.a.i.a.JdbcMetadataAuditStore - Metadata change recorded event="metadata_change_recorded" sourceDomain="advertisingefficiency" entityType="advertising_manual_packet" entityId="a9f36071-12c0-402f-a4cc-44b467136f48" action="READ" actorId="5714772a-022b-4ddb-b10a-d4f2dc69f99b" correlationId="df1d5a46-69e1-4acb-8f0b-6e5f20d4a7ef"
[WebServer] 2026-09-06T09:46:32.188Z INFO  application=marketops-server environment=local buildVersion=0.1.0-SNAPSHOT correlationId=df1d5a46-69e1-4acb-8f0b-6e5f20d4a7ef c.m.m.s.i.c.CorrelationIdFilter - Request completed event="request_completed" correlationId="df1d5a46-69e1-4acb-8f0b-6e5f20d4a7ef" status="200"
[WebServer] 2026-09-06T09:46:32.206Z INFO  application=marketops-server environment=local buildVersion=0.1.0-SNAPSHOT correlationId=89022e7a-d440-43fe-a097-61eb819aa07b c.m.m.s.i.c.CorrelationIdFilter - Request completed event="request_completed" correlationId="89022e7a-d440-43fe-a097-61eb819aa07b" status="200"
[WebServer] 2026-09-06T09:46:32.223Z INFO  application=marketops-server environment=local buildVersion=0.1.0-SNAPSHOT correlationId=b337bd44-7af1-43db-8a37-b7cee9e79b80 c.m.m.s.i.c.CorrelationIdFilter - Request completed event="request_completed" correlationId="b337bd44-7af1-43db-8a37-b7cee9e79b80" status="200"
[WebServer] 2026-09-06T09:46:32.240Z INFO  application=marketops-server environment=local buildVersion=0.1.0-SNAPSHOT correlationId=ab4cb7c1-eed7-4d56-b5a6-bc6e3f62892f c.m.m.s.i.c.CorrelationIdFilter - Request completed event="request_completed" correlationId="ab4cb7c1-eed7-4d56-b5a6-bc6e3f62892f" status="200"
[WebServer] 2026-09-06T09:46:32.242Z INFO  application=marketops-server environment=local buildVersion=0.1.0-SNAPSHOT correlationId=93420f8f-7d99-4a88-968a-c8ae2386194a c.m.m.a.i.a.JdbcMetadataAuditStore - Metadata change recorded event="metadata_change_recorded" sourceDomain="advertisingefficiency" entityType="advertising_command" entityId="b914c0a7-4cb8-4eb3-979c-8a09b3f38d8c" action="READ" actorId="5714772a-022b-4ddb-b10a-d4f2dc69f99b" correlationId="93420f8f-7d99-4a88-968a-c8ae2386194a"
[WebServer] 2026-09-06T09:46:32.253Z INFO  application=marketops-server environment=local buildVersion=0.1.0-SNAPSHOT correlationId=93420f8f-7d99-4a88-968a-c8ae2386194a c.m.m.s.i.c.CorrelationIdFilter - Request completed event="request_completed" correlationId="93420f8f-7d99-4a88-968a-c8ae2386194a" status="200"
[WebServer] 2026-09-06T09:46:32.271Z INFO  application=marketops-server environment=local buildVersion=0.1.0-SNAPSHOT correlationId=6989b092-4b6e-48fe-9ef1-222877d5d626 c.m.m.s.i.c.CorrelationIdFilter - Request completed event="request_completed" correlationId="6989b092-4b6e-48fe-9ef1-222877d5d626" status="200"
[WebServer] 2026-09-06T09:46:32.275Z INFO  application=marketops-server environment=local buildVersion=0.1.0-SNAPSHOT correlationId=14e67d14-7cfa-4614-8e4f-0c9f2c5bfa00 c.m.m.a.i.a.JdbcMetadataAuditStore - Metadata change recorded event="metadata_change_recorded" sourceDomain="advertisingefficiency" entityType="advertising_outcome" entityId="b914c0a7-4cb8-4eb3-979c-8a09b3f38d8c" action="READ" actorId="5714772a-022b-4ddb-b10a-d4f2dc69f99b" correlationId="14e67d14-7cfa-4614-8e4f-0c9f2c5bfa00"
[WebServer] 2026-09-06T09:46:32.276Z INFO  application=marketops-server environment=local buildVersion=0.1.0-SNAPSHOT correlationId=14e67d14-7cfa-4614-8e4f-0c9f2c5bfa00 c.m.m.s.i.c.CorrelationIdFilter - Request completed event="request_completed" correlationId="14e67d14-7cfa-4614-8e4f-0c9f2c5bfa00" status="200"
[WebServer] 2026-09-06T09:46:32.635Z INFO  application=marketops-server environment=local buildVersion=0.1.0-SNAPSHOT correlationId=8c5b91b0-b377-46c4-98f3-3c8b0972f3c9 c.m.m.s.i.c.CorrelationIdFilter - Request completed event="request_completed" correlationId="8c5b91b0-b377-46c4-98f3-3c8b0972f3c9" status="200"
[WebServer] 2026-09-06T09:46:32.637Z INFO  application=marketops-server environment=local buildVersion=0.1.0-SNAPSHOT correlationId=438ca01d-0dc1-4a1c-919d-7ff8c9c3b958 c.m.m.s.i.e.ConsoleProblemAdvice - Console request refused event="console_request_refused" errorCode="RESOURCE_NOT_FOUND" correlationId="438ca01d-0dc1-4a1c-919d-7ff8c9c3b958"
[WebServer] 2026-09-06T09:46:32.637Z INFO  application=marketops-server environment=local buildVersion=0.1.0-SNAPSHOT correlationId=438ca01d-0dc1-4a1c-919d-7ff8c9c3b958 c.m.m.s.i.c.CorrelationIdFilter - Request completed event="request_completed" correlationId="438ca01d-0dc1-4a1c-919d-7ff8c9c3b958" status="404"
[WebServer] 2026-09-06T09:46:32.639Z INFO  application=marketops-server environment=local buildVersion=0.1.0-SNAPSHOT correlationId=67eafa1e-a001-49b6-8660-562ec62ad0ff c.m.m.s.i.e.ConsoleProblemAdvice - Console request refused event="console_request_refused" errorCode="RESOURCE_SCOPE_DENIED" correlationId="67eafa1e-a001-49b6-8660-562ec62ad0ff"
[WebServer] 2026-09-06T09:46:32.639Z INFO  application=marketops-server environment=local buildVersion=0.1.0-SNAPSHOT correlationId=613faaba-06e7-4832-891f-8a5064c1fc9c c.m.m.a.i.a.JdbcMetadataAuditStore - Metadata change recorded event="metadata_change_recorded" sourceDomain="availabilityrisk" entityType="availability_queue" entityId="b5545b2a-3a0d-4310-b758-40792eda02f0" action="READ" actorId="6dfe6e9d-9509-4794-9227-dfe30f6c4197" correlationId="613faaba-06e7-4832-891f-8a5064c1fc9c"
[WebServer] 2026-09-06T09:46:32.639Z INFO  application=marketops-server environment=local buildVersion=0.1.0-SNAPSHOT correlationId=a25702da-7dc8-4d3b-9dea-6f87c7f56711 c.m.m.a.i.a.JdbcMetadataAuditStore - Metadata change recorded event="metadata_change_recorded" sourceDomain="advertisingefficiency" entityType="advertising_containments" entityId="b5545b2a-3a0d-4310-b758-40792eda02f0" action="READ" actorId="6dfe6e9d-9509-4794-9227-dfe30f6c4197" correlationId="a25702da-7dc8-4d3b-9dea-6f87c7f56711"
[WebServer] 2026-09-06T09:46:32.639Z INFO  application=marketops-server environment=local buildVersion=0.1.0-SNAPSHOT correlationId=67eafa1e-a001-49b6-8660-562ec62ad0ff c.m.m.s.i.c.CorrelationIdFilter - Request completed event="request_completed" correlationId="67eafa1e-a001-49b6-8660-562ec62ad0ff" status="403"
[WebServer] 2026-09-06T09:46:32.641Z INFO  application=marketops-server environment=local buildVersion=0.1.0-SNAPSHOT correlationId=613faaba-06e7-4832-891f-8a5064c1fc9c c.m.m.s.i.c.CorrelationIdFilter - Request completed event="request_completed" correlationId="613faaba-06e7-4832-891f-8a5064c1fc9c" status="200"
[WebServer] 2026-09-06T09:46:32.644Z INFO  application=marketops-server environment=local buildVersion=0.1.0-SNAPSHOT correlationId=40b38421-3d2a-4c4c-bf4f-0175fd54b544 c.m.m.a.i.a.JdbcMetadataAuditStore - Metadata change recorded event="metadata_change_recorded" sourceDomain="advertisingefficiency" entityType="advertising_reservations" entityId="b5545b2a-3a0d-4310-b758-40792eda02f0" action="READ" actorId="6dfe6e9d-9509-4794-9227-dfe30f6c4197" correlationId="40b38421-3d2a-4c4c-bf4f-0175fd54b544"
[WebServer] 2026-09-06T09:46:32.646Z INFO  application=marketops-server environment=local buildVersion=0.1.0-SNAPSHOT correlationId=a25702da-7dc8-4d3b-9dea-6f87c7f56711 c.m.m.s.i.c.CorrelationIdFilter - Request completed event="request_completed" correlationId="a25702da-7dc8-4d3b-9dea-6f87c7f56711" status="200"
[WebServer] 2026-09-06T09:46:32.648Z INFO  application=marketops-server environment=local buildVersion=0.1.0-SNAPSHOT correlationId=d81905f7-6548-48d7-bc58-cb5f49db2647 c.m.m.a.i.a.JdbcMetadataAuditStore - Metadata change recorded event="metadata_change_recorded" sourceDomain="advertisingefficiency" entityType="advertising_exposure" entityId="b5545b2a-3a0d-4310-b758-40792eda02f0" action="READ" actorId="6dfe6e9d-9509-4794-9227-dfe30f6c4197" correlationId="d81905f7-6548-48d7-bc58-cb5f49db2647"
[WebServer] 2026-09-06T09:46:32.649Z INFO  application=marketops-server environment=local buildVersion=0.1.0-SNAPSHOT correlationId=d81905f7-6548-48d7-bc58-cb5f49db2647 c.m.m.s.i.c.CorrelationIdFilter - Request completed event="request_completed" correlationId="d81905f7-6548-48d7-bc58-cb5f49db2647" status="200"
[WebServer] 2026-09-06T09:46:32.659Z INFO  application=marketops-server environment=local buildVersion=0.1.0-SNAPSHOT correlationId=a936bd91-732c-4d6b-a882-b8ae7e24c74d c.m.m.s.i.e.ConsoleProblemAdvice - Console request refused event="console_request_refused" errorCode="RESOURCE_SCOPE_DENIED" correlationId="a936bd91-732c-4d6b-a882-b8ae7e24c74d"
[WebServer] 2026-09-06T09:46:32.659Z INFO  application=marketops-server environment=local buildVersion=0.1.0-SNAPSHOT correlationId=a936bd91-732c-4d6b-a882-b8ae7e24c74d c.m.m.s.i.c.CorrelationIdFilter - Request completed event="request_completed" correlationId="a936bd91-732c-4d6b-a882-b8ae7e24c74d" status="403"
[WebServer] 2026-09-06T09:46:32.669Z INFO  application=marketops-server environment=local buildVersion=0.1.0-SNAPSHOT correlationId=960d7641-c052-490d-be10-21f410f4b4d2 c.m.m.a.i.a.JdbcMetadataAuditStore - Metadata change recorded event="metadata_change_recorded" sourceDomain="advertisingefficiency" entityType="advertising_queue" entityId="b5545b2a-3a0d-4310-b758-40792eda02f0" action="READ" actorId="6dfe6e9d-9509-4794-9227-dfe30f6c4197" correlationId="960d7641-c052-490d-be10-21f410f4b4d2"
[WebServer] 2026-09-06T09:46:32.677Z INFO  application=marketops-server environment=local buildVersion=0.1.0-SNAPSHOT correlationId=40b38421-3d2a-4c4c-bf4f-0175fd54b544 c.m.m.s.i.c.CorrelationIdFilter - Request completed event="request_completed" correlationId="40b38421-3d2a-4c4c-bf4f-0175fd54b544" status="200"
[WebServer] 2026-09-06T09:46:32.688Z INFO  application=marketops-server environment=local buildVersion=0.1.0-SNAPSHOT correlationId=960d7641-c052-490d-be10-21f410f4b4d2 c.m.m.s.i.c.CorrelationIdFilter - Request completed event="request_completed" correlationId="960d7641-c052-490d-be10-21f410f4b4d2" status="200"
[WebServer] 2026-09-06T09:46:32.698Z INFO  application=marketops-server environment=local buildVersion=0.1.0-SNAPSHOT correlationId=310fd343-6bc9-47f8-a161-a73da2993589 c.m.m.a.i.a.JdbcMetadataAuditStore - Metadata change recorded event="metadata_change_recorded" sourceDomain="advertisingefficiency" entityType="advertising_orchestration" entityId="b5545b2a-3a0d-4310-b758-40792eda02f0" action="READ" actorId="6dfe6e9d-9509-4794-9227-dfe30f6c4197" correlationId="310fd343-6bc9-47f8-a161-a73da2993589"
[WebServer] 2026-09-06T09:46:32.700Z INFO  application=marketops-server environment=local buildVersion=0.1.0-SNAPSHOT correlationId=310fd343-6bc9-47f8-a161-a73da2993589 c.m.m.s.i.c.CorrelationIdFilter - Request completed event="request_completed" correlationId="310fd343-6bc9-47f8-a161-a73da2993589" status="200"
[WebServer] 2026-09-06T09:46:32.711Z INFO  application=marketops-server environment=local buildVersion=0.1.0-SNAPSHOT correlationId=71fa0792-d9b7-44c1-9def-05c5409265e1 c.m.m.s.i.c.CorrelationIdFilter - Request completed event="request_completed" correlationId="71fa0792-d9b7-44c1-9def-05c5409265e1" status="200"
[WebServer] 2026-09-06T09:46:32.818Z INFO  application=marketops-server environment=local buildVersion=0.1.0-SNAPSHOT correlationId=d19efc42-67fc-4972-950b-cb9a63822e4d c.m.m.a.i.a.JdbcMetadataAuditStore - Metadata change recorded event="metadata_change_recorded" sourceDomain="advertisingefficiency" entityType="advertising_case" entityId="efcbf63f-e997-4a6f-936d-38369f7d6f54" action="READ" actorId="6dfe6e9d-9509-4794-9227-dfe30f6c4197" correlationId="d19efc42-67fc-4972-950b-cb9a63822e4d"
[WebServer] 2026-09-06T09:46:32.829Z INFO  application=marketops-server environment=local buildVersion=0.1.0-SNAPSHOT correlationId=d19efc42-67fc-4972-950b-cb9a63822e4d c.m.m.s.i.c.CorrelationIdFilter - Request completed event="request_completed" correlationId="d19efc42-67fc-4972-950b-cb9a63822e4d" status="200"
[WebServer] 2026-09-06T09:46:32.852Z INFO  application=marketops-server environment=local buildVersion=0.1.0-SNAPSHOT correlationId=e293519a-bc3f-4c83-b537-556926b462f3 c.m.m.a.i.a.JdbcMetadataAuditStore - Metadata change recorded event="metadata_change_recorded" sourceDomain="advertisingefficiency" entityType="advertising_manual_packet" entityId="a9f36071-12c0-402f-a4cc-44b467136f48" action="READ" actorId="6dfe6e9d-9509-4794-9227-dfe30f6c4197" correlationId="e293519a-bc3f-4c83-b537-556926b462f3"
[WebServer] 2026-09-06T09:46:32.853Z INFO  application=marketops-server environment=local buildVersion=0.1.0-SNAPSHOT correlationId=e293519a-bc3f-4c83-b537-556926b462f3 c.m.m.s.i.c.CorrelationIdFilter - Request completed event="request_completed" correlationId="e293519a-bc3f-4c83-b537-556926b462f3" status="200"
[WebServer] 2026-09-06T09:46:32.871Z INFO  application=marketops-server environment=local buildVersion=0.1.0-SNAPSHOT correlationId=ddf79a0c-3f01-42f0-998b-b9a6fcd4ef07 c.m.m.s.i.c.CorrelationIdFilter - Request completed event="request_completed" correlationId="ddf79a0c-3f01-42f0-998b-b9a6fcd4ef07" status="200"
[WebServer] 2026-09-06T09:46:32.886Z INFO  application=marketops-server environment=local buildVersion=0.1.0-SNAPSHOT correlationId=53eb35b6-10cd-4066-8a67-002b9776a8b3 c.m.m.s.i.c.CorrelationIdFilter - Request completed event="request_completed" correlationId="53eb35b6-10cd-4066-8a67-002b9776a8b3" status="200"
[WebServer] 2026-09-06T09:46:32.910Z INFO  application=marketops-server environment=local buildVersion=0.1.0-SNAPSHOT correlationId=f613ba05-321f-4421-8349-c30487adb972 c.m.m.s.i.c.CorrelationIdFilter - Request completed event="request_completed" correlationId="f613ba05-321f-4421-8349-c30487adb972" status="200"
[WebServer] 2026-09-06T09:46:32.912Z INFO  application=marketops-server environment=local buildVersion=0.1.0-SNAPSHOT correlationId=d2d1d2ab-fd5f-4970-8a2d-d458beeb9a5e c.m.m.a.i.a.JdbcMetadataAuditStore - Metadata change recorded event="metadata_change_recorded" sourceDomain="advertisingefficiency" entityType="advertising_command" entityId="b914c0a7-4cb8-4eb3-979c-8a09b3f38d8c" action="READ" actorId="6dfe6e9d-9509-4794-9227-dfe30f6c4197" correlationId="d2d1d2ab-fd5f-4970-8a2d-d458beeb9a5e"
[WebServer] 2026-09-06T09:46:32.915Z DEBUG application=marketops-server environment=local buildVersion=0.1.0-SNAPSHOT correlationId=7bf8e75e-7f67-4bc2-967b-2b7e80e559bc c.m.m.s.i.c.CorrelationIdFilter - Inbound correlation identifier replaced event="correlation_identifier_replaced" correlationId="7bf8e75e-7f67-4bc2-967b-2b7e80e559bc" rejectionCategory="MISSING"
[WebServer] 2026-09-06T09:46:32.923Z INFO  application=marketops-server environment=local buildVersion=0.1.0-SNAPSHOT correlationId=d2d1d2ab-fd5f-4970-8a2d-d458beeb9a5e c.m.m.s.i.c.CorrelationIdFilter - Request completed event="request_completed" correlationId="d2d1d2ab-fd5f-4970-8a2d-d458beeb9a5e" status="200"
[WebServer] 2026-09-06T09:46:32.928Z INFO  application=marketops-server environment=local buildVersion=0.1.0-SNAPSHOT correlationId=7bf8e75e-7f67-4bc2-967b-2b7e80e559bc c.m.m.a.i.a.JdbcMetadataAuditStore - Metadata change recorded event="metadata_change_recorded" sourceDomain="advertisingefficiency" entityType="advertising_command" entityId="b914c0a7-4cb8-4eb3-979c-8a09b3f38d8c" action="READ" actorId="6dfe6e9d-9509-4794-9227-dfe30f6c4197" correlationId="7bf8e75e-7f67-4bc2-967b-2b7e80e559bc"
[WebServer] 2026-09-06T09:46:32.939Z INFO  application=marketops-server environment=local buildVersion=0.1.0-SNAPSHOT correlationId=efb33ce5-1899-4dc4-9c58-0f1273fa0fc4 c.m.m.s.i.c.CorrelationIdFilter - Request completed event="request_completed" correlationId="efb33ce5-1899-4dc4-9c58-0f1273fa0fc4" status="200"
[WebServer] 2026-09-06T09:46:32.942Z INFO  application=marketops-server environment=local buildVersion=0.1.0-SNAPSHOT correlationId=82f0a978-e608-4539-afe5-7b944e67c0a2 c.m.m.a.i.a.JdbcMetadataAuditStore - Metadata change recorded event="metadata_change_recorded" sourceDomain="advertisingefficiency" entityType="advertising_outcome" entityId="b914c0a7-4cb8-4eb3-979c-8a09b3f38d8c" action="READ" actorId="6dfe6e9d-9509-4794-9227-dfe30f6c4197" correlationId="82f0a978-e608-4539-afe5-7b944e67c0a2"
[WebServer] 2026-09-06T09:46:32.942Z INFO  application=marketops-server environment=local buildVersion=0.1.0-SNAPSHOT correlationId=7bf8e75e-7f67-4bc2-967b-2b7e80e559bc c.m.m.s.i.c.CorrelationIdFilter - Request completed event="request_completed" correlationId="7bf8e75e-7f67-4bc2-967b-2b7e80e559bc" status="200"
[WebServer] 2026-09-06T09:46:32.942Z INFO  application=marketops-server environment=local buildVersion=0.1.0-SNAPSHOT correlationId=82f0a978-e608-4539-afe5-7b944e67c0a2 c.m.m.s.i.c.CorrelationIdFilter - Request completed event="request_completed" correlationId="82f0a978-e608-4539-afe5-7b944e67c0a2" status="200"
  ✓   8 tests/advertising-browser/governed-advertising.spec.ts:726:3 › HISTORY_UNKNOWN preserves actual HTTP command history, unresolved state and separate outcomes (1.4s)
[WebServer] 2026-09-06T09:46:33.405Z INFO  application=marketops-server environment=local buildVersion=0.1.0-SNAPSHOT correlationId=506cc8fb-8b75-4769-8395-36ba43935b2b c.m.m.a.i.a.JdbcMetadataAuditStore - Metadata change recorded event="metadata_change_recorded" sourceDomain="advertisingefficiency" entityType="advertising_containments" entityId="0da1fb69-44e6-491a-b8b2-dfdf62c703cc" action="READ" actorId="310bd671-b7ce-48f5-9319-2e58b2b91d91" correlationId="506cc8fb-8b75-4769-8395-36ba43935b2b"
[WebServer] 2026-09-06T09:46:33.406Z INFO  application=marketops-server environment=local buildVersion=0.1.0-SNAPSHOT correlationId=566a938f-271f-4df7-9a8c-05757137cfd9 c.m.m.a.i.a.JdbcMetadataAuditStore - Metadata change recorded event="metadata_change_recorded" sourceDomain="advertisingefficiency" entityType="advertising_reservations" entityId="0da1fb69-44e6-491a-b8b2-dfdf62c703cc" action="READ" actorId="310bd671-b7ce-48f5-9319-2e58b2b91d91" correlationId="566a938f-271f-4df7-9a8c-05757137cfd9"
[WebServer] 2026-09-06T09:46:33.406Z INFO  application=marketops-server environment=local buildVersion=0.1.0-SNAPSHOT correlationId=b737dbb1-d231-443e-b4bf-bbfe064767ee c.m.m.a.i.a.JdbcMetadataAuditStore - Metadata change recorded event="metadata_change_recorded" sourceDomain="availabilityrisk" entityType="availability_queue" entityId="0da1fb69-44e6-491a-b8b2-dfdf62c703cc" action="READ" actorId="310bd671-b7ce-48f5-9319-2e58b2b91d91" correlationId="b737dbb1-d231-443e-b4bf-bbfe064767ee"
[WebServer] 2026-09-06T09:46:33.408Z INFO  application=marketops-server environment=local buildVersion=0.1.0-SNAPSHOT correlationId=b737dbb1-d231-443e-b4bf-bbfe064767ee c.m.m.s.i.c.CorrelationIdFilter - Request completed event="request_completed" correlationId="b737dbb1-d231-443e-b4bf-bbfe064767ee" status="200"
[WebServer] 2026-09-06T09:46:33.412Z INFO  application=marketops-server environment=local buildVersion=0.1.0-SNAPSHOT correlationId=026e543c-c805-427e-b199-d1f62b0bb6b5 c.m.m.s.i.e.ConsoleProblemAdvice - Console request refused event="console_request_refused" errorCode="RESOURCE_SCOPE_DENIED" correlationId="026e543c-c805-427e-b199-d1f62b0bb6b5"
[WebServer] 2026-09-06T09:46:33.412Z INFO  application=marketops-server environment=local buildVersion=0.1.0-SNAPSHOT correlationId=026e543c-c805-427e-b199-d1f62b0bb6b5 c.m.m.s.i.c.CorrelationIdFilter - Request completed event="request_completed" correlationId="026e543c-c805-427e-b199-d1f62b0bb6b5" status="403"
[WebServer] 2026-09-06T09:46:33.412Z INFO  application=marketops-server environment=local buildVersion=0.1.0-SNAPSHOT correlationId=3e0cd26a-e568-41e7-a8eb-452c31952b77 c.m.m.s.i.e.ConsoleProblemAdvice - Console request refused event="console_request_refused" errorCode="RESOURCE_NOT_FOUND" correlationId="3e0cd26a-e568-41e7-a8eb-452c31952b77"
[WebServer] 2026-09-06T09:46:33.413Z INFO  application=marketops-server environment=local buildVersion=0.1.0-SNAPSHOT correlationId=3e0cd26a-e568-41e7-a8eb-452c31952b77 c.m.m.s.i.c.CorrelationIdFilter - Request completed event="request_completed" correlationId="3e0cd26a-e568-41e7-a8eb-452c31952b77" status="404"
[WebServer] 2026-09-06T09:46:33.416Z INFO  application=marketops-server environment=local buildVersion=0.1.0-SNAPSHOT correlationId=506cc8fb-8b75-4769-8395-36ba43935b2b c.m.m.s.i.c.CorrelationIdFilter - Request completed event="request_completed" correlationId="506cc8fb-8b75-4769-8395-36ba43935b2b" status="200"
[WebServer] 2026-09-06T09:46:33.422Z INFO  application=marketops-server environment=local buildVersion=0.1.0-SNAPSHOT correlationId=a2e76740-8f41-4a15-b722-061dce6e9741 c.m.m.a.i.a.JdbcMetadataAuditStore - Metadata change recorded event="metadata_change_recorded" sourceDomain="advertisingefficiency" entityType="advertising_exposure" entityId="0da1fb69-44e6-491a-b8b2-dfdf62c703cc" action="READ" actorId="310bd671-b7ce-48f5-9319-2e58b2b91d91" correlationId="a2e76740-8f41-4a15-b722-061dce6e9741"
[WebServer] 2026-09-06T09:46:33.423Z INFO  application=marketops-server environment=local buildVersion=0.1.0-SNAPSHOT correlationId=a2e76740-8f41-4a15-b722-061dce6e9741 c.m.m.s.i.c.CorrelationIdFilter - Request completed event="request_completed" correlationId="a2e76740-8f41-4a15-b722-061dce6e9741" status="200"
[WebServer] 2026-09-06T09:46:33.424Z INFO  application=marketops-server environment=local buildVersion=0.1.0-SNAPSHOT correlationId=f8a03ba0-4277-4c3d-b72f-2600f7c7025b c.m.m.s.i.c.CorrelationIdFilter - Request completed event="request_completed" correlationId="f8a03ba0-4277-4c3d-b72f-2600f7c7025b" status="200"
[WebServer] 2026-09-06T09:46:33.428Z INFO  application=marketops-server environment=local buildVersion=0.1.0-SNAPSHOT correlationId=25fb1a62-e897-4c93-8ec4-32647b4b9e04 c.m.m.s.i.e.ConsoleProblemAdvice - Console request refused event="console_request_refused" errorCode="RESOURCE_SCOPE_DENIED" correlationId="25fb1a62-e897-4c93-8ec4-32647b4b9e04"
[WebServer] 2026-09-06T09:46:33.428Z INFO  application=marketops-server environment=local buildVersion=0.1.0-SNAPSHOT correlationId=25fb1a62-e897-4c93-8ec4-32647b4b9e04 c.m.m.s.i.c.CorrelationIdFilter - Request completed event="request_completed" correlationId="25fb1a62-e897-4c93-8ec4-32647b4b9e04" status="403"
[WebServer] 2026-09-06T09:46:33.428Z INFO  application=marketops-server environment=local buildVersion=0.1.0-SNAPSHOT correlationId=566a938f-271f-4df7-9a8c-05757137cfd9 c.m.m.s.i.c.CorrelationIdFilter - Request completed event="request_completed" correlationId="566a938f-271f-4df7-9a8c-05757137cfd9" status="200"
[WebServer] 2026-09-06T09:46:33.430Z INFO  application=marketops-server environment=local buildVersion=0.1.0-SNAPSHOT correlationId=8d8a1867-183d-48cd-8a5d-6469659a5d09 c.m.m.a.i.a.JdbcMetadataAuditStore - Metadata change recorded event="metadata_change_recorded" sourceDomain="advertisingefficiency" entityType="advertising_queue" entityId="0da1fb69-44e6-491a-b8b2-dfdf62c703cc" action="READ" actorId="310bd671-b7ce-48f5-9319-2e58b2b91d91" correlationId="8d8a1867-183d-48cd-8a5d-6469659a5d09"
[WebServer] 2026-09-06T09:46:33.441Z INFO  application=marketops-server environment=local buildVersion=0.1.0-SNAPSHOT correlationId=23cf5639-8a9a-4a49-ac51-dd629ecb343b c.m.m.a.i.a.JdbcMetadataAuditStore - Metadata change recorded event="metadata_change_recorded" sourceDomain="advertisingefficiency" entityType="advertising_orchestration" entityId="0da1fb69-44e6-491a-b8b2-dfdf62c703cc" action="READ" actorId="310bd671-b7ce-48f5-9319-2e58b2b91d91" correlationId="23cf5639-8a9a-4a49-ac51-dd629ecb343b"
[WebServer] 2026-09-06T09:46:33.442Z INFO  application=marketops-server environment=local buildVersion=0.1.0-SNAPSHOT correlationId=23cf5639-8a9a-4a49-ac51-dd629ecb343b c.m.m.s.i.c.CorrelationIdFilter - Request completed event="request_completed" correlationId="23cf5639-8a9a-4a49-ac51-dd629ecb343b" status="200"
[WebServer] 2026-09-06T09:46:33.442Z INFO  application=marketops-server environment=local buildVersion=0.1.0-SNAPSHOT correlationId=8d8a1867-183d-48cd-8a5d-6469659a5d09 c.m.m.s.i.c.CorrelationIdFilter - Request completed event="request_completed" correlationId="8d8a1867-183d-48cd-8a5d-6469659a5d09" status="200"
[WebServer] 2026-09-06T09:46:33.459Z INFO  application=marketops-server environment=local buildVersion=0.1.0-SNAPSHOT correlationId=9023753a-63b9-4181-9e9f-3c74a4358f27 c.m.m.s.i.c.CorrelationIdFilter - Request completed event="request_completed" correlationId="9023753a-63b9-4181-9e9f-3c74a4358f27" status="200"
[WebServer] 2026-09-06T09:46:33.483Z INFO  application=marketops-server environment=local buildVersion=0.1.0-SNAPSHOT correlationId=45ea9add-2aab-4096-9a15-3cf822f34e9b c.m.m.a.i.a.JdbcMetadataAuditStore - Metadata change recorded event="metadata_change_recorded" sourceDomain="advertisingefficiency" entityType="advertising_case" entityId="c4f22da3-892d-4db6-bd5a-ed524b2e90b4" action="READ" actorId="310bd671-b7ce-48f5-9319-2e58b2b91d91" correlationId="45ea9add-2aab-4096-9a15-3cf822f34e9b"
[WebServer] 2026-09-06T09:46:33.493Z INFO  application=marketops-server environment=local buildVersion=0.1.0-SNAPSHOT correlationId=45ea9add-2aab-4096-9a15-3cf822f34e9b c.m.m.s.i.c.CorrelationIdFilter - Request completed event="request_completed" correlationId="45ea9add-2aab-4096-9a15-3cf822f34e9b" status="200"
[WebServer] 2026-09-06T09:46:33.518Z INFO  application=marketops-server environment=local buildVersion=0.1.0-SNAPSHOT correlationId=0be54eb1-e28c-423e-9985-d1728990d41a c.m.m.a.i.a.JdbcMetadataAuditStore - Metadata change recorded event="metadata_change_recorded" sourceDomain="advertisingefficiency" entityType="advertising_manual_packet" entityId="d28c5c74-af47-431c-9038-4c1106888897" action="READ" actorId="310bd671-b7ce-48f5-9319-2e58b2b91d91" correlationId="0be54eb1-e28c-423e-9985-d1728990d41a"
[WebServer] 2026-09-06T09:46:33.519Z INFO  application=marketops-server environment=local buildVersion=0.1.0-SNAPSHOT correlationId=0be54eb1-e28c-423e-9985-d1728990d41a c.m.m.s.i.c.CorrelationIdFilter - Request completed event="request_completed" correlationId="0be54eb1-e28c-423e-9985-d1728990d41a" status="200"
[WebServer] 2026-09-06T09:46:33.536Z INFO  application=marketops-server environment=local buildVersion=0.1.0-SNAPSHOT correlationId=696ab945-7476-4de0-808c-c725df2930b3 c.m.m.s.i.c.CorrelationIdFilter - Request completed event="request_completed" correlationId="696ab945-7476-4de0-808c-c725df2930b3" status="200"
[WebServer] 2026-09-06T09:46:33.554Z INFO  application=marketops-server environment=local buildVersion=0.1.0-SNAPSHOT correlationId=b51ce97c-c6d3-47f7-848f-96b722cbae0b c.m.m.s.i.c.CorrelationIdFilter - Request completed event="request_completed" correlationId="b51ce97c-c6d3-47f7-848f-96b722cbae0b" status="200"
[WebServer] 2026-09-06T09:46:33.570Z INFO  application=marketops-server environment=local buildVersion=0.1.0-SNAPSHOT correlationId=fe00ace5-6939-48ee-8914-1382e3cef59a c.m.m.s.i.c.CorrelationIdFilter - Request completed event="request_completed" correlationId="fe00ace5-6939-48ee-8914-1382e3cef59a" status="200"
[WebServer] 2026-09-06T09:46:33.571Z INFO  application=marketops-server environment=local buildVersion=0.1.0-SNAPSHOT correlationId=624eed4a-a189-403a-873c-19492fbc5421 c.m.m.a.i.a.JdbcMetadataAuditStore - Metadata change recorded event="metadata_change_recorded" sourceDomain="advertisingefficiency" entityType="advertising_command" entityId="dae6580e-0c40-4fed-9841-1cda3ede43f9" action="READ" actorId="310bd671-b7ce-48f5-9319-2e58b2b91d91" correlationId="624eed4a-a189-403a-873c-19492fbc5421"
[WebServer] 2026-09-06T09:46:33.582Z INFO  application=marketops-server environment=local buildVersion=0.1.0-SNAPSHOT correlationId=624eed4a-a189-403a-873c-19492fbc5421 c.m.m.s.i.c.CorrelationIdFilter - Request completed event="request_completed" correlationId="624eed4a-a189-403a-873c-19492fbc5421" status="200"
[WebServer] 2026-09-06T09:46:33.598Z INFO  application=marketops-server environment=local buildVersion=0.1.0-SNAPSHOT correlationId=0d176849-2ece-46cd-b891-cf6792e3bf39 c.m.m.s.i.c.CorrelationIdFilter - Request completed event="request_completed" correlationId="0d176849-2ece-46cd-b891-cf6792e3bf39" status="200"
[WebServer] 2026-09-06T09:46:33.601Z INFO  application=marketops-server environment=local buildVersion=0.1.0-SNAPSHOT correlationId=cde3ab84-68da-4280-a112-712dd9a45681 c.m.m.a.i.a.JdbcMetadataAuditStore - Metadata change recorded event="metadata_change_recorded" sourceDomain="advertisingefficiency" entityType="advertising_outcome" entityId="dae6580e-0c40-4fed-9841-1cda3ede43f9" action="READ" actorId="310bd671-b7ce-48f5-9319-2e58b2b91d91" correlationId="cde3ab84-68da-4280-a112-712dd9a45681"
[WebServer] 2026-09-06T09:46:33.602Z INFO  application=marketops-server environment=local buildVersion=0.1.0-SNAPSHOT correlationId=cde3ab84-68da-4280-a112-712dd9a45681 c.m.m.s.i.c.CorrelationIdFilter - Request completed event="request_completed" correlationId="cde3ab84-68da-4280-a112-712dd9a45681" status="200"
  ✓   9 tests/advertising-browser/governed-advertising.spec.ts:726:3 › HISTORY_MISMATCH preserves actual HTTP command history, unresolved state and separate outcomes (692ms)
[WebServer] 2026-09-06T09:46:34.090Z INFO  application=marketops-server environment=local buildVersion=0.1.0-SNAPSHOT correlationId=d83c5766-c1c7-4c62-aa24-446b3d729aeb c.m.m.s.i.c.CorrelationIdFilter - Request completed event="request_completed" correlationId="d83c5766-c1c7-4c62-aa24-446b3d729aeb" status="200"
[WebServer] 2026-09-06T09:46:34.095Z INFO  application=marketops-server environment=local buildVersion=0.1.0-SNAPSHOT correlationId=f8a33ec4-8584-4d77-aff3-31c6c9b3c0d7 c.m.m.a.i.a.JdbcMetadataAuditStore - Metadata change recorded event="metadata_change_recorded" sourceDomain="advertisingefficiency" entityType="advertising_reservations" entityId="21f11a29-85c5-466a-988e-cf36bc62b426" action="READ" actorId="e245261b-70cb-4b9a-9f41-14aa23c97212" correlationId="f8a33ec4-8584-4d77-aff3-31c6c9b3c0d7"
[WebServer] 2026-09-06T09:46:34.096Z INFO  application=marketops-server environment=local buildVersion=0.1.0-SNAPSHOT correlationId=ade27ae3-dbd4-48c8-b0fe-e4438a3a166d c.m.m.s.i.e.ConsoleProblemAdvice - Console request refused event="console_request_refused" errorCode="RESOURCE_NOT_FOUND" correlationId="ade27ae3-dbd4-48c8-b0fe-e4438a3a166d"
[WebServer] 2026-09-06T09:46:34.096Z INFO  application=marketops-server environment=local buildVersion=0.1.0-SNAPSHOT correlationId=ade27ae3-dbd4-48c8-b0fe-e4438a3a166d c.m.m.s.i.c.CorrelationIdFilter - Request completed event="request_completed" correlationId="ade27ae3-dbd4-48c8-b0fe-e4438a3a166d" status="404"
[WebServer] 2026-09-06T09:46:34.098Z INFO  application=marketops-server environment=local buildVersion=0.1.0-SNAPSHOT correlationId=dc7cb4d8-645a-4d7e-892c-a35885501bf4 c.m.m.s.i.e.ConsoleProblemAdvice - Console request refused event="console_request_refused" errorCode="RESOURCE_SCOPE_DENIED" correlationId="dc7cb4d8-645a-4d7e-892c-a35885501bf4"
[WebServer] 2026-09-06T09:46:34.098Z INFO  application=marketops-server environment=local buildVersion=0.1.0-SNAPSHOT correlationId=dc7cb4d8-645a-4d7e-892c-a35885501bf4 c.m.m.s.i.c.CorrelationIdFilter - Request completed event="request_completed" correlationId="dc7cb4d8-645a-4d7e-892c-a35885501bf4" status="403"
[WebServer] 2026-09-06T09:46:34.099Z INFO  application=marketops-server environment=local buildVersion=0.1.0-SNAPSHOT correlationId=10f25267-ed3e-4e93-9810-329c6cd259e5 c.m.m.a.i.a.JdbcMetadataAuditStore - Metadata change recorded event="metadata_change_recorded" sourceDomain="availabilityrisk" entityType="availability_queue" entityId="21f11a29-85c5-466a-988e-cf36bc62b426" action="READ" actorId="e245261b-70cb-4b9a-9f41-14aa23c97212" correlationId="10f25267-ed3e-4e93-9810-329c6cd259e5"
[WebServer] 2026-09-06T09:46:34.100Z INFO  application=marketops-server environment=local buildVersion=0.1.0-SNAPSHOT correlationId=e54db246-55b5-41ed-9cfb-2e88c38edb81 c.m.m.a.i.a.JdbcMetadataAuditStore - Metadata change recorded event="metadata_change_recorded" sourceDomain="advertisingefficiency" entityType="advertising_containments" entityId="21f11a29-85c5-466a-988e-cf36bc62b426" action="READ" actorId="e245261b-70cb-4b9a-9f41-14aa23c97212" correlationId="e54db246-55b5-41ed-9cfb-2e88c38edb81"
[WebServer] 2026-09-06T09:46:34.101Z INFO  application=marketops-server environment=local buildVersion=0.1.0-SNAPSHOT correlationId=10f25267-ed3e-4e93-9810-329c6cd259e5 c.m.m.s.i.c.CorrelationIdFilter - Request completed event="request_completed" correlationId="10f25267-ed3e-4e93-9810-329c6cd259e5" status="200"
[WebServer] 2026-09-06T09:46:34.113Z INFO  application=marketops-server environment=local buildVersion=0.1.0-SNAPSHOT correlationId=aee5543d-f956-4f28-8ca6-a9ef89c35497 c.m.m.a.i.a.JdbcMetadataAuditStore - Metadata change recorded event="metadata_change_recorded" sourceDomain="advertisingefficiency" entityType="advertising_exposure" entityId="21f11a29-85c5-466a-988e-cf36bc62b426" action="READ" actorId="e245261b-70cb-4b9a-9f41-14aa23c97212" correlationId="aee5543d-f956-4f28-8ca6-a9ef89c35497"
[WebServer] 2026-09-06T09:46:34.115Z INFO  application=marketops-server environment=local buildVersion=0.1.0-SNAPSHOT correlationId=da5135d9-90d3-4e51-bd94-b80d8270fa7b c.m.m.s.i.e.ConsoleProblemAdvice - Console request refused event="console_request_refused" errorCode="RESOURCE_SCOPE_DENIED" correlationId="da5135d9-90d3-4e51-bd94-b80d8270fa7b"
[WebServer] 2026-09-06T09:46:34.115Z INFO  application=marketops-server environment=local buildVersion=0.1.0-SNAPSHOT correlationId=aee5543d-f956-4f28-8ca6-a9ef89c35497 c.m.m.s.i.c.CorrelationIdFilter - Request completed event="request_completed" correlationId="aee5543d-f956-4f28-8ca6-a9ef89c35497" status="200"
[WebServer] 2026-09-06T09:46:34.116Z INFO  application=marketops-server environment=local buildVersion=0.1.0-SNAPSHOT correlationId=da5135d9-90d3-4e51-bd94-b80d8270fa7b c.m.m.s.i.c.CorrelationIdFilter - Request completed event="request_completed" correlationId="da5135d9-90d3-4e51-bd94-b80d8270fa7b" status="403"
[WebServer] 2026-09-06T09:46:34.117Z INFO  application=marketops-server environment=local buildVersion=0.1.0-SNAPSHOT correlationId=e54db246-55b5-41ed-9cfb-2e88c38edb81 c.m.m.s.i.c.CorrelationIdFilter - Request completed event="request_completed" correlationId="e54db246-55b5-41ed-9cfb-2e88c38edb81" status="200"
[WebServer] 2026-09-06T09:46:34.121Z INFO  application=marketops-server environment=local buildVersion=0.1.0-SNAPSHOT correlationId=996c574f-1b5c-48dd-bc4b-84d7c0a5dd36 c.m.m.a.i.a.JdbcMetadataAuditStore - Metadata change recorded event="metadata_change_recorded" sourceDomain="advertisingefficiency" entityType="advertising_queue" entityId="21f11a29-85c5-466a-988e-cf36bc62b426" action="READ" actorId="e245261b-70cb-4b9a-9f41-14aa23c97212" correlationId="996c574f-1b5c-48dd-bc4b-84d7c0a5dd36"
[WebServer] 2026-09-06T09:46:34.123Z INFO  application=marketops-server environment=local buildVersion=0.1.0-SNAPSHOT correlationId=f8a33ec4-8584-4d77-aff3-31c6c9b3c0d7 c.m.m.s.i.c.CorrelationIdFilter - Request completed event="request_completed" correlationId="f8a33ec4-8584-4d77-aff3-31c6c9b3c0d7" status="200"
[WebServer] 2026-09-06T09:46:34.143Z INFO  application=marketops-server environment=local buildVersion=0.1.0-SNAPSHOT correlationId=996c574f-1b5c-48dd-bc4b-84d7c0a5dd36 c.m.m.s.i.c.CorrelationIdFilter - Request completed event="request_completed" correlationId="996c574f-1b5c-48dd-bc4b-84d7c0a5dd36" status="200"
[WebServer] 2026-09-06T09:46:34.146Z INFO  application=marketops-server environment=local buildVersion=0.1.0-SNAPSHOT correlationId=dea6225b-9415-416b-a1ef-e8b48cd7fb8e c.m.m.a.i.a.JdbcMetadataAuditStore - Metadata change recorded event="metadata_change_recorded" sourceDomain="advertisingefficiency" entityType="advertising_orchestration" entityId="21f11a29-85c5-466a-988e-cf36bc62b426" action="READ" actorId="e245261b-70cb-4b9a-9f41-14aa23c97212" correlationId="dea6225b-9415-416b-a1ef-e8b48cd7fb8e"
[WebServer] 2026-09-06T09:46:34.147Z INFO  application=marketops-server environment=local buildVersion=0.1.0-SNAPSHOT correlationId=dea6225b-9415-416b-a1ef-e8b48cd7fb8e c.m.m.s.i.c.CorrelationIdFilter - Request completed event="request_completed" correlationId="dea6225b-9415-416b-a1ef-e8b48cd7fb8e" status="200"
[WebServer] 2026-09-06T09:46:34.157Z INFO  application=marketops-server environment=local buildVersion=0.1.0-SNAPSHOT correlationId=bc415082-36ff-4f6b-8537-5d6b0d7be5de c.m.m.s.i.c.CorrelationIdFilter - Request completed event="request_completed" correlationId="bc415082-36ff-4f6b-8537-5d6b0d7be5de" status="200"
[WebServer] 2026-09-06T09:46:34.279Z INFO  application=marketops-server environment=local buildVersion=0.1.0-SNAPSHOT correlationId=f2e8f9e1-88ae-4b9e-b8ba-60c05efaed3b c.m.m.a.i.a.JdbcMetadataAuditStore - Metadata change recorded event="metadata_change_recorded" sourceDomain="advertisingefficiency" entityType="advertising_case" entityId="d68bd03c-ca77-4e8a-876b-bce083148718" action="READ" actorId="e245261b-70cb-4b9a-9f41-14aa23c97212" correlationId="f2e8f9e1-88ae-4b9e-b8ba-60c05efaed3b"
[WebServer] 2026-09-06T09:46:34.294Z INFO  application=marketops-server environment=local buildVersion=0.1.0-SNAPSHOT correlationId=f2e8f9e1-88ae-4b9e-b8ba-60c05efaed3b c.m.m.s.i.c.CorrelationIdFilter - Request completed event="request_completed" correlationId="f2e8f9e1-88ae-4b9e-b8ba-60c05efaed3b" status="200"
[WebServer] 2026-09-06T09:46:34.316Z INFO  application=marketops-server environment=local buildVersion=0.1.0-SNAPSHOT correlationId=2abe4e8d-dfeb-416a-89f8-da27fe68b1a5 c.m.m.a.i.a.JdbcMetadataAuditStore - Metadata change recorded event="metadata_change_recorded" sourceDomain="advertisingefficiency" entityType="advertising_manual_packet" entityId="d4f97221-63c1-4465-9ed9-08fe4ecbf092" action="READ" actorId="e245261b-70cb-4b9a-9f41-14aa23c97212" correlationId="2abe4e8d-dfeb-416a-89f8-da27fe68b1a5"
[WebServer] 2026-09-06T09:46:34.317Z INFO  application=marketops-server environment=local buildVersion=0.1.0-SNAPSHOT correlationId=2abe4e8d-dfeb-416a-89f8-da27fe68b1a5 c.m.m.s.i.c.CorrelationIdFilter - Request completed event="request_completed" correlationId="2abe4e8d-dfeb-416a-89f8-da27fe68b1a5" status="200"
[WebServer] 2026-09-06T09:46:34.335Z INFO  application=marketops-server environment=local buildVersion=0.1.0-SNAPSHOT correlationId=bbf1bac7-75c6-4f9e-934c-0815dc7b2bf1 c.m.m.s.i.c.CorrelationIdFilter - Request completed event="request_completed" correlationId="bbf1bac7-75c6-4f9e-934c-0815dc7b2bf1" status="200"
[WebServer] 2026-09-06T09:46:34.358Z INFO  application=marketops-server environment=local buildVersion=0.1.0-SNAPSHOT correlationId=94e9f348-937c-472e-99f3-f0bf9d311153 c.m.m.s.i.c.CorrelationIdFilter - Request completed event="request_completed" correlationId="94e9f348-937c-472e-99f3-f0bf9d311153" status="200"
[WebServer] 2026-09-06T09:46:34.382Z INFO  application=marketops-server environment=local buildVersion=0.1.0-SNAPSHOT correlationId=decfd69c-30a1-4a0c-96ab-72571be5bb78 c.m.m.s.i.c.CorrelationIdFilter - Request completed event="request_completed" correlationId="decfd69c-30a1-4a0c-96ab-72571be5bb78" status="200"
[WebServer] 2026-09-06T09:46:34.384Z INFO  application=marketops-server environment=local buildVersion=0.1.0-SNAPSHOT correlationId=144e25c7-bf41-46b7-af04-df59ef071587 c.m.m.a.i.a.JdbcMetadataAuditStore - Metadata change recorded event="metadata_change_recorded" sourceDomain="advertisingefficiency" entityType="advertising_command" entityId="69e1bced-d2a0-48a3-b49f-7ec319696ab5" action="READ" actorId="e245261b-70cb-4b9a-9f41-14aa23c97212" correlationId="144e25c7-bf41-46b7-af04-df59ef071587"
[WebServer] 2026-09-06T09:46:34.395Z INFO  application=marketops-server environment=local buildVersion=0.1.0-SNAPSHOT correlationId=144e25c7-bf41-46b7-af04-df59ef071587 c.m.m.s.i.c.CorrelationIdFilter - Request completed event="request_completed" correlationId="144e25c7-bf41-46b7-af04-df59ef071587" status="200"
[WebServer] 2026-09-06T09:46:34.412Z INFO  application=marketops-server environment=local buildVersion=0.1.0-SNAPSHOT correlationId=22124f8c-3d6f-47b5-a5f9-d5c0da0cacdb c.m.m.s.i.c.CorrelationIdFilter - Request completed event="request_completed" correlationId="22124f8c-3d6f-47b5-a5f9-d5c0da0cacdb" status="200"
[WebServer] 2026-09-06T09:46:34.421Z INFO  application=marketops-server environment=local buildVersion=0.1.0-SNAPSHOT correlationId=b0cdca2b-7e17-40cc-9ab3-78f0d4feca7e c.m.m.a.i.a.JdbcMetadataAuditStore - Metadata change recorded event="metadata_change_recorded" sourceDomain="advertisingefficiency" entityType="advertising_outcome" entityId="69e1bced-d2a0-48a3-b49f-7ec319696ab5" action="READ" actorId="e245261b-70cb-4b9a-9f41-14aa23c97212" correlationId="b0cdca2b-7e17-40cc-9ab3-78f0d4feca7e"
[WebServer] 2026-09-06T09:46:34.446Z INFO  application=marketops-server environment=local buildVersion=0.1.0-SNAPSHOT correlationId=b0cdca2b-7e17-40cc-9ab3-78f0d4feca7e c.m.m.s.i.c.CorrelationIdFilter - Request completed event="request_completed" correlationId="b0cdca2b-7e17-40cc-9ab3-78f0d4feca7e" status="200"
  ✓  10 tests/advertising-browser/governed-advertising.spec.ts:726:3 › HISTORY_REGRESSION preserves actual HTTP command history, unresolved state and separate outcomes (936ms)
[WebServer] 2026-09-06T09:46:35.032Z INFO  application=marketops-server environment=local buildVersion=0.1.0-SNAPSHOT correlationId=bd2f28f0-e33c-483b-9205-e3fabbc52e53 c.m.m.a.i.a.JdbcMetadataAuditStore - Metadata change recorded event="metadata_change_recorded" sourceDomain="advertisingefficiency" entityType="advertising_containments" entityId="c665f6ad-dc1d-4ef9-b86a-7169af407488" action="READ" actorId="878a7dbe-ea87-490c-a6f8-9176bce0c3a8" correlationId="bd2f28f0-e33c-483b-9205-e3fabbc52e53"
[WebServer] 2026-09-06T09:46:35.033Z INFO  application=marketops-server environment=local buildVersion=0.1.0-SNAPSHOT correlationId=4625a216-1849-4dbf-923e-3c31931c7e8d c.m.m.s.i.e.ConsoleProblemAdvice - Console request refused event="console_request_refused" errorCode="RESOURCE_SCOPE_DENIED" correlationId="4625a216-1849-4dbf-923e-3c31931c7e8d"
[WebServer] 2026-09-06T09:46:35.033Z INFO  application=marketops-server environment=local buildVersion=0.1.0-SNAPSHOT correlationId=1f342279-6e52-436b-bc3e-3d54e8095a09 c.m.m.s.i.e.ConsoleProblemAdvice - Console request refused event="console_request_refused" errorCode="RESOURCE_NOT_FOUND" correlationId="1f342279-6e52-436b-bc3e-3d54e8095a09"
[WebServer] 2026-09-06T09:46:35.033Z INFO  application=marketops-server environment=local buildVersion=0.1.0-SNAPSHOT correlationId=1f342279-6e52-436b-bc3e-3d54e8095a09 c.m.m.s.i.c.CorrelationIdFilter - Request completed event="request_completed" correlationId="1f342279-6e52-436b-bc3e-3d54e8095a09" status="404"
[WebServer] 2026-09-06T09:46:35.033Z INFO  application=marketops-server environment=local buildVersion=0.1.0-SNAPSHOT correlationId=4625a216-1849-4dbf-923e-3c31931c7e8d c.m.m.s.i.c.CorrelationIdFilter - Request completed event="request_completed" correlationId="4625a216-1849-4dbf-923e-3c31931c7e8d" status="403"
[WebServer] 2026-09-06T09:46:35.034Z INFO  application=marketops-server environment=local buildVersion=0.1.0-SNAPSHOT correlationId=254fcf1b-15d2-4266-80dd-2f611c9ee796 c.m.m.s.i.c.CorrelationIdFilter - Request completed event="request_completed" correlationId="254fcf1b-15d2-4266-80dd-2f611c9ee796" status="200"
[WebServer] 2026-09-06T09:46:35.035Z INFO  application=marketops-server environment=local buildVersion=0.1.0-SNAPSHOT correlationId=e245fa2a-d95c-4cb7-8b0c-50ba8e9e6ac6 c.m.m.a.i.a.JdbcMetadataAuditStore - Metadata change recorded event="metadata_change_recorded" sourceDomain="advertisingefficiency" entityType="advertising_reservations" entityId="c665f6ad-dc1d-4ef9-b86a-7169af407488" action="READ" actorId="878a7dbe-ea87-490c-a6f8-9176bce0c3a8" correlationId="e245fa2a-d95c-4cb7-8b0c-50ba8e9e6ac6"
[WebServer] 2026-09-06T09:46:35.037Z INFO  application=marketops-server environment=local buildVersion=0.1.0-SNAPSHOT correlationId=e1c45b4f-9df1-435a-92a6-acf951daa287 c.m.m.a.i.a.JdbcMetadataAuditStore - Metadata change recorded event="metadata_change_recorded" sourceDomain="availabilityrisk" entityType="availability_queue" entityId="c665f6ad-dc1d-4ef9-b86a-7169af407488" action="READ" actorId="878a7dbe-ea87-490c-a6f8-9176bce0c3a8" correlationId="e1c45b4f-9df1-435a-92a6-acf951daa287"
[WebServer] 2026-09-06T09:46:35.039Z INFO  application=marketops-server environment=local buildVersion=0.1.0-SNAPSHOT correlationId=e1c45b4f-9df1-435a-92a6-acf951daa287 c.m.m.s.i.c.CorrelationIdFilter - Request completed event="request_completed" correlationId="e1c45b4f-9df1-435a-92a6-acf951daa287" status="200"
[WebServer] 2026-09-06T09:46:35.042Z INFO  application=marketops-server environment=local buildVersion=0.1.0-SNAPSHOT correlationId=bd2f28f0-e33c-483b-9205-e3fabbc52e53 c.m.m.s.i.c.CorrelationIdFilter - Request completed event="request_completed" correlationId="bd2f28f0-e33c-483b-9205-e3fabbc52e53" status="200"
[WebServer] 2026-09-06T09:46:35.045Z INFO  application=marketops-server environment=local buildVersion=0.1.0-SNAPSHOT correlationId=1e73d6fd-c8eb-4634-9634-2c753067cf4a c.m.m.a.i.a.JdbcMetadataAuditStore - Metadata change recorded event="metadata_change_recorded" sourceDomain="advertisingefficiency" entityType="advertising_exposure" entityId="c665f6ad-dc1d-4ef9-b86a-7169af407488" action="READ" actorId="878a7dbe-ea87-490c-a6f8-9176bce0c3a8" correlationId="1e73d6fd-c8eb-4634-9634-2c753067cf4a"
[WebServer] 2026-09-06T09:46:35.047Z INFO  application=marketops-server environment=local buildVersion=0.1.0-SNAPSHOT correlationId=1e73d6fd-c8eb-4634-9634-2c753067cf4a c.m.m.s.i.c.CorrelationIdFilter - Request completed event="request_completed" correlationId="1e73d6fd-c8eb-4634-9634-2c753067cf4a" status="200"
[WebServer] 2026-09-06T09:46:35.050Z INFO  application=marketops-server environment=local buildVersion=0.1.0-SNAPSHOT correlationId=805f4e01-587f-4838-95dc-83e6308ec22c c.m.m.s.i.e.ConsoleProblemAdvice - Console request refused event="console_request_refused" errorCode="RESOURCE_SCOPE_DENIED" correlationId="805f4e01-587f-4838-95dc-83e6308ec22c"
[WebServer] 2026-09-06T09:46:35.050Z INFO  application=marketops-server environment=local buildVersion=0.1.0-SNAPSHOT correlationId=805f4e01-587f-4838-95dc-83e6308ec22c c.m.m.s.i.c.CorrelationIdFilter - Request completed event="request_completed" correlationId="805f4e01-587f-4838-95dc-83e6308ec22c" status="403"
[WebServer] 2026-09-06T09:46:35.054Z INFO  application=marketops-server environment=local buildVersion=0.1.0-SNAPSHOT correlationId=67c2169b-87ef-4016-be72-4f3a8965c7f2 c.m.m.a.i.a.JdbcMetadataAuditStore - Metadata change recorded event="metadata_change_recorded" sourceDomain="advertisingefficiency" entityType="advertising_queue" entityId="c665f6ad-dc1d-4ef9-b86a-7169af407488" action="READ" actorId="878a7dbe-ea87-490c-a6f8-9176bce0c3a8" correlationId="67c2169b-87ef-4016-be72-4f3a8965c7f2"
[WebServer] 2026-09-06T09:46:35.056Z INFO  application=marketops-server environment=local buildVersion=0.1.0-SNAPSHOT correlationId=e245fa2a-d95c-4cb7-8b0c-50ba8e9e6ac6 c.m.m.s.i.c.CorrelationIdFilter - Request completed event="request_completed" correlationId="e245fa2a-d95c-4cb7-8b0c-50ba8e9e6ac6" status="200"
[WebServer] 2026-09-06T09:46:35.065Z INFO  application=marketops-server environment=local buildVersion=0.1.0-SNAPSHOT correlationId=67c2169b-87ef-4016-be72-4f3a8965c7f2 c.m.m.s.i.c.CorrelationIdFilter - Request completed event="request_completed" correlationId="67c2169b-87ef-4016-be72-4f3a8965c7f2" status="200"
[WebServer] 2026-09-06T09:46:35.069Z INFO  application=marketops-server environment=local buildVersion=0.1.0-SNAPSHOT correlationId=78dfcb39-8915-44ea-b099-b3327f008838 c.m.m.a.i.a.JdbcMetadataAuditStore - Metadata change recorded event="metadata_change_recorded" sourceDomain="advertisingefficiency" entityType="advertising_orchestration" entityId="c665f6ad-dc1d-4ef9-b86a-7169af407488" action="READ" actorId="878a7dbe-ea87-490c-a6f8-9176bce0c3a8" correlationId="78dfcb39-8915-44ea-b099-b3327f008838"
[WebServer] 2026-09-06T09:46:35.070Z INFO  application=marketops-server environment=local buildVersion=0.1.0-SNAPSHOT correlationId=78dfcb39-8915-44ea-b099-b3327f008838 c.m.m.s.i.c.CorrelationIdFilter - Request completed event="request_completed" correlationId="78dfcb39-8915-44ea-b099-b3327f008838" status="200"
[WebServer] 2026-09-06T09:46:35.092Z INFO  application=marketops-server environment=local buildVersion=0.1.0-SNAPSHOT correlationId=0eac4648-17c4-4b47-8066-a0b1b1a9a7fc c.m.m.s.i.c.CorrelationIdFilter - Request completed event="request_completed" correlationId="0eac4648-17c4-4b47-8066-a0b1b1a9a7fc" status="200"
[WebServer] 2026-09-06T09:46:35.109Z INFO  application=marketops-server environment=local buildVersion=0.1.0-SNAPSHOT correlationId=3355507f-ce9c-45e5-92af-1dc8c7fe4b1c c.m.m.a.i.a.JdbcMetadataAuditStore - Metadata change recorded event="metadata_change_recorded" sourceDomain="advertisingefficiency" entityType="advertising_case" entityId="fd5b31b8-88f9-4b21-b96a-397ffd7aecd8" action="READ" actorId="878a7dbe-ea87-490c-a6f8-9176bce0c3a8" correlationId="3355507f-ce9c-45e5-92af-1dc8c7fe4b1c"
[WebServer] 2026-09-06T09:46:35.119Z INFO  application=marketops-server environment=local buildVersion=0.1.0-SNAPSHOT correlationId=3355507f-ce9c-45e5-92af-1dc8c7fe4b1c c.m.m.s.i.c.CorrelationIdFilter - Request completed event="request_completed" correlationId="3355507f-ce9c-45e5-92af-1dc8c7fe4b1c" status="200"
[WebServer] 2026-09-06T09:46:35.145Z INFO  application=marketops-server environment=local buildVersion=0.1.0-SNAPSHOT correlationId=f56e84aa-d7a9-4344-a198-a644ac5dce2c c.m.m.a.i.a.JdbcMetadataAuditStore - Metadata change recorded event="metadata_change_recorded" sourceDomain="advertisingefficiency" entityType="advertising_manual_packet" entityId="58eb4e21-4502-40d9-a522-322cceb0cc00" action="READ" actorId="878a7dbe-ea87-490c-a6f8-9176bce0c3a8" correlationId="f56e84aa-d7a9-4344-a198-a644ac5dce2c"
[WebServer] 2026-09-06T09:46:35.146Z INFO  application=marketops-server environment=local buildVersion=0.1.0-SNAPSHOT correlationId=f56e84aa-d7a9-4344-a198-a644ac5dce2c c.m.m.s.i.c.CorrelationIdFilter - Request completed event="request_completed" correlationId="f56e84aa-d7a9-4344-a198-a644ac5dce2c" status="200"
[WebServer] 2026-09-06T09:46:35.163Z INFO  application=marketops-server environment=local buildVersion=0.1.0-SNAPSHOT correlationId=cff9b397-d3d3-4a6a-ad66-1bac3f6ef86f c.m.m.s.i.c.CorrelationIdFilter - Request completed event="request_completed" correlationId="cff9b397-d3d3-4a6a-ad66-1bac3f6ef86f" status="200"
[WebServer] 2026-09-06T09:46:35.181Z INFO  application=marketops-server environment=local buildVersion=0.1.0-SNAPSHOT correlationId=aea6c2d4-850a-4b5b-a739-fca359989618 c.m.m.s.i.c.CorrelationIdFilter - Request completed event="request_completed" correlationId="aea6c2d4-850a-4b5b-a739-fca359989618" status="200"
[WebServer] 2026-09-06T09:46:35.198Z INFO  application=marketops-server environment=local buildVersion=0.1.0-SNAPSHOT correlationId=313673ef-363d-4bca-bf83-f74fd0375bb1 c.m.m.s.i.c.CorrelationIdFilter - Request completed event="request_completed" correlationId="313673ef-363d-4bca-bf83-f74fd0375bb1" status="200"
[WebServer] 2026-09-06T09:46:35.201Z INFO  application=marketops-server environment=local buildVersion=0.1.0-SNAPSHOT correlationId=2ef89143-62fc-4844-92ce-08028a6ab806 c.m.m.a.i.a.JdbcMetadataAuditStore - Metadata change recorded event="metadata_change_recorded" sourceDomain="advertisingefficiency" entityType="advertising_command" entityId="8847c0e2-4e59-4e4c-9b88-63301ed883e4" action="READ" actorId="878a7dbe-ea87-490c-a6f8-9176bce0c3a8" correlationId="2ef89143-62fc-4844-92ce-08028a6ab806"
[WebServer] 2026-09-06T09:46:35.212Z INFO  application=marketops-server environment=local buildVersion=0.1.0-SNAPSHOT correlationId=2ef89143-62fc-4844-92ce-08028a6ab806 c.m.m.s.i.c.CorrelationIdFilter - Request completed event="request_completed" correlationId="2ef89143-62fc-4844-92ce-08028a6ab806" status="200"
[WebServer] 2026-09-06T09:46:35.228Z INFO  application=marketops-server environment=local buildVersion=0.1.0-SNAPSHOT correlationId=34083f5b-d995-4f59-9bc1-aa810a0f15e0 c.m.m.s.i.c.CorrelationIdFilter - Request completed event="request_completed" correlationId="34083f5b-d995-4f59-9bc1-aa810a0f15e0" status="200"
[WebServer] 2026-09-06T09:46:35.230Z INFO  application=marketops-server environment=local buildVersion=0.1.0-SNAPSHOT correlationId=a50d0e5a-ac1b-438c-9f6f-f928500d0e87 c.m.m.a.i.a.JdbcMetadataAuditStore - Metadata change recorded event="metadata_change_recorded" sourceDomain="advertisingefficiency" entityType="advertising_outcome" entityId="8847c0e2-4e59-4e4c-9b88-63301ed883e4" action="READ" actorId="878a7dbe-ea87-490c-a6f8-9176bce0c3a8" correlationId="a50d0e5a-ac1b-438c-9f6f-f928500d0e87"
[WebServer] 2026-09-06T09:46:35.231Z INFO  application=marketops-server environment=local buildVersion=0.1.0-SNAPSHOT correlationId=a50d0e5a-ac1b-438c-9f6f-f928500d0e87 c.m.m.s.i.c.CorrelationIdFilter - Request completed event="request_completed" correlationId="a50d0e5a-ac1b-438c-9f6f-f928500d0e87" status="200"
[WebServer] 2026-09-06T09:46:35.277Z INFO  application=marketops-server environment=local buildVersion=0.1.0-SNAPSHOT correlationId=995cc635-b9c9-4cc0-b999-c897cb038c5c c.m.m.s.i.c.CorrelationIdFilter - Request completed event="request_completed" correlationId="995cc635-b9c9-4cc0-b999-c897cb038c5c" status="200"
[WebServer] 2026-09-06T09:46:35.280Z INFO  application=marketops-server environment=local buildVersion=0.1.0-SNAPSHOT correlationId=47e8df4f-f414-4744-8abd-6c37510be4ea c.m.m.a.i.a.JdbcMetadataAuditStore - Metadata change recorded event="metadata_change_recorded" sourceDomain="advertisingefficiency" entityType="advertising_command" entityId="8847c0e2-4e59-4e4c-9b88-63301ed883e4" action="READ" actorId="878a7dbe-ea87-490c-a6f8-9176bce0c3a8" correlationId="47e8df4f-f414-4744-8abd-6c37510be4ea"
[WebServer] 2026-09-06T09:46:35.281Z INFO  application=marketops-server environment=local buildVersion=0.1.0-SNAPSHOT correlationId=d9992403-6188-4a5b-b6cb-b08a76393f59 c.m.m.a.i.a.JdbcMetadataAuditStore - Metadata change recorded event="metadata_change_recorded" sourceDomain="advertisingefficiency" entityType="advertising_outcome" entityId="8847c0e2-4e59-4e4c-9b88-63301ed883e4" action="READ" actorId="878a7dbe-ea87-490c-a6f8-9176bce0c3a8" correlationId="d9992403-6188-4a5b-b6cb-b08a76393f59"
[WebServer] 2026-09-06T09:46:35.282Z INFO  application=marketops-server environment=local buildVersion=0.1.0-SNAPSHOT correlationId=d9992403-6188-4a5b-b6cb-b08a76393f59 c.m.m.s.i.c.CorrelationIdFilter - Request completed event="request_completed" correlationId="d9992403-6188-4a5b-b6cb-b08a76393f59" status="200"
[WebServer] 2026-09-06T09:46:35.294Z INFO  application=marketops-server environment=local buildVersion=0.1.0-SNAPSHOT correlationId=47e8df4f-f414-4744-8abd-6c37510be4ea c.m.m.s.i.c.CorrelationIdFilter - Request completed event="request_completed" correlationId="47e8df4f-f414-4744-8abd-6c37510be4ea" status="200"
  ✓  11 tests/advertising-browser/governed-advertising.spec.ts:726:3 › HISTORY_EXPIRED preserves actual HTTP command history, unresolved state and separate outcomes (630ms)
[WebServer] 2026-09-06T09:46:35.654Z INFO  application=marketops-server environment=local buildVersion=0.1.0-SNAPSHOT correlationId=32f135e0-a8de-40ac-abf6-84d606ac6723 c.m.m.s.i.c.CorrelationIdFilter - Request completed event="request_completed" correlationId="32f135e0-a8de-40ac-abf6-84d606ac6723" status="200"
[WebServer] 2026-09-06T09:46:35.672Z INFO  application=marketops-server environment=local buildVersion=0.1.0-SNAPSHOT correlationId=eedb271c-b5b2-4fd9-8db9-2600aa23857f c.m.m.a.i.a.JdbcMetadataAuditStore - Metadata change recorded event="metadata_change_recorded" sourceDomain="advertisingefficiency" entityType="advertising_containments" entityId="399d20cb-c404-45f8-84ea-f03e6b0e0c4e" action="READ" actorId="2f3a33eb-cd27-4f3d-8575-2f74fc4a6daf" correlationId="eedb271c-b5b2-4fd9-8db9-2600aa23857f"
[WebServer] 2026-09-06T09:46:35.673Z INFO  application=marketops-server environment=local buildVersion=0.1.0-SNAPSHOT correlationId=cd048a87-9383-4665-9313-ee49e2c07bea c.m.m.a.i.a.JdbcMetadataAuditStore - Metadata change recorded event="metadata_change_recorded" sourceDomain="advertisingefficiency" entityType="advertising_reservations" entityId="399d20cb-c404-45f8-84ea-f03e6b0e0c4e" action="READ" actorId="2f3a33eb-cd27-4f3d-8575-2f74fc4a6daf" correlationId="cd048a87-9383-4665-9313-ee49e2c07bea"
[WebServer] 2026-09-06T09:46:35.674Z INFO  application=marketops-server environment=local buildVersion=0.1.0-SNAPSHOT correlationId=cd048a87-9383-4665-9313-ee49e2c07bea c.m.m.s.i.c.CorrelationIdFilter - Request completed event="request_completed" correlationId="cd048a87-9383-4665-9313-ee49e2c07bea" status="200"
[WebServer] 2026-09-06T09:46:35.676Z INFO  application=marketops-server environment=local buildVersion=0.1.0-SNAPSHOT correlationId=f5fa3e7f-f3fd-4659-b719-d73adca84a8b c.m.m.a.i.a.JdbcMetadataAuditStore - Metadata change recorded event="metadata_change_recorded" sourceDomain="advertisingefficiency" entityType="advertising_exposure" entityId="399d20cb-c404-45f8-84ea-f03e6b0e0c4e" action="READ" actorId="2f3a33eb-cd27-4f3d-8575-2f74fc4a6daf" correlationId="f5fa3e7f-f3fd-4659-b719-d73adca84a8b"
[WebServer] 2026-09-06T09:46:35.677Z INFO  application=marketops-server environment=local buildVersion=0.1.0-SNAPSHOT correlationId=dc2371f5-615c-41fc-b090-dca45d05ed84 c.m.m.s.i.e.ConsoleProblemAdvice - Console request refused event="console_request_refused" errorCode="RESOURCE_NOT_FOUND" correlationId="dc2371f5-615c-41fc-b090-dca45d05ed84"
[WebServer] 2026-09-06T09:46:35.677Z INFO  application=marketops-server environment=local buildVersion=0.1.0-SNAPSHOT correlationId=f5fa3e7f-f3fd-4659-b719-d73adca84a8b c.m.m.s.i.c.CorrelationIdFilter - Request completed event="request_completed" correlationId="f5fa3e7f-f3fd-4659-b719-d73adca84a8b" status="200"
[WebServer] 2026-09-06T09:46:35.677Z INFO  application=marketops-server environment=local buildVersion=0.1.0-SNAPSHOT correlationId=dc2371f5-615c-41fc-b090-dca45d05ed84 c.m.m.s.i.c.CorrelationIdFilter - Request completed event="request_completed" correlationId="dc2371f5-615c-41fc-b090-dca45d05ed84" status="404"
[WebServer] 2026-09-06T09:46:35.679Z INFO  application=marketops-server environment=local buildVersion=0.1.0-SNAPSHOT correlationId=eedb271c-b5b2-4fd9-8db9-2600aa23857f c.m.m.s.i.c.CorrelationIdFilter - Request completed event="request_completed" correlationId="eedb271c-b5b2-4fd9-8db9-2600aa23857f" status="200"
[WebServer] 2026-09-06T09:46:35.679Z INFO  application=marketops-server environment=local buildVersion=0.1.0-SNAPSHOT correlationId=5c78c382-94e2-4069-b7ab-a21efc155273 c.m.m.a.i.a.JdbcMetadataAuditStore - Metadata change recorded event="metadata_change_recorded" sourceDomain="availabilityrisk" entityType="availability_queue" entityId="399d20cb-c404-45f8-84ea-f03e6b0e0c4e" action="READ" actorId="2f3a33eb-cd27-4f3d-8575-2f74fc4a6daf" correlationId="5c78c382-94e2-4069-b7ab-a21efc155273"
[WebServer] 2026-09-06T09:46:35.682Z INFO  application=marketops-server environment=local buildVersion=0.1.0-SNAPSHOT correlationId=5c78c382-94e2-4069-b7ab-a21efc155273 c.m.m.s.i.c.CorrelationIdFilter - Request completed event="request_completed" correlationId="5c78c382-94e2-4069-b7ab-a21efc155273" status="200"
[WebServer] 2026-09-06T09:46:35.685Z INFO  application=marketops-server environment=local buildVersion=0.1.0-SNAPSHOT correlationId=20f973d0-8abc-4579-beec-803c3feb9c9f c.m.m.s.i.e.ConsoleProblemAdvice - Console request refused event="console_request_refused" errorCode="RESOURCE_SCOPE_DENIED" correlationId="20f973d0-8abc-4579-beec-803c3feb9c9f"
[WebServer] 2026-09-06T09:46:35.685Z INFO  application=marketops-server environment=local buildVersion=0.1.0-SNAPSHOT correlationId=20f973d0-8abc-4579-beec-803c3feb9c9f c.m.m.s.i.c.CorrelationIdFilter - Request completed event="request_completed" correlationId="20f973d0-8abc-4579-beec-803c3feb9c9f" status="403"
[WebServer] 2026-09-06T09:46:35.693Z INFO  application=marketops-server environment=local buildVersion=0.1.0-SNAPSHOT correlationId=8bdad2bc-3741-4861-9aba-27f2228b9d00 c.m.m.s.i.e.ConsoleProblemAdvice - Console request refused event="console_request_refused" errorCode="RESOURCE_SCOPE_DENIED" correlationId="8bdad2bc-3741-4861-9aba-27f2228b9d00"
[WebServer] 2026-09-06T09:46:35.693Z INFO  application=marketops-server environment=local buildVersion=0.1.0-SNAPSHOT correlationId=8bdad2bc-3741-4861-9aba-27f2228b9d00 c.m.m.s.i.c.CorrelationIdFilter - Request completed event="request_completed" correlationId="8bdad2bc-3741-4861-9aba-27f2228b9d00" status="403"
[WebServer] 2026-09-06T09:46:35.701Z INFO  application=marketops-server environment=local buildVersion=0.1.0-SNAPSHOT correlationId=0e085dfd-2e28-46a7-bf98-397b258a2457 c.m.m.a.i.a.JdbcMetadataAuditStore - Metadata change recorded event="metadata_change_recorded" sourceDomain="advertisingefficiency" entityType="advertising_orchestration" entityId="399d20cb-c404-45f8-84ea-f03e6b0e0c4e" action="READ" actorId="2f3a33eb-cd27-4f3d-8575-2f74fc4a6daf" correlationId="0e085dfd-2e28-46a7-bf98-397b258a2457"
[WebServer] 2026-09-06T09:46:35.703Z INFO  application=marketops-server environment=local buildVersion=0.1.0-SNAPSHOT correlationId=0e085dfd-2e28-46a7-bf98-397b258a2457 c.m.m.s.i.c.CorrelationIdFilter - Request completed event="request_completed" correlationId="0e085dfd-2e28-46a7-bf98-397b258a2457" status="200"
[WebServer] 2026-09-06T09:46:35.703Z INFO  application=marketops-server environment=local buildVersion=0.1.0-SNAPSHOT correlationId=fa9c053a-ddcb-4a2e-99c7-4fdf3bfe6986 c.m.m.a.i.a.JdbcMetadataAuditStore - Metadata change recorded event="metadata_change_recorded" sourceDomain="advertisingefficiency" entityType="advertising_queue" entityId="399d20cb-c404-45f8-84ea-f03e6b0e0c4e" action="READ" actorId="2f3a33eb-cd27-4f3d-8575-2f74fc4a6daf" correlationId="fa9c053a-ddcb-4a2e-99c7-4fdf3bfe6986"
[WebServer] 2026-09-06T09:46:35.740Z INFO  application=marketops-server environment=local buildVersion=0.1.0-SNAPSHOT correlationId=275badaa-defc-4fe0-80dd-af307fa328a3 c.m.m.s.i.c.CorrelationIdFilter - Request completed event="request_completed" correlationId="275badaa-defc-4fe0-80dd-af307fa328a3" status="200"
[WebServer] 2026-09-06T09:46:36.095Z INFO  application=marketops-server environment=local buildVersion=0.1.0-SNAPSHOT correlationId=fa9c053a-ddcb-4a2e-99c7-4fdf3bfe6986 c.m.m.s.i.c.CorrelationIdFilter - Request completed event="request_completed" correlationId="fa9c053a-ddcb-4a2e-99c7-4fdf3bfe6986" status="200"
[WebServer] 2026-09-06T09:46:36.942Z INFO  application=marketops-server environment=local buildVersion=0.1.0-SNAPSHOT correlationId=28ac96b6-c7b2-4567-91b1-eb2504bda5da c.m.m.a.i.a.JdbcMetadataAuditStore - Metadata change recorded event="metadata_change_recorded" sourceDomain="advertisingefficiency" entityType="advertising_case" entityId="b1b92cf2-a836-4c46-9403-a552d72c8f59" action="READ" actorId="2f3a33eb-cd27-4f3d-8575-2f74fc4a6daf" correlationId="28ac96b6-c7b2-4567-91b1-eb2504bda5da"
[WebServer] 2026-09-06T09:46:36.952Z INFO  application=marketops-server environment=local buildVersion=0.1.0-SNAPSHOT correlationId=28ac96b6-c7b2-4567-91b1-eb2504bda5da c.m.m.s.i.c.CorrelationIdFilter - Request completed event="request_completed" correlationId="28ac96b6-c7b2-4567-91b1-eb2504bda5da" status="200"
[WebServer] 2026-09-06T09:46:36.974Z INFO  application=marketops-server environment=local buildVersion=0.1.0-SNAPSHOT correlationId=1b9fc4aa-f04b-4576-9117-6285b40e02b3 c.m.m.a.i.a.JdbcMetadataAuditStore - Metadata change recorded event="metadata_change_recorded" sourceDomain="advertisingefficiency" entityType="advertising_manual_packet" entityId="67159fa1-c670-4073-a620-3f9672fdc668" action="READ" actorId="2f3a33eb-cd27-4f3d-8575-2f74fc4a6daf" correlationId="1b9fc4aa-f04b-4576-9117-6285b40e02b3"
[WebServer] 2026-09-06T09:46:36.975Z INFO  application=marketops-server environment=local buildVersion=0.1.0-SNAPSHOT correlationId=1b9fc4aa-f04b-4576-9117-6285b40e02b3 c.m.m.s.i.c.CorrelationIdFilter - Request completed event="request_completed" correlationId="1b9fc4aa-f04b-4576-9117-6285b40e02b3" status="200"
[WebServer] 2026-09-06T09:46:36.992Z INFO  application=marketops-server environment=local buildVersion=0.1.0-SNAPSHOT correlationId=9197087e-55e2-4daf-8221-e63dfe1d2181 c.m.m.s.i.c.CorrelationIdFilter - Request completed event="request_completed" correlationId="9197087e-55e2-4daf-8221-e63dfe1d2181" status="200"
[WebServer] 2026-09-06T09:46:37.007Z INFO  application=marketops-server environment=local buildVersion=0.1.0-SNAPSHOT correlationId=bc85fada-4072-418c-8bfb-0330e25e65f4 c.m.m.s.i.c.CorrelationIdFilter - Request completed event="request_completed" correlationId="bc85fada-4072-418c-8bfb-0330e25e65f4" status="200"
[WebServer] 2026-09-06T09:46:37.023Z INFO  application=marketops-server environment=local buildVersion=0.1.0-SNAPSHOT correlationId=cefd6240-c29e-40ae-b4cb-6b90c9963613 c.m.m.s.i.c.CorrelationIdFilter - Request completed event="request_completed" correlationId="cefd6240-c29e-40ae-b4cb-6b90c9963613" status="200"
[WebServer] 2026-09-06T09:46:37.180Z INFO  application=marketops-server environment=local buildVersion=0.1.0-SNAPSHOT correlationId=0ae65123-5efa-4525-89d7-68fee8ce231e c.m.m.s.i.c.CorrelationIdFilter - Request completed event="request_completed" correlationId="0ae65123-5efa-4525-89d7-68fee8ce231e" status="204"
[WebServer] 2026-09-06T09:46:37.183Z DEBUG application=marketops-server environment=local buildVersion=0.1.0-SNAPSHOT correlationId=9a6fa793-2114-4d5e-84d4-a8c48632d1ca c.m.m.s.i.c.CorrelationIdFilter - Inbound correlation identifier replaced event="correlation_identifier_replaced" correlationId="9a6fa793-2114-4d5e-84d4-a8c48632d1ca" rejectionCategory="MISSING"
[WebServer] 2026-09-06T09:46:37.223Z INFO  application=marketops-server environment=local buildVersion=0.1.0-SNAPSHOT correlationId=9a6fa793-2114-4d5e-84d4-a8c48632d1ca c.m.m.s.i.c.CorrelationIdFilter - Request completed event="request_completed" correlationId="9a6fa793-2114-4d5e-84d4-a8c48632d1ca" status="200"
[WebServer] 2026-09-06T09:46:37.223Z INFO  application=marketops-server environment=local buildVersion=0.1.0-SNAPSHOT correlationId=b414fe07-e240-4012-adb8-3fb199e3b8e3 c.m.m.s.i.c.CorrelationIdFilter - Request completed event="request_completed" correlationId="b414fe07-e240-4012-adb8-3fb199e3b8e3" status="200"
[WebServer] 2026-09-06T09:46:37.242Z INFO  application=marketops-server environment=local buildVersion=0.1.0-SNAPSHOT correlationId=1a4ddc00-2680-48d0-b694-2ee3437e865d c.m.m.s.i.c.CorrelationIdFilter - Request completed event="request_completed" correlationId="1a4ddc00-2680-48d0-b694-2ee3437e865d" status="200"
[WebServer] 2026-09-06T09:46:37.403Z INFO  application=marketops-server environment=local buildVersion=0.1.0-SNAPSHOT correlationId=128f3eab-e6c4-447a-b3dc-d17342547a6a c.m.m.a.i.a.JdbcMetadataAuditStore - Metadata change recorded event="metadata_change_recorded" sourceDomain="advertisingefficiency" entityType="advertising_containments" entityId="399d20cb-c404-45f8-84ea-f03e6b0e0c4e" action="READ" actorId="2f3a33eb-cd27-4f3d-8575-2f74fc4a6daf" correlationId="128f3eab-e6c4-447a-b3dc-d17342547a6a"
[WebServer] 2026-09-06T09:46:37.403Z INFO  application=marketops-server environment=local buildVersion=0.1.0-SNAPSHOT correlationId=3b5e843e-bdfd-4813-9f07-c6a9fa13b355 c.m.m.s.i.e.ConsoleProblemAdvice - Console request refused event="console_request_refused" errorCode="RESOURCE_NOT_FOUND" correlationId="3b5e843e-bdfd-4813-9f07-c6a9fa13b355"
[WebServer] 2026-09-06T09:46:37.403Z INFO  application=marketops-server environment=local buildVersion=0.1.0-SNAPSHOT correlationId=587aad0c-9e53-41af-8a61-3d7507dcca9c c.m.m.a.i.a.JdbcMetadataAuditStore - Metadata change recorded event="metadata_change_recorded" sourceDomain="advertisingefficiency" entityType="advertising_reservations" entityId="399d20cb-c404-45f8-84ea-f03e6b0e0c4e" action="READ" actorId="2f3a33eb-cd27-4f3d-8575-2f74fc4a6daf" correlationId="587aad0c-9e53-41af-8a61-3d7507dcca9c"
[WebServer] 2026-09-06T09:46:37.403Z INFO  application=marketops-server environment=local buildVersion=0.1.0-SNAPSHOT correlationId=3b5e843e-bdfd-4813-9f07-c6a9fa13b355 c.m.m.s.i.c.CorrelationIdFilter - Request completed event="request_completed" correlationId="3b5e843e-bdfd-4813-9f07-c6a9fa13b355" status="404"
[WebServer] 2026-09-06T09:46:37.405Z INFO  application=marketops-server environment=local buildVersion=0.1.0-SNAPSHOT correlationId=587aad0c-9e53-41af-8a61-3d7507dcca9c c.m.m.s.i.c.CorrelationIdFilter - Request completed event="request_completed" correlationId="587aad0c-9e53-41af-8a61-3d7507dcca9c" status="200"
[WebServer] 2026-09-06T09:46:37.407Z INFO  application=marketops-server environment=local buildVersion=0.1.0-SNAPSHOT correlationId=789a3d4b-e05c-465f-bcfb-008c4a4365c3 c.m.m.s.i.e.ConsoleProblemAdvice - Console request refused event="console_request_refused" errorCode="RESOURCE_SCOPE_DENIED" correlationId="789a3d4b-e05c-465f-bcfb-008c4a4365c3"
[WebServer] 2026-09-06T09:46:37.407Z INFO  application=marketops-server environment=local buildVersion=0.1.0-SNAPSHOT correlationId=789a3d4b-e05c-465f-bcfb-008c4a4365c3 c.m.m.s.i.c.CorrelationIdFilter - Request completed event="request_completed" correlationId="789a3d4b-e05c-465f-bcfb-008c4a4365c3" status="403"
[WebServer] 2026-09-06T09:46:37.408Z INFO  application=marketops-server environment=local buildVersion=0.1.0-SNAPSHOT correlationId=0798cd80-53c7-479a-838e-d5b6baef9957 c.m.m.a.i.a.JdbcMetadataAuditStore - Metadata change recorded event="metadata_change_recorded" sourceDomain="availabilityrisk" entityType="availability_queue" entityId="399d20cb-c404-45f8-84ea-f03e6b0e0c4e" action="READ" actorId="2f3a33eb-cd27-4f3d-8575-2f74fc4a6daf" correlationId="0798cd80-53c7-479a-838e-d5b6baef9957"
[WebServer] 2026-09-06T09:46:37.409Z INFO  application=marketops-server environment=local buildVersion=0.1.0-SNAPSHOT correlationId=0798cd80-53c7-479a-838e-d5b6baef9957 c.m.m.s.i.c.CorrelationIdFilter - Request completed event="request_completed" correlationId="0798cd80-53c7-479a-838e-d5b6baef9957" status="200"
[WebServer] 2026-09-06T09:46:37.409Z INFO  application=marketops-server environment=local buildVersion=0.1.0-SNAPSHOT correlationId=f6340ae9-4e1e-4907-acfa-c9b957b5a8cf c.m.m.a.i.a.JdbcMetadataAuditStore - Metadata change recorded event="metadata_change_recorded" sourceDomain="advertisingefficiency" entityType="advertising_exposure" entityId="399d20cb-c404-45f8-84ea-f03e6b0e0c4e" action="READ" actorId="2f3a33eb-cd27-4f3d-8575-2f74fc4a6daf" correlationId="f6340ae9-4e1e-4907-acfa-c9b957b5a8cf"
[WebServer] 2026-09-06T09:46:37.411Z INFO  application=marketops-server environment=local buildVersion=0.1.0-SNAPSHOT correlationId=128f3eab-e6c4-447a-b3dc-d17342547a6a c.m.m.s.i.c.CorrelationIdFilter - Request completed event="request_completed" correlationId="128f3eab-e6c4-447a-b3dc-d17342547a6a" status="200"
[WebServer] 2026-09-06T09:46:37.411Z INFO  application=marketops-server environment=local buildVersion=0.1.0-SNAPSHOT correlationId=f6340ae9-4e1e-4907-acfa-c9b957b5a8cf c.m.m.s.i.c.CorrelationIdFilter - Request completed event="request_completed" correlationId="f6340ae9-4e1e-4907-acfa-c9b957b5a8cf" status="200"
[WebServer] 2026-09-06T09:46:37.416Z INFO  application=marketops-server environment=local buildVersion=0.1.0-SNAPSHOT correlationId=6d907a71-b23b-4107-bab8-6de1d1ac083a c.m.m.s.i.e.ConsoleProblemAdvice - Console request refused event="console_request_refused" errorCode="RESOURCE_SCOPE_DENIED" correlationId="6d907a71-b23b-4107-bab8-6de1d1ac083a"
[WebServer] 2026-09-06T09:46:37.416Z INFO  application=marketops-server environment=local buildVersion=0.1.0-SNAPSHOT correlationId=6d907a71-b23b-4107-bab8-6de1d1ac083a c.m.m.s.i.c.CorrelationIdFilter - Request completed event="request_completed" correlationId="6d907a71-b23b-4107-bab8-6de1d1ac083a" status="403"
[WebServer] 2026-09-06T09:46:37.422Z INFO  application=marketops-server environment=local buildVersion=0.1.0-SNAPSHOT correlationId=94a1706e-901b-40b3-85a3-3ceba17fdb9d c.m.m.a.i.a.JdbcMetadataAuditStore - Metadata change recorded event="metadata_change_recorded" sourceDomain="advertisingefficiency" entityType="advertising_queue" entityId="399d20cb-c404-45f8-84ea-f03e6b0e0c4e" action="READ" actorId="2f3a33eb-cd27-4f3d-8575-2f74fc4a6daf" correlationId="94a1706e-901b-40b3-85a3-3ceba17fdb9d"
[WebServer] 2026-09-06T09:46:37.423Z INFO  application=marketops-server environment=local buildVersion=0.1.0-SNAPSHOT correlationId=85bb8fda-3593-41f6-a247-fc1450c0afc5 c.m.m.a.i.a.JdbcMetadataAuditStore - Metadata change recorded event="metadata_change_recorded" sourceDomain="advertisingefficiency" entityType="advertising_orchestration" entityId="399d20cb-c404-45f8-84ea-f03e6b0e0c4e" action="READ" actorId="2f3a33eb-cd27-4f3d-8575-2f74fc4a6daf" correlationId="85bb8fda-3593-41f6-a247-fc1450c0afc5"
[WebServer] 2026-09-06T09:46:37.424Z INFO  application=marketops-server environment=local buildVersion=0.1.0-SNAPSHOT correlationId=85bb8fda-3593-41f6-a247-fc1450c0afc5 c.m.m.s.i.c.CorrelationIdFilter - Request completed event="request_completed" correlationId="85bb8fda-3593-41f6-a247-fc1450c0afc5" status="200"
[WebServer] 2026-09-06T09:46:37.816Z INFO  application=marketops-server environment=local buildVersion=0.1.0-SNAPSHOT correlationId=94a1706e-901b-40b3-85a3-3ceba17fdb9d c.m.m.s.i.c.CorrelationIdFilter - Request completed event="request_completed" correlationId="94a1706e-901b-40b3-85a3-3ceba17fdb9d" status="200"
[WebServer] 2026-09-06T09:46:38.729Z INFO  application=marketops-server environment=local buildVersion=0.1.0-SNAPSHOT correlationId=1a759c84-c091-40b9-9eaa-a6a188bf1351 c.m.m.a.i.a.JdbcMetadataAuditStore - Metadata change recorded event="metadata_change_recorded" sourceDomain="advertisingefficiency" entityType="advertising_queue" entityId="399d20cb-c404-45f8-84ea-f03e6b0e0c4e" action="READ" actorId="2f3a33eb-cd27-4f3d-8575-2f74fc4a6daf" correlationId="1a759c84-c091-40b9-9eaa-a6a188bf1351"
[WebServer] 2026-09-06T09:46:38.777Z INFO  application=marketops-server environment=local buildVersion=0.1.0-SNAPSHOT correlationId=1a759c84-c091-40b9-9eaa-a6a188bf1351 c.m.m.s.i.c.CorrelationIdFilter - Request completed event="request_completed" correlationId="1a759c84-c091-40b9-9eaa-a6a188bf1351" status="200"
[WebServer] 2026-09-06T09:46:39.245Z INFO  application=marketops-server environment=local buildVersion=0.1.0-SNAPSHOT correlationId=6733a473-62d2-4c95-9a35-c475745ff431 c.m.m.a.i.a.JdbcMetadataAuditStore - Metadata change recorded event="metadata_change_recorded" sourceDomain="advertisingefficiency" entityType="advertising_queue" entityId="399d20cb-c404-45f8-84ea-f03e6b0e0c4e" action="READ" actorId="2f3a33eb-cd27-4f3d-8575-2f74fc4a6daf" correlationId="6733a473-62d2-4c95-9a35-c475745ff431"
[WebServer] 2026-09-06T09:46:39.622Z INFO  application=marketops-server environment=local buildVersion=0.1.0-SNAPSHOT correlationId=6733a473-62d2-4c95-9a35-c475745ff431 c.m.m.s.i.c.CorrelationIdFilter - Request completed event="request_completed" correlationId="6733a473-62d2-4c95-9a35-c475745ff431" status="200"
[WebServer] 2026-09-06T09:46:39.695Z INFO  application=marketops-server environment=local buildVersion=0.1.0-SNAPSHOT correlationId=5f63660a-75e3-43f5-9840-77d814141f0f c.m.m.a.i.a.JdbcMetadataAuditStore - Metadata change recorded event="metadata_change_recorded" sourceDomain="advertisingefficiency" entityType="advertising_queue" entityId="399d20cb-c404-45f8-84ea-f03e6b0e0c4e" action="READ" actorId="2f3a33eb-cd27-4f3d-8575-2f74fc4a6daf" correlationId="5f63660a-75e3-43f5-9840-77d814141f0f"
[WebServer] 2026-09-06T09:46:39.750Z INFO  application=marketops-server environment=local buildVersion=0.1.0-SNAPSHOT correlationId=5f63660a-75e3-43f5-9840-77d814141f0f c.m.m.s.i.c.CorrelationIdFilter - Request completed event="request_completed" correlationId="5f63660a-75e3-43f5-9840-77d814141f0f" status="200"
[WebServer] 2026-09-06T09:46:40.153Z INFO  application=marketops-server environment=local buildVersion=0.1.0-SNAPSHOT correlationId=d1114a93-2026-40db-b7a3-8b77d47c9f1d c.m.m.a.i.a.JdbcMetadataAuditStore - Metadata change recorded event="metadata_change_recorded" sourceDomain="advertisingefficiency" entityType="advertising_queue" entityId="399d20cb-c404-45f8-84ea-f03e6b0e0c4e" action="READ" actorId="2f3a33eb-cd27-4f3d-8575-2f74fc4a6daf" correlationId="d1114a93-2026-40db-b7a3-8b77d47c9f1d"
[WebServer] 2026-09-06T09:46:40.518Z INFO  application=marketops-server environment=local buildVersion=0.1.0-SNAPSHOT correlationId=d1114a93-2026-40db-b7a3-8b77d47c9f1d c.m.m.s.i.c.CorrelationIdFilter - Request completed event="request_completed" correlationId="d1114a93-2026-40db-b7a3-8b77d47c9f1d" status="200"
[WebServer] 2026-09-06T09:46:40.593Z INFO  application=marketops-server environment=local buildVersion=0.1.0-SNAPSHOT correlationId=9d234350-054b-4457-b11d-bc9a862c485c c.m.m.a.i.a.JdbcMetadataAuditStore - Metadata change recorded event="metadata_change_recorded" sourceDomain="advertisingefficiency" entityType="advertising_queue" entityId="399d20cb-c404-45f8-84ea-f03e6b0e0c4e" action="READ" actorId="2f3a33eb-cd27-4f3d-8575-2f74fc4a6daf" correlationId="9d234350-054b-4457-b11d-bc9a862c485c"
[WebServer] 2026-09-06T09:46:40.616Z INFO  application=marketops-server environment=local buildVersion=0.1.0-SNAPSHOT correlationId=9d234350-054b-4457-b11d-bc9a862c485c c.m.m.s.i.c.CorrelationIdFilter - Request completed event="request_completed" correlationId="9d234350-054b-4457-b11d-bc9a862c485c" status="200"
[WebServer] 2026-09-06T09:46:41.037Z INFO  application=marketops-server environment=local buildVersion=0.1.0-SNAPSHOT correlationId=52bdd514-0b14-4ba7-baa3-c4f269ef3184 c.m.m.a.i.a.JdbcMetadataAuditStore - Metadata change recorded event="metadata_change_recorded" sourceDomain="advertisingefficiency" entityType="advertising_queue" entityId="399d20cb-c404-45f8-84ea-f03e6b0e0c4e" action="READ" actorId="2f3a33eb-cd27-4f3d-8575-2f74fc4a6daf" correlationId="52bdd514-0b14-4ba7-baa3-c4f269ef3184"
[WebServer] 2026-09-06T09:46:41.057Z INFO  application=marketops-server environment=local buildVersion=0.1.0-SNAPSHOT correlationId=52bdd514-0b14-4ba7-baa3-c4f269ef3184 c.m.m.s.i.c.CorrelationIdFilter - Request completed event="request_completed" correlationId="52bdd514-0b14-4ba7-baa3-c4f269ef3184" status="200"
[WebServer] 2026-09-06T09:46:41.072Z DEBUG application=marketops-server environment=local buildVersion=0.1.0-SNAPSHOT correlationId=93d00e99-6d60-4fe3-adc4-99bac778134a c.m.m.s.i.c.CorrelationIdFilter - Inbound correlation identifier replaced event="correlation_identifier_replaced" correlationId="93d00e99-6d60-4fe3-adc4-99bac778134a" rejectionCategory="MISSING"
[WebServer] 2026-09-06T09:46:41.084Z INFO  application=marketops-server environment=local buildVersion=0.1.0-SNAPSHOT correlationId=93d00e99-6d60-4fe3-adc4-99bac778134a c.m.m.a.i.a.JdbcMetadataAuditStore - Metadata change recorded event="metadata_change_recorded" sourceDomain="advertisingefficiency" entityType="advertising_queue" entityId="399d20cb-c404-45f8-84ea-f03e6b0e0c4e" action="READ" actorId="2f3a33eb-cd27-4f3d-8575-2f74fc4a6daf" correlationId="93d00e99-6d60-4fe3-adc4-99bac778134a"
[WebServer] 2026-09-06T09:46:41.548Z INFO  application=marketops-server environment=local buildVersion=0.1.0-SNAPSHOT correlationId=93d00e99-6d60-4fe3-adc4-99bac778134a c.m.m.s.i.c.CorrelationIdFilter - Request completed event="request_completed" correlationId="93d00e99-6d60-4fe3-adc4-99bac778134a" status="200"
[WebServer] 2026-09-06T09:46:41.551Z DEBUG application=marketops-server environment=local buildVersion=0.1.0-SNAPSHOT correlationId=aaa4acfe-449e-4ebb-8280-217f81d77611 c.m.m.s.i.c.CorrelationIdFilter - Inbound correlation identifier replaced event="correlation_identifier_replaced" correlationId="aaa4acfe-449e-4ebb-8280-217f81d77611" rejectionCategory="MISSING"
[WebServer] 2026-09-06T09:46:41.560Z INFO  application=marketops-server environment=local buildVersion=0.1.0-SNAPSHOT correlationId=aaa4acfe-449e-4ebb-8280-217f81d77611 c.m.m.s.i.e.ConsoleProblemAdvice - Console request refused event="console_request_refused" errorCode="RESOURCE_NOT_FOUND" correlationId="aaa4acfe-449e-4ebb-8280-217f81d77611"
[WebServer] 2026-09-06T09:46:41.560Z INFO  application=marketops-server environment=local buildVersion=0.1.0-SNAPSHOT correlationId=aaa4acfe-449e-4ebb-8280-217f81d77611 c.m.m.s.i.c.CorrelationIdFilter - Request completed event="request_completed" correlationId="aaa4acfe-449e-4ebb-8280-217f81d77611" status="404"
[WebServer] 2026-09-06T09:46:41.562Z DEBUG application=marketops-server environment=local buildVersion=0.1.0-SNAPSHOT correlationId=3c7b4ba0-72db-4a26-aec9-23b2698211ef c.m.m.s.i.c.CorrelationIdFilter - Inbound correlation identifier replaced event="correlation_identifier_replaced" correlationId="3c7b4ba0-72db-4a26-aec9-23b2698211ef" rejectionCategory="MISSING"
[WebServer] 2026-09-06T09:46:41.571Z INFO  application=marketops-server environment=local buildVersion=0.1.0-SNAPSHOT correlationId=3c7b4ba0-72db-4a26-aec9-23b2698211ef c.m.m.s.i.e.ConsoleProblemAdvice - Console request refused event="console_request_refused" errorCode="RESOURCE_NOT_FOUND" correlationId="3c7b4ba0-72db-4a26-aec9-23b2698211ef"
[WebServer] 2026-09-06T09:46:41.571Z INFO  application=marketops-server environment=local buildVersion=0.1.0-SNAPSHOT correlationId=3c7b4ba0-72db-4a26-aec9-23b2698211ef c.m.m.s.i.c.CorrelationIdFilter - Request completed event="request_completed" correlationId="3c7b4ba0-72db-4a26-aec9-23b2698211ef" status="404"
[WebServer] 2026-09-06T09:46:41.573Z DEBUG application=marketops-server environment=local buildVersion=0.1.0-SNAPSHOT correlationId=1e3d1e73-7c55-4401-a031-29d8ace034e4 c.m.m.s.i.c.CorrelationIdFilter - Inbound correlation identifier replaced event="correlation_identifier_replaced" correlationId="1e3d1e73-7c55-4401-a031-29d8ace034e4" rejectionCategory="MISSING"
[WebServer] 2026-09-06T09:46:41.582Z INFO  application=marketops-server environment=local buildVersion=0.1.0-SNAPSHOT correlationId=1e3d1e73-7c55-4401-a031-29d8ace034e4 c.m.m.s.i.e.ConsoleProblemAdvice - Console request refused event="console_request_refused" errorCode="RESOURCE_NOT_FOUND" correlationId="1e3d1e73-7c55-4401-a031-29d8ace034e4"
[WebServer] 2026-09-06T09:46:41.582Z INFO  application=marketops-server environment=local buildVersion=0.1.0-SNAPSHOT correlationId=1e3d1e73-7c55-4401-a031-29d8ace034e4 c.m.m.s.i.c.CorrelationIdFilter - Request completed event="request_completed" correlationId="1e3d1e73-7c55-4401-a031-29d8ace034e4" status="404"
[WebServer] 2026-09-06T09:46:41.584Z DEBUG application=marketops-server environment=local buildVersion=0.1.0-SNAPSHOT correlationId=9fa780ac-8b41-4e15-8eff-69b60e9b0d34 c.m.m.s.i.c.CorrelationIdFilter - Inbound correlation identifier replaced event="correlation_identifier_replaced" correlationId="9fa780ac-8b41-4e15-8eff-69b60e9b0d34" rejectionCategory="MISSING"
[WebServer] 2026-09-06T09:46:41.592Z INFO  application=marketops-server environment=local buildVersion=0.1.0-SNAPSHOT correlationId=9fa780ac-8b41-4e15-8eff-69b60e9b0d34 c.m.m.s.i.e.ConsoleProblemAdvice - Console request refused event="console_request_refused" errorCode="RESOURCE_NOT_FOUND" correlationId="9fa780ac-8b41-4e15-8eff-69b60e9b0d34"
[WebServer] 2026-09-06T09:46:41.592Z INFO  application=marketops-server environment=local buildVersion=0.1.0-SNAPSHOT correlationId=9fa780ac-8b41-4e15-8eff-69b60e9b0d34 c.m.m.s.i.c.CorrelationIdFilter - Request completed event="request_completed" correlationId="9fa780ac-8b41-4e15-8eff-69b60e9b0d34" status="404"
[WebServer] 2026-09-06T09:46:41.594Z DEBUG application=marketops-server environment=local buildVersion=0.1.0-SNAPSHOT correlationId=ef3a6dab-8d1e-45dc-a3ae-b353c74942db c.m.m.s.i.c.CorrelationIdFilter - Inbound correlation identifier replaced event="correlation_identifier_replaced" correlationId="ef3a6dab-8d1e-45dc-a3ae-b353c74942db" rejectionCategory="MISSING"
[WebServer] 2026-09-06T09:46:41.602Z INFO  application=marketops-server environment=local buildVersion=0.1.0-SNAPSHOT correlationId=ef3a6dab-8d1e-45dc-a3ae-b353c74942db c.m.m.s.i.e.ConsoleProblemAdvice - Console request refused event="console_request_refused" errorCode="RESOURCE_NOT_FOUND" correlationId="ef3a6dab-8d1e-45dc-a3ae-b353c74942db"
[WebServer] 2026-09-06T09:46:41.603Z INFO  application=marketops-server environment=local buildVersion=0.1.0-SNAPSHOT correlationId=ef3a6dab-8d1e-45dc-a3ae-b353c74942db c.m.m.s.i.c.CorrelationIdFilter - Request completed event="request_completed" correlationId="ef3a6dab-8d1e-45dc-a3ae-b353c74942db" status="404"
[WebServer] 2026-09-06T09:46:41.604Z DEBUG application=marketops-server environment=local buildVersion=0.1.0-SNAPSHOT correlationId=6d26bc03-2ab6-4cd7-9a72-290bc0ec275b c.m.m.s.i.c.CorrelationIdFilter - Inbound correlation identifier replaced event="correlation_identifier_replaced" correlationId="6d26bc03-2ab6-4cd7-9a72-290bc0ec275b" rejectionCategory="MISSING"
[WebServer] 2026-09-06T09:46:41.613Z INFO  application=marketops-server environment=local buildVersion=0.1.0-SNAPSHOT correlationId=6d26bc03-2ab6-4cd7-9a72-290bc0ec275b c.m.m.s.i.e.ConsoleProblemAdvice - Console request refused event="console_request_refused" errorCode="RESOURCE_NOT_FOUND" correlationId="6d26bc03-2ab6-4cd7-9a72-290bc0ec275b"
[WebServer] 2026-09-06T09:46:41.613Z INFO  application=marketops-server environment=local buildVersion=0.1.0-SNAPSHOT correlationId=6d26bc03-2ab6-4cd7-9a72-290bc0ec275b c.m.m.s.i.c.CorrelationIdFilter - Request completed event="request_completed" correlationId="6d26bc03-2ab6-4cd7-9a72-290bc0ec275b" status="404"
  ✓  12 tests/advertising-browser/governed-advertising.spec.ts:802:1 › real keyboard navigation and scoped HTTP pagination preserve page boundaries and lane resets (6.6s)

  12 passed (1.2m)
