[WebServer] [INFO] Scanning for projects...
[WebServer] [INFO] 
[WebServer] [INFO] --------------< com.mimococo.marketops:marketops-server >---------------
[WebServer] [INFO] Building MarketOps Server 0.1.0-SNAPSHOT
[WebServer] [INFO]   from pom.xml
[WebServer] [INFO] --------------------------------[ jar ]---------------------------------
[WebServer] [INFO] 
[WebServer] [INFO] >>> spring-boot:4.1.0:test-run (advertising-browser-fixture) > test-compile @ marketops-server >>>
[WebServer] [INFO] 
[WebServer] [INFO] --- enforcer:3.6.3:enforce (enforce-toolchain-and-dependencies) @ marketops-server ---[WebServer] 
[WebServer] [INFO] Rule 0: org.apache.maven.enforcer.rules.version.RequireJavaVersion passed
[WebServer] [INFO] Rule 1: org.apache.maven.enforcer.rules.version.RequireMavenVersion passed
[WebServer] [INFO] Rule 2: org.apache.maven.enforcer.rules.dependency.BannedDependencies passed
[WebServer] [INFO] Rule 3: org.apache.maven.enforcer.rules.dependency.DependencyConvergence passed
[WebServer] [INFO] 
[WebServer] [INFO] --- jacoco:0.8.15:prepare-agent (prepare-coverage) @ marketops-server ---
[WebServer] [INFO] argLine set to -javaagent:/Users/chzhengx/.m2/repository/org/jacoco/org.jacoco.agent/0.8.15/org.jacoco.agent-0.8.15-runtime.jar=destfile=/Users/chzhengx/Code/personal/marketops-platform/backend/marketops-server/target/jacoco.exec
[WebServer] [INFO] 
[WebServer] [INFO] --- spring-boot:4.1.0:build-info (build-info) @ marketops-server ---
[WebServer] [INFO] 
[WebServer] [INFO] --- resources:3.5.0:resources (default-resources) @ marketops-server ---
[WebServer] [INFO] Copying 5 resources from src/main/resources to target/classes
[WebServer] [INFO] Copying 66 resources from src/main/resources to target/classes
[WebServer] [INFO] 
[WebServer] [INFO] --- compiler:3.15.0:compile (default-compile) @ marketops-server ---
[WebServer] [INFO] Nothing to compile - all classes are up to date.
[WebServer] [INFO] 
[WebServer] [INFO] --- resources:3.5.0:testResources (default-testResources) @ marketops-server ---[WebServer] 
[WebServer] [INFO] Copying 4 resources from src/test/resources to target/test-classes
[WebServer] [INFO] 
[WebServer] [INFO] --- compiler:3.15.0:testCompile (default-testCompile) @ marketops-server ---
[WebServer] [INFO] Recompiling the module because of changed source code.
[WebServer] [INFO] Compiling 269 source files with javac [debug deprecation parameters release 21] to target/test-classes
[WebServer] [WARNING] /Users/chzhengx/Code/personal/marketops-platform/backend/marketops-server/src/test/java/com/mimococo/marketops/AdvertisingDisclosureIT.java:[83,65] asText() in tools.jackson.databind.JsonNode has been deprecated
[WebServer] [WARNING] /Users/chzhengx/Code/personal/marketops-platform/backend/marketops-server/src/test/java/com/mimococo/marketops/AdvertisingDisclosureIT.java:[86,74] asText() in tools.jackson.databind.JsonNode has been deprecated
[WebServer] [WARNING] /Users/chzhengx/Code/personal/marketops-platform/backend/marketops-server/src/test/java/com/mimococo/marketops/AdvertisingDisclosureIT.java:[90,83] asText() in tools.jackson.databind.JsonNode has been deprecated
[WebServer] [WARNING] /Users/chzhengx/Code/personal/marketops-platform/backend/marketops-server/src/test/java/com/mimococo/marketops/AdvertisingDisclosureIT.java:[113,49] asText() in tools.jackson.databind.JsonNode has been deprecated
[WebServer] [WARNING] /Users/chzhengx/Code/personal/marketops-platform/backend/marketops-server/src/test/java/com/mimococo/marketops/AdvertisingDisclosureIT.java:[162,53] asText() in tools.jackson.databind.JsonNode has been deprecated
[WebServer] [WARNING] /Users/chzhengx/Code/personal/marketops-platform/backend/marketops-server/src/test/java/com/mimococo/marketops/AdvertisingDisclosureIT.java:[205,52] asText() in tools.jackson.databind.JsonNode has been deprecated
[WebServer] [WARNING] /Users/chzhengx/Code/personal/marketops-platform/backend/marketops-server/src/test/java/com/mimococo/marketops/AdvertisingDisclosureIT.java:[275,40] asText() in tools.jackson.databind.JsonNode has been deprecated
[WebServer] [WARNING] /Users/chzhengx/Code/personal/marketops-platform/backend/marketops-server/src/test/java/com/mimococo/marketops/AdvertisingDisclosureIT.java:[277,53] asText() in tools.jackson.databind.JsonNode has been deprecated
[WebServer] [WARNING] /Users/chzhengx/Code/personal/marketops-platform/backend/marketops-server/src/test/java/com/mimococo/marketops/AdvertisingManualWorkflowIT.java:[263,69] asText() in tools.jackson.databind.JsonNode has been deprecated
[WebServer] [WARNING] /Users/chzhengx/Code/personal/marketops-platform/backend/marketops-server/src/test/java/com/mimococo/marketops/AdvertisingMaterialityIT.java:[31,46] asText() in tools.jackson.databind.JsonNode has been deprecated
[WebServer] [WARNING] /Users/chzhengx/Code/personal/marketops-platform/backend/marketops-server/src/test/java/com/mimococo/marketops/AdvertisingMaterialityIT.java:[72,40] asText() in tools.jackson.databind.JsonNode has been deprecated
[WebServer] [WARNING] /Users/chzhengx/Code/personal/marketops-platform/backend/marketops-server/src/test/java/com/mimococo/marketops/AdvertisingMaterialityIT.java:[77,46] asText() in tools.jackson.databind.JsonNode has been deprecated
[WebServer] [WARNING] /Users/chzhengx/Code/personal/marketops-platform/backend/marketops-server/src/test/java/com/mimococo/marketops/AdvertisingMaterialityIT.java:[83,40] asText() in tools.jackson.databind.JsonNode has been deprecated
[WebServer] [WARNING] /Users/chzhengx/Code/personal/marketops-platform/backend/marketops-server/src/test/java/com/mimococo/marketops/aicopilot/internal/application/OutputValidatorTest.java:[161,56] redundant cast to java.lang.String
[WebServer] [WARNING] /Users/chzhengx/Code/personal/marketops-platform/backend/marketops-server/src/test/java/com/mimococo/marketops/marketplaceintegration/adapter/http/PlatformHttpAdaptersTest.java:[103,70] unchecked generic array creation for varargs parameter of type java.util.Optional<java.lang.String>[]
[WebServer] [INFO] 
[WebServer] [INFO] <<< spring-boot:4.1.0:test-run (advertising-browser-fixture) < test-compile @ marketops-server <<<
[WebServer] [INFO] 
[WebServer] [INFO] 
[WebServer] [INFO] --- spring-boot:4.1.0:test-run (advertising-browser-fixture) @ marketops-server ---
[WebServer] [INFO] Attaching agents: []
[WebServer] 2026-09-05T10:43:24.171+08:00 INFO  application=marketops-server environment=local buildVersion=0.1.0-SNAPSHOT correlationId=none c.m.m.AdvertisingBrowserFixtureApplication - Starting AdvertisingBrowserFixtureApplication v0.1.0-SNAPSHOT using Java 21.0.10 with PID 80215 (/Users/chzhengx/Code/personal/marketops-platform/backend/marketops-server/target/test-classes started by chzhengx in /Users/chzhengx/Code/personal/marketops-platform/backend/marketops-server) 
[WebServer] 2026-09-05T10:43:24.172+08:00 DEBUG application=marketops-server environment=local buildVersion=0.1.0-SNAPSHOT correlationId=none c.m.m.AdvertisingBrowserFixtureApplication - Running with Spring Boot v4.1.0, Spring v7.0.8 
[WebServer] 2026-09-05T10:43:24.173+08:00 INFO  application=marketops-server environment=local buildVersion=0.1.0-SNAPSHOT correlationId=none c.m.m.AdvertisingBrowserFixtureApplication - The following 1 profile is active: "local" 
[WebServer] 2026-09-05T10:43:25.721+08:00 INFO  application=marketops-server environment=local buildVersion=0.1.0-SNAPSHOT correlationId=none o.s.boot.tomcat.TomcatWebServer - Tomcat initialized with port 8080 (http) 
[WebServer] 2026-09-05T10:43:25.732+08:00 INFO  application=marketops-server environment=local buildVersion=0.1.0-SNAPSHOT correlationId=none o.a.catalina.core.StandardService - Starting service [Tomcat] 
[WebServer] 2026-09-05T10:43:25.732+08:00 INFO  application=marketops-server environment=local buildVersion=0.1.0-SNAPSHOT correlationId=none o.a.catalina.core.StandardEngine - Starting Servlet engine: [Apache Tomcat/11.0.22] 
[WebServer] 2026-09-05T10:43:25.755+08:00 INFO  application=marketops-server environment=local buildVersion=0.1.0-SNAPSHOT correlationId=none o.s.b.w.c.s.WebApplicationContextInitializer - Root WebApplicationContext: initialization completed in 1554 ms 
[WebServer] 2026-09-05T10:43:25.877+08:00 DEBUG application=marketops-server environment=local buildVersion=0.1.0-SNAPSHOT correlationId=none c.m.m.s.i.c.CorrelationIdFilter - Filter 'correlationIdFilter' configured for use 
[WebServer] 2026-09-05T10:43:30.953+08:00 INFO  application=marketops-server environment=local buildVersion=0.1.0-SNAPSHOT correlationId=none o.s.b.a.e.web.EndpointLinksResolver - Exposing 2 endpoints beneath base path '/actuator' 
[WebServer] 2026-09-05T10:43:30.997+08:00 INFO  application=marketops-server environment=local buildVersion=0.1.0-SNAPSHOT correlationId=none o.s.boot.tomcat.TomcatWebServer - Tomcat started on port 8080 (http) with context path '/' 
[WebServer] 2026-09-05T10:43:31.002+08:00 INFO  application=marketops-server environment=local buildVersion=0.1.0-SNAPSHOT correlationId=none o.s.s.config.TaskSchedulerRouter - No TaskScheduler/ScheduledExecutorService bean found for scheduled processing 
[WebServer] 2026-09-05T10:43:31.006+08:00 INFO  application=marketops-server environment=local buildVersion=0.1.0-SNAPSHOT correlationId=none c.m.m.AdvertisingBrowserFixtureApplication - Started AdvertisingBrowserFixtureApplication in 7.26 seconds (process running for 7.463) 
[WebServer] 2026-09-05T10:43:31.375+08:00 INFO  application=marketops-server environment=local buildVersion=0.1.0-SNAPSHOT correlationId=none c.m.m.a.i.a.JdbcMetadataAuditStore - Metadata change recorded event="metadata_change_recorded" sourceDomain="identityaccess" entityType="user-scope-grant" entityId="a1f79afa-aa0c-435f-80df-90e1d84e3458" action="GRANT" actorId="synthetic-ad-browser" correlationId="f51e643a-262f-4db4-99c5-654ad4c739f4"
[WebServer] 2026-09-05T10:43:31.384+08:00 INFO  application=marketops-server environment=local buildVersion=0.1.0-SNAPSHOT correlationId=none c.m.m.a.i.a.JdbcMetadataAuditStore - Metadata change recorded event="metadata_change_recorded" sourceDomain="identityaccess" entityType="user-scope-grant" entityId="d19ffd0e-715a-4590-a39f-dca72963956a" action="GRANT" actorId="synthetic-ad-browser" correlationId="20d4d23d-a95f-472a-af44-ba40ed381d61"
[WebServer] 2026-09-05T10:43:31.389+08:00 INFO  application=marketops-server environment=local buildVersion=0.1.0-SNAPSHOT correlationId=none c.m.m.a.i.a.JdbcMetadataAuditStore - Metadata change recorded event="metadata_change_recorded" sourceDomain="identityaccess" entityType="user-scope-grant" entityId="ab472604-31fc-4c76-98e3-05dbfc9c66b0" action="GRANT" actorId="synthetic-ad-browser" correlationId="fd5fb2f8-2e2c-4b81-93cc-2edcb43fbbd6"
[WebServer] 2026-09-05T10:43:31.394+08:00 INFO  application=marketops-server environment=local buildVersion=0.1.0-SNAPSHOT correlationId=none c.m.m.a.i.a.JdbcMetadataAuditStore - Metadata change recorded event="metadata_change_recorded" sourceDomain="identityaccess" entityType="user-scope-grant" entityId="552a46fc-7431-4ae9-a8bf-975b5c4512e8" action="GRANT" actorId="synthetic-ad-browser" correlationId="85e97dee-32e5-40cf-a74f-484f77b146f4"
[WebServer] 2026-09-05T10:43:31.402+08:00 INFO  application=marketops-server environment=local buildVersion=0.1.0-SNAPSHOT correlationId=none c.m.m.a.i.a.JdbcMetadataAuditStore - Metadata change recorded event="metadata_change_recorded" sourceDomain="identityaccess" entityType="user-scope-grant" entityId="2e4d0a97-984e-4b65-a4e7-0d246438fb71" action="GRANT" actorId="synthetic-ad-browser" correlationId="3915697f-d956-4604-930d-eb92b03ecc41"
[WebServer] 2026-09-05T10:43:31.407+08:00 INFO  application=marketops-server environment=local buildVersion=0.1.0-SNAPSHOT correlationId=none c.m.m.a.i.a.JdbcMetadataAuditStore - Metadata change recorded event="metadata_change_recorded" sourceDomain="identityaccess" entityType="user-scope-grant" entityId="bc4c6274-971e-417b-a6c7-8c86ffbfd963" action="GRANT" actorId="synthetic-ad-browser" correlationId="952dbf69-6fb8-4d6a-b980-665236c7ff16"
[WebServer] 2026-09-05T10:43:31.415+08:00 INFO  application=marketops-server environment=local buildVersion=0.1.0-SNAPSHOT correlationId=none c.m.m.a.i.a.JdbcMetadataAuditStore - Metadata change recorded event="metadata_change_recorded" sourceDomain="identityaccess" entityType="user-scope-grant" entityId="caae74d0-d4d5-4075-96ba-c5e1043ee483" action="GRANT" actorId="synthetic-ad-browser" correlationId="66466c06-7edc-4d2d-a95a-521f00d176c7"
[WebServer] 2026-09-05T10:43:31.419+08:00 INFO  application=marketops-server environment=local buildVersion=0.1.0-SNAPSHOT correlationId=none c.m.m.a.i.a.JdbcMetadataAuditStore - Metadata change recorded event="metadata_change_recorded" sourceDomain="identityaccess" entityType="user-scope-grant" entityId="ea4553e6-b798-4110-b02e-a55a5a2605fb" action="GRANT" actorId="synthetic-ad-browser" correlationId="2826b194-7104-431d-8548-f83c2e44a93a"
[WebServer] 2026-09-05T10:43:31.426+08:00 INFO  application=marketops-server environment=local buildVersion=0.1.0-SNAPSHOT correlationId=none c.m.m.a.i.a.JdbcMetadataAuditStore - Metadata change recorded event="metadata_change_recorded" sourceDomain="identityaccess" entityType="user-role-assignment" entityId="ca844d15-ff62-4b85-be3a-efbb7e51a82e" action="GRANT" actorId="synthetic-ad-browser" correlationId="5bba9196-2655-47da-8b74-948feec68fe6"
[WebServer] 2026-09-05T10:43:31.429+08:00 INFO  application=marketops-server environment=local buildVersion=0.1.0-SNAPSHOT correlationId=none c.m.m.a.i.a.JdbcMetadataAuditStore - Metadata change recorded event="metadata_change_recorded" sourceDomain="identityaccess" entityType="user-scope-grant" entityId="b635b667-d08f-4c7b-b4f7-02c8fb1d6ddc" action="GRANT" actorId="synthetic-ad-browser" correlationId="2682a506-edcd-42ca-bc36-3099ad239c80"
[WebServer] 2026-09-05T10:43:31.432+08:00 INFO  application=marketops-server environment=local buildVersion=0.1.0-SNAPSHOT correlationId=none c.m.m.a.i.a.JdbcMetadataAuditStore - Metadata change recorded event="metadata_change_recorded" sourceDomain="identityaccess" entityType="user-scope-grant" entityId="8a6b7b9e-8c6c-4111-84f8-f0eaa4034f2c" action="GRANT" actorId="synthetic-ad-browser" correlationId="2a453004-75c4-4cbe-995b-9f314bfb22d3"
[WebServer] 2026-09-05T10:43:31.436+08:00 INFO  application=marketops-server environment=local buildVersion=0.1.0-SNAPSHOT correlationId=none c.m.m.a.i.a.JdbcMetadataAuditStore - Metadata change recorded event="metadata_change_recorded" sourceDomain="identityaccess" entityType="user-scope-grant" entityId="fe101adb-c26e-45e6-8ca5-96c3b1922842" action="GRANT" actorId="synthetic-ad-browser" correlationId="9b84d06d-39e5-4fbc-8df7-a9136c960426"
[WebServer] 2026-09-05T10:43:31.977+08:00 INFO  application=marketops-server environment=local buildVersion=0.1.0-SNAPSHOT correlationId=none c.m.m.a.i.a.JdbcMetadataAuditStore - Metadata change recorded event="metadata_change_recorded" sourceDomain="identityaccess" entityType="user-role-assignment" entityId="ab2fa1f3-d9a8-4b2a-be87-bb56ca71b03a" action="GRANT" actorId="synthetic-manual-browser" correlationId="125d3b35-07a8-4813-b2da-b1e789df869d"
[WebServer] 2026-09-05T10:43:31.986+08:00 INFO  application=marketops-server environment=local buildVersion=0.1.0-SNAPSHOT correlationId=none c.m.m.a.i.a.JdbcMetadataAuditStore - Metadata change recorded event="metadata_change_recorded" sourceDomain="identityaccess" entityType="user-scope-grant" entityId="5b3d0c76-6923-46ca-b777-daaf8bfe45cb" action="GRANT" actorId="synthetic-manual-browser" correlationId="37315540-ed82-431e-a739-0bf2359b8e62"
[WebServer] 2026-09-05T10:43:31.992+08:00 INFO  application=marketops-server environment=local buildVersion=0.1.0-SNAPSHOT correlationId=none c.m.m.a.i.a.JdbcMetadataAuditStore - Metadata change recorded event="metadata_change_recorded" sourceDomain="identityaccess" entityType="user-scope-grant" entityId="0557120e-5424-4ef4-9ec5-08511503dc30" action="GRANT" actorId="synthetic-manual-browser" correlationId="5f93c67f-1e5c-44a6-a63e-48ada7c7ba78"
[WebServer] 2026-09-05T10:43:31.997+08:00 INFO  application=marketops-server environment=local buildVersion=0.1.0-SNAPSHOT correlationId=none c.m.m.a.i.a.JdbcMetadataAuditStore - Metadata change recorded event="metadata_change_recorded" sourceDomain="identityaccess" entityType="user-scope-grant" entityId="073cb70c-49fb-4b11-8520-1ac4fce2f233" action="GRANT" actorId="synthetic-manual-browser" correlationId="cc7ac7df-d815-498f-932b-715e0f03c293"
[WebServer] 2026-09-05T10:43:32.002+08:00 INFO  application=marketops-server environment=local buildVersion=0.1.0-SNAPSHOT correlationId=none c.m.m.a.i.a.JdbcMetadataAuditStore - Metadata change recorded event="metadata_change_recorded" sourceDomain="identityaccess" entityType="user-scope-grant" entityId="a85171c4-9e92-4d24-b991-598b6580f4e9" action="GRANT" actorId="synthetic-manual-browser" correlationId="02f2b0cb-ac99-4299-9426-797f13cd383e"
[WebServer] 2026-09-05T10:43:32.032+08:00 INFO  application=marketops-server environment=local buildVersion=0.1.0-SNAPSHOT correlationId=none c.m.m.a.i.a.JdbcMetadataAuditStore - Metadata change recorded event="metadata_change_recorded" sourceDomain="identityaccess" entityType="user-scope-grant" entityId="c625f5d7-63a5-4baf-acde-5bca35eb6aa1" action="GRANT" actorId="synthetic-manual-browser" correlationId="99f20562-a20d-44a9-94df-d8ebe78372d3"
[WebServer] 2026-09-05T10:43:32.036+08:00 INFO  application=marketops-server environment=local buildVersion=0.1.0-SNAPSHOT correlationId=none c.m.m.a.i.a.JdbcMetadataAuditStore - Metadata change recorded event="metadata_change_recorded" sourceDomain="identityaccess" entityType="user-scope-grant" entityId="41eaee53-e0d5-4bdf-9ab2-5044224e0920" action="GRANT" actorId="synthetic-manual-browser" correlationId="7aa71170-6e2d-47aa-84d6-73a4027d2096"
[WebServer] 2026-09-05T10:43:32.039+08:00 INFO  application=marketops-server environment=local buildVersion=0.1.0-SNAPSHOT correlationId=none c.m.m.a.i.a.JdbcMetadataAuditStore - Metadata change recorded event="metadata_change_recorded" sourceDomain="identityaccess" entityType="user-scope-grant" entityId="0f00edb4-d61e-4974-b570-608150e84fef" action="GRANT" actorId="synthetic-manual-browser" correlationId="55f59add-b007-4a75-a591-2b71b324db2f"
[WebServer] 2026-09-05T10:43:32.043+08:00 INFO  application=marketops-server environment=local buildVersion=0.1.0-SNAPSHOT correlationId=none c.m.m.a.i.a.JdbcMetadataAuditStore - Metadata change recorded event="metadata_change_recorded" sourceDomain="identityaccess" entityType="user-scope-grant" entityId="a2c1684e-0097-4df7-83a0-7408970ac4cf" action="GRANT" actorId="synthetic-manual-browser" correlationId="d809ee1d-f436-476c-90f6-9677e4341bac"
[WebServer] 2026-09-05T10:43:32.046+08:00 INFO  application=marketops-server environment=local buildVersion=0.1.0-SNAPSHOT correlationId=none c.m.m.a.i.a.JdbcMetadataAuditStore - Metadata change recorded event="metadata_change_recorded" sourceDomain="identityaccess" entityType="user-scope-grant" entityId="9b070aa8-843d-44cc-b063-7e28c6dcdaae" action="GRANT" actorId="synthetic-manual-browser" correlationId="7dd52be6-e13d-4620-9887-51277993bdc1"
[WebServer] 2026-09-05T10:43:32.049+08:00 INFO  application=marketops-server environment=local buildVersion=0.1.0-SNAPSHOT correlationId=none c.m.m.a.i.a.JdbcMetadataAuditStore - Metadata change recorded event="metadata_change_recorded" sourceDomain="identityaccess" entityType="user-scope-grant" entityId="30bcc271-ac72-43f3-9e6c-622f4c9f7b65" action="GRANT" actorId="synthetic-manual-browser" correlationId="d4690d59-6ea6-4e9c-b46f-6ffda51cfae2"
[WebServer] 2026-09-05T10:43:32.072+08:00 INFO  application=marketops-server environment=local buildVersion=0.1.0-SNAPSHOT correlationId=none c.m.m.a.i.a.JdbcMetadataAuditStore - Metadata change recorded event="metadata_change_recorded" sourceDomain="identityaccess" entityType="user-scope-grant" entityId="27647267-5e4c-4a99-8a57-3e9399df14eb" action="GRANT" actorId="synthetic-manual-browser" correlationId="97742b1a-04da-4ada-a6c6-9eaba789ab69"
[WebServer] 2026-09-05T10:43:32.076+08:00 INFO  application=marketops-server environment=local buildVersion=0.1.0-SNAPSHOT correlationId=none c.m.m.a.i.a.JdbcMetadataAuditStore - Metadata change recorded event="metadata_change_recorded" sourceDomain="identityaccess" entityType="user-scope-grant" entityId="02aec421-b636-4951-a5fa-2a774c85ee85" action="GRANT" actorId="synthetic-manual-browser" correlationId="f3715289-9ad6-490f-bf10-0e11ace5501b"
[WebServer] 2026-09-05T10:43:32.080+08:00 INFO  application=marketops-server environment=local buildVersion=0.1.0-SNAPSHOT correlationId=none c.m.m.a.i.a.JdbcMetadataAuditStore - Metadata change recorded event="metadata_change_recorded" sourceDomain="identityaccess" entityType="user-scope-grant" entityId="c848149a-8c97-4c8c-aa98-bf98892a7ee4" action="GRANT" actorId="synthetic-manual-browser" correlationId="cde7d3b9-a7d0-4d45-9cde-9000138f14e0"
[WebServer] 2026-09-05T10:43:32.084+08:00 INFO  application=marketops-server environment=local buildVersion=0.1.0-SNAPSHOT correlationId=none c.m.m.a.i.a.JdbcMetadataAuditStore - Metadata change recorded event="metadata_change_recorded" sourceDomain="identityaccess" entityType="user-scope-grant" entityId="02a4cb36-b294-493d-ba40-40db5eb9cb15" action="GRANT" actorId="synthetic-manual-browser" correlationId="fde73c1b-ab3c-44ac-9354-34ca95dad968"
[WebServer] 2026-09-05T10:43:32.088+08:00 INFO  application=marketops-server environment=local buildVersion=0.1.0-SNAPSHOT correlationId=none c.m.m.a.i.a.JdbcMetadataAuditStore - Metadata change recorded event="metadata_change_recorded" sourceDomain="identityaccess" entityType="user-scope-grant" entityId="44132ce8-fa2a-4cb0-961c-13ac6e692b6c" action="GRANT" actorId="synthetic-manual-browser" correlationId="8572e223-7427-4569-8347-e85f2eed0038"
[WebServer] 2026-09-05T10:43:32.092+08:00 INFO  application=marketops-server environment=local buildVersion=0.1.0-SNAPSHOT correlationId=none c.m.m.a.i.a.JdbcMetadataAuditStore - Metadata change recorded event="metadata_change_recorded" sourceDomain="identityaccess" entityType="user-scope-grant" entityId="b6cff7ff-2f11-49ff-b444-eff3319dfef5" action="GRANT" actorId="synthetic-manual-browser" correlationId="0aea5cfb-8609-4a95-9fce-a5651f6fd02e"
[WebServer] 2026-09-05T10:43:32.695+08:00 INFO  application=marketops-server environment=local buildVersion=0.1.0-SNAPSHOT correlationId=none c.m.m.a.i.a.JdbcMetadataAuditStore - Metadata change recorded event="metadata_change_recorded" sourceDomain="identityaccess" entityType="user-role-assignment" entityId="d8e11f23-218b-4436-8adc-a2fb66d0149e" action="GRANT" actorId="synthetic-manual-browser" correlationId="f8b6fb29-f905-4673-9f8d-75f7fdb58746"
[WebServer] 2026-09-05T10:43:32.707+08:00 INFO  application=marketops-server environment=local buildVersion=0.1.0-SNAPSHOT correlationId=none c.m.m.a.i.a.JdbcMetadataAuditStore - Metadata change recorded event="metadata_change_recorded" sourceDomain="identityaccess" entityType="user-scope-grant" entityId="54a8da76-dc69-4078-adf4-8ff333341b20" action="GRANT" actorId="synthetic-manual-browser" correlationId="eee014da-262d-4fdc-968a-f5df8b74dfcf"
[WebServer] 2026-09-05T10:43:32.712+08:00 INFO  application=marketops-server environment=local buildVersion=0.1.0-SNAPSHOT correlationId=none c.m.m.a.i.a.JdbcMetadataAuditStore - Metadata change recorded event="metadata_change_recorded" sourceDomain="identityaccess" entityType="user-scope-grant" entityId="fa232478-40c0-4e0d-8922-acb09b5777e0" action="GRANT" actorId="synthetic-manual-browser" correlationId="7549a00c-e88d-48cd-ac02-e50c1b93fec7"
[WebServer] 2026-09-05T10:43:32.720+08:00 INFO  application=marketops-server environment=local buildVersion=0.1.0-SNAPSHOT correlationId=none c.m.m.a.i.a.JdbcMetadataAuditStore - Metadata change recorded event="metadata_change_recorded" sourceDomain="identityaccess" entityType="user-scope-grant" entityId="9f5c888f-4d1c-45b3-8c4f-ce7f24448c3f" action="GRANT" actorId="synthetic-manual-browser" correlationId="8bfd3f1f-6f28-408a-ac10-e210803a6054"
[WebServer] 2026-09-05T10:43:32.727+08:00 INFO  application=marketops-server environment=local buildVersion=0.1.0-SNAPSHOT correlationId=none c.m.m.a.i.a.JdbcMetadataAuditStore - Metadata change recorded event="metadata_change_recorded" sourceDomain="identityaccess" entityType="user-scope-grant" entityId="3ea2a02b-071c-4057-8b4d-6776ce4ed73d" action="GRANT" actorId="synthetic-manual-browser" correlationId="c5bd273e-db80-4bb6-97fd-175df1210b69"
[WebServer] 2026-09-05T10:43:32.763+08:00 INFO  application=marketops-server environment=local buildVersion=0.1.0-SNAPSHOT correlationId=none c.m.m.a.i.a.JdbcMetadataAuditStore - Metadata change recorded event="metadata_change_recorded" sourceDomain="identityaccess" entityType="user-scope-grant" entityId="02ca243b-a053-4f2a-9b50-a4a50073eff9" action="GRANT" actorId="synthetic-manual-browser" correlationId="e2b5c962-82ca-4fca-aa3c-9c6fd8e31148"
[WebServer] 2026-09-05T10:43:32.767+08:00 INFO  application=marketops-server environment=local buildVersion=0.1.0-SNAPSHOT correlationId=none c.m.m.a.i.a.JdbcMetadataAuditStore - Metadata change recorded event="metadata_change_recorded" sourceDomain="identityaccess" entityType="user-scope-grant" entityId="213f18a7-ceab-48d5-ae8e-ddefe5de7ccd" action="GRANT" actorId="synthetic-manual-browser" correlationId="f7c487a6-6353-41eb-8ea2-84cab9850a09"
[WebServer] 2026-09-05T10:43:32.771+08:00 INFO  application=marketops-server environment=local buildVersion=0.1.0-SNAPSHOT correlationId=none c.m.m.a.i.a.JdbcMetadataAuditStore - Metadata change recorded event="metadata_change_recorded" sourceDomain="identityaccess" entityType="user-scope-grant" entityId="4ad0cd46-fda4-42e6-bac9-e3c4ffc24e7e" action="GRANT" actorId="synthetic-manual-browser" correlationId="98d6877b-dde3-44e4-8eb1-2b3f4b7ca84a"
[WebServer] 2026-09-05T10:43:32.775+08:00 INFO  application=marketops-server environment=local buildVersion=0.1.0-SNAPSHOT correlationId=none c.m.m.a.i.a.JdbcMetadataAuditStore - Metadata change recorded event="metadata_change_recorded" sourceDomain="identityaccess" entityType="user-scope-grant" entityId="9119dbf4-670d-45c4-98b5-373fa32313d6" action="GRANT" actorId="synthetic-manual-browser" correlationId="d08f8fe6-3004-494a-bd63-56feceb2c275"
[WebServer] 2026-09-05T10:43:32.779+08:00 INFO  application=marketops-server environment=local buildVersion=0.1.0-SNAPSHOT correlationId=none c.m.m.a.i.a.JdbcMetadataAuditStore - Metadata change recorded event="metadata_change_recorded" sourceDomain="identityaccess" entityType="user-scope-grant" entityId="2ae174ac-00dc-4683-b963-1eebdfc0e429" action="GRANT" actorId="synthetic-manual-browser" correlationId="75326d86-63a6-4987-9e2e-960d8b3e733e"
[WebServer] 2026-09-05T10:43:32.784+08:00 INFO  application=marketops-server environment=local buildVersion=0.1.0-SNAPSHOT correlationId=none c.m.m.a.i.a.JdbcMetadataAuditStore - Metadata change recorded event="metadata_change_recorded" sourceDomain="identityaccess" entityType="user-scope-grant" entityId="a1bffaf1-fb03-4548-8b49-f4195686653a" action="GRANT" actorId="synthetic-manual-browser" correlationId="1ed27b62-0d2f-4150-9e89-190da7ed9a48"
[WebServer] 2026-09-05T10:43:32.808+08:00 INFO  application=marketops-server environment=local buildVersion=0.1.0-SNAPSHOT correlationId=none c.m.m.a.i.a.JdbcMetadataAuditStore - Metadata change recorded event="metadata_change_recorded" sourceDomain="identityaccess" entityType="user-scope-grant" entityId="eb648ba0-892e-40c5-9710-2cb41264bd40" action="GRANT" actorId="synthetic-manual-browser" correlationId="07d2c4d1-2cf1-42bd-a997-bbbd109aafe0"
[WebServer] 2026-09-05T10:43:32.812+08:00 INFO  application=marketops-server environment=local buildVersion=0.1.0-SNAPSHOT correlationId=none c.m.m.a.i.a.JdbcMetadataAuditStore - Metadata change recorded event="metadata_change_recorded" sourceDomain="identityaccess" entityType="user-scope-grant" entityId="fc1de6c2-bef0-45d4-92dc-f7210db7c99e" action="GRANT" actorId="synthetic-manual-browser" correlationId="e6ac653e-4db2-475c-b87c-b104b5b890c1"
[WebServer] 2026-09-05T10:43:32.815+08:00 INFO  application=marketops-server environment=local buildVersion=0.1.0-SNAPSHOT correlationId=none c.m.m.a.i.a.JdbcMetadataAuditStore - Metadata change recorded event="metadata_change_recorded" sourceDomain="identityaccess" entityType="user-scope-grant" entityId="d2186f6a-40a6-4969-98d2-1a502758af12" action="GRANT" actorId="synthetic-manual-browser" correlationId="8225ada4-dff0-48f1-ba49-8491e4977357"
[WebServer] 2026-09-05T10:43:32.819+08:00 INFO  application=marketops-server environment=local buildVersion=0.1.0-SNAPSHOT correlationId=none c.m.m.a.i.a.JdbcMetadataAuditStore - Metadata change recorded event="metadata_change_recorded" sourceDomain="identityaccess" entityType="user-scope-grant" entityId="8af9acb2-6484-42f7-9d0b-c2469074c45b" action="GRANT" actorId="synthetic-manual-browser" correlationId="79b8f092-5272-4f14-879b-bcf65146a91a"
[WebServer] 2026-09-05T10:43:32.829+08:00 INFO  application=marketops-server environment=local buildVersion=0.1.0-SNAPSHOT correlationId=none c.m.m.a.i.a.JdbcMetadataAuditStore - Metadata change recorded event="metadata_change_recorded" sourceDomain="identityaccess" entityType="user-scope-grant" entityId="b2388280-00a0-4f65-9827-d833b6606815" action="GRANT" actorId="synthetic-manual-browser" correlationId="4f31817d-ba54-47d7-9099-24d457a5e56a"
[WebServer] 2026-09-05T10:43:32.832+08:00 INFO  application=marketops-server environment=local buildVersion=0.1.0-SNAPSHOT correlationId=none c.m.m.a.i.a.JdbcMetadataAuditStore - Metadata change recorded event="metadata_change_recorded" sourceDomain="identityaccess" entityType="user-scope-grant" entityId="3822b6c6-6406-4955-8e4a-e037515ea2d9" action="GRANT" actorId="synthetic-manual-browser" correlationId="6b33fc0c-cd5b-4b64-a7b0-b98ad9c7e7b5"
[WebServer] 2026-09-05T10:43:33.378+08:00 INFO  application=marketops-server environment=local buildVersion=0.1.0-SNAPSHOT correlationId=none c.m.m.a.i.a.JdbcMetadataAuditStore - Metadata change recorded event="metadata_change_recorded" sourceDomain="identityaccess" entityType="user-role-assignment" entityId="18979d03-80c0-4b33-971b-6ac28b99411d" action="GRANT" actorId="synthetic-manual-browser" correlationId="7c293701-4e30-4f7b-bbdb-c909a06308a6"
[WebServer] 2026-09-05T10:43:33.382+08:00 INFO  application=marketops-server environment=local buildVersion=0.1.0-SNAPSHOT correlationId=none c.m.m.a.i.a.JdbcMetadataAuditStore - Metadata change recorded event="metadata_change_recorded" sourceDomain="identityaccess" entityType="user-scope-grant" entityId="ef3df450-97f4-4efa-8335-413e49ffeb3e" action="GRANT" actorId="synthetic-manual-browser" correlationId="6366d8a1-f1e3-4d0d-853d-6370b18ef816"
[WebServer] 2026-09-05T10:43:33.385+08:00 INFO  application=marketops-server environment=local buildVersion=0.1.0-SNAPSHOT correlationId=none c.m.m.a.i.a.JdbcMetadataAuditStore - Metadata change recorded event="metadata_change_recorded" sourceDomain="identityaccess" entityType="user-scope-grant" entityId="b4dad6af-35d8-410a-a9ef-451acf6496f5" action="GRANT" actorId="synthetic-manual-browser" correlationId="12489306-5149-4a93-b45b-e3fe5f2d9de1"
[WebServer] 2026-09-05T10:43:33.388+08:00 INFO  application=marketops-server environment=local buildVersion=0.1.0-SNAPSHOT correlationId=none c.m.m.a.i.a.JdbcMetadataAuditStore - Metadata change recorded event="metadata_change_recorded" sourceDomain="identityaccess" entityType="user-scope-grant" entityId="1d196470-66d6-405c-8e6a-baabfd233894" action="GRANT" actorId="synthetic-manual-browser" correlationId="f92a4376-68e5-44ea-b12c-070939ff18da"
[WebServer] 2026-09-05T10:43:33.390+08:00 INFO  application=marketops-server environment=local buildVersion=0.1.0-SNAPSHOT correlationId=none c.m.m.a.i.a.JdbcMetadataAuditStore - Metadata change recorded event="metadata_change_recorded" sourceDomain="identityaccess" entityType="user-scope-grant" entityId="92e0f4ef-f524-478c-8606-a576e1f7d016" action="GRANT" actorId="synthetic-manual-browser" correlationId="34f702fb-6a38-44cb-a5ca-c8c55c8fb29a"
[WebServer] 2026-09-05T10:43:33.417+08:00 INFO  application=marketops-server environment=local buildVersion=0.1.0-SNAPSHOT correlationId=none c.m.m.a.i.a.JdbcMetadataAuditStore - Metadata change recorded event="metadata_change_recorded" sourceDomain="identityaccess" entityType="user-scope-grant" entityId="1b6a84cd-4637-4a7f-92b4-21a9beb087bd" action="GRANT" actorId="synthetic-manual-browser" correlationId="ff172b78-8a26-418d-a879-aa5211273b76"
[WebServer] 2026-09-05T10:43:33.419+08:00 INFO  application=marketops-server environment=local buildVersion=0.1.0-SNAPSHOT correlationId=none c.m.m.a.i.a.JdbcMetadataAuditStore - Metadata change recorded event="metadata_change_recorded" sourceDomain="identityaccess" entityType="user-scope-grant" entityId="9400a974-dc3a-4b22-a54f-eac3c6756a32" action="GRANT" actorId="synthetic-manual-browser" correlationId="157d34a9-2161-4823-8f6b-1366a1ff1207"
[WebServer] 2026-09-05T10:43:33.421+08:00 INFO  application=marketops-server environment=local buildVersion=0.1.0-SNAPSHOT correlationId=none c.m.m.a.i.a.JdbcMetadataAuditStore - Metadata change recorded event="metadata_change_recorded" sourceDomain="identityaccess" entityType="user-scope-grant" entityId="a53389cd-a883-4b4c-b584-0a1f271ffe5c" action="GRANT" actorId="synthetic-manual-browser" correlationId="96236781-481a-4352-8ae3-1f76a388ae87"
[WebServer] 2026-09-05T10:43:33.424+08:00 INFO  application=marketops-server environment=local buildVersion=0.1.0-SNAPSHOT correlationId=none c.m.m.a.i.a.JdbcMetadataAuditStore - Metadata change recorded event="metadata_change_recorded" sourceDomain="identityaccess" entityType="user-scope-grant" entityId="d2dcdb1c-e597-426c-a532-12c936e0d6f5" action="GRANT" actorId="synthetic-manual-browser" correlationId="b4fad930-bc19-4755-9a50-f1e77d03e960"
[WebServer] 2026-09-05T10:43:33.426+08:00 INFO  application=marketops-server environment=local buildVersion=0.1.0-SNAPSHOT correlationId=none c.m.m.a.i.a.JdbcMetadataAuditStore - Metadata change recorded event="metadata_change_recorded" sourceDomain="identityaccess" entityType="user-scope-grant" entityId="eb5f4f4f-c1d5-499c-a43c-0e24441bef1e" action="GRANT" actorId="synthetic-manual-browser" correlationId="4bd3b517-c8ef-436c-a2ae-0c24e667bf22"
[WebServer] 2026-09-05T10:43:33.429+08:00 INFO  application=marketops-server environment=local buildVersion=0.1.0-SNAPSHOT correlationId=none c.m.m.a.i.a.JdbcMetadataAuditStore - Metadata change recorded event="metadata_change_recorded" sourceDomain="identityaccess" entityType="user-scope-grant" entityId="0e78b986-9278-4b4a-89b8-93d824ea9678" action="GRANT" actorId="synthetic-manual-browser" correlationId="c96e409b-36b9-4f93-8429-68dc0480e0c9"
[WebServer] 2026-09-05T10:43:33.453+08:00 INFO  application=marketops-server environment=local buildVersion=0.1.0-SNAPSHOT correlationId=none c.m.m.a.i.a.JdbcMetadataAuditStore - Metadata change recorded event="metadata_change_recorded" sourceDomain="identityaccess" entityType="user-scope-grant" entityId="bb0aff03-e260-41ed-9497-43caa15bf13a" action="GRANT" actorId="synthetic-manual-browser" correlationId="483af180-3bc2-465b-b8d5-5c5cfa2e011f"
[WebServer] 2026-09-05T10:43:33.456+08:00 INFO  application=marketops-server environment=local buildVersion=0.1.0-SNAPSHOT correlationId=none c.m.m.a.i.a.JdbcMetadataAuditStore - Metadata change recorded event="metadata_change_recorded" sourceDomain="identityaccess" entityType="user-scope-grant" entityId="6526bc3b-f879-4357-b8f3-c6ecb0e5ce61" action="GRANT" actorId="synthetic-manual-browser" correlationId="c5fc5bdf-df1c-4b07-93b9-6c88ac61de8d"
[WebServer] 2026-09-05T10:43:33.459+08:00 INFO  application=marketops-server environment=local buildVersion=0.1.0-SNAPSHOT correlationId=none c.m.m.a.i.a.JdbcMetadataAuditStore - Metadata change recorded event="metadata_change_recorded" sourceDomain="identityaccess" entityType="user-scope-grant" entityId="9f61abd4-5be0-4b07-9d8c-88326d59a616" action="GRANT" actorId="synthetic-manual-browser" correlationId="e27e9a90-916e-4bd5-b077-a79b3950e12d"
[WebServer] 2026-09-05T10:43:33.462+08:00 INFO  application=marketops-server environment=local buildVersion=0.1.0-SNAPSHOT correlationId=none c.m.m.a.i.a.JdbcMetadataAuditStore - Metadata change recorded event="metadata_change_recorded" sourceDomain="identityaccess" entityType="user-scope-grant" entityId="500d9198-45a7-436b-ab69-d54454f0b575" action="GRANT" actorId="synthetic-manual-browser" correlationId="1dd912a2-89ea-4efc-af98-236b418b91f8"
[WebServer] 2026-09-05T10:43:33.464+08:00 INFO  application=marketops-server environment=local buildVersion=0.1.0-SNAPSHOT correlationId=none c.m.m.a.i.a.JdbcMetadataAuditStore - Metadata change recorded event="metadata_change_recorded" sourceDomain="identityaccess" entityType="user-scope-grant" entityId="6835e904-a0f8-4fc4-b4ba-6381695e78de" action="GRANT" actorId="synthetic-manual-browser" correlationId="054262d1-27ff-4397-bd3c-49aeedf17bd0"
[WebServer] 2026-09-05T10:43:33.467+08:00 INFO  application=marketops-server environment=local buildVersion=0.1.0-SNAPSHOT correlationId=none c.m.m.a.i.a.JdbcMetadataAuditStore - Metadata change recorded event="metadata_change_recorded" sourceDomain="identityaccess" entityType="user-scope-grant" entityId="e1722c6f-3073-4fab-8f02-57cd6ff7d6e6" action="GRANT" actorId="synthetic-manual-browser" correlationId="505c64ff-a853-4ad3-83b8-4182d819d9de"
[WebServer] 2026-09-05T10:43:33.857+08:00 INFO  application=marketops-server environment=local buildVersion=0.1.0-SNAPSHOT correlationId=none c.m.m.a.i.a.JdbcMetadataAuditStore - Metadata change recorded event="metadata_change_recorded" sourceDomain="identityaccess" entityType="user-role-assignment" entityId="5af6a379-0ff6-40fa-b452-e7891eb58b95" action="GRANT" actorId="synthetic-manual-browser" correlationId="96f7397b-b7f7-4373-8dc8-66c0b9c0e0d5"
[WebServer] 2026-09-05T10:43:33.860+08:00 INFO  application=marketops-server environment=local buildVersion=0.1.0-SNAPSHOT correlationId=none c.m.m.a.i.a.JdbcMetadataAuditStore - Metadata change recorded event="metadata_change_recorded" sourceDomain="identityaccess" entityType="user-scope-grant" entityId="47609706-98ce-43e5-b443-97c6a27c9585" action="GRANT" actorId="synthetic-manual-browser" correlationId="dc8fa3af-299f-48b0-888d-77164fd63f6c"
[WebServer] 2026-09-05T10:43:33.863+08:00 INFO  application=marketops-server environment=local buildVersion=0.1.0-SNAPSHOT correlationId=none c.m.m.a.i.a.JdbcMetadataAuditStore - Metadata change recorded event="metadata_change_recorded" sourceDomain="identityaccess" entityType="user-scope-grant" entityId="2e18e919-3ec1-488a-a604-1006f53aa2f9" action="GRANT" actorId="synthetic-manual-browser" correlationId="c14e45a6-6de9-41dd-91b6-5abad5e05eb6"
[WebServer] 2026-09-05T10:43:33.866+08:00 INFO  application=marketops-server environment=local buildVersion=0.1.0-SNAPSHOT correlationId=none c.m.m.a.i.a.JdbcMetadataAuditStore - Metadata change recorded event="metadata_change_recorded" sourceDomain="identityaccess" entityType="user-scope-grant" entityId="343df8a7-8189-4d98-9e87-57366c6031e3" action="GRANT" actorId="synthetic-manual-browser" correlationId="66aea311-d67a-4c5d-9dc9-390d13b75e19"
[WebServer] 2026-09-05T10:43:33.869+08:00 INFO  application=marketops-server environment=local buildVersion=0.1.0-SNAPSHOT correlationId=none c.m.m.a.i.a.JdbcMetadataAuditStore - Metadata change recorded event="metadata_change_recorded" sourceDomain="identityaccess" entityType="user-scope-grant" entityId="feb96269-a0dd-4bfb-847b-d49369b8f5e4" action="GRANT" actorId="synthetic-manual-browser" correlationId="ae66aaec-972a-4a82-a8ac-5d037b70ef85"
[WebServer] 2026-09-05T10:43:33.899+08:00 INFO  application=marketops-server environment=local buildVersion=0.1.0-SNAPSHOT correlationId=none c.m.m.a.i.a.JdbcMetadataAuditStore - Metadata change recorded event="metadata_change_recorded" sourceDomain="identityaccess" entityType="user-scope-grant" entityId="4b99f548-ae30-4748-b9d9-e33000ebf0b2" action="GRANT" actorId="synthetic-manual-browser" correlationId="0261335c-e7c2-48d7-b1ef-a3fd5cf334d5"
[WebServer] 2026-09-05T10:43:33.906+08:00 INFO  application=marketops-server environment=local buildVersion=0.1.0-SNAPSHOT correlationId=none c.m.m.a.i.a.JdbcMetadataAuditStore - Metadata change recorded event="metadata_change_recorded" sourceDomain="identityaccess" entityType="user-scope-grant" entityId="f0f692ee-f2cb-4eb2-81f5-73bc5a6ac4aa" action="GRANT" actorId="synthetic-manual-browser" correlationId="c0f827c3-0b6e-4c0c-ac2f-3ca75c89b351"
[WebServer] 2026-09-05T10:43:33.911+08:00 INFO  application=marketops-server environment=local buildVersion=0.1.0-SNAPSHOT correlationId=none c.m.m.a.i.a.JdbcMetadataAuditStore - Metadata change recorded event="metadata_change_recorded" sourceDomain="identityaccess" entityType="user-scope-grant" entityId="17a84a11-61e3-41c7-960f-284188cb2e8e" action="GRANT" actorId="synthetic-manual-browser" correlationId="1dedf6f0-df9c-4e9c-a21e-eda2434fc41c"
[WebServer] 2026-09-05T10:43:33.915+08:00 INFO  application=marketops-server environment=local buildVersion=0.1.0-SNAPSHOT correlationId=none c.m.m.a.i.a.JdbcMetadataAuditStore - Metadata change recorded event="metadata_change_recorded" sourceDomain="identityaccess" entityType="user-scope-grant" entityId="0dbc7d75-3b13-47ea-8fda-42d5fa7e62ee" action="GRANT" actorId="synthetic-manual-browser" correlationId="0a8d7dd6-41dd-4dbb-93bc-b53ff6a2fdd5"
[WebServer] 2026-09-05T10:43:33.917+08:00 INFO  application=marketops-server environment=local buildVersion=0.1.0-SNAPSHOT correlationId=none c.m.m.a.i.a.JdbcMetadataAuditStore - Metadata change recorded event="metadata_change_recorded" sourceDomain="identityaccess" entityType="user-scope-grant" entityId="84c089e5-d8cf-477e-8ec2-9f16cc1e5c9b" action="GRANT" actorId="synthetic-manual-browser" correlationId="ecb4c28e-a114-48a9-9248-ff55b3e5d860"
[WebServer] 2026-09-05T10:43:33.919+08:00 INFO  application=marketops-server environment=local buildVersion=0.1.0-SNAPSHOT correlationId=none c.m.m.a.i.a.JdbcMetadataAuditStore - Metadata change recorded event="metadata_change_recorded" sourceDomain="identityaccess" entityType="user-scope-grant" entityId="3ff73ffa-a076-4f6a-a240-b25c50c181e7" action="GRANT" actorId="synthetic-manual-browser" correlationId="fea6c8f0-448c-4f04-9f39-8beba060cb4d"
[WebServer] 2026-09-05T10:43:33.945+08:00 INFO  application=marketops-server environment=local buildVersion=0.1.0-SNAPSHOT correlationId=none c.m.m.a.i.a.JdbcMetadataAuditStore - Metadata change recorded event="metadata_change_recorded" sourceDomain="identityaccess" entityType="user-scope-grant" entityId="3b0ddaa1-2598-4bea-8932-ef2e4c2e351b" action="GRANT" actorId="synthetic-manual-browser" correlationId="53d96179-8428-4740-a190-4d9d40dc3ccb"
[WebServer] 2026-09-05T10:43:33.949+08:00 INFO  application=marketops-server environment=local buildVersion=0.1.0-SNAPSHOT correlationId=none c.m.m.a.i.a.JdbcMetadataAuditStore - Metadata change recorded event="metadata_change_recorded" sourceDomain="identityaccess" entityType="user-scope-grant" entityId="10f97332-6a85-4aa7-84b1-2b17fc7c3f9b" action="GRANT" actorId="synthetic-manual-browser" correlationId="9627df1d-748f-4f19-870d-9f3db95acf3e"
[WebServer] 2026-09-05T10:43:33.953+08:00 INFO  application=marketops-server environment=local buildVersion=0.1.0-SNAPSHOT correlationId=none c.m.m.a.i.a.JdbcMetadataAuditStore - Metadata change recorded event="metadata_change_recorded" sourceDomain="identityaccess" entityType="user-scope-grant" entityId="ea732b6f-e52e-4e5c-8e0b-9080e2503e9c" action="GRANT" actorId="synthetic-manual-browser" correlationId="f38266e7-19fe-48d6-9864-30d78b94ac89"
[WebServer] 2026-09-05T10:43:33.957+08:00 INFO  application=marketops-server environment=local buildVersion=0.1.0-SNAPSHOT correlationId=none c.m.m.a.i.a.JdbcMetadataAuditStore - Metadata change recorded event="metadata_change_recorded" sourceDomain="identityaccess" entityType="user-scope-grant" entityId="559c83a8-a945-4f72-a6d2-32a6c92e624a" action="GRANT" actorId="synthetic-manual-browser" correlationId="2460154c-3a85-41fd-9156-74f0c26dd9cf"
[WebServer] 2026-09-05T10:43:33.960+08:00 INFO  application=marketops-server environment=local buildVersion=0.1.0-SNAPSHOT correlationId=none c.m.m.a.i.a.JdbcMetadataAuditStore - Metadata change recorded event="metadata_change_recorded" sourceDomain="identityaccess" entityType="user-scope-grant" entityId="2726461d-35ca-44a4-b5db-8624dc680389" action="GRANT" actorId="synthetic-manual-browser" correlationId="7ae03ad7-59fb-4259-96df-810b97694118"
[WebServer] 2026-09-05T10:43:33.963+08:00 INFO  application=marketops-server environment=local buildVersion=0.1.0-SNAPSHOT correlationId=none c.m.m.a.i.a.JdbcMetadataAuditStore - Metadata change recorded event="metadata_change_recorded" sourceDomain="identityaccess" entityType="user-scope-grant" entityId="f9979b59-8d6b-47b3-9161-1b16c5d66617" action="GRANT" actorId="synthetic-manual-browser" correlationId="364fa787-decd-4baf-b01c-f76f7236144c"
[WebServer] 2026-09-05T10:43:34.400+08:00 INFO  application=marketops-server environment=local buildVersion=0.1.0-SNAPSHOT correlationId=none c.m.m.a.i.a.JdbcMetadataAuditStore - Metadata change recorded event="metadata_change_recorded" sourceDomain="identityaccess" entityType="user-role-assignment" entityId="c408cb38-7e19-4bbf-b76e-8b207c61d32c" action="GRANT" actorId="synthetic-manual-browser" correlationId="18feb891-9800-4f33-b3b2-63967ce13bc8"
[WebServer] 2026-09-05T10:43:34.403+08:00 INFO  application=marketops-server environment=local buildVersion=0.1.0-SNAPSHOT correlationId=none c.m.m.a.i.a.JdbcMetadataAuditStore - Metadata change recorded event="metadata_change_recorded" sourceDomain="identityaccess" entityType="user-scope-grant" entityId="94f33c4a-dbe0-4ac5-af86-18fbbf502c45" action="GRANT" actorId="synthetic-manual-browser" correlationId="36270a30-04c3-4d7b-ba25-dc25b95864a5"
[WebServer] 2026-09-05T10:43:34.406+08:00 INFO  application=marketops-server environment=local buildVersion=0.1.0-SNAPSHOT correlationId=none c.m.m.a.i.a.JdbcMetadataAuditStore - Metadata change recorded event="metadata_change_recorded" sourceDomain="identityaccess" entityType="user-scope-grant" entityId="783936bf-f7d0-4f17-9334-b76ef747e699" action="GRANT" actorId="synthetic-manual-browser" correlationId="8afe4622-2469-4d64-96af-4408ac731018"
[WebServer] 2026-09-05T10:43:34.408+08:00 INFO  application=marketops-server environment=local buildVersion=0.1.0-SNAPSHOT correlationId=none c.m.m.a.i.a.JdbcMetadataAuditStore - Metadata change recorded event="metadata_change_recorded" sourceDomain="identityaccess" entityType="user-scope-grant" entityId="eb7b4364-5a28-4005-81be-2c2b4bdeb29b" action="GRANT" actorId="synthetic-manual-browser" correlationId="9bf84ee9-307e-4038-bc84-d3b5f2454bee"
[WebServer] 2026-09-05T10:43:34.411+08:00 INFO  application=marketops-server environment=local buildVersion=0.1.0-SNAPSHOT correlationId=none c.m.m.a.i.a.JdbcMetadataAuditStore - Metadata change recorded event="metadata_change_recorded" sourceDomain="identityaccess" entityType="user-scope-grant" entityId="e775a795-a141-485e-bf70-c021284503f2" action="GRANT" actorId="synthetic-manual-browser" correlationId="59d7ad20-138b-42f4-ac62-77aec4cb1fde"
[WebServer] 2026-09-05T10:43:34.433+08:00 INFO  application=marketops-server environment=local buildVersion=0.1.0-SNAPSHOT correlationId=none c.m.m.a.i.a.JdbcMetadataAuditStore - Metadata change recorded event="metadata_change_recorded" sourceDomain="identityaccess" entityType="user-scope-grant" entityId="28f1c937-0fcf-478d-9b9f-cbe61147aa6c" action="GRANT" actorId="synthetic-manual-browser" correlationId="939bb97c-070e-4a45-a082-89cb75400674"
[WebServer] 2026-09-05T10:43:34.437+08:00 INFO  application=marketops-server environment=local buildVersion=0.1.0-SNAPSHOT correlationId=none c.m.m.a.i.a.JdbcMetadataAuditStore - Metadata change recorded event="metadata_change_recorded" sourceDomain="identityaccess" entityType="user-scope-grant" entityId="2d374fed-c84c-4cea-8cee-11cc40f3e5a9" action="GRANT" actorId="synthetic-manual-browser" correlationId="5d5931df-babf-44f9-b13c-b8c7c323f2db"
[WebServer] 2026-09-05T10:43:34.439+08:00 INFO  application=marketops-server environment=local buildVersion=0.1.0-SNAPSHOT correlationId=none c.m.m.a.i.a.JdbcMetadataAuditStore - Metadata change recorded event="metadata_change_recorded" sourceDomain="identityaccess" entityType="user-scope-grant" entityId="d734b18a-fd66-4941-9a98-7dc6261319d4" action="GRANT" actorId="synthetic-manual-browser" correlationId="f8b40b25-2bbe-408b-9413-192228d3da3b"
[WebServer] 2026-09-05T10:43:34.442+08:00 INFO  application=marketops-server environment=local buildVersion=0.1.0-SNAPSHOT correlationId=none c.m.m.a.i.a.JdbcMetadataAuditStore - Metadata change recorded event="metadata_change_recorded" sourceDomain="identityaccess" entityType="user-scope-grant" entityId="91a03c37-e50d-4700-bb51-051d697a87ec" action="GRANT" actorId="synthetic-manual-browser" correlationId="42f82b16-abe6-40c3-878c-0c56f4541763"
[WebServer] 2026-09-05T10:43:34.445+08:00 INFO  application=marketops-server environment=local buildVersion=0.1.0-SNAPSHOT correlationId=none c.m.m.a.i.a.JdbcMetadataAuditStore - Metadata change recorded event="metadata_change_recorded" sourceDomain="identityaccess" entityType="user-scope-grant" entityId="7863fce1-330f-44e1-ad99-6ebc448d6629" action="GRANT" actorId="synthetic-manual-browser" correlationId="5d3b9c64-b52a-4130-9ebf-129767c40059"
[WebServer] 2026-09-05T10:43:34.447+08:00 INFO  application=marketops-server environment=local buildVersion=0.1.0-SNAPSHOT correlationId=none c.m.m.a.i.a.JdbcMetadataAuditStore - Metadata change recorded event="metadata_change_recorded" sourceDomain="identityaccess" entityType="user-scope-grant" entityId="69740cb2-8832-420b-b64e-4c1d4a334a42" action="GRANT" actorId="synthetic-manual-browser" correlationId="0fe5b82b-696d-4334-8310-cbf1a95c78e2"
[WebServer] 2026-09-05T10:43:34.470+08:00 INFO  application=marketops-server environment=local buildVersion=0.1.0-SNAPSHOT correlationId=none c.m.m.a.i.a.JdbcMetadataAuditStore - Metadata change recorded event="metadata_change_recorded" sourceDomain="identityaccess" entityType="user-scope-grant" entityId="07078dcf-a110-410b-9064-9af39dff3281" action="GRANT" actorId="synthetic-manual-browser" correlationId="b9dc4bb2-9018-42fa-ad5e-2ed5a6881daf"
[WebServer] 2026-09-05T10:43:34.473+08:00 INFO  application=marketops-server environment=local buildVersion=0.1.0-SNAPSHOT correlationId=none c.m.m.a.i.a.JdbcMetadataAuditStore - Metadata change recorded event="metadata_change_recorded" sourceDomain="identityaccess" entityType="user-scope-grant" entityId="b01b2183-2c08-4884-b992-07a977bf270d" action="GRANT" actorId="synthetic-manual-browser" correlationId="b7a98094-2e35-4c07-9948-6375537c90c9"
[WebServer] 2026-09-05T10:43:34.476+08:00 INFO  application=marketops-server environment=local buildVersion=0.1.0-SNAPSHOT correlationId=none c.m.m.a.i.a.JdbcMetadataAuditStore - Metadata change recorded event="metadata_change_recorded" sourceDomain="identityaccess" entityType="user-scope-grant" entityId="f8afa153-c37a-41b1-a851-881b6081b83b" action="GRANT" actorId="synthetic-manual-browser" correlationId="7508062f-eb26-454a-8bd8-ca4f25fd164a"
[WebServer] 2026-09-05T10:43:34.479+08:00 INFO  application=marketops-server environment=local buildVersion=0.1.0-SNAPSHOT correlationId=none c.m.m.a.i.a.JdbcMetadataAuditStore - Metadata change recorded event="metadata_change_recorded" sourceDomain="identityaccess" entityType="user-scope-grant" entityId="355541d1-3db9-4e4f-b4d9-35575e17991a" action="GRANT" actorId="synthetic-manual-browser" correlationId="050a6425-ed35-4511-92a6-56d558a8691d"
[WebServer] 2026-09-05T10:43:34.482+08:00 INFO  application=marketops-server environment=local buildVersion=0.1.0-SNAPSHOT correlationId=none c.m.m.a.i.a.JdbcMetadataAuditStore - Metadata change recorded event="metadata_change_recorded" sourceDomain="identityaccess" entityType="user-scope-grant" entityId="4d695a19-2636-4b02-91bd-4439db217786" action="GRANT" actorId="synthetic-manual-browser" correlationId="f7f710f0-84a0-4c51-a8e1-2b9281cb3004"
[WebServer] 2026-09-05T10:43:34.484+08:00 INFO  application=marketops-server environment=local buildVersion=0.1.0-SNAPSHOT correlationId=none c.m.m.a.i.a.JdbcMetadataAuditStore - Metadata change recorded event="metadata_change_recorded" sourceDomain="identityaccess" entityType="user-scope-grant" entityId="b6f27127-24bb-4bcd-b2f3-c083438f4366" action="GRANT" actorId="synthetic-manual-browser" correlationId="f7da48ff-4d5b-4e5e-971c-76c94a7fd40d"
[WebServer] 2026-09-05T10:43:35.077+08:00 INFO  application=marketops-server environment=local buildVersion=0.1.0-SNAPSHOT correlationId=none c.m.m.a.i.a.JdbcMetadataAuditStore - Metadata change recorded event="metadata_change_recorded" sourceDomain="identityaccess" entityType="user-role-assignment" entityId="34c36771-8317-42c4-9bc3-cb5b1630cab8" action="GRANT" actorId="synthetic-manual-browser" correlationId="5af885f7-7ca9-4d3b-9c1a-a468a1a09c5d"
[WebServer] 2026-09-05T10:43:35.080+08:00 INFO  application=marketops-server environment=local buildVersion=0.1.0-SNAPSHOT correlationId=none c.m.m.a.i.a.JdbcMetadataAuditStore - Metadata change recorded event="metadata_change_recorded" sourceDomain="identityaccess" entityType="user-scope-grant" entityId="6fa8a7ad-81b4-4772-8ef5-9bfb9a067a72" action="GRANT" actorId="synthetic-manual-browser" correlationId="8f1ec997-9584-4c8d-963d-87a83e3856e4"
[WebServer] 2026-09-05T10:43:35.082+08:00 INFO  application=marketops-server environment=local buildVersion=0.1.0-SNAPSHOT correlationId=none c.m.m.a.i.a.JdbcMetadataAuditStore - Metadata change recorded event="metadata_change_recorded" sourceDomain="identityaccess" entityType="user-scope-grant" entityId="f3c05bd8-b254-4ad1-a5be-a95f9dce2737" action="GRANT" actorId="synthetic-manual-browser" correlationId="b679ab71-d49e-482f-9139-043da1fe8a81"
[WebServer] 2026-09-05T10:43:35.084+08:00 INFO  application=marketops-server environment=local buildVersion=0.1.0-SNAPSHOT correlationId=none c.m.m.a.i.a.JdbcMetadataAuditStore - Metadata change recorded event="metadata_change_recorded" sourceDomain="identityaccess" entityType="user-scope-grant" entityId="f01e4ad4-6bf9-451b-a2c8-bbe000f2c24d" action="GRANT" actorId="synthetic-manual-browser" correlationId="65e71e2b-1846-4f2a-8493-7a7eec98cc3b"
[WebServer] 2026-09-05T10:43:35.087+08:00 INFO  application=marketops-server environment=local buildVersion=0.1.0-SNAPSHOT correlationId=none c.m.m.a.i.a.JdbcMetadataAuditStore - Metadata change recorded event="metadata_change_recorded" sourceDomain="identityaccess" entityType="user-scope-grant" entityId="b3557563-337d-48dd-89cc-1c464bfe8e79" action="GRANT" actorId="synthetic-manual-browser" correlationId="cf5d2e19-d890-465f-8f93-bc1eb3b7205b"
[WebServer] 2026-09-05T10:43:35.109+08:00 INFO  application=marketops-server environment=local buildVersion=0.1.0-SNAPSHOT correlationId=none c.m.m.a.i.a.JdbcMetadataAuditStore - Metadata change recorded event="metadata_change_recorded" sourceDomain="identityaccess" entityType="user-scope-grant" entityId="fe18b091-c4ed-459f-a993-1ab50f61dd10" action="GRANT" actorId="synthetic-manual-browser" correlationId="fc5a55b7-2350-4ace-be0a-1a6abd655233"
[WebServer] 2026-09-05T10:43:35.112+08:00 INFO  application=marketops-server environment=local buildVersion=0.1.0-SNAPSHOT correlationId=none c.m.m.a.i.a.JdbcMetadataAuditStore - Metadata change recorded event="metadata_change_recorded" sourceDomain="identityaccess" entityType="user-scope-grant" entityId="d6935713-64e9-4b9d-a978-58f0abfdc649" action="GRANT" actorId="synthetic-manual-browser" correlationId="62de6e2e-c70b-46e9-bb3a-5197c9a0e8be"
[WebServer] 2026-09-05T10:43:35.115+08:00 INFO  application=marketops-server environment=local buildVersion=0.1.0-SNAPSHOT correlationId=none c.m.m.a.i.a.JdbcMetadataAuditStore - Metadata change recorded event="metadata_change_recorded" sourceDomain="identityaccess" entityType="user-scope-grant" entityId="0b525196-938d-4f34-b1eb-5acbdac9b79b" action="GRANT" actorId="synthetic-manual-browser" correlationId="1c6173b7-bd62-4df4-a8db-3e687642a5a5"
[WebServer] 2026-09-05T10:43:35.117+08:00 INFO  application=marketops-server environment=local buildVersion=0.1.0-SNAPSHOT correlationId=none c.m.m.a.i.a.JdbcMetadataAuditStore - Metadata change recorded event="metadata_change_recorded" sourceDomain="identityaccess" entityType="user-scope-grant" entityId="7cde564c-1163-427a-837b-bbc7e3d7a66e" action="GRANT" actorId="synthetic-manual-browser" correlationId="c2b2dada-06cb-42b4-a43e-8125e724c48d"
[WebServer] 2026-09-05T10:43:35.120+08:00 INFO  application=marketops-server environment=local buildVersion=0.1.0-SNAPSHOT correlationId=none c.m.m.a.i.a.JdbcMetadataAuditStore - Metadata change recorded event="metadata_change_recorded" sourceDomain="identityaccess" entityType="user-scope-grant" entityId="20652110-3d93-4eb3-b581-0abf41f915c7" action="GRANT" actorId="synthetic-manual-browser" correlationId="f4680a6e-94a5-4a37-aaad-c2361d2b8cd1"
[WebServer] 2026-09-05T10:43:35.123+08:00 INFO  application=marketops-server environment=local buildVersion=0.1.0-SNAPSHOT correlationId=none c.m.m.a.i.a.JdbcMetadataAuditStore - Metadata change recorded event="metadata_change_recorded" sourceDomain="identityaccess" entityType="user-scope-grant" entityId="908be146-9d68-4122-a9cf-2b213fed1d4c" action="GRANT" actorId="synthetic-manual-browser" correlationId="be7a192d-70a6-4967-bd3e-2159f70b3b05"
[WebServer] 2026-09-05T10:43:35.144+08:00 INFO  application=marketops-server environment=local buildVersion=0.1.0-SNAPSHOT correlationId=none c.m.m.a.i.a.JdbcMetadataAuditStore - Metadata change recorded event="metadata_change_recorded" sourceDomain="identityaccess" entityType="user-scope-grant" entityId="c180c3ab-f7d3-433b-9ee5-5dbb1766ed42" action="GRANT" actorId="synthetic-manual-browser" correlationId="5528804b-01b6-43a0-b341-b1ea99d1475b"
[WebServer] 2026-09-05T10:43:35.146+08:00 INFO  application=marketops-server environment=local buildVersion=0.1.0-SNAPSHOT correlationId=none c.m.m.a.i.a.JdbcMetadataAuditStore - Metadata change recorded event="metadata_change_recorded" sourceDomain="identityaccess" entityType="user-scope-grant" entityId="48a84c62-9f4d-488d-bd92-884dfac30c20" action="GRANT" actorId="synthetic-manual-browser" correlationId="170776b4-8e01-4de5-99f5-dbac5fc9c77e"
[WebServer] 2026-09-05T10:43:35.149+08:00 INFO  application=marketops-server environment=local buildVersion=0.1.0-SNAPSHOT correlationId=none c.m.m.a.i.a.JdbcMetadataAuditStore - Metadata change recorded event="metadata_change_recorded" sourceDomain="identityaccess" entityType="user-scope-grant" entityId="085c6040-4a52-4424-b08e-6c88885e245a" action="GRANT" actorId="synthetic-manual-browser" correlationId="353bcf8c-eebd-487d-a6fb-4ed3e2f28a7c"
[WebServer] 2026-09-05T10:43:35.151+08:00 INFO  application=marketops-server environment=local buildVersion=0.1.0-SNAPSHOT correlationId=none c.m.m.a.i.a.JdbcMetadataAuditStore - Metadata change recorded event="metadata_change_recorded" sourceDomain="identityaccess" entityType="user-scope-grant" entityId="7b2b2e5e-cae1-47b4-b3f6-abc11206fa03" action="GRANT" actorId="synthetic-manual-browser" correlationId="51206478-5463-4ff2-966a-9caf7d87d934"
[WebServer] 2026-09-05T10:43:35.153+08:00 INFO  application=marketops-server environment=local buildVersion=0.1.0-SNAPSHOT correlationId=none c.m.m.a.i.a.JdbcMetadataAuditStore - Metadata change recorded event="metadata_change_recorded" sourceDomain="identityaccess" entityType="user-scope-grant" entityId="13e690b6-3718-4809-9069-486e3a0d38b1" action="GRANT" actorId="synthetic-manual-browser" correlationId="71be9671-8396-4a19-a721-90cae821af53"
[WebServer] 2026-09-05T10:43:35.156+08:00 INFO  application=marketops-server environment=local buildVersion=0.1.0-SNAPSHOT correlationId=none c.m.m.a.i.a.JdbcMetadataAuditStore - Metadata change recorded event="metadata_change_recorded" sourceDomain="identityaccess" entityType="user-scope-grant" entityId="84b96b8b-3647-43a8-bfc5-b842f96965a1" action="GRANT" actorId="synthetic-manual-browser" correlationId="2d85c6e6-7975-4697-9b1c-b99d067ba486"
[WebServer] 2026-09-05T10:43:35.447+08:00 INFO  application=marketops-server environment=local buildVersion=0.1.0-SNAPSHOT correlationId=none c.m.m.a.i.a.JdbcMetadataAuditStore - Metadata change recorded event="metadata_change_recorded" sourceDomain="identityaccess" entityType="user-role-assignment" entityId="99c6bd82-da41-48c6-9b39-8911150d6c5a" action="GRANT" actorId="synthetic-manual-browser" correlationId="fdfd854f-2ce7-4d3f-a9be-9a1ecc99fdb7"
[WebServer] 2026-09-05T10:43:35.450+08:00 INFO  application=marketops-server environment=local buildVersion=0.1.0-SNAPSHOT correlationId=none c.m.m.a.i.a.JdbcMetadataAuditStore - Metadata change recorded event="metadata_change_recorded" sourceDomain="identityaccess" entityType="user-scope-grant" entityId="88c88dab-95f9-4071-9774-00bbdfa8c7e5" action="GRANT" actorId="synthetic-manual-browser" correlationId="e1c1f404-883f-4a6d-bbae-c53c6888bc44"
[WebServer] 2026-09-05T10:43:35.454+08:00 INFO  application=marketops-server environment=local buildVersion=0.1.0-SNAPSHOT correlationId=none c.m.m.a.i.a.JdbcMetadataAuditStore - Metadata change recorded event="metadata_change_recorded" sourceDomain="identityaccess" entityType="user-scope-grant" entityId="81012c15-affb-4ce4-9d9c-a1c55a59cb4f" action="GRANT" actorId="synthetic-manual-browser" correlationId="a05bb6b8-b120-4d91-9afb-ecde1d03d32c"
[WebServer] 2026-09-05T10:43:35.457+08:00 INFO  application=marketops-server environment=local buildVersion=0.1.0-SNAPSHOT correlationId=none c.m.m.a.i.a.JdbcMetadataAuditStore - Metadata change recorded event="metadata_change_recorded" sourceDomain="identityaccess" entityType="user-scope-grant" entityId="39d242c6-e0fd-42a3-9022-be86ebae76dd" action="GRANT" actorId="synthetic-manual-browser" correlationId="6b94a7fe-0e3a-4ea7-b6f1-5695e821580d"
[WebServer] 2026-09-05T10:43:35.460+08:00 INFO  application=marketops-server environment=local buildVersion=0.1.0-SNAPSHOT correlationId=none c.m.m.a.i.a.JdbcMetadataAuditStore - Metadata change recorded event="metadata_change_recorded" sourceDomain="identityaccess" entityType="user-scope-grant" entityId="8c2623d6-1c7b-468b-b1a1-4ad4a67d4f21" action="GRANT" actorId="synthetic-manual-browser" correlationId="dee50136-58b0-441d-bbf1-3ff0c084bc25"
[WebServer] 2026-09-05T10:43:35.485+08:00 INFO  application=marketops-server environment=local buildVersion=0.1.0-SNAPSHOT correlationId=none c.m.m.a.i.a.JdbcMetadataAuditStore - Metadata change recorded event="metadata_change_recorded" sourceDomain="identityaccess" entityType="user-scope-grant" entityId="04c97d03-bf1c-4994-99fd-aba139f2ffd6" action="GRANT" actorId="synthetic-manual-browser" correlationId="022cbcf7-ec31-41ce-8018-be5bdb857a53"
[WebServer] 2026-09-05T10:43:35.487+08:00 INFO  application=marketops-server environment=local buildVersion=0.1.0-SNAPSHOT correlationId=none c.m.m.a.i.a.JdbcMetadataAuditStore - Metadata change recorded event="metadata_change_recorded" sourceDomain="identityaccess" entityType="user-scope-grant" entityId="f3e921a3-ca54-4fa5-bff7-1c9fe549d82f" action="GRANT" actorId="synthetic-manual-browser" correlationId="1fc8b3f8-f749-4734-8678-bd40c79a8cf2"
[WebServer] 2026-09-05T10:43:35.490+08:00 INFO  application=marketops-server environment=local buildVersion=0.1.0-SNAPSHOT correlationId=none c.m.m.a.i.a.JdbcMetadataAuditStore - Metadata change recorded event="metadata_change_recorded" sourceDomain="identityaccess" entityType="user-scope-grant" entityId="d7869aa4-58b6-4d33-a2fb-3f4102cd636c" action="GRANT" actorId="synthetic-manual-browser" correlationId="6703a994-2681-4f89-9ece-0a5f4c28c0c3"
[WebServer] 2026-09-05T10:43:35.493+08:00 INFO  application=marketops-server environment=local buildVersion=0.1.0-SNAPSHOT correlationId=none c.m.m.a.i.a.JdbcMetadataAuditStore - Metadata change recorded event="metadata_change_recorded" sourceDomain="identityaccess" entityType="user-scope-grant" entityId="4faf6b29-4b1d-40b0-9039-93d7e65d9021" action="GRANT" actorId="synthetic-manual-browser" correlationId="d0dfb9f6-919e-4ef5-a90d-36adc05f149b"
[WebServer] 2026-09-05T10:43:35.496+08:00 INFO  application=marketops-server environment=local buildVersion=0.1.0-SNAPSHOT correlationId=none c.m.m.a.i.a.JdbcMetadataAuditStore - Metadata change recorded event="metadata_change_recorded" sourceDomain="identityaccess" entityType="user-scope-grant" entityId="4c64131d-3cd2-486d-942d-ef994d7182f6" action="GRANT" actorId="synthetic-manual-browser" correlationId="11e8cf3b-0f5d-49e8-91a2-fb014695e347"
[WebServer] 2026-09-05T10:43:35.499+08:00 INFO  application=marketops-server environment=local buildVersion=0.1.0-SNAPSHOT correlationId=none c.m.m.a.i.a.JdbcMetadataAuditStore - Metadata change recorded event="metadata_change_recorded" sourceDomain="identityaccess" entityType="user-scope-grant" entityId="4d493285-81cc-40ab-83b9-136ae5bfae62" action="GRANT" actorId="synthetic-manual-browser" correlationId="bee01768-6c83-41cb-8ae2-d6c687bb6614"
[WebServer] 2026-09-05T10:43:35.524+08:00 INFO  application=marketops-server environment=local buildVersion=0.1.0-SNAPSHOT correlationId=none c.m.m.a.i.a.JdbcMetadataAuditStore - Metadata change recorded event="metadata_change_recorded" sourceDomain="identityaccess" entityType="user-scope-grant" entityId="64c5928a-0e07-49d8-a1d8-d78325058e53" action="GRANT" actorId="synthetic-manual-browser" correlationId="4788258e-bbf5-4fa7-8179-e6e993dc4406"
[WebServer] 2026-09-05T10:43:35.527+08:00 INFO  application=marketops-server environment=local buildVersion=0.1.0-SNAPSHOT correlationId=none c.m.m.a.i.a.JdbcMetadataAuditStore - Metadata change recorded event="metadata_change_recorded" sourceDomain="identityaccess" entityType="user-scope-grant" entityId="bd00bc7f-c775-47d4-822c-79da54e1a69a" action="GRANT" actorId="synthetic-manual-browser" correlationId="3a033f11-f8fe-4fff-9c2e-892143a21e59"
[WebServer] 2026-09-05T10:43:35.531+08:00 INFO  application=marketops-server environment=local buildVersion=0.1.0-SNAPSHOT correlationId=none c.m.m.a.i.a.JdbcMetadataAuditStore - Metadata change recorded event="metadata_change_recorded" sourceDomain="identityaccess" entityType="user-scope-grant" entityId="003324ad-86fa-413d-acc4-54489831783c" action="GRANT" actorId="synthetic-manual-browser" correlationId="4433257a-a5d8-45b4-b73f-52c4dd4383e0"
[WebServer] 2026-09-05T10:43:35.534+08:00 INFO  application=marketops-server environment=local buildVersion=0.1.0-SNAPSHOT correlationId=none c.m.m.a.i.a.JdbcMetadataAuditStore - Metadata change recorded event="metadata_change_recorded" sourceDomain="identityaccess" entityType="user-scope-grant" entityId="fb1f0c51-04db-4e4f-a2fa-eef115e84fd0" action="GRANT" actorId="synthetic-manual-browser" correlationId="6bc5bb05-4b21-4aab-8248-87c54ed8bd6a"
[WebServer] 2026-09-05T10:43:35.537+08:00 INFO  application=marketops-server environment=local buildVersion=0.1.0-SNAPSHOT correlationId=none c.m.m.a.i.a.JdbcMetadataAuditStore - Metadata change recorded event="metadata_change_recorded" sourceDomain="identityaccess" entityType="user-scope-grant" entityId="81dedc7c-67e6-4ebc-8803-2a4b8aec3073" action="GRANT" actorId="synthetic-manual-browser" correlationId="ebc4bc7d-f312-44c3-aa57-330d8642c839"
[WebServer] 2026-09-05T10:43:35.540+08:00 INFO  application=marketops-server environment=local buildVersion=0.1.0-SNAPSHOT correlationId=none c.m.m.a.i.a.JdbcMetadataAuditStore - Metadata change recorded event="metadata_change_recorded" sourceDomain="identityaccess" entityType="user-scope-grant" entityId="f3cf5bb8-b1c4-437f-915c-63d059163211" action="GRANT" actorId="synthetic-manual-browser" correlationId="eb7f2f49-2821-4eab-afbe-e4953a00ea46"
[WebServer] 2026-09-05T10:43:35.600+08:00 INFO  application=marketops-server environment=local buildVersion=0.1.0-SNAPSHOT correlationId=none c.m.m.a.i.a.JdbcMetadataAuditStore - Metadata change recorded event="metadata_change_recorded" sourceDomain="identityaccess" entityType="user-scope-grant" entityId="c58c44cb-7feb-4236-9171-cde7ea14d9e8" action="GRANT" actorId="synthetic-ad-browser" correlationId="acd4a06c-c6b3-4df6-b0d7-d6c69668e37e"
[WebServer] (node:80267) Warning: The 'NO_COLOR' env is ignored due to the 'FORCE_COLOR' env being set.
[WebServer] (Use `node --trace-warnings ...` to show where the warning was created)
[WebServer] (node:80296) Warning: The 'NO_COLOR' env is ignored due to the 'FORCE_COLOR' env being set.
[WebServer] (Use `node --trace-warnings ...` to show where the warning was created)

Running 11 tests using 1 worker

(node:80303) Warning: The 'NO_COLOR' env is ignored due to the 'FORCE_COLOR' env being set.
(Use `node --trace-warnings ...` to show where the warning was created)
  ✘   1 tests/advertising-browser/governed-advertising.spec.ts:71:1 › real Maker, Ops Lead and Owner decisions preserve minimum disclosure and exact versions (1ms)
(node:80323) Warning: The 'NO_COLOR' env is ignored due to the 'FORCE_COLOR' env being set.
(Use `node --trace-warnings ...` to show where the warning was created)
[WebServer] 2026-09-05T10:43:41.829+08:00 INFO  application=marketops-server environment=local buildVersion=0.1.0-SNAPSHOT correlationId=none o.a.c.c.C.[Tomcat].[localhost].[/] - Initializing Spring DispatcherServlet 'dispatcherServlet' 
[WebServer] 2026-09-05T10:43:41.829+08:00 INFO  application=marketops-server environment=local buildVersion=0.1.0-SNAPSHOT correlationId=none o.s.web.servlet.DispatcherServlet - Initializing Servlet 'dispatcherServlet' 
[WebServer] 2026-09-05T10:43:41.836+08:00 INFO  application=marketops-server environment=local buildVersion=0.1.0-SNAPSHOT correlationId=none o.s.web.servlet.DispatcherServlet - Completed initialization in 6 ms 
[WebServer] 2026-09-05T10:43:41.839+08:00 DEBUG application=marketops-server environment=local buildVersion=0.1.0-SNAPSHOT correlationId=95f9761f-a348-4e25-bedc-82af85cef7d8 c.m.m.s.i.c.CorrelationIdFilter - Inbound correlation identifier replaced event="correlation_identifier_replaced" correlationId="95f9761f-a348-4e25-bedc-82af85cef7d8" rejectionCategory="MISSING"
[WebServer] 2026-09-05T10:43:41.867+08:00 INFO  application=marketops-server environment=local buildVersion=0.1.0-SNAPSHOT correlationId=95f9761f-a348-4e25-bedc-82af85cef7d8 c.m.m.s.i.c.CorrelationIdFilter - Request completed event="request_completed" correlationId="95f9761f-a348-4e25-bedc-82af85cef7d8" status="401"
[WebServer] 2026-09-05T10:43:41.874+08:00 DEBUG application=marketops-server environment=local buildVersion=0.1.0-SNAPSHOT correlationId=0609b4ff-a8aa-4830-b4f2-dbeff1acec17 c.m.m.s.i.c.CorrelationIdFilter - Inbound correlation identifier replaced event="correlation_identifier_replaced" correlationId="0609b4ff-a8aa-4830-b4f2-dbeff1acec17" rejectionCategory="MISSING"
[WebServer] 2026-09-05T10:43:41.877+08:00 INFO  application=marketops-server environment=local buildVersion=0.1.0-SNAPSHOT correlationId=0609b4ff-a8aa-4830-b4f2-dbeff1acec17 c.m.m.s.i.c.CorrelationIdFilter - Request completed event="request_completed" correlationId="0609b4ff-a8aa-4830-b4f2-dbeff1acec17" status="401"
  ✓   2 tests/advertising-browser/governed-advertising.spec.ts:149:1 › real backend denies absent and forged credentials before advertising data is disclosed (129ms)
  ✘   3 tests/advertising-browser/governed-advertising.spec.ts:159:3 › OZON actual governed manual path stays UNVERIFIED and requires an independent observer (0ms)
(node:80339) Warning: The 'NO_COLOR' env is ignored due to the 'FORCE_COLOR' env being set.
(Use `node --trace-warnings ...` to show where the warning was created)
  ✘   4 tests/advertising-browser/governed-advertising.spec.ts:159:3 › WILDBERRIES actual governed manual path stays UNVERIFIED and requires an independent observer (0ms)
(node:80354) Warning: The 'NO_COLOR' env is ignored due to the 'FORCE_COLOR' env being set.
(Use `node --trace-warnings ...` to show where the warning was created)
  ✘   5 tests/advertising-browser/governed-advertising.spec.ts:252:1 › all four real HTTP lane projections preserve unknown values and expose no invented action (0ms)
(node:80370) Warning: The 'NO_COLOR' env is ignored due to the 'FORCE_COLOR' env being set.
(Use `node --trace-warnings ...` to show where the warning was created)
  ✘   6 tests/advertising-browser/governed-advertising.spec.ts:285:1 › three distinct people accept an exact temporary exception, block actions, and end it (1ms)
(node:80388) Warning: The 'NO_COLOR' env is ignored due to the 'FORCE_COLOR' env being set.
(Use `node --trace-warnings ...` to show where the warning was created)
  ✘   7 tests/advertising-browser/governed-advertising.spec.ts:344:1 › scoped emergency hold remains active until independent recovery conditions are established (0ms)
(node:80405) Warning: The 'NO_COLOR' env is ignored due to the 'FORCE_COLOR' env being set.
(Use `node --trace-warnings ...` to show where the warning was created)
  ✘   8 tests/advertising-browser/governed-advertising.spec.ts:394:3 › HISTORY_UNKNOWN preserves actual HTTP command history, unresolved state and separate outcomes (0ms)
(node:80421) Warning: The 'NO_COLOR' env is ignored due to the 'FORCE_COLOR' env being set.
(Use `node --trace-warnings ...` to show where the warning was created)
  ✘   9 tests/advertising-browser/governed-advertising.spec.ts:394:3 › HISTORY_MISMATCH preserves actual HTTP command history, unresolved state and separate outcomes (0ms)
(node:80437) Warning: The 'NO_COLOR' env is ignored due to the 'FORCE_COLOR' env being set.
(Use `node --trace-warnings ...` to show where the warning was created)
  ✘  10 tests/advertising-browser/governed-advertising.spec.ts:394:3 › HISTORY_REGRESSION preserves actual HTTP command history, unresolved state and separate outcomes (1ms)
(node:80452) Warning: The 'NO_COLOR' env is ignored due to the 'FORCE_COLOR' env being set.
(Use `node --trace-warnings ...` to show where the warning was created)
  ✘  11 tests/advertising-browser/governed-advertising.spec.ts:394:3 › HISTORY_EXPIRED preserves actual HTTP command history, unresolved state and separate outcomes (0ms)


  1) tests/advertising-browser/governed-advertising.spec.ts:71:1 › real Maker, Ops Lead and Owner decisions preserve minimum disclosure and exact versions 

    Error: browserType.launch: Target page, context or browser has been closed
    Browser logs:

    <launching> /Users/chzhengx/Library/Caches/ms-playwright/chromium_headless_shell-1234/chrome-headless-shell-mac-arm64/chrome-headless-shell --disable-field-trial-config --disable-background-networking --disable-background-timer-throttling --disable-backgrounding-occluded-windows --disable-back-forward-cache --disable-breakpad --disable-client-side-phishing-detection --disable-component-extensions-with-background-pages --disable-component-update --no-default-browser-check --disable-default-apps --disable-dev-shm-usage --disable-edgeupdater --disable-extensions --disable-features=AvoidUnnecessaryBeforeUnloadCheckSync,BoundaryEventDispatchTracksNodeRemoval,DestroyProfileOnBrowserClose,DialMediaRouteProvider,GlobalMediaControls,HttpsUpgrades,LensOverlay,MediaRouter,PaintHolding,ThirdPartyStoragePartitioning,BlockOriginHeaderModificationOnRedirect,Translate,AutoDeElevate,OptimizationHints,msForceBrowserSignIn,msEdgeUpdateLaunchServicesPreferredVersion --enable-features=CDPScreenshotNewSurface --allow-pre-commit-input --disable-hang-monitor --disable-ipc-flooding-protection --disable-popup-blocking --disable-prompt-on-repost --disable-renderer-backgrounding --disable-updater-scheduler --force-color-profile=srgb --metrics-recording-only --no-first-run --password-store=basic --use-mock-keychain --no-service-autorun --export-tagged-pdf --disable-search-engine-choice-screen --unsafely-disable-devtools-self-xss-warnings --edge-skip-compat-layer-relaunch --disable-infobars --disable-search-engine-choice-screen --disable-sync --enable-unsafe-swiftshader --headless --hide-scrollbars --mute-audio --blink-settings=primaryHoverType=2,availableHoverTypes=2,primaryPointerType=4,availablePointerTypes=4 --no-sandbox --user-data-dir=/var/folders/v2/54f80c956pn6m061kzszc6800000gn/T/playwright_chromiumdev_profile-CRgeKT --remote-debugging-pipe --no-startup-window
    <launched> pid=80319
    [pid=80319][err] [0905/104341.038497:ERROR:base/power_monitor/thermal_state_observer_mac.mm:140] ThermalStateObserverMac unable to register to power notifications. Result: 9
    [pid=80319][err] [0905/104341.058399:ERROR:net/dns/dns_config_service_posix.cc:138] DNS config watch failed to start.
    [pid=80319][err] [0905/104341.069243:FATAL:base/apple/mach_port_rendezvous_mac.cc:159] Check failed: kr == KERN_SUCCESS. bootstrap_check_in org.chromium.Chromium.MachPortRendezvousServer.80319: Permission denied (1100)
    Call log:
      - <launching> /Users/chzhengx/Library/Caches/ms-playwright/chromium_headless_shell-1234/chrome-headless-shell-mac-arm64/chrome-headless-shell --disable-field-trial-config --disable-background-networking --disable-background-timer-throttling --disable-backgrounding-occluded-windows --disable-back-forward-cache --disable-breakpad --disable-client-side-phishing-detection --disable-component-extensions-with-background-pages --disable-component-update --no-default-browser-check --disable-default-apps --disable-dev-shm-usage --disable-edgeupdater --disable-extensions --disable-features=AvoidUnnecessaryBeforeUnloadCheckSync,BoundaryEventDispatchTracksNodeRemoval,DestroyProfileOnBrowserClose,DialMediaRouteProvider,GlobalMediaControls,HttpsUpgrades,LensOverlay,MediaRouter,PaintHolding,ThirdPartyStoragePartitioning,BlockOriginHeaderModificationOnRedirect,Translate,AutoDeElevate,OptimizationHints,msForceBrowserSignIn,msEdgeUpdateLaunchServicesPreferredVersion --enable-features=CDPScreenshotNewSurface --allow-pre-commit-input --disable-hang-monitor --disable-ipc-flooding-protection --disable-popup-blocking --disable-prompt-on-repost --disable-renderer-backgrounding --disable-updater-scheduler --force-color-profile=srgb --metrics-recording-only --no-first-run --password-store=basic --use-mock-keychain --no-service-autorun --export-tagged-pdf --disable-search-engine-choice-screen --unsafely-disable-devtools-self-xss-warnings --edge-skip-compat-layer-relaunch --disable-infobars --disable-search-engine-choice-screen --disable-sync --enable-unsafe-swiftshader --headless --hide-scrollbars --mute-audio --blink-settings=primaryHoverType=2,availableHoverTypes=2,primaryPointerType=4,availablePointerTypes=4 --no-sandbox --user-data-dir=/var/folders/v2/54f80c956pn6m061kzszc6800000gn/T/playwright_chromiumdev_profile-CRgeKT --remote-debugging-pipe --no-startup-window
      - <launched> pid=80319
      - [pid=80319][err] [0905/104341.038497:ERROR:base/power_monitor/thermal_state_observer_mac.mm:140] ThermalStateObserverMac unable to register to power notifications. Result: 9
      - [pid=80319][err] [0905/104341.058399:ERROR:net/dns/dns_config_service_posix.cc:138] DNS config watch failed to start.
      - [pid=80319][err] [0905/104341.069243:FATAL:base/apple/mach_port_rendezvous_mac.cc:159] Check failed: kr == KERN_SUCCESS. bootstrap_check_in org.chromium.Chromium.MachPortRendezvousServer.80319: Permission denied (1100)
      - [pid=80319] <gracefully close start>
      - [pid=80319] <kill>
      - [pid=80319] <will force kill>
      - [pid=80319] exception while trying to kill process: Error: kill EPERM
      - [pid=80319] <process did exit: exitCode=null, signal=SIGTRAP>
      - [pid=80319] starting temporary directories cleanup
      - [pid=80319] finished temporary directories cleanup
      - [pid=80319] <gracefully close end>


    Error Context: test-results/advertising/governed-advertising-real--22caa-sclosure-and-exact-versions/error-context.md

    attachment #2: trace (application/zip) ─────────────────────────────────────────────────────────
    test-results/advertising/governed-advertising-real--22caa-sclosure-and-exact-versions/trace.zip
    Usage:

        npx playwright show-trace test-results/advertising/governed-advertising-real--22caa-sclosure-and-exact-versions/trace.zip

    ────────────────────────────────────────────────────────────────────────────────────────────────

  2) tests/advertising-browser/governed-advertising.spec.ts:159:3 › OZON actual governed manual path stays UNVERIFIED and requires an independent observer 

    Error: browserType.launch: Target page, context or browser has been closed
    Browser logs:

    <launching> /Users/chzhengx/Library/Caches/ms-playwright/chromium_headless_shell-1234/chrome-headless-shell-mac-arm64/chrome-headless-shell --disable-field-trial-config --disable-background-networking --disable-background-timer-throttling --disable-backgrounding-occluded-windows --disable-back-forward-cache --disable-breakpad --disable-client-side-phishing-detection --disable-component-extensions-with-background-pages --disable-component-update --no-default-browser-check --disable-default-apps --disable-dev-shm-usage --disable-edgeupdater --disable-extensions --disable-features=AvoidUnnecessaryBeforeUnloadCheckSync,BoundaryEventDispatchTracksNodeRemoval,DestroyProfileOnBrowserClose,DialMediaRouteProvider,GlobalMediaControls,HttpsUpgrades,LensOverlay,MediaRouter,PaintHolding,ThirdPartyStoragePartitioning,BlockOriginHeaderModificationOnRedirect,Translate,AutoDeElevate,OptimizationHints,msForceBrowserSignIn,msEdgeUpdateLaunchServicesPreferredVersion --enable-features=CDPScreenshotNewSurface --allow-pre-commit-input --disable-hang-monitor --disable-ipc-flooding-protection --disable-popup-blocking --disable-prompt-on-repost --disable-renderer-backgrounding --disable-updater-scheduler --force-color-profile=srgb --metrics-recording-only --no-first-run --password-store=basic --use-mock-keychain --no-service-autorun --export-tagged-pdf --disable-search-engine-choice-screen --unsafely-disable-devtools-self-xss-warnings --edge-skip-compat-layer-relaunch --disable-infobars --disable-search-engine-choice-screen --disable-sync --enable-unsafe-swiftshader --headless --hide-scrollbars --mute-audio --blink-settings=primaryHoverType=2,availableHoverTypes=2,primaryPointerType=4,availablePointerTypes=4 --no-sandbox --user-data-dir=/var/folders/v2/54f80c956pn6m061kzszc6800000gn/T/playwright_chromiumdev_profile-CcKbIe --remote-debugging-pipe --no-startup-window
    <launched> pid=80338
    [pid=80338][err] [0905/104341.927692:ERROR:base/power_monitor/thermal_state_observer_mac.mm:140] ThermalStateObserverMac unable to register to power notifications. Result: 9
    [pid=80338][err] [0905/104341.929670:ERROR:net/dns/dns_config_service_posix.cc:138] DNS config watch failed to start.
    [pid=80338][err] [0905/104341.930346:FATAL:base/apple/mach_port_rendezvous_mac.cc:159] Check failed: kr == KERN_SUCCESS. bootstrap_check_in org.chromium.Chromium.MachPortRendezvousServer.80338: Permission denied (1100)
    Call log:
      - <launching> /Users/chzhengx/Library/Caches/ms-playwright/chromium_headless_shell-1234/chrome-headless-shell-mac-arm64/chrome-headless-shell --disable-field-trial-config --disable-background-networking --disable-background-timer-throttling --disable-backgrounding-occluded-windows --disable-back-forward-cache --disable-breakpad --disable-client-side-phishing-detection --disable-component-extensions-with-background-pages --disable-component-update --no-default-browser-check --disable-default-apps --disable-dev-shm-usage --disable-edgeupdater --disable-extensions --disable-features=AvoidUnnecessaryBeforeUnloadCheckSync,BoundaryEventDispatchTracksNodeRemoval,DestroyProfileOnBrowserClose,DialMediaRouteProvider,GlobalMediaControls,HttpsUpgrades,LensOverlay,MediaRouter,PaintHolding,ThirdPartyStoragePartitioning,BlockOriginHeaderModificationOnRedirect,Translate,AutoDeElevate,OptimizationHints,msForceBrowserSignIn,msEdgeUpdateLaunchServicesPreferredVersion --enable-features=CDPScreenshotNewSurface --allow-pre-commit-input --disable-hang-monitor --disable-ipc-flooding-protection --disable-popup-blocking --disable-prompt-on-repost --disable-renderer-backgrounding --disable-updater-scheduler --force-color-profile=srgb --metrics-recording-only --no-first-run --password-store=basic --use-mock-keychain --no-service-autorun --export-tagged-pdf --disable-search-engine-choice-screen --unsafely-disable-devtools-self-xss-warnings --edge-skip-compat-layer-relaunch --disable-infobars --disable-search-engine-choice-screen --disable-sync --enable-unsafe-swiftshader --headless --hide-scrollbars --mute-audio --blink-settings=primaryHoverType=2,availableHoverTypes=2,primaryPointerType=4,availablePointerTypes=4 --no-sandbox --user-data-dir=/var/folders/v2/54f80c956pn6m061kzszc6800000gn/T/playwright_chromiumdev_profile-CcKbIe --remote-debugging-pipe --no-startup-window
      - <launched> pid=80338
      - [pid=80338][err] [0905/104341.927692:ERROR:base/power_monitor/thermal_state_observer_mac.mm:140] ThermalStateObserverMac unable to register to power notifications. Result: 9
      - [pid=80338][err] [0905/104341.929670:ERROR:net/dns/dns_config_service_posix.cc:138] DNS config watch failed to start.
      - [pid=80338][err] [0905/104341.930346:FATAL:base/apple/mach_port_rendezvous_mac.cc:159] Check failed: kr == KERN_SUCCESS. bootstrap_check_in org.chromium.Chromium.MachPortRendezvousServer.80338: Permission denied (1100)
      - [pid=80338] <gracefully close start>
      - [pid=80338] <kill>
      - [pid=80338] <will force kill>
      - [pid=80338] exception while trying to kill process: Error: kill EPERM
      - [pid=80338] <process did exit: exitCode=null, signal=SIGTRAP>
      - [pid=80338] starting temporary directories cleanup
      - [pid=80338] finished temporary directories cleanup
      - [pid=80338] <gracefully close end>


    Error Context: test-results/advertising/governed-advertising-OZON--9c98d-res-an-independent-observer/error-context.md

    attachment #2: trace (application/zip) ─────────────────────────────────────────────────────────
    test-results/advertising/governed-advertising-OZON--9c98d-res-an-independent-observer/trace.zip
    Usage:

        npx playwright show-trace test-results/advertising/governed-advertising-OZON--9c98d-res-an-independent-observer/trace.zip

    ────────────────────────────────────────────────────────────────────────────────────────────────

  3) tests/advertising-browser/governed-advertising.spec.ts:159:3 › WILDBERRIES actual governed manual path stays UNVERIFIED and requires an independent observer 

    Error: browserType.launch: Target page, context or browser has been closed
    Browser logs:

    <launching> /Users/chzhengx/Library/Caches/ms-playwright/chromium_headless_shell-1234/chrome-headless-shell-mac-arm64/chrome-headless-shell --disable-field-trial-config --disable-background-networking --disable-background-timer-throttling --disable-backgrounding-occluded-windows --disable-back-forward-cache --disable-breakpad --disable-client-side-phishing-detection --disable-component-extensions-with-background-pages --disable-component-update --no-default-browser-check --disable-default-apps --disable-dev-shm-usage --disable-edgeupdater --disable-extensions --disable-features=AvoidUnnecessaryBeforeUnloadCheckSync,BoundaryEventDispatchTracksNodeRemoval,DestroyProfileOnBrowserClose,DialMediaRouteProvider,GlobalMediaControls,HttpsUpgrades,LensOverlay,MediaRouter,PaintHolding,ThirdPartyStoragePartitioning,BlockOriginHeaderModificationOnRedirect,Translate,AutoDeElevate,OptimizationHints,msForceBrowserSignIn,msEdgeUpdateLaunchServicesPreferredVersion --enable-features=CDPScreenshotNewSurface --allow-pre-commit-input --disable-hang-monitor --disable-ipc-flooding-protection --disable-popup-blocking --disable-prompt-on-repost --disable-renderer-backgrounding --disable-updater-scheduler --force-color-profile=srgb --metrics-recording-only --no-first-run --password-store=basic --use-mock-keychain --no-service-autorun --export-tagged-pdf --disable-search-engine-choice-screen --unsafely-disable-devtools-self-xss-warnings --edge-skip-compat-layer-relaunch --disable-infobars --disable-search-engine-choice-screen --disable-sync --enable-unsafe-swiftshader --headless --hide-scrollbars --mute-audio --blink-settings=primaryHoverType=2,availableHoverTypes=2,primaryPointerType=4,availablePointerTypes=4 --no-sandbox --user-data-dir=/var/folders/v2/54f80c956pn6m061kzszc6800000gn/T/playwright_chromiumdev_profile-oEymK8 --remote-debugging-pipe --no-startup-window
    <launched> pid=80353
    [pid=80353][err] [0905/104342.636880:ERROR:base/power_monitor/thermal_state_observer_mac.mm:140] ThermalStateObserverMac unable to register to power notifications. Result: 9
    [pid=80353][err] [0905/104342.638640:ERROR:net/dns/dns_config_service_posix.cc:138] DNS config watch failed to start.
    [pid=80353][err] [0905/104342.639200:FATAL:base/apple/mach_port_rendezvous_mac.cc:159] Check failed: kr == KERN_SUCCESS. bootstrap_check_in org.chromium.Chromium.MachPortRendezvousServer.80353: Permission denied (1100)
    [pid=80353] <process did exit: exitCode=null, signal=SIGTRAP>
    [pid=80353] starting temporary directories cleanup
    Call log:
      - <launching> /Users/chzhengx/Library/Caches/ms-playwright/chromium_headless_shell-1234/chrome-headless-shell-mac-arm64/chrome-headless-shell --disable-field-trial-config --disable-background-networking --disable-background-timer-throttling --disable-backgrounding-occluded-windows --disable-back-forward-cache --disable-breakpad --disable-client-side-phishing-detection --disable-component-extensions-with-background-pages --disable-component-update --no-default-browser-check --disable-default-apps --disable-dev-shm-usage --disable-edgeupdater --disable-extensions --disable-features=AvoidUnnecessaryBeforeUnloadCheckSync,BoundaryEventDispatchTracksNodeRemoval,DestroyProfileOnBrowserClose,DialMediaRouteProvider,GlobalMediaControls,HttpsUpgrades,LensOverlay,MediaRouter,PaintHolding,ThirdPartyStoragePartitioning,BlockOriginHeaderModificationOnRedirect,Translate,AutoDeElevate,OptimizationHints,msForceBrowserSignIn,msEdgeUpdateLaunchServicesPreferredVersion --enable-features=CDPScreenshotNewSurface --allow-pre-commit-input --disable-hang-monitor --disable-ipc-flooding-protection --disable-popup-blocking --disable-prompt-on-repost --disable-renderer-backgrounding --disable-updater-scheduler --force-color-profile=srgb --metrics-recording-only --no-first-run --password-store=basic --use-mock-keychain --no-service-autorun --export-tagged-pdf --disable-search-engine-choice-screen --unsafely-disable-devtools-self-xss-warnings --edge-skip-compat-layer-relaunch --disable-infobars --disable-search-engine-choice-screen --disable-sync --enable-unsafe-swiftshader --headless --hide-scrollbars --mute-audio --blink-settings=primaryHoverType=2,availableHoverTypes=2,primaryPointerType=4,availablePointerTypes=4 --no-sandbox --user-data-dir=/var/folders/v2/54f80c956pn6m061kzszc6800000gn/T/playwright_chromiumdev_profile-oEymK8 --remote-debugging-pipe --no-startup-window
      - <launched> pid=80353
      - [pid=80353][err] [0905/104342.636880:ERROR:base/power_monitor/thermal_state_observer_mac.mm:140] ThermalStateObserverMac unable to register to power notifications. Result: 9
      - [pid=80353][err] [0905/104342.638640:ERROR:net/dns/dns_config_service_posix.cc:138] DNS config watch failed to start.
      - [pid=80353][err] [0905/104342.639200:FATAL:base/apple/mach_port_rendezvous_mac.cc:159] Check failed: kr == KERN_SUCCESS. bootstrap_check_in org.chromium.Chromium.MachPortRendezvousServer.80353: Permission denied (1100)
      - [pid=80353] <process did exit: exitCode=null, signal=SIGTRAP>
      - [pid=80353] starting temporary directories cleanup
      - [pid=80353] <gracefully close start>
      - [pid=80353] <kill>
      - [pid=80353] <skipped force kill spawnedProcess.killed=false processClosed=true>
      - [pid=80353] finished temporary directories cleanup
      - [pid=80353] <gracefully close end>


    Error Context: test-results/advertising/governed-advertising-WILDB-455c7-res-an-independent-observer/error-context.md

    attachment #2: trace (application/zip) ─────────────────────────────────────────────────────────
    test-results/advertising/governed-advertising-WILDB-455c7-res-an-independent-observer/trace.zip
    Usage:

        npx playwright show-trace test-results/advertising/governed-advertising-WILDB-455c7-res-an-independent-observer/trace.zip

    ────────────────────────────────────────────────────────────────────────────────────────────────

  4) tests/advertising-browser/governed-advertising.spec.ts:252:1 › all four real HTTP lane projections preserve unknown values and expose no invented action 

    Error: browserType.launch: Target page, context or browser has been closed
    Browser logs:

    <launching> /Users/chzhengx/Library/Caches/ms-playwright/chromium_headless_shell-1234/chrome-headless-shell-mac-arm64/chrome-headless-shell --disable-field-trial-config --disable-background-networking --disable-background-timer-throttling --disable-backgrounding-occluded-windows --disable-back-forward-cache --disable-breakpad --disable-client-side-phishing-detection --disable-component-extensions-with-background-pages --disable-component-update --no-default-browser-check --disable-default-apps --disable-dev-shm-usage --disable-edgeupdater --disable-extensions --disable-features=AvoidUnnecessaryBeforeUnloadCheckSync,BoundaryEventDispatchTracksNodeRemoval,DestroyProfileOnBrowserClose,DialMediaRouteProvider,GlobalMediaControls,HttpsUpgrades,LensOverlay,MediaRouter,PaintHolding,ThirdPartyStoragePartitioning,BlockOriginHeaderModificationOnRedirect,Translate,AutoDeElevate,OptimizationHints,msForceBrowserSignIn,msEdgeUpdateLaunchServicesPreferredVersion --enable-features=CDPScreenshotNewSurface --allow-pre-commit-input --disable-hang-monitor --disable-ipc-flooding-protection --disable-popup-blocking --disable-prompt-on-repost --disable-renderer-backgrounding --disable-updater-scheduler --force-color-profile=srgb --metrics-recording-only --no-first-run --password-store=basic --use-mock-keychain --no-service-autorun --export-tagged-pdf --disable-search-engine-choice-screen --unsafely-disable-devtools-self-xss-warnings --edge-skip-compat-layer-relaunch --disable-infobars --disable-search-engine-choice-screen --disable-sync --enable-unsafe-swiftshader --headless --hide-scrollbars --mute-audio --blink-settings=primaryHoverType=2,availableHoverTypes=2,primaryPointerType=4,availablePointerTypes=4 --no-sandbox --user-data-dir=/var/folders/v2/54f80c956pn6m061kzszc6800000gn/T/playwright_chromiumdev_profile-18ecFT --remote-debugging-pipe --no-startup-window
    <launched> pid=80368
    [pid=80368][err] [0905/104343.317724:ERROR:base/power_monitor/thermal_state_observer_mac.mm:140] ThermalStateObserverMac unable to register to power notifications. Result: 9
    [pid=80368][err] [0905/104343.319427:ERROR:net/dns/dns_config_service_posix.cc:138] DNS config watch failed to start.
    [pid=80368][err] [0905/104343.319925:FATAL:base/apple/mach_port_rendezvous_mac.cc:159] Check failed: kr == KERN_SUCCESS. bootstrap_check_in org.chromium.Chromium.MachPortRendezvousServer.80368: Permission denied (1100)
    Call log:
      - <launching> /Users/chzhengx/Library/Caches/ms-playwright/chromium_headless_shell-1234/chrome-headless-shell-mac-arm64/chrome-headless-shell --disable-field-trial-config --disable-background-networking --disable-background-timer-throttling --disable-backgrounding-occluded-windows --disable-back-forward-cache --disable-breakpad --disable-client-side-phishing-detection --disable-component-extensions-with-background-pages --disable-component-update --no-default-browser-check --disable-default-apps --disable-dev-shm-usage --disable-edgeupdater --disable-extensions --disable-features=AvoidUnnecessaryBeforeUnloadCheckSync,BoundaryEventDispatchTracksNodeRemoval,DestroyProfileOnBrowserClose,DialMediaRouteProvider,GlobalMediaControls,HttpsUpgrades,LensOverlay,MediaRouter,PaintHolding,ThirdPartyStoragePartitioning,BlockOriginHeaderModificationOnRedirect,Translate,AutoDeElevate,OptimizationHints,msForceBrowserSignIn,msEdgeUpdateLaunchServicesPreferredVersion --enable-features=CDPScreenshotNewSurface --allow-pre-commit-input --disable-hang-monitor --disable-ipc-flooding-protection --disable-popup-blocking --disable-prompt-on-repost --disable-renderer-backgrounding --disable-updater-scheduler --force-color-profile=srgb --metrics-recording-only --no-first-run --password-store=basic --use-mock-keychain --no-service-autorun --export-tagged-pdf --disable-search-engine-choice-screen --unsafely-disable-devtools-self-xss-warnings --edge-skip-compat-layer-relaunch --disable-infobars --disable-search-engine-choice-screen --disable-sync --enable-unsafe-swiftshader --headless --hide-scrollbars --mute-audio --blink-settings=primaryHoverType=2,availableHoverTypes=2,primaryPointerType=4,availablePointerTypes=4 --no-sandbox --user-data-dir=/var/folders/v2/54f80c956pn6m061kzszc6800000gn/T/playwright_chromiumdev_profile-18ecFT --remote-debugging-pipe --no-startup-window
      - <launched> pid=80368
      - [pid=80368][err] [0905/104343.317724:ERROR:base/power_monitor/thermal_state_observer_mac.mm:140] ThermalStateObserverMac unable to register to power notifications. Result: 9
      - [pid=80368][err] [0905/104343.319427:ERROR:net/dns/dns_config_service_posix.cc:138] DNS config watch failed to start.
      - [pid=80368][err] [0905/104343.319925:FATAL:base/apple/mach_port_rendezvous_mac.cc:159] Check failed: kr == KERN_SUCCESS. bootstrap_check_in org.chromium.Chromium.MachPortRendezvousServer.80368: Permission denied (1100)
      - [pid=80368] <gracefully close start>
      - [pid=80368] <kill>
      - [pid=80368] <will force kill>
      - [pid=80368] exception while trying to kill process: Error: kill EPERM
      - [pid=80368] <process did exit: exitCode=null, signal=SIGTRAP>
      - [pid=80368] starting temporary directories cleanup
      - [pid=80368] finished temporary directories cleanup
      - [pid=80368] <gracefully close end>


    Error Context: test-results/advertising/governed-advertising-all-f-e9164-d-expose-no-invented-action/error-context.md

    attachment #2: trace (application/zip) ─────────────────────────────────────────────────────────
    test-results/advertising/governed-advertising-all-f-e9164-d-expose-no-invented-action/trace.zip
    Usage:

        npx playwright show-trace test-results/advertising/governed-advertising-all-f-e9164-d-expose-no-invented-action/trace.zip

    ────────────────────────────────────────────────────────────────────────────────────────────────

  5) tests/advertising-browser/governed-advertising.spec.ts:285:1 › three distinct people accept an exact temporary exception, block actions, and end it 

    Error: browserType.launch: Target page, context or browser has been closed
    Browser logs:

    <launching> /Users/chzhengx/Library/Caches/ms-playwright/chromium_headless_shell-1234/chrome-headless-shell-mac-arm64/chrome-headless-shell --disable-field-trial-config --disable-background-networking --disable-background-timer-throttling --disable-backgrounding-occluded-windows --disable-back-forward-cache --disable-breakpad --disable-client-side-phishing-detection --disable-component-extensions-with-background-pages --disable-component-update --no-default-browser-check --disable-default-apps --disable-dev-shm-usage --disable-edgeupdater --disable-extensions --disable-features=AvoidUnnecessaryBeforeUnloadCheckSync,BoundaryEventDispatchTracksNodeRemoval,DestroyProfileOnBrowserClose,DialMediaRouteProvider,GlobalMediaControls,HttpsUpgrades,LensOverlay,MediaRouter,PaintHolding,ThirdPartyStoragePartitioning,BlockOriginHeaderModificationOnRedirect,Translate,AutoDeElevate,OptimizationHints,msForceBrowserSignIn,msEdgeUpdateLaunchServicesPreferredVersion --enable-features=CDPScreenshotNewSurface --allow-pre-commit-input --disable-hang-monitor --disable-ipc-flooding-protection --disable-popup-blocking --disable-prompt-on-repost --disable-renderer-backgrounding --disable-updater-scheduler --force-color-profile=srgb --metrics-recording-only --no-first-run --password-store=basic --use-mock-keychain --no-service-autorun --export-tagged-pdf --disable-search-engine-choice-screen --unsafely-disable-devtools-self-xss-warnings --edge-skip-compat-layer-relaunch --disable-infobars --disable-search-engine-choice-screen --disable-sync --enable-unsafe-swiftshader --headless --hide-scrollbars --mute-audio --blink-settings=primaryHoverType=2,availableHoverTypes=2,primaryPointerType=4,availablePointerTypes=4 --no-sandbox --user-data-dir=/var/folders/v2/54f80c956pn6m061kzszc6800000gn/T/playwright_chromiumdev_profile-r9WCfN --remote-debugging-pipe --no-startup-window
    <launched> pid=80384
    [pid=80384][err] [0905/104344.064180:ERROR:base/power_monitor/thermal_state_observer_mac.mm:140] ThermalStateObserverMac unable to register to power notifications. Result: 9
    [pid=80384][err] [0905/104344.066845:ERROR:net/dns/dns_config_service_posix.cc:138] DNS config watch failed to start.
    [pid=80384][err] [0905/104344.067333:FATAL:base/apple/mach_port_rendezvous_mac.cc:159] Check failed: kr == KERN_SUCCESS. bootstrap_check_in org.chromium.Chromium.MachPortRendezvousServer.80384: Permission denied (1100)
    [pid=80384] <process did exit: exitCode=null, signal=SIGTRAP>
    [pid=80384] starting temporary directories cleanup
    Call log:
      - <launching> /Users/chzhengx/Library/Caches/ms-playwright/chromium_headless_shell-1234/chrome-headless-shell-mac-arm64/chrome-headless-shell --disable-field-trial-config --disable-background-networking --disable-background-timer-throttling --disable-backgrounding-occluded-windows --disable-back-forward-cache --disable-breakpad --disable-client-side-phishing-detection --disable-component-extensions-with-background-pages --disable-component-update --no-default-browser-check --disable-default-apps --disable-dev-shm-usage --disable-edgeupdater --disable-extensions --disable-features=AvoidUnnecessaryBeforeUnloadCheckSync,BoundaryEventDispatchTracksNodeRemoval,DestroyProfileOnBrowserClose,DialMediaRouteProvider,GlobalMediaControls,HttpsUpgrades,LensOverlay,MediaRouter,PaintHolding,ThirdPartyStoragePartitioning,BlockOriginHeaderModificationOnRedirect,Translate,AutoDeElevate,OptimizationHints,msForceBrowserSignIn,msEdgeUpdateLaunchServicesPreferredVersion --enable-features=CDPScreenshotNewSurface --allow-pre-commit-input --disable-hang-monitor --disable-ipc-flooding-protection --disable-popup-blocking --disable-prompt-on-repost --disable-renderer-backgrounding --disable-updater-scheduler --force-color-profile=srgb --metrics-recording-only --no-first-run --password-store=basic --use-mock-keychain --no-service-autorun --export-tagged-pdf --disable-search-engine-choice-screen --unsafely-disable-devtools-self-xss-warnings --edge-skip-compat-layer-relaunch --disable-infobars --disable-search-engine-choice-screen --disable-sync --enable-unsafe-swiftshader --headless --hide-scrollbars --mute-audio --blink-settings=primaryHoverType=2,availableHoverTypes=2,primaryPointerType=4,availablePointerTypes=4 --no-sandbox --user-data-dir=/var/folders/v2/54f80c956pn6m061kzszc6800000gn/T/playwright_chromiumdev_profile-r9WCfN --remote-debugging-pipe --no-startup-window
      - <launched> pid=80384
      - [pid=80384][err] [0905/104344.064180:ERROR:base/power_monitor/thermal_state_observer_mac.mm:140] ThermalStateObserverMac unable to register to power notifications. Result: 9
      - [pid=80384][err] [0905/104344.066845:ERROR:net/dns/dns_config_service_posix.cc:138] DNS config watch failed to start.
      - [pid=80384][err] [0905/104344.067333:FATAL:base/apple/mach_port_rendezvous_mac.cc:159] Check failed: kr == KERN_SUCCESS. bootstrap_check_in org.chromium.Chromium.MachPortRendezvousServer.80384: Permission denied (1100)
      - [pid=80384] <process did exit: exitCode=null, signal=SIGTRAP>
      - [pid=80384] starting temporary directories cleanup
      - [pid=80384] <gracefully close start>
      - [pid=80384] <kill>
      - [pid=80384] <skipped force kill spawnedProcess.killed=false processClosed=true>
      - [pid=80384] finished temporary directories cleanup
      - [pid=80384] <gracefully close end>


    Error Context: test-results/advertising/governed-advertising-three-c3bb7-on-block-actions-and-end-it/error-context.md

    attachment #2: trace (application/zip) ─────────────────────────────────────────────────────────
    test-results/advertising/governed-advertising-three-c3bb7-on-block-actions-and-end-it/trace.zip
    Usage:

        npx playwright show-trace test-results/advertising/governed-advertising-three-c3bb7-on-block-actions-and-end-it/trace.zip

    ────────────────────────────────────────────────────────────────────────────────────────────────

  6) tests/advertising-browser/governed-advertising.spec.ts:344:1 › scoped emergency hold remains active until independent recovery conditions are established 

    Error: browserType.launch: Target page, context or browser has been closed
    Browser logs:

    <launching> /Users/chzhengx/Library/Caches/ms-playwright/chromium_headless_shell-1234/chrome-headless-shell-mac-arm64/chrome-headless-shell --disable-field-trial-config --disable-background-networking --disable-background-timer-throttling --disable-backgrounding-occluded-windows --disable-back-forward-cache --disable-breakpad --disable-client-side-phishing-detection --disable-component-extensions-with-background-pages --disable-component-update --no-default-browser-check --disable-default-apps --disable-dev-shm-usage --disable-edgeupdater --disable-extensions --disable-features=AvoidUnnecessaryBeforeUnloadCheckSync,BoundaryEventDispatchTracksNodeRemoval,DestroyProfileOnBrowserClose,DialMediaRouteProvider,GlobalMediaControls,HttpsUpgrades,LensOverlay,MediaRouter,PaintHolding,ThirdPartyStoragePartitioning,BlockOriginHeaderModificationOnRedirect,Translate,AutoDeElevate,OptimizationHints,msForceBrowserSignIn,msEdgeUpdateLaunchServicesPreferredVersion --enable-features=CDPScreenshotNewSurface --allow-pre-commit-input --disable-hang-monitor --disable-ipc-flooding-protection --disable-popup-blocking --disable-prompt-on-repost --disable-renderer-backgrounding --disable-updater-scheduler --force-color-profile=srgb --metrics-recording-only --no-first-run --password-store=basic --use-mock-keychain --no-service-autorun --export-tagged-pdf --disable-search-engine-choice-screen --unsafely-disable-devtools-self-xss-warnings --edge-skip-compat-layer-relaunch --disable-infobars --disable-search-engine-choice-screen --disable-sync --enable-unsafe-swiftshader --headless --hide-scrollbars --mute-audio --blink-settings=primaryHoverType=2,availableHoverTypes=2,primaryPointerType=4,availablePointerTypes=4 --no-sandbox --user-data-dir=/var/folders/v2/54f80c956pn6m061kzszc6800000gn/T/playwright_chromiumdev_profile-DvnSeY --remote-debugging-pipe --no-startup-window
    <launched> pid=80402
    [pid=80402][err] [0905/104344.755931:ERROR:base/power_monitor/thermal_state_observer_mac.mm:140] ThermalStateObserverMac unable to register to power notifications. Result: 9
    [pid=80402][err] [0905/104344.757532:ERROR:net/dns/dns_config_service_posix.cc:138] DNS config watch failed to start.
    [pid=80402][err] [0905/104344.758042:FATAL:base/apple/mach_port_rendezvous_mac.cc:159] Check failed: kr == KERN_SUCCESS. bootstrap_check_in org.chromium.Chromium.MachPortRendezvousServer.80402: Permission denied (1100)
    Call log:
      - <launching> /Users/chzhengx/Library/Caches/ms-playwright/chromium_headless_shell-1234/chrome-headless-shell-mac-arm64/chrome-headless-shell --disable-field-trial-config --disable-background-networking --disable-background-timer-throttling --disable-backgrounding-occluded-windows --disable-back-forward-cache --disable-breakpad --disable-client-side-phishing-detection --disable-component-extensions-with-background-pages --disable-component-update --no-default-browser-check --disable-default-apps --disable-dev-shm-usage --disable-edgeupdater --disable-extensions --disable-features=AvoidUnnecessaryBeforeUnloadCheckSync,BoundaryEventDispatchTracksNodeRemoval,DestroyProfileOnBrowserClose,DialMediaRouteProvider,GlobalMediaControls,HttpsUpgrades,LensOverlay,MediaRouter,PaintHolding,ThirdPartyStoragePartitioning,BlockOriginHeaderModificationOnRedirect,Translate,AutoDeElevate,OptimizationHints,msForceBrowserSignIn,msEdgeUpdateLaunchServicesPreferredVersion --enable-features=CDPScreenshotNewSurface --allow-pre-commit-input --disable-hang-monitor --disable-ipc-flooding-protection --disable-popup-blocking --disable-prompt-on-repost --disable-renderer-backgrounding --disable-updater-scheduler --force-color-profile=srgb --metrics-recording-only --no-first-run --password-store=basic --use-mock-keychain --no-service-autorun --export-tagged-pdf --disable-search-engine-choice-screen --unsafely-disable-devtools-self-xss-warnings --edge-skip-compat-layer-relaunch --disable-infobars --disable-search-engine-choice-screen --disable-sync --enable-unsafe-swiftshader --headless --hide-scrollbars --mute-audio --blink-settings=primaryHoverType=2,availableHoverTypes=2,primaryPointerType=4,availablePointerTypes=4 --no-sandbox --user-data-dir=/var/folders/v2/54f80c956pn6m061kzszc6800000gn/T/playwright_chromiumdev_profile-DvnSeY --remote-debugging-pipe --no-startup-window
      - <launched> pid=80402
      - [pid=80402][err] [0905/104344.755931:ERROR:base/power_monitor/thermal_state_observer_mac.mm:140] ThermalStateObserverMac unable to register to power notifications. Result: 9
      - [pid=80402][err] [0905/104344.757532:ERROR:net/dns/dns_config_service_posix.cc:138] DNS config watch failed to start.
      - [pid=80402][err] [0905/104344.758042:FATAL:base/apple/mach_port_rendezvous_mac.cc:159] Check failed: kr == KERN_SUCCESS. bootstrap_check_in org.chromium.Chromium.MachPortRendezvousServer.80402: Permission denied (1100)
      - [pid=80402] <gracefully close start>
      - [pid=80402] <kill>
      - [pid=80402] <will force kill>
      - [pid=80402] exception while trying to kill process: Error: kill EPERM
      - [pid=80402] <process did exit: exitCode=null, signal=SIGTRAP>
      - [pid=80402] starting temporary directories cleanup
      - [pid=80402] finished temporary directories cleanup
      - [pid=80402] <gracefully close end>


    Error Context: test-results/advertising/governed-advertising-scope-44936--conditions-are-established/error-context.md

    attachment #2: trace (application/zip) ─────────────────────────────────────────────────────────
    test-results/advertising/governed-advertising-scope-44936--conditions-are-established/trace.zip
    Usage:

        npx playwright show-trace test-results/advertising/governed-advertising-scope-44936--conditions-are-established/trace.zip

    ────────────────────────────────────────────────────────────────────────────────────────────────

  7) tests/advertising-browser/governed-advertising.spec.ts:394:3 › HISTORY_UNKNOWN preserves actual HTTP command history, unresolved state and separate outcomes 

    Error: browserType.launch: Target page, context or browser has been closed
    Browser logs:

    <launching> /Users/chzhengx/Library/Caches/ms-playwright/chromium_headless_shell-1234/chrome-headless-shell-mac-arm64/chrome-headless-shell --disable-field-trial-config --disable-background-networking --disable-background-timer-throttling --disable-backgrounding-occluded-windows --disable-back-forward-cache --disable-breakpad --disable-client-side-phishing-detection --disable-component-extensions-with-background-pages --disable-component-update --no-default-browser-check --disable-default-apps --disable-dev-shm-usage --disable-edgeupdater --disable-extensions --disable-features=AvoidUnnecessaryBeforeUnloadCheckSync,BoundaryEventDispatchTracksNodeRemoval,DestroyProfileOnBrowserClose,DialMediaRouteProvider,GlobalMediaControls,HttpsUpgrades,LensOverlay,MediaRouter,PaintHolding,ThirdPartyStoragePartitioning,BlockOriginHeaderModificationOnRedirect,Translate,AutoDeElevate,OptimizationHints,msForceBrowserSignIn,msEdgeUpdateLaunchServicesPreferredVersion --enable-features=CDPScreenshotNewSurface --allow-pre-commit-input --disable-hang-monitor --disable-ipc-flooding-protection --disable-popup-blocking --disable-prompt-on-repost --disable-renderer-backgrounding --disable-updater-scheduler --force-color-profile=srgb --metrics-recording-only --no-first-run --password-store=basic --use-mock-keychain --no-service-autorun --export-tagged-pdf --disable-search-engine-choice-screen --unsafely-disable-devtools-self-xss-warnings --edge-skip-compat-layer-relaunch --disable-infobars --disable-search-engine-choice-screen --disable-sync --enable-unsafe-swiftshader --headless --hide-scrollbars --mute-audio --blink-settings=primaryHoverType=2,availableHoverTypes=2,primaryPointerType=4,availablePointerTypes=4 --no-sandbox --user-data-dir=/var/folders/v2/54f80c956pn6m061kzszc6800000gn/T/playwright_chromiumdev_profile-E61yAB --remote-debugging-pipe --no-startup-window
    <launched> pid=80420
    [pid=80420][err] [0905/104345.418621:ERROR:base/power_monitor/thermal_state_observer_mac.mm:140] ThermalStateObserverMac unable to register to power notifications. Result: 9
    [pid=80420][err] [0905/104345.420421:ERROR:net/dns/dns_config_service_posix.cc:138] DNS config watch failed to start.
    [pid=80420][err] [0905/104345.420973:FATAL:base/apple/mach_port_rendezvous_mac.cc:159] Check failed: kr == KERN_SUCCESS. bootstrap_check_in org.chromium.Chromium.MachPortRendezvousServer.80420: Permission denied (1100)
    Call log:
      - <launching> /Users/chzhengx/Library/Caches/ms-playwright/chromium_headless_shell-1234/chrome-headless-shell-mac-arm64/chrome-headless-shell --disable-field-trial-config --disable-background-networking --disable-background-timer-throttling --disable-backgrounding-occluded-windows --disable-back-forward-cache --disable-breakpad --disable-client-side-phishing-detection --disable-component-extensions-with-background-pages --disable-component-update --no-default-browser-check --disable-default-apps --disable-dev-shm-usage --disable-edgeupdater --disable-extensions --disable-features=AvoidUnnecessaryBeforeUnloadCheckSync,BoundaryEventDispatchTracksNodeRemoval,DestroyProfileOnBrowserClose,DialMediaRouteProvider,GlobalMediaControls,HttpsUpgrades,LensOverlay,MediaRouter,PaintHolding,ThirdPartyStoragePartitioning,BlockOriginHeaderModificationOnRedirect,Translate,AutoDeElevate,OptimizationHints,msForceBrowserSignIn,msEdgeUpdateLaunchServicesPreferredVersion --enable-features=CDPScreenshotNewSurface --allow-pre-commit-input --disable-hang-monitor --disable-ipc-flooding-protection --disable-popup-blocking --disable-prompt-on-repost --disable-renderer-backgrounding --disable-updater-scheduler --force-color-profile=srgb --metrics-recording-only --no-first-run --password-store=basic --use-mock-keychain --no-service-autorun --export-tagged-pdf --disable-search-engine-choice-screen --unsafely-disable-devtools-self-xss-warnings --edge-skip-compat-layer-relaunch --disable-infobars --disable-search-engine-choice-screen --disable-sync --enable-unsafe-swiftshader --headless --hide-scrollbars --mute-audio --blink-settings=primaryHoverType=2,availableHoverTypes=2,primaryPointerType=4,availablePointerTypes=4 --no-sandbox --user-data-dir=/var/folders/v2/54f80c956pn6m061kzszc6800000gn/T/playwright_chromiumdev_profile-E61yAB --remote-debugging-pipe --no-startup-window
      - <launched> pid=80420
      - [pid=80420][err] [0905/104345.418621:ERROR:base/power_monitor/thermal_state_observer_mac.mm:140] ThermalStateObserverMac unable to register to power notifications. Result: 9
      - [pid=80420][err] [0905/104345.420421:ERROR:net/dns/dns_config_service_posix.cc:138] DNS config watch failed to start.
      - [pid=80420][err] [0905/104345.420973:FATAL:base/apple/mach_port_rendezvous_mac.cc:159] Check failed: kr == KERN_SUCCESS. bootstrap_check_in org.chromium.Chromium.MachPortRendezvousServer.80420: Permission denied (1100)
      - [pid=80420] <gracefully close start>
      - [pid=80420] <kill>
      - [pid=80420] <will force kill>
      - [pid=80420] exception while trying to kill process: Error: kill EPERM
      - [pid=80420] <process did exit: exitCode=null, signal=SIGTRAP>
      - [pid=80420] starting temporary directories cleanup
      - [pid=80420] finished temporary directories cleanup
      - [pid=80420] <gracefully close end>


    Error Context: test-results/advertising/governed-advertising-HISTO-d95fb-state-and-separate-outcomes/error-context.md

    attachment #2: trace (application/zip) ─────────────────────────────────────────────────────────
    test-results/advertising/governed-advertising-HISTO-d95fb-state-and-separate-outcomes/trace.zip
    Usage:

        npx playwright show-trace test-results/advertising/governed-advertising-HISTO-d95fb-state-and-separate-outcomes/trace.zip

    ────────────────────────────────────────────────────────────────────────────────────────────────

  8) tests/advertising-browser/governed-advertising.spec.ts:394:3 › HISTORY_MISMATCH preserves actual HTTP command history, unresolved state and separate outcomes 

    Error: browserType.launch: Target page, context or browser has been closed
    Browser logs:

    <launching> /Users/chzhengx/Library/Caches/ms-playwright/chromium_headless_shell-1234/chrome-headless-shell-mac-arm64/chrome-headless-shell --disable-field-trial-config --disable-background-networking --disable-background-timer-throttling --disable-backgrounding-occluded-windows --disable-back-forward-cache --disable-breakpad --disable-client-side-phishing-detection --disable-component-extensions-with-background-pages --disable-component-update --no-default-browser-check --disable-default-apps --disable-dev-shm-usage --disable-edgeupdater --disable-extensions --disable-features=AvoidUnnecessaryBeforeUnloadCheckSync,BoundaryEventDispatchTracksNodeRemoval,DestroyProfileOnBrowserClose,DialMediaRouteProvider,GlobalMediaControls,HttpsUpgrades,LensOverlay,MediaRouter,PaintHolding,ThirdPartyStoragePartitioning,BlockOriginHeaderModificationOnRedirect,Translate,AutoDeElevate,OptimizationHints,msForceBrowserSignIn,msEdgeUpdateLaunchServicesPreferredVersion --enable-features=CDPScreenshotNewSurface --allow-pre-commit-input --disable-hang-monitor --disable-ipc-flooding-protection --disable-popup-blocking --disable-prompt-on-repost --disable-renderer-backgrounding --disable-updater-scheduler --force-color-profile=srgb --metrics-recording-only --no-first-run --password-store=basic --use-mock-keychain --no-service-autorun --export-tagged-pdf --disable-search-engine-choice-screen --unsafely-disable-devtools-self-xss-warnings --edge-skip-compat-layer-relaunch --disable-infobars --disable-search-engine-choice-screen --disable-sync --enable-unsafe-swiftshader --headless --hide-scrollbars --mute-audio --blink-settings=primaryHoverType=2,availableHoverTypes=2,primaryPointerType=4,availablePointerTypes=4 --no-sandbox --user-data-dir=/var/folders/v2/54f80c956pn6m061kzszc6800000gn/T/playwright_chromiumdev_profile-fuICED --remote-debugging-pipe --no-startup-window
    <launched> pid=80436
    [pid=80436][err] [0905/104346.173695:ERROR:base/power_monitor/thermal_state_observer_mac.mm:140] ThermalStateObserverMac unable to register to power notifications. Result: 9
    [pid=80436][err] [0905/104346.176261:ERROR:net/dns/dns_config_service_posix.cc:138] DNS config watch failed to start.
    [pid=80436][err] [0905/104346.177511:FATAL:base/apple/mach_port_rendezvous_mac.cc:159] Check failed: kr == KERN_SUCCESS. bootstrap_check_in org.chromium.Chromium.MachPortRendezvousServer.80436: Permission denied (1100)
    Call log:
      - <launching> /Users/chzhengx/Library/Caches/ms-playwright/chromium_headless_shell-1234/chrome-headless-shell-mac-arm64/chrome-headless-shell --disable-field-trial-config --disable-background-networking --disable-background-timer-throttling --disable-backgrounding-occluded-windows --disable-back-forward-cache --disable-breakpad --disable-client-side-phishing-detection --disable-component-extensions-with-background-pages --disable-component-update --no-default-browser-check --disable-default-apps --disable-dev-shm-usage --disable-edgeupdater --disable-extensions --disable-features=AvoidUnnecessaryBeforeUnloadCheckSync,BoundaryEventDispatchTracksNodeRemoval,DestroyProfileOnBrowserClose,DialMediaRouteProvider,GlobalMediaControls,HttpsUpgrades,LensOverlay,MediaRouter,PaintHolding,ThirdPartyStoragePartitioning,BlockOriginHeaderModificationOnRedirect,Translate,AutoDeElevate,OptimizationHints,msForceBrowserSignIn,msEdgeUpdateLaunchServicesPreferredVersion --enable-features=CDPScreenshotNewSurface --allow-pre-commit-input --disable-hang-monitor --disable-ipc-flooding-protection --disable-popup-blocking --disable-prompt-on-repost --disable-renderer-backgrounding --disable-updater-scheduler --force-color-profile=srgb --metrics-recording-only --no-first-run --password-store=basic --use-mock-keychain --no-service-autorun --export-tagged-pdf --disable-search-engine-choice-screen --unsafely-disable-devtools-self-xss-warnings --edge-skip-compat-layer-relaunch --disable-infobars --disable-search-engine-choice-screen --disable-sync --enable-unsafe-swiftshader --headless --hide-scrollbars --mute-audio --blink-settings=primaryHoverType=2,availableHoverTypes=2,primaryPointerType=4,availablePointerTypes=4 --no-sandbox --user-data-dir=/var/folders/v2/54f80c956pn6m061kzszc6800000gn/T/playwright_chromiumdev_profile-fuICED --remote-debugging-pipe --no-startup-window
      - <launched> pid=80436
      - [pid=80436][err] [0905/104346.173695:ERROR:base/power_monitor/thermal_state_observer_mac.mm:140] ThermalStateObserverMac unable to register to power notifications. Result: 9
      - [pid=80436][err] [0905/104346.176261:ERROR:net/dns/dns_config_service_posix.cc:138] DNS config watch failed to start.
      - [pid=80436][err] [0905/104346.177511:FATAL:base/apple/mach_port_rendezvous_mac.cc:159] Check failed: kr == KERN_SUCCESS. bootstrap_check_in org.chromium.Chromium.MachPortRendezvousServer.80436: Permission denied (1100)
      - [pid=80436] <gracefully close start>
      - [pid=80436] <kill>
      - [pid=80436] <will force kill>
      - [pid=80436] exception while trying to kill process: Error: kill EPERM
      - [pid=80436] <process did exit: exitCode=null, signal=SIGTRAP>
      - [pid=80436] starting temporary directories cleanup
      - [pid=80436] finished temporary directories cleanup
      - [pid=80436] <gracefully close end>


    Error Context: test-results/advertising/governed-advertising-HISTO-7a41c-state-and-separate-outcomes/error-context.md

    attachment #2: trace (application/zip) ─────────────────────────────────────────────────────────
    test-results/advertising/governed-advertising-HISTO-7a41c-state-and-separate-outcomes/trace.zip
    Usage:

        npx playwright show-trace test-results/advertising/governed-advertising-HISTO-7a41c-state-and-separate-outcomes/trace.zip

    ────────────────────────────────────────────────────────────────────────────────────────────────

  9) tests/advertising-browser/governed-advertising.spec.ts:394:3 › HISTORY_REGRESSION preserves actual HTTP command history, unresolved state and separate outcomes 

    Error: browserType.launch: Target page, context or browser has been closed
    Browser logs:

    <launching> /Users/chzhengx/Library/Caches/ms-playwright/chromium_headless_shell-1234/chrome-headless-shell-mac-arm64/chrome-headless-shell --disable-field-trial-config --disable-background-networking --disable-background-timer-throttling --disable-backgrounding-occluded-windows --disable-back-forward-cache --disable-breakpad --disable-client-side-phishing-detection --disable-component-extensions-with-background-pages --disable-component-update --no-default-browser-check --disable-default-apps --disable-dev-shm-usage --disable-edgeupdater --disable-extensions --disable-features=AvoidUnnecessaryBeforeUnloadCheckSync,BoundaryEventDispatchTracksNodeRemoval,DestroyProfileOnBrowserClose,DialMediaRouteProvider,GlobalMediaControls,HttpsUpgrades,LensOverlay,MediaRouter,PaintHolding,ThirdPartyStoragePartitioning,BlockOriginHeaderModificationOnRedirect,Translate,AutoDeElevate,OptimizationHints,msForceBrowserSignIn,msEdgeUpdateLaunchServicesPreferredVersion --enable-features=CDPScreenshotNewSurface --allow-pre-commit-input --disable-hang-monitor --disable-ipc-flooding-protection --disable-popup-blocking --disable-prompt-on-repost --disable-renderer-backgrounding --disable-updater-scheduler --force-color-profile=srgb --metrics-recording-only --no-first-run --password-store=basic --use-mock-keychain --no-service-autorun --export-tagged-pdf --disable-search-engine-choice-screen --unsafely-disable-devtools-self-xss-warnings --edge-skip-compat-layer-relaunch --disable-infobars --disable-search-engine-choice-screen --disable-sync --enable-unsafe-swiftshader --headless --hide-scrollbars --mute-audio --blink-settings=primaryHoverType=2,availableHoverTypes=2,primaryPointerType=4,availablePointerTypes=4 --no-sandbox --user-data-dir=/var/folders/v2/54f80c956pn6m061kzszc6800000gn/T/playwright_chromiumdev_profile-yUcNFp --remote-debugging-pipe --no-startup-window
    <launched> pid=80451
    [pid=80451][err] [0905/104346.805342:ERROR:base/power_monitor/thermal_state_observer_mac.mm:140] ThermalStateObserverMac unable to register to power notifications. Result: 9
    [pid=80451][err] [0905/104346.809599:ERROR:net/dns/dns_config_service_posix.cc:138] DNS config watch failed to start.
    [pid=80451][err] [0905/104346.810328:FATAL:base/apple/mach_port_rendezvous_mac.cc:159] Check failed: kr == KERN_SUCCESS. bootstrap_check_in org.chromium.Chromium.MachPortRendezvousServer.80451: Permission denied (1100)
    [pid=80451] <process did exit: exitCode=null, signal=SIGTRAP>
    [pid=80451] starting temporary directories cleanup
    Call log:
      - <launching> /Users/chzhengx/Library/Caches/ms-playwright/chromium_headless_shell-1234/chrome-headless-shell-mac-arm64/chrome-headless-shell --disable-field-trial-config --disable-background-networking --disable-background-timer-throttling --disable-backgrounding-occluded-windows --disable-back-forward-cache --disable-breakpad --disable-client-side-phishing-detection --disable-component-extensions-with-background-pages --disable-component-update --no-default-browser-check --disable-default-apps --disable-dev-shm-usage --disable-edgeupdater --disable-extensions --disable-features=AvoidUnnecessaryBeforeUnloadCheckSync,BoundaryEventDispatchTracksNodeRemoval,DestroyProfileOnBrowserClose,DialMediaRouteProvider,GlobalMediaControls,HttpsUpgrades,LensOverlay,MediaRouter,PaintHolding,ThirdPartyStoragePartitioning,BlockOriginHeaderModificationOnRedirect,Translate,AutoDeElevate,OptimizationHints,msForceBrowserSignIn,msEdgeUpdateLaunchServicesPreferredVersion --enable-features=CDPScreenshotNewSurface --allow-pre-commit-input --disable-hang-monitor --disable-ipc-flooding-protection --disable-popup-blocking --disable-prompt-on-repost --disable-renderer-backgrounding --disable-updater-scheduler --force-color-profile=srgb --metrics-recording-only --no-first-run --password-store=basic --use-mock-keychain --no-service-autorun --export-tagged-pdf --disable-search-engine-choice-screen --unsafely-disable-devtools-self-xss-warnings --edge-skip-compat-layer-relaunch --disable-infobars --disable-search-engine-choice-screen --disable-sync --enable-unsafe-swiftshader --headless --hide-scrollbars --mute-audio --blink-settings=primaryHoverType=2,availableHoverTypes=2,primaryPointerType=4,availablePointerTypes=4 --no-sandbox --user-data-dir=/var/folders/v2/54f80c956pn6m061kzszc6800000gn/T/playwright_chromiumdev_profile-yUcNFp --remote-debugging-pipe --no-startup-window
      - <launched> pid=80451
      - [pid=80451][err] [0905/104346.805342:ERROR:base/power_monitor/thermal_state_observer_mac.mm:140] ThermalStateObserverMac unable to register to power notifications. Result: 9
      - [pid=80451][err] [0905/104346.809599:ERROR:net/dns/dns_config_service_posix.cc:138] DNS config watch failed to start.
      - [pid=80451][err] [0905/104346.810328:FATAL:base/apple/mach_port_rendezvous_mac.cc:159] Check failed: kr == KERN_SUCCESS. bootstrap_check_in org.chromium.Chromium.MachPortRendezvousServer.80451: Permission denied (1100)
      - [pid=80451] <process did exit: exitCode=null, signal=SIGTRAP>
      - [pid=80451] starting temporary directories cleanup
      - [pid=80451] <gracefully close start>
      - [pid=80451] <kill>
      - [pid=80451] <skipped force kill spawnedProcess.killed=false processClosed=true>
      - [pid=80451] finished temporary directories cleanup
      - [pid=80451] <gracefully close end>


    Error Context: test-results/advertising/governed-advertising-HISTO-1effc-state-and-separate-outcomes/error-context.md

    attachment #2: trace (application/zip) ─────────────────────────────────────────────────────────
    test-results/advertising/governed-advertising-HISTO-1effc-state-and-separate-outcomes/trace.zip
    Usage:

        npx playwright show-trace test-results/advertising/governed-advertising-HISTO-1effc-state-and-separate-outcomes/trace.zip

    ────────────────────────────────────────────────────────────────────────────────────────────────

  10) tests/advertising-browser/governed-advertising.spec.ts:394:3 › HISTORY_EXPIRED preserves actual HTTP command history, unresolved state and separate outcomes 

    Error: browserType.launch: Target page, context or browser has been closed
    Browser logs:

    <launching> /Users/chzhengx/Library/Caches/ms-playwright/chromium_headless_shell-1234/chrome-headless-shell-mac-arm64/chrome-headless-shell --disable-field-trial-config --disable-background-networking --disable-background-timer-throttling --disable-backgrounding-occluded-windows --disable-back-forward-cache --disable-breakpad --disable-client-side-phishing-detection --disable-component-extensions-with-background-pages --disable-component-update --no-default-browser-check --disable-default-apps --disable-dev-shm-usage --disable-edgeupdater --disable-extensions --disable-features=AvoidUnnecessaryBeforeUnloadCheckSync,BoundaryEventDispatchTracksNodeRemoval,DestroyProfileOnBrowserClose,DialMediaRouteProvider,GlobalMediaControls,HttpsUpgrades,LensOverlay,MediaRouter,PaintHolding,ThirdPartyStoragePartitioning,BlockOriginHeaderModificationOnRedirect,Translate,AutoDeElevate,OptimizationHints,msForceBrowserSignIn,msEdgeUpdateLaunchServicesPreferredVersion --enable-features=CDPScreenshotNewSurface --allow-pre-commit-input --disable-hang-monitor --disable-ipc-flooding-protection --disable-popup-blocking --disable-prompt-on-repost --disable-renderer-backgrounding --disable-updater-scheduler --force-color-profile=srgb --metrics-recording-only --no-first-run --password-store=basic --use-mock-keychain --no-service-autorun --export-tagged-pdf --disable-search-engine-choice-screen --unsafely-disable-devtools-self-xss-warnings --edge-skip-compat-layer-relaunch --disable-infobars --disable-search-engine-choice-screen --disable-sync --enable-unsafe-swiftshader --headless --hide-scrollbars --mute-audio --blink-settings=primaryHoverType=2,availableHoverTypes=2,primaryPointerType=4,availablePointerTypes=4 --no-sandbox --user-data-dir=/var/folders/v2/54f80c956pn6m061kzszc6800000gn/T/playwright_chromiumdev_profile-GjeJzM --remote-debugging-pipe --no-startup-window
    <launched> pid=80466
    [pid=80466][err] [0905/104347.453512:ERROR:base/power_monitor/thermal_state_observer_mac.mm:140] ThermalStateObserverMac unable to register to power notifications. Result: 9
    [pid=80466][err] [0905/104347.455126:ERROR:net/dns/dns_config_service_posix.cc:138] DNS config watch failed to start.
    [pid=80466][err] [0905/104347.455641:FATAL:base/apple/mach_port_rendezvous_mac.cc:159] Check failed: kr == KERN_SUCCESS. bootstrap_check_in org.chromium.Chromium.MachPortRendezvousServer.80466: Permission denied (1100)
    Call log:
      - <launching> /Users/chzhengx/Library/Caches/ms-playwright/chromium_headless_shell-1234/chrome-headless-shell-mac-arm64/chrome-headless-shell --disable-field-trial-config --disable-background-networking --disable-background-timer-throttling --disable-backgrounding-occluded-windows --disable-back-forward-cache --disable-breakpad --disable-client-side-phishing-detection --disable-component-extensions-with-background-pages --disable-component-update --no-default-browser-check --disable-default-apps --disable-dev-shm-usage --disable-edgeupdater --disable-extensions --disable-features=AvoidUnnecessaryBeforeUnloadCheckSync,BoundaryEventDispatchTracksNodeRemoval,DestroyProfileOnBrowserClose,DialMediaRouteProvider,GlobalMediaControls,HttpsUpgrades,LensOverlay,MediaRouter,PaintHolding,ThirdPartyStoragePartitioning,BlockOriginHeaderModificationOnRedirect,Translate,AutoDeElevate,OptimizationHints,msForceBrowserSignIn,msEdgeUpdateLaunchServicesPreferredVersion --enable-features=CDPScreenshotNewSurface --allow-pre-commit-input --disable-hang-monitor --disable-ipc-flooding-protection --disable-popup-blocking --disable-prompt-on-repost --disable-renderer-backgrounding --disable-updater-scheduler --force-color-profile=srgb --metrics-recording-only --no-first-run --password-store=basic --use-mock-keychain --no-service-autorun --export-tagged-pdf --disable-search-engine-choice-screen --unsafely-disable-devtools-self-xss-warnings --edge-skip-compat-layer-relaunch --disable-infobars --disable-search-engine-choice-screen --disable-sync --enable-unsafe-swiftshader --headless --hide-scrollbars --mute-audio --blink-settings=primaryHoverType=2,availableHoverTypes=2,primaryPointerType=4,availablePointerTypes=4 --no-sandbox --user-data-dir=/var/folders/v2/54f80c956pn6m061kzszc6800000gn/T/playwright_chromiumdev_profile-GjeJzM --remote-debugging-pipe --no-startup-window
      - <launched> pid=80466
      - [pid=80466][err] [0905/104347.453512:ERROR:base/power_monitor/thermal_state_observer_mac.mm:140] ThermalStateObserverMac unable to register to power notifications. Result: 9
      - [pid=80466][err] [0905/104347.455126:ERROR:net/dns/dns_config_service_posix.cc:138] DNS config watch failed to start.
      - [pid=80466][err] [0905/104347.455641:FATAL:base/apple/mach_port_rendezvous_mac.cc:159] Check failed: kr == KERN_SUCCESS. bootstrap_check_in org.chromium.Chromium.MachPortRendezvousServer.80466: Permission denied (1100)
      - [pid=80466] <gracefully close start>
      - [pid=80466] <kill>
      - [pid=80466] <will force kill>
      - [pid=80466] exception while trying to kill process: Error: kill EPERM
      - [pid=80466] <process did exit: exitCode=null, signal=SIGTRAP>
      - [pid=80466] starting temporary directories cleanup
      - [pid=80466] finished temporary directories cleanup
      - [pid=80466] <gracefully close end>


    Error Context: test-results/advertising/governed-advertising-HISTO-cbd3f-state-and-separate-outcomes/error-context.md

    attachment #2: trace (application/zip) ─────────────────────────────────────────────────────────
    test-results/advertising/governed-advertising-HISTO-cbd3f-state-and-separate-outcomes/trace.zip
    Usage:

        npx playwright show-trace test-results/advertising/governed-advertising-HISTO-cbd3f-state-and-separate-outcomes/trace.zip

    ────────────────────────────────────────────────────────────────────────────────────────────────

  10 failed
    tests/advertising-browser/governed-advertising.spec.ts:71:1 › real Maker, Ops Lead and Owner decisions preserve minimum disclosure and exact versions 
    tests/advertising-browser/governed-advertising.spec.ts:159:3 › OZON actual governed manual path stays UNVERIFIED and requires an independent observer 
    tests/advertising-browser/governed-advertising.spec.ts:159:3 › WILDBERRIES actual governed manual path stays UNVERIFIED and requires an independent observer 
    tests/advertising-browser/governed-advertising.spec.ts:252:1 › all four real HTTP lane projections preserve unknown values and expose no invented action 
    tests/advertising-browser/governed-advertising.spec.ts:285:1 › three distinct people accept an exact temporary exception, block actions, and end it 
    tests/advertising-browser/governed-advertising.spec.ts:344:1 › scoped emergency hold remains active until independent recovery conditions are established 
    tests/advertising-browser/governed-advertising.spec.ts:394:3 › HISTORY_UNKNOWN preserves actual HTTP command history, unresolved state and separate outcomes 
    tests/advertising-browser/governed-advertising.spec.ts:394:3 › HISTORY_MISMATCH preserves actual HTTP command history, unresolved state and separate outcomes 
    tests/advertising-browser/governed-advertising.spec.ts:394:3 › HISTORY_REGRESSION preserves actual HTTP command history, unresolved state and separate outcomes 
    tests/advertising-browser/governed-advertising.spec.ts:394:3 › HISTORY_EXPIRED preserves actual HTTP command history, unresolved state and separate outcomes 
  1 passed (34.2s)
