[WebServer] [INFO] Scanning for projects...
[WebServer] [INFO] 
[WebServer] [INFO] --------------< com.mimococo.marketops:marketops-server >---------------
[WebServer] [INFO] Building MarketOps Server 0.1.0-SNAPSHOT
[WebServer] [INFO]   from pom.xml
[WebServer] [INFO] --------------------------------[ jar ]---------------------------------
[WebServer] [INFO] 
[WebServer] [INFO] >>> spring-boot:4.1.0:test-run (advertising-browser-fixture) > test-compile @ marketops-server >>>
[WebServer] [INFO] 
[WebServer] [INFO] --- enforcer:3.6.3:enforce (enforce-toolchain-and-dependencies) @ marketops-server ---
[WebServer] [INFO] Rule 0: org.apache.maven.enforcer.rules.version.RequireJavaVersion passed
[WebServer] [INFO] Rule 1: org.apache.maven.enforcer.rules.version.RequireMavenVersion passed
[WebServer] [INFO] Rule 2: org.apache.maven.enforcer.rules.dependency.BannedDependencies passed
[WebServer] [INFO] Rule 3: org.apache.maven.enforcer.rules.dependency.DependencyConvergence passed
[WebServer] [INFO] 
[WebServer] [INFO] --- jacoco:0.8.15:prepare-agent (prepare-coverage) @ marketops-server ---
[WebServer] [INFO] argLine set to -javaagent:/Users/chzhengx/.m2/repository/org/jacoco/org.jacoco.agent/0.8.15/org.jacoco.agent-0.8.15-runtime.jar=destfile=/Users/chzhengx/Code/personal/marketops-platform/backend/marketops-server/target/jacoco.exec
[WebServer] [INFO] 
[WebServer] [INFO] --- spring-boot:4.1.0:build-info (build-info) @ marketops-server ---
[WebServer] [INFO] 
[WebServer] [INFO] --- resources:3.5.0:resources (default-resources) @ marketops-server ---
[WebServer] [INFO] Copying 5 resources from src/main/resources to target/classes
[WebServer] [INFO] Copying 66 resources from src/main/resources to target/classes
[WebServer] [INFO] 
[WebServer] [INFO] --- compiler:3.15.0:compile (default-compile) @ marketops-server ---
[WebServer] [INFO] Nothing to compile - all classes are up to date.
[WebServer] [INFO] 
[WebServer] [INFO] --- resources:3.5.0:testResources (default-testResources) @ marketops-server ---
[WebServer] [INFO] Copying 4 resources from src/test/resources to target/test-classes
[WebServer] [INFO] 
[WebServer] [INFO] --- compiler:3.15.0:testCompile (default-testCompile) @ marketops-server ---
[WebServer] [INFO] Recompiling the module because of changed source code.
[WebServer] [INFO] Compiling 269 source files with javac [debug deprecation parameters release 21] to target/test-classes
[WebServer] [WARNING] /Users/chzhengx/Code/personal/marketops-platform/backend/marketops-server/src/test/java/com/mimococo/marketops/AdvertisingDisclosureIT.java:[83,65] asText() in tools.jackson.databind.JsonNode has been deprecated
[WebServer] [WARNING] /Users/chzhengx/Code/personal/marketops-platform/backend/marketops-server/src/test/java/com/mimococo/marketops/AdvertisingDisclosureIT.java:[86,74] asText() in tools.jackson.databind.JsonNode has been deprecated
[WebServer] [WARNING] /Users/chzhengx/Code/personal/marketops-platform/backend/marketops-server/src/test/java/com/mimococo/marketops/AdvertisingDisclosureIT.java:[90,83] asText() in tools.jackson.databind.JsonNode has been deprecated
[WebServer] [WARNING] /Users/chzhengx/Code/personal/marketops-platform/backend/marketops-server/src/test/java/com/mimococo/marketops/AdvertisingDisclosureIT.java:[113,49] asText() in tools.jackson.databind.JsonNode has been deprecated
[WebServer] [WARNING] /Users/chzhengx/Code/personal/marketops-platform/backend/marketops-server/src/test/java/com/mimococo/marketops/AdvertisingDisclosureIT.java:[162,53] asText() in tools.jackson.databind.JsonNode has been deprecated
[WebServer] [WARNING] /Users/chzhengx/Code/personal/marketops-platform/backend/marketops-server/src/test/java/com/mimococo/marketops/AdvertisingDisclosureIT.java:[205,52] asText() in tools.jackson.databind.JsonNode has been deprecated
[WebServer] [WARNING] /Users/chzhengx/Code/personal/marketops-platform/backend/marketops-server/src/test/java/com/mimococo/marketops/AdvertisingDisclosureIT.java:[285,40] asText() in tools.jackson.databind.JsonNode has been deprecated
[WebServer] [WARNING] /Users/chzhengx/Code/personal/marketops-platform/backend/marketops-server/src/test/java/com/mimococo/marketops/AdvertisingDisclosureIT.java:[287,53] asText() in tools.jackson.databind.JsonNode has been deprecated
[WebServer] [WARNING] /Users/chzhengx/Code/personal/marketops-platform/backend/marketops-server/src/test/java/com/mimococo/marketops/AdvertisingManualWorkflowIT.java:[263,69] asText() in tools.jackson.databind.JsonNode has been deprecated
[WebServer] [WARNING] /Users/chzhengx/Code/personal/marketops-platform/backend/marketops-server/src/test/java/com/mimococo/marketops/AdvertisingMaterialityIT.java:[31,46] asText() in tools.jackson.databind.JsonNode has been deprecated
[WebServer] [WARNING] /Users/chzhengx/Code/personal/marketops-platform/backend/marketops-server/src/test/java/com/mimococo/marketops/AdvertisingMaterialityIT.java:[72,40] asText() in tools.jackson.databind.JsonNode has been deprecated
[WebServer] [WARNING] /Users/chzhengx/Code/personal/marketops-platform/backend/marketops-server/src/test/java/com/mimococo/marketops/AdvertisingMaterialityIT.java:[77,46] asText() in tools.jackson.databind.JsonNode has been deprecated
[WebServer] [WARNING] /Users/chzhengx/Code/personal/marketops-platform/backend/marketops-server/src/test/java/com/mimococo/marketops/AdvertisingMaterialityIT.java:[83,40] asText() in tools.jackson.databind.JsonNode has been deprecated
[WebServer] [WARNING] /Users/chzhengx/Code/personal/marketops-platform/backend/marketops-server/src/test/java/com/mimococo/marketops/aicopilot/internal/application/OutputValidatorTest.java:[161,56] redundant cast to java.lang.String
[WebServer] [WARNING] /Users/chzhengx/Code/personal/marketops-platform/backend/marketops-server/src/test/java/com/mimococo/marketops/marketplaceintegration/adapter/http/PlatformHttpAdaptersTest.java:[103,70] unchecked generic array creation for varargs parameter of type java.util.Optional<java.lang.String>[]
[WebServer] [INFO] 
[WebServer] [INFO] <<< spring-boot:4.1.0:test-run (advertising-browser-fixture) < test-compile @ marketops-server <<<
[WebServer] [INFO] 
[WebServer] [INFO] 
[WebServer] [INFO] --- spring-boot:4.1.0:test-run (advertising-browser-fixture) @ marketops-server ---
[WebServer] [INFO] Attaching agents: []
[WebServer] 2026-09-05T11:02:17.423+08:00 INFO  application=marketops-server environment=local buildVersion=0.1.0-SNAPSHOT correlationId=none c.m.m.AdvertisingBrowserFixtureApplication - Starting AdvertisingBrowserFixtureApplication v0.1.0-SNAPSHOT using Java 21.0.10 with PID 85064 (/Users/chzhengx/Code/personal/marketops-platform/backend/marketops-server/target/test-classes started by chzhengx in /Users/chzhengx/Code/personal/marketops-platform/backend/marketops-server) 
[WebServer] 2026-09-05T11:02:17.434+08:00 DEBUG application=marketops-server environment=local buildVersion=0.1.0-SNAPSHOT correlationId=none c.m.m.AdvertisingBrowserFixtureApplication - Running with Spring Boot v4.1.0, Spring v7.0.8 
[WebServer] 2026-09-05T11:02:17.434+08:00 INFO  application=marketops-server environment=local buildVersion=0.1.0-SNAPSHOT correlationId=none c.m.m.AdvertisingBrowserFixtureApplication - The following 1 profile is active: "local" 
[WebServer] 2026-09-05T11:02:18.901+08:00 INFO  application=marketops-server environment=local buildVersion=0.1.0-SNAPSHOT correlationId=none o.s.boot.tomcat.TomcatWebServer - Tomcat initialized with port 8080 (http) 
[WebServer] 2026-09-05T11:02:18.910+08:00 INFO  application=marketops-server environment=local buildVersion=0.1.0-SNAPSHOT correlationId=none o.a.catalina.core.StandardService - Starting service [Tomcat] 
[WebServer] 2026-09-05T11:02:18.910+08:00 INFO  application=marketops-server environment=local buildVersion=0.1.0-SNAPSHOT correlationId=none o.a.catalina.core.StandardEngine - Starting Servlet engine: [Apache Tomcat/11.0.22] 
[WebServer] 2026-09-05T11:02:18.930+08:00 INFO  application=marketops-server environment=local buildVersion=0.1.0-SNAPSHOT correlationId=none o.s.b.w.c.s.WebApplicationContextInitializer - Root WebApplicationContext: initialization completed in 1455 ms 
[WebServer] 2026-09-05T11:02:19.073+08:00 DEBUG application=marketops-server environment=local buildVersion=0.1.0-SNAPSHOT correlationId=none c.m.m.s.i.c.CorrelationIdFilter - Filter 'correlationIdFilter' configured for use 
[WebServer] 2026-09-05T11:02:23.775+08:00 INFO  application=marketops-server environment=local buildVersion=0.1.0-SNAPSHOT correlationId=none o.s.b.a.e.web.EndpointLinksResolver - Exposing 2 endpoints beneath base path '/actuator' 
[WebServer] 2026-09-05T11:02:23.812+08:00 INFO  application=marketops-server environment=local buildVersion=0.1.0-SNAPSHOT correlationId=none o.s.boot.tomcat.TomcatWebServer - Tomcat started on port 8080 (http) with context path '/' 
[WebServer] 2026-09-05T11:02:23.817+08:00 INFO  application=marketops-server environment=local buildVersion=0.1.0-SNAPSHOT correlationId=none o.s.s.config.TaskSchedulerRouter - No TaskScheduler/ScheduledExecutorService bean found for scheduled processing 
[WebServer] 2026-09-05T11:02:23.819+08:00 INFO  application=marketops-server environment=local buildVersion=0.1.0-SNAPSHOT correlationId=none c.m.m.AdvertisingBrowserFixtureApplication - Started AdvertisingBrowserFixtureApplication in 7.243 seconds (process running for 7.456) 
[WebServer] 2026-09-05T11:02:24.204+08:00 INFO  application=marketops-server environment=local buildVersion=0.1.0-SNAPSHOT correlationId=none c.m.m.a.i.a.JdbcMetadataAuditStore - Metadata change recorded event="metadata_change_recorded" sourceDomain="identityaccess" entityType="user-scope-grant" entityId="b8b840b1-29ba-42bc-9da7-34a67b653845" action="GRANT" actorId="synthetic-ad-browser" correlationId="fa7e179c-db4f-4e56-aac2-876977f0af64"
[WebServer] 2026-09-05T11:02:24.212+08:00 INFO  application=marketops-server environment=local buildVersion=0.1.0-SNAPSHOT correlationId=none c.m.m.a.i.a.JdbcMetadataAuditStore - Metadata change recorded event="metadata_change_recorded" sourceDomain="identityaccess" entityType="user-scope-grant" entityId="99bd0a3c-5721-47af-84c8-a470ff64b8b8" action="GRANT" actorId="synthetic-ad-browser" correlationId="40469017-1f86-4fe3-8176-e12893b88bab"
[WebServer] 2026-09-05T11:02:24.217+08:00 INFO  application=marketops-server environment=local buildVersion=0.1.0-SNAPSHOT correlationId=none c.m.m.a.i.a.JdbcMetadataAuditStore - Metadata change recorded event="metadata_change_recorded" sourceDomain="identityaccess" entityType="user-scope-grant" entityId="54b24868-1061-4df3-93aa-bc3022aeaf2d" action="GRANT" actorId="synthetic-ad-browser" correlationId="4105c3b1-a6c1-4e1d-9c0d-2979af6bf637"
[WebServer] 2026-09-05T11:02:24.221+08:00 INFO  application=marketops-server environment=local buildVersion=0.1.0-SNAPSHOT correlationId=none c.m.m.a.i.a.JdbcMetadataAuditStore - Metadata change recorded event="metadata_change_recorded" sourceDomain="identityaccess" entityType="user-scope-grant" entityId="b3dd571e-c98f-4195-b626-2a9a5b8a02bd" action="GRANT" actorId="synthetic-ad-browser" correlationId="95fc2a6c-3404-4321-b4db-b7c16ff1acaf"
[WebServer] 2026-09-05T11:02:24.226+08:00 INFO  application=marketops-server environment=local buildVersion=0.1.0-SNAPSHOT correlationId=none c.m.m.a.i.a.JdbcMetadataAuditStore - Metadata change recorded event="metadata_change_recorded" sourceDomain="identityaccess" entityType="user-scope-grant" entityId="16c1851e-6ec3-4545-a437-f241d1f800c2" action="GRANT" actorId="synthetic-ad-browser" correlationId="e4ff350a-29f6-4865-95b2-a9ade7501308"
[WebServer] 2026-09-05T11:02:24.230+08:00 INFO  application=marketops-server environment=local buildVersion=0.1.0-SNAPSHOT correlationId=none c.m.m.a.i.a.JdbcMetadataAuditStore - Metadata change recorded event="metadata_change_recorded" sourceDomain="identityaccess" entityType="user-scope-grant" entityId="67f87415-f3cf-4b62-a4af-8daf4396a2e8" action="GRANT" actorId="synthetic-ad-browser" correlationId="532d3289-9f2e-4d61-8175-7841fd9fcda9"
[WebServer] 2026-09-05T11:02:24.233+08:00 INFO  application=marketops-server environment=local buildVersion=0.1.0-SNAPSHOT correlationId=none c.m.m.a.i.a.JdbcMetadataAuditStore - Metadata change recorded event="metadata_change_recorded" sourceDomain="identityaccess" entityType="user-scope-grant" entityId="a2a52ccd-83d9-458c-9fca-c3dbdfd78d09" action="GRANT" actorId="synthetic-ad-browser" correlationId="a8e53ab3-48cf-48cc-b3b2-ecb9623b37c9"
[WebServer] 2026-09-05T11:02:24.237+08:00 INFO  application=marketops-server environment=local buildVersion=0.1.0-SNAPSHOT correlationId=none c.m.m.a.i.a.JdbcMetadataAuditStore - Metadata change recorded event="metadata_change_recorded" sourceDomain="identityaccess" entityType="user-scope-grant" entityId="db175e9d-5cd2-4216-a57e-d4a7f62e6f10" action="GRANT" actorId="synthetic-ad-browser" correlationId="244e32a1-3091-4837-8e8d-21a9bca4d217"
[WebServer] 2026-09-05T11:02:24.242+08:00 INFO  application=marketops-server environment=local buildVersion=0.1.0-SNAPSHOT correlationId=none c.m.m.a.i.a.JdbcMetadataAuditStore - Metadata change recorded event="metadata_change_recorded" sourceDomain="identityaccess" entityType="user-role-assignment" entityId="5eda30a7-1d13-49c0-99b1-7ba8f2628373" action="GRANT" actorId="synthetic-ad-browser" correlationId="d362c57d-4205-4cec-9d3f-4e1aab930278"
[WebServer] 2026-09-05T11:02:24.246+08:00 INFO  application=marketops-server environment=local buildVersion=0.1.0-SNAPSHOT correlationId=none c.m.m.a.i.a.JdbcMetadataAuditStore - Metadata change recorded event="metadata_change_recorded" sourceDomain="identityaccess" entityType="user-scope-grant" entityId="00fe6a3a-8a55-447b-b5fe-3e9a96fb5985" action="GRANT" actorId="synthetic-ad-browser" correlationId="b34bc78f-b968-4efd-b6ab-7885626482b9"
[WebServer] 2026-09-05T11:02:24.249+08:00 INFO  application=marketops-server environment=local buildVersion=0.1.0-SNAPSHOT correlationId=none c.m.m.a.i.a.JdbcMetadataAuditStore - Metadata change recorded event="metadata_change_recorded" sourceDomain="identityaccess" entityType="user-scope-grant" entityId="9667b118-8c32-4776-8e7d-8ae70489e4b0" action="GRANT" actorId="synthetic-ad-browser" correlationId="ed9076d3-fe3a-41f5-a40b-9a38988eb978"
[WebServer] 2026-09-05T11:02:24.252+08:00 INFO  application=marketops-server environment=local buildVersion=0.1.0-SNAPSHOT correlationId=none c.m.m.a.i.a.JdbcMetadataAuditStore - Metadata change recorded event="metadata_change_recorded" sourceDomain="identityaccess" entityType="user-scope-grant" entityId="1c99a07f-1a0b-4bb6-8608-53c35fc2ec63" action="GRANT" actorId="synthetic-ad-browser" correlationId="18417069-aa09-418f-a5d6-43274efa99b5"
[WebServer] 2026-09-05T11:02:24.756+08:00 INFO  application=marketops-server environment=local buildVersion=0.1.0-SNAPSHOT correlationId=none c.m.m.a.i.a.JdbcMetadataAuditStore - Metadata change recorded event="metadata_change_recorded" sourceDomain="identityaccess" entityType="user-role-assignment" entityId="2eb71916-76fc-4780-a4db-805158781330" action="GRANT" actorId="synthetic-manual-browser" correlationId="991b841b-c22b-436a-89c0-affc78f165cd"
[WebServer] 2026-09-05T11:02:24.759+08:00 INFO  application=marketops-server environment=local buildVersion=0.1.0-SNAPSHOT correlationId=none c.m.m.a.i.a.JdbcMetadataAuditStore - Metadata change recorded event="metadata_change_recorded" sourceDomain="identityaccess" entityType="user-scope-grant" entityId="17f64cc6-b19a-41e9-9eb6-568018a4c5df" action="GRANT" actorId="synthetic-manual-browser" correlationId="fd677b74-30b8-4a15-8f02-f0b39bfa0985"
[WebServer] 2026-09-05T11:02:24.762+08:00 INFO  application=marketops-server environment=local buildVersion=0.1.0-SNAPSHOT correlationId=none c.m.m.a.i.a.JdbcMetadataAuditStore - Metadata change recorded event="metadata_change_recorded" sourceDomain="identityaccess" entityType="user-scope-grant" entityId="ebe9dbe5-3542-49df-b64d-87ba7323a10d" action="GRANT" actorId="synthetic-manual-browser" correlationId="14af7c2f-885f-4f1b-b9c4-85f8ef86d83a"
[WebServer] 2026-09-05T11:02:24.765+08:00 INFO  application=marketops-server environment=local buildVersion=0.1.0-SNAPSHOT correlationId=none c.m.m.a.i.a.JdbcMetadataAuditStore - Metadata change recorded event="metadata_change_recorded" sourceDomain="identityaccess" entityType="user-scope-grant" entityId="d3b23440-0e7d-4c8b-8a43-15b8c7bc3d0e" action="GRANT" actorId="synthetic-manual-browser" correlationId="bb9ed4f6-2aeb-426c-adb6-f00c0316dfc3"
[WebServer] 2026-09-05T11:02:24.767+08:00 INFO  application=marketops-server environment=local buildVersion=0.1.0-SNAPSHOT correlationId=none c.m.m.a.i.a.JdbcMetadataAuditStore - Metadata change recorded event="metadata_change_recorded" sourceDomain="identityaccess" entityType="user-scope-grant" entityId="1891a182-bd12-45ad-814d-8e90dcbba88f" action="GRANT" actorId="synthetic-manual-browser" correlationId="d720ef9c-754f-4b40-9d53-11fe3e4e64c7"
[WebServer] 2026-09-05T11:02:24.801+08:00 INFO  application=marketops-server environment=local buildVersion=0.1.0-SNAPSHOT correlationId=none c.m.m.a.i.a.JdbcMetadataAuditStore - Metadata change recorded event="metadata_change_recorded" sourceDomain="identityaccess" entityType="user-scope-grant" entityId="8f0ac92a-0ce1-4b30-a098-6d5f814abfe8" action="GRANT" actorId="synthetic-manual-browser" correlationId="bb5ae7b8-8bee-4c68-ac1e-c95454700a61"
[WebServer] 2026-09-05T11:02:24.805+08:00 INFO  application=marketops-server environment=local buildVersion=0.1.0-SNAPSHOT correlationId=none c.m.m.a.i.a.JdbcMetadataAuditStore - Metadata change recorded event="metadata_change_recorded" sourceDomain="identityaccess" entityType="user-scope-grant" entityId="559e3c43-1401-46df-b6a3-cc9fbacc7e27" action="GRANT" actorId="synthetic-manual-browser" correlationId="e6cc2d86-1ba2-41f4-84f8-6c88cb5b8420"
[WebServer] 2026-09-05T11:02:24.808+08:00 INFO  application=marketops-server environment=local buildVersion=0.1.0-SNAPSHOT correlationId=none c.m.m.a.i.a.JdbcMetadataAuditStore - Metadata change recorded event="metadata_change_recorded" sourceDomain="identityaccess" entityType="user-scope-grant" entityId="0e7530cd-3036-4dab-afce-f0530678e833" action="GRANT" actorId="synthetic-manual-browser" correlationId="b64e751c-696a-4de2-a92e-85995115f00d"
[WebServer] 2026-09-05T11:02:24.812+08:00 INFO  application=marketops-server environment=local buildVersion=0.1.0-SNAPSHOT correlationId=none c.m.m.a.i.a.JdbcMetadataAuditStore - Metadata change recorded event="metadata_change_recorded" sourceDomain="identityaccess" entityType="user-scope-grant" entityId="9594b32e-b85c-4c08-8258-6febffd28c8e" action="GRANT" actorId="synthetic-manual-browser" correlationId="9e7aeaff-24b1-42ed-9cde-9fa43681b0b0"
[WebServer] 2026-09-05T11:02:24.815+08:00 INFO  application=marketops-server environment=local buildVersion=0.1.0-SNAPSHOT correlationId=none c.m.m.a.i.a.JdbcMetadataAuditStore - Metadata change recorded event="metadata_change_recorded" sourceDomain="identityaccess" entityType="user-scope-grant" entityId="b86ac223-6ceb-4e7a-a12e-711f39fb5af3" action="GRANT" actorId="synthetic-manual-browser" correlationId="1f95ea4c-7ee5-40f3-a8ae-94227886912d"
[WebServer] 2026-09-05T11:02:24.818+08:00 INFO  application=marketops-server environment=local buildVersion=0.1.0-SNAPSHOT correlationId=none c.m.m.a.i.a.JdbcMetadataAuditStore - Metadata change recorded event="metadata_change_recorded" sourceDomain="identityaccess" entityType="user-scope-grant" entityId="1e79be4d-a509-4a4d-b3e9-cf57145e945f" action="GRANT" actorId="synthetic-manual-browser" correlationId="4934db1b-7dee-463b-b29d-ca2564d7a8f1"
[WebServer] 2026-09-05T11:02:24.842+08:00 INFO  application=marketops-server environment=local buildVersion=0.1.0-SNAPSHOT correlationId=none c.m.m.a.i.a.JdbcMetadataAuditStore - Metadata change recorded event="metadata_change_recorded" sourceDomain="identityaccess" entityType="user-scope-grant" entityId="9eabe7f8-ebfb-4319-a146-5e3a2dacb5f5" action="GRANT" actorId="synthetic-manual-browser" correlationId="a2543796-4baf-4915-8fbe-b381059759b2"
[WebServer] 2026-09-05T11:02:24.845+08:00 INFO  application=marketops-server environment=local buildVersion=0.1.0-SNAPSHOT correlationId=none c.m.m.a.i.a.JdbcMetadataAuditStore - Metadata change recorded event="metadata_change_recorded" sourceDomain="identityaccess" entityType="user-scope-grant" entityId="8fd67239-f246-42ec-9984-b13aa118686e" action="GRANT" actorId="synthetic-manual-browser" correlationId="b545c250-1b37-4e39-837d-e427d0ce81bf"
[WebServer] 2026-09-05T11:02:24.850+08:00 INFO  application=marketops-server environment=local buildVersion=0.1.0-SNAPSHOT correlationId=none c.m.m.a.i.a.JdbcMetadataAuditStore - Metadata change recorded event="metadata_change_recorded" sourceDomain="identityaccess" entityType="user-scope-grant" entityId="70258f5f-51a0-4615-b8a8-a78577abecb5" action="GRANT" actorId="synthetic-manual-browser" correlationId="8bbf0e8d-c7d8-4c97-aa07-c53e9deda618"
[WebServer] 2026-09-05T11:02:24.853+08:00 INFO  application=marketops-server environment=local buildVersion=0.1.0-SNAPSHOT correlationId=none c.m.m.a.i.a.JdbcMetadataAuditStore - Metadata change recorded event="metadata_change_recorded" sourceDomain="identityaccess" entityType="user-scope-grant" entityId="27662cf8-4495-48f7-bf39-7e6e93ca2179" action="GRANT" actorId="synthetic-manual-browser" correlationId="223d472c-51ca-4650-9d4b-5c2b21bae954"
[WebServer] 2026-09-05T11:02:24.855+08:00 INFO  application=marketops-server environment=local buildVersion=0.1.0-SNAPSHOT correlationId=none c.m.m.a.i.a.JdbcMetadataAuditStore - Metadata change recorded event="metadata_change_recorded" sourceDomain="identityaccess" entityType="user-scope-grant" entityId="548c278d-f328-4c95-9114-9fcbe5e3fe43" action="GRANT" actorId="synthetic-manual-browser" correlationId="288ca7de-2042-41c4-98ea-ad00e49db00e"
[WebServer] 2026-09-05T11:02:24.858+08:00 INFO  application=marketops-server environment=local buildVersion=0.1.0-SNAPSHOT correlationId=none c.m.m.a.i.a.JdbcMetadataAuditStore - Metadata change recorded event="metadata_change_recorded" sourceDomain="identityaccess" entityType="user-scope-grant" entityId="010676cf-afae-4354-bec6-6d21243708aa" action="GRANT" actorId="synthetic-manual-browser" correlationId="2160fedd-2d97-4d93-96a1-a76070283c49"
[WebServer] 2026-09-05T11:02:25.433+08:00 INFO  application=marketops-server environment=local buildVersion=0.1.0-SNAPSHOT correlationId=none c.m.m.a.i.a.JdbcMetadataAuditStore - Metadata change recorded event="metadata_change_recorded" sourceDomain="identityaccess" entityType="user-role-assignment" entityId="309864d8-5042-48fa-aa82-f7fd449633e6" action="GRANT" actorId="synthetic-manual-browser" correlationId="6f22d4de-1a07-403f-a1cc-2d5e72b0bd33"
[WebServer] 2026-09-05T11:02:25.436+08:00 INFO  application=marketops-server environment=local buildVersion=0.1.0-SNAPSHOT correlationId=none c.m.m.a.i.a.JdbcMetadataAuditStore - Metadata change recorded event="metadata_change_recorded" sourceDomain="identityaccess" entityType="user-scope-grant" entityId="ff51487c-07ab-49de-b868-0627547ee738" action="GRANT" actorId="synthetic-manual-browser" correlationId="bb65e070-e36b-448f-9b46-7de3624273f4"
[WebServer] 2026-09-05T11:02:25.439+08:00 INFO  application=marketops-server environment=local buildVersion=0.1.0-SNAPSHOT correlationId=none c.m.m.a.i.a.JdbcMetadataAuditStore - Metadata change recorded event="metadata_change_recorded" sourceDomain="identityaccess" entityType="user-scope-grant" entityId="4690d58e-fc57-4820-a9ea-3a5547a7ca31" action="GRANT" actorId="synthetic-manual-browser" correlationId="489198d7-3aa2-442e-9446-033ead6ccc34"
[WebServer] 2026-09-05T11:02:25.443+08:00 INFO  application=marketops-server environment=local buildVersion=0.1.0-SNAPSHOT correlationId=none c.m.m.a.i.a.JdbcMetadataAuditStore - Metadata change recorded event="metadata_change_recorded" sourceDomain="identityaccess" entityType="user-scope-grant" entityId="dce68266-3158-4016-aff9-0f1e01c69a11" action="GRANT" actorId="synthetic-manual-browser" correlationId="54212161-ea59-475f-9b1d-a79af322e52d"
[WebServer] 2026-09-05T11:02:25.446+08:00 INFO  application=marketops-server environment=local buildVersion=0.1.0-SNAPSHOT correlationId=none c.m.m.a.i.a.JdbcMetadataAuditStore - Metadata change recorded event="metadata_change_recorded" sourceDomain="identityaccess" entityType="user-scope-grant" entityId="811c8a89-a6a3-403d-ad9f-ea94ad53ba04" action="GRANT" actorId="synthetic-manual-browser" correlationId="a503fe49-9a41-4a9b-89dc-efb90a9d7141"
[WebServer] 2026-09-05T11:02:25.470+08:00 INFO  application=marketops-server environment=local buildVersion=0.1.0-SNAPSHOT correlationId=none c.m.m.a.i.a.JdbcMetadataAuditStore - Metadata change recorded event="metadata_change_recorded" sourceDomain="identityaccess" entityType="user-scope-grant" entityId="510b9a12-e9fc-4d3d-8380-e01ef8c64a2a" action="GRANT" actorId="synthetic-manual-browser" correlationId="35b2707c-2f56-4b71-8c34-7c87e8b0a7b8"
[WebServer] 2026-09-05T11:02:25.473+08:00 INFO  application=marketops-server environment=local buildVersion=0.1.0-SNAPSHOT correlationId=none c.m.m.a.i.a.JdbcMetadataAuditStore - Metadata change recorded event="metadata_change_recorded" sourceDomain="identityaccess" entityType="user-scope-grant" entityId="5059505f-84f1-4373-9016-f1ba376f11cd" action="GRANT" actorId="synthetic-manual-browser" correlationId="b18d6169-2157-4687-8453-a2b9a0f408f2"
[WebServer] 2026-09-05T11:02:25.476+08:00 INFO  application=marketops-server environment=local buildVersion=0.1.0-SNAPSHOT correlationId=none c.m.m.a.i.a.JdbcMetadataAuditStore - Metadata change recorded event="metadata_change_recorded" sourceDomain="identityaccess" entityType="user-scope-grant" entityId="a145e8d8-34e0-4a2f-bb4f-75b77585f25b" action="GRANT" actorId="synthetic-manual-browser" correlationId="a9c1793c-80a4-4201-8cd8-32a063fcfdb9"
[WebServer] 2026-09-05T11:02:25.480+08:00 INFO  application=marketops-server environment=local buildVersion=0.1.0-SNAPSHOT correlationId=none c.m.m.a.i.a.JdbcMetadataAuditStore - Metadata change recorded event="metadata_change_recorded" sourceDomain="identityaccess" entityType="user-scope-grant" entityId="a14589d3-0a25-46e7-a725-501076780874" action="GRANT" actorId="synthetic-manual-browser" correlationId="b85fe055-3164-43dc-86d7-3080aa3c000c"
[WebServer] 2026-09-05T11:02:25.482+08:00 INFO  application=marketops-server environment=local buildVersion=0.1.0-SNAPSHOT correlationId=none c.m.m.a.i.a.JdbcMetadataAuditStore - Metadata change recorded event="metadata_change_recorded" sourceDomain="identityaccess" entityType="user-scope-grant" entityId="5ad01268-4638-4480-b4b4-95859769e9d1" action="GRANT" actorId="synthetic-manual-browser" correlationId="db7a6305-636c-4622-83b0-6acc1d4054aa"
[WebServer] 2026-09-05T11:02:25.485+08:00 INFO  application=marketops-server environment=local buildVersion=0.1.0-SNAPSHOT correlationId=none c.m.m.a.i.a.JdbcMetadataAuditStore - Metadata change recorded event="metadata_change_recorded" sourceDomain="identityaccess" entityType="user-scope-grant" entityId="abe37e6a-f50f-48d9-9421-8fe3e111d21a" action="GRANT" actorId="synthetic-manual-browser" correlationId="450b75f9-c9bb-4db7-938a-46d8ea74374c"
[WebServer] 2026-09-05T11:02:25.513+08:00 INFO  application=marketops-server environment=local buildVersion=0.1.0-SNAPSHOT correlationId=none c.m.m.a.i.a.JdbcMetadataAuditStore - Metadata change recorded event="metadata_change_recorded" sourceDomain="identityaccess" entityType="user-scope-grant" entityId="dbfea104-818c-44f7-9c77-b9edcd503a85" action="GRANT" actorId="synthetic-manual-browser" correlationId="a5c5735d-3c76-485c-bed6-42706fb17245"
[WebServer] 2026-09-05T11:02:25.516+08:00 INFO  application=marketops-server environment=local buildVersion=0.1.0-SNAPSHOT correlationId=none c.m.m.a.i.a.JdbcMetadataAuditStore - Metadata change recorded event="metadata_change_recorded" sourceDomain="identityaccess" entityType="user-scope-grant" entityId="7db81011-7e3d-4059-96b0-804621a82f4e" action="GRANT" actorId="synthetic-manual-browser" correlationId="40e44a9f-d8ed-4468-b740-666372f1e460"
[WebServer] 2026-09-05T11:02:25.518+08:00 INFO  application=marketops-server environment=local buildVersion=0.1.0-SNAPSHOT correlationId=none c.m.m.a.i.a.JdbcMetadataAuditStore - Metadata change recorded event="metadata_change_recorded" sourceDomain="identityaccess" entityType="user-scope-grant" entityId="44231203-2fd0-469b-8326-2cf73c9dde4f" action="GRANT" actorId="synthetic-manual-browser" correlationId="8fa9e35f-5005-43a1-9cf2-94a9d2147844"
[WebServer] 2026-09-05T11:02:25.521+08:00 INFO  application=marketops-server environment=local buildVersion=0.1.0-SNAPSHOT correlationId=none c.m.m.a.i.a.JdbcMetadataAuditStore - Metadata change recorded event="metadata_change_recorded" sourceDomain="identityaccess" entityType="user-scope-grant" entityId="3ebf2b48-ff7b-4bfc-b38e-a6c9b9604bc6" action="GRANT" actorId="synthetic-manual-browser" correlationId="5b094fc6-42fd-4a4f-89cd-f57e17efe048"
[WebServer] 2026-09-05T11:02:25.524+08:00 INFO  application=marketops-server environment=local buildVersion=0.1.0-SNAPSHOT correlationId=none c.m.m.a.i.a.JdbcMetadataAuditStore - Metadata change recorded event="metadata_change_recorded" sourceDomain="identityaccess" entityType="user-scope-grant" entityId="363500d6-6b63-464e-899a-d039a58e0767" action="GRANT" actorId="synthetic-manual-browser" correlationId="02e8a395-7da9-4bb1-b140-a16e5b711b34"
[WebServer] 2026-09-05T11:02:25.526+08:00 INFO  application=marketops-server environment=local buildVersion=0.1.0-SNAPSHOT correlationId=none c.m.m.a.i.a.JdbcMetadataAuditStore - Metadata change recorded event="metadata_change_recorded" sourceDomain="identityaccess" entityType="user-scope-grant" entityId="4b15094e-766e-45ea-b133-dce929fb59f8" action="GRANT" actorId="synthetic-manual-browser" correlationId="b6847f9b-7bc2-4f64-8998-8f4ead6411fb"
[WebServer] 2026-09-05T11:02:26.082+08:00 INFO  application=marketops-server environment=local buildVersion=0.1.0-SNAPSHOT correlationId=none c.m.m.a.i.a.JdbcMetadataAuditStore - Metadata change recorded event="metadata_change_recorded" sourceDomain="identityaccess" entityType="user-role-assignment" entityId="783eeef9-20fc-424c-928b-2847da8a399f" action="GRANT" actorId="synthetic-manual-browser" correlationId="5c734403-a21d-4a4e-b44f-df7801bdf886"
[WebServer] 2026-09-05T11:02:26.085+08:00 INFO  application=marketops-server environment=local buildVersion=0.1.0-SNAPSHOT correlationId=none c.m.m.a.i.a.JdbcMetadataAuditStore - Metadata change recorded event="metadata_change_recorded" sourceDomain="identityaccess" entityType="user-scope-grant" entityId="7ec213ea-153d-4e86-ab54-d68f1698ee5c" action="GRANT" actorId="synthetic-manual-browser" correlationId="ba5c0183-7711-44ba-9563-0f307caac396"
[WebServer] 2026-09-05T11:02:26.089+08:00 INFO  application=marketops-server environment=local buildVersion=0.1.0-SNAPSHOT correlationId=none c.m.m.a.i.a.JdbcMetadataAuditStore - Metadata change recorded event="metadata_change_recorded" sourceDomain="identityaccess" entityType="user-scope-grant" entityId="12154439-e9c6-45c5-9d2d-80eb923bb6e4" action="GRANT" actorId="synthetic-manual-browser" correlationId="9afdb11d-b927-4164-9af5-786f6a22ab60"
[WebServer] 2026-09-05T11:02:26.091+08:00 INFO  application=marketops-server environment=local buildVersion=0.1.0-SNAPSHOT correlationId=none c.m.m.a.i.a.JdbcMetadataAuditStore - Metadata change recorded event="metadata_change_recorded" sourceDomain="identityaccess" entityType="user-scope-grant" entityId="d3fc4635-4f3a-49ef-a876-a473746caff0" action="GRANT" actorId="synthetic-manual-browser" correlationId="8a4ff63f-9959-4aa9-b4e6-c59c3030e9ce"
[WebServer] 2026-09-05T11:02:26.094+08:00 INFO  application=marketops-server environment=local buildVersion=0.1.0-SNAPSHOT correlationId=none c.m.m.a.i.a.JdbcMetadataAuditStore - Metadata change recorded event="metadata_change_recorded" sourceDomain="identityaccess" entityType="user-scope-grant" entityId="43765d16-d3fd-4e96-b792-b3e42664d6ed" action="GRANT" actorId="synthetic-manual-browser" correlationId="9aee2c5d-c12f-4970-9f0e-beced3a90cab"
[WebServer] 2026-09-05T11:02:26.119+08:00 INFO  application=marketops-server environment=local buildVersion=0.1.0-SNAPSHOT correlationId=none c.m.m.a.i.a.JdbcMetadataAuditStore - Metadata change recorded event="metadata_change_recorded" sourceDomain="identityaccess" entityType="user-scope-grant" entityId="6978c155-b696-4aea-bbcc-f78d10bd55a3" action="GRANT" actorId="synthetic-manual-browser" correlationId="fb45f243-de0b-4a4d-8101-01d727228231"
[WebServer] 2026-09-05T11:02:26.122+08:00 INFO  application=marketops-server environment=local buildVersion=0.1.0-SNAPSHOT correlationId=none c.m.m.a.i.a.JdbcMetadataAuditStore - Metadata change recorded event="metadata_change_recorded" sourceDomain="identityaccess" entityType="user-scope-grant" entityId="7ea1307d-8c70-4464-9e50-eeacdb22dbb5" action="GRANT" actorId="synthetic-manual-browser" correlationId="ed08dfe1-570e-436d-8551-3ed06dc4dfc7"
[WebServer] 2026-09-05T11:02:26.124+08:00 INFO  application=marketops-server environment=local buildVersion=0.1.0-SNAPSHOT correlationId=none c.m.m.a.i.a.JdbcMetadataAuditStore - Metadata change recorded event="metadata_change_recorded" sourceDomain="identityaccess" entityType="user-scope-grant" entityId="0096de76-3d84-470a-9be3-a3056f16708a" action="GRANT" actorId="synthetic-manual-browser" correlationId="dc6df467-8e79-4153-a72f-82a6cf6354b2"
[WebServer] 2026-09-05T11:02:26.127+08:00 INFO  application=marketops-server environment=local buildVersion=0.1.0-SNAPSHOT correlationId=none c.m.m.a.i.a.JdbcMetadataAuditStore - Metadata change recorded event="metadata_change_recorded" sourceDomain="identityaccess" entityType="user-scope-grant" entityId="ea703ac4-36fd-4ec5-896a-306b12663763" action="GRANT" actorId="synthetic-manual-browser" correlationId="6949c794-7c73-4199-8f5d-dbf859fa5b22"
[WebServer] 2026-09-05T11:02:26.129+08:00 INFO  application=marketops-server environment=local buildVersion=0.1.0-SNAPSHOT correlationId=none c.m.m.a.i.a.JdbcMetadataAuditStore - Metadata change recorded event="metadata_change_recorded" sourceDomain="identityaccess" entityType="user-scope-grant" entityId="fc5771fe-7422-4983-83bd-518d9b1b4e44" action="GRANT" actorId="synthetic-manual-browser" correlationId="ff52daf6-5bfa-4d17-9969-77e35e63cc97"
[WebServer] 2026-09-05T11:02:26.131+08:00 INFO  application=marketops-server environment=local buildVersion=0.1.0-SNAPSHOT correlationId=none c.m.m.a.i.a.JdbcMetadataAuditStore - Metadata change recorded event="metadata_change_recorded" sourceDomain="identityaccess" entityType="user-scope-grant" entityId="95f5c910-68c3-445c-a8ed-37cc1665a10f" action="GRANT" actorId="synthetic-manual-browser" correlationId="701714cb-75b1-4b52-b11e-7f1cc2e097a5"
[WebServer] 2026-09-05T11:02:26.155+08:00 INFO  application=marketops-server environment=local buildVersion=0.1.0-SNAPSHOT correlationId=none c.m.m.a.i.a.JdbcMetadataAuditStore - Metadata change recorded event="metadata_change_recorded" sourceDomain="identityaccess" entityType="user-scope-grant" entityId="67fff492-5401-4f1a-9ffd-bd8a1874e9e9" action="GRANT" actorId="synthetic-manual-browser" correlationId="e11dd23d-23ef-4a22-94ab-294916bf3ff1"
[WebServer] 2026-09-05T11:02:26.158+08:00 INFO  application=marketops-server environment=local buildVersion=0.1.0-SNAPSHOT correlationId=none c.m.m.a.i.a.JdbcMetadataAuditStore - Metadata change recorded event="metadata_change_recorded" sourceDomain="identityaccess" entityType="user-scope-grant" entityId="807a00fa-6af0-4dbe-999c-1494dc6c5edd" action="GRANT" actorId="synthetic-manual-browser" correlationId="d21dd13c-f1bc-423a-9b81-e4938cc283ff"
[WebServer] 2026-09-05T11:02:26.160+08:00 INFO  application=marketops-server environment=local buildVersion=0.1.0-SNAPSHOT correlationId=none c.m.m.a.i.a.JdbcMetadataAuditStore - Metadata change recorded event="metadata_change_recorded" sourceDomain="identityaccess" entityType="user-scope-grant" entityId="5f0862b0-7023-4758-8ca2-2245a11ac0dd" action="GRANT" actorId="synthetic-manual-browser" correlationId="190e340b-108d-4bb0-8aaf-ace060793dc2"
[WebServer] 2026-09-05T11:02:26.163+08:00 INFO  application=marketops-server environment=local buildVersion=0.1.0-SNAPSHOT correlationId=none c.m.m.a.i.a.JdbcMetadataAuditStore - Metadata change recorded event="metadata_change_recorded" sourceDomain="identityaccess" entityType="user-scope-grant" entityId="be01fe33-77c9-4083-b065-fb02bca0039b" action="GRANT" actorId="synthetic-manual-browser" correlationId="6040655f-b293-4620-8b6b-eeb9485d8501"
[WebServer] 2026-09-05T11:02:26.165+08:00 INFO  application=marketops-server environment=local buildVersion=0.1.0-SNAPSHOT correlationId=none c.m.m.a.i.a.JdbcMetadataAuditStore - Metadata change recorded event="metadata_change_recorded" sourceDomain="identityaccess" entityType="user-scope-grant" entityId="c5d638fa-89a6-4819-88a0-996f045ee15a" action="GRANT" actorId="synthetic-manual-browser" correlationId="9b665c80-1586-40d3-bdd9-4f24c9e0d620"
[WebServer] 2026-09-05T11:02:26.167+08:00 INFO  application=marketops-server environment=local buildVersion=0.1.0-SNAPSHOT correlationId=none c.m.m.a.i.a.JdbcMetadataAuditStore - Metadata change recorded event="metadata_change_recorded" sourceDomain="identityaccess" entityType="user-scope-grant" entityId="fffb75ce-d0f1-496e-962c-d7248882c6ce" action="GRANT" actorId="synthetic-manual-browser" correlationId="3722e015-27b9-499c-bd3d-4cefa449b16c"
[WebServer] 2026-09-05T11:02:26.540+08:00 INFO  application=marketops-server environment=local buildVersion=0.1.0-SNAPSHOT correlationId=none c.m.m.a.i.a.JdbcMetadataAuditStore - Metadata change recorded event="metadata_change_recorded" sourceDomain="identityaccess" entityType="user-role-assignment" entityId="1ab4d903-49be-4797-ba32-94db1bff81f1" action="GRANT" actorId="synthetic-manual-browser" correlationId="3d79eb94-5513-4bf6-b206-67cc62972fb5"
[WebServer] 2026-09-05T11:02:26.542+08:00 INFO  application=marketops-server environment=local buildVersion=0.1.0-SNAPSHOT correlationId=none c.m.m.a.i.a.JdbcMetadataAuditStore - Metadata change recorded event="metadata_change_recorded" sourceDomain="identityaccess" entityType="user-scope-grant" entityId="3dd0134f-ed4d-4193-9f6b-bc51c8f84dc9" action="GRANT" actorId="synthetic-manual-browser" correlationId="ef41c3da-1389-4b94-b96a-29c3b6cd95d2"
[WebServer] 2026-09-05T11:02:26.545+08:00 INFO  application=marketops-server environment=local buildVersion=0.1.0-SNAPSHOT correlationId=none c.m.m.a.i.a.JdbcMetadataAuditStore - Metadata change recorded event="metadata_change_recorded" sourceDomain="identityaccess" entityType="user-scope-grant" entityId="e10b9d48-2729-4f45-bf24-5f39b991f788" action="GRANT" actorId="synthetic-manual-browser" correlationId="c03a416a-48aa-4411-b1d5-fea2bdb477b5"
[WebServer] 2026-09-05T11:02:26.548+08:00 INFO  application=marketops-server environment=local buildVersion=0.1.0-SNAPSHOT correlationId=none c.m.m.a.i.a.JdbcMetadataAuditStore - Metadata change recorded event="metadata_change_recorded" sourceDomain="identityaccess" entityType="user-scope-grant" entityId="3c4ece50-bb0a-43a5-875b-f5028f2de5c8" action="GRANT" actorId="synthetic-manual-browser" correlationId="724f1b49-d038-4eb6-b392-5efa076dcbfa"
[WebServer] 2026-09-05T11:02:26.550+08:00 INFO  application=marketops-server environment=local buildVersion=0.1.0-SNAPSHOT correlationId=none c.m.m.a.i.a.JdbcMetadataAuditStore - Metadata change recorded event="metadata_change_recorded" sourceDomain="identityaccess" entityType="user-scope-grant" entityId="969d2bd9-b94e-4037-820b-bd0c44ad5f1b" action="GRANT" actorId="synthetic-manual-browser" correlationId="7dd097b5-6a0a-4662-98cb-da0cd975c02f"
[WebServer] 2026-09-05T11:02:26.573+08:00 INFO  application=marketops-server environment=local buildVersion=0.1.0-SNAPSHOT correlationId=none c.m.m.a.i.a.JdbcMetadataAuditStore - Metadata change recorded event="metadata_change_recorded" sourceDomain="identityaccess" entityType="user-scope-grant" entityId="f86bf0ad-e155-406c-ab4b-54bfc770bd05" action="GRANT" actorId="synthetic-manual-browser" correlationId="fb2a658f-5c99-4783-876b-b427a1247376"
[WebServer] 2026-09-05T11:02:26.575+08:00 INFO  application=marketops-server environment=local buildVersion=0.1.0-SNAPSHOT correlationId=none c.m.m.a.i.a.JdbcMetadataAuditStore - Metadata change recorded event="metadata_change_recorded" sourceDomain="identityaccess" entityType="user-scope-grant" entityId="f1d8055f-3b86-461c-8f2d-59c3064c6f37" action="GRANT" actorId="synthetic-manual-browser" correlationId="36b035d1-3606-44c4-89f8-58cda8fcf3ad"
[WebServer] 2026-09-05T11:02:26.578+08:00 INFO  application=marketops-server environment=local buildVersion=0.1.0-SNAPSHOT correlationId=none c.m.m.a.i.a.JdbcMetadataAuditStore - Metadata change recorded event="metadata_change_recorded" sourceDomain="identityaccess" entityType="user-scope-grant" entityId="689635be-c827-4ebb-80d1-e2cb85c22288" action="GRANT" actorId="synthetic-manual-browser" correlationId="a767a3a1-d586-474d-a3f5-146547bbe58a"
[WebServer] 2026-09-05T11:02:26.580+08:00 INFO  application=marketops-server environment=local buildVersion=0.1.0-SNAPSHOT correlationId=none c.m.m.a.i.a.JdbcMetadataAuditStore - Metadata change recorded event="metadata_change_recorded" sourceDomain="identityaccess" entityType="user-scope-grant" entityId="4f85eb6a-427e-42aa-bfc4-61f046fdd4a2" action="GRANT" actorId="synthetic-manual-browser" correlationId="41272d48-6bc8-42c5-b42e-4305a9b7855b"
[WebServer] 2026-09-05T11:02:26.583+08:00 INFO  application=marketops-server environment=local buildVersion=0.1.0-SNAPSHOT correlationId=none c.m.m.a.i.a.JdbcMetadataAuditStore - Metadata change recorded event="metadata_change_recorded" sourceDomain="identityaccess" entityType="user-scope-grant" entityId="7d47faa6-f073-47dc-b227-f697c63c027a" action="GRANT" actorId="synthetic-manual-browser" correlationId="6b6aae98-0975-4258-973e-231680cbffab"
[WebServer] 2026-09-05T11:02:26.585+08:00 INFO  application=marketops-server environment=local buildVersion=0.1.0-SNAPSHOT correlationId=none c.m.m.a.i.a.JdbcMetadataAuditStore - Metadata change recorded event="metadata_change_recorded" sourceDomain="identityaccess" entityType="user-scope-grant" entityId="06bc8a44-2b38-4caf-9016-e312525840d1" action="GRANT" actorId="synthetic-manual-browser" correlationId="86c2f8dc-f745-4ac5-ade4-2bb2479ce09e"
[WebServer] 2026-09-05T11:02:26.608+08:00 INFO  application=marketops-server environment=local buildVersion=0.1.0-SNAPSHOT correlationId=none c.m.m.a.i.a.JdbcMetadataAuditStore - Metadata change recorded event="metadata_change_recorded" sourceDomain="identityaccess" entityType="user-scope-grant" entityId="799e91da-1e68-4a90-ae8b-204cc1d017eb" action="GRANT" actorId="synthetic-manual-browser" correlationId="edbf09a9-6c84-485f-9ee8-657984c8f917"
[WebServer] 2026-09-05T11:02:26.610+08:00 INFO  application=marketops-server environment=local buildVersion=0.1.0-SNAPSHOT correlationId=none c.m.m.a.i.a.JdbcMetadataAuditStore - Metadata change recorded event="metadata_change_recorded" sourceDomain="identityaccess" entityType="user-scope-grant" entityId="88f93803-d234-4d3f-8453-83312a4f2964" action="GRANT" actorId="synthetic-manual-browser" correlationId="63466caf-d789-4af4-a499-1bfd2a317401"
[WebServer] 2026-09-05T11:02:26.612+08:00 INFO  application=marketops-server environment=local buildVersion=0.1.0-SNAPSHOT correlationId=none c.m.m.a.i.a.JdbcMetadataAuditStore - Metadata change recorded event="metadata_change_recorded" sourceDomain="identityaccess" entityType="user-scope-grant" entityId="1f08ab02-f1ba-45a9-bfb8-41e969adadbb" action="GRANT" actorId="synthetic-manual-browser" correlationId="502f9077-58cb-4791-bbfd-a26c1b5bcbc3"
[WebServer] 2026-09-05T11:02:26.615+08:00 INFO  application=marketops-server environment=local buildVersion=0.1.0-SNAPSHOT correlationId=none c.m.m.a.i.a.JdbcMetadataAuditStore - Metadata change recorded event="metadata_change_recorded" sourceDomain="identityaccess" entityType="user-scope-grant" entityId="abf160ca-87c0-454c-99ef-d294ea78f286" action="GRANT" actorId="synthetic-manual-browser" correlationId="bea5036c-0d01-41b7-b985-9faebb6e06d7"
[WebServer] 2026-09-05T11:02:26.618+08:00 INFO  application=marketops-server environment=local buildVersion=0.1.0-SNAPSHOT correlationId=none c.m.m.a.i.a.JdbcMetadataAuditStore - Metadata change recorded event="metadata_change_recorded" sourceDomain="identityaccess" entityType="user-scope-grant" entityId="61b71d62-3e73-40fe-9375-36d1ad4d971d" action="GRANT" actorId="synthetic-manual-browser" correlationId="a939a629-3f0a-402f-ab45-3007df8284e0"
[WebServer] 2026-09-05T11:02:26.620+08:00 INFO  application=marketops-server environment=local buildVersion=0.1.0-SNAPSHOT correlationId=none c.m.m.a.i.a.JdbcMetadataAuditStore - Metadata change recorded event="metadata_change_recorded" sourceDomain="identityaccess" entityType="user-scope-grant" entityId="33a6db64-1a33-4640-bfd3-040ee7a5a55b" action="GRANT" actorId="synthetic-manual-browser" correlationId="8ebe5118-8f90-4b46-a677-9245da3f8b73"
[WebServer] 2026-09-05T11:02:27.048+08:00 INFO  application=marketops-server environment=local buildVersion=0.1.0-SNAPSHOT correlationId=none c.m.m.a.i.a.JdbcMetadataAuditStore - Metadata change recorded event="metadata_change_recorded" sourceDomain="identityaccess" entityType="user-role-assignment" entityId="00213a5c-22d7-481a-ad38-d97cb8249cd5" action="GRANT" actorId="synthetic-manual-browser" correlationId="8a8f9478-e624-4401-9760-9d4a761d808d"
[WebServer] 2026-09-05T11:02:27.051+08:00 INFO  application=marketops-server environment=local buildVersion=0.1.0-SNAPSHOT correlationId=none c.m.m.a.i.a.JdbcMetadataAuditStore - Metadata change recorded event="metadata_change_recorded" sourceDomain="identityaccess" entityType="user-scope-grant" entityId="e3db8ce3-a587-4a6d-b95c-9b2857435783" action="GRANT" actorId="synthetic-manual-browser" correlationId="86da97ce-c7a4-4d4b-b5f5-8a9a0b1e1969"
[WebServer] 2026-09-05T11:02:27.056+08:00 INFO  application=marketops-server environment=local buildVersion=0.1.0-SNAPSHOT correlationId=none c.m.m.a.i.a.JdbcMetadataAuditStore - Metadata change recorded event="metadata_change_recorded" sourceDomain="identityaccess" entityType="user-scope-grant" entityId="b3e81bac-0482-44cd-9b97-567bced332e0" action="GRANT" actorId="synthetic-manual-browser" correlationId="0ee46922-e1b9-4494-b6ab-a8b52738e233"
[WebServer] 2026-09-05T11:02:27.059+08:00 INFO  application=marketops-server environment=local buildVersion=0.1.0-SNAPSHOT correlationId=none c.m.m.a.i.a.JdbcMetadataAuditStore - Metadata change recorded event="metadata_change_recorded" sourceDomain="identityaccess" entityType="user-scope-grant" entityId="9de24b0e-30ee-44a3-861e-e5f132881c29" action="GRANT" actorId="synthetic-manual-browser" correlationId="3aa9fe45-24db-47cb-b6bb-a91198a5caf3"
[WebServer] 2026-09-05T11:02:27.063+08:00 INFO  application=marketops-server environment=local buildVersion=0.1.0-SNAPSHOT correlationId=none c.m.m.a.i.a.JdbcMetadataAuditStore - Metadata change recorded event="metadata_change_recorded" sourceDomain="identityaccess" entityType="user-scope-grant" entityId="2c0cbccd-6877-49fd-8b41-97788b9cc3ee" action="GRANT" actorId="synthetic-manual-browser" correlationId="45a58382-62ce-4985-8e8c-5f41a6b8d3c3"
[WebServer] 2026-09-05T11:02:27.090+08:00 INFO  application=marketops-server environment=local buildVersion=0.1.0-SNAPSHOT correlationId=none c.m.m.a.i.a.JdbcMetadataAuditStore - Metadata change recorded event="metadata_change_recorded" sourceDomain="identityaccess" entityType="user-scope-grant" entityId="f447bc4d-325f-4ca6-8612-f477f0ff37bd" action="GRANT" actorId="synthetic-manual-browser" correlationId="8cf5a8af-2dc4-49c1-b440-9b412e13787a"
[WebServer] 2026-09-05T11:02:27.094+08:00 INFO  application=marketops-server environment=local buildVersion=0.1.0-SNAPSHOT correlationId=none c.m.m.a.i.a.JdbcMetadataAuditStore - Metadata change recorded event="metadata_change_recorded" sourceDomain="identityaccess" entityType="user-scope-grant" entityId="669ccca0-3cd9-4ef0-96e7-cf4cfe0f58c6" action="GRANT" actorId="synthetic-manual-browser" correlationId="146c0682-c144-4cf9-b109-0a4428f3aca1"
[WebServer] 2026-09-05T11:02:27.098+08:00 INFO  application=marketops-server environment=local buildVersion=0.1.0-SNAPSHOT correlationId=none c.m.m.a.i.a.JdbcMetadataAuditStore - Metadata change recorded event="metadata_change_recorded" sourceDomain="identityaccess" entityType="user-scope-grant" entityId="25976b9d-e142-497b-9c78-0e288632e41f" action="GRANT" actorId="synthetic-manual-browser" correlationId="25d8eecb-73d2-49bf-9b93-ff80fdb69c1c"
[WebServer] 2026-09-05T11:02:27.101+08:00 INFO  application=marketops-server environment=local buildVersion=0.1.0-SNAPSHOT correlationId=none c.m.m.a.i.a.JdbcMetadataAuditStore - Metadata change recorded event="metadata_change_recorded" sourceDomain="identityaccess" entityType="user-scope-grant" entityId="8dd31ced-a92a-44b7-a4a5-9954422445bb" action="GRANT" actorId="synthetic-manual-browser" correlationId="3607c440-6743-491b-b548-d86c82078c80"
[WebServer] 2026-09-05T11:02:27.105+08:00 INFO  application=marketops-server environment=local buildVersion=0.1.0-SNAPSHOT correlationId=none c.m.m.a.i.a.JdbcMetadataAuditStore - Metadata change recorded event="metadata_change_recorded" sourceDomain="identityaccess" entityType="user-scope-grant" entityId="4fa5ac1b-b2a7-4984-a031-6c594615236f" action="GRANT" actorId="synthetic-manual-browser" correlationId="648e1a7f-5315-47d5-a65b-a3dd32200a85"
[WebServer] 2026-09-05T11:02:27.109+08:00 INFO  application=marketops-server environment=local buildVersion=0.1.0-SNAPSHOT correlationId=none c.m.m.a.i.a.JdbcMetadataAuditStore - Metadata change recorded event="metadata_change_recorded" sourceDomain="identityaccess" entityType="user-scope-grant" entityId="32e5bac7-ff7a-4c82-a445-cea945ebd22c" action="GRANT" actorId="synthetic-manual-browser" correlationId="32e43d93-72cf-4a31-8eeb-f8085b6315a5"
[WebServer] 2026-09-05T11:02:27.133+08:00 INFO  application=marketops-server environment=local buildVersion=0.1.0-SNAPSHOT correlationId=none c.m.m.a.i.a.JdbcMetadataAuditStore - Metadata change recorded event="metadata_change_recorded" sourceDomain="identityaccess" entityType="user-scope-grant" entityId="2fe55528-ad53-4a9d-b26b-1a697362926b" action="GRANT" actorId="synthetic-manual-browser" correlationId="1a82dd04-11b4-4f75-99fb-49f976833750"
[WebServer] 2026-09-05T11:02:27.137+08:00 INFO  application=marketops-server environment=local buildVersion=0.1.0-SNAPSHOT correlationId=none c.m.m.a.i.a.JdbcMetadataAuditStore - Metadata change recorded event="metadata_change_recorded" sourceDomain="identityaccess" entityType="user-scope-grant" entityId="a418c633-8975-4579-9973-dfa06caa8d14" action="GRANT" actorId="synthetic-manual-browser" correlationId="e67ba33c-e918-4832-97d1-4f9ca0573e5a"
[WebServer] 2026-09-05T11:02:27.143+08:00 INFO  application=marketops-server environment=local buildVersion=0.1.0-SNAPSHOT correlationId=none c.m.m.a.i.a.JdbcMetadataAuditStore - Metadata change recorded event="metadata_change_recorded" sourceDomain="identityaccess" entityType="user-scope-grant" entityId="d80b83c5-baf9-42f1-b655-d149ed9d16a7" action="GRANT" actorId="synthetic-manual-browser" correlationId="fdef7dc2-51c0-4114-a006-ba1bb0cee515"
[WebServer] 2026-09-05T11:02:27.148+08:00 INFO  application=marketops-server environment=local buildVersion=0.1.0-SNAPSHOT correlationId=none c.m.m.a.i.a.JdbcMetadataAuditStore - Metadata change recorded event="metadata_change_recorded" sourceDomain="identityaccess" entityType="user-scope-grant" entityId="3d08733e-849e-4c2a-995e-5070b36edb9e" action="GRANT" actorId="synthetic-manual-browser" correlationId="cdbf62fb-306a-4f1d-b5ec-8db3102236b8"
[WebServer] 2026-09-05T11:02:27.163+08:00 INFO  application=marketops-server environment=local buildVersion=0.1.0-SNAPSHOT correlationId=none c.m.m.a.i.a.JdbcMetadataAuditStore - Metadata change recorded event="metadata_change_recorded" sourceDomain="identityaccess" entityType="user-scope-grant" entityId="dcb408d4-a788-4c54-affe-d2281dd8e60f" action="GRANT" actorId="synthetic-manual-browser" correlationId="c0c67e46-ae8f-4e4c-a698-cbdee259eaba"
[WebServer] 2026-09-05T11:02:27.167+08:00 INFO  application=marketops-server environment=local buildVersion=0.1.0-SNAPSHOT correlationId=none c.m.m.a.i.a.JdbcMetadataAuditStore - Metadata change recorded event="metadata_change_recorded" sourceDomain="identityaccess" entityType="user-scope-grant" entityId="f8557b0a-bcf4-4f09-a864-f38d0efba38f" action="GRANT" actorId="synthetic-manual-browser" correlationId="018e6709-06c4-4a70-9278-0d292558c78c"
[WebServer] 2026-09-05T11:02:27.790+08:00 INFO  application=marketops-server environment=local buildVersion=0.1.0-SNAPSHOT correlationId=none c.m.m.a.i.a.JdbcMetadataAuditStore - Metadata change recorded event="metadata_change_recorded" sourceDomain="identityaccess" entityType="user-role-assignment" entityId="4f219222-ed99-4383-a7e9-d005b7f3f0ff" action="GRANT" actorId="synthetic-manual-browser" correlationId="419e4cc1-c3a5-4e08-a002-022d4ee512dc"
[WebServer] 2026-09-05T11:02:27.792+08:00 INFO  application=marketops-server environment=local buildVersion=0.1.0-SNAPSHOT correlationId=none c.m.m.a.i.a.JdbcMetadataAuditStore - Metadata change recorded event="metadata_change_recorded" sourceDomain="identityaccess" entityType="user-scope-grant" entityId="31b1ce50-391e-4cb8-9dfc-802b7c9f4c27" action="GRANT" actorId="synthetic-manual-browser" correlationId="126346dc-e8b1-4bdd-b247-e5e5f6ace1d3"
[WebServer] 2026-09-05T11:02:27.794+08:00 INFO  application=marketops-server environment=local buildVersion=0.1.0-SNAPSHOT correlationId=none c.m.m.a.i.a.JdbcMetadataAuditStore - Metadata change recorded event="metadata_change_recorded" sourceDomain="identityaccess" entityType="user-scope-grant" entityId="e791289f-1b8b-43ba-95d5-1434a1eb5fde" action="GRANT" actorId="synthetic-manual-browser" correlationId="adde98cf-3d5b-43f3-8cca-a95fad32cf5a"
[WebServer] 2026-09-05T11:02:27.797+08:00 INFO  application=marketops-server environment=local buildVersion=0.1.0-SNAPSHOT correlationId=none c.m.m.a.i.a.JdbcMetadataAuditStore - Metadata change recorded event="metadata_change_recorded" sourceDomain="identityaccess" entityType="user-scope-grant" entityId="a1c64da1-f024-47b7-9f88-e06ae6aa22a3" action="GRANT" actorId="synthetic-manual-browser" correlationId="bf408ca9-fc27-480e-a5a2-c456a3705449"
[WebServer] 2026-09-05T11:02:27.800+08:00 INFO  application=marketops-server environment=local buildVersion=0.1.0-SNAPSHOT correlationId=none c.m.m.a.i.a.JdbcMetadataAuditStore - Metadata change recorded event="metadata_change_recorded" sourceDomain="identityaccess" entityType="user-scope-grant" entityId="04869a68-8961-4ab8-b183-b65dc37f721b" action="GRANT" actorId="synthetic-manual-browser" correlationId="2c978486-cd7c-43b3-a1ca-557e6d6eb886"
[WebServer] 2026-09-05T11:02:27.823+08:00 INFO  application=marketops-server environment=local buildVersion=0.1.0-SNAPSHOT correlationId=none c.m.m.a.i.a.JdbcMetadataAuditStore - Metadata change recorded event="metadata_change_recorded" sourceDomain="identityaccess" entityType="user-scope-grant" entityId="6aa31750-a91d-4b2a-85e7-bfc569ed509f" action="GRANT" actorId="synthetic-manual-browser" correlationId="7793c873-b38e-4e5e-9c8a-67ddc0e45fa8"
[WebServer] 2026-09-05T11:02:27.826+08:00 INFO  application=marketops-server environment=local buildVersion=0.1.0-SNAPSHOT correlationId=none c.m.m.a.i.a.JdbcMetadataAuditStore - Metadata change recorded event="metadata_change_recorded" sourceDomain="identityaccess" entityType="user-scope-grant" entityId="5eb52210-e461-4401-a22b-4c75e1aba6c4" action="GRANT" actorId="synthetic-manual-browser" correlationId="80fffd5a-fc8e-4940-af5e-dd84ee2fdf06"
[WebServer] 2026-09-05T11:02:27.828+08:00 INFO  application=marketops-server environment=local buildVersion=0.1.0-SNAPSHOT correlationId=none c.m.m.a.i.a.JdbcMetadataAuditStore - Metadata change recorded event="metadata_change_recorded" sourceDomain="identityaccess" entityType="user-scope-grant" entityId="07335d8d-1bc0-4363-937d-69f26b456a98" action="GRANT" actorId="synthetic-manual-browser" correlationId="ab51dd50-99e1-401f-86ac-589894180f9d"
[WebServer] 2026-09-05T11:02:27.831+08:00 INFO  application=marketops-server environment=local buildVersion=0.1.0-SNAPSHOT correlationId=none c.m.m.a.i.a.JdbcMetadataAuditStore - Metadata change recorded event="metadata_change_recorded" sourceDomain="identityaccess" entityType="user-scope-grant" entityId="175eb946-5c73-4fb5-ba96-1964e5e57e20" action="GRANT" actorId="synthetic-manual-browser" correlationId="58ec7d8f-25aa-42dd-be79-f1ff3777d31f"
[WebServer] 2026-09-05T11:02:27.833+08:00 INFO  application=marketops-server environment=local buildVersion=0.1.0-SNAPSHOT correlationId=none c.m.m.a.i.a.JdbcMetadataAuditStore - Metadata change recorded event="metadata_change_recorded" sourceDomain="identityaccess" entityType="user-scope-grant" entityId="a37d1b36-f189-4ba5-ae69-a9e9bc2d8c91" action="GRANT" actorId="synthetic-manual-browser" correlationId="e08b2181-1acd-45bd-bec8-032098670a7f"
[WebServer] 2026-09-05T11:02:27.836+08:00 INFO  application=marketops-server environment=local buildVersion=0.1.0-SNAPSHOT correlationId=none c.m.m.a.i.a.JdbcMetadataAuditStore - Metadata change recorded event="metadata_change_recorded" sourceDomain="identityaccess" entityType="user-scope-grant" entityId="05ff2c00-bcbf-4ab5-912e-404eec1451bc" action="GRANT" actorId="synthetic-manual-browser" correlationId="a6a9e623-f2e0-4314-beaa-cf7fe0952d6d"
[WebServer] 2026-09-05T11:02:27.861+08:00 INFO  application=marketops-server environment=local buildVersion=0.1.0-SNAPSHOT correlationId=none c.m.m.a.i.a.JdbcMetadataAuditStore - Metadata change recorded event="metadata_change_recorded" sourceDomain="identityaccess" entityType="user-scope-grant" entityId="fe0b4d33-9a82-4256-a08c-bb07006bc556" action="GRANT" actorId="synthetic-manual-browser" correlationId="475a005b-1b9b-4b1e-bfa0-6b4da8dff667"
[WebServer] 2026-09-05T11:02:27.863+08:00 INFO  application=marketops-server environment=local buildVersion=0.1.0-SNAPSHOT correlationId=none c.m.m.a.i.a.JdbcMetadataAuditStore - Metadata change recorded event="metadata_change_recorded" sourceDomain="identityaccess" entityType="user-scope-grant" entityId="c712b294-41c0-4bd9-bd8d-6cda273bba45" action="GRANT" actorId="synthetic-manual-browser" correlationId="c271da36-b9c9-4380-9e02-63ca248ac516"
[WebServer] 2026-09-05T11:02:27.866+08:00 INFO  application=marketops-server environment=local buildVersion=0.1.0-SNAPSHOT correlationId=none c.m.m.a.i.a.JdbcMetadataAuditStore - Metadata change recorded event="metadata_change_recorded" sourceDomain="identityaccess" entityType="user-scope-grant" entityId="051d5de2-58b5-429a-b461-3369cea3a5f4" action="GRANT" actorId="synthetic-manual-browser" correlationId="0f016f31-4be1-4642-a123-8e23414fdf90"
[WebServer] 2026-09-05T11:02:27.868+08:00 INFO  application=marketops-server environment=local buildVersion=0.1.0-SNAPSHOT correlationId=none c.m.m.a.i.a.JdbcMetadataAuditStore - Metadata change recorded event="metadata_change_recorded" sourceDomain="identityaccess" entityType="user-scope-grant" entityId="7faa873c-a98c-4c0e-80fe-01e8393b495a" action="GRANT" actorId="synthetic-manual-browser" correlationId="dcf37f95-f4d8-419a-9b04-5536614aacf5"
[WebServer] 2026-09-05T11:02:27.870+08:00 INFO  application=marketops-server environment=local buildVersion=0.1.0-SNAPSHOT correlationId=none c.m.m.a.i.a.JdbcMetadataAuditStore - Metadata change recorded event="metadata_change_recorded" sourceDomain="identityaccess" entityType="user-scope-grant" entityId="97a6a715-62ad-4f33-b04d-5acad818d67d" action="GRANT" actorId="synthetic-manual-browser" correlationId="79ab492f-a039-48bf-89f2-103be34b3213"
[WebServer] 2026-09-05T11:02:27.873+08:00 INFO  application=marketops-server environment=local buildVersion=0.1.0-SNAPSHOT correlationId=none c.m.m.a.i.a.JdbcMetadataAuditStore - Metadata change recorded event="metadata_change_recorded" sourceDomain="identityaccess" entityType="user-scope-grant" entityId="01a58f6e-d4cc-4e17-bd09-42d40ea3fe75" action="GRANT" actorId="synthetic-manual-browser" correlationId="209fbafb-27ee-4902-ba65-2a596e0296ec"
[WebServer] 2026-09-05T11:02:28.222+08:00 INFO  application=marketops-server environment=local buildVersion=0.1.0-SNAPSHOT correlationId=none c.m.m.a.i.a.JdbcMetadataAuditStore - Metadata change recorded event="metadata_change_recorded" sourceDomain="identityaccess" entityType="user-role-assignment" entityId="279203ae-2665-4047-ae39-182d9c373c87" action="GRANT" actorId="synthetic-manual-browser" correlationId="c8a34556-e30b-4d0c-994d-e5ac982bd427"
[WebServer] 2026-09-05T11:02:28.225+08:00 INFO  application=marketops-server environment=local buildVersion=0.1.0-SNAPSHOT correlationId=none c.m.m.a.i.a.JdbcMetadataAuditStore - Metadata change recorded event="metadata_change_recorded" sourceDomain="identityaccess" entityType="user-scope-grant" entityId="df49ced7-ef27-4e84-9102-512bbb9f5c46" action="GRANT" actorId="synthetic-manual-browser" correlationId="4469f6c3-8ddb-4265-9205-e8bbb4a4bb2c"
[WebServer] 2026-09-05T11:02:28.228+08:00 INFO  application=marketops-server environment=local buildVersion=0.1.0-SNAPSHOT correlationId=none c.m.m.a.i.a.JdbcMetadataAuditStore - Metadata change recorded event="metadata_change_recorded" sourceDomain="identityaccess" entityType="user-scope-grant" entityId="bd82ae44-400c-418c-ab80-95c1032c92d6" action="GRANT" actorId="synthetic-manual-browser" correlationId="c28cd20f-1d44-405b-920b-393dc9370869"
[WebServer] 2026-09-05T11:02:28.230+08:00 INFO  application=marketops-server environment=local buildVersion=0.1.0-SNAPSHOT correlationId=none c.m.m.a.i.a.JdbcMetadataAuditStore - Metadata change recorded event="metadata_change_recorded" sourceDomain="identityaccess" entityType="user-scope-grant" entityId="b92acafa-d502-40bf-9fa2-7222c82c98e8" action="GRANT" actorId="synthetic-manual-browser" correlationId="bb05308a-473a-492e-8c3d-99367c3e4c00"
[WebServer] 2026-09-05T11:02:28.233+08:00 INFO  application=marketops-server environment=local buildVersion=0.1.0-SNAPSHOT correlationId=none c.m.m.a.i.a.JdbcMetadataAuditStore - Metadata change recorded event="metadata_change_recorded" sourceDomain="identityaccess" entityType="user-scope-grant" entityId="0b600a54-9084-4eb6-a720-e57a2011742f" action="GRANT" actorId="synthetic-manual-browser" correlationId="d300454c-a153-44e1-b542-de21f62ad96c"
[WebServer] 2026-09-05T11:02:28.255+08:00 INFO  application=marketops-server environment=local buildVersion=0.1.0-SNAPSHOT correlationId=none c.m.m.a.i.a.JdbcMetadataAuditStore - Metadata change recorded event="metadata_change_recorded" sourceDomain="identityaccess" entityType="user-scope-grant" entityId="c39227ff-f86e-40fa-816c-ef34613bfe02" action="GRANT" actorId="synthetic-manual-browser" correlationId="b6980b16-1b73-4379-bbd9-abf8222b4b60"
[WebServer] 2026-09-05T11:02:28.257+08:00 INFO  application=marketops-server environment=local buildVersion=0.1.0-SNAPSHOT correlationId=none c.m.m.a.i.a.JdbcMetadataAuditStore - Metadata change recorded event="metadata_change_recorded" sourceDomain="identityaccess" entityType="user-scope-grant" entityId="fc8b4416-0704-4929-bac4-f3cc1faf0b7e" action="GRANT" actorId="synthetic-manual-browser" correlationId="f26462bb-9790-4da4-a64f-5ccac944ee8b"
[WebServer] 2026-09-05T11:02:28.260+08:00 INFO  application=marketops-server environment=local buildVersion=0.1.0-SNAPSHOT correlationId=none c.m.m.a.i.a.JdbcMetadataAuditStore - Metadata change recorded event="metadata_change_recorded" sourceDomain="identityaccess" entityType="user-scope-grant" entityId="18eb48d9-72e2-46fa-a439-297b910ca986" action="GRANT" actorId="synthetic-manual-browser" correlationId="305d7103-d99e-4670-80de-0a28973bf9f2"
[WebServer] 2026-09-05T11:02:28.262+08:00 INFO  application=marketops-server environment=local buildVersion=0.1.0-SNAPSHOT correlationId=none c.m.m.a.i.a.JdbcMetadataAuditStore - Metadata change recorded event="metadata_change_recorded" sourceDomain="identityaccess" entityType="user-scope-grant" entityId="e45999a8-177e-495d-9a8d-f789892450c6" action="GRANT" actorId="synthetic-manual-browser" correlationId="fd49464f-6965-47dc-a427-e8ff418ffa1f"
[WebServer] 2026-09-05T11:02:28.264+08:00 INFO  application=marketops-server environment=local buildVersion=0.1.0-SNAPSHOT correlationId=none c.m.m.a.i.a.JdbcMetadataAuditStore - Metadata change recorded event="metadata_change_recorded" sourceDomain="identityaccess" entityType="user-scope-grant" entityId="16fe5922-169d-4b54-a58b-c72917b3e1b3" action="GRANT" actorId="synthetic-manual-browser" correlationId="11c0e6d3-366c-4435-b7b3-6e495eb46fd6"
[WebServer] 2026-09-05T11:02:28.267+08:00 INFO  application=marketops-server environment=local buildVersion=0.1.0-SNAPSHOT correlationId=none c.m.m.a.i.a.JdbcMetadataAuditStore - Metadata change recorded event="metadata_change_recorded" sourceDomain="identityaccess" entityType="user-scope-grant" entityId="bce3503a-694d-4c2c-8c64-9a6bc2aa2f0a" action="GRANT" actorId="synthetic-manual-browser" correlationId="b8bf7d57-62ba-4c2f-a0dc-a4a8041b8226"
[WebServer] 2026-09-05T11:02:28.297+08:00 INFO  application=marketops-server environment=local buildVersion=0.1.0-SNAPSHOT correlationId=none c.m.m.a.i.a.JdbcMetadataAuditStore - Metadata change recorded event="metadata_change_recorded" sourceDomain="identityaccess" entityType="user-scope-grant" entityId="e3f831fa-5fea-492a-8b28-8216a994f490" action="GRANT" actorId="synthetic-manual-browser" correlationId="5d5f66a5-cd53-4c84-a542-37a1700e9833"
[WebServer] 2026-09-05T11:02:28.305+08:00 INFO  application=marketops-server environment=local buildVersion=0.1.0-SNAPSHOT correlationId=none c.m.m.a.i.a.JdbcMetadataAuditStore - Metadata change recorded event="metadata_change_recorded" sourceDomain="identityaccess" entityType="user-scope-grant" entityId="612bc02d-614a-42ea-bef8-76262b6aadb6" action="GRANT" actorId="synthetic-manual-browser" correlationId="7c31e426-5a37-4a1b-9cc7-32f1afd5abb1"
[WebServer] 2026-09-05T11:02:28.309+08:00 INFO  application=marketops-server environment=local buildVersion=0.1.0-SNAPSHOT correlationId=none c.m.m.a.i.a.JdbcMetadataAuditStore - Metadata change recorded event="metadata_change_recorded" sourceDomain="identityaccess" entityType="user-scope-grant" entityId="93e2126d-8f25-4c23-9103-55b8def0c351" action="GRANT" actorId="synthetic-manual-browser" correlationId="ee21c2e5-15be-4320-9fc6-efa94ae829ad"
[WebServer] 2026-09-05T11:02:28.312+08:00 INFO  application=marketops-server environment=local buildVersion=0.1.0-SNAPSHOT correlationId=none c.m.m.a.i.a.JdbcMetadataAuditStore - Metadata change recorded event="metadata_change_recorded" sourceDomain="identityaccess" entityType="user-scope-grant" entityId="af434ac7-ed8b-46c7-a1a5-b8c5a42880a5" action="GRANT" actorId="synthetic-manual-browser" correlationId="fd600fc8-4be6-47c6-847b-4bfdaed4935f"
[WebServer] 2026-09-05T11:02:28.316+08:00 INFO  application=marketops-server environment=local buildVersion=0.1.0-SNAPSHOT correlationId=none c.m.m.a.i.a.JdbcMetadataAuditStore - Metadata change recorded event="metadata_change_recorded" sourceDomain="identityaccess" entityType="user-scope-grant" entityId="4b4b4ee7-3f17-4c6a-9f99-95c491ea3dd7" action="GRANT" actorId="synthetic-manual-browser" correlationId="60180126-0649-4c2d-81b9-86fab6a50a74"
[WebServer] 2026-09-05T11:02:28.319+08:00 INFO  application=marketops-server environment=local buildVersion=0.1.0-SNAPSHOT correlationId=none c.m.m.a.i.a.JdbcMetadataAuditStore - Metadata change recorded event="metadata_change_recorded" sourceDomain="identityaccess" entityType="user-scope-grant" entityId="020f45ef-e8c6-42fc-ae00-928c908884df" action="GRANT" actorId="synthetic-manual-browser" correlationId="8b3be14b-59a3-4fb6-98ac-892c17635419"
[WebServer] 2026-09-05T11:02:28.404+08:00 INFO  application=marketops-server environment=local buildVersion=0.1.0-SNAPSHOT correlationId=none c.m.m.a.i.a.JdbcMetadataAuditStore - Metadata change recorded event="metadata_change_recorded" sourceDomain="identityaccess" entityType="user-scope-grant" entityId="a7a096c3-bb31-434c-82e2-9813da9c3ed1" action="GRANT" actorId="synthetic-ad-browser" correlationId="0839a049-9d1c-4935-9c1a-d75256e7c95a"
[WebServer] (node:85108) Warning: The 'NO_COLOR' env is ignored due to the 'FORCE_COLOR' env being set.
[WebServer] (Use `node --trace-warnings ...` to show where the warning was created)
[WebServer] (node:85141) Warning: The 'NO_COLOR' env is ignored due to the 'FORCE_COLOR' env being set.
[WebServer] (Use `node --trace-warnings ...` to show where the warning was created)

Running 11 tests using 1 worker

(node:85151) Warning: The 'NO_COLOR' env is ignored due to the 'FORCE_COLOR' env being set.
(Use `node --trace-warnings ...` to show where the warning was created)
[WebServer] 2026-09-05T11:02:34.595+08:00 INFO  application=marketops-server environment=local buildVersion=0.1.0-SNAPSHOT correlationId=none o.a.c.c.C.[Tomcat].[localhost].[/] - Initializing Spring DispatcherServlet 'dispatcherServlet' 
[WebServer] 2026-09-05T11:02:34.596+08:00 INFO  application=marketops-server environment=local buildVersion=0.1.0-SNAPSHOT correlationId=none o.s.web.servlet.DispatcherServlet - Initializing Servlet 'dispatcherServlet' 
[WebServer] 2026-09-05T11:02:34.604+08:00 INFO  application=marketops-server environment=local buildVersion=0.1.0-SNAPSHOT correlationId=none o.s.web.servlet.DispatcherServlet - Completed initialization in 8 ms 
[WebServer] 2026-09-05T11:02:34.825+08:00 INFO  application=marketops-server environment=local buildVersion=0.1.0-SNAPSHOT correlationId=791eb105-535f-4d8f-a6ba-7bf368a2b23d c.m.m.s.i.c.CorrelationIdFilter - Request completed event="request_completed" correlationId="791eb105-535f-4d8f-a6ba-7bf368a2b23d" status="200"
[WebServer] 2026-09-05T11:02:34.825+08:00 INFO  application=marketops-server environment=local buildVersion=0.1.0-SNAPSHOT correlationId=936da280-268e-4064-a321-26c98a09bb68 c.m.m.s.i.c.CorrelationIdFilter - Request completed event="request_completed" correlationId="936da280-268e-4064-a321-26c98a09bb68" status="200"
[WebServer] 2026-09-05T11:02:35.046+08:00 INFO  application=marketops-server environment=local buildVersion=0.1.0-SNAPSHOT correlationId=8969644d-416c-4c1c-a4fe-6a02a19219fc c.m.m.s.i.e.ConsoleProblemAdvice - Console request refused event="console_request_refused" errorCode="RESOURCE_SCOPE_DENIED" correlationId="8969644d-416c-4c1c-a4fe-6a02a19219fc"
[WebServer] 2026-09-05T11:02:35.053+08:00 INFO  application=marketops-server environment=local buildVersion=0.1.0-SNAPSHOT correlationId=8969644d-416c-4c1c-a4fe-6a02a19219fc c.m.m.s.i.c.CorrelationIdFilter - Request completed event="request_completed" correlationId="8969644d-416c-4c1c-a4fe-6a02a19219fc" status="403"
[WebServer] 2026-09-05T11:02:35.061+08:00 INFO  application=marketops-server environment=local buildVersion=0.1.0-SNAPSHOT correlationId=d53d37a1-be41-4483-918f-1f9e873bf11c c.m.m.a.i.a.JdbcMetadataAuditStore - Metadata change recorded event="metadata_change_recorded" sourceDomain="advertisingefficiency" entityType="advertising_containments" entityId="cfe98e09-a975-4128-8790-34b8fb2b64c2" action="READ" actorId="fabf1f40-c04f-487d-a567-3d5d83c0b591" correlationId="d53d37a1-be41-4483-918f-1f9e873bf11c"
[WebServer] 2026-09-05T11:02:35.071+08:00 INFO  application=marketops-server environment=local buildVersion=0.1.0-SNAPSHOT correlationId=a9c86b69-c0bc-4cf6-8458-9b8859c63683 c.m.m.a.i.a.JdbcMetadataAuditStore - Metadata change recorded event="metadata_change_recorded" sourceDomain="availabilityrisk" entityType="availability_queue" entityId="cfe98e09-a975-4128-8790-34b8fb2b64c2" action="READ" actorId="fabf1f40-c04f-487d-a567-3d5d83c0b591" correlationId="a9c86b69-c0bc-4cf6-8458-9b8859c63683"
[WebServer] 2026-09-05T11:02:35.074+08:00 INFO  application=marketops-server environment=local buildVersion=0.1.0-SNAPSHOT correlationId=b15b343e-2097-46ad-9324-4cab761a2673 c.m.m.a.i.a.JdbcMetadataAuditStore - Metadata change recorded event="metadata_change_recorded" sourceDomain="advertisingefficiency" entityType="advertising_exposure" entityId="cfe98e09-a975-4128-8790-34b8fb2b64c2" action="READ" actorId="fabf1f40-c04f-487d-a567-3d5d83c0b591" correlationId="b15b343e-2097-46ad-9324-4cab761a2673"
[WebServer] 2026-09-05T11:02:35.081+08:00 INFO  application=marketops-server environment=local buildVersion=0.1.0-SNAPSHOT correlationId=a9c86b69-c0bc-4cf6-8458-9b8859c63683 c.m.m.s.i.c.CorrelationIdFilter - Request completed event="request_completed" correlationId="a9c86b69-c0bc-4cf6-8458-9b8859c63683" status="200"
[WebServer] 2026-09-05T11:02:35.085+08:00 INFO  application=marketops-server environment=local buildVersion=0.1.0-SNAPSHOT correlationId=164e9cd2-8f96-4a7d-a6e3-fd54e537f250 c.m.m.s.i.e.ConsoleProblemAdvice - Console request refused event="console_request_refused" errorCode="RESOURCE_NOT_FOUND" correlationId="164e9cd2-8f96-4a7d-a6e3-fd54e537f250"
[WebServer] 2026-09-05T11:02:35.086+08:00 INFO  application=marketops-server environment=local buildVersion=0.1.0-SNAPSHOT correlationId=164e9cd2-8f96-4a7d-a6e3-fd54e537f250 c.m.m.s.i.c.CorrelationIdFilter - Request completed event="request_completed" correlationId="164e9cd2-8f96-4a7d-a6e3-fd54e537f250" status="404"
[WebServer] 2026-09-05T11:02:35.086+08:00 INFO  application=marketops-server environment=local buildVersion=0.1.0-SNAPSHOT correlationId=b15b343e-2097-46ad-9324-4cab761a2673 c.m.m.s.i.c.CorrelationIdFilter - Request completed event="request_completed" correlationId="b15b343e-2097-46ad-9324-4cab761a2673" status="200"
[WebServer] 2026-09-05T11:02:35.090+08:00 INFO  application=marketops-server environment=local buildVersion=0.1.0-SNAPSHOT correlationId=d53d37a1-be41-4483-918f-1f9e873bf11c c.m.m.s.i.c.CorrelationIdFilter - Request completed event="request_completed" correlationId="d53d37a1-be41-4483-918f-1f9e873bf11c" status="200"
[WebServer] 2026-09-05T11:02:35.091+08:00 INFO  application=marketops-server environment=local buildVersion=0.1.0-SNAPSHOT correlationId=bf898414-5917-44e1-b0bd-7fb03f1aef64 c.m.m.a.i.a.JdbcMetadataAuditStore - Metadata change recorded event="metadata_change_recorded" sourceDomain="advertisingefficiency" entityType="advertising_reservations" entityId="cfe98e09-a975-4128-8790-34b8fb2b64c2" action="READ" actorId="fabf1f40-c04f-487d-a567-3d5d83c0b591" correlationId="bf898414-5917-44e1-b0bd-7fb03f1aef64"
[WebServer] 2026-09-05T11:02:35.096+08:00 INFO  application=marketops-server environment=local buildVersion=0.1.0-SNAPSHOT correlationId=bf898414-5917-44e1-b0bd-7fb03f1aef64 c.m.m.s.i.c.CorrelationIdFilter - Request completed event="request_completed" correlationId="bf898414-5917-44e1-b0bd-7fb03f1aef64" status="200"
[WebServer] 2026-09-05T11:02:35.116+08:00 INFO  application=marketops-server environment=local buildVersion=0.1.0-SNAPSHOT correlationId=70b01ed4-5411-420a-9bce-307c50a5a32a c.m.m.s.i.e.ConsoleProblemAdvice - Console request refused event="console_request_refused" errorCode="RESOURCE_SCOPE_DENIED" correlationId="70b01ed4-5411-420a-9bce-307c50a5a32a"
[WebServer] 2026-09-05T11:02:35.118+08:00 INFO  application=marketops-server environment=local buildVersion=0.1.0-SNAPSHOT correlationId=70b01ed4-5411-420a-9bce-307c50a5a32a c.m.m.s.i.c.CorrelationIdFilter - Request completed event="request_completed" correlationId="70b01ed4-5411-420a-9bce-307c50a5a32a" status="403"
[WebServer] 2026-09-05T11:02:35.130+08:00 INFO  application=marketops-server environment=local buildVersion=0.1.0-SNAPSHOT correlationId=46417f88-0125-4d46-818f-f2b4a3b5ea59 c.m.m.a.i.a.JdbcMetadataAuditStore - Metadata change recorded event="metadata_change_recorded" sourceDomain="advertisingefficiency" entityType="advertising_queue" entityId="cfe98e09-a975-4128-8790-34b8fb2b64c2" action="READ" actorId="fabf1f40-c04f-487d-a567-3d5d83c0b591" correlationId="46417f88-0125-4d46-818f-f2b4a3b5ea59"
[WebServer] 2026-09-05T11:02:35.131+08:00 INFO  application=marketops-server environment=local buildVersion=0.1.0-SNAPSHOT correlationId=2b7b70be-5cdf-4e24-b16c-b4c9f3412cf0 c.m.m.a.i.a.JdbcMetadataAuditStore - Metadata change recorded event="metadata_change_recorded" sourceDomain="advertisingefficiency" entityType="advertising_orchestration" entityId="cfe98e09-a975-4128-8790-34b8fb2b64c2" action="READ" actorId="fabf1f40-c04f-487d-a567-3d5d83c0b591" correlationId="2b7b70be-5cdf-4e24-b16c-b4c9f3412cf0"
[WebServer] 2026-09-05T11:02:35.135+08:00 INFO  application=marketops-server environment=local buildVersion=0.1.0-SNAPSHOT correlationId=2b7b70be-5cdf-4e24-b16c-b4c9f3412cf0 c.m.m.s.i.c.CorrelationIdFilter - Request completed event="request_completed" correlationId="2b7b70be-5cdf-4e24-b16c-b4c9f3412cf0" status="200"
[WebServer] 2026-09-05T11:02:35.209+08:00 INFO  application=marketops-server environment=local buildVersion=0.1.0-SNAPSHOT correlationId=46417f88-0125-4d46-818f-f2b4a3b5ea59 c.m.m.s.i.c.CorrelationIdFilter - Request completed event="request_completed" correlationId="46417f88-0125-4d46-818f-f2b4a3b5ea59" status="200"
[WebServer] 2026-09-05T11:02:35.573+08:00 INFO  application=marketops-server environment=local buildVersion=0.1.0-SNAPSHOT correlationId=5d4be289-2f17-426e-8a22-75439f7c4a75 c.m.m.a.i.a.JdbcMetadataAuditStore - Metadata change recorded event="metadata_change_recorded" sourceDomain="advertisingefficiency" entityType="advertising_case" entityId="d1674cee-4254-4ba5-8003-ae020d4878ef" action="READ" actorId="fabf1f40-c04f-487d-a567-3d5d83c0b591" correlationId="5d4be289-2f17-426e-8a22-75439f7c4a75"
[WebServer] 2026-09-05T11:02:35.590+08:00 INFO  application=marketops-server environment=local buildVersion=0.1.0-SNAPSHOT correlationId=5d4be289-2f17-426e-8a22-75439f7c4a75 c.m.m.s.i.c.CorrelationIdFilter - Request completed event="request_completed" correlationId="5d4be289-2f17-426e-8a22-75439f7c4a75" status="200"
[WebServer] 2026-09-05T11:02:35.630+08:00 INFO  application=marketops-server environment=local buildVersion=0.1.0-SNAPSHOT correlationId=bcf74506-2c1e-494b-af73-a99952a72415 c.m.m.a.i.a.JdbcMetadataAuditStore - Metadata change recorded event="metadata_change_recorded" sourceDomain="advertisingefficiency" entityType="advertising_manual_packet" entityId="47d5e82b-2577-4a6b-a31b-e9f3a71c600f" action="READ" actorId="fabf1f40-c04f-487d-a567-3d5d83c0b591" correlationId="bcf74506-2c1e-494b-af73-a99952a72415"
[WebServer] 2026-09-05T11:02:35.632+08:00 INFO  application=marketops-server environment=local buildVersion=0.1.0-SNAPSHOT correlationId=bcf74506-2c1e-494b-af73-a99952a72415 c.m.m.s.i.c.CorrelationIdFilter - Request completed event="request_completed" correlationId="bcf74506-2c1e-494b-af73-a99952a72415" status="200"
[WebServer] 2026-09-05T11:02:35.660+08:00 INFO  application=marketops-server environment=local buildVersion=0.1.0-SNAPSHOT correlationId=54f1723e-5ffc-4806-bf81-5e4fc502b265 c.m.m.s.i.c.CorrelationIdFilter - Request completed event="request_completed" correlationId="54f1723e-5ffc-4806-bf81-5e4fc502b265" status="200"
[WebServer] 2026-09-05T11:02:35.676+08:00 INFO  application=marketops-server environment=local buildVersion=0.1.0-SNAPSHOT correlationId=2d7877ad-1fe6-40dd-922e-fe3feca5cd10 c.m.m.s.i.c.CorrelationIdFilter - Request completed event="request_completed" correlationId="2d7877ad-1fe6-40dd-922e-fe3feca5cd10" status="200"
[WebServer] 2026-09-05T11:02:35.720+08:00 INFO  application=marketops-server environment=local buildVersion=0.1.0-SNAPSHOT correlationId=b6c116b0-4560-4456-a20a-9e196852b8c7 c.m.m.s.i.c.CorrelationIdFilter - Request completed event="request_completed" correlationId="b6c116b0-4560-4456-a20a-9e196852b8c7" status="200"
[WebServer] 2026-09-05T11:02:35.833+08:00 INFO  application=marketops-server environment=local buildVersion=0.1.0-SNAPSHOT correlationId=78c4bb92-3b94-41e8-8c0c-de9da64c5f30 c.m.m.s.i.c.CorrelationIdFilter - Request completed event="request_completed" correlationId="78c4bb92-3b94-41e8-8c0c-de9da64c5f30" status="204"
[WebServer] 2026-09-05T11:02:35.890+08:00 INFO  application=marketops-server environment=local buildVersion=0.1.0-SNAPSHOT correlationId=333f1986-ca1e-4a3c-bdfd-9c8ad84451f5 c.m.m.s.i.c.CorrelationIdFilter - Request completed event="request_completed" correlationId="333f1986-ca1e-4a3c-bdfd-9c8ad84451f5" status="200"
[WebServer] 2026-09-05T11:02:35.911+08:00 INFO  application=marketops-server environment=local buildVersion=0.1.0-SNAPSHOT correlationId=b0207994-0c3c-4cb8-ba2c-a83dddbe6434 c.m.m.s.i.c.CorrelationIdFilter - Request completed event="request_completed" correlationId="b0207994-0c3c-4cb8-ba2c-a83dddbe6434" status="200"
[WebServer] 2026-09-05T11:02:35.983+08:00 INFO  application=marketops-server environment=local buildVersion=0.1.0-SNAPSHOT correlationId=5e0c8d92-35c4-4c53-b85f-d1989e764030 c.m.m.a.i.a.JdbcMetadataAuditStore - Metadata change recorded event="metadata_change_recorded" sourceDomain="operationsworkflow" entityType="recommendation" entityId="56166279-d462-462f-9077-a5b54aa0a1b0" action="STATUS_CHANGE" actorId="fabf1f40-c04f-487d-a567-3d5d83c0b591" correlationId="5e0c8d92-35c4-4c53-b85f-d1989e764030"
[WebServer] 2026-09-05T11:02:36.031+08:00 INFO  application=marketops-server environment=local buildVersion=0.1.0-SNAPSHOT correlationId=5e0c8d92-35c4-4c53-b85f-d1989e764030 c.m.m.s.i.c.CorrelationIdFilter - Request completed event="request_completed" correlationId="5e0c8d92-35c4-4c53-b85f-d1989e764030" status="200"
[WebServer] 2026-09-05T11:02:36.172+08:00 INFO  application=marketops-server environment=local buildVersion=0.1.0-SNAPSHOT correlationId=d429ed6b-9fa6-4f05-a484-9b4ae12982e9 c.m.m.s.i.c.CorrelationIdFilter - Request completed event="request_completed" correlationId="d429ed6b-9fa6-4f05-a484-9b4ae12982e9" status="200"
[WebServer] 2026-09-05T11:02:36.197+08:00 INFO  application=marketops-server environment=local buildVersion=0.1.0-SNAPSHOT correlationId=d33c1d9f-e0c9-43b2-8c35-ec8ed0d7f6dd c.m.m.s.i.c.CorrelationIdFilter - Request completed event="request_completed" correlationId="d33c1d9f-e0c9-43b2-8c35-ec8ed0d7f6dd" status="200"
[WebServer] 2026-09-05T11:02:36.651+08:00 DEBUG application=marketops-server environment=local buildVersion=0.1.0-SNAPSHOT correlationId=c62a3eda-08d9-420e-8235-81934231c2d2 c.m.m.s.i.c.CorrelationIdFilter - Inbound correlation identifier replaced event="correlation_identifier_replaced" correlationId="c62a3eda-08d9-420e-8235-81934231c2d2" rejectionCategory="MISSING"
[WebServer] 2026-09-05T11:02:36.672+08:00 INFO  application=marketops-server environment=local buildVersion=0.1.0-SNAPSHOT correlationId=c62a3eda-08d9-420e-8235-81934231c2d2 c.m.m.s.i.e.ConsoleProblemAdvice - Console request refused event="console_request_refused" errorCode="VERSION_CONFLICT" correlationId="c62a3eda-08d9-420e-8235-81934231c2d2"
[WebServer] 2026-09-05T11:02:36.672+08:00 INFO  application=marketops-server environment=local buildVersion=0.1.0-SNAPSHOT correlationId=c62a3eda-08d9-420e-8235-81934231c2d2 c.m.m.s.i.c.CorrelationIdFilter - Request completed event="request_completed" correlationId="c62a3eda-08d9-420e-8235-81934231c2d2" status="409"
[WebServer] 2026-09-05T11:02:37.132+08:00 INFO  application=marketops-server environment=local buildVersion=0.1.0-SNAPSHOT correlationId=ff85e6fa-b22c-4ce9-83e8-577603c88336 c.m.m.s.i.c.CorrelationIdFilter - Request completed event="request_completed" correlationId="ff85e6fa-b22c-4ce9-83e8-577603c88336" status="200"
[WebServer] 2026-09-05T11:02:37.154+08:00 INFO  application=marketops-server environment=local buildVersion=0.1.0-SNAPSHOT correlationId=9a8246eb-974e-4298-ba7c-e4080ee0ab9a c.m.m.a.i.a.JdbcMetadataAuditStore - Metadata change recorded event="metadata_change_recorded" sourceDomain="advertisingefficiency" entityType="advertising_containments" entityId="cfe98e09-a975-4128-8790-34b8fb2b64c2" action="READ" actorId="49d945ed-8895-4eb2-9c5b-bc281c675234" correlationId="9a8246eb-974e-4298-ba7c-e4080ee0ab9a"
[WebServer] 2026-09-05T11:02:37.156+08:00 INFO  application=marketops-server environment=local buildVersion=0.1.0-SNAPSHOT correlationId=8705fce0-bb48-4de7-b26a-967b14693c03 c.m.m.s.i.e.ConsoleProblemAdvice - Console request refused event="console_request_refused" errorCode="RESOURCE_SCOPE_DENIED" correlationId="8705fce0-bb48-4de7-b26a-967b14693c03"
[WebServer] 2026-09-05T11:02:37.157+08:00 INFO  application=marketops-server environment=local buildVersion=0.1.0-SNAPSHOT correlationId=8705fce0-bb48-4de7-b26a-967b14693c03 c.m.m.s.i.c.CorrelationIdFilter - Request completed event="request_completed" correlationId="8705fce0-bb48-4de7-b26a-967b14693c03" status="403"
[WebServer] 2026-09-05T11:02:37.158+08:00 INFO  application=marketops-server environment=local buildVersion=0.1.0-SNAPSHOT correlationId=3c65e70f-e16f-4dfc-ab4c-6e6a71da236f c.m.m.a.i.a.JdbcMetadataAuditStore - Metadata change recorded event="metadata_change_recorded" sourceDomain="advertisingefficiency" entityType="advertising_reservations" entityId="cfe98e09-a975-4128-8790-34b8fb2b64c2" action="READ" actorId="49d945ed-8895-4eb2-9c5b-bc281c675234" correlationId="3c65e70f-e16f-4dfc-ab4c-6e6a71da236f"
[WebServer] 2026-09-05T11:02:37.161+08:00 INFO  application=marketops-server environment=local buildVersion=0.1.0-SNAPSHOT correlationId=3c65e70f-e16f-4dfc-ab4c-6e6a71da236f c.m.m.s.i.c.CorrelationIdFilter - Request completed event="request_completed" correlationId="3c65e70f-e16f-4dfc-ab4c-6e6a71da236f" status="200"
[WebServer] 2026-09-05T11:02:37.163+08:00 INFO  application=marketops-server environment=local buildVersion=0.1.0-SNAPSHOT correlationId=b78fb56c-85b1-4f86-8346-c1a30a5c357e c.m.m.s.i.e.ConsoleProblemAdvice - Console request refused event="console_request_refused" errorCode="RESOURCE_NOT_FOUND" correlationId="b78fb56c-85b1-4f86-8346-c1a30a5c357e"
[WebServer] 2026-09-05T11:02:37.164+08:00 INFO  application=marketops-server environment=local buildVersion=0.1.0-SNAPSHOT correlationId=b78fb56c-85b1-4f86-8346-c1a30a5c357e c.m.m.s.i.c.CorrelationIdFilter - Request completed event="request_completed" correlationId="b78fb56c-85b1-4f86-8346-c1a30a5c357e" status="404"
[WebServer] 2026-09-05T11:02:37.167+08:00 INFO  application=marketops-server environment=local buildVersion=0.1.0-SNAPSHOT correlationId=9a8246eb-974e-4298-ba7c-e4080ee0ab9a c.m.m.s.i.c.CorrelationIdFilter - Request completed event="request_completed" correlationId="9a8246eb-974e-4298-ba7c-e4080ee0ab9a" status="200"
[WebServer] 2026-09-05T11:02:37.176+08:00 INFO  application=marketops-server environment=local buildVersion=0.1.0-SNAPSHOT correlationId=bcfb53e1-31ac-4808-8003-e991f01260af c.m.m.a.i.a.JdbcMetadataAuditStore - Metadata change recorded event="metadata_change_recorded" sourceDomain="availabilityrisk" entityType="availability_queue" entityId="cfe98e09-a975-4128-8790-34b8fb2b64c2" action="READ" actorId="49d945ed-8895-4eb2-9c5b-bc281c675234" correlationId="bcfb53e1-31ac-4808-8003-e991f01260af"
[WebServer] 2026-09-05T11:02:37.178+08:00 INFO  application=marketops-server environment=local buildVersion=0.1.0-SNAPSHOT correlationId=bcfb53e1-31ac-4808-8003-e991f01260af c.m.m.s.i.c.CorrelationIdFilter - Request completed event="request_completed" correlationId="bcfb53e1-31ac-4808-8003-e991f01260af" status="200"
[WebServer] 2026-09-05T11:02:37.182+08:00 INFO  application=marketops-server environment=local buildVersion=0.1.0-SNAPSHOT correlationId=849d0c4b-8df7-4524-8050-a37a24bdd170 c.m.m.a.i.a.JdbcMetadataAuditStore - Metadata change recorded event="metadata_change_recorded" sourceDomain="advertisingefficiency" entityType="advertising_exposure" entityId="cfe98e09-a975-4128-8790-34b8fb2b64c2" action="READ" actorId="49d945ed-8895-4eb2-9c5b-bc281c675234" correlationId="849d0c4b-8df7-4524-8050-a37a24bdd170"
[WebServer] 2026-09-05T11:02:37.184+08:00 INFO  application=marketops-server environment=local buildVersion=0.1.0-SNAPSHOT correlationId=849d0c4b-8df7-4524-8050-a37a24bdd170 c.m.m.s.i.c.CorrelationIdFilter - Request completed event="request_completed" correlationId="849d0c4b-8df7-4524-8050-a37a24bdd170" status="200"
[WebServer] 2026-09-05T11:02:37.186+08:00 INFO  application=marketops-server environment=local buildVersion=0.1.0-SNAPSHOT correlationId=a9ed74e5-af84-47cb-953e-d2b49390bb7e c.m.m.s.i.e.ConsoleProblemAdvice - Console request refused event="console_request_refused" errorCode="RESOURCE_SCOPE_DENIED" correlationId="a9ed74e5-af84-47cb-953e-d2b49390bb7e"
[WebServer] 2026-09-05T11:02:37.186+08:00 INFO  application=marketops-server environment=local buildVersion=0.1.0-SNAPSHOT correlationId=a9ed74e5-af84-47cb-953e-d2b49390bb7e c.m.m.s.i.c.CorrelationIdFilter - Request completed event="request_completed" correlationId="a9ed74e5-af84-47cb-953e-d2b49390bb7e" status="403"
[WebServer] 2026-09-05T11:02:37.192+08:00 INFO  application=marketops-server environment=local buildVersion=0.1.0-SNAPSHOT correlationId=b1bda600-9540-41cd-87aa-081d99420d8a c.m.m.a.i.a.JdbcMetadataAuditStore - Metadata change recorded event="metadata_change_recorded" sourceDomain="advertisingefficiency" entityType="advertising_queue" entityId="cfe98e09-a975-4128-8790-34b8fb2b64c2" action="READ" actorId="49d945ed-8895-4eb2-9c5b-bc281c675234" correlationId="b1bda600-9540-41cd-87aa-081d99420d8a"
[WebServer] 2026-09-05T11:02:37.207+08:00 INFO  application=marketops-server environment=local buildVersion=0.1.0-SNAPSHOT correlationId=3c9ccd62-4a6b-4537-821d-590b2c57e511 c.m.m.a.i.a.JdbcMetadataAuditStore - Metadata change recorded event="metadata_change_recorded" sourceDomain="advertisingefficiency" entityType="advertising_orchestration" entityId="cfe98e09-a975-4128-8790-34b8fb2b64c2" action="READ" actorId="49d945ed-8895-4eb2-9c5b-bc281c675234" correlationId="3c9ccd62-4a6b-4537-821d-590b2c57e511"
[WebServer] 2026-09-05T11:02:37.209+08:00 INFO  application=marketops-server environment=local buildVersion=0.1.0-SNAPSHOT correlationId=3c9ccd62-4a6b-4537-821d-590b2c57e511 c.m.m.s.i.c.CorrelationIdFilter - Request completed event="request_completed" correlationId="3c9ccd62-4a6b-4537-821d-590b2c57e511" status="200"
[WebServer] 2026-09-05T11:02:37.216+08:00 INFO  application=marketops-server environment=local buildVersion=0.1.0-SNAPSHOT correlationId=f0d7206c-8f05-4d88-86c9-1ccacd5f5ddc c.m.m.s.i.c.CorrelationIdFilter - Request completed event="request_completed" correlationId="f0d7206c-8f05-4d88-86c9-1ccacd5f5ddc" status="200"
[WebServer] 2026-09-05T11:02:37.261+08:00 INFO  application=marketops-server environment=local buildVersion=0.1.0-SNAPSHOT correlationId=b1bda600-9540-41cd-87aa-081d99420d8a c.m.m.s.i.c.CorrelationIdFilter - Request completed event="request_completed" correlationId="b1bda600-9540-41cd-87aa-081d99420d8a" status="200"
[WebServer] 2026-09-05T11:02:37.315+08:00 INFO  application=marketops-server environment=local buildVersion=0.1.0-SNAPSHOT correlationId=96502643-dbbf-406a-857e-2846f2bb084c c.m.m.a.i.a.JdbcMetadataAuditStore - Metadata change recorded event="metadata_change_recorded" sourceDomain="advertisingefficiency" entityType="advertising_case" entityId="d1674cee-4254-4ba5-8003-ae020d4878ef" action="READ" actorId="49d945ed-8895-4eb2-9c5b-bc281c675234" correlationId="96502643-dbbf-406a-857e-2846f2bb084c"
[WebServer] 2026-09-05T11:02:37.335+08:00 INFO  application=marketops-server environment=local buildVersion=0.1.0-SNAPSHOT correlationId=96502643-dbbf-406a-857e-2846f2bb084c c.m.m.s.i.c.CorrelationIdFilter - Request completed event="request_completed" correlationId="96502643-dbbf-406a-857e-2846f2bb084c" status="200"
[WebServer] 2026-09-05T11:02:37.367+08:00 INFO  application=marketops-server environment=local buildVersion=0.1.0-SNAPSHOT correlationId=37c24a89-4763-407d-a7ec-5f6728a284ef c.m.m.a.i.a.JdbcMetadataAuditStore - Metadata change recorded event="metadata_change_recorded" sourceDomain="advertisingefficiency" entityType="advertising_manual_packet" entityId="47d5e82b-2577-4a6b-a31b-e9f3a71c600f" action="READ" actorId="49d945ed-8895-4eb2-9c5b-bc281c675234" correlationId="37c24a89-4763-407d-a7ec-5f6728a284ef"
[WebServer] 2026-09-05T11:02:37.371+08:00 INFO  application=marketops-server environment=local buildVersion=0.1.0-SNAPSHOT correlationId=37c24a89-4763-407d-a7ec-5f6728a284ef c.m.m.s.i.c.CorrelationIdFilter - Request completed event="request_completed" correlationId="37c24a89-4763-407d-a7ec-5f6728a284ef" status="200"
[WebServer] 2026-09-05T11:02:37.411+08:00 INFO  application=marketops-server environment=local buildVersion=0.1.0-SNAPSHOT correlationId=a68876cf-a827-40f2-8692-635384224ac4 c.m.m.s.i.c.CorrelationIdFilter - Request completed event="request_completed" correlationId="a68876cf-a827-40f2-8692-635384224ac4" status="200"
[WebServer] 2026-09-05T11:02:37.422+08:00 INFO  application=marketops-server environment=local buildVersion=0.1.0-SNAPSHOT correlationId=3d3aec25-4231-4750-8dd0-490c1aefed65 c.m.m.s.i.c.CorrelationIdFilter - Request completed event="request_completed" correlationId="3d3aec25-4231-4750-8dd0-490c1aefed65" status="200"
[WebServer] 2026-09-05T11:02:37.454+08:00 INFO  application=marketops-server environment=local buildVersion=0.1.0-SNAPSHOT correlationId=0a8d2190-1381-4c93-a7f0-cb0034d99105 c.m.m.s.i.c.CorrelationIdFilter - Request completed event="request_completed" correlationId="0a8d2190-1381-4c93-a7f0-cb0034d99105" status="200"
[WebServer] 2026-09-05T11:02:37.647+08:00 INFO  application=marketops-server environment=local buildVersion=0.1.0-SNAPSHOT correlationId=dad458a0-41e8-4b5d-a825-0afcc4c57c92 c.m.m.a.i.a.JdbcMetadataAuditStore - Metadata change recorded event="metadata_change_recorded" sourceDomain="operationsworkflow" entityType="recommendation" entityId="56166279-d462-462f-9077-a5b54aa0a1b0" action="STATUS_CHANGE" actorId="49d945ed-8895-4eb2-9c5b-bc281c675234" correlationId="dad458a0-41e8-4b5d-a825-0afcc4c57c92"
[WebServer] 2026-09-05T11:02:37.668+08:00 INFO  application=marketops-server environment=local buildVersion=0.1.0-SNAPSHOT correlationId=dad458a0-41e8-4b5d-a825-0afcc4c57c92 c.m.m.s.i.c.CorrelationIdFilter - Request completed event="request_completed" correlationId="dad458a0-41e8-4b5d-a825-0afcc4c57c92" status="200"
[WebServer] 2026-09-05T11:02:37.722+08:00 INFO  application=marketops-server environment=local buildVersion=0.1.0-SNAPSHOT correlationId=a89daa70-0369-40da-b491-e0e3d3f28ea3 c.m.m.s.i.c.CorrelationIdFilter - Request completed event="request_completed" correlationId="a89daa70-0369-40da-b491-e0e3d3f28ea3" status="200"
[WebServer] 2026-09-05T11:02:37.743+08:00 INFO  application=marketops-server environment=local buildVersion=0.1.0-SNAPSHOT correlationId=3c187a27-cb22-4d16-91cb-135fd6bd0810 c.m.m.s.i.c.CorrelationIdFilter - Request completed event="request_completed" correlationId="3c187a27-cb22-4d16-91cb-135fd6bd0810" status="200"
[WebServer] 2026-09-05T11:02:38.250+08:00 INFO  application=marketops-server environment=local buildVersion=0.1.0-SNAPSHOT correlationId=93c2ba4c-dd98-433b-83aa-63d4522f3398 c.m.m.s.i.e.ConsoleProblemAdvice - Console request refused event="console_request_refused" errorCode="RESOURCE_NOT_FOUND" correlationId="93c2ba4c-dd98-433b-83aa-63d4522f3398"
[WebServer] 2026-09-05T11:02:38.251+08:00 INFO  application=marketops-server environment=local buildVersion=0.1.0-SNAPSHOT correlationId=93c2ba4c-dd98-433b-83aa-63d4522f3398 c.m.m.s.i.c.CorrelationIdFilter - Request completed event="request_completed" correlationId="93c2ba4c-dd98-433b-83aa-63d4522f3398" status="404"
[WebServer] 2026-09-05T11:02:38.255+08:00 INFO  application=marketops-server environment=local buildVersion=0.1.0-SNAPSHOT correlationId=766afa97-a41c-4517-b17f-6eea82c040b0 c.m.m.a.i.a.JdbcMetadataAuditStore - Metadata change recorded event="metadata_change_recorded" sourceDomain="advertisingefficiency" entityType="advertising_reservations" entityId="cfe98e09-a975-4128-8790-34b8fb2b64c2" action="READ" actorId="4df1f3b9-74d6-415f-93a5-d26001ff0d3c" correlationId="766afa97-a41c-4517-b17f-6eea82c040b0"
[WebServer] 2026-09-05T11:02:38.256+08:00 INFO  application=marketops-server environment=local buildVersion=0.1.0-SNAPSHOT correlationId=38b9d948-6b20-42d3-b747-58482afb5ed9 c.m.m.a.i.a.JdbcMetadataAuditStore - Metadata change recorded event="metadata_change_recorded" sourceDomain="advertisingefficiency" entityType="advertising_containments" entityId="cfe98e09-a975-4128-8790-34b8fb2b64c2" action="READ" actorId="4df1f3b9-74d6-415f-93a5-d26001ff0d3c" correlationId="38b9d948-6b20-42d3-b747-58482afb5ed9"
[WebServer] 2026-09-05T11:02:38.257+08:00 INFO  application=marketops-server environment=local buildVersion=0.1.0-SNAPSHOT correlationId=c1aab99a-665d-4647-9d88-703ffd4d9118 c.m.m.s.i.e.ConsoleProblemAdvice - Console request refused event="console_request_refused" errorCode="RESOURCE_SCOPE_DENIED" correlationId="c1aab99a-665d-4647-9d88-703ffd4d9118"
[WebServer] 2026-09-05T11:02:38.258+08:00 INFO  application=marketops-server environment=local buildVersion=0.1.0-SNAPSHOT correlationId=c1aab99a-665d-4647-9d88-703ffd4d9118 c.m.m.s.i.c.CorrelationIdFilter - Request completed event="request_completed" correlationId="c1aab99a-665d-4647-9d88-703ffd4d9118" status="403"
[WebServer] 2026-09-05T11:02:38.258+08:00 INFO  application=marketops-server environment=local buildVersion=0.1.0-SNAPSHOT correlationId=ef33e56c-0d3d-4a58-aec1-fa58642226e3 c.m.m.s.i.c.CorrelationIdFilter - Request completed event="request_completed" correlationId="ef33e56c-0d3d-4a58-aec1-fa58642226e3" status="200"
[WebServer] 2026-09-05T11:02:38.259+08:00 INFO  application=marketops-server environment=local buildVersion=0.1.0-SNAPSHOT correlationId=766afa97-a41c-4517-b17f-6eea82c040b0 c.m.m.s.i.c.CorrelationIdFilter - Request completed event="request_completed" correlationId="766afa97-a41c-4517-b17f-6eea82c040b0" status="200"
[WebServer] 2026-09-05T11:02:38.265+08:00 INFO  application=marketops-server environment=local buildVersion=0.1.0-SNAPSHOT correlationId=965c90dc-9fc3-4dba-a9d8-11af6c6298b8 c.m.m.a.i.a.JdbcMetadataAuditStore - Metadata change recorded event="metadata_change_recorded" sourceDomain="advertisingefficiency" entityType="advertising_exposure" entityId="cfe98e09-a975-4128-8790-34b8fb2b64c2" action="READ" actorId="4df1f3b9-74d6-415f-93a5-d26001ff0d3c" correlationId="965c90dc-9fc3-4dba-a9d8-11af6c6298b8"
[WebServer] 2026-09-05T11:02:38.267+08:00 INFO  application=marketops-server environment=local buildVersion=0.1.0-SNAPSHOT correlationId=38b9d948-6b20-42d3-b747-58482afb5ed9 c.m.m.s.i.c.CorrelationIdFilter - Request completed event="request_completed" correlationId="38b9d948-6b20-42d3-b747-58482afb5ed9" status="200"
[WebServer] 2026-09-05T11:02:38.267+08:00 INFO  application=marketops-server environment=local buildVersion=0.1.0-SNAPSHOT correlationId=965c90dc-9fc3-4dba-a9d8-11af6c6298b8 c.m.m.s.i.c.CorrelationIdFilter - Request completed event="request_completed" correlationId="965c90dc-9fc3-4dba-a9d8-11af6c6298b8" status="200"
[WebServer] 2026-09-05T11:02:38.273+08:00 INFO  application=marketops-server environment=local buildVersion=0.1.0-SNAPSHOT correlationId=9f1210c2-8895-4fa3-9171-5fffa92e935d c.m.m.a.i.a.JdbcMetadataAuditStore - Metadata change recorded event="metadata_change_recorded" sourceDomain="availabilityrisk" entityType="availability_queue" entityId="cfe98e09-a975-4128-8790-34b8fb2b64c2" action="READ" actorId="4df1f3b9-74d6-415f-93a5-d26001ff0d3c" correlationId="9f1210c2-8895-4fa3-9171-5fffa92e935d"
[WebServer] 2026-09-05T11:02:38.273+08:00 INFO  application=marketops-server environment=local buildVersion=0.1.0-SNAPSHOT correlationId=f1b39cf9-e081-4c9c-9657-3fd9091d4e23 c.m.m.s.i.e.ConsoleProblemAdvice - Console request refused event="console_request_refused" errorCode="RESOURCE_SCOPE_DENIED" correlationId="f1b39cf9-e081-4c9c-9657-3fd9091d4e23"
[WebServer] 2026-09-05T11:02:38.274+08:00 INFO  application=marketops-server environment=local buildVersion=0.1.0-SNAPSHOT correlationId=f1b39cf9-e081-4c9c-9657-3fd9091d4e23 c.m.m.s.i.c.CorrelationIdFilter - Request completed event="request_completed" correlationId="f1b39cf9-e081-4c9c-9657-3fd9091d4e23" status="403"
[WebServer] 2026-09-05T11:02:38.276+08:00 INFO  application=marketops-server environment=local buildVersion=0.1.0-SNAPSHOT correlationId=9f1210c2-8895-4fa3-9171-5fffa92e935d c.m.m.s.i.c.CorrelationIdFilter - Request completed event="request_completed" correlationId="9f1210c2-8895-4fa3-9171-5fffa92e935d" status="200"
[WebServer] 2026-09-05T11:02:38.280+08:00 INFO  application=marketops-server environment=local buildVersion=0.1.0-SNAPSHOT correlationId=a89380b5-c760-466e-9e42-731348208c73 c.m.m.a.i.a.JdbcMetadataAuditStore - Metadata change recorded event="metadata_change_recorded" sourceDomain="advertisingefficiency" entityType="advertising_queue" entityId="cfe98e09-a975-4128-8790-34b8fb2b64c2" action="READ" actorId="4df1f3b9-74d6-415f-93a5-d26001ff0d3c" correlationId="a89380b5-c760-466e-9e42-731348208c73"
[WebServer] 2026-09-05T11:02:38.287+08:00 INFO  application=marketops-server environment=local buildVersion=0.1.0-SNAPSHOT correlationId=5809a44a-1ce5-47e9-90d3-1cc9edcecde8 c.m.m.a.i.a.JdbcMetadataAuditStore - Metadata change recorded event="metadata_change_recorded" sourceDomain="advertisingefficiency" entityType="advertising_orchestration" entityId="cfe98e09-a975-4128-8790-34b8fb2b64c2" action="READ" actorId="4df1f3b9-74d6-415f-93a5-d26001ff0d3c" correlationId="5809a44a-1ce5-47e9-90d3-1cc9edcecde8"
[WebServer] 2026-09-05T11:02:38.288+08:00 INFO  application=marketops-server environment=local buildVersion=0.1.0-SNAPSHOT correlationId=5809a44a-1ce5-47e9-90d3-1cc9edcecde8 c.m.m.s.i.c.CorrelationIdFilter - Request completed event="request_completed" correlationId="5809a44a-1ce5-47e9-90d3-1cc9edcecde8" status="200"
[WebServer] 2026-09-05T11:02:38.311+08:00 INFO  application=marketops-server environment=local buildVersion=0.1.0-SNAPSHOT correlationId=88a00545-b2eb-4119-b58c-de0d77082ae8 c.m.m.s.i.c.CorrelationIdFilter - Request completed event="request_completed" correlationId="88a00545-b2eb-4119-b58c-de0d77082ae8" status="200"
[WebServer] 2026-09-05T11:02:38.329+08:00 INFO  application=marketops-server environment=local buildVersion=0.1.0-SNAPSHOT correlationId=a89380b5-c760-466e-9e42-731348208c73 c.m.m.s.i.c.CorrelationIdFilter - Request completed event="request_completed" correlationId="a89380b5-c760-466e-9e42-731348208c73" status="200"
[WebServer] 2026-09-05T11:02:38.376+08:00 INFO  application=marketops-server environment=local buildVersion=0.1.0-SNAPSHOT correlationId=eb74f46c-c38e-4016-8ec5-abf18cfb2b4a c.m.m.a.i.a.JdbcMetadataAuditStore - Metadata change recorded event="metadata_change_recorded" sourceDomain="advertisingefficiency" entityType="advertising_case" entityId="d1674cee-4254-4ba5-8003-ae020d4878ef" action="READ" actorId="4df1f3b9-74d6-415f-93a5-d26001ff0d3c" correlationId="eb74f46c-c38e-4016-8ec5-abf18cfb2b4a"
[WebServer] 2026-09-05T11:02:38.390+08:00 INFO  application=marketops-server environment=local buildVersion=0.1.0-SNAPSHOT correlationId=eb74f46c-c38e-4016-8ec5-abf18cfb2b4a c.m.m.s.i.c.CorrelationIdFilter - Request completed event="request_completed" correlationId="eb74f46c-c38e-4016-8ec5-abf18cfb2b4a" status="200"
[WebServer] 2026-09-05T11:02:38.413+08:00 INFO  application=marketops-server environment=local buildVersion=0.1.0-SNAPSHOT correlationId=75f11da5-1f54-4281-87e8-e484a3099764 c.m.m.a.i.a.JdbcMetadataAuditStore - Metadata change recorded event="metadata_change_recorded" sourceDomain="advertisingefficiency" entityType="advertising_manual_packet" entityId="47d5e82b-2577-4a6b-a31b-e9f3a71c600f" action="READ" actorId="4df1f3b9-74d6-415f-93a5-d26001ff0d3c" correlationId="75f11da5-1f54-4281-87e8-e484a3099764"
[WebServer] 2026-09-05T11:02:38.414+08:00 INFO  application=marketops-server environment=local buildVersion=0.1.0-SNAPSHOT correlationId=75f11da5-1f54-4281-87e8-e484a3099764 c.m.m.s.i.c.CorrelationIdFilter - Request completed event="request_completed" correlationId="75f11da5-1f54-4281-87e8-e484a3099764" status="200"
[WebServer] 2026-09-05T11:02:38.433+08:00 INFO  application=marketops-server environment=local buildVersion=0.1.0-SNAPSHOT correlationId=b8a6a1a9-bcba-4688-a8bf-e60150acae28 c.m.m.s.i.c.CorrelationIdFilter - Request completed event="request_completed" correlationId="b8a6a1a9-bcba-4688-a8bf-e60150acae28" status="200"
[WebServer] 2026-09-05T11:02:38.436+08:00 INFO  application=marketops-server environment=local buildVersion=0.1.0-SNAPSHOT correlationId=87688098-a582-44af-9db2-cebe08047754 c.m.m.s.i.c.CorrelationIdFilter - Request completed event="request_completed" correlationId="87688098-a582-44af-9db2-cebe08047754" status="200"
[WebServer] 2026-09-05T11:02:38.460+08:00 INFO  application=marketops-server environment=local buildVersion=0.1.0-SNAPSHOT correlationId=7933f8a6-d509-4b0f-8a0a-5cef91bd8202 c.m.m.s.i.c.CorrelationIdFilter - Request completed event="request_completed" correlationId="7933f8a6-d509-4b0f-8a0a-5cef91bd8202" status="200"
[WebServer] 2026-09-05T11:02:38.622+08:00 INFO  application=marketops-server environment=local buildVersion=0.1.0-SNAPSHOT correlationId=c58b3b06-e29a-4c87-9ea2-1d4a9c7a5bff c.m.m.s.i.c.CorrelationIdFilter - Request completed event="request_completed" correlationId="c58b3b06-e29a-4c87-9ea2-1d4a9c7a5bff" status="200"
  ✘   1 tests/advertising-browser/governed-advertising.spec.ts:73:1 › real Maker, Ops Lead and Owner decisions preserve minimum disclosure and exact versions (24.7s)
(node:85200) Warning: The 'NO_COLOR' env is ignored due to the 'FORCE_COLOR' env being set.
(Use `node --trace-warnings ...` to show where the warning was created)
[WebServer] 2026-09-05T11:02:59.169+08:00 DEBUG application=marketops-server environment=local buildVersion=0.1.0-SNAPSHOT correlationId=6840e511-1b9e-4d8d-81d7-b59877dd6bbd c.m.m.s.i.c.CorrelationIdFilter - Inbound correlation identifier replaced event="correlation_identifier_replaced" correlationId="6840e511-1b9e-4d8d-81d7-b59877dd6bbd" rejectionCategory="MISSING"
[WebServer] 2026-09-05T11:02:59.181+08:00 INFO  application=marketops-server environment=local buildVersion=0.1.0-SNAPSHOT correlationId=6840e511-1b9e-4d8d-81d7-b59877dd6bbd c.m.m.s.i.c.CorrelationIdFilter - Request completed event="request_completed" correlationId="6840e511-1b9e-4d8d-81d7-b59877dd6bbd" status="401"
[WebServer] 2026-09-05T11:02:59.187+08:00 DEBUG application=marketops-server environment=local buildVersion=0.1.0-SNAPSHOT correlationId=83382294-b680-4d17-933d-e485bc888c4d c.m.m.s.i.c.CorrelationIdFilter - Inbound correlation identifier replaced event="correlation_identifier_replaced" correlationId="83382294-b680-4d17-933d-e485bc888c4d" rejectionCategory="MISSING"
[WebServer] 2026-09-05T11:02:59.190+08:00 INFO  application=marketops-server environment=local buildVersion=0.1.0-SNAPSHOT correlationId=83382294-b680-4d17-933d-e485bc888c4d c.m.m.s.i.c.CorrelationIdFilter - Request completed event="request_completed" correlationId="83382294-b680-4d17-933d-e485bc888c4d" status="401"
  ✓   2 tests/advertising-browser/governed-advertising.spec.ts:151:1 › real backend denies absent and forged credentials before advertising data is disclosed (53ms)
[WebServer] 2026-09-05T11:02:59.676+08:00 INFO  application=marketops-server environment=local buildVersion=0.1.0-SNAPSHOT correlationId=9fd762c9-5348-40fa-a215-632ffce4fb01 c.m.m.s.i.e.ConsoleProblemAdvice - Console request refused event="console_request_refused" errorCode="RESOURCE_SCOPE_DENIED" correlationId="9fd762c9-5348-40fa-a215-632ffce4fb01"
[WebServer] 2026-09-05T11:02:59.677+08:00 INFO  application=marketops-server environment=local buildVersion=0.1.0-SNAPSHOT correlationId=9fd762c9-5348-40fa-a215-632ffce4fb01 c.m.m.s.i.c.CorrelationIdFilter - Request completed event="request_completed" correlationId="9fd762c9-5348-40fa-a215-632ffce4fb01" status="403"
[WebServer] 2026-09-05T11:02:59.692+08:00 INFO  application=marketops-server environment=local buildVersion=0.1.0-SNAPSHOT correlationId=ba46d308-45db-4899-8327-3459828f96ae c.m.m.a.i.a.JdbcMetadataAuditStore - Metadata change recorded event="metadata_change_recorded" sourceDomain="advertisingefficiency" entityType="advertising_exposure" entityId="2d291ffd-d766-4739-8ec8-9fc54ce5bcf8" action="READ" actorId="3595aa7b-cd8b-49b6-84a3-0fb28cdbcd5c" correlationId="ba46d308-45db-4899-8327-3459828f96ae"
[WebServer] 2026-09-05T11:02:59.695+08:00 INFO  application=marketops-server environment=local buildVersion=0.1.0-SNAPSHOT correlationId=ba46d308-45db-4899-8327-3459828f96ae c.m.m.s.i.c.CorrelationIdFilter - Request completed event="request_completed" correlationId="ba46d308-45db-4899-8327-3459828f96ae" status="200"
[WebServer] 2026-09-05T11:02:59.695+08:00 INFO  application=marketops-server environment=local buildVersion=0.1.0-SNAPSHOT correlationId=600539e6-3f69-451d-98b1-7d87c7a616f7 c.m.m.a.i.a.JdbcMetadataAuditStore - Metadata change recorded event="metadata_change_recorded" sourceDomain="availabilityrisk" entityType="availability_queue" entityId="2d291ffd-d766-4739-8ec8-9fc54ce5bcf8" action="READ" actorId="3595aa7b-cd8b-49b6-84a3-0fb28cdbcd5c" correlationId="600539e6-3f69-451d-98b1-7d87c7a616f7"
[WebServer] 2026-09-05T11:02:59.698+08:00 INFO  application=marketops-server environment=local buildVersion=0.1.0-SNAPSHOT correlationId=52e82f51-7802-457f-a243-8fe1ec9a2aba c.m.m.a.i.a.JdbcMetadataAuditStore - Metadata change recorded event="metadata_change_recorded" sourceDomain="advertisingefficiency" entityType="advertising_containments" entityId="2d291ffd-d766-4739-8ec8-9fc54ce5bcf8" action="READ" actorId="3595aa7b-cd8b-49b6-84a3-0fb28cdbcd5c" correlationId="52e82f51-7802-457f-a243-8fe1ec9a2aba"
[WebServer] 2026-09-05T11:02:59.700+08:00 INFO  application=marketops-server environment=local buildVersion=0.1.0-SNAPSHOT correlationId=600539e6-3f69-451d-98b1-7d87c7a616f7 c.m.m.s.i.c.CorrelationIdFilter - Request completed event="request_completed" correlationId="600539e6-3f69-451d-98b1-7d87c7a616f7" status="200"
[WebServer] 2026-09-05T11:02:59.704+08:00 INFO  application=marketops-server environment=local buildVersion=0.1.0-SNAPSHOT correlationId=23702c54-13c3-487a-8fd3-d8b40e6a68a7 c.m.m.s.i.c.CorrelationIdFilter - Request completed event="request_completed" correlationId="23702c54-13c3-487a-8fd3-d8b40e6a68a7" status="200"
[WebServer] 2026-09-05T11:02:59.705+08:00 INFO  application=marketops-server environment=local buildVersion=0.1.0-SNAPSHOT correlationId=5e3d9db8-82a3-4f21-8d35-e9113c0253bb c.m.m.s.i.e.ConsoleProblemAdvice - Console request refused event="console_request_refused" errorCode="RESOURCE_NOT_FOUND" correlationId="5e3d9db8-82a3-4f21-8d35-e9113c0253bb"
[WebServer] 2026-09-05T11:02:59.705+08:00 INFO  application=marketops-server environment=local buildVersion=0.1.0-SNAPSHOT correlationId=4f160561-a162-4685-9e26-c50b73cde85b c.m.m.a.i.a.JdbcMetadataAuditStore - Metadata change recorded event="metadata_change_recorded" sourceDomain="advertisingefficiency" entityType="advertising_reservations" entityId="2d291ffd-d766-4739-8ec8-9fc54ce5bcf8" action="READ" actorId="3595aa7b-cd8b-49b6-84a3-0fb28cdbcd5c" correlationId="4f160561-a162-4685-9e26-c50b73cde85b"
[WebServer] 2026-09-05T11:02:59.705+08:00 INFO  application=marketops-server environment=local buildVersion=0.1.0-SNAPSHOT correlationId=5e3d9db8-82a3-4f21-8d35-e9113c0253bb c.m.m.s.i.c.CorrelationIdFilter - Request completed event="request_completed" correlationId="5e3d9db8-82a3-4f21-8d35-e9113c0253bb" status="404"
[WebServer] 2026-09-05T11:02:59.707+08:00 INFO  application=marketops-server environment=local buildVersion=0.1.0-SNAPSHOT correlationId=4f160561-a162-4685-9e26-c50b73cde85b c.m.m.s.i.c.CorrelationIdFilter - Request completed event="request_completed" correlationId="4f160561-a162-4685-9e26-c50b73cde85b" status="200"
[WebServer] 2026-09-05T11:02:59.712+08:00 INFO  application=marketops-server environment=local buildVersion=0.1.0-SNAPSHOT correlationId=52e82f51-7802-457f-a243-8fe1ec9a2aba c.m.m.s.i.c.CorrelationIdFilter - Request completed event="request_completed" correlationId="52e82f51-7802-457f-a243-8fe1ec9a2aba" status="200"
[WebServer] 2026-09-05T11:02:59.716+08:00 INFO  application=marketops-server environment=local buildVersion=0.1.0-SNAPSHOT correlationId=85daed37-2429-4fc2-bc03-1b2fe65c2882 c.m.m.s.i.e.ConsoleProblemAdvice - Console request refused event="console_request_refused" errorCode="RESOURCE_SCOPE_DENIED" correlationId="85daed37-2429-4fc2-bc03-1b2fe65c2882"
[WebServer] 2026-09-05T11:02:59.716+08:00 INFO  application=marketops-server environment=local buildVersion=0.1.0-SNAPSHOT correlationId=85daed37-2429-4fc2-bc03-1b2fe65c2882 c.m.m.s.i.c.CorrelationIdFilter - Request completed event="request_completed" correlationId="85daed37-2429-4fc2-bc03-1b2fe65c2882" status="403"
[WebServer] 2026-09-05T11:02:59.734+08:00 INFO  application=marketops-server environment=local buildVersion=0.1.0-SNAPSHOT correlationId=2dfe1cf2-6c4b-4c1c-80fa-93a5419c533b c.m.m.a.i.a.JdbcMetadataAuditStore - Metadata change recorded event="metadata_change_recorded" sourceDomain="advertisingefficiency" entityType="advertising_queue" entityId="2d291ffd-d766-4739-8ec8-9fc54ce5bcf8" action="READ" actorId="3595aa7b-cd8b-49b6-84a3-0fb28cdbcd5c" correlationId="2dfe1cf2-6c4b-4c1c-80fa-93a5419c533b"
[WebServer] 2026-09-05T11:02:59.736+08:00 INFO  application=marketops-server environment=local buildVersion=0.1.0-SNAPSHOT correlationId=5df2bdfc-29e3-4247-907f-993b3afdd5d0 c.m.m.a.i.a.JdbcMetadataAuditStore - Metadata change recorded event="metadata_change_recorded" sourceDomain="advertisingefficiency" entityType="advertising_orchestration" entityId="2d291ffd-d766-4739-8ec8-9fc54ce5bcf8" action="READ" actorId="3595aa7b-cd8b-49b6-84a3-0fb28cdbcd5c" correlationId="5df2bdfc-29e3-4247-907f-993b3afdd5d0"
[WebServer] 2026-09-05T11:02:59.737+08:00 INFO  application=marketops-server environment=local buildVersion=0.1.0-SNAPSHOT correlationId=5df2bdfc-29e3-4247-907f-993b3afdd5d0 c.m.m.s.i.c.CorrelationIdFilter - Request completed event="request_completed" correlationId="5df2bdfc-29e3-4247-907f-993b3afdd5d0" status="200"
[WebServer] 2026-09-05T11:02:59.737+08:00 INFO  application=marketops-server environment=local buildVersion=0.1.0-SNAPSHOT correlationId=371aeed9-df47-4d08-b25a-43c203e06b43 c.m.m.s.i.c.CorrelationIdFilter - Request completed event="request_completed" correlationId="371aeed9-df47-4d08-b25a-43c203e06b43" status="200"
[WebServer] 2026-09-05T11:02:59.755+08:00 INFO  application=marketops-server environment=local buildVersion=0.1.0-SNAPSHOT correlationId=2dfe1cf2-6c4b-4c1c-80fa-93a5419c533b c.m.m.s.i.c.CorrelationIdFilter - Request completed event="request_completed" correlationId="2dfe1cf2-6c4b-4c1c-80fa-93a5419c533b" status="200"
[WebServer] 2026-09-05T11:02:59.844+08:00 INFO  application=marketops-server environment=local buildVersion=0.1.0-SNAPSHOT correlationId=59e4ba3a-ea3f-4f17-8761-99d9e63f6bad c.m.m.a.i.a.JdbcMetadataAuditStore - Metadata change recorded event="metadata_change_recorded" sourceDomain="advertisingefficiency" entityType="advertising_case" entityId="859961f1-6a7b-41f9-adb9-421d41595caf" action="READ" actorId="3595aa7b-cd8b-49b6-84a3-0fb28cdbcd5c" correlationId="59e4ba3a-ea3f-4f17-8761-99d9e63f6bad"
[WebServer] 2026-09-05T11:02:59.860+08:00 INFO  application=marketops-server environment=local buildVersion=0.1.0-SNAPSHOT correlationId=59e4ba3a-ea3f-4f17-8761-99d9e63f6bad c.m.m.s.i.c.CorrelationIdFilter - Request completed event="request_completed" correlationId="59e4ba3a-ea3f-4f17-8761-99d9e63f6bad" status="200"
[WebServer] 2026-09-05T11:02:59.883+08:00 INFO  application=marketops-server environment=local buildVersion=0.1.0-SNAPSHOT correlationId=6ad44f26-8d94-4f68-8c6d-1be921c8e00b c.m.m.a.i.a.JdbcMetadataAuditStore - Metadata change recorded event="metadata_change_recorded" sourceDomain="advertisingefficiency" entityType="advertising_manual_packet" entityId="c68c80dd-1082-4c83-b746-dcdf832fab73" action="READ" actorId="3595aa7b-cd8b-49b6-84a3-0fb28cdbcd5c" correlationId="6ad44f26-8d94-4f68-8c6d-1be921c8e00b"
[WebServer] 2026-09-05T11:02:59.884+08:00 INFO  application=marketops-server environment=local buildVersion=0.1.0-SNAPSHOT correlationId=6ad44f26-8d94-4f68-8c6d-1be921c8e00b c.m.m.s.i.c.CorrelationIdFilter - Request completed event="request_completed" correlationId="6ad44f26-8d94-4f68-8c6d-1be921c8e00b" status="200"
[WebServer] 2026-09-05T11:02:59.907+08:00 INFO  application=marketops-server environment=local buildVersion=0.1.0-SNAPSHOT correlationId=c15e18a4-5305-4ba6-be4e-b09d316464ed c.m.m.s.i.c.CorrelationIdFilter - Request completed event="request_completed" correlationId="c15e18a4-5305-4ba6-be4e-b09d316464ed" status="200"
[WebServer] 2026-09-05T11:02:59.911+08:00 INFO  application=marketops-server environment=local buildVersion=0.1.0-SNAPSHOT correlationId=aeb790c0-7a05-47f3-801d-d402704ec399 c.m.m.s.i.c.CorrelationIdFilter - Request completed event="request_completed" correlationId="aeb790c0-7a05-47f3-801d-d402704ec399" status="200"
[WebServer] 2026-09-05T11:02:59.932+08:00 INFO  application=marketops-server environment=local buildVersion=0.1.0-SNAPSHOT correlationId=ceb449c3-64f4-4953-b310-a90b5cb5d645 c.m.m.s.i.c.CorrelationIdFilter - Request completed event="request_completed" correlationId="ceb449c3-64f4-4953-b310-a90b5cb5d645" status="200"
[WebServer] 2026-09-05T11:03:00.291+08:00 INFO  application=marketops-server environment=local buildVersion=0.1.0-SNAPSHOT correlationId=8dde9a02-b246-4061-871c-5e252d843016 c.m.m.s.i.c.CorrelationIdFilter - Request completed event="request_completed" correlationId="8dde9a02-b246-4061-871c-5e252d843016" status="200"
[WebServer] 2026-09-05T11:03:00.305+08:00 INFO  application=marketops-server environment=local buildVersion=0.1.0-SNAPSHOT correlationId=80fd0e5f-3481-417c-940c-74034a9ca430 c.m.m.a.i.a.JdbcMetadataAuditStore - Metadata change recorded event="metadata_change_recorded" sourceDomain="advertisingefficiency" entityType="advertising_manual_packet" entityId="c68c80dd-1082-4c83-b746-dcdf832fab73" action="READ" actorId="3595aa7b-cd8b-49b6-84a3-0fb28cdbcd5c" correlationId="80fd0e5f-3481-417c-940c-74034a9ca430"
[WebServer] 2026-09-05T11:03:00.341+08:00 INFO  application=marketops-server environment=local buildVersion=0.1.0-SNAPSHOT correlationId=80fd0e5f-3481-417c-940c-74034a9ca430 c.m.m.s.i.c.CorrelationIdFilter - Request completed event="request_completed" correlationId="80fd0e5f-3481-417c-940c-74034a9ca430" status="200"
[WebServer] 2026-09-05T11:03:00.808+08:00 INFO  application=marketops-server environment=local buildVersion=0.1.0-SNAPSHOT correlationId=f4155d2d-f33c-465e-bca1-9a67fa8a8ae9 c.m.m.s.i.e.ConsoleProblemAdvice - Console request refused event="console_request_refused" errorCode="RESOURCE_NOT_FOUND" correlationId="f4155d2d-f33c-465e-bca1-9a67fa8a8ae9"
[WebServer] 2026-09-05T11:03:00.809+08:00 INFO  application=marketops-server environment=local buildVersion=0.1.0-SNAPSHOT correlationId=f4155d2d-f33c-465e-bca1-9a67fa8a8ae9 c.m.m.s.i.c.CorrelationIdFilter - Request completed event="request_completed" correlationId="f4155d2d-f33c-465e-bca1-9a67fa8a8ae9" status="404"
[WebServer] 2026-09-05T11:03:00.811+08:00 INFO  application=marketops-server environment=local buildVersion=0.1.0-SNAPSHOT correlationId=deeaef66-7269-4620-a979-238de9425bce c.m.m.a.i.a.JdbcMetadataAuditStore - Metadata change recorded event="metadata_change_recorded" sourceDomain="availabilityrisk" entityType="availability_queue" entityId="2d291ffd-d766-4739-8ec8-9fc54ce5bcf8" action="READ" actorId="7a3a691b-0eae-4e40-8ab7-8104c36189f9" correlationId="deeaef66-7269-4620-a979-238de9425bce"
[WebServer] 2026-09-05T11:03:00.813+08:00 INFO  application=marketops-server environment=local buildVersion=0.1.0-SNAPSHOT correlationId=deeaef66-7269-4620-a979-238de9425bce c.m.m.s.i.c.CorrelationIdFilter - Request completed event="request_completed" correlationId="deeaef66-7269-4620-a979-238de9425bce" status="200"
[WebServer] 2026-09-05T11:03:00.813+08:00 INFO  application=marketops-server environment=local buildVersion=0.1.0-SNAPSHOT correlationId=928c57f4-94f0-473a-a858-edcc18ba1aae c.m.m.a.i.a.JdbcMetadataAuditStore - Metadata change recorded event="metadata_change_recorded" sourceDomain="advertisingefficiency" entityType="advertising_containments" entityId="2d291ffd-d766-4739-8ec8-9fc54ce5bcf8" action="READ" actorId="7a3a691b-0eae-4e40-8ab7-8104c36189f9" correlationId="928c57f4-94f0-473a-a858-edcc18ba1aae"
[WebServer] 2026-09-05T11:03:00.818+08:00 INFO  application=marketops-server environment=local buildVersion=0.1.0-SNAPSHOT correlationId=af6cde7d-988b-469e-8e10-913cd6a63097 c.m.m.s.i.e.ConsoleProblemAdvice - Console request refused event="console_request_refused" errorCode="RESOURCE_SCOPE_DENIED" correlationId="af6cde7d-988b-469e-8e10-913cd6a63097"
[WebServer] 2026-09-05T11:03:00.818+08:00 INFO  application=marketops-server environment=local buildVersion=0.1.0-SNAPSHOT correlationId=af6cde7d-988b-469e-8e10-913cd6a63097 c.m.m.s.i.c.CorrelationIdFilter - Request completed event="request_completed" correlationId="af6cde7d-988b-469e-8e10-913cd6a63097" status="403"
[WebServer] 2026-09-05T11:03:00.822+08:00 INFO  application=marketops-server environment=local buildVersion=0.1.0-SNAPSHOT correlationId=1c147a31-4969-49c9-8c25-33e0bcae5601 c.m.m.s.i.c.CorrelationIdFilter - Request completed event="request_completed" correlationId="1c147a31-4969-49c9-8c25-33e0bcae5601" status="200"
[WebServer] 2026-09-05T11:03:00.825+08:00 INFO  application=marketops-server environment=local buildVersion=0.1.0-SNAPSHOT correlationId=f633536f-15f9-40f4-8261-fbee387ddf38 c.m.m.a.i.a.JdbcMetadataAuditStore - Metadata change recorded event="metadata_change_recorded" sourceDomain="advertisingefficiency" entityType="advertising_reservations" entityId="2d291ffd-d766-4739-8ec8-9fc54ce5bcf8" action="READ" actorId="7a3a691b-0eae-4e40-8ab7-8104c36189f9" correlationId="f633536f-15f9-40f4-8261-fbee387ddf38"
[WebServer] 2026-09-05T11:03:00.825+08:00 INFO  application=marketops-server environment=local buildVersion=0.1.0-SNAPSHOT correlationId=b7450e71-b59c-4fee-95bd-652b985eefc0 c.m.m.a.i.a.JdbcMetadataAuditStore - Metadata change recorded event="metadata_change_recorded" sourceDomain="advertisingefficiency" entityType="advertising_exposure" entityId="2d291ffd-d766-4739-8ec8-9fc54ce5bcf8" action="READ" actorId="7a3a691b-0eae-4e40-8ab7-8104c36189f9" correlationId="b7450e71-b59c-4fee-95bd-652b985eefc0"
[WebServer] 2026-09-05T11:03:00.826+08:00 INFO  application=marketops-server environment=local buildVersion=0.1.0-SNAPSHOT correlationId=f633536f-15f9-40f4-8261-fbee387ddf38 c.m.m.s.i.c.CorrelationIdFilter - Request completed event="request_completed" correlationId="f633536f-15f9-40f4-8261-fbee387ddf38" status="200"
[WebServer] 2026-09-05T11:03:00.827+08:00 INFO  application=marketops-server environment=local buildVersion=0.1.0-SNAPSHOT correlationId=b7450e71-b59c-4fee-95bd-652b985eefc0 c.m.m.s.i.c.CorrelationIdFilter - Request completed event="request_completed" correlationId="b7450e71-b59c-4fee-95bd-652b985eefc0" status="200"
[WebServer] 2026-09-05T11:03:00.829+08:00 INFO  application=marketops-server environment=local buildVersion=0.1.0-SNAPSHOT correlationId=928c57f4-94f0-473a-a858-edcc18ba1aae c.m.m.s.i.c.CorrelationIdFilter - Request completed event="request_completed" correlationId="928c57f4-94f0-473a-a858-edcc18ba1aae" status="200"
[WebServer] 2026-09-05T11:03:00.835+08:00 INFO  application=marketops-server environment=local buildVersion=0.1.0-SNAPSHOT correlationId=506742a5-375c-4b7f-a9ff-80a1d8efa4c4 c.m.m.s.i.e.ConsoleProblemAdvice - Console request refused event="console_request_refused" errorCode="RESOURCE_SCOPE_DENIED" correlationId="506742a5-375c-4b7f-a9ff-80a1d8efa4c4"
[WebServer] 2026-09-05T11:03:00.837+08:00 INFO  application=marketops-server environment=local buildVersion=0.1.0-SNAPSHOT correlationId=506742a5-375c-4b7f-a9ff-80a1d8efa4c4 c.m.m.s.i.c.CorrelationIdFilter - Request completed event="request_completed" correlationId="506742a5-375c-4b7f-a9ff-80a1d8efa4c4" status="403"
[WebServer] 2026-09-05T11:03:00.842+08:00 INFO  application=marketops-server environment=local buildVersion=0.1.0-SNAPSHOT correlationId=19e1670b-3a0a-4d85-bb4e-74bdfc07b57e c.m.m.a.i.a.JdbcMetadataAuditStore - Metadata change recorded event="metadata_change_recorded" sourceDomain="advertisingefficiency" entityType="advertising_queue" entityId="2d291ffd-d766-4739-8ec8-9fc54ce5bcf8" action="READ" actorId="7a3a691b-0eae-4e40-8ab7-8104c36189f9" correlationId="19e1670b-3a0a-4d85-bb4e-74bdfc07b57e"
[WebServer] 2026-09-05T11:03:00.853+08:00 INFO  application=marketops-server environment=local buildVersion=0.1.0-SNAPSHOT correlationId=caa81879-7e0d-4cfe-b02f-040e46b61f54 c.m.m.a.i.a.JdbcMetadataAuditStore - Metadata change recorded event="metadata_change_recorded" sourceDomain="advertisingefficiency" entityType="advertising_orchestration" entityId="2d291ffd-d766-4739-8ec8-9fc54ce5bcf8" action="READ" actorId="7a3a691b-0eae-4e40-8ab7-8104c36189f9" correlationId="caa81879-7e0d-4cfe-b02f-040e46b61f54"
[WebServer] 2026-09-05T11:03:00.854+08:00 INFO  application=marketops-server environment=local buildVersion=0.1.0-SNAPSHOT correlationId=caa81879-7e0d-4cfe-b02f-040e46b61f54 c.m.m.s.i.c.CorrelationIdFilter - Request completed event="request_completed" correlationId="caa81879-7e0d-4cfe-b02f-040e46b61f54" status="200"
[WebServer] 2026-09-05T11:03:00.864+08:00 INFO  application=marketops-server environment=local buildVersion=0.1.0-SNAPSHOT correlationId=19e1670b-3a0a-4d85-bb4e-74bdfc07b57e c.m.m.s.i.c.CorrelationIdFilter - Request completed event="request_completed" correlationId="19e1670b-3a0a-4d85-bb4e-74bdfc07b57e" status="200"
[WebServer] 2026-09-05T11:03:00.865+08:00 INFO  application=marketops-server environment=local buildVersion=0.1.0-SNAPSHOT correlationId=bac727f3-868f-48ac-b854-26651529e8e1 c.m.m.s.i.c.CorrelationIdFilter - Request completed event="request_completed" correlationId="bac727f3-868f-48ac-b854-26651529e8e1" status="200"
[WebServer] 2026-09-05T11:03:00.993+08:00 INFO  application=marketops-server environment=local buildVersion=0.1.0-SNAPSHOT correlationId=69e03ae4-3852-457a-9b5f-5e7480047fff c.m.m.a.i.a.JdbcMetadataAuditStore - Metadata change recorded event="metadata_change_recorded" sourceDomain="advertisingefficiency" entityType="advertising_case" entityId="859961f1-6a7b-41f9-adb9-421d41595caf" action="READ" actorId="7a3a691b-0eae-4e40-8ab7-8104c36189f9" correlationId="69e03ae4-3852-457a-9b5f-5e7480047fff"
[WebServer] 2026-09-05T11:03:01.021+08:00 INFO  application=marketops-server environment=local buildVersion=0.1.0-SNAPSHOT correlationId=69e03ae4-3852-457a-9b5f-5e7480047fff c.m.m.s.i.c.CorrelationIdFilter - Request completed event="request_completed" correlationId="69e03ae4-3852-457a-9b5f-5e7480047fff" status="200"
[WebServer] 2026-09-05T11:03:01.046+08:00 INFO  application=marketops-server environment=local buildVersion=0.1.0-SNAPSHOT correlationId=c64400ec-0071-499e-8c72-5b74bc88d19b c.m.m.a.i.a.JdbcMetadataAuditStore - Metadata change recorded event="metadata_change_recorded" sourceDomain="advertisingefficiency" entityType="advertising_manual_packet" entityId="c68c80dd-1082-4c83-b746-dcdf832fab73" action="READ" actorId="7a3a691b-0eae-4e40-8ab7-8104c36189f9" correlationId="c64400ec-0071-499e-8c72-5b74bc88d19b"
[WebServer] 2026-09-05T11:03:01.075+08:00 INFO  application=marketops-server environment=local buildVersion=0.1.0-SNAPSHOT correlationId=d754a30f-5c36-4c43-bf3d-02150f40850a c.m.m.s.i.c.CorrelationIdFilter - Request completed event="request_completed" correlationId="d754a30f-5c36-4c43-bf3d-02150f40850a" status="200"
[WebServer] 2026-09-05T11:03:01.099+08:00 INFO  application=marketops-server environment=local buildVersion=0.1.0-SNAPSHOT correlationId=8649fc1d-daef-4843-bd8c-681565d9a39c c.m.m.s.i.c.CorrelationIdFilter - Request completed event="request_completed" correlationId="8649fc1d-daef-4843-bd8c-681565d9a39c" status="200"
[WebServer] 2026-09-05T11:03:01.103+08:00 INFO  application=marketops-server environment=local buildVersion=0.1.0-SNAPSHOT correlationId=c64400ec-0071-499e-8c72-5b74bc88d19b c.m.m.s.i.c.CorrelationIdFilter - Request completed event="request_completed" correlationId="c64400ec-0071-499e-8c72-5b74bc88d19b" status="200"
[WebServer] 2026-09-05T11:03:01.127+08:00 INFO  application=marketops-server environment=local buildVersion=0.1.0-SNAPSHOT correlationId=f2516da2-4120-4a64-a925-72dfc39a1e6f c.m.m.s.i.c.CorrelationIdFilter - Request completed event="request_completed" correlationId="f2516da2-4120-4a64-a925-72dfc39a1e6f" status="200"
[WebServer] 2026-09-05T11:03:01.306+08:00 INFO  application=marketops-server environment=local buildVersion=0.1.0-SNAPSHOT correlationId=7d75d194-5ec4-44a5-975c-21c030c091b3 c.m.m.s.i.c.CorrelationIdFilter - Request completed event="request_completed" correlationId="7d75d194-5ec4-44a5-975c-21c030c091b3" status="200"
[WebServer] 2026-09-05T11:03:01.328+08:00 INFO  application=marketops-server environment=local buildVersion=0.1.0-SNAPSHOT correlationId=c67efe67-a89c-426c-b7bc-f52bcf38cb80 c.m.m.a.i.a.JdbcMetadataAuditStore - Metadata change recorded event="metadata_change_recorded" sourceDomain="advertisingefficiency" entityType="advertising_manual_packet" entityId="c68c80dd-1082-4c83-b746-dcdf832fab73" action="READ" actorId="7a3a691b-0eae-4e40-8ab7-8104c36189f9" correlationId="c67efe67-a89c-426c-b7bc-f52bcf38cb80"
[WebServer] 2026-09-05T11:03:01.404+08:00 INFO  application=marketops-server environment=local buildVersion=0.1.0-SNAPSHOT correlationId=c67efe67-a89c-426c-b7bc-f52bcf38cb80 c.m.m.s.i.c.CorrelationIdFilter - Request completed event="request_completed" correlationId="c67efe67-a89c-426c-b7bc-f52bcf38cb80" status="200"
[WebServer] 2026-09-05T11:03:01.785+08:00 INFO  application=marketops-server environment=local buildVersion=0.1.0-SNAPSHOT correlationId=4ea5f0e3-a483-433a-8017-92a471e6adce c.m.m.s.i.e.ConsoleProblemAdvice - Console request refused event="console_request_refused" errorCode="RESOURCE_SCOPE_DENIED" correlationId="4ea5f0e3-a483-433a-8017-92a471e6adce"
[WebServer] 2026-09-05T11:03:01.786+08:00 INFO  application=marketops-server environment=local buildVersion=0.1.0-SNAPSHOT correlationId=4ea5f0e3-a483-433a-8017-92a471e6adce c.m.m.s.i.c.CorrelationIdFilter - Request completed event="request_completed" correlationId="4ea5f0e3-a483-433a-8017-92a471e6adce" status="403"
[WebServer] 2026-09-05T11:03:01.786+08:00 INFO  application=marketops-server environment=local buildVersion=0.1.0-SNAPSHOT correlationId=aa0c8a2f-c948-4a44-929f-93d5312eb829 c.m.m.a.i.a.JdbcMetadataAuditStore - Metadata change recorded event="metadata_change_recorded" sourceDomain="advertisingefficiency" entityType="advertising_reservations" entityId="2d291ffd-d766-4739-8ec8-9fc54ce5bcf8" action="READ" actorId="dde743a9-fdb6-42c0-a2bf-ee4e971c24d3" correlationId="aa0c8a2f-c948-4a44-929f-93d5312eb829"
[WebServer] 2026-09-05T11:03:01.789+08:00 INFO  application=marketops-server environment=local buildVersion=0.1.0-SNAPSHOT correlationId=aa0c8a2f-c948-4a44-929f-93d5312eb829 c.m.m.s.i.c.CorrelationIdFilter - Request completed event="request_completed" correlationId="aa0c8a2f-c948-4a44-929f-93d5312eb829" status="200"
[WebServer] 2026-09-05T11:03:01.795+08:00 INFO  application=marketops-server environment=local buildVersion=0.1.0-SNAPSHOT correlationId=927c8eac-5cf7-433d-b809-c4ec52743a7d c.m.m.s.i.e.ConsoleProblemAdvice - Console request refused event="console_request_refused" errorCode="RESOURCE_NOT_FOUND" correlationId="927c8eac-5cf7-433d-b809-c4ec52743a7d"
[WebServer] 2026-09-05T11:03:01.796+08:00 INFO  application=marketops-server environment=local buildVersion=0.1.0-SNAPSHOT correlationId=927c8eac-5cf7-433d-b809-c4ec52743a7d c.m.m.s.i.c.CorrelationIdFilter - Request completed event="request_completed" correlationId="927c8eac-5cf7-433d-b809-c4ec52743a7d" status="404"
[WebServer] 2026-09-05T11:03:01.796+08:00 INFO  application=marketops-server environment=local buildVersion=0.1.0-SNAPSHOT correlationId=9b9e409c-8950-4cee-9676-cdb66dec2dd1 c.m.m.s.i.c.CorrelationIdFilter - Request completed event="request_completed" correlationId="9b9e409c-8950-4cee-9676-cdb66dec2dd1" status="200"
[WebServer] 2026-09-05T11:03:01.799+08:00 INFO  application=marketops-server environment=local buildVersion=0.1.0-SNAPSHOT correlationId=a9cd7910-0bb8-432d-9a5b-8544fb2d45cd c.m.m.a.i.a.JdbcMetadataAuditStore - Metadata change recorded event="metadata_change_recorded" sourceDomain="advertisingefficiency" entityType="advertising_containments" entityId="2d291ffd-d766-4739-8ec8-9fc54ce5bcf8" action="READ" actorId="dde743a9-fdb6-42c0-a2bf-ee4e971c24d3" correlationId="a9cd7910-0bb8-432d-9a5b-8544fb2d45cd"
[WebServer] 2026-09-05T11:03:01.801+08:00 INFO  application=marketops-server environment=local buildVersion=0.1.0-SNAPSHOT correlationId=f162d1a4-5f26-454a-8ba7-4ec1e860e6c9 c.m.m.a.i.a.JdbcMetadataAuditStore - Metadata change recorded event="metadata_change_recorded" sourceDomain="advertisingefficiency" entityType="advertising_exposure" entityId="2d291ffd-d766-4739-8ec8-9fc54ce5bcf8" action="READ" actorId="dde743a9-fdb6-42c0-a2bf-ee4e971c24d3" correlationId="f162d1a4-5f26-454a-8ba7-4ec1e860e6c9"
[WebServer] 2026-09-05T11:03:01.803+08:00 INFO  application=marketops-server environment=local buildVersion=0.1.0-SNAPSHOT correlationId=f162d1a4-5f26-454a-8ba7-4ec1e860e6c9 c.m.m.s.i.c.CorrelationIdFilter - Request completed event="request_completed" correlationId="f162d1a4-5f26-454a-8ba7-4ec1e860e6c9" status="200"
[WebServer] 2026-09-05T11:03:01.804+08:00 INFO  application=marketops-server environment=local buildVersion=0.1.0-SNAPSHOT correlationId=f9b230f6-c1b9-47ba-be79-80fa97899b72 c.m.m.a.i.a.JdbcMetadataAuditStore - Metadata change recorded event="metadata_change_recorded" sourceDomain="availabilityrisk" entityType="availability_queue" entityId="2d291ffd-d766-4739-8ec8-9fc54ce5bcf8" action="READ" actorId="dde743a9-fdb6-42c0-a2bf-ee4e971c24d3" correlationId="f9b230f6-c1b9-47ba-be79-80fa97899b72"
[WebServer] 2026-09-05T11:03:01.804+08:00 INFO  application=marketops-server environment=local buildVersion=0.1.0-SNAPSHOT correlationId=a9cd7910-0bb8-432d-9a5b-8544fb2d45cd c.m.m.s.i.c.CorrelationIdFilter - Request completed event="request_completed" correlationId="a9cd7910-0bb8-432d-9a5b-8544fb2d45cd" status="200"
[WebServer] 2026-09-05T11:03:01.805+08:00 INFO  application=marketops-server environment=local buildVersion=0.1.0-SNAPSHOT correlationId=091dfc93-0dc2-4e84-860b-c4071c1838f8 c.m.m.s.i.e.ConsoleProblemAdvice - Console request refused event="console_request_refused" errorCode="RESOURCE_SCOPE_DENIED" correlationId="091dfc93-0dc2-4e84-860b-c4071c1838f8"
[WebServer] 2026-09-05T11:03:01.805+08:00 INFO  application=marketops-server environment=local buildVersion=0.1.0-SNAPSHOT correlationId=091dfc93-0dc2-4e84-860b-c4071c1838f8 c.m.m.s.i.c.CorrelationIdFilter - Request completed event="request_completed" correlationId="091dfc93-0dc2-4e84-860b-c4071c1838f8" status="403"
[WebServer] 2026-09-05T11:03:01.806+08:00 INFO  application=marketops-server environment=local buildVersion=0.1.0-SNAPSHOT correlationId=f9b230f6-c1b9-47ba-be79-80fa97899b72 c.m.m.s.i.c.CorrelationIdFilter - Request completed event="request_completed" correlationId="f9b230f6-c1b9-47ba-be79-80fa97899b72" status="200"
[WebServer] 2026-09-05T11:03:01.812+08:00 INFO  application=marketops-server environment=local buildVersion=0.1.0-SNAPSHOT correlationId=aaef4dab-0e80-4ed3-890b-26e0559bcbd7 c.m.m.a.i.a.JdbcMetadataAuditStore - Metadata change recorded event="metadata_change_recorded" sourceDomain="advertisingefficiency" entityType="advertising_queue" entityId="2d291ffd-d766-4739-8ec8-9fc54ce5bcf8" action="READ" actorId="dde743a9-fdb6-42c0-a2bf-ee4e971c24d3" correlationId="aaef4dab-0e80-4ed3-890b-26e0559bcbd7"
[WebServer] 2026-09-05T11:03:01.825+08:00 INFO  application=marketops-server environment=local buildVersion=0.1.0-SNAPSHOT correlationId=434a92d1-8293-4599-884b-9cbe35d44bd7 c.m.m.a.i.a.JdbcMetadataAuditStore - Metadata change recorded event="metadata_change_recorded" sourceDomain="advertisingefficiency" entityType="advertising_orchestration" entityId="2d291ffd-d766-4739-8ec8-9fc54ce5bcf8" action="READ" actorId="dde743a9-fdb6-42c0-a2bf-ee4e971c24d3" correlationId="434a92d1-8293-4599-884b-9cbe35d44bd7"
[WebServer] 2026-09-05T11:03:01.826+08:00 INFO  application=marketops-server environment=local buildVersion=0.1.0-SNAPSHOT correlationId=434a92d1-8293-4599-884b-9cbe35d44bd7 c.m.m.s.i.c.CorrelationIdFilter - Request completed event="request_completed" correlationId="434a92d1-8293-4599-884b-9cbe35d44bd7" status="200"
[WebServer] 2026-09-05T11:03:01.829+08:00 INFO  application=marketops-server environment=local buildVersion=0.1.0-SNAPSHOT correlationId=aaef4dab-0e80-4ed3-890b-26e0559bcbd7 c.m.m.s.i.c.CorrelationIdFilter - Request completed event="request_completed" correlationId="aaef4dab-0e80-4ed3-890b-26e0559bcbd7" status="200"
[WebServer] 2026-09-05T11:03:01.837+08:00 INFO  application=marketops-server environment=local buildVersion=0.1.0-SNAPSHOT correlationId=1867a840-71c3-4546-9203-304b5bdc52d5 c.m.m.s.i.c.CorrelationIdFilter - Request completed event="request_completed" correlationId="1867a840-71c3-4546-9203-304b5bdc52d5" status="200"
[WebServer] 2026-09-05T11:03:01.965+08:00 INFO  application=marketops-server environment=local buildVersion=0.1.0-SNAPSHOT correlationId=2015536c-3faf-4490-8eec-7a7a6309d04b c.m.m.a.i.a.JdbcMetadataAuditStore - Metadata change recorded event="metadata_change_recorded" sourceDomain="advertisingefficiency" entityType="advertising_case" entityId="859961f1-6a7b-41f9-adb9-421d41595caf" action="READ" actorId="dde743a9-fdb6-42c0-a2bf-ee4e971c24d3" correlationId="2015536c-3faf-4490-8eec-7a7a6309d04b"
[WebServer] 2026-09-05T11:03:01.985+08:00 INFO  application=marketops-server environment=local buildVersion=0.1.0-SNAPSHOT correlationId=2015536c-3faf-4490-8eec-7a7a6309d04b c.m.m.s.i.c.CorrelationIdFilter - Request completed event="request_completed" correlationId="2015536c-3faf-4490-8eec-7a7a6309d04b" status="200"
[WebServer] 2026-09-05T11:03:02.012+08:00 INFO  application=marketops-server environment=local buildVersion=0.1.0-SNAPSHOT correlationId=8896c7c1-2c36-4211-8883-f5ca8d02fac8 c.m.m.a.i.a.JdbcMetadataAuditStore - Metadata change recorded event="metadata_change_recorded" sourceDomain="advertisingefficiency" entityType="advertising_manual_packet" entityId="c68c80dd-1082-4c83-b746-dcdf832fab73" action="READ" actorId="dde743a9-fdb6-42c0-a2bf-ee4e971c24d3" correlationId="8896c7c1-2c36-4211-8883-f5ca8d02fac8"
[WebServer] 2026-09-05T11:03:02.052+08:00 INFO  application=marketops-server environment=local buildVersion=0.1.0-SNAPSHOT correlationId=ff5f617a-451f-4dfb-a2ad-331090cfe3e0 c.m.m.s.i.c.CorrelationIdFilter - Request completed event="request_completed" correlationId="ff5f617a-451f-4dfb-a2ad-331090cfe3e0" status="200"
[WebServer] 2026-09-05T11:03:02.147+08:00 INFO  application=marketops-server environment=local buildVersion=0.1.0-SNAPSHOT correlationId=74be1f2e-7b44-4c8a-ab48-92b77716ec26 c.m.m.s.i.c.CorrelationIdFilter - Request completed event="request_completed" correlationId="74be1f2e-7b44-4c8a-ab48-92b77716ec26" status="200"
[WebServer] 2026-09-05T11:03:02.177+08:00 INFO  application=marketops-server environment=local buildVersion=0.1.0-SNAPSHOT correlationId=8896c7c1-2c36-4211-8883-f5ca8d02fac8 c.m.m.s.i.c.CorrelationIdFilter - Request completed event="request_completed" correlationId="8896c7c1-2c36-4211-8883-f5ca8d02fac8" status="200"
[WebServer] 2026-09-05T11:03:02.313+08:00 INFO  application=marketops-server environment=local buildVersion=0.1.0-SNAPSHOT correlationId=1f8d02e6-66dc-4dde-b287-f72b01546a67 c.m.m.s.i.c.CorrelationIdFilter - Request completed event="request_completed" correlationId="1f8d02e6-66dc-4dde-b287-f72b01546a67" status="200"
[WebServer] 2026-09-05T11:03:02.630+08:00 INFO  application=marketops-server environment=local buildVersion=0.1.0-SNAPSHOT correlationId=e80151e3-7630-408c-bf17-aae2a9de91f6 c.m.m.s.i.c.CorrelationIdFilter - Request completed event="request_completed" correlationId="e80151e3-7630-408c-bf17-aae2a9de91f6" status="200"
[WebServer] 2026-09-05T11:03:02.657+08:00 INFO  application=marketops-server environment=local buildVersion=0.1.0-SNAPSHOT correlationId=5d7713ef-edd0-4137-9329-ce3b26a4e8fa c.m.m.a.i.a.JdbcMetadataAuditStore - Metadata change recorded event="metadata_change_recorded" sourceDomain="advertisingefficiency" entityType="advertising_manual_packet" entityId="c68c80dd-1082-4c83-b746-dcdf832fab73" action="READ" actorId="dde743a9-fdb6-42c0-a2bf-ee4e971c24d3" correlationId="5d7713ef-edd0-4137-9329-ce3b26a4e8fa"
[WebServer] 2026-09-05T11:03:02.710+08:00 INFO  application=marketops-server environment=local buildVersion=0.1.0-SNAPSHOT correlationId=5d7713ef-edd0-4137-9329-ce3b26a4e8fa c.m.m.s.i.c.CorrelationIdFilter - Request completed event="request_completed" correlationId="5d7713ef-edd0-4137-9329-ce3b26a4e8fa" status="200"
[WebServer] 2026-09-05T11:03:03.805+08:00 INFO  application=marketops-server environment=local buildVersion=0.1.0-SNAPSHOT correlationId=c3fdbb7a-38e8-4074-9b94-a2ba27d5f523 c.m.m.a.i.a.JdbcMetadataAuditStore - Metadata change recorded event="metadata_change_recorded" sourceDomain="advertisingefficiency" entityType="advertising_containments" entityId="2d291ffd-d766-4739-8ec8-9fc54ce5bcf8" action="READ" actorId="3595aa7b-cd8b-49b6-84a3-0fb28cdbcd5c" correlationId="c3fdbb7a-38e8-4074-9b94-a2ba27d5f523"
[WebServer] 2026-09-05T11:03:03.805+08:00 INFO  application=marketops-server environment=local buildVersion=0.1.0-SNAPSHOT correlationId=4a2966a3-92b2-4c75-be73-5ec4d7d56ad0 c.m.m.a.i.a.JdbcMetadataAuditStore - Metadata change recorded event="metadata_change_recorded" sourceDomain="advertisingefficiency" entityType="advertising_reservations" entityId="2d291ffd-d766-4739-8ec8-9fc54ce5bcf8" action="READ" actorId="3595aa7b-cd8b-49b6-84a3-0fb28cdbcd5c" correlationId="4a2966a3-92b2-4c75-be73-5ec4d7d56ad0"
[WebServer] 2026-09-05T11:03:03.810+08:00 INFO  application=marketops-server environment=local buildVersion=0.1.0-SNAPSHOT correlationId=4124ded7-7a7a-48c7-90f3-478277600740 c.m.m.s.i.e.ConsoleProblemAdvice - Console request refused event="console_request_refused" errorCode="RESOURCE_SCOPE_DENIED" correlationId="4124ded7-7a7a-48c7-90f3-478277600740"
[WebServer] 2026-09-05T11:03:03.812+08:00 INFO  application=marketops-server environment=local buildVersion=0.1.0-SNAPSHOT correlationId=2e90ad2c-d4ef-41de-a3e3-1e48cf741f88 c.m.m.s.i.e.ConsoleProblemAdvice - Console request refused event="console_request_refused" errorCode="RESOURCE_NOT_FOUND" correlationId="2e90ad2c-d4ef-41de-a3e3-1e48cf741f88"
[WebServer] 2026-09-05T11:03:03.815+08:00 INFO  application=marketops-server environment=local buildVersion=0.1.0-SNAPSHOT correlationId=2e90ad2c-d4ef-41de-a3e3-1e48cf741f88 c.m.m.s.i.c.CorrelationIdFilter - Request completed event="request_completed" correlationId="2e90ad2c-d4ef-41de-a3e3-1e48cf741f88" status="404"
[WebServer] 2026-09-05T11:03:03.815+08:00 INFO  application=marketops-server environment=local buildVersion=0.1.0-SNAPSHOT correlationId=4a2966a3-92b2-4c75-be73-5ec4d7d56ad0 c.m.m.s.i.c.CorrelationIdFilter - Request completed event="request_completed" correlationId="4a2966a3-92b2-4c75-be73-5ec4d7d56ad0" status="200"
[WebServer] 2026-09-05T11:03:03.815+08:00 INFO  application=marketops-server environment=local buildVersion=0.1.0-SNAPSHOT correlationId=4124ded7-7a7a-48c7-90f3-478277600740 c.m.m.s.i.c.CorrelationIdFilter - Request completed event="request_completed" correlationId="4124ded7-7a7a-48c7-90f3-478277600740" status="403"
[WebServer] 2026-09-05T11:03:03.825+08:00 INFO  application=marketops-server environment=local buildVersion=0.1.0-SNAPSHOT correlationId=c3fdbb7a-38e8-4074-9b94-a2ba27d5f523 c.m.m.s.i.c.CorrelationIdFilter - Request completed event="request_completed" correlationId="c3fdbb7a-38e8-4074-9b94-a2ba27d5f523" status="200"
[WebServer] 2026-09-05T11:03:03.827+08:00 INFO  application=marketops-server environment=local buildVersion=0.1.0-SNAPSHOT correlationId=c5c1f159-2fa7-4b62-8ab3-009b98889f5a c.m.m.a.i.a.JdbcMetadataAuditStore - Metadata change recorded event="metadata_change_recorded" sourceDomain="availabilityrisk" entityType="availability_queue" entityId="2d291ffd-d766-4739-8ec8-9fc54ce5bcf8" action="READ" actorId="3595aa7b-cd8b-49b6-84a3-0fb28cdbcd5c" correlationId="c5c1f159-2fa7-4b62-8ab3-009b98889f5a"
[WebServer] 2026-09-05T11:03:03.831+08:00 INFO  application=marketops-server environment=local buildVersion=0.1.0-SNAPSHOT correlationId=f124db77-50cc-4f17-b8b4-f18c560f0bd2 c.m.m.a.i.a.JdbcMetadataAuditStore - Metadata change recorded event="metadata_change_recorded" sourceDomain="advertisingefficiency" entityType="advertising_exposure" entityId="2d291ffd-d766-4739-8ec8-9fc54ce5bcf8" action="READ" actorId="3595aa7b-cd8b-49b6-84a3-0fb28cdbcd5c" correlationId="f124db77-50cc-4f17-b8b4-f18c560f0bd2"
[WebServer] 2026-09-05T11:03:03.831+08:00 INFO  application=marketops-server environment=local buildVersion=0.1.0-SNAPSHOT correlationId=c5c1f159-2fa7-4b62-8ab3-009b98889f5a c.m.m.s.i.c.CorrelationIdFilter - Request completed event="request_completed" correlationId="c5c1f159-2fa7-4b62-8ab3-009b98889f5a" status="200"
[WebServer] 2026-09-05T11:03:03.834+08:00 INFO  application=marketops-server environment=local buildVersion=0.1.0-SNAPSHOT correlationId=f124db77-50cc-4f17-b8b4-f18c560f0bd2 c.m.m.s.i.c.CorrelationIdFilter - Request completed event="request_completed" correlationId="f124db77-50cc-4f17-b8b4-f18c560f0bd2" status="200"
[WebServer] 2026-09-05T11:03:03.846+08:00 INFO  application=marketops-server environment=local buildVersion=0.1.0-SNAPSHOT correlationId=9a241813-cf88-4bea-b8f3-c5422b3295cb c.m.m.s.i.c.CorrelationIdFilter - Request completed event="request_completed" correlationId="9a241813-cf88-4bea-b8f3-c5422b3295cb" status="200"
[WebServer] 2026-09-05T11:03:03.865+08:00 INFO  application=marketops-server environment=local buildVersion=0.1.0-SNAPSHOT correlationId=570c673a-501a-4beb-9b26-94be49e95332 c.m.m.s.i.e.ConsoleProblemAdvice - Console request refused event="console_request_refused" errorCode="RESOURCE_SCOPE_DENIED" correlationId="570c673a-501a-4beb-9b26-94be49e95332"
[WebServer] 2026-09-05T11:03:03.867+08:00 INFO  application=marketops-server environment=local buildVersion=0.1.0-SNAPSHOT correlationId=570c673a-501a-4beb-9b26-94be49e95332 c.m.m.s.i.c.CorrelationIdFilter - Request completed event="request_completed" correlationId="570c673a-501a-4beb-9b26-94be49e95332" status="403"
[WebServer] 2026-09-05T11:03:03.873+08:00 INFO  application=marketops-server environment=local buildVersion=0.1.0-SNAPSHOT correlationId=5e2c3cc4-2afc-480a-83a2-c9d294234761 c.m.m.a.i.a.JdbcMetadataAuditStore - Metadata change recorded event="metadata_change_recorded" sourceDomain="advertisingefficiency" entityType="advertising_queue" entityId="2d291ffd-d766-4739-8ec8-9fc54ce5bcf8" action="READ" actorId="3595aa7b-cd8b-49b6-84a3-0fb28cdbcd5c" correlationId="5e2c3cc4-2afc-480a-83a2-c9d294234761"
[WebServer] 2026-09-05T11:03:03.877+08:00 INFO  application=marketops-server environment=local buildVersion=0.1.0-SNAPSHOT correlationId=697c1d2b-b077-48b8-a05d-61c5dc34ed61 c.m.m.a.i.a.JdbcMetadataAuditStore - Metadata change recorded event="metadata_change_recorded" sourceDomain="advertisingefficiency" entityType="advertising_orchestration" entityId="2d291ffd-d766-4739-8ec8-9fc54ce5bcf8" action="READ" actorId="3595aa7b-cd8b-49b6-84a3-0fb28cdbcd5c" correlationId="697c1d2b-b077-48b8-a05d-61c5dc34ed61"
[WebServer] 2026-09-05T11:03:03.879+08:00 INFO  application=marketops-server environment=local buildVersion=0.1.0-SNAPSHOT correlationId=697c1d2b-b077-48b8-a05d-61c5dc34ed61 c.m.m.s.i.c.CorrelationIdFilter - Request completed event="request_completed" correlationId="697c1d2b-b077-48b8-a05d-61c5dc34ed61" status="200"
[WebServer] 2026-09-05T11:03:03.892+08:00 INFO  application=marketops-server environment=local buildVersion=0.1.0-SNAPSHOT correlationId=5e2c3cc4-2afc-480a-83a2-c9d294234761 c.m.m.s.i.c.CorrelationIdFilter - Request completed event="request_completed" correlationId="5e2c3cc4-2afc-480a-83a2-c9d294234761" status="200"
[WebServer] 2026-09-05T11:03:03.904+08:00 INFO  application=marketops-server environment=local buildVersion=0.1.0-SNAPSHOT correlationId=814fb921-4457-45b1-ac43-590945e255b3 c.m.m.s.i.c.CorrelationIdFilter - Request completed event="request_completed" correlationId="814fb921-4457-45b1-ac43-590945e255b3" status="200"
[WebServer] 2026-09-05T11:03:03.973+08:00 INFO  application=marketops-server environment=local buildVersion=0.1.0-SNAPSHOT correlationId=6efb9fbd-5c0f-4969-9c8e-ed68ad15f30f c.m.m.a.i.a.JdbcMetadataAuditStore - Metadata change recorded event="metadata_change_recorded" sourceDomain="advertisingefficiency" entityType="advertising_case" entityId="859961f1-6a7b-41f9-adb9-421d41595caf" action="READ" actorId="3595aa7b-cd8b-49b6-84a3-0fb28cdbcd5c" correlationId="6efb9fbd-5c0f-4969-9c8e-ed68ad15f30f"
[WebServer] 2026-09-05T11:03:03.990+08:00 INFO  application=marketops-server environment=local buildVersion=0.1.0-SNAPSHOT correlationId=6efb9fbd-5c0f-4969-9c8e-ed68ad15f30f c.m.m.s.i.c.CorrelationIdFilter - Request completed event="request_completed" correlationId="6efb9fbd-5c0f-4969-9c8e-ed68ad15f30f" status="200"
[WebServer] 2026-09-05T11:03:04.050+08:00 INFO  application=marketops-server environment=local buildVersion=0.1.0-SNAPSHOT correlationId=63a9ed7a-bdd4-41e4-9d89-12f7d4b93cd9 c.m.m.a.i.a.JdbcMetadataAuditStore - Metadata change recorded event="metadata_change_recorded" sourceDomain="advertisingefficiency" entityType="advertising_manual_packet" entityId="c68c80dd-1082-4c83-b746-dcdf832fab73" action="READ" actorId="3595aa7b-cd8b-49b6-84a3-0fb28cdbcd5c" correlationId="63a9ed7a-bdd4-41e4-9d89-12f7d4b93cd9"
[WebServer] 2026-09-05T11:03:04.177+08:00 INFO  application=marketops-server environment=local buildVersion=0.1.0-SNAPSHOT correlationId=981bc6a3-b00b-45ec-85ff-b21b631a07ff c.m.m.s.i.c.CorrelationIdFilter - Request completed event="request_completed" correlationId="981bc6a3-b00b-45ec-85ff-b21b631a07ff" status="200"
[WebServer] 2026-09-05T11:03:04.234+08:00 INFO  application=marketops-server environment=local buildVersion=0.1.0-SNAPSHOT correlationId=1ccddca5-6e3e-472e-84e3-7f071ba05141 c.m.m.s.i.c.CorrelationIdFilter - Request completed event="request_completed" correlationId="1ccddca5-6e3e-472e-84e3-7f071ba05141" status="200"
[WebServer] 2026-09-05T11:03:04.271+08:00 INFO  application=marketops-server environment=local buildVersion=0.1.0-SNAPSHOT correlationId=63a9ed7a-bdd4-41e4-9d89-12f7d4b93cd9 c.m.m.s.i.c.CorrelationIdFilter - Request completed event="request_completed" correlationId="63a9ed7a-bdd4-41e4-9d89-12f7d4b93cd9" status="200"
[WebServer] 2026-09-05T11:03:04.335+08:00 INFO  application=marketops-server environment=local buildVersion=0.1.0-SNAPSHOT correlationId=f47afe7b-1901-4970-8723-7429f0442b62 c.m.m.s.i.c.CorrelationIdFilter - Request completed event="request_completed" correlationId="f47afe7b-1901-4970-8723-7429f0442b62" status="200"
[WebServer] 2026-09-05T11:03:04.449+08:00 INFO  application=marketops-server environment=local buildVersion=0.1.0-SNAPSHOT correlationId=2496c6d1-4896-4eac-b083-6f6b80fb1cda c.m.m.s.i.c.CorrelationIdFilter - Request completed event="request_completed" correlationId="2496c6d1-4896-4eac-b083-6f6b80fb1cda" status="200"
[WebServer] 2026-09-05T11:03:04.463+08:00 INFO  application=marketops-server environment=local buildVersion=0.1.0-SNAPSHOT correlationId=871fa09d-bc9a-497f-a462-3cd597a6c3db c.m.m.a.i.a.JdbcMetadataAuditStore - Metadata change recorded event="metadata_change_recorded" sourceDomain="advertisingefficiency" entityType="advertising_manual_packet" entityId="c68c80dd-1082-4c83-b746-dcdf832fab73" action="READ" actorId="3595aa7b-cd8b-49b6-84a3-0fb28cdbcd5c" correlationId="871fa09d-bc9a-497f-a462-3cd597a6c3db"
[WebServer] 2026-09-05T11:03:04.499+08:00 INFO  application=marketops-server environment=local buildVersion=0.1.0-SNAPSHOT correlationId=871fa09d-bc9a-497f-a462-3cd597a6c3db c.m.m.s.i.c.CorrelationIdFilter - Request completed event="request_completed" correlationId="871fa09d-bc9a-497f-a462-3cd597a6c3db" status="200"
[WebServer] 2026-09-05T11:03:04.608+08:00 INFO  application=marketops-server environment=local buildVersion=0.1.0-SNAPSHOT correlationId=53c47fb2-a48e-4305-9e76-db202dd84a93 c.m.m.s.i.c.CorrelationIdFilter - Request completed event="request_completed" correlationId="53c47fb2-a48e-4305-9e76-db202dd84a93" status="200"
[WebServer] 2026-09-05T11:03:04.621+08:00 INFO  application=marketops-server environment=local buildVersion=0.1.0-SNAPSHOT correlationId=882fbed5-45f1-4811-b179-516d673a92e6 c.m.m.a.i.a.JdbcMetadataAuditStore - Metadata change recorded event="metadata_change_recorded" sourceDomain="advertisingefficiency" entityType="advertising_manual_packet" entityId="c68c80dd-1082-4c83-b746-dcdf832fab73" action="READ" actorId="3595aa7b-cd8b-49b6-84a3-0fb28cdbcd5c" correlationId="882fbed5-45f1-4811-b179-516d673a92e6"
[WebServer] 2026-09-05T11:03:04.644+08:00 INFO  application=marketops-server environment=local buildVersion=0.1.0-SNAPSHOT correlationId=882fbed5-45f1-4811-b179-516d673a92e6 c.m.m.s.i.c.CorrelationIdFilter - Request completed event="request_completed" correlationId="882fbed5-45f1-4811-b179-516d673a92e6" status="200"
[WebServer] 2026-09-05T11:03:04.730+08:00 DEBUG application=marketops-server environment=local buildVersion=0.1.0-SNAPSHOT correlationId=4b9df320-9dcb-4e24-ad03-d73898e0141d c.m.m.s.i.c.CorrelationIdFilter - Inbound correlation identifier replaced event="correlation_identifier_replaced" correlationId="4b9df320-9dcb-4e24-ad03-d73898e0141d" rejectionCategory="MISSING"
[WebServer] 2026-09-05T11:03:04.756+08:00 INFO  application=marketops-server environment=local buildVersion=0.1.0-SNAPSHOT correlationId=4b9df320-9dcb-4e24-ad03-d73898e0141d c.m.m.s.i.e.ConsoleProblemAdvice - Console request refused event="console_request_refused" errorCode="ACTION_NOT_PERMITTED" correlationId="4b9df320-9dcb-4e24-ad03-d73898e0141d"
[WebServer] 2026-09-05T11:03:04.757+08:00 INFO  application=marketops-server environment=local buildVersion=0.1.0-SNAPSHOT correlationId=4b9df320-9dcb-4e24-ad03-d73898e0141d c.m.m.s.i.c.CorrelationIdFilter - Request completed event="request_completed" correlationId="4b9df320-9dcb-4e24-ad03-d73898e0141d" status="403"
[WebServer] 2026-09-05T11:03:05.058+08:00 INFO  application=marketops-server environment=local buildVersion=0.1.0-SNAPSHOT correlationId=66885810-f164-4297-acff-4cc9f5587d60 c.m.m.s.i.c.CorrelationIdFilter - Request completed event="request_completed" correlationId="66885810-f164-4297-acff-4cc9f5587d60" status="200"
[WebServer] 2026-09-05T11:03:05.068+08:00 INFO  application=marketops-server environment=local buildVersion=0.1.0-SNAPSHOT correlationId=d85cb965-f24a-412e-ab9f-328340b6ef5a c.m.m.s.i.e.ConsoleProblemAdvice - Console request refused event="console_request_refused" errorCode="RESOURCE_NOT_FOUND" correlationId="d85cb965-f24a-412e-ab9f-328340b6ef5a"
[WebServer] 2026-09-05T11:03:05.069+08:00 INFO  application=marketops-server environment=local buildVersion=0.1.0-SNAPSHOT correlationId=d85cb965-f24a-412e-ab9f-328340b6ef5a c.m.m.s.i.c.CorrelationIdFilter - Request completed event="request_completed" correlationId="d85cb965-f24a-412e-ab9f-328340b6ef5a" status="404"
[WebServer] 2026-09-05T11:03:05.073+08:00 INFO  application=marketops-server environment=local buildVersion=0.1.0-SNAPSHOT correlationId=ad13c24d-53b9-4caf-b550-ece89d6abbce c.m.m.s.i.e.ConsoleProblemAdvice - Console request refused event="console_request_refused" errorCode="RESOURCE_SCOPE_DENIED" correlationId="ad13c24d-53b9-4caf-b550-ece89d6abbce"
[WebServer] 2026-09-05T11:03:05.074+08:00 INFO  application=marketops-server environment=local buildVersion=0.1.0-SNAPSHOT correlationId=ad13c24d-53b9-4caf-b550-ece89d6abbce c.m.m.s.i.c.CorrelationIdFilter - Request completed event="request_completed" correlationId="ad13c24d-53b9-4caf-b550-ece89d6abbce" status="403"
[WebServer] 2026-09-05T11:03:05.078+08:00 INFO  application=marketops-server environment=local buildVersion=0.1.0-SNAPSHOT correlationId=1ecbcff0-be23-4756-9216-16acac27b608 c.m.m.a.i.a.JdbcMetadataAuditStore - Metadata change recorded event="metadata_change_recorded" sourceDomain="advertisingefficiency" entityType="advertising_reservations" entityId="2d291ffd-d766-4739-8ec8-9fc54ce5bcf8" action="READ" actorId="7a3a691b-0eae-4e40-8ab7-8104c36189f9" correlationId="1ecbcff0-be23-4756-9216-16acac27b608"
[WebServer] 2026-09-05T11:03:05.081+08:00 INFO  application=marketops-server environment=local buildVersion=0.1.0-SNAPSHOT correlationId=8f90e2b8-692f-4d65-ab88-0821717992e4 c.m.m.a.i.a.JdbcMetadataAuditStore - Metadata change recorded event="metadata_change_recorded" sourceDomain="advertisingefficiency" entityType="advertising_containments" entityId="2d291ffd-d766-4739-8ec8-9fc54ce5bcf8" action="READ" actorId="7a3a691b-0eae-4e40-8ab7-8104c36189f9" correlationId="8f90e2b8-692f-4d65-ab88-0821717992e4"
[WebServer] 2026-09-05T11:03:05.087+08:00 INFO  application=marketops-server environment=local buildVersion=0.1.0-SNAPSHOT correlationId=f2453828-b3df-4151-969d-7b44fcadcfb3 c.m.m.a.i.a.JdbcMetadataAuditStore - Metadata change recorded event="metadata_change_recorded" sourceDomain="availabilityrisk" entityType="availability_queue" entityId="2d291ffd-d766-4739-8ec8-9fc54ce5bcf8" action="READ" actorId="7a3a691b-0eae-4e40-8ab7-8104c36189f9" correlationId="f2453828-b3df-4151-969d-7b44fcadcfb3"
[WebServer] 2026-09-05T11:03:05.094+08:00 INFO  application=marketops-server environment=local buildVersion=0.1.0-SNAPSHOT correlationId=f2453828-b3df-4151-969d-7b44fcadcfb3 c.m.m.s.i.c.CorrelationIdFilter - Request completed event="request_completed" correlationId="f2453828-b3df-4151-969d-7b44fcadcfb3" status="200"
[WebServer] 2026-09-05T11:03:05.109+08:00 INFO  application=marketops-server environment=local buildVersion=0.1.0-SNAPSHOT correlationId=8f90e2b8-692f-4d65-ab88-0821717992e4 c.m.m.s.i.c.CorrelationIdFilter - Request completed event="request_completed" correlationId="8f90e2b8-692f-4d65-ab88-0821717992e4" status="200"
[WebServer] 2026-09-05T11:03:05.115+08:00 INFO  application=marketops-server environment=local buildVersion=0.1.0-SNAPSHOT correlationId=f55497c2-cb45-421e-8206-543f027df232 c.m.m.a.i.a.JdbcMetadataAuditStore - Metadata change recorded event="metadata_change_recorded" sourceDomain="advertisingefficiency" entityType="advertising_exposure" entityId="2d291ffd-d766-4739-8ec8-9fc54ce5bcf8" action="READ" actorId="7a3a691b-0eae-4e40-8ab7-8104c36189f9" correlationId="f55497c2-cb45-421e-8206-543f027df232"
[WebServer] 2026-09-05T11:03:05.120+08:00 INFO  application=marketops-server environment=local buildVersion=0.1.0-SNAPSHOT correlationId=f55497c2-cb45-421e-8206-543f027df232 c.m.m.s.i.c.CorrelationIdFilter - Request completed event="request_completed" correlationId="f55497c2-cb45-421e-8206-543f027df232" status="200"
[WebServer] 2026-09-05T11:03:05.125+08:00 INFO  application=marketops-server environment=local buildVersion=0.1.0-SNAPSHOT correlationId=d5d34012-914d-40d9-a7a7-5db4098b85a8 c.m.m.s.i.e.ConsoleProblemAdvice - Console request refused event="console_request_refused" errorCode="RESOURCE_SCOPE_DENIED" correlationId="d5d34012-914d-40d9-a7a7-5db4098b85a8"
[WebServer] 2026-09-05T11:03:05.126+08:00 INFO  application=marketops-server environment=local buildVersion=0.1.0-SNAPSHOT correlationId=d5d34012-914d-40d9-a7a7-5db4098b85a8 c.m.m.s.i.c.CorrelationIdFilter - Request completed event="request_completed" correlationId="d5d34012-914d-40d9-a7a7-5db4098b85a8" status="403"
[WebServer] 2026-09-05T11:03:05.134+08:00 INFO  application=marketops-server environment=local buildVersion=0.1.0-SNAPSHOT correlationId=ac987758-825e-457a-8c57-0e91da04e3fe c.m.m.a.i.a.JdbcMetadataAuditStore - Metadata change recorded event="metadata_change_recorded" sourceDomain="advertisingefficiency" entityType="advertising_queue" entityId="2d291ffd-d766-4739-8ec8-9fc54ce5bcf8" action="READ" actorId="7a3a691b-0eae-4e40-8ab7-8104c36189f9" correlationId="ac987758-825e-457a-8c57-0e91da04e3fe"
[WebServer] 2026-09-05T11:03:05.137+08:00 INFO  application=marketops-server environment=local buildVersion=0.1.0-SNAPSHOT correlationId=1ecbcff0-be23-4756-9216-16acac27b608 c.m.m.s.i.c.CorrelationIdFilter - Request completed event="request_completed" correlationId="1ecbcff0-be23-4756-9216-16acac27b608" status="200"
[WebServer] 2026-09-05T11:03:05.161+08:00 INFO  application=marketops-server environment=local buildVersion=0.1.0-SNAPSHOT correlationId=95185bbb-9bef-4271-850f-96b9e581af8a c.m.m.a.i.a.JdbcMetadataAuditStore - Metadata change recorded event="metadata_change_recorded" sourceDomain="advertisingefficiency" entityType="advertising_orchestration" entityId="2d291ffd-d766-4739-8ec8-9fc54ce5bcf8" action="READ" actorId="7a3a691b-0eae-4e40-8ab7-8104c36189f9" correlationId="95185bbb-9bef-4271-850f-96b9e581af8a"
[WebServer] 2026-09-05T11:03:05.164+08:00 INFO  application=marketops-server environment=local buildVersion=0.1.0-SNAPSHOT correlationId=95185bbb-9bef-4271-850f-96b9e581af8a c.m.m.s.i.c.CorrelationIdFilter - Request completed event="request_completed" correlationId="95185bbb-9bef-4271-850f-96b9e581af8a" status="200"
[WebServer] 2026-09-05T11:03:05.171+08:00 INFO  application=marketops-server environment=local buildVersion=0.1.0-SNAPSHOT correlationId=ac987758-825e-457a-8c57-0e91da04e3fe c.m.m.s.i.c.CorrelationIdFilter - Request completed event="request_completed" correlationId="ac987758-825e-457a-8c57-0e91da04e3fe" status="200"
[WebServer] 2026-09-05T11:03:05.176+08:00 INFO  application=marketops-server environment=local buildVersion=0.1.0-SNAPSHOT correlationId=d96cec09-a318-490f-a7c6-f081ef1ab837 c.m.m.s.i.c.CorrelationIdFilter - Request completed event="request_completed" correlationId="d96cec09-a318-490f-a7c6-f081ef1ab837" status="200"
[WebServer] 2026-09-05T11:03:05.287+08:00 INFO  application=marketops-server environment=local buildVersion=0.1.0-SNAPSHOT correlationId=687944bb-939d-4d3c-8a00-30e711007a00 c.m.m.a.i.a.JdbcMetadataAuditStore - Metadata change recorded event="metadata_change_recorded" sourceDomain="advertisingefficiency" entityType="advertising_case" entityId="859961f1-6a7b-41f9-adb9-421d41595caf" action="READ" actorId="7a3a691b-0eae-4e40-8ab7-8104c36189f9" correlationId="687944bb-939d-4d3c-8a00-30e711007a00"
[WebServer] 2026-09-05T11:03:05.302+08:00 INFO  application=marketops-server environment=local buildVersion=0.1.0-SNAPSHOT correlationId=687944bb-939d-4d3c-8a00-30e711007a00 c.m.m.s.i.c.CorrelationIdFilter - Request completed event="request_completed" correlationId="687944bb-939d-4d3c-8a00-30e711007a00" status="200"
[WebServer] 2026-09-05T11:03:05.326+08:00 INFO  application=marketops-server environment=local buildVersion=0.1.0-SNAPSHOT correlationId=6fa01ab9-f364-4424-a36e-3bc32e5706d5 c.m.m.a.i.a.JdbcMetadataAuditStore - Metadata change recorded event="metadata_change_recorded" sourceDomain="advertisingefficiency" entityType="advertising_manual_packet" entityId="c68c80dd-1082-4c83-b746-dcdf832fab73" action="READ" actorId="7a3a691b-0eae-4e40-8ab7-8104c36189f9" correlationId="6fa01ab9-f364-4424-a36e-3bc32e5706d5"
[WebServer] 2026-09-05T11:03:05.353+08:00 INFO  application=marketops-server environment=local buildVersion=0.1.0-SNAPSHOT correlationId=93a8a05d-e7ad-4fe8-800b-736a8613bbfc c.m.m.s.i.c.CorrelationIdFilter - Request completed event="request_completed" correlationId="93a8a05d-e7ad-4fe8-800b-736a8613bbfc" status="200"
[WebServer] 2026-09-05T11:03:05.367+08:00 INFO  application=marketops-server environment=local buildVersion=0.1.0-SNAPSHOT correlationId=6fa01ab9-f364-4424-a36e-3bc32e5706d5 c.m.m.s.i.c.CorrelationIdFilter - Request completed event="request_completed" correlationId="6fa01ab9-f364-4424-a36e-3bc32e5706d5" status="200"
[WebServer] 2026-09-05T11:03:05.373+08:00 INFO  application=marketops-server environment=local buildVersion=0.1.0-SNAPSHOT correlationId=d672e1f5-2a6e-4766-8b17-546fc819a97e c.m.m.s.i.c.CorrelationIdFilter - Request completed event="request_completed" correlationId="d672e1f5-2a6e-4766-8b17-546fc819a97e" status="200"
[WebServer] 2026-09-05T11:03:05.401+08:00 INFO  application=marketops-server environment=local buildVersion=0.1.0-SNAPSHOT correlationId=9c8318c3-0a24-437e-bc75-350b7db184fb c.m.m.s.i.c.CorrelationIdFilter - Request completed event="request_completed" correlationId="9c8318c3-0a24-437e-bc75-350b7db184fb" status="200"
[WebServer] 2026-09-05T11:03:05.534+08:00 INFO  application=marketops-server environment=local buildVersion=0.1.0-SNAPSHOT correlationId=afe7595c-3dbe-45f8-8792-88acadcf1db4 c.m.m.s.i.c.CorrelationIdFilter - Request completed event="request_completed" correlationId="afe7595c-3dbe-45f8-8792-88acadcf1db4" status="200"
[WebServer] 2026-09-05T11:03:05.556+08:00 INFO  application=marketops-server environment=local buildVersion=0.1.0-SNAPSHOT correlationId=e9f3e879-6091-482a-b205-22623ea0056f c.m.m.a.i.a.JdbcMetadataAuditStore - Metadata change recorded event="metadata_change_recorded" sourceDomain="advertisingefficiency" entityType="advertising_manual_packet" entityId="c68c80dd-1082-4c83-b746-dcdf832fab73" action="READ" actorId="7a3a691b-0eae-4e40-8ab7-8104c36189f9" correlationId="e9f3e879-6091-482a-b205-22623ea0056f"
[WebServer] 2026-09-05T11:03:05.599+08:00 INFO  application=marketops-server environment=local buildVersion=0.1.0-SNAPSHOT correlationId=e9f3e879-6091-482a-b205-22623ea0056f c.m.m.s.i.c.CorrelationIdFilter - Request completed event="request_completed" correlationId="e9f3e879-6091-482a-b205-22623ea0056f" status="200"
[WebServer] 2026-09-05T11:03:05.629+08:00 INFO  application=marketops-server environment=local buildVersion=0.1.0-SNAPSHOT correlationId=e4f7c532-bbdb-4724-9ec2-d75bc3e2b770 c.m.m.s.i.c.CorrelationIdFilter - Request completed event="request_completed" correlationId="e4f7c532-bbdb-4724-9ec2-d75bc3e2b770" status="200"
[WebServer] 2026-09-05T11:03:05.793+08:00 INFO  application=marketops-server environment=local buildVersion=0.1.0-SNAPSHOT correlationId=b4d3c33e-8d56-48fe-ae81-47c975640915 c.m.m.s.i.c.CorrelationIdFilter - Request completed event="request_completed" correlationId="b4d3c33e-8d56-48fe-ae81-47c975640915" status="200"
[WebServer] 2026-09-05T11:03:05.814+08:00 INFO  application=marketops-server environment=local buildVersion=0.1.0-SNAPSHOT correlationId=662e7784-68c8-4e35-8dbe-dcb574a9f292 c.m.m.a.i.a.JdbcMetadataAuditStore - Metadata change recorded event="metadata_change_recorded" sourceDomain="advertisingefficiency" entityType="advertising_manual_packet" entityId="c68c80dd-1082-4c83-b746-dcdf832fab73" action="READ" actorId="7a3a691b-0eae-4e40-8ab7-8104c36189f9" correlationId="662e7784-68c8-4e35-8dbe-dcb574a9f292"
[WebServer] 2026-09-05T11:03:05.845+08:00 INFO  application=marketops-server environment=local buildVersion=0.1.0-SNAPSHOT correlationId=e71ed885-0c45-43a8-a862-b01338ed07fd c.m.m.s.i.c.CorrelationIdFilter - Request completed event="request_completed" correlationId="e71ed885-0c45-43a8-a862-b01338ed07fd" status="200"
[WebServer] 2026-09-05T11:03:05.855+08:00 INFO  application=marketops-server environment=local buildVersion=0.1.0-SNAPSHOT correlationId=662e7784-68c8-4e35-8dbe-dcb574a9f292 c.m.m.s.i.c.CorrelationIdFilter - Request completed event="request_completed" correlationId="662e7784-68c8-4e35-8dbe-dcb574a9f292" status="200"
  ✓   3 tests/advertising-browser/governed-advertising.spec.ts:161:3 › OZON actual governed manual path stays UNVERIFIED and requires an independent observer (7.5s)
[WebServer] 2026-09-05T11:03:07.055+08:00 INFO  application=marketops-server environment=local buildVersion=0.1.0-SNAPSHOT correlationId=524fa3e7-8758-49e7-9560-64eea9ba223b c.m.m.s.i.e.ConsoleProblemAdvice - Console request refused event="console_request_refused" errorCode="RESOURCE_SCOPE_DENIED" correlationId="524fa3e7-8758-49e7-9560-64eea9ba223b"
[WebServer] 2026-09-05T11:03:07.056+08:00 INFO  application=marketops-server environment=local buildVersion=0.1.0-SNAPSHOT correlationId=524fa3e7-8758-49e7-9560-64eea9ba223b c.m.m.s.i.c.CorrelationIdFilter - Request completed event="request_completed" correlationId="524fa3e7-8758-49e7-9560-64eea9ba223b" status="403"
[WebServer] 2026-09-05T11:03:07.067+08:00 INFO  application=marketops-server environment=local buildVersion=0.1.0-SNAPSHOT correlationId=507acb7b-9673-44e9-b7c8-f80c108f958b c.m.m.s.i.e.ConsoleProblemAdvice - Console request refused event="console_request_refused" errorCode="RESOURCE_NOT_FOUND" correlationId="507acb7b-9673-44e9-b7c8-f80c108f958b"
[WebServer] 2026-09-05T11:03:07.068+08:00 INFO  application=marketops-server environment=local buildVersion=0.1.0-SNAPSHOT correlationId=507acb7b-9673-44e9-b7c8-f80c108f958b c.m.m.s.i.c.CorrelationIdFilter - Request completed event="request_completed" correlationId="507acb7b-9673-44e9-b7c8-f80c108f958b" status="404"
[WebServer] 2026-09-05T11:03:07.070+08:00 INFO  application=marketops-server environment=local buildVersion=0.1.0-SNAPSHOT correlationId=53d99a8b-6c90-4ec6-a648-b053066d6c58 c.m.m.a.i.a.JdbcMetadataAuditStore - Metadata change recorded event="metadata_change_recorded" sourceDomain="advertisingefficiency" entityType="advertising_containments" entityId="43f5e1f3-30ef-4bcf-9d72-ab8c2e5e5bb4" action="READ" actorId="c1810d73-0907-4ac2-b2f9-f551ae8d8399" correlationId="53d99a8b-6c90-4ec6-a648-b053066d6c58"
[WebServer] 2026-09-05T11:03:07.078+08:00 INFO  application=marketops-server environment=local buildVersion=0.1.0-SNAPSHOT correlationId=59c66847-42f7-408e-832c-843118e560c3 c.m.m.s.i.c.CorrelationIdFilter - Request completed event="request_completed" correlationId="59c66847-42f7-408e-832c-843118e560c3" status="200"
[WebServer] 2026-09-05T11:03:07.081+08:00 INFO  application=marketops-server environment=local buildVersion=0.1.0-SNAPSHOT correlationId=7a40fe53-a3f8-4fed-9865-1034a41b4b29 c.m.m.a.i.a.JdbcMetadataAuditStore - Metadata change recorded event="metadata_change_recorded" sourceDomain="advertisingefficiency" entityType="advertising_reservations" entityId="43f5e1f3-30ef-4bcf-9d72-ab8c2e5e5bb4" action="READ" actorId="c1810d73-0907-4ac2-b2f9-f551ae8d8399" correlationId="7a40fe53-a3f8-4fed-9865-1034a41b4b29"
[WebServer] 2026-09-05T11:03:07.085+08:00 INFO  application=marketops-server environment=local buildVersion=0.1.0-SNAPSHOT correlationId=7a40fe53-a3f8-4fed-9865-1034a41b4b29 c.m.m.s.i.c.CorrelationIdFilter - Request completed event="request_completed" correlationId="7a40fe53-a3f8-4fed-9865-1034a41b4b29" status="200"
[WebServer] 2026-09-05T11:03:07.088+08:00 INFO  application=marketops-server environment=local buildVersion=0.1.0-SNAPSHOT correlationId=67d78b44-41d8-4669-85e3-e454b9715421 c.m.m.a.i.a.JdbcMetadataAuditStore - Metadata change recorded event="metadata_change_recorded" sourceDomain="availabilityrisk" entityType="availability_queue" entityId="43f5e1f3-30ef-4bcf-9d72-ab8c2e5e5bb4" action="READ" actorId="c1810d73-0907-4ac2-b2f9-f551ae8d8399" correlationId="67d78b44-41d8-4669-85e3-e454b9715421"
[WebServer] 2026-09-05T11:03:07.091+08:00 INFO  application=marketops-server environment=local buildVersion=0.1.0-SNAPSHOT correlationId=53d99a8b-6c90-4ec6-a648-b053066d6c58 c.m.m.s.i.c.CorrelationIdFilter - Request completed event="request_completed" correlationId="53d99a8b-6c90-4ec6-a648-b053066d6c58" status="200"
[WebServer] 2026-09-05T11:03:07.091+08:00 INFO  application=marketops-server environment=local buildVersion=0.1.0-SNAPSHOT correlationId=67d78b44-41d8-4669-85e3-e454b9715421 c.m.m.s.i.c.CorrelationIdFilter - Request completed event="request_completed" correlationId="67d78b44-41d8-4669-85e3-e454b9715421" status="200"
[WebServer] 2026-09-05T11:03:07.101+08:00 INFO  application=marketops-server environment=local buildVersion=0.1.0-SNAPSHOT correlationId=cd96d54c-bd19-4013-82ec-dd7e85985060 c.m.m.s.i.e.ConsoleProblemAdvice - Console request refused event="console_request_refused" errorCode="RESOURCE_SCOPE_DENIED" correlationId="cd96d54c-bd19-4013-82ec-dd7e85985060"
[WebServer] 2026-09-05T11:03:07.102+08:00 INFO  application=marketops-server environment=local buildVersion=0.1.0-SNAPSHOT correlationId=cd96d54c-bd19-4013-82ec-dd7e85985060 c.m.m.s.i.c.CorrelationIdFilter - Request completed event="request_completed" correlationId="cd96d54c-bd19-4013-82ec-dd7e85985060" status="403"
[WebServer] 2026-09-05T11:03:07.106+08:00 INFO  application=marketops-server environment=local buildVersion=0.1.0-SNAPSHOT correlationId=556b0481-a9ed-4621-855e-1b300fdf33ea c.m.m.a.i.a.JdbcMetadataAuditStore - Metadata change recorded event="metadata_change_recorded" sourceDomain="advertisingefficiency" entityType="advertising_exposure" entityId="43f5e1f3-30ef-4bcf-9d72-ab8c2e5e5bb4" action="READ" actorId="c1810d73-0907-4ac2-b2f9-f551ae8d8399" correlationId="556b0481-a9ed-4621-855e-1b300fdf33ea"
[WebServer] 2026-09-05T11:03:07.107+08:00 INFO  application=marketops-server environment=local buildVersion=0.1.0-SNAPSHOT correlationId=556b0481-a9ed-4621-855e-1b300fdf33ea c.m.m.s.i.c.CorrelationIdFilter - Request completed event="request_completed" correlationId="556b0481-a9ed-4621-855e-1b300fdf33ea" status="200"
[WebServer] 2026-09-05T11:03:07.108+08:00 INFO  application=marketops-server environment=local buildVersion=0.1.0-SNAPSHOT correlationId=404d748c-4e51-4482-aeae-eb5b03ffda8d c.m.m.a.i.a.JdbcMetadataAuditStore - Metadata change recorded event="metadata_change_recorded" sourceDomain="advertisingefficiency" entityType="advertising_queue" entityId="43f5e1f3-30ef-4bcf-9d72-ab8c2e5e5bb4" action="READ" actorId="c1810d73-0907-4ac2-b2f9-f551ae8d8399" correlationId="404d748c-4e51-4482-aeae-eb5b03ffda8d"
[WebServer] 2026-09-05T11:03:07.125+08:00 INFO  application=marketops-server environment=local buildVersion=0.1.0-SNAPSHOT correlationId=4d120d24-1222-4ca5-96eb-045c3f63d4bc c.m.m.a.i.a.JdbcMetadataAuditStore - Metadata change recorded event="metadata_change_recorded" sourceDomain="advertisingefficiency" entityType="advertising_orchestration" entityId="43f5e1f3-30ef-4bcf-9d72-ab8c2e5e5bb4" action="READ" actorId="c1810d73-0907-4ac2-b2f9-f551ae8d8399" correlationId="4d120d24-1222-4ca5-96eb-045c3f63d4bc"
[WebServer] 2026-09-05T11:03:07.125+08:00 INFO  application=marketops-server environment=local buildVersion=0.1.0-SNAPSHOT correlationId=404d748c-4e51-4482-aeae-eb5b03ffda8d c.m.m.s.i.c.CorrelationIdFilter - Request completed event="request_completed" correlationId="404d748c-4e51-4482-aeae-eb5b03ffda8d" status="200"
[WebServer] 2026-09-05T11:03:07.126+08:00 INFO  application=marketops-server environment=local buildVersion=0.1.0-SNAPSHOT correlationId=4d120d24-1222-4ca5-96eb-045c3f63d4bc c.m.m.s.i.c.CorrelationIdFilter - Request completed event="request_completed" correlationId="4d120d24-1222-4ca5-96eb-045c3f63d4bc" status="200"
[WebServer] 2026-09-05T11:03:07.130+08:00 INFO  application=marketops-server environment=local buildVersion=0.1.0-SNAPSHOT correlationId=b2a95403-9ded-4dd1-8941-8c936246a9ad c.m.m.s.i.c.CorrelationIdFilter - Request completed event="request_completed" correlationId="b2a95403-9ded-4dd1-8941-8c936246a9ad" status="200"
[WebServer] 2026-09-05T11:03:07.226+08:00 INFO  application=marketops-server environment=local buildVersion=0.1.0-SNAPSHOT correlationId=1f59391b-8021-4f9a-b880-af73a440c30e c.m.m.a.i.a.JdbcMetadataAuditStore - Metadata change recorded event="metadata_change_recorded" sourceDomain="advertisingefficiency" entityType="advertising_case" entityId="e3b8e986-c08c-4f15-ad7d-368d0ed7b75b" action="READ" actorId="c1810d73-0907-4ac2-b2f9-f551ae8d8399" correlationId="1f59391b-8021-4f9a-b880-af73a440c30e"
[WebServer] 2026-09-05T11:03:07.239+08:00 INFO  application=marketops-server environment=local buildVersion=0.1.0-SNAPSHOT correlationId=1f59391b-8021-4f9a-b880-af73a440c30e c.m.m.s.i.c.CorrelationIdFilter - Request completed event="request_completed" correlationId="1f59391b-8021-4f9a-b880-af73a440c30e" status="200"
[WebServer] 2026-09-05T11:03:07.267+08:00 INFO  application=marketops-server environment=local buildVersion=0.1.0-SNAPSHOT correlationId=2988813c-ee4b-49bf-92b2-03a09d1f6489 c.m.m.a.i.a.JdbcMetadataAuditStore - Metadata change recorded event="metadata_change_recorded" sourceDomain="advertisingefficiency" entityType="advertising_manual_packet" entityId="6e171d25-b7a0-49ca-be6b-ef196065646a" action="READ" actorId="c1810d73-0907-4ac2-b2f9-f551ae8d8399" correlationId="2988813c-ee4b-49bf-92b2-03a09d1f6489"
[WebServer] 2026-09-05T11:03:07.268+08:00 INFO  application=marketops-server environment=local buildVersion=0.1.0-SNAPSHOT correlationId=2988813c-ee4b-49bf-92b2-03a09d1f6489 c.m.m.s.i.c.CorrelationIdFilter - Request completed event="request_completed" correlationId="2988813c-ee4b-49bf-92b2-03a09d1f6489" status="200"
[WebServer] 2026-09-05T11:03:07.291+08:00 INFO  application=marketops-server environment=local buildVersion=0.1.0-SNAPSHOT correlationId=a24e840d-3e3e-46ae-a7b0-3f120b4d4d7a c.m.m.s.i.c.CorrelationIdFilter - Request completed event="request_completed" correlationId="a24e840d-3e3e-46ae-a7b0-3f120b4d4d7a" status="200"
[WebServer] 2026-09-05T11:03:07.304+08:00 INFO  application=marketops-server environment=local buildVersion=0.1.0-SNAPSHOT correlationId=dcac24d8-da98-4ecb-898f-80e60d7bbfe8 c.m.m.s.i.c.CorrelationIdFilter - Request completed event="request_completed" correlationId="dcac24d8-da98-4ecb-898f-80e60d7bbfe8" status="200"
[WebServer] 2026-09-05T11:03:07.345+08:00 INFO  application=marketops-server environment=local buildVersion=0.1.0-SNAPSHOT correlationId=1387683b-1a21-4bef-b2a5-a37a0054ba9c c.m.m.s.i.c.CorrelationIdFilter - Request completed event="request_completed" correlationId="1387683b-1a21-4bef-b2a5-a37a0054ba9c" status="200"
[WebServer] 2026-09-05T11:03:07.502+08:00 INFO  application=marketops-server environment=local buildVersion=0.1.0-SNAPSHOT correlationId=a4c29d9a-8fbc-4778-a9b2-d4a8cb586968 c.m.m.s.i.c.CorrelationIdFilter - Request completed event="request_completed" correlationId="a4c29d9a-8fbc-4778-a9b2-d4a8cb586968" status="200"
[WebServer] 2026-09-05T11:03:07.516+08:00 INFO  application=marketops-server environment=local buildVersion=0.1.0-SNAPSHOT correlationId=1bcd2ee9-b7d9-475a-9346-771fb3f478bc c.m.m.a.i.a.JdbcMetadataAuditStore - Metadata change recorded event="metadata_change_recorded" sourceDomain="advertisingefficiency" entityType="advertising_manual_packet" entityId="6e171d25-b7a0-49ca-be6b-ef196065646a" action="READ" actorId="c1810d73-0907-4ac2-b2f9-f551ae8d8399" correlationId="1bcd2ee9-b7d9-475a-9346-771fb3f478bc"
[WebServer] 2026-09-05T11:03:07.545+08:00 INFO  application=marketops-server environment=local buildVersion=0.1.0-SNAPSHOT correlationId=1bcd2ee9-b7d9-475a-9346-771fb3f478bc c.m.m.s.i.c.CorrelationIdFilter - Request completed event="request_completed" correlationId="1bcd2ee9-b7d9-475a-9346-771fb3f478bc" status="200"
[WebServer] 2026-09-05T11:03:07.957+08:00 INFO  application=marketops-server environment=local buildVersion=0.1.0-SNAPSHOT correlationId=476efd2a-1595-4e84-9683-e46f4ab2f532 c.m.m.s.i.c.CorrelationIdFilter - Request completed event="request_completed" correlationId="476efd2a-1595-4e84-9683-e46f4ab2f532" status="200"
[WebServer] 2026-09-05T11:03:07.966+08:00 INFO  application=marketops-server environment=local buildVersion=0.1.0-SNAPSHOT correlationId=f08bb50d-5678-4320-8da1-cf1ada1de3b6 c.m.m.a.i.a.JdbcMetadataAuditStore - Metadata change recorded event="metadata_change_recorded" sourceDomain="advertisingefficiency" entityType="advertising_reservations" entityId="43f5e1f3-30ef-4bcf-9d72-ab8c2e5e5bb4" action="READ" actorId="b6e0114e-ed97-491e-9a99-a90ecb8bd195" correlationId="f08bb50d-5678-4320-8da1-cf1ada1de3b6"
[WebServer] 2026-09-05T11:03:07.968+08:00 INFO  application=marketops-server environment=local buildVersion=0.1.0-SNAPSHOT correlationId=a6ab2437-4e7c-45e4-ad50-6083988b0373 c.m.m.s.i.e.ConsoleProblemAdvice - Console request refused event="console_request_refused" errorCode="RESOURCE_SCOPE_DENIED" correlationId="a6ab2437-4e7c-45e4-ad50-6083988b0373"
[WebServer] 2026-09-05T11:03:07.969+08:00 INFO  application=marketops-server environment=local buildVersion=0.1.0-SNAPSHOT correlationId=f08bb50d-5678-4320-8da1-cf1ada1de3b6 c.m.m.s.i.c.CorrelationIdFilter - Request completed event="request_completed" correlationId="f08bb50d-5678-4320-8da1-cf1ada1de3b6" status="200"
[WebServer] 2026-09-05T11:03:07.969+08:00 INFO  application=marketops-server environment=local buildVersion=0.1.0-SNAPSHOT correlationId=a6ab2437-4e7c-45e4-ad50-6083988b0373 c.m.m.s.i.c.CorrelationIdFilter - Request completed event="request_completed" correlationId="a6ab2437-4e7c-45e4-ad50-6083988b0373" status="403"
[WebServer] 2026-09-05T11:03:07.971+08:00 INFO  application=marketops-server environment=local buildVersion=0.1.0-SNAPSHOT correlationId=a87ecf52-9eb4-45cf-a719-762671806420 c.m.m.a.i.a.JdbcMetadataAuditStore - Metadata change recorded event="metadata_change_recorded" sourceDomain="advertisingefficiency" entityType="advertising_containments" entityId="43f5e1f3-30ef-4bcf-9d72-ab8c2e5e5bb4" action="READ" actorId="b6e0114e-ed97-491e-9a99-a90ecb8bd195" correlationId="a87ecf52-9eb4-45cf-a719-762671806420"
[WebServer] 2026-09-05T11:03:07.976+08:00 INFO  application=marketops-server environment=local buildVersion=0.1.0-SNAPSHOT correlationId=c4bbe8dd-d4ba-436c-b61a-8a63da8bde41 c.m.m.a.i.a.JdbcMetadataAuditStore - Metadata change recorded event="metadata_change_recorded" sourceDomain="advertisingefficiency" entityType="advertising_exposure" entityId="43f5e1f3-30ef-4bcf-9d72-ab8c2e5e5bb4" action="READ" actorId="b6e0114e-ed97-491e-9a99-a90ecb8bd195" correlationId="c4bbe8dd-d4ba-436c-b61a-8a63da8bde41"
[WebServer] 2026-09-05T11:03:07.976+08:00 INFO  application=marketops-server environment=local buildVersion=0.1.0-SNAPSHOT correlationId=7e34a2b8-5567-424b-aa5c-94e13959ef30 c.m.m.s.i.e.ConsoleProblemAdvice - Console request refused event="console_request_refused" errorCode="RESOURCE_NOT_FOUND" correlationId="7e34a2b8-5567-424b-aa5c-94e13959ef30"
[WebServer] 2026-09-05T11:03:07.977+08:00 INFO  application=marketops-server environment=local buildVersion=0.1.0-SNAPSHOT correlationId=7e34a2b8-5567-424b-aa5c-94e13959ef30 c.m.m.s.i.c.CorrelationIdFilter - Request completed event="request_completed" correlationId="7e34a2b8-5567-424b-aa5c-94e13959ef30" status="404"
[WebServer] 2026-09-05T11:03:07.978+08:00 INFO  application=marketops-server environment=local buildVersion=0.1.0-SNAPSHOT correlationId=c4bbe8dd-d4ba-436c-b61a-8a63da8bde41 c.m.m.s.i.c.CorrelationIdFilter - Request completed event="request_completed" correlationId="c4bbe8dd-d4ba-436c-b61a-8a63da8bde41" status="200"
[WebServer] 2026-09-05T11:03:07.979+08:00 INFO  application=marketops-server environment=local buildVersion=0.1.0-SNAPSHOT correlationId=9cf50d14-19c5-4625-aefd-98aa888331c3 c.m.m.a.i.a.JdbcMetadataAuditStore - Metadata change recorded event="metadata_change_recorded" sourceDomain="availabilityrisk" entityType="availability_queue" entityId="43f5e1f3-30ef-4bcf-9d72-ab8c2e5e5bb4" action="READ" actorId="b6e0114e-ed97-491e-9a99-a90ecb8bd195" correlationId="9cf50d14-19c5-4625-aefd-98aa888331c3"
[WebServer] 2026-09-05T11:03:07.980+08:00 INFO  application=marketops-server environment=local buildVersion=0.1.0-SNAPSHOT correlationId=a87ecf52-9eb4-45cf-a719-762671806420 c.m.m.s.i.c.CorrelationIdFilter - Request completed event="request_completed" correlationId="a87ecf52-9eb4-45cf-a719-762671806420" status="200"
[WebServer] 2026-09-05T11:03:07.980+08:00 INFO  application=marketops-server environment=local buildVersion=0.1.0-SNAPSHOT correlationId=9cf50d14-19c5-4625-aefd-98aa888331c3 c.m.m.s.i.c.CorrelationIdFilter - Request completed event="request_completed" correlationId="9cf50d14-19c5-4625-aefd-98aa888331c3" status="200"
[WebServer] 2026-09-05T11:03:07.986+08:00 INFO  application=marketops-server environment=local buildVersion=0.1.0-SNAPSHOT correlationId=edfea06d-7359-4a31-8912-4eb16d13cf88 c.m.m.s.i.e.ConsoleProblemAdvice - Console request refused event="console_request_refused" errorCode="RESOURCE_SCOPE_DENIED" correlationId="edfea06d-7359-4a31-8912-4eb16d13cf88"
[WebServer] 2026-09-05T11:03:07.987+08:00 INFO  application=marketops-server environment=local buildVersion=0.1.0-SNAPSHOT correlationId=edfea06d-7359-4a31-8912-4eb16d13cf88 c.m.m.s.i.c.CorrelationIdFilter - Request completed event="request_completed" correlationId="edfea06d-7359-4a31-8912-4eb16d13cf88" status="403"
[WebServer] 2026-09-05T11:03:07.992+08:00 INFO  application=marketops-server environment=local buildVersion=0.1.0-SNAPSHOT correlationId=f25b1810-5cbd-4b3c-99f8-a46386a914fb c.m.m.a.i.a.JdbcMetadataAuditStore - Metadata change recorded event="metadata_change_recorded" sourceDomain="advertisingefficiency" entityType="advertising_queue" entityId="43f5e1f3-30ef-4bcf-9d72-ab8c2e5e5bb4" action="READ" actorId="b6e0114e-ed97-491e-9a99-a90ecb8bd195" correlationId="f25b1810-5cbd-4b3c-99f8-a46386a914fb"
[WebServer] 2026-09-05T11:03:07.996+08:00 INFO  application=marketops-server environment=local buildVersion=0.1.0-SNAPSHOT correlationId=b7b42d45-b87e-4c31-ba42-381cfd60c3d7 c.m.m.a.i.a.JdbcMetadataAuditStore - Metadata change recorded event="metadata_change_recorded" sourceDomain="advertisingefficiency" entityType="advertising_orchestration" entityId="43f5e1f3-30ef-4bcf-9d72-ab8c2e5e5bb4" action="READ" actorId="b6e0114e-ed97-491e-9a99-a90ecb8bd195" correlationId="b7b42d45-b87e-4c31-ba42-381cfd60c3d7"
[WebServer] 2026-09-05T11:03:07.997+08:00 INFO  application=marketops-server environment=local buildVersion=0.1.0-SNAPSHOT correlationId=b7b42d45-b87e-4c31-ba42-381cfd60c3d7 c.m.m.s.i.c.CorrelationIdFilter - Request completed event="request_completed" correlationId="b7b42d45-b87e-4c31-ba42-381cfd60c3d7" status="200"
[WebServer] 2026-09-05T11:03:08.017+08:00 INFO  application=marketops-server environment=local buildVersion=0.1.0-SNAPSHOT correlationId=f25b1810-5cbd-4b3c-99f8-a46386a914fb c.m.m.s.i.c.CorrelationIdFilter - Request completed event="request_completed" correlationId="f25b1810-5cbd-4b3c-99f8-a46386a914fb" status="200"
[WebServer] 2026-09-05T11:03:08.033+08:00 INFO  application=marketops-server environment=local buildVersion=0.1.0-SNAPSHOT correlationId=8faaf0a3-a9cf-46f0-9063-a0d4464b3537 c.m.m.s.i.c.CorrelationIdFilter - Request completed event="request_completed" correlationId="8faaf0a3-a9cf-46f0-9063-a0d4464b3537" status="200"
[WebServer] 2026-09-05T11:03:08.156+08:00 INFO  application=marketops-server environment=local buildVersion=0.1.0-SNAPSHOT correlationId=8ed4a092-0bc7-4537-b282-aa5ca280e844 c.m.m.a.i.a.JdbcMetadataAuditStore - Metadata change recorded event="metadata_change_recorded" sourceDomain="advertisingefficiency" entityType="advertising_case" entityId="e3b8e986-c08c-4f15-ad7d-368d0ed7b75b" action="READ" actorId="b6e0114e-ed97-491e-9a99-a90ecb8bd195" correlationId="8ed4a092-0bc7-4537-b282-aa5ca280e844"
[WebServer] 2026-09-05T11:03:08.177+08:00 INFO  application=marketops-server environment=local buildVersion=0.1.0-SNAPSHOT correlationId=8ed4a092-0bc7-4537-b282-aa5ca280e844 c.m.m.s.i.c.CorrelationIdFilter - Request completed event="request_completed" correlationId="8ed4a092-0bc7-4537-b282-aa5ca280e844" status="200"
[WebServer] 2026-09-05T11:03:08.201+08:00 INFO  application=marketops-server environment=local buildVersion=0.1.0-SNAPSHOT correlationId=f7941c72-e37c-4fdf-90f3-f1e32acc3de5 c.m.m.a.i.a.JdbcMetadataAuditStore - Metadata change recorded event="metadata_change_recorded" sourceDomain="advertisingefficiency" entityType="advertising_manual_packet" entityId="6e171d25-b7a0-49ca-be6b-ef196065646a" action="READ" actorId="b6e0114e-ed97-491e-9a99-a90ecb8bd195" correlationId="f7941c72-e37c-4fdf-90f3-f1e32acc3de5"
[WebServer] 2026-09-05T11:03:08.227+08:00 INFO  application=marketops-server environment=local buildVersion=0.1.0-SNAPSHOT correlationId=c39ed104-cd7c-469f-b825-abbd09531eb3 c.m.m.s.i.c.CorrelationIdFilter - Request completed event="request_completed" correlationId="c39ed104-cd7c-469f-b825-abbd09531eb3" status="200"
[WebServer] 2026-09-05T11:03:08.248+08:00 INFO  application=marketops-server environment=local buildVersion=0.1.0-SNAPSHOT correlationId=f7941c72-e37c-4fdf-90f3-f1e32acc3de5 c.m.m.s.i.c.CorrelationIdFilter - Request completed event="request_completed" correlationId="f7941c72-e37c-4fdf-90f3-f1e32acc3de5" status="200"
[WebServer] 2026-09-05T11:03:08.254+08:00 INFO  application=marketops-server environment=local buildVersion=0.1.0-SNAPSHOT correlationId=06503c1f-1361-47ac-98d0-6f3e5cf0459c c.m.m.s.i.c.CorrelationIdFilter - Request completed event="request_completed" correlationId="06503c1f-1361-47ac-98d0-6f3e5cf0459c" status="200"
[WebServer] 2026-09-05T11:03:08.277+08:00 INFO  application=marketops-server environment=local buildVersion=0.1.0-SNAPSHOT correlationId=0bdb9f1a-21be-4b1a-a6bf-ed519aab8075 c.m.m.s.i.c.CorrelationIdFilter - Request completed event="request_completed" correlationId="0bdb9f1a-21be-4b1a-a6bf-ed519aab8075" status="200"
[WebServer] 2026-09-05T11:03:08.417+08:00 INFO  application=marketops-server environment=local buildVersion=0.1.0-SNAPSHOT correlationId=9ecbf2d3-4290-4a78-a599-98c11eddf875 c.m.m.s.i.c.CorrelationIdFilter - Request completed event="request_completed" correlationId="9ecbf2d3-4290-4a78-a599-98c11eddf875" status="200"
[WebServer] 2026-09-05T11:03:08.434+08:00 INFO  application=marketops-server environment=local buildVersion=0.1.0-SNAPSHOT correlationId=e77126df-79ab-4683-8e9a-82a3c6c85c4a c.m.m.a.i.a.JdbcMetadataAuditStore - Metadata change recorded event="metadata_change_recorded" sourceDomain="advertisingefficiency" entityType="advertising_manual_packet" entityId="6e171d25-b7a0-49ca-be6b-ef196065646a" action="READ" actorId="b6e0114e-ed97-491e-9a99-a90ecb8bd195" correlationId="e77126df-79ab-4683-8e9a-82a3c6c85c4a"
[WebServer] 2026-09-05T11:03:08.470+08:00 INFO  application=marketops-server environment=local buildVersion=0.1.0-SNAPSHOT correlationId=e77126df-79ab-4683-8e9a-82a3c6c85c4a c.m.m.s.i.c.CorrelationIdFilter - Request completed event="request_completed" correlationId="e77126df-79ab-4683-8e9a-82a3c6c85c4a" status="200"
[WebServer] 2026-09-05T11:03:08.776+08:00 INFO  application=marketops-server environment=local buildVersion=0.1.0-SNAPSHOT correlationId=d8905da2-8989-4052-b29f-787d68393917 c.m.m.s.i.c.CorrelationIdFilter - Request completed event="request_completed" correlationId="d8905da2-8989-4052-b29f-787d68393917" status="200"
[WebServer] 2026-09-05T11:03:08.777+08:00 INFO  application=marketops-server environment=local buildVersion=0.1.0-SNAPSHOT correlationId=523217ba-68d8-423e-b4a6-7fe63745e864 c.m.m.s.i.e.ConsoleProblemAdvice - Console request refused event="console_request_refused" errorCode="RESOURCE_SCOPE_DENIED" correlationId="523217ba-68d8-423e-b4a6-7fe63745e864"
[WebServer] 2026-09-05T11:03:08.778+08:00 INFO  application=marketops-server environment=local buildVersion=0.1.0-SNAPSHOT correlationId=bd9fc18f-54d3-4faa-92b8-5d644585978c c.m.m.a.i.a.JdbcMetadataAuditStore - Metadata change recorded event="metadata_change_recorded" sourceDomain="advertisingefficiency" entityType="advertising_reservations" entityId="43f5e1f3-30ef-4bcf-9d72-ab8c2e5e5bb4" action="READ" actorId="149713fb-277d-48aa-9058-a9acd3c3c6c2" correlationId="bd9fc18f-54d3-4faa-92b8-5d644585978c"
[WebServer] 2026-09-05T11:03:08.778+08:00 INFO  application=marketops-server environment=local buildVersion=0.1.0-SNAPSHOT correlationId=523217ba-68d8-423e-b4a6-7fe63745e864 c.m.m.s.i.c.CorrelationIdFilter - Request completed event="request_completed" correlationId="523217ba-68d8-423e-b4a6-7fe63745e864" status="403"
[WebServer] 2026-09-05T11:03:08.779+08:00 INFO  application=marketops-server environment=local buildVersion=0.1.0-SNAPSHOT correlationId=bd9fc18f-54d3-4faa-92b8-5d644585978c c.m.m.s.i.c.CorrelationIdFilter - Request completed event="request_completed" correlationId="bd9fc18f-54d3-4faa-92b8-5d644585978c" status="200"
[WebServer] 2026-09-05T11:03:08.781+08:00 INFO  application=marketops-server environment=local buildVersion=0.1.0-SNAPSHOT correlationId=a03767c6-cf3b-4624-8a00-a1f063f219a6 c.m.m.a.i.a.JdbcMetadataAuditStore - Metadata change recorded event="metadata_change_recorded" sourceDomain="advertisingefficiency" entityType="advertising_containments" entityId="43f5e1f3-30ef-4bcf-9d72-ab8c2e5e5bb4" action="READ" actorId="149713fb-277d-48aa-9058-a9acd3c3c6c2" correlationId="a03767c6-cf3b-4624-8a00-a1f063f219a6"
[WebServer] 2026-09-05T11:03:08.784+08:00 INFO  application=marketops-server environment=local buildVersion=0.1.0-SNAPSHOT correlationId=6c002f73-1a24-4aac-a975-b648b563f9ea c.m.m.s.i.e.ConsoleProblemAdvice - Console request refused event="console_request_refused" errorCode="RESOURCE_NOT_FOUND" correlationId="6c002f73-1a24-4aac-a975-b648b563f9ea"
[WebServer] 2026-09-05T11:03:08.785+08:00 INFO  application=marketops-server environment=local buildVersion=0.1.0-SNAPSHOT correlationId=6c002f73-1a24-4aac-a975-b648b563f9ea c.m.m.s.i.c.CorrelationIdFilter - Request completed event="request_completed" correlationId="6c002f73-1a24-4aac-a975-b648b563f9ea" status="404"
[WebServer] 2026-09-05T11:03:08.791+08:00 INFO  application=marketops-server environment=local buildVersion=0.1.0-SNAPSHOT correlationId=a03767c6-cf3b-4624-8a00-a1f063f219a6 c.m.m.s.i.c.CorrelationIdFilter - Request completed event="request_completed" correlationId="a03767c6-cf3b-4624-8a00-a1f063f219a6" status="200"
[WebServer] 2026-09-05T11:03:08.793+08:00 INFO  application=marketops-server environment=local buildVersion=0.1.0-SNAPSHOT correlationId=440839d4-66e0-4267-a04a-90b18f8a5541 c.m.m.a.i.a.JdbcMetadataAuditStore - Metadata change recorded event="metadata_change_recorded" sourceDomain="availabilityrisk" entityType="availability_queue" entityId="43f5e1f3-30ef-4bcf-9d72-ab8c2e5e5bb4" action="READ" actorId="149713fb-277d-48aa-9058-a9acd3c3c6c2" correlationId="440839d4-66e0-4267-a04a-90b18f8a5541"
[WebServer] 2026-09-05T11:03:08.795+08:00 INFO  application=marketops-server environment=local buildVersion=0.1.0-SNAPSHOT correlationId=440839d4-66e0-4267-a04a-90b18f8a5541 c.m.m.s.i.c.CorrelationIdFilter - Request completed event="request_completed" correlationId="440839d4-66e0-4267-a04a-90b18f8a5541" status="200"
[WebServer] 2026-09-05T11:03:08.795+08:00 INFO  application=marketops-server environment=local buildVersion=0.1.0-SNAPSHOT correlationId=2fb96f4d-0983-4de6-b392-4f6e8af5aecc c.m.m.s.i.e.ConsoleProblemAdvice - Console request refused event="console_request_refused" errorCode="RESOURCE_SCOPE_DENIED" correlationId="2fb96f4d-0983-4de6-b392-4f6e8af5aecc"
[WebServer] 2026-09-05T11:03:08.795+08:00 INFO  application=marketops-server environment=local buildVersion=0.1.0-SNAPSHOT correlationId=2fb96f4d-0983-4de6-b392-4f6e8af5aecc c.m.m.s.i.c.CorrelationIdFilter - Request completed event="request_completed" correlationId="2fb96f4d-0983-4de6-b392-4f6e8af5aecc" status="403"
[WebServer] 2026-09-05T11:03:08.800+08:00 INFO  application=marketops-server environment=local buildVersion=0.1.0-SNAPSHOT correlationId=138387d4-a149-4d92-be60-ac3eb36867bc c.m.m.a.i.a.JdbcMetadataAuditStore - Metadata change recorded event="metadata_change_recorded" sourceDomain="advertisingefficiency" entityType="advertising_exposure" entityId="43f5e1f3-30ef-4bcf-9d72-ab8c2e5e5bb4" action="READ" actorId="149713fb-277d-48aa-9058-a9acd3c3c6c2" correlationId="138387d4-a149-4d92-be60-ac3eb36867bc"
[WebServer] 2026-09-05T11:03:08.803+08:00 INFO  application=marketops-server environment=local buildVersion=0.1.0-SNAPSHOT correlationId=138387d4-a149-4d92-be60-ac3eb36867bc c.m.m.s.i.c.CorrelationIdFilter - Request completed event="request_completed" correlationId="138387d4-a149-4d92-be60-ac3eb36867bc" status="200"
[WebServer] 2026-09-05T11:03:08.809+08:00 INFO  application=marketops-server environment=local buildVersion=0.1.0-SNAPSHOT correlationId=7e90860d-acf1-4e39-9629-6007378aabad c.m.m.a.i.a.JdbcMetadataAuditStore - Metadata change recorded event="metadata_change_recorded" sourceDomain="advertisingefficiency" entityType="advertising_queue" entityId="43f5e1f3-30ef-4bcf-9d72-ab8c2e5e5bb4" action="READ" actorId="149713fb-277d-48aa-9058-a9acd3c3c6c2" correlationId="7e90860d-acf1-4e39-9629-6007378aabad"
[WebServer] 2026-09-05T11:03:08.817+08:00 INFO  application=marketops-server environment=local buildVersion=0.1.0-SNAPSHOT correlationId=be4ebf91-08f7-4bd7-9b0d-9ca0f38ee8cb c.m.m.a.i.a.JdbcMetadataAuditStore - Metadata change recorded event="metadata_change_recorded" sourceDomain="advertisingefficiency" entityType="advertising_orchestration" entityId="43f5e1f3-30ef-4bcf-9d72-ab8c2e5e5bb4" action="READ" actorId="149713fb-277d-48aa-9058-a9acd3c3c6c2" correlationId="be4ebf91-08f7-4bd7-9b0d-9ca0f38ee8cb"
[WebServer] 2026-09-05T11:03:08.818+08:00 INFO  application=marketops-server environment=local buildVersion=0.1.0-SNAPSHOT correlationId=be4ebf91-08f7-4bd7-9b0d-9ca0f38ee8cb c.m.m.s.i.c.CorrelationIdFilter - Request completed event="request_completed" correlationId="be4ebf91-08f7-4bd7-9b0d-9ca0f38ee8cb" status="200"
[WebServer] 2026-09-05T11:03:08.821+08:00 INFO  application=marketops-server environment=local buildVersion=0.1.0-SNAPSHOT correlationId=7e90860d-acf1-4e39-9629-6007378aabad c.m.m.s.i.c.CorrelationIdFilter - Request completed event="request_completed" correlationId="7e90860d-acf1-4e39-9629-6007378aabad" status="200"
[WebServer] 2026-09-05T11:03:08.847+08:00 INFO  application=marketops-server environment=local buildVersion=0.1.0-SNAPSHOT correlationId=de3dc124-9ced-4a8f-9ba0-dc71c7e093eb c.m.m.s.i.c.CorrelationIdFilter - Request completed event="request_completed" correlationId="de3dc124-9ced-4a8f-9ba0-dc71c7e093eb" status="200"
[WebServer] 2026-09-05T11:03:08.967+08:00 INFO  application=marketops-server environment=local buildVersion=0.1.0-SNAPSHOT correlationId=9d0f7c9d-0fd0-4745-b48e-326abf81e508 c.m.m.a.i.a.JdbcMetadataAuditStore - Metadata change recorded event="metadata_change_recorded" sourceDomain="advertisingefficiency" entityType="advertising_case" entityId="e3b8e986-c08c-4f15-ad7d-368d0ed7b75b" action="READ" actorId="149713fb-277d-48aa-9058-a9acd3c3c6c2" correlationId="9d0f7c9d-0fd0-4745-b48e-326abf81e508"
[WebServer] 2026-09-05T11:03:08.981+08:00 INFO  application=marketops-server environment=local buildVersion=0.1.0-SNAPSHOT correlationId=9d0f7c9d-0fd0-4745-b48e-326abf81e508 c.m.m.s.i.c.CorrelationIdFilter - Request completed event="request_completed" correlationId="9d0f7c9d-0fd0-4745-b48e-326abf81e508" status="200"
[WebServer] 2026-09-05T11:03:09.005+08:00 INFO  application=marketops-server environment=local buildVersion=0.1.0-SNAPSHOT correlationId=8e6a34ea-c320-4ff9-910f-ede5922c4a78 c.m.m.a.i.a.JdbcMetadataAuditStore - Metadata change recorded event="metadata_change_recorded" sourceDomain="advertisingefficiency" entityType="advertising_manual_packet" entityId="6e171d25-b7a0-49ca-be6b-ef196065646a" action="READ" actorId="149713fb-277d-48aa-9058-a9acd3c3c6c2" correlationId="8e6a34ea-c320-4ff9-910f-ede5922c4a78"
[WebServer] 2026-09-05T11:03:09.026+08:00 INFO  application=marketops-server environment=local buildVersion=0.1.0-SNAPSHOT correlationId=67bc46e4-ab18-4f9a-be01-8494888c81c5 c.m.m.s.i.c.CorrelationIdFilter - Request completed event="request_completed" correlationId="67bc46e4-ab18-4f9a-be01-8494888c81c5" status="200"
[WebServer] 2026-09-05T11:03:09.046+08:00 INFO  application=marketops-server environment=local buildVersion=0.1.0-SNAPSHOT correlationId=012b46d2-e296-4f3e-86b4-751bba3b1c8e c.m.m.s.i.c.CorrelationIdFilter - Request completed event="request_completed" correlationId="012b46d2-e296-4f3e-86b4-751bba3b1c8e" status="200"
[WebServer] 2026-09-05T11:03:09.050+08:00 INFO  application=marketops-server environment=local buildVersion=0.1.0-SNAPSHOT correlationId=8e6a34ea-c320-4ff9-910f-ede5922c4a78 c.m.m.s.i.c.CorrelationIdFilter - Request completed event="request_completed" correlationId="8e6a34ea-c320-4ff9-910f-ede5922c4a78" status="200"
[WebServer] 2026-09-05T11:03:09.074+08:00 INFO  application=marketops-server environment=local buildVersion=0.1.0-SNAPSHOT correlationId=c2fc9891-b609-4749-a951-fc1a9a9590e8 c.m.m.s.i.c.CorrelationIdFilter - Request completed event="request_completed" correlationId="c2fc9891-b609-4749-a951-fc1a9a9590e8" status="200"
[WebServer] 2026-09-05T11:03:09.379+08:00 INFO  application=marketops-server environment=local buildVersion=0.1.0-SNAPSHOT correlationId=84406a0c-50de-4685-a7b1-7173e660fd64 c.m.m.s.i.c.CorrelationIdFilter - Request completed event="request_completed" correlationId="84406a0c-50de-4685-a7b1-7173e660fd64" status="200"
[WebServer] 2026-09-05T11:03:09.402+08:00 INFO  application=marketops-server environment=local buildVersion=0.1.0-SNAPSHOT correlationId=27f2cf3a-6524-4dd2-840b-b22835ff39fd c.m.m.a.i.a.JdbcMetadataAuditStore - Metadata change recorded event="metadata_change_recorded" sourceDomain="advertisingefficiency" entityType="advertising_manual_packet" entityId="6e171d25-b7a0-49ca-be6b-ef196065646a" action="READ" actorId="149713fb-277d-48aa-9058-a9acd3c3c6c2" correlationId="27f2cf3a-6524-4dd2-840b-b22835ff39fd"
[WebServer] 2026-09-05T11:03:09.440+08:00 INFO  application=marketops-server environment=local buildVersion=0.1.0-SNAPSHOT correlationId=27f2cf3a-6524-4dd2-840b-b22835ff39fd c.m.m.s.i.c.CorrelationIdFilter - Request completed event="request_completed" correlationId="27f2cf3a-6524-4dd2-840b-b22835ff39fd" status="200"
[WebServer] 2026-09-05T11:03:10.117+08:00 INFO  application=marketops-server environment=local buildVersion=0.1.0-SNAPSHOT correlationId=680edde2-cbe3-4246-87ab-905085c1e049 c.m.m.a.i.a.JdbcMetadataAuditStore - Metadata change recorded event="metadata_change_recorded" sourceDomain="advertisingefficiency" entityType="advertising_reservations" entityId="43f5e1f3-30ef-4bcf-9d72-ab8c2e5e5bb4" action="READ" actorId="c1810d73-0907-4ac2-b2f9-f551ae8d8399" correlationId="680edde2-cbe3-4246-87ab-905085c1e049"
[WebServer] 2026-09-05T11:03:10.119+08:00 INFO  application=marketops-server environment=local buildVersion=0.1.0-SNAPSHOT correlationId=680edde2-cbe3-4246-87ab-905085c1e049 c.m.m.s.i.c.CorrelationIdFilter - Request completed event="request_completed" correlationId="680edde2-cbe3-4246-87ab-905085c1e049" status="200"
[WebServer] 2026-09-05T11:03:10.121+08:00 INFO  application=marketops-server environment=local buildVersion=0.1.0-SNAPSHOT correlationId=5c5113f9-b2d1-4cf4-9e47-d528998ee5a8 c.m.m.s.i.e.ConsoleProblemAdvice - Console request refused event="console_request_refused" errorCode="RESOURCE_NOT_FOUND" correlationId="5c5113f9-b2d1-4cf4-9e47-d528998ee5a8"
[WebServer] 2026-09-05T11:03:10.122+08:00 INFO  application=marketops-server environment=local buildVersion=0.1.0-SNAPSHOT correlationId=5c5113f9-b2d1-4cf4-9e47-d528998ee5a8 c.m.m.s.i.c.CorrelationIdFilter - Request completed event="request_completed" correlationId="5c5113f9-b2d1-4cf4-9e47-d528998ee5a8" status="404"
[WebServer] 2026-09-05T11:03:10.123+08:00 INFO  application=marketops-server environment=local buildVersion=0.1.0-SNAPSHOT correlationId=63b669f3-ab06-4b00-ba99-65b91c19beb1 c.m.m.a.i.a.JdbcMetadataAuditStore - Metadata change recorded event="metadata_change_recorded" sourceDomain="advertisingefficiency" entityType="advertising_containments" entityId="43f5e1f3-30ef-4bcf-9d72-ab8c2e5e5bb4" action="READ" actorId="c1810d73-0907-4ac2-b2f9-f551ae8d8399" correlationId="63b669f3-ab06-4b00-ba99-65b91c19beb1"
[WebServer] 2026-09-05T11:03:10.124+08:00 INFO  application=marketops-server environment=local buildVersion=0.1.0-SNAPSHOT correlationId=21e0f4cd-bab5-4416-ade4-c429a4e24ec7 c.m.m.s.i.e.ConsoleProblemAdvice - Console request refused event="console_request_refused" errorCode="RESOURCE_SCOPE_DENIED" correlationId="21e0f4cd-bab5-4416-ade4-c429a4e24ec7"
[WebServer] 2026-09-05T11:03:10.124+08:00 INFO  application=marketops-server environment=local buildVersion=0.1.0-SNAPSHOT correlationId=21e0f4cd-bab5-4416-ade4-c429a4e24ec7 c.m.m.s.i.c.CorrelationIdFilter - Request completed event="request_completed" correlationId="21e0f4cd-bab5-4416-ade4-c429a4e24ec7" status="403"
[WebServer] 2026-09-05T11:03:10.129+08:00 INFO  application=marketops-server environment=local buildVersion=0.1.0-SNAPSHOT correlationId=e7921102-072f-4a4e-b4d8-998ec880b8c6 c.m.m.a.i.a.JdbcMetadataAuditStore - Metadata change recorded event="metadata_change_recorded" sourceDomain="availabilityrisk" entityType="availability_queue" entityId="43f5e1f3-30ef-4bcf-9d72-ab8c2e5e5bb4" action="READ" actorId="c1810d73-0907-4ac2-b2f9-f551ae8d8399" correlationId="e7921102-072f-4a4e-b4d8-998ec880b8c6"
[WebServer] 2026-09-05T11:03:10.132+08:00 INFO  application=marketops-server environment=local buildVersion=0.1.0-SNAPSHOT correlationId=e7921102-072f-4a4e-b4d8-998ec880b8c6 c.m.m.s.i.c.CorrelationIdFilter - Request completed event="request_completed" correlationId="e7921102-072f-4a4e-b4d8-998ec880b8c6" status="200"
[WebServer] 2026-09-05T11:03:10.136+08:00 INFO  application=marketops-server environment=local buildVersion=0.1.0-SNAPSHOT correlationId=09971317-e182-437d-a132-5ee2181ac1d5 c.m.m.a.i.a.JdbcMetadataAuditStore - Metadata change recorded event="metadata_change_recorded" sourceDomain="advertisingefficiency" entityType="advertising_exposure" entityId="43f5e1f3-30ef-4bcf-9d72-ab8c2e5e5bb4" action="READ" actorId="c1810d73-0907-4ac2-b2f9-f551ae8d8399" correlationId="09971317-e182-437d-a132-5ee2181ac1d5"
[WebServer] 2026-09-05T11:03:10.138+08:00 INFO  application=marketops-server environment=local buildVersion=0.1.0-SNAPSHOT correlationId=63b669f3-ab06-4b00-ba99-65b91c19beb1 c.m.m.s.i.c.CorrelationIdFilter - Request completed event="request_completed" correlationId="63b669f3-ab06-4b00-ba99-65b91c19beb1" status="200"
[WebServer] 2026-09-05T11:03:10.139+08:00 INFO  application=marketops-server environment=local buildVersion=0.1.0-SNAPSHOT correlationId=c4f7d42e-7288-47b0-8065-e938750a1cd9 c.m.m.s.i.c.CorrelationIdFilter - Request completed event="request_completed" correlationId="c4f7d42e-7288-47b0-8065-e938750a1cd9" status="200"
[WebServer] 2026-09-05T11:03:10.140+08:00 INFO  application=marketops-server environment=local buildVersion=0.1.0-SNAPSHOT correlationId=09971317-e182-437d-a132-5ee2181ac1d5 c.m.m.s.i.c.CorrelationIdFilter - Request completed event="request_completed" correlationId="09971317-e182-437d-a132-5ee2181ac1d5" status="200"
[WebServer] 2026-09-05T11:03:10.144+08:00 INFO  application=marketops-server environment=local buildVersion=0.1.0-SNAPSHOT correlationId=97f53aee-b8a6-4be6-9b4a-dd34d08c96e9 c.m.m.s.i.e.ConsoleProblemAdvice - Console request refused event="console_request_refused" errorCode="RESOURCE_SCOPE_DENIED" correlationId="97f53aee-b8a6-4be6-9b4a-dd34d08c96e9"
[WebServer] 2026-09-05T11:03:10.144+08:00 INFO  application=marketops-server environment=local buildVersion=0.1.0-SNAPSHOT correlationId=97f53aee-b8a6-4be6-9b4a-dd34d08c96e9 c.m.m.s.i.c.CorrelationIdFilter - Request completed event="request_completed" correlationId="97f53aee-b8a6-4be6-9b4a-dd34d08c96e9" status="403"
[WebServer] 2026-09-05T11:03:10.153+08:00 INFO  application=marketops-server environment=local buildVersion=0.1.0-SNAPSHOT correlationId=806d9608-5cf5-4971-80f3-607f490b53fa c.m.m.a.i.a.JdbcMetadataAuditStore - Metadata change recorded event="metadata_change_recorded" sourceDomain="advertisingefficiency" entityType="advertising_queue" entityId="43f5e1f3-30ef-4bcf-9d72-ab8c2e5e5bb4" action="READ" actorId="c1810d73-0907-4ac2-b2f9-f551ae8d8399" correlationId="806d9608-5cf5-4971-80f3-607f490b53fa"
[WebServer] 2026-09-05T11:03:10.158+08:00 INFO  application=marketops-server environment=local buildVersion=0.1.0-SNAPSHOT correlationId=0d243095-835a-4876-aabf-552f0a227cc9 c.m.m.a.i.a.JdbcMetadataAuditStore - Metadata change recorded event="metadata_change_recorded" sourceDomain="advertisingefficiency" entityType="advertising_orchestration" entityId="43f5e1f3-30ef-4bcf-9d72-ab8c2e5e5bb4" action="READ" actorId="c1810d73-0907-4ac2-b2f9-f551ae8d8399" correlationId="0d243095-835a-4876-aabf-552f0a227cc9"
[WebServer] 2026-09-05T11:03:10.159+08:00 INFO  application=marketops-server environment=local buildVersion=0.1.0-SNAPSHOT correlationId=0d243095-835a-4876-aabf-552f0a227cc9 c.m.m.s.i.c.CorrelationIdFilter - Request completed event="request_completed" correlationId="0d243095-835a-4876-aabf-552f0a227cc9" status="200"
[WebServer] 2026-09-05T11:03:10.168+08:00 INFO  application=marketops-server environment=local buildVersion=0.1.0-SNAPSHOT correlationId=806d9608-5cf5-4971-80f3-607f490b53fa c.m.m.s.i.c.CorrelationIdFilter - Request completed event="request_completed" correlationId="806d9608-5cf5-4971-80f3-607f490b53fa" status="200"
[WebServer] 2026-09-05T11:03:10.195+08:00 INFO  application=marketops-server environment=local buildVersion=0.1.0-SNAPSHOT correlationId=31f50425-025d-42eb-ab39-5c39abfc5d5f c.m.m.s.i.c.CorrelationIdFilter - Request completed event="request_completed" correlationId="31f50425-025d-42eb-ab39-5c39abfc5d5f" status="200"
[WebServer] 2026-09-05T11:03:10.293+08:00 INFO  application=marketops-server environment=local buildVersion=0.1.0-SNAPSHOT correlationId=7596fefa-5d26-481b-82e6-e06e20ac1631 c.m.m.a.i.a.JdbcMetadataAuditStore - Metadata change recorded event="metadata_change_recorded" sourceDomain="advertisingefficiency" entityType="advertising_case" entityId="e3b8e986-c08c-4f15-ad7d-368d0ed7b75b" action="READ" actorId="c1810d73-0907-4ac2-b2f9-f551ae8d8399" correlationId="7596fefa-5d26-481b-82e6-e06e20ac1631"
[WebServer] 2026-09-05T11:03:10.308+08:00 INFO  application=marketops-server environment=local buildVersion=0.1.0-SNAPSHOT correlationId=7596fefa-5d26-481b-82e6-e06e20ac1631 c.m.m.s.i.c.CorrelationIdFilter - Request completed event="request_completed" correlationId="7596fefa-5d26-481b-82e6-e06e20ac1631" status="200"
[WebServer] 2026-09-05T11:03:10.336+08:00 INFO  application=marketops-server environment=local buildVersion=0.1.0-SNAPSHOT correlationId=3154171d-f856-428c-b5ce-dbe7e5353b2c c.m.m.a.i.a.JdbcMetadataAuditStore - Metadata change recorded event="metadata_change_recorded" sourceDomain="advertisingefficiency" entityType="advertising_manual_packet" entityId="6e171d25-b7a0-49ca-be6b-ef196065646a" action="READ" actorId="c1810d73-0907-4ac2-b2f9-f551ae8d8399" correlationId="3154171d-f856-428c-b5ce-dbe7e5353b2c"
[WebServer] 2026-09-05T11:03:10.357+08:00 INFO  application=marketops-server environment=local buildVersion=0.1.0-SNAPSHOT correlationId=13edd607-79cb-4c83-b6f7-64db32d7c0f8 c.m.m.s.i.c.CorrelationIdFilter - Request completed event="request_completed" correlationId="13edd607-79cb-4c83-b6f7-64db32d7c0f8" status="200"
[WebServer] 2026-09-05T11:03:10.393+08:00 INFO  application=marketops-server environment=local buildVersion=0.1.0-SNAPSHOT correlationId=06e24c3d-b6b5-467f-88f3-e017fd9a71f6 c.m.m.s.i.c.CorrelationIdFilter - Request completed event="request_completed" correlationId="06e24c3d-b6b5-467f-88f3-e017fd9a71f6" status="200"
[WebServer] 2026-09-05T11:03:10.410+08:00 INFO  application=marketops-server environment=local buildVersion=0.1.0-SNAPSHOT correlationId=3154171d-f856-428c-b5ce-dbe7e5353b2c c.m.m.s.i.c.CorrelationIdFilter - Request completed event="request_completed" correlationId="3154171d-f856-428c-b5ce-dbe7e5353b2c" status="200"
[WebServer] 2026-09-05T11:03:10.457+08:00 INFO  application=marketops-server environment=local buildVersion=0.1.0-SNAPSHOT correlationId=63e367cf-c210-444b-8f24-2d7dc68d2730 c.m.m.s.i.c.CorrelationIdFilter - Request completed event="request_completed" correlationId="63e367cf-c210-444b-8f24-2d7dc68d2730" status="200"
[WebServer] 2026-09-05T11:03:10.557+08:00 INFO  application=marketops-server environment=local buildVersion=0.1.0-SNAPSHOT correlationId=337ec1eb-efed-4257-a05b-6bf4489181cf c.m.m.s.i.c.CorrelationIdFilter - Request completed event="request_completed" correlationId="337ec1eb-efed-4257-a05b-6bf4489181cf" status="200"
[WebServer] 2026-09-05T11:03:10.570+08:00 INFO  application=marketops-server environment=local buildVersion=0.1.0-SNAPSHOT correlationId=6a0bf9f2-feda-41df-9654-1cc2612fb586 c.m.m.a.i.a.JdbcMetadataAuditStore - Metadata change recorded event="metadata_change_recorded" sourceDomain="advertisingefficiency" entityType="advertising_manual_packet" entityId="6e171d25-b7a0-49ca-be6b-ef196065646a" action="READ" actorId="c1810d73-0907-4ac2-b2f9-f551ae8d8399" correlationId="6a0bf9f2-feda-41df-9654-1cc2612fb586"
[WebServer] 2026-09-05T11:03:10.604+08:00 INFO  application=marketops-server environment=local buildVersion=0.1.0-SNAPSHOT correlationId=6a0bf9f2-feda-41df-9654-1cc2612fb586 c.m.m.s.i.c.CorrelationIdFilter - Request completed event="request_completed" correlationId="6a0bf9f2-feda-41df-9654-1cc2612fb586" status="200"
[WebServer] 2026-09-05T11:03:10.695+08:00 INFO  application=marketops-server environment=local buildVersion=0.1.0-SNAPSHOT correlationId=2e7de592-1b8d-4a8f-ba2f-279b89338d6c c.m.m.s.i.c.CorrelationIdFilter - Request completed event="request_completed" correlationId="2e7de592-1b8d-4a8f-ba2f-279b89338d6c" status="200"
[WebServer] 2026-09-05T11:03:10.709+08:00 INFO  application=marketops-server environment=local buildVersion=0.1.0-SNAPSHOT correlationId=b26bd75c-36e5-4de6-a2f8-9fb8ed9eacfb c.m.m.a.i.a.JdbcMetadataAuditStore - Metadata change recorded event="metadata_change_recorded" sourceDomain="advertisingefficiency" entityType="advertising_manual_packet" entityId="6e171d25-b7a0-49ca-be6b-ef196065646a" action="READ" actorId="c1810d73-0907-4ac2-b2f9-f551ae8d8399" correlationId="b26bd75c-36e5-4de6-a2f8-9fb8ed9eacfb"
[WebServer] 2026-09-05T11:03:10.731+08:00 INFO  application=marketops-server environment=local buildVersion=0.1.0-SNAPSHOT correlationId=b26bd75c-36e5-4de6-a2f8-9fb8ed9eacfb c.m.m.s.i.c.CorrelationIdFilter - Request completed event="request_completed" correlationId="b26bd75c-36e5-4de6-a2f8-9fb8ed9eacfb" status="200"
[WebServer] 2026-09-05T11:03:10.817+08:00 DEBUG application=marketops-server environment=local buildVersion=0.1.0-SNAPSHOT correlationId=84a1d435-f182-4b1b-8567-42ffedb16de0 c.m.m.s.i.c.CorrelationIdFilter - Inbound correlation identifier replaced event="correlation_identifier_replaced" correlationId="84a1d435-f182-4b1b-8567-42ffedb16de0" rejectionCategory="MISSING"
[WebServer] 2026-09-05T11:03:10.832+08:00 INFO  application=marketops-server environment=local buildVersion=0.1.0-SNAPSHOT correlationId=84a1d435-f182-4b1b-8567-42ffedb16de0 c.m.m.s.i.e.ConsoleProblemAdvice - Console request refused event="console_request_refused" errorCode="ACTION_NOT_PERMITTED" correlationId="84a1d435-f182-4b1b-8567-42ffedb16de0"
[WebServer] 2026-09-05T11:03:10.832+08:00 INFO  application=marketops-server environment=local buildVersion=0.1.0-SNAPSHOT correlationId=84a1d435-f182-4b1b-8567-42ffedb16de0 c.m.m.s.i.c.CorrelationIdFilter - Request completed event="request_completed" correlationId="84a1d435-f182-4b1b-8567-42ffedb16de0" status="403"
[WebServer] 2026-09-05T11:03:11.140+08:00 INFO  application=marketops-server environment=local buildVersion=0.1.0-SNAPSHOT correlationId=d3fa8b8d-9ac7-4993-b998-25eb7a62cfdf c.m.m.a.i.a.JdbcMetadataAuditStore - Metadata change recorded event="metadata_change_recorded" sourceDomain="advertisingefficiency" entityType="advertising_reservations" entityId="43f5e1f3-30ef-4bcf-9d72-ab8c2e5e5bb4" action="READ" actorId="b6e0114e-ed97-491e-9a99-a90ecb8bd195" correlationId="d3fa8b8d-9ac7-4993-b998-25eb7a62cfdf"
[WebServer] 2026-09-05T11:03:11.142+08:00 INFO  application=marketops-server environment=local buildVersion=0.1.0-SNAPSHOT correlationId=ebccf8bc-fd6a-46ec-a5ee-d6eca90a9eeb c.m.m.s.i.e.ConsoleProblemAdvice - Console request refused event="console_request_refused" errorCode="RESOURCE_NOT_FOUND" correlationId="ebccf8bc-fd6a-46ec-a5ee-d6eca90a9eeb"
[WebServer] 2026-09-05T11:03:11.143+08:00 INFO  application=marketops-server environment=local buildVersion=0.1.0-SNAPSHOT correlationId=ebccf8bc-fd6a-46ec-a5ee-d6eca90a9eeb c.m.m.s.i.c.CorrelationIdFilter - Request completed event="request_completed" correlationId="ebccf8bc-fd6a-46ec-a5ee-d6eca90a9eeb" status="404"
[WebServer] 2026-09-05T11:03:11.145+08:00 INFO  application=marketops-server environment=local buildVersion=0.1.0-SNAPSHOT correlationId=bcfd6a58-5f3a-4e12-bf01-472f96b69442 c.m.m.a.i.a.JdbcMetadataAuditStore - Metadata change recorded event="metadata_change_recorded" sourceDomain="advertisingefficiency" entityType="advertising_containments" entityId="43f5e1f3-30ef-4bcf-9d72-ab8c2e5e5bb4" action="READ" actorId="b6e0114e-ed97-491e-9a99-a90ecb8bd195" correlationId="bcfd6a58-5f3a-4e12-bf01-472f96b69442"
[WebServer] 2026-09-05T11:03:11.147+08:00 INFO  application=marketops-server environment=local buildVersion=0.1.0-SNAPSHOT correlationId=b64330fe-e605-4542-8f6d-239d86667e64 c.m.m.s.i.e.ConsoleProblemAdvice - Console request refused event="console_request_refused" errorCode="RESOURCE_SCOPE_DENIED" correlationId="b64330fe-e605-4542-8f6d-239d86667e64"
[WebServer] 2026-09-05T11:03:11.148+08:00 INFO  application=marketops-server environment=local buildVersion=0.1.0-SNAPSHOT correlationId=b64330fe-e605-4542-8f6d-239d86667e64 c.m.m.s.i.c.CorrelationIdFilter - Request completed event="request_completed" correlationId="b64330fe-e605-4542-8f6d-239d86667e64" status="403"
[WebServer] 2026-09-05T11:03:11.151+08:00 INFO  application=marketops-server environment=local buildVersion=0.1.0-SNAPSHOT correlationId=617312a6-8970-49f2-b635-e20a624d5e04 c.m.m.a.i.a.JdbcMetadataAuditStore - Metadata change recorded event="metadata_change_recorded" sourceDomain="availabilityrisk" entityType="availability_queue" entityId="43f5e1f3-30ef-4bcf-9d72-ab8c2e5e5bb4" action="READ" actorId="b6e0114e-ed97-491e-9a99-a90ecb8bd195" correlationId="617312a6-8970-49f2-b635-e20a624d5e04"
[WebServer] 2026-09-05T11:03:11.153+08:00 INFO  application=marketops-server environment=local buildVersion=0.1.0-SNAPSHOT correlationId=617312a6-8970-49f2-b635-e20a624d5e04 c.m.m.s.i.c.CorrelationIdFilter - Request completed event="request_completed" correlationId="617312a6-8970-49f2-b635-e20a624d5e04" status="200"
[WebServer] 2026-09-05T11:03:11.172+08:00 INFO  application=marketops-server environment=local buildVersion=0.1.0-SNAPSHOT correlationId=bcfd6a58-5f3a-4e12-bf01-472f96b69442 c.m.m.s.i.c.CorrelationIdFilter - Request completed event="request_completed" correlationId="bcfd6a58-5f3a-4e12-bf01-472f96b69442" status="200"
[WebServer] 2026-09-05T11:03:11.176+08:00 INFO  application=marketops-server environment=local buildVersion=0.1.0-SNAPSHOT correlationId=3d4f4726-b29e-45d3-92ff-3d2e4f3ee3dc c.m.m.a.i.a.JdbcMetadataAuditStore - Metadata change recorded event="metadata_change_recorded" sourceDomain="advertisingefficiency" entityType="advertising_exposure" entityId="43f5e1f3-30ef-4bcf-9d72-ab8c2e5e5bb4" action="READ" actorId="b6e0114e-ed97-491e-9a99-a90ecb8bd195" correlationId="3d4f4726-b29e-45d3-92ff-3d2e4f3ee3dc"
[WebServer] 2026-09-05T11:03:11.178+08:00 INFO  application=marketops-server environment=local buildVersion=0.1.0-SNAPSHOT correlationId=3d4f4726-b29e-45d3-92ff-3d2e4f3ee3dc c.m.m.s.i.c.CorrelationIdFilter - Request completed event="request_completed" correlationId="3d4f4726-b29e-45d3-92ff-3d2e4f3ee3dc" status="200"
[WebServer] 2026-09-05T11:03:11.180+08:00 INFO  application=marketops-server environment=local buildVersion=0.1.0-SNAPSHOT correlationId=6c9c5715-c589-461e-89e9-43d8021b8744 c.m.m.s.i.e.ConsoleProblemAdvice - Console request refused event="console_request_refused" errorCode="RESOURCE_SCOPE_DENIED" correlationId="6c9c5715-c589-461e-89e9-43d8021b8744"
[WebServer] 2026-09-05T11:03:11.180+08:00 INFO  application=marketops-server environment=local buildVersion=0.1.0-SNAPSHOT correlationId=6c9c5715-c589-461e-89e9-43d8021b8744 c.m.m.s.i.c.CorrelationIdFilter - Request completed event="request_completed" correlationId="6c9c5715-c589-461e-89e9-43d8021b8744" status="403"
[WebServer] 2026-09-05T11:03:11.191+08:00 INFO  application=marketops-server environment=local buildVersion=0.1.0-SNAPSHOT correlationId=d3fa8b8d-9ac7-4993-b998-25eb7a62cfdf c.m.m.s.i.c.CorrelationIdFilter - Request completed event="request_completed" correlationId="d3fa8b8d-9ac7-4993-b998-25eb7a62cfdf" status="200"
[WebServer] 2026-09-05T11:03:11.192+08:00 INFO  application=marketops-server environment=local buildVersion=0.1.0-SNAPSHOT correlationId=45f9ecbe-1351-4770-9ba0-97c8e28e1f76 c.m.m.a.i.a.JdbcMetadataAuditStore - Metadata change recorded event="metadata_change_recorded" sourceDomain="advertisingefficiency" entityType="advertising_queue" entityId="43f5e1f3-30ef-4bcf-9d72-ab8c2e5e5bb4" action="READ" actorId="b6e0114e-ed97-491e-9a99-a90ecb8bd195" correlationId="45f9ecbe-1351-4770-9ba0-97c8e28e1f76"
[WebServer] 2026-09-05T11:03:11.207+08:00 INFO  application=marketops-server environment=local buildVersion=0.1.0-SNAPSHOT correlationId=8d3ec8bb-df47-4ad1-a8d5-c13d2f23ab11 c.m.m.s.i.c.CorrelationIdFilter - Request completed event="request_completed" correlationId="8d3ec8bb-df47-4ad1-a8d5-c13d2f23ab11" status="200"
[WebServer] 2026-09-05T11:03:11.251+08:00 INFO  application=marketops-server environment=local buildVersion=0.1.0-SNAPSHOT correlationId=261e34b7-78bd-483a-90e3-c5dbcd1f6967 c.m.m.a.i.a.JdbcMetadataAuditStore - Metadata change recorded event="metadata_change_recorded" sourceDomain="advertisingefficiency" entityType="advertising_orchestration" entityId="43f5e1f3-30ef-4bcf-9d72-ab8c2e5e5bb4" action="READ" actorId="b6e0114e-ed97-491e-9a99-a90ecb8bd195" correlationId="261e34b7-78bd-483a-90e3-c5dbcd1f6967"
[WebServer] 2026-09-05T11:03:11.253+08:00 INFO  application=marketops-server environment=local buildVersion=0.1.0-SNAPSHOT correlationId=261e34b7-78bd-483a-90e3-c5dbcd1f6967 c.m.m.s.i.c.CorrelationIdFilter - Request completed event="request_completed" correlationId="261e34b7-78bd-483a-90e3-c5dbcd1f6967" status="200"
[WebServer] 2026-09-05T11:03:11.272+08:00 INFO  application=marketops-server environment=local buildVersion=0.1.0-SNAPSHOT correlationId=26f8d184-97f0-493a-90ac-eb4447840aa6 c.m.m.s.i.c.CorrelationIdFilter - Request completed event="request_completed" correlationId="26f8d184-97f0-493a-90ac-eb4447840aa6" status="200"
[WebServer] 2026-09-05T11:03:11.274+08:00 INFO  application=marketops-server environment=local buildVersion=0.1.0-SNAPSHOT correlationId=45f9ecbe-1351-4770-9ba0-97c8e28e1f76 c.m.m.s.i.c.CorrelationIdFilter - Request completed event="request_completed" correlationId="45f9ecbe-1351-4770-9ba0-97c8e28e1f76" status="200"
[WebServer] 2026-09-05T11:03:11.334+08:00 INFO  application=marketops-server environment=local buildVersion=0.1.0-SNAPSHOT correlationId=dadd0b43-24ab-48ec-bfa2-5bfb3828394d c.m.m.a.i.a.JdbcMetadataAuditStore - Metadata change recorded event="metadata_change_recorded" sourceDomain="advertisingefficiency" entityType="advertising_case" entityId="e3b8e986-c08c-4f15-ad7d-368d0ed7b75b" action="READ" actorId="b6e0114e-ed97-491e-9a99-a90ecb8bd195" correlationId="dadd0b43-24ab-48ec-bfa2-5bfb3828394d"
[WebServer] 2026-09-05T11:03:11.360+08:00 INFO  application=marketops-server environment=local buildVersion=0.1.0-SNAPSHOT correlationId=dadd0b43-24ab-48ec-bfa2-5bfb3828394d c.m.m.s.i.c.CorrelationIdFilter - Request completed event="request_completed" correlationId="dadd0b43-24ab-48ec-bfa2-5bfb3828394d" status="200"
[WebServer] 2026-09-05T11:03:11.403+08:00 INFO  application=marketops-server environment=local buildVersion=0.1.0-SNAPSHOT correlationId=e055adf6-9214-4827-9598-cc46e45a214d c.m.m.a.i.a.JdbcMetadataAuditStore - Metadata change recorded event="metadata_change_recorded" sourceDomain="advertisingefficiency" entityType="advertising_manual_packet" entityId="6e171d25-b7a0-49ca-be6b-ef196065646a" action="READ" actorId="b6e0114e-ed97-491e-9a99-a90ecb8bd195" correlationId="e055adf6-9214-4827-9598-cc46e45a214d"
[WebServer] 2026-09-05T11:03:11.426+08:00 INFO  application=marketops-server environment=local buildVersion=0.1.0-SNAPSHOT correlationId=f4dd595a-df93-45c8-856d-58fb70fa32bd c.m.m.s.i.c.CorrelationIdFilter - Request completed event="request_completed" correlationId="f4dd595a-df93-45c8-856d-58fb70fa32bd" status="200"
[WebServer] 2026-09-05T11:03:11.442+08:00 INFO  application=marketops-server environment=local buildVersion=0.1.0-SNAPSHOT correlationId=e055adf6-9214-4827-9598-cc46e45a214d c.m.m.s.i.c.CorrelationIdFilter - Request completed event="request_completed" correlationId="e055adf6-9214-4827-9598-cc46e45a214d" status="200"
[WebServer] 2026-09-05T11:03:11.450+08:00 INFO  application=marketops-server environment=local buildVersion=0.1.0-SNAPSHOT correlationId=18f59117-51f3-4824-8321-bc8f513b423d c.m.m.s.i.c.CorrelationIdFilter - Request completed event="request_completed" correlationId="18f59117-51f3-4824-8321-bc8f513b423d" status="200"
[WebServer] 2026-09-05T11:03:11.471+08:00 INFO  application=marketops-server environment=local buildVersion=0.1.0-SNAPSHOT correlationId=804e738b-d6d1-4ba6-b902-38b9aee9ec40 c.m.m.s.i.c.CorrelationIdFilter - Request completed event="request_completed" correlationId="804e738b-d6d1-4ba6-b902-38b9aee9ec40" status="200"
[WebServer] 2026-09-05T11:03:11.597+08:00 INFO  application=marketops-server environment=local buildVersion=0.1.0-SNAPSHOT correlationId=4869cb47-d838-498d-973d-eff5c27cb832 c.m.m.s.i.c.CorrelationIdFilter - Request completed event="request_completed" correlationId="4869cb47-d838-498d-973d-eff5c27cb832" status="200"
[WebServer] 2026-09-05T11:03:11.613+08:00 INFO  application=marketops-server environment=local buildVersion=0.1.0-SNAPSHOT correlationId=8a2baa0d-2d57-4868-8e7d-d5028178cffb c.m.m.a.i.a.JdbcMetadataAuditStore - Metadata change recorded event="metadata_change_recorded" sourceDomain="advertisingefficiency" entityType="advertising_manual_packet" entityId="6e171d25-b7a0-49ca-be6b-ef196065646a" action="READ" actorId="b6e0114e-ed97-491e-9a99-a90ecb8bd195" correlationId="8a2baa0d-2d57-4868-8e7d-d5028178cffb"
[WebServer] 2026-09-05T11:03:11.654+08:00 INFO  application=marketops-server environment=local buildVersion=0.1.0-SNAPSHOT correlationId=8a2baa0d-2d57-4868-8e7d-d5028178cffb c.m.m.s.i.c.CorrelationIdFilter - Request completed event="request_completed" correlationId="8a2baa0d-2d57-4868-8e7d-d5028178cffb" status="200"
[WebServer] 2026-09-05T11:03:11.676+08:00 INFO  application=marketops-server environment=local buildVersion=0.1.0-SNAPSHOT correlationId=3ab35167-578c-4ce5-bf9a-6aaaa38f27e1 c.m.m.s.i.c.CorrelationIdFilter - Request completed event="request_completed" correlationId="3ab35167-578c-4ce5-bf9a-6aaaa38f27e1" status="200"
[WebServer] 2026-09-05T11:03:11.844+08:00 INFO  application=marketops-server environment=local buildVersion=0.1.0-SNAPSHOT correlationId=6966aa89-12b0-4146-9289-667db35d3d72 c.m.m.s.i.c.CorrelationIdFilter - Request completed event="request_completed" correlationId="6966aa89-12b0-4146-9289-667db35d3d72" status="200"
[WebServer] 2026-09-05T11:03:11.862+08:00 INFO  application=marketops-server environment=local buildVersion=0.1.0-SNAPSHOT correlationId=01e44228-d1f9-4dcf-8048-79f7cbd34e90 c.m.m.a.i.a.JdbcMetadataAuditStore - Metadata change recorded event="metadata_change_recorded" sourceDomain="advertisingefficiency" entityType="advertising_manual_packet" entityId="6e171d25-b7a0-49ca-be6b-ef196065646a" action="READ" actorId="b6e0114e-ed97-491e-9a99-a90ecb8bd195" correlationId="01e44228-d1f9-4dcf-8048-79f7cbd34e90"
[WebServer] 2026-09-05T11:03:11.879+08:00 INFO  application=marketops-server environment=local buildVersion=0.1.0-SNAPSHOT correlationId=c9b3d689-4a00-4ec6-a8e1-9ba1f0b17be5 c.m.m.s.i.c.CorrelationIdFilter - Request completed event="request_completed" correlationId="c9b3d689-4a00-4ec6-a8e1-9ba1f0b17be5" status="200"
[WebServer] 2026-09-05T11:03:11.899+08:00 INFO  application=marketops-server environment=local buildVersion=0.1.0-SNAPSHOT correlationId=01e44228-d1f9-4dcf-8048-79f7cbd34e90 c.m.m.s.i.c.CorrelationIdFilter - Request completed event="request_completed" correlationId="01e44228-d1f9-4dcf-8048-79f7cbd34e90" status="200"
  ✓   4 tests/advertising-browser/governed-advertising.spec.ts:161:3 › WILDBERRIES actual governed manual path stays UNVERIFIED and requires an independent observer (6.1s)
[WebServer] 2026-09-05T11:03:13.133+08:00 INFO  application=marketops-server environment=local buildVersion=0.1.0-SNAPSHOT correlationId=c8e69bd2-f811-47b1-ab9b-4d9dc23ba980 c.m.m.s.i.e.ConsoleProblemAdvice - Console request refused event="console_request_refused" errorCode="RESOURCE_NOT_FOUND" correlationId="c8e69bd2-f811-47b1-ab9b-4d9dc23ba980"
[WebServer] 2026-09-05T11:03:13.134+08:00 INFO  application=marketops-server environment=local buildVersion=0.1.0-SNAPSHOT correlationId=de84de56-19c8-42c9-9b5a-266364c03368 c.m.m.a.i.a.JdbcMetadataAuditStore - Metadata change recorded event="metadata_change_recorded" sourceDomain="advertisingefficiency" entityType="advertising_reservations" entityId="cfe98e09-a975-4128-8790-34b8fb2b64c2" action="READ" actorId="4df1f3b9-74d6-415f-93a5-d26001ff0d3c" correlationId="de84de56-19c8-42c9-9b5a-266364c03368"
[WebServer] 2026-09-05T11:03:13.134+08:00 INFO  application=marketops-server environment=local buildVersion=0.1.0-SNAPSHOT correlationId=c8e69bd2-f811-47b1-ab9b-4d9dc23ba980 c.m.m.s.i.c.CorrelationIdFilter - Request completed event="request_completed" correlationId="c8e69bd2-f811-47b1-ab9b-4d9dc23ba980" status="404"
[WebServer] 2026-09-05T11:03:13.137+08:00 INFO  application=marketops-server environment=local buildVersion=0.1.0-SNAPSHOT correlationId=de84de56-19c8-42c9-9b5a-266364c03368 c.m.m.s.i.c.CorrelationIdFilter - Request completed event="request_completed" correlationId="de84de56-19c8-42c9-9b5a-266364c03368" status="200"
[WebServer] 2026-09-05T11:03:13.138+08:00 INFO  application=marketops-server environment=local buildVersion=0.1.0-SNAPSHOT correlationId=e4dfda74-1ea3-4d60-bd04-8b02bd801916 c.m.m.a.i.a.JdbcMetadataAuditStore - Metadata change recorded event="metadata_change_recorded" sourceDomain="advertisingefficiency" entityType="advertising_containments" entityId="cfe98e09-a975-4128-8790-34b8fb2b64c2" action="READ" actorId="4df1f3b9-74d6-415f-93a5-d26001ff0d3c" correlationId="e4dfda74-1ea3-4d60-bd04-8b02bd801916"
[WebServer] 2026-09-05T11:03:13.139+08:00 INFO  application=marketops-server environment=local buildVersion=0.1.0-SNAPSHOT correlationId=593be49f-83af-46e0-851f-37b9872b86c6 c.m.m.s.i.e.ConsoleProblemAdvice - Console request refused event="console_request_refused" errorCode="RESOURCE_SCOPE_DENIED" correlationId="593be49f-83af-46e0-851f-37b9872b86c6"
[WebServer] 2026-09-05T11:03:13.139+08:00 INFO  application=marketops-server environment=local buildVersion=0.1.0-SNAPSHOT correlationId=593be49f-83af-46e0-851f-37b9872b86c6 c.m.m.s.i.c.CorrelationIdFilter - Request completed event="request_completed" correlationId="593be49f-83af-46e0-851f-37b9872b86c6" status="403"
[WebServer] 2026-09-05T11:03:13.140+08:00 INFO  application=marketops-server environment=local buildVersion=0.1.0-SNAPSHOT correlationId=aa1a5c30-c851-4be7-8ec2-babb35adc780 c.m.m.a.i.a.JdbcMetadataAuditStore - Metadata change recorded event="metadata_change_recorded" sourceDomain="availabilityrisk" entityType="availability_queue" entityId="cfe98e09-a975-4128-8790-34b8fb2b64c2" action="READ" actorId="4df1f3b9-74d6-415f-93a5-d26001ff0d3c" correlationId="aa1a5c30-c851-4be7-8ec2-babb35adc780"
[WebServer] 2026-09-05T11:03:13.143+08:00 INFO  application=marketops-server environment=local buildVersion=0.1.0-SNAPSHOT correlationId=aa1a5c30-c851-4be7-8ec2-babb35adc780 c.m.m.s.i.c.CorrelationIdFilter - Request completed event="request_completed" correlationId="aa1a5c30-c851-4be7-8ec2-babb35adc780" status="200"
[WebServer] 2026-09-05T11:03:13.149+08:00 INFO  application=marketops-server environment=local buildVersion=0.1.0-SNAPSHOT correlationId=e4dfda74-1ea3-4d60-bd04-8b02bd801916 c.m.m.s.i.c.CorrelationIdFilter - Request completed event="request_completed" correlationId="e4dfda74-1ea3-4d60-bd04-8b02bd801916" status="200"
[WebServer] 2026-09-05T11:03:13.150+08:00 INFO  application=marketops-server environment=local buildVersion=0.1.0-SNAPSHOT correlationId=df30489f-84f0-4282-a720-aeaf1ad4e75e c.m.m.a.i.a.JdbcMetadataAuditStore - Metadata change recorded event="metadata_change_recorded" sourceDomain="advertisingefficiency" entityType="advertising_exposure" entityId="cfe98e09-a975-4128-8790-34b8fb2b64c2" action="READ" actorId="4df1f3b9-74d6-415f-93a5-d26001ff0d3c" correlationId="df30489f-84f0-4282-a720-aeaf1ad4e75e"
[WebServer] 2026-09-05T11:03:13.153+08:00 INFO  application=marketops-server environment=local buildVersion=0.1.0-SNAPSHOT correlationId=d360ca80-9903-4701-85c0-3ca783a36c0a c.m.m.s.i.c.CorrelationIdFilter - Request completed event="request_completed" correlationId="d360ca80-9903-4701-85c0-3ca783a36c0a" status="200"
[WebServer] 2026-09-05T11:03:13.153+08:00 INFO  application=marketops-server environment=local buildVersion=0.1.0-SNAPSHOT correlationId=df30489f-84f0-4282-a720-aeaf1ad4e75e c.m.m.s.i.c.CorrelationIdFilter - Request completed event="request_completed" correlationId="df30489f-84f0-4282-a720-aeaf1ad4e75e" status="200"
[WebServer] 2026-09-05T11:03:13.159+08:00 INFO  application=marketops-server environment=local buildVersion=0.1.0-SNAPSHOT correlationId=728933d5-2049-4321-986b-bd82b657d6ae c.m.m.s.i.e.ConsoleProblemAdvice - Console request refused event="console_request_refused" errorCode="RESOURCE_SCOPE_DENIED" correlationId="728933d5-2049-4321-986b-bd82b657d6ae"
[WebServer] 2026-09-05T11:03:13.160+08:00 INFO  application=marketops-server environment=local buildVersion=0.1.0-SNAPSHOT correlationId=728933d5-2049-4321-986b-bd82b657d6ae c.m.m.s.i.c.CorrelationIdFilter - Request completed event="request_completed" correlationId="728933d5-2049-4321-986b-bd82b657d6ae" status="403"
[WebServer] 2026-09-05T11:03:13.167+08:00 INFO  application=marketops-server environment=local buildVersion=0.1.0-SNAPSHOT correlationId=32ba8654-6174-4f8b-8264-f1a2330a06b9 c.m.m.a.i.a.JdbcMetadataAuditStore - Metadata change recorded event="metadata_change_recorded" sourceDomain="advertisingefficiency" entityType="advertising_queue" entityId="cfe98e09-a975-4128-8790-34b8fb2b64c2" action="READ" actorId="4df1f3b9-74d6-415f-93a5-d26001ff0d3c" correlationId="32ba8654-6174-4f8b-8264-f1a2330a06b9"
[WebServer] 2026-09-05T11:03:13.174+08:00 INFO  application=marketops-server environment=local buildVersion=0.1.0-SNAPSHOT correlationId=ea81a931-7938-4aa7-ba0f-ce4730bcfb23 c.m.m.a.i.a.JdbcMetadataAuditStore - Metadata change recorded event="metadata_change_recorded" sourceDomain="advertisingefficiency" entityType="advertising_orchestration" entityId="cfe98e09-a975-4128-8790-34b8fb2b64c2" action="READ" actorId="4df1f3b9-74d6-415f-93a5-d26001ff0d3c" correlationId="ea81a931-7938-4aa7-ba0f-ce4730bcfb23"
[WebServer] 2026-09-05T11:03:13.175+08:00 INFO  application=marketops-server environment=local buildVersion=0.1.0-SNAPSHOT correlationId=ea81a931-7938-4aa7-ba0f-ce4730bcfb23 c.m.m.s.i.c.CorrelationIdFilter - Request completed event="request_completed" correlationId="ea81a931-7938-4aa7-ba0f-ce4730bcfb23" status="200"
[WebServer] 2026-09-05T11:03:13.202+08:00 INFO  application=marketops-server environment=local buildVersion=0.1.0-SNAPSHOT correlationId=4a4be113-1f03-4ffb-a04f-9bd8ccb5733f c.m.m.s.i.c.CorrelationIdFilter - Request completed event="request_completed" correlationId="4a4be113-1f03-4ffb-a04f-9bd8ccb5733f" status="200"
[WebServer] 2026-09-05T11:03:13.228+08:00 INFO  application=marketops-server environment=local buildVersion=0.1.0-SNAPSHOT correlationId=32ba8654-6174-4f8b-8264-f1a2330a06b9 c.m.m.s.i.c.CorrelationIdFilter - Request completed event="request_completed" correlationId="32ba8654-6174-4f8b-8264-f1a2330a06b9" status="200"
[WebServer] 2026-09-05T11:03:13.322+08:00 INFO  application=marketops-server environment=local buildVersion=0.1.0-SNAPSHOT correlationId=cf762928-f80b-4b51-91b5-93f4b8de4ed4 c.m.m.a.i.a.JdbcMetadataAuditStore - Metadata change recorded event="metadata_change_recorded" sourceDomain="advertisingefficiency" entityType="advertising_case" entityId="d1674cee-4254-4ba5-8003-ae020d4878ef" action="READ" actorId="4df1f3b9-74d6-415f-93a5-d26001ff0d3c" correlationId="cf762928-f80b-4b51-91b5-93f4b8de4ed4"
[WebServer] 2026-09-05T11:03:13.334+08:00 INFO  application=marketops-server environment=local buildVersion=0.1.0-SNAPSHOT correlationId=cf762928-f80b-4b51-91b5-93f4b8de4ed4 c.m.m.s.i.c.CorrelationIdFilter - Request completed event="request_completed" correlationId="cf762928-f80b-4b51-91b5-93f4b8de4ed4" status="200"
[WebServer] 2026-09-05T11:03:13.358+08:00 INFO  application=marketops-server environment=local buildVersion=0.1.0-SNAPSHOT correlationId=1ef26947-40cc-414f-88df-5a73c2b2aa12 c.m.m.a.i.a.JdbcMetadataAuditStore - Metadata change recorded event="metadata_change_recorded" sourceDomain="advertisingefficiency" entityType="advertising_manual_packet" entityId="47d5e82b-2577-4a6b-a31b-e9f3a71c600f" action="READ" actorId="4df1f3b9-74d6-415f-93a5-d26001ff0d3c" correlationId="1ef26947-40cc-414f-88df-5a73c2b2aa12"
[WebServer] 2026-09-05T11:03:13.359+08:00 INFO  application=marketops-server environment=local buildVersion=0.1.0-SNAPSHOT correlationId=1ef26947-40cc-414f-88df-5a73c2b2aa12 c.m.m.s.i.c.CorrelationIdFilter - Request completed event="request_completed" correlationId="1ef26947-40cc-414f-88df-5a73c2b2aa12" status="200"
[WebServer] 2026-09-05T11:03:13.377+08:00 INFO  application=marketops-server environment=local buildVersion=0.1.0-SNAPSHOT correlationId=2ef782bc-07be-4da2-bd91-6c7143d9a81f c.m.m.s.i.c.CorrelationIdFilter - Request completed event="request_completed" correlationId="2ef782bc-07be-4da2-bd91-6c7143d9a81f" status="200"
[WebServer] 2026-09-05T11:03:13.379+08:00 INFO  application=marketops-server environment=local buildVersion=0.1.0-SNAPSHOT correlationId=8fd380ba-d9da-46bf-bb00-b613ac1b3665 c.m.m.s.i.c.CorrelationIdFilter - Request completed event="request_completed" correlationId="8fd380ba-d9da-46bf-bb00-b613ac1b3665" status="200"
[WebServer] 2026-09-05T11:03:13.397+08:00 INFO  application=marketops-server environment=local buildVersion=0.1.0-SNAPSHOT correlationId=bf5daaa2-be75-4c7f-8667-4b2223a44533 c.m.m.s.i.c.CorrelationIdFilter - Request completed event="request_completed" correlationId="bf5daaa2-be75-4c7f-8667-4b2223a44533" status="200"
[WebServer] 2026-09-05T11:03:13.444+08:00 INFO  application=marketops-server environment=local buildVersion=0.1.0-SNAPSHOT correlationId=90c8004d-c023-4308-8c9d-9dc4468a58e3 c.m.m.s.i.e.ConsoleProblemAdvice - Console request refused event="console_request_refused" errorCode="RESOURCE_NOT_FOUND" correlationId="90c8004d-c023-4308-8c9d-9dc4468a58e3"
[WebServer] 2026-09-05T11:03:13.444+08:00 INFO  application=marketops-server environment=local buildVersion=0.1.0-SNAPSHOT correlationId=d8057c2c-0745-4d06-b184-8b973ed1c90a c.m.m.a.i.a.JdbcMetadataAuditStore - Metadata change recorded event="metadata_change_recorded" sourceDomain="advertisingefficiency" entityType="advertising_reservations" entityId="cfe98e09-a975-4128-8790-34b8fb2b64c2" action="READ" actorId="4df1f3b9-74d6-415f-93a5-d26001ff0d3c" correlationId="d8057c2c-0745-4d06-b184-8b973ed1c90a"
[WebServer] 2026-09-05T11:03:13.444+08:00 INFO  application=marketops-server environment=local buildVersion=0.1.0-SNAPSHOT correlationId=90c8004d-c023-4308-8c9d-9dc4468a58e3 c.m.m.s.i.c.CorrelationIdFilter - Request completed event="request_completed" correlationId="90c8004d-c023-4308-8c9d-9dc4468a58e3" status="404"
[WebServer] 2026-09-05T11:03:13.446+08:00 INFO  application=marketops-server environment=local buildVersion=0.1.0-SNAPSHOT correlationId=3568e5f6-4206-4f50-bbc7-147b56b318f1 c.m.m.a.i.a.JdbcMetadataAuditStore - Metadata change recorded event="metadata_change_recorded" sourceDomain="advertisingefficiency" entityType="advertising_containments" entityId="cfe98e09-a975-4128-8790-34b8fb2b64c2" action="READ" actorId="4df1f3b9-74d6-415f-93a5-d26001ff0d3c" correlationId="3568e5f6-4206-4f50-bbc7-147b56b318f1"
[WebServer] 2026-09-05T11:03:13.447+08:00 INFO  application=marketops-server environment=local buildVersion=0.1.0-SNAPSHOT correlationId=d8057c2c-0745-4d06-b184-8b973ed1c90a c.m.m.s.i.c.CorrelationIdFilter - Request completed event="request_completed" correlationId="d8057c2c-0745-4d06-b184-8b973ed1c90a" status="200"
[WebServer] 2026-09-05T11:03:13.449+08:00 INFO  application=marketops-server environment=local buildVersion=0.1.0-SNAPSHOT correlationId=22f662ec-6ccc-4ddd-b8ff-29c3ebf3d427 c.m.m.s.i.e.ConsoleProblemAdvice - Console request refused event="console_request_refused" errorCode="RESOURCE_SCOPE_DENIED" correlationId="22f662ec-6ccc-4ddd-b8ff-29c3ebf3d427"
[WebServer] 2026-09-05T11:03:13.450+08:00 INFO  application=marketops-server environment=local buildVersion=0.1.0-SNAPSHOT correlationId=22f662ec-6ccc-4ddd-b8ff-29c3ebf3d427 c.m.m.s.i.c.CorrelationIdFilter - Request completed event="request_completed" correlationId="22f662ec-6ccc-4ddd-b8ff-29c3ebf3d427" status="403"
[WebServer] 2026-09-05T11:03:13.450+08:00 INFO  application=marketops-server environment=local buildVersion=0.1.0-SNAPSHOT correlationId=da3a652f-f5bb-4ec2-92a5-d638e4c7c2c0 c.m.m.a.i.a.JdbcMetadataAuditStore - Metadata change recorded event="metadata_change_recorded" sourceDomain="availabilityrisk" entityType="availability_queue" entityId="cfe98e09-a975-4128-8790-34b8fb2b64c2" action="READ" actorId="4df1f3b9-74d6-415f-93a5-d26001ff0d3c" correlationId="da3a652f-f5bb-4ec2-92a5-d638e4c7c2c0"
[WebServer] 2026-09-05T11:03:13.452+08:00 INFO  application=marketops-server environment=local buildVersion=0.1.0-SNAPSHOT correlationId=da3a652f-f5bb-4ec2-92a5-d638e4c7c2c0 c.m.m.s.i.c.CorrelationIdFilter - Request completed event="request_completed" correlationId="da3a652f-f5bb-4ec2-92a5-d638e4c7c2c0" status="200"
[WebServer] 2026-09-05T11:03:13.454+08:00 INFO  application=marketops-server environment=local buildVersion=0.1.0-SNAPSHOT correlationId=3568e5f6-4206-4f50-bbc7-147b56b318f1 c.m.m.s.i.c.CorrelationIdFilter - Request completed event="request_completed" correlationId="3568e5f6-4206-4f50-bbc7-147b56b318f1" status="200"
[WebServer] 2026-09-05T11:03:13.458+08:00 INFO  application=marketops-server environment=local buildVersion=0.1.0-SNAPSHOT correlationId=0b9fce4b-ce32-4baf-9c2c-0c7babfa7587 c.m.m.a.i.a.JdbcMetadataAuditStore - Metadata change recorded event="metadata_change_recorded" sourceDomain="advertisingefficiency" entityType="advertising_exposure" entityId="cfe98e09-a975-4128-8790-34b8fb2b64c2" action="READ" actorId="4df1f3b9-74d6-415f-93a5-d26001ff0d3c" correlationId="0b9fce4b-ce32-4baf-9c2c-0c7babfa7587"
[WebServer] 2026-09-05T11:03:13.459+08:00 INFO  application=marketops-server environment=local buildVersion=0.1.0-SNAPSHOT correlationId=0b9fce4b-ce32-4baf-9c2c-0c7babfa7587 c.m.m.s.i.c.CorrelationIdFilter - Request completed event="request_completed" correlationId="0b9fce4b-ce32-4baf-9c2c-0c7babfa7587" status="200"
[WebServer] 2026-09-05T11:03:13.464+08:00 INFO  application=marketops-server environment=local buildVersion=0.1.0-SNAPSHOT correlationId=a6f80aba-85e1-4574-a89e-b31925ffdf65 c.m.m.s.i.e.ConsoleProblemAdvice - Console request refused event="console_request_refused" errorCode="RESOURCE_SCOPE_DENIED" correlationId="a6f80aba-85e1-4574-a89e-b31925ffdf65"
[WebServer] 2026-09-05T11:03:13.465+08:00 INFO  application=marketops-server environment=local buildVersion=0.1.0-SNAPSHOT correlationId=a6f80aba-85e1-4574-a89e-b31925ffdf65 c.m.m.s.i.c.CorrelationIdFilter - Request completed event="request_completed" correlationId="a6f80aba-85e1-4574-a89e-b31925ffdf65" status="403"
[WebServer] 2026-09-05T11:03:13.470+08:00 INFO  application=marketops-server environment=local buildVersion=0.1.0-SNAPSHOT correlationId=f5defaed-5aed-42a5-8dff-b8211400b082 c.m.m.a.i.a.JdbcMetadataAuditStore - Metadata change recorded event="metadata_change_recorded" sourceDomain="advertisingefficiency" entityType="advertising_queue" entityId="cfe98e09-a975-4128-8790-34b8fb2b64c2" action="READ" actorId="4df1f3b9-74d6-415f-93a5-d26001ff0d3c" correlationId="f5defaed-5aed-42a5-8dff-b8211400b082"
[WebServer] 2026-09-05T11:03:13.477+08:00 INFO  application=marketops-server environment=local buildVersion=0.1.0-SNAPSHOT correlationId=26b51071-e476-4a10-bb56-9027215402ae c.m.m.a.i.a.JdbcMetadataAuditStore - Metadata change recorded event="metadata_change_recorded" sourceDomain="advertisingefficiency" entityType="advertising_orchestration" entityId="cfe98e09-a975-4128-8790-34b8fb2b64c2" action="READ" actorId="4df1f3b9-74d6-415f-93a5-d26001ff0d3c" correlationId="26b51071-e476-4a10-bb56-9027215402ae"
[WebServer] 2026-09-05T11:03:13.478+08:00 INFO  application=marketops-server environment=local buildVersion=0.1.0-SNAPSHOT correlationId=26b51071-e476-4a10-bb56-9027215402ae c.m.m.s.i.c.CorrelationIdFilter - Request completed event="request_completed" correlationId="26b51071-e476-4a10-bb56-9027215402ae" status="200"
[WebServer] 2026-09-05T11:03:13.511+08:00 INFO  application=marketops-server environment=local buildVersion=0.1.0-SNAPSHOT correlationId=f5defaed-5aed-42a5-8dff-b8211400b082 c.m.m.s.i.c.CorrelationIdFilter - Request completed event="request_completed" correlationId="f5defaed-5aed-42a5-8dff-b8211400b082" status="200"
[WebServer] 2026-09-05T11:03:13.550+08:00 INFO  application=marketops-server environment=local buildVersion=0.1.0-SNAPSHOT correlationId=a0ebfa46-24d6-4871-8972-ae3051a925f6 c.m.m.a.i.a.JdbcMetadataAuditStore - Metadata change recorded event="metadata_change_recorded" sourceDomain="advertisingefficiency" entityType="advertising_case" entityId="d1674cee-4254-4ba5-8003-ae020d4878ef" action="READ" actorId="4df1f3b9-74d6-415f-93a5-d26001ff0d3c" correlationId="a0ebfa46-24d6-4871-8972-ae3051a925f6"
[WebServer] 2026-09-05T11:03:13.560+08:00 INFO  application=marketops-server environment=local buildVersion=0.1.0-SNAPSHOT correlationId=a0ebfa46-24d6-4871-8972-ae3051a925f6 c.m.m.s.i.c.CorrelationIdFilter - Request completed event="request_completed" correlationId="a0ebfa46-24d6-4871-8972-ae3051a925f6" status="200"
[WebServer] 2026-09-05T11:03:13.572+08:00 INFO  application=marketops-server environment=local buildVersion=0.1.0-SNAPSHOT correlationId=ea1e63c0-9218-4598-97e4-f06329621a3f c.m.m.a.i.a.JdbcMetadataAuditStore - Metadata change recorded event="metadata_change_recorded" sourceDomain="advertisingefficiency" entityType="advertising_manual_packet" entityId="47d5e82b-2577-4a6b-a31b-e9f3a71c600f" action="READ" actorId="4df1f3b9-74d6-415f-93a5-d26001ff0d3c" correlationId="ea1e63c0-9218-4598-97e4-f06329621a3f"
[WebServer] 2026-09-05T11:03:13.573+08:00 INFO  application=marketops-server environment=local buildVersion=0.1.0-SNAPSHOT correlationId=ea1e63c0-9218-4598-97e4-f06329621a3f c.m.m.s.i.c.CorrelationIdFilter - Request completed event="request_completed" correlationId="ea1e63c0-9218-4598-97e4-f06329621a3f" status="200"
[WebServer] 2026-09-05T11:03:13.591+08:00 INFO  application=marketops-server environment=local buildVersion=0.1.0-SNAPSHOT correlationId=d8d8b8c5-280d-4589-8a2e-9aa08b488053 c.m.m.s.i.c.CorrelationIdFilter - Request completed event="request_completed" correlationId="d8d8b8c5-280d-4589-8a2e-9aa08b488053" status="200"
[WebServer] 2026-09-05T11:03:13.597+08:00 INFO  application=marketops-server environment=local buildVersion=0.1.0-SNAPSHOT correlationId=0b33a5c0-ceaf-4cf2-be87-fd9947d4bef0 c.m.m.s.i.c.CorrelationIdFilter - Request completed event="request_completed" correlationId="0b33a5c0-ceaf-4cf2-be87-fd9947d4bef0" status="200"
[WebServer] 2026-09-05T11:03:13.614+08:00 INFO  application=marketops-server environment=local buildVersion=0.1.0-SNAPSHOT correlationId=a837f097-efcf-4198-94ca-d87b8047ea1d c.m.m.s.i.c.CorrelationIdFilter - Request completed event="request_completed" correlationId="a837f097-efcf-4198-94ca-d87b8047ea1d" status="200"
[WebServer] 2026-09-05T11:03:13.728+08:00 INFO  application=marketops-server environment=local buildVersion=0.1.0-SNAPSHOT correlationId=af14ca2a-73f2-46e7-98cc-0eb7caa9ff9c c.m.m.a.i.a.JdbcMetadataAuditStore - Metadata change recorded event="metadata_change_recorded" sourceDomain="advertisingefficiency" entityType="advertising_reservations" entityId="cfe98e09-a975-4128-8790-34b8fb2b64c2" action="READ" actorId="4df1f3b9-74d6-415f-93a5-d26001ff0d3c" correlationId="af14ca2a-73f2-46e7-98cc-0eb7caa9ff9c"
[WebServer] 2026-09-05T11:03:13.728+08:00 INFO  application=marketops-server environment=local buildVersion=0.1.0-SNAPSHOT correlationId=7ad4d86d-cb53-4a3d-be8f-e7175fa042c8 c.m.m.a.i.a.JdbcMetadataAuditStore - Metadata change recorded event="metadata_change_recorded" sourceDomain="advertisingefficiency" entityType="advertising_containments" entityId="cfe98e09-a975-4128-8790-34b8fb2b64c2" action="READ" actorId="4df1f3b9-74d6-415f-93a5-d26001ff0d3c" correlationId="7ad4d86d-cb53-4a3d-be8f-e7175fa042c8"
[WebServer] 2026-09-05T11:03:13.728+08:00 INFO  application=marketops-server environment=local buildVersion=0.1.0-SNAPSHOT correlationId=7ad37b78-4901-461e-ad0e-c812d7b0cddf c.m.m.s.i.e.ConsoleProblemAdvice - Console request refused event="console_request_refused" errorCode="RESOURCE_NOT_FOUND" correlationId="7ad37b78-4901-461e-ad0e-c812d7b0cddf"
[WebServer] 2026-09-05T11:03:13.729+08:00 INFO  application=marketops-server environment=local buildVersion=0.1.0-SNAPSHOT correlationId=7ad37b78-4901-461e-ad0e-c812d7b0cddf c.m.m.s.i.c.CorrelationIdFilter - Request completed event="request_completed" correlationId="7ad37b78-4901-461e-ad0e-c812d7b0cddf" status="404"
[WebServer] 2026-09-05T11:03:13.729+08:00 INFO  application=marketops-server environment=local buildVersion=0.1.0-SNAPSHOT correlationId=af14ca2a-73f2-46e7-98cc-0eb7caa9ff9c c.m.m.s.i.c.CorrelationIdFilter - Request completed event="request_completed" correlationId="af14ca2a-73f2-46e7-98cc-0eb7caa9ff9c" status="200"
[WebServer] 2026-09-05T11:03:13.732+08:00 INFO  application=marketops-server environment=local buildVersion=0.1.0-SNAPSHOT correlationId=a16acdbb-5c18-4dbd-94f3-9975558394bb c.m.m.s.i.e.ConsoleProblemAdvice - Console request refused event="console_request_refused" errorCode="RESOURCE_SCOPE_DENIED" correlationId="a16acdbb-5c18-4dbd-94f3-9975558394bb"
[WebServer] 2026-09-05T11:03:13.732+08:00 INFO  application=marketops-server environment=local buildVersion=0.1.0-SNAPSHOT correlationId=a16acdbb-5c18-4dbd-94f3-9975558394bb c.m.m.s.i.c.CorrelationIdFilter - Request completed event="request_completed" correlationId="a16acdbb-5c18-4dbd-94f3-9975558394bb" status="403"
[WebServer] 2026-09-05T11:03:13.732+08:00 INFO  application=marketops-server environment=local buildVersion=0.1.0-SNAPSHOT correlationId=41483c02-148d-4241-8c10-157a84f049e4 c.m.m.a.i.a.JdbcMetadataAuditStore - Metadata change recorded event="metadata_change_recorded" sourceDomain="availabilityrisk" entityType="availability_queue" entityId="cfe98e09-a975-4128-8790-34b8fb2b64c2" action="READ" actorId="4df1f3b9-74d6-415f-93a5-d26001ff0d3c" correlationId="41483c02-148d-4241-8c10-157a84f049e4"
[WebServer] 2026-09-05T11:03:13.734+08:00 INFO  application=marketops-server environment=local buildVersion=0.1.0-SNAPSHOT correlationId=41483c02-148d-4241-8c10-157a84f049e4 c.m.m.s.i.c.CorrelationIdFilter - Request completed event="request_completed" correlationId="41483c02-148d-4241-8c10-157a84f049e4" status="200"
[WebServer] 2026-09-05T11:03:13.737+08:00 INFO  application=marketops-server environment=local buildVersion=0.1.0-SNAPSHOT correlationId=7ad4d86d-cb53-4a3d-be8f-e7175fa042c8 c.m.m.s.i.c.CorrelationIdFilter - Request completed event="request_completed" correlationId="7ad4d86d-cb53-4a3d-be8f-e7175fa042c8" status="200"
[WebServer] 2026-09-05T11:03:13.740+08:00 INFO  application=marketops-server environment=local buildVersion=0.1.0-SNAPSHOT correlationId=3dd3edc8-4d7f-4d6c-afa7-4e9122cb4b06 c.m.m.a.i.a.JdbcMetadataAuditStore - Metadata change recorded event="metadata_change_recorded" sourceDomain="advertisingefficiency" entityType="advertising_exposure" entityId="cfe98e09-a975-4128-8790-34b8fb2b64c2" action="READ" actorId="4df1f3b9-74d6-415f-93a5-d26001ff0d3c" correlationId="3dd3edc8-4d7f-4d6c-afa7-4e9122cb4b06"
[WebServer] 2026-09-05T11:03:13.742+08:00 INFO  application=marketops-server environment=local buildVersion=0.1.0-SNAPSHOT correlationId=3dd3edc8-4d7f-4d6c-afa7-4e9122cb4b06 c.m.m.s.i.c.CorrelationIdFilter - Request completed event="request_completed" correlationId="3dd3edc8-4d7f-4d6c-afa7-4e9122cb4b06" status="200"
[WebServer] 2026-09-05T11:03:13.742+08:00 INFO  application=marketops-server environment=local buildVersion=0.1.0-SNAPSHOT correlationId=e6c21ec7-d1a1-4ab0-95d7-403f5d63089c c.m.m.s.i.e.ConsoleProblemAdvice - Console request refused event="console_request_refused" errorCode="RESOURCE_SCOPE_DENIED" correlationId="e6c21ec7-d1a1-4ab0-95d7-403f5d63089c"
[WebServer] 2026-09-05T11:03:13.742+08:00 INFO  application=marketops-server environment=local buildVersion=0.1.0-SNAPSHOT correlationId=e6c21ec7-d1a1-4ab0-95d7-403f5d63089c c.m.m.s.i.c.CorrelationIdFilter - Request completed event="request_completed" correlationId="e6c21ec7-d1a1-4ab0-95d7-403f5d63089c" status="403"
[WebServer] 2026-09-05T11:03:13.748+08:00 INFO  application=marketops-server environment=local buildVersion=0.1.0-SNAPSHOT correlationId=3c6fef65-32f5-46b7-8673-a34f81d781f0 c.m.m.a.i.a.JdbcMetadataAuditStore - Metadata change recorded event="metadata_change_recorded" sourceDomain="advertisingefficiency" entityType="advertising_queue" entityId="cfe98e09-a975-4128-8790-34b8fb2b64c2" action="READ" actorId="4df1f3b9-74d6-415f-93a5-d26001ff0d3c" correlationId="3c6fef65-32f5-46b7-8673-a34f81d781f0"
[WebServer] 2026-09-05T11:03:13.756+08:00 INFO  application=marketops-server environment=local buildVersion=0.1.0-SNAPSHOT correlationId=aa463dfa-5a73-478e-aa25-9ba3f2a4dd8e c.m.m.a.i.a.JdbcMetadataAuditStore - Metadata change recorded event="metadata_change_recorded" sourceDomain="advertisingefficiency" entityType="advertising_orchestration" entityId="cfe98e09-a975-4128-8790-34b8fb2b64c2" action="READ" actorId="4df1f3b9-74d6-415f-93a5-d26001ff0d3c" correlationId="aa463dfa-5a73-478e-aa25-9ba3f2a4dd8e"
[WebServer] 2026-09-05T11:03:13.757+08:00 INFO  application=marketops-server environment=local buildVersion=0.1.0-SNAPSHOT correlationId=aa463dfa-5a73-478e-aa25-9ba3f2a4dd8e c.m.m.s.i.c.CorrelationIdFilter - Request completed event="request_completed" correlationId="aa463dfa-5a73-478e-aa25-9ba3f2a4dd8e" status="200"
[WebServer] 2026-09-05T11:03:13.790+08:00 INFO  application=marketops-server environment=local buildVersion=0.1.0-SNAPSHOT correlationId=3c6fef65-32f5-46b7-8673-a34f81d781f0 c.m.m.s.i.c.CorrelationIdFilter - Request completed event="request_completed" correlationId="3c6fef65-32f5-46b7-8673-a34f81d781f0" status="200"
[WebServer] 2026-09-05T11:03:13.828+08:00 INFO  application=marketops-server environment=local buildVersion=0.1.0-SNAPSHOT correlationId=e300f62a-79df-4d59-a6f4-2ef2214504e6 c.m.m.a.i.a.JdbcMetadataAuditStore - Metadata change recorded event="metadata_change_recorded" sourceDomain="advertisingefficiency" entityType="advertising_case" entityId="dc9f9aa2-eabe-4cee-b371-2d779635cc6a" action="READ" actorId="4df1f3b9-74d6-415f-93a5-d26001ff0d3c" correlationId="e300f62a-79df-4d59-a6f4-2ef2214504e6"
[WebServer] 2026-09-05T11:03:13.840+08:00 INFO  application=marketops-server environment=local buildVersion=0.1.0-SNAPSHOT correlationId=e300f62a-79df-4d59-a6f4-2ef2214504e6 c.m.m.s.i.c.CorrelationIdFilter - Request completed event="request_completed" correlationId="e300f62a-79df-4d59-a6f4-2ef2214504e6" status="200"
[WebServer] 2026-09-05T11:03:13.853+08:00 INFO  application=marketops-server environment=local buildVersion=0.1.0-SNAPSHOT correlationId=033fa0f2-cd13-4ccc-ac0c-739119a85408 c.m.m.a.i.a.JdbcMetadataAuditStore - Metadata change recorded event="metadata_change_recorded" sourceDomain="advertisingefficiency" entityType="advertising_manual_packet" entityId="a827c065-8f5a-48b4-865c-884a56b4b193" action="READ" actorId="4df1f3b9-74d6-415f-93a5-d26001ff0d3c" correlationId="033fa0f2-cd13-4ccc-ac0c-739119a85408"
[WebServer] 2026-09-05T11:03:13.854+08:00 INFO  application=marketops-server environment=local buildVersion=0.1.0-SNAPSHOT correlationId=033fa0f2-cd13-4ccc-ac0c-739119a85408 c.m.m.s.i.c.CorrelationIdFilter - Request completed event="request_completed" correlationId="033fa0f2-cd13-4ccc-ac0c-739119a85408" status="200"
[WebServer] 2026-09-05T11:03:13.872+08:00 INFO  application=marketops-server environment=local buildVersion=0.1.0-SNAPSHOT correlationId=b27a3b1d-1c10-4f28-8dff-4bdf1385faa7 c.m.m.s.i.c.CorrelationIdFilter - Request completed event="request_completed" correlationId="b27a3b1d-1c10-4f28-8dff-4bdf1385faa7" status="200"
[WebServer] 2026-09-05T11:03:13.878+08:00 INFO  application=marketops-server environment=local buildVersion=0.1.0-SNAPSHOT correlationId=75d0185a-5b0f-4e44-a96c-731fb2cbeef5 c.m.m.s.i.c.CorrelationIdFilter - Request completed event="request_completed" correlationId="75d0185a-5b0f-4e44-a96c-731fb2cbeef5" status="200"
[WebServer] 2026-09-05T11:03:13.895+08:00 INFO  application=marketops-server environment=local buildVersion=0.1.0-SNAPSHOT correlationId=b763cf5b-8cfc-409c-aecb-464f2ef2d092 c.m.m.s.i.c.CorrelationIdFilter - Request completed event="request_completed" correlationId="b763cf5b-8cfc-409c-aecb-464f2ef2d092" status="200"
[WebServer] 2026-09-05T11:03:14.010+08:00 INFO  application=marketops-server environment=local buildVersion=0.1.0-SNAPSHOT correlationId=a9e0a7aa-a540-48ba-91f8-b49af8a5b953 c.m.m.s.i.e.ConsoleProblemAdvice - Console request refused event="console_request_refused" errorCode="RESOURCE_NOT_FOUND" correlationId="a9e0a7aa-a540-48ba-91f8-b49af8a5b953"
[WebServer] 2026-09-05T11:03:14.010+08:00 INFO  application=marketops-server environment=local buildVersion=0.1.0-SNAPSHOT correlationId=49a3437b-b818-493b-a05a-938bd798bfab c.m.m.a.i.a.JdbcMetadataAuditStore - Metadata change recorded event="metadata_change_recorded" sourceDomain="advertisingefficiency" entityType="advertising_reservations" entityId="cfe98e09-a975-4128-8790-34b8fb2b64c2" action="READ" actorId="4df1f3b9-74d6-415f-93a5-d26001ff0d3c" correlationId="49a3437b-b818-493b-a05a-938bd798bfab"
[WebServer] 2026-09-05T11:03:14.010+08:00 INFO  application=marketops-server environment=local buildVersion=0.1.0-SNAPSHOT correlationId=a9e0a7aa-a540-48ba-91f8-b49af8a5b953 c.m.m.s.i.c.CorrelationIdFilter - Request completed event="request_completed" correlationId="a9e0a7aa-a540-48ba-91f8-b49af8a5b953" status="404"
[WebServer] 2026-09-05T11:03:14.010+08:00 INFO  application=marketops-server environment=local buildVersion=0.1.0-SNAPSHOT correlationId=24e72b51-3e02-4520-b871-a6e691998af9 c.m.m.a.i.a.JdbcMetadataAuditStore - Metadata change recorded event="metadata_change_recorded" sourceDomain="advertisingefficiency" entityType="advertising_containments" entityId="cfe98e09-a975-4128-8790-34b8fb2b64c2" action="READ" actorId="4df1f3b9-74d6-415f-93a5-d26001ff0d3c" correlationId="24e72b51-3e02-4520-b871-a6e691998af9"
[WebServer] 2026-09-05T11:03:14.012+08:00 INFO  application=marketops-server environment=local buildVersion=0.1.0-SNAPSHOT correlationId=49a3437b-b818-493b-a05a-938bd798bfab c.m.m.s.i.c.CorrelationIdFilter - Request completed event="request_completed" correlationId="49a3437b-b818-493b-a05a-938bd798bfab" status="200"
[WebServer] 2026-09-05T11:03:14.014+08:00 INFO  application=marketops-server environment=local buildVersion=0.1.0-SNAPSHOT correlationId=04b6f844-9a52-4556-98ef-ce2dea903b0d c.m.m.a.i.a.JdbcMetadataAuditStore - Metadata change recorded event="metadata_change_recorded" sourceDomain="availabilityrisk" entityType="availability_queue" entityId="cfe98e09-a975-4128-8790-34b8fb2b64c2" action="READ" actorId="4df1f3b9-74d6-415f-93a5-d26001ff0d3c" correlationId="04b6f844-9a52-4556-98ef-ce2dea903b0d"
[WebServer] 2026-09-05T11:03:14.014+08:00 INFO  application=marketops-server environment=local buildVersion=0.1.0-SNAPSHOT correlationId=a2b0ee30-0743-4036-b2b1-63296c64974c c.m.m.s.i.e.ConsoleProblemAdvice - Console request refused event="console_request_refused" errorCode="RESOURCE_SCOPE_DENIED" correlationId="a2b0ee30-0743-4036-b2b1-63296c64974c"
[WebServer] 2026-09-05T11:03:14.015+08:00 INFO  application=marketops-server environment=local buildVersion=0.1.0-SNAPSHOT correlationId=a2b0ee30-0743-4036-b2b1-63296c64974c c.m.m.s.i.c.CorrelationIdFilter - Request completed event="request_completed" correlationId="a2b0ee30-0743-4036-b2b1-63296c64974c" status="403"
[WebServer] 2026-09-05T11:03:14.016+08:00 INFO  application=marketops-server environment=local buildVersion=0.1.0-SNAPSHOT correlationId=04b6f844-9a52-4556-98ef-ce2dea903b0d c.m.m.s.i.c.CorrelationIdFilter - Request completed event="request_completed" correlationId="04b6f844-9a52-4556-98ef-ce2dea903b0d" status="200"
[WebServer] 2026-09-05T11:03:14.019+08:00 INFO  application=marketops-server environment=local buildVersion=0.1.0-SNAPSHOT correlationId=24e72b51-3e02-4520-b871-a6e691998af9 c.m.m.s.i.c.CorrelationIdFilter - Request completed event="request_completed" correlationId="24e72b51-3e02-4520-b871-a6e691998af9" status="200"
[WebServer] 2026-09-05T11:03:14.022+08:00 INFO  application=marketops-server environment=local buildVersion=0.1.0-SNAPSHOT correlationId=00fd8945-c8ea-4482-8f33-c60d1449d9d1 c.m.m.a.i.a.JdbcMetadataAuditStore - Metadata change recorded event="metadata_change_recorded" sourceDomain="advertisingefficiency" entityType="advertising_exposure" entityId="cfe98e09-a975-4128-8790-34b8fb2b64c2" action="READ" actorId="4df1f3b9-74d6-415f-93a5-d26001ff0d3c" correlationId="00fd8945-c8ea-4482-8f33-c60d1449d9d1"
[WebServer] 2026-09-05T11:03:14.023+08:00 INFO  application=marketops-server environment=local buildVersion=0.1.0-SNAPSHOT correlationId=00fd8945-c8ea-4482-8f33-c60d1449d9d1 c.m.m.s.i.c.CorrelationIdFilter - Request completed event="request_completed" correlationId="00fd8945-c8ea-4482-8f33-c60d1449d9d1" status="200"
[WebServer] 2026-09-05T11:03:14.025+08:00 INFO  application=marketops-server environment=local buildVersion=0.1.0-SNAPSHOT correlationId=9d654570-833c-482e-8f8e-fb7d553ed433 c.m.m.s.i.e.ConsoleProblemAdvice - Console request refused event="console_request_refused" errorCode="RESOURCE_SCOPE_DENIED" correlationId="9d654570-833c-482e-8f8e-fb7d553ed433"
[WebServer] 2026-09-05T11:03:14.025+08:00 INFO  application=marketops-server environment=local buildVersion=0.1.0-SNAPSHOT correlationId=9d654570-833c-482e-8f8e-fb7d553ed433 c.m.m.s.i.c.CorrelationIdFilter - Request completed event="request_completed" correlationId="9d654570-833c-482e-8f8e-fb7d553ed433" status="403"
[WebServer] 2026-09-05T11:03:14.029+08:00 INFO  application=marketops-server environment=local buildVersion=0.1.0-SNAPSHOT correlationId=d5e7f3d0-2270-4794-877d-7507e4549bd2 c.m.m.a.i.a.JdbcMetadataAuditStore - Metadata change recorded event="metadata_change_recorded" sourceDomain="advertisingefficiency" entityType="advertising_queue" entityId="cfe98e09-a975-4128-8790-34b8fb2b64c2" action="READ" actorId="4df1f3b9-74d6-415f-93a5-d26001ff0d3c" correlationId="d5e7f3d0-2270-4794-877d-7507e4549bd2"
[WebServer] 2026-09-05T11:03:14.037+08:00 INFO  application=marketops-server environment=local buildVersion=0.1.0-SNAPSHOT correlationId=b8162975-d8c1-4ef5-b34b-b4f44e146b75 c.m.m.a.i.a.JdbcMetadataAuditStore - Metadata change recorded event="metadata_change_recorded" sourceDomain="advertisingefficiency" entityType="advertising_orchestration" entityId="cfe98e09-a975-4128-8790-34b8fb2b64c2" action="READ" actorId="4df1f3b9-74d6-415f-93a5-d26001ff0d3c" correlationId="b8162975-d8c1-4ef5-b34b-b4f44e146b75"
[WebServer] 2026-09-05T11:03:14.038+08:00 INFO  application=marketops-server environment=local buildVersion=0.1.0-SNAPSHOT correlationId=b8162975-d8c1-4ef5-b34b-b4f44e146b75 c.m.m.s.i.c.CorrelationIdFilter - Request completed event="request_completed" correlationId="b8162975-d8c1-4ef5-b34b-b4f44e146b75" status="200"
[WebServer] 2026-09-05T11:03:14.078+08:00 INFO  application=marketops-server environment=local buildVersion=0.1.0-SNAPSHOT correlationId=d5e7f3d0-2270-4794-877d-7507e4549bd2 c.m.m.s.i.c.CorrelationIdFilter - Request completed event="request_completed" correlationId="d5e7f3d0-2270-4794-877d-7507e4549bd2" status="200"
[WebServer] 2026-09-05T11:03:14.110+08:00 INFO  application=marketops-server environment=local buildVersion=0.1.0-SNAPSHOT correlationId=24d21fa2-4fc2-432a-a521-1f23b1387ad4 c.m.m.a.i.a.JdbcMetadataAuditStore - Metadata change recorded event="metadata_change_recorded" sourceDomain="advertisingefficiency" entityType="advertising_case" entityId="3fbaf37f-776a-442d-a974-b2181095980d" action="READ" actorId="4df1f3b9-74d6-415f-93a5-d26001ff0d3c" correlationId="24d21fa2-4fc2-432a-a521-1f23b1387ad4"
[WebServer] 2026-09-05T11:03:14.121+08:00 INFO  application=marketops-server environment=local buildVersion=0.1.0-SNAPSHOT correlationId=24d21fa2-4fc2-432a-a521-1f23b1387ad4 c.m.m.s.i.c.CorrelationIdFilter - Request completed event="request_completed" correlationId="24d21fa2-4fc2-432a-a521-1f23b1387ad4" status="200"
[WebServer] 2026-09-05T11:03:14.133+08:00 INFO  application=marketops-server environment=local buildVersion=0.1.0-SNAPSHOT correlationId=29d34178-f2a9-489c-8322-4b74ef241228 c.m.m.a.i.a.JdbcMetadataAuditStore - Metadata change recorded event="metadata_change_recorded" sourceDomain="advertisingefficiency" entityType="advertising_manual_packet" entityId="12b84cb9-a8fa-4bd9-9144-040c30265d7e" action="READ" actorId="4df1f3b9-74d6-415f-93a5-d26001ff0d3c" correlationId="29d34178-f2a9-489c-8322-4b74ef241228"
[WebServer] 2026-09-05T11:03:14.134+08:00 INFO  application=marketops-server environment=local buildVersion=0.1.0-SNAPSHOT correlationId=29d34178-f2a9-489c-8322-4b74ef241228 c.m.m.s.i.c.CorrelationIdFilter - Request completed event="request_completed" correlationId="29d34178-f2a9-489c-8322-4b74ef241228" status="200"
[WebServer] 2026-09-05T11:03:14.152+08:00 INFO  application=marketops-server environment=local buildVersion=0.1.0-SNAPSHOT correlationId=79464632-d049-476b-8f85-755e2a10a209 c.m.m.s.i.c.CorrelationIdFilter - Request completed event="request_completed" correlationId="79464632-d049-476b-8f85-755e2a10a209" status="200"
[WebServer] 2026-09-05T11:03:14.161+08:00 INFO  application=marketops-server environment=local buildVersion=0.1.0-SNAPSHOT correlationId=af63be52-4d55-474d-916a-b77a396d21df c.m.m.s.i.c.CorrelationIdFilter - Request completed event="request_completed" correlationId="af63be52-4d55-474d-916a-b77a396d21df" status="200"
[WebServer] 2026-09-05T11:03:14.186+08:00 INFO  application=marketops-server environment=local buildVersion=0.1.0-SNAPSHOT correlationId=a961b657-a691-41fc-8006-2c5f49b78be2 c.m.m.s.i.c.CorrelationIdFilter - Request completed event="request_completed" correlationId="a961b657-a691-41fc-8006-2c5f49b78be2" status="200"
[WebServer] 2026-09-05T11:03:14.301+08:00 INFO  application=marketops-server environment=local buildVersion=0.1.0-SNAPSHOT correlationId=ef04f23b-6282-4047-b074-d42b76fd2a26 c.m.m.s.i.e.ConsoleProblemAdvice - Console request refused event="console_request_refused" errorCode="RESOURCE_NOT_FOUND" correlationId="ef04f23b-6282-4047-b074-d42b76fd2a26"
[WebServer] 2026-09-05T11:03:14.302+08:00 INFO  application=marketops-server environment=local buildVersion=0.1.0-SNAPSHOT correlationId=ef04f23b-6282-4047-b074-d42b76fd2a26 c.m.m.s.i.c.CorrelationIdFilter - Request completed event="request_completed" correlationId="ef04f23b-6282-4047-b074-d42b76fd2a26" status="404"
[WebServer] 2026-09-05T11:03:14.304+08:00 INFO  application=marketops-server environment=local buildVersion=0.1.0-SNAPSHOT correlationId=c59665ae-0756-4de1-8b94-fa0ce0bd4898 c.m.m.a.i.a.JdbcMetadataAuditStore - Metadata change recorded event="metadata_change_recorded" sourceDomain="advertisingefficiency" entityType="advertising_reservations" entityId="cfe98e09-a975-4128-8790-34b8fb2b64c2" action="READ" actorId="4df1f3b9-74d6-415f-93a5-d26001ff0d3c" correlationId="c59665ae-0756-4de1-8b94-fa0ce0bd4898"
[WebServer] 2026-09-05T11:03:14.304+08:00 INFO  application=marketops-server environment=local buildVersion=0.1.0-SNAPSHOT correlationId=7c4eac2b-5a14-4fdb-a625-32708cbd5d6a c.m.m.a.i.a.JdbcMetadataAuditStore - Metadata change recorded event="metadata_change_recorded" sourceDomain="advertisingefficiency" entityType="advertising_containments" entityId="cfe98e09-a975-4128-8790-34b8fb2b64c2" action="READ" actorId="4df1f3b9-74d6-415f-93a5-d26001ff0d3c" correlationId="7c4eac2b-5a14-4fdb-a625-32708cbd5d6a"
[WebServer] 2026-09-05T11:03:14.307+08:00 INFO  application=marketops-server environment=local buildVersion=0.1.0-SNAPSHOT correlationId=c59665ae-0756-4de1-8b94-fa0ce0bd4898 c.m.m.s.i.c.CorrelationIdFilter - Request completed event="request_completed" correlationId="c59665ae-0756-4de1-8b94-fa0ce0bd4898" status="200"
[WebServer] 2026-09-05T11:03:14.312+08:00 INFO  application=marketops-server environment=local buildVersion=0.1.0-SNAPSHOT correlationId=00566bee-8077-4996-9287-edb741d9afb3 c.m.m.a.i.a.JdbcMetadataAuditStore - Metadata change recorded event="metadata_change_recorded" sourceDomain="availabilityrisk" entityType="availability_queue" entityId="cfe98e09-a975-4128-8790-34b8fb2b64c2" action="READ" actorId="4df1f3b9-74d6-415f-93a5-d26001ff0d3c" correlationId="00566bee-8077-4996-9287-edb741d9afb3"
[WebServer] 2026-09-05T11:03:14.314+08:00 INFO  application=marketops-server environment=local buildVersion=0.1.0-SNAPSHOT correlationId=d3ee55ee-bd43-4785-9ed9-3b009dc8751e c.m.m.s.i.e.ConsoleProblemAdvice - Console request refused event="console_request_refused" errorCode="RESOURCE_SCOPE_DENIED" correlationId="d3ee55ee-bd43-4785-9ed9-3b009dc8751e"
[WebServer] 2026-09-05T11:03:14.314+08:00 INFO  application=marketops-server environment=local buildVersion=0.1.0-SNAPSHOT correlationId=d3ee55ee-bd43-4785-9ed9-3b009dc8751e c.m.m.s.i.c.CorrelationIdFilter - Request completed event="request_completed" correlationId="d3ee55ee-bd43-4785-9ed9-3b009dc8751e" status="403"
[WebServer] 2026-09-05T11:03:14.316+08:00 INFO  application=marketops-server environment=local buildVersion=0.1.0-SNAPSHOT correlationId=00566bee-8077-4996-9287-edb741d9afb3 c.m.m.s.i.c.CorrelationIdFilter - Request completed event="request_completed" correlationId="00566bee-8077-4996-9287-edb741d9afb3" status="200"
[WebServer] 2026-09-05T11:03:14.321+08:00 INFO  application=marketops-server environment=local buildVersion=0.1.0-SNAPSHOT correlationId=7c4eac2b-5a14-4fdb-a625-32708cbd5d6a c.m.m.s.i.c.CorrelationIdFilter - Request completed event="request_completed" correlationId="7c4eac2b-5a14-4fdb-a625-32708cbd5d6a" status="200"
[WebServer] 2026-09-05T11:03:14.329+08:00 INFO  application=marketops-server environment=local buildVersion=0.1.0-SNAPSHOT correlationId=d190b3ed-c5e4-4f15-b8c3-627793d44e82 c.m.m.a.i.a.JdbcMetadataAuditStore - Metadata change recorded event="metadata_change_recorded" sourceDomain="advertisingefficiency" entityType="advertising_exposure" entityId="cfe98e09-a975-4128-8790-34b8fb2b64c2" action="READ" actorId="4df1f3b9-74d6-415f-93a5-d26001ff0d3c" correlationId="d190b3ed-c5e4-4f15-b8c3-627793d44e82"
[WebServer] 2026-09-05T11:03:14.331+08:00 INFO  application=marketops-server environment=local buildVersion=0.1.0-SNAPSHOT correlationId=d190b3ed-c5e4-4f15-b8c3-627793d44e82 c.m.m.s.i.c.CorrelationIdFilter - Request completed event="request_completed" correlationId="d190b3ed-c5e4-4f15-b8c3-627793d44e82" status="200"
[WebServer] 2026-09-05T11:03:14.331+08:00 INFO  application=marketops-server environment=local buildVersion=0.1.0-SNAPSHOT correlationId=41960a21-65a5-47af-ad38-85be51720731 c.m.m.s.i.e.ConsoleProblemAdvice - Console request refused event="console_request_refused" errorCode="RESOURCE_SCOPE_DENIED" correlationId="41960a21-65a5-47af-ad38-85be51720731"
[WebServer] 2026-09-05T11:03:14.331+08:00 INFO  application=marketops-server environment=local buildVersion=0.1.0-SNAPSHOT correlationId=41960a21-65a5-47af-ad38-85be51720731 c.m.m.s.i.c.CorrelationIdFilter - Request completed event="request_completed" correlationId="41960a21-65a5-47af-ad38-85be51720731" status="403"
[WebServer] 2026-09-05T11:03:14.335+08:00 INFO  application=marketops-server environment=local buildVersion=0.1.0-SNAPSHOT correlationId=c6e9d889-0ef8-481f-bcf0-31c549682a10 c.m.m.a.i.a.JdbcMetadataAuditStore - Metadata change recorded event="metadata_change_recorded" sourceDomain="advertisingefficiency" entityType="advertising_queue" entityId="cfe98e09-a975-4128-8790-34b8fb2b64c2" action="READ" actorId="4df1f3b9-74d6-415f-93a5-d26001ff0d3c" correlationId="c6e9d889-0ef8-481f-bcf0-31c549682a10"
[WebServer] 2026-09-05T11:03:14.344+08:00 INFO  application=marketops-server environment=local buildVersion=0.1.0-SNAPSHOT correlationId=7e8a78f6-3cb1-418f-8b2e-75a2e1649f15 c.m.m.a.i.a.JdbcMetadataAuditStore - Metadata change recorded event="metadata_change_recorded" sourceDomain="advertisingefficiency" entityType="advertising_orchestration" entityId="cfe98e09-a975-4128-8790-34b8fb2b64c2" action="READ" actorId="4df1f3b9-74d6-415f-93a5-d26001ff0d3c" correlationId="7e8a78f6-3cb1-418f-8b2e-75a2e1649f15"
[WebServer] 2026-09-05T11:03:14.345+08:00 INFO  application=marketops-server environment=local buildVersion=0.1.0-SNAPSHOT correlationId=7e8a78f6-3cb1-418f-8b2e-75a2e1649f15 c.m.m.s.i.c.CorrelationIdFilter - Request completed event="request_completed" correlationId="7e8a78f6-3cb1-418f-8b2e-75a2e1649f15" status="200"
[WebServer] 2026-09-05T11:03:14.372+08:00 INFO  application=marketops-server environment=local buildVersion=0.1.0-SNAPSHOT correlationId=c6e9d889-0ef8-481f-bcf0-31c549682a10 c.m.m.s.i.c.CorrelationIdFilter - Request completed event="request_completed" correlationId="c6e9d889-0ef8-481f-bcf0-31c549682a10" status="200"
[WebServer] 2026-09-05T11:03:14.512+08:00 INFO  application=marketops-server environment=local buildVersion=0.1.0-SNAPSHOT correlationId=c2802a86-6dfe-4ff3-961b-b62ee27b1b4b c.m.m.a.i.a.JdbcMetadataAuditStore - Metadata change recorded event="metadata_change_recorded" sourceDomain="advertisingefficiency" entityType="advertising_case" entityId="b155b747-529b-486a-bece-091ab90f66ac" action="READ" actorId="4df1f3b9-74d6-415f-93a5-d26001ff0d3c" correlationId="c2802a86-6dfe-4ff3-961b-b62ee27b1b4b"
[WebServer] 2026-09-05T11:03:14.523+08:00 INFO  application=marketops-server environment=local buildVersion=0.1.0-SNAPSHOT correlationId=c2802a86-6dfe-4ff3-961b-b62ee27b1b4b c.m.m.s.i.c.CorrelationIdFilter - Request completed event="request_completed" correlationId="c2802a86-6dfe-4ff3-961b-b62ee27b1b4b" status="200"
[WebServer] 2026-09-05T11:03:14.536+08:00 INFO  application=marketops-server environment=local buildVersion=0.1.0-SNAPSHOT correlationId=8dd6a882-1d37-44e1-8452-0d80624f0d8a c.m.m.a.i.a.JdbcMetadataAuditStore - Metadata change recorded event="metadata_change_recorded" sourceDomain="advertisingefficiency" entityType="advertising_manual_packet" entityId="c6428f71-17a4-4289-a326-43493784af48" action="READ" actorId="4df1f3b9-74d6-415f-93a5-d26001ff0d3c" correlationId="8dd6a882-1d37-44e1-8452-0d80624f0d8a"
[WebServer] 2026-09-05T11:03:14.537+08:00 INFO  application=marketops-server environment=local buildVersion=0.1.0-SNAPSHOT correlationId=8dd6a882-1d37-44e1-8452-0d80624f0d8a c.m.m.s.i.c.CorrelationIdFilter - Request completed event="request_completed" correlationId="8dd6a882-1d37-44e1-8452-0d80624f0d8a" status="200"
[WebServer] 2026-09-05T11:03:14.552+08:00 INFO  application=marketops-server environment=local buildVersion=0.1.0-SNAPSHOT correlationId=1c9a95aa-0a97-45df-b845-daa710b60da7 c.m.m.s.i.c.CorrelationIdFilter - Request completed event="request_completed" correlationId="1c9a95aa-0a97-45df-b845-daa710b60da7" status="200"
[WebServer] 2026-09-05T11:03:14.557+08:00 INFO  application=marketops-server environment=local buildVersion=0.1.0-SNAPSHOT correlationId=055a91c8-e37f-4969-ad8b-747d859909f1 c.m.m.s.i.c.CorrelationIdFilter - Request completed event="request_completed" correlationId="055a91c8-e37f-4969-ad8b-747d859909f1" status="200"
[WebServer] 2026-09-05T11:03:14.561+08:00 INFO  application=marketops-server environment=local buildVersion=0.1.0-SNAPSHOT correlationId=68bebd08-18a9-4c0b-91e0-b128445ac46d c.m.m.s.i.e.ConsoleProblemAdvice - Console request refused event="console_request_refused" errorCode="RESOURCE_NOT_FOUND" correlationId="68bebd08-18a9-4c0b-91e0-b128445ac46d"
[WebServer] 2026-09-05T11:03:14.562+08:00 INFO  application=marketops-server environment=local buildVersion=0.1.0-SNAPSHOT correlationId=68bebd08-18a9-4c0b-91e0-b128445ac46d c.m.m.s.i.c.CorrelationIdFilter - Request completed event="request_completed" correlationId="68bebd08-18a9-4c0b-91e0-b128445ac46d" status="404"
[WebServer] 2026-09-05T11:03:14.673+08:00 INFO  application=marketops-server environment=local buildVersion=0.1.0-SNAPSHOT correlationId=c5b9e1d4-03ef-438e-87fa-865fb64c1ea8 c.m.m.a.i.a.JdbcMetadataAuditStore - Metadata change recorded event="metadata_change_recorded" sourceDomain="advertisingefficiency" entityType="advertising_reservations" entityId="cfe98e09-a975-4128-8790-34b8fb2b64c2" action="READ" actorId="4df1f3b9-74d6-415f-93a5-d26001ff0d3c" correlationId="c5b9e1d4-03ef-438e-87fa-865fb64c1ea8"
[WebServer] 2026-09-05T11:03:14.674+08:00 INFO  application=marketops-server environment=local buildVersion=0.1.0-SNAPSHOT correlationId=18f1a18c-3da5-4725-8ab6-ea8aec8f7702 c.m.m.s.i.e.ConsoleProblemAdvice - Console request refused event="console_request_refused" errorCode="RESOURCE_NOT_FOUND" correlationId="18f1a18c-3da5-4725-8ab6-ea8aec8f7702"
[WebServer] 2026-09-05T11:03:14.674+08:00 INFO  application=marketops-server environment=local buildVersion=0.1.0-SNAPSHOT correlationId=18f1a18c-3da5-4725-8ab6-ea8aec8f7702 c.m.m.s.i.c.CorrelationIdFilter - Request completed event="request_completed" correlationId="18f1a18c-3da5-4725-8ab6-ea8aec8f7702" status="404"
[WebServer] 2026-09-05T11:03:14.674+08:00 INFO  application=marketops-server environment=local buildVersion=0.1.0-SNAPSHOT correlationId=721d44ed-aecc-467f-b199-99ce6f7eb2a3 c.m.m.a.i.a.JdbcMetadataAuditStore - Metadata change recorded event="metadata_change_recorded" sourceDomain="advertisingefficiency" entityType="advertising_containments" entityId="cfe98e09-a975-4128-8790-34b8fb2b64c2" action="READ" actorId="4df1f3b9-74d6-415f-93a5-d26001ff0d3c" correlationId="721d44ed-aecc-467f-b199-99ce6f7eb2a3"
[WebServer] 2026-09-05T11:03:14.676+08:00 INFO  application=marketops-server environment=local buildVersion=0.1.0-SNAPSHOT correlationId=c5b9e1d4-03ef-438e-87fa-865fb64c1ea8 c.m.m.s.i.c.CorrelationIdFilter - Request completed event="request_completed" correlationId="c5b9e1d4-03ef-438e-87fa-865fb64c1ea8" status="200"
[WebServer] 2026-09-05T11:03:14.677+08:00 INFO  application=marketops-server environment=local buildVersion=0.1.0-SNAPSHOT correlationId=cd444578-0d6f-4b4a-88dd-fe1dfd02b199 c.m.m.s.i.e.ConsoleProblemAdvice - Console request refused event="console_request_refused" errorCode="RESOURCE_SCOPE_DENIED" correlationId="cd444578-0d6f-4b4a-88dd-fe1dfd02b199"
[WebServer] 2026-09-05T11:03:14.677+08:00 INFO  application=marketops-server environment=local buildVersion=0.1.0-SNAPSHOT correlationId=cd444578-0d6f-4b4a-88dd-fe1dfd02b199 c.m.m.s.i.c.CorrelationIdFilter - Request completed event="request_completed" correlationId="cd444578-0d6f-4b4a-88dd-fe1dfd02b199" status="403"
[WebServer] 2026-09-05T11:03:14.680+08:00 INFO  application=marketops-server environment=local buildVersion=0.1.0-SNAPSHOT correlationId=1a74555c-bb68-4511-b7b5-04b875387aa8 c.m.m.a.i.a.JdbcMetadataAuditStore - Metadata change recorded event="metadata_change_recorded" sourceDomain="availabilityrisk" entityType="availability_queue" entityId="cfe98e09-a975-4128-8790-34b8fb2b64c2" action="READ" actorId="4df1f3b9-74d6-415f-93a5-d26001ff0d3c" correlationId="1a74555c-bb68-4511-b7b5-04b875387aa8"
[WebServer] 2026-09-05T11:03:14.681+08:00 INFO  application=marketops-server environment=local buildVersion=0.1.0-SNAPSHOT correlationId=1a74555c-bb68-4511-b7b5-04b875387aa8 c.m.m.s.i.c.CorrelationIdFilter - Request completed event="request_completed" correlationId="1a74555c-bb68-4511-b7b5-04b875387aa8" status="200"
[WebServer] 2026-09-05T11:03:14.684+08:00 INFO  application=marketops-server environment=local buildVersion=0.1.0-SNAPSHOT correlationId=721d44ed-aecc-467f-b199-99ce6f7eb2a3 c.m.m.s.i.c.CorrelationIdFilter - Request completed event="request_completed" correlationId="721d44ed-aecc-467f-b199-99ce6f7eb2a3" status="200"
[WebServer] 2026-09-05T11:03:14.686+08:00 INFO  application=marketops-server environment=local buildVersion=0.1.0-SNAPSHOT correlationId=17155841-42ca-4440-8f58-8d979befc163 c.m.m.a.i.a.JdbcMetadataAuditStore - Metadata change recorded event="metadata_change_recorded" sourceDomain="advertisingefficiency" entityType="advertising_exposure" entityId="cfe98e09-a975-4128-8790-34b8fb2b64c2" action="READ" actorId="4df1f3b9-74d6-415f-93a5-d26001ff0d3c" correlationId="17155841-42ca-4440-8f58-8d979befc163"
[WebServer] 2026-09-05T11:03:14.689+08:00 INFO  application=marketops-server environment=local buildVersion=0.1.0-SNAPSHOT correlationId=17155841-42ca-4440-8f58-8d979befc163 c.m.m.s.i.c.CorrelationIdFilter - Request completed event="request_completed" correlationId="17155841-42ca-4440-8f58-8d979befc163" status="200"
[WebServer] 2026-09-05T11:03:14.696+08:00 INFO  application=marketops-server environment=local buildVersion=0.1.0-SNAPSHOT correlationId=11c71fda-873b-4d95-9aa6-69341af9f5fc c.m.m.s.i.e.ConsoleProblemAdvice - Console request refused event="console_request_refused" errorCode="RESOURCE_SCOPE_DENIED" correlationId="11c71fda-873b-4d95-9aa6-69341af9f5fc"
[WebServer] 2026-09-05T11:03:14.696+08:00 INFO  application=marketops-server environment=local buildVersion=0.1.0-SNAPSHOT correlationId=11c71fda-873b-4d95-9aa6-69341af9f5fc c.m.m.s.i.c.CorrelationIdFilter - Request completed event="request_completed" correlationId="11c71fda-873b-4d95-9aa6-69341af9f5fc" status="403"
[WebServer] 2026-09-05T11:03:14.703+08:00 INFO  application=marketops-server environment=local buildVersion=0.1.0-SNAPSHOT correlationId=3e51eed5-0d27-4955-b15b-1ae84cdec58d c.m.m.a.i.a.JdbcMetadataAuditStore - Metadata change recorded event="metadata_change_recorded" sourceDomain="advertisingefficiency" entityType="advertising_queue" entityId="cfe98e09-a975-4128-8790-34b8fb2b64c2" action="READ" actorId="4df1f3b9-74d6-415f-93a5-d26001ff0d3c" correlationId="3e51eed5-0d27-4955-b15b-1ae84cdec58d"
[WebServer] 2026-09-05T11:03:14.709+08:00 INFO  application=marketops-server environment=local buildVersion=0.1.0-SNAPSHOT correlationId=3719a1e1-36de-4297-9a59-5d8556a08d01 c.m.m.a.i.a.JdbcMetadataAuditStore - Metadata change recorded event="metadata_change_recorded" sourceDomain="advertisingefficiency" entityType="advertising_orchestration" entityId="cfe98e09-a975-4128-8790-34b8fb2b64c2" action="READ" actorId="4df1f3b9-74d6-415f-93a5-d26001ff0d3c" correlationId="3719a1e1-36de-4297-9a59-5d8556a08d01"
[WebServer] 2026-09-05T11:03:14.711+08:00 INFO  application=marketops-server environment=local buildVersion=0.1.0-SNAPSHOT correlationId=3719a1e1-36de-4297-9a59-5d8556a08d01 c.m.m.s.i.c.CorrelationIdFilter - Request completed event="request_completed" correlationId="3719a1e1-36de-4297-9a59-5d8556a08d01" status="200"
[WebServer] 2026-09-05T11:03:14.771+08:00 INFO  application=marketops-server environment=local buildVersion=0.1.0-SNAPSHOT correlationId=3e51eed5-0d27-4955-b15b-1ae84cdec58d c.m.m.s.i.c.CorrelationIdFilter - Request completed event="request_completed" correlationId="3e51eed5-0d27-4955-b15b-1ae84cdec58d" status="200"
  ✓   5 tests/advertising-browser/governed-advertising.spec.ts:254:1 › all four real HTTP lane projections preserve unknown values and expose no invented action (1.9s)
[WebServer] 2026-09-05T11:03:15.086+08:00 INFO  application=marketops-server environment=local buildVersion=0.1.0-SNAPSHOT correlationId=dd8845be-2702-4514-8417-461e4e6f0bd2 c.m.m.s.i.c.CorrelationIdFilter - Request completed event="request_completed" correlationId="dd8845be-2702-4514-8417-461e4e6f0bd2" status="200"
[WebServer] 2026-09-05T11:03:15.090+08:00 INFO  application=marketops-server environment=local buildVersion=0.1.0-SNAPSHOT correlationId=d5ce9d75-90ca-4e0a-8a31-1cdaef1b7d46 c.m.m.a.i.a.JdbcMetadataAuditStore - Metadata change recorded event="metadata_change_recorded" sourceDomain="advertisingefficiency" entityType="advertising_reservations" entityId="f5dd44bf-cc6d-4088-9d15-21c593d4c58b" action="READ" actorId="5ee1efef-d4bf-4cb0-a096-29ad17d1dcd8" correlationId="d5ce9d75-90ca-4e0a-8a31-1cdaef1b7d46"
[WebServer] 2026-09-05T11:03:15.091+08:00 INFO  application=marketops-server environment=local buildVersion=0.1.0-SNAPSHOT correlationId=d5ce9d75-90ca-4e0a-8a31-1cdaef1b7d46 c.m.m.s.i.c.CorrelationIdFilter - Request completed event="request_completed" correlationId="d5ce9d75-90ca-4e0a-8a31-1cdaef1b7d46" status="200"
[WebServer] 2026-09-05T11:03:15.094+08:00 INFO  application=marketops-server environment=local buildVersion=0.1.0-SNAPSHOT correlationId=4d24bfe9-d707-446a-89d6-364efb21217e c.m.m.a.i.a.JdbcMetadataAuditStore - Metadata change recorded event="metadata_change_recorded" sourceDomain="availabilityrisk" entityType="availability_queue" entityId="f5dd44bf-cc6d-4088-9d15-21c593d4c58b" action="READ" actorId="5ee1efef-d4bf-4cb0-a096-29ad17d1dcd8" correlationId="4d24bfe9-d707-446a-89d6-364efb21217e"
[WebServer] 2026-09-05T11:03:15.096+08:00 INFO  application=marketops-server environment=local buildVersion=0.1.0-SNAPSHOT correlationId=4d24bfe9-d707-446a-89d6-364efb21217e c.m.m.s.i.c.CorrelationIdFilter - Request completed event="request_completed" correlationId="4d24bfe9-d707-446a-89d6-364efb21217e" status="200"
[WebServer] 2026-09-05T11:03:15.096+08:00 INFO  application=marketops-server environment=local buildVersion=0.1.0-SNAPSHOT correlationId=445bc6fe-645d-4aaa-b0f5-9245841d2631 c.m.m.a.i.a.JdbcMetadataAuditStore - Metadata change recorded event="metadata_change_recorded" sourceDomain="advertisingefficiency" entityType="advertising_containments" entityId="f5dd44bf-cc6d-4088-9d15-21c593d4c58b" action="READ" actorId="5ee1efef-d4bf-4cb0-a096-29ad17d1dcd8" correlationId="445bc6fe-645d-4aaa-b0f5-9245841d2631"
[WebServer] 2026-09-05T11:03:15.097+08:00 INFO  application=marketops-server environment=local buildVersion=0.1.0-SNAPSHOT correlationId=ca3b6434-ef96-4e6d-90e6-ee2dc0ead0ab c.m.m.s.i.e.ConsoleProblemAdvice - Console request refused event="console_request_refused" errorCode="RESOURCE_SCOPE_DENIED" correlationId="ca3b6434-ef96-4e6d-90e6-ee2dc0ead0ab"
[WebServer] 2026-09-05T11:03:15.098+08:00 INFO  application=marketops-server environment=local buildVersion=0.1.0-SNAPSHOT correlationId=ca3b6434-ef96-4e6d-90e6-ee2dc0ead0ab c.m.m.s.i.c.CorrelationIdFilter - Request completed event="request_completed" correlationId="ca3b6434-ef96-4e6d-90e6-ee2dc0ead0ab" status="403"
[WebServer] 2026-09-05T11:03:15.101+08:00 INFO  application=marketops-server environment=local buildVersion=0.1.0-SNAPSHOT correlationId=b7ec8a60-27a7-4e6e-9b23-90f9a4467b52 c.m.m.s.i.e.ConsoleProblemAdvice - Console request refused event="console_request_refused" errorCode="RESOURCE_NOT_FOUND" correlationId="b7ec8a60-27a7-4e6e-9b23-90f9a4467b52"
[WebServer] 2026-09-05T11:03:15.101+08:00 INFO  application=marketops-server environment=local buildVersion=0.1.0-SNAPSHOT correlationId=b7ec8a60-27a7-4e6e-9b23-90f9a4467b52 c.m.m.s.i.c.CorrelationIdFilter - Request completed event="request_completed" correlationId="b7ec8a60-27a7-4e6e-9b23-90f9a4467b52" status="404"
[WebServer] 2026-09-05T11:03:15.106+08:00 INFO  application=marketops-server environment=local buildVersion=0.1.0-SNAPSHOT correlationId=722e5dc8-7819-411e-a268-6dbad5867b26 c.m.m.a.i.a.JdbcMetadataAuditStore - Metadata change recorded event="metadata_change_recorded" sourceDomain="advertisingefficiency" entityType="advertising_exposure" entityId="f5dd44bf-cc6d-4088-9d15-21c593d4c58b" action="READ" actorId="5ee1efef-d4bf-4cb0-a096-29ad17d1dcd8" correlationId="722e5dc8-7819-411e-a268-6dbad5867b26"
[WebServer] 2026-09-05T11:03:15.107+08:00 INFO  application=marketops-server environment=local buildVersion=0.1.0-SNAPSHOT correlationId=722e5dc8-7819-411e-a268-6dbad5867b26 c.m.m.s.i.c.CorrelationIdFilter - Request completed event="request_completed" correlationId="722e5dc8-7819-411e-a268-6dbad5867b26" status="200"
[WebServer] 2026-09-05T11:03:15.108+08:00 INFO  application=marketops-server environment=local buildVersion=0.1.0-SNAPSHOT correlationId=445bc6fe-645d-4aaa-b0f5-9245841d2631 c.m.m.s.i.c.CorrelationIdFilter - Request completed event="request_completed" correlationId="445bc6fe-645d-4aaa-b0f5-9245841d2631" status="200"
[WebServer] 2026-09-05T11:03:15.115+08:00 INFO  application=marketops-server environment=local buildVersion=0.1.0-SNAPSHOT correlationId=5d2d7c5f-b1a7-4747-bfa7-cfc6fe881626 c.m.m.s.i.e.ConsoleProblemAdvice - Console request refused event="console_request_refused" errorCode="RESOURCE_SCOPE_DENIED" correlationId="5d2d7c5f-b1a7-4747-bfa7-cfc6fe881626"
[WebServer] 2026-09-05T11:03:15.116+08:00 INFO  application=marketops-server environment=local buildVersion=0.1.0-SNAPSHOT correlationId=5d2d7c5f-b1a7-4747-bfa7-cfc6fe881626 c.m.m.s.i.c.CorrelationIdFilter - Request completed event="request_completed" correlationId="5d2d7c5f-b1a7-4747-bfa7-cfc6fe881626" status="403"
[WebServer] 2026-09-05T11:03:15.117+08:00 INFO  application=marketops-server environment=local buildVersion=0.1.0-SNAPSHOT correlationId=8e006c7d-189a-4860-90f5-9325026d04f0 c.m.m.a.i.a.JdbcMetadataAuditStore - Metadata change recorded event="metadata_change_recorded" sourceDomain="advertisingefficiency" entityType="advertising_queue" entityId="f5dd44bf-cc6d-4088-9d15-21c593d4c58b" action="READ" actorId="5ee1efef-d4bf-4cb0-a096-29ad17d1dcd8" correlationId="8e006c7d-189a-4860-90f5-9325026d04f0"
[WebServer] 2026-09-05T11:03:15.124+08:00 INFO  application=marketops-server environment=local buildVersion=0.1.0-SNAPSHOT correlationId=3006919a-5694-416a-a1ac-e025c24b89c2 c.m.m.a.i.a.JdbcMetadataAuditStore - Metadata change recorded event="metadata_change_recorded" sourceDomain="advertisingefficiency" entityType="advertising_orchestration" entityId="f5dd44bf-cc6d-4088-9d15-21c593d4c58b" action="READ" actorId="5ee1efef-d4bf-4cb0-a096-29ad17d1dcd8" correlationId="3006919a-5694-416a-a1ac-e025c24b89c2"
[WebServer] 2026-09-05T11:03:15.126+08:00 INFO  application=marketops-server environment=local buildVersion=0.1.0-SNAPSHOT correlationId=3006919a-5694-416a-a1ac-e025c24b89c2 c.m.m.s.i.c.CorrelationIdFilter - Request completed event="request_completed" correlationId="3006919a-5694-416a-a1ac-e025c24b89c2" status="200"
[WebServer] 2026-09-05T11:03:15.142+08:00 INFO  application=marketops-server environment=local buildVersion=0.1.0-SNAPSHOT correlationId=8e006c7d-189a-4860-90f5-9325026d04f0 c.m.m.s.i.c.CorrelationIdFilter - Request completed event="request_completed" correlationId="8e006c7d-189a-4860-90f5-9325026d04f0" status="200"
[WebServer] 2026-09-05T11:03:15.156+08:00 INFO  application=marketops-server environment=local buildVersion=0.1.0-SNAPSHOT correlationId=2c042069-e125-4eda-ab8d-5afa29586e54 c.m.m.s.i.c.CorrelationIdFilter - Request completed event="request_completed" correlationId="2c042069-e125-4eda-ab8d-5afa29586e54" status="200"
[WebServer] 2026-09-05T11:03:15.269+08:00 INFO  application=marketops-server environment=local buildVersion=0.1.0-SNAPSHOT correlationId=d5d15898-03b4-4b71-a7f6-3f3755c1f301 c.m.m.a.i.a.JdbcMetadataAuditStore - Metadata change recorded event="metadata_change_recorded" sourceDomain="advertisingefficiency" entityType="advertising_case" entityId="bca8a5a5-f939-4580-bc20-e3abc50a5f33" action="READ" actorId="5ee1efef-d4bf-4cb0-a096-29ad17d1dcd8" correlationId="d5d15898-03b4-4b71-a7f6-3f3755c1f301"
[WebServer] 2026-09-05T11:03:15.281+08:00 INFO  application=marketops-server environment=local buildVersion=0.1.0-SNAPSHOT correlationId=d5d15898-03b4-4b71-a7f6-3f3755c1f301 c.m.m.s.i.c.CorrelationIdFilter - Request completed event="request_completed" correlationId="d5d15898-03b4-4b71-a7f6-3f3755c1f301" status="200"
[WebServer] 2026-09-05T11:03:15.307+08:00 INFO  application=marketops-server environment=local buildVersion=0.1.0-SNAPSHOT correlationId=74319539-6104-44f9-af47-39a636fcddce c.m.m.a.i.a.JdbcMetadataAuditStore - Metadata change recorded event="metadata_change_recorded" sourceDomain="advertisingefficiency" entityType="advertising_manual_packet" entityId="0c7e2c26-405f-4de5-a9b3-ab62c3a54b9d" action="READ" actorId="5ee1efef-d4bf-4cb0-a096-29ad17d1dcd8" correlationId="74319539-6104-44f9-af47-39a636fcddce"
[WebServer] 2026-09-05T11:03:15.308+08:00 INFO  application=marketops-server environment=local buildVersion=0.1.0-SNAPSHOT correlationId=74319539-6104-44f9-af47-39a636fcddce c.m.m.s.i.c.CorrelationIdFilter - Request completed event="request_completed" correlationId="74319539-6104-44f9-af47-39a636fcddce" status="200"
[WebServer] 2026-09-05T11:03:15.327+08:00 INFO  application=marketops-server environment=local buildVersion=0.1.0-SNAPSHOT correlationId=284b788a-810d-41b6-91f8-bb1bb0d7c3d5 c.m.m.s.i.c.CorrelationIdFilter - Request completed event="request_completed" correlationId="284b788a-810d-41b6-91f8-bb1bb0d7c3d5" status="200"
[WebServer] 2026-09-05T11:03:15.340+08:00 INFO  application=marketops-server environment=local buildVersion=0.1.0-SNAPSHOT correlationId=fabe62cb-a01b-4bcf-8c19-1c0bfcf9d41a c.m.m.s.i.c.CorrelationIdFilter - Request completed event="request_completed" correlationId="fabe62cb-a01b-4bcf-8c19-1c0bfcf9d41a" status="200"
[WebServer] 2026-09-05T11:03:15.356+08:00 INFO  application=marketops-server environment=local buildVersion=0.1.0-SNAPSHOT correlationId=7f56abe7-cd36-4f6d-bc3a-6ecd79b14ce8 c.m.m.s.i.c.CorrelationIdFilter - Request completed event="request_completed" correlationId="7f56abe7-cd36-4f6d-bc3a-6ecd79b14ce8" status="200"
[WebServer] 2026-09-05T11:03:15.492+08:00 INFO  application=marketops-server environment=local buildVersion=0.1.0-SNAPSHOT correlationId=6effa963-52d2-4072-90a3-80bf4bbc4749 c.m.m.s.i.c.CorrelationIdFilter - Request completed event="request_completed" correlationId="6effa963-52d2-4072-90a3-80bf4bbc4749" status="200"
[WebServer] 2026-09-05T11:03:15.547+08:00 INFO  application=marketops-server environment=local buildVersion=0.1.0-SNAPSHOT correlationId=578d1781-d6d8-432a-97a4-f272fd48f603 c.m.m.s.i.c.CorrelationIdFilter - Request completed event="request_completed" correlationId="578d1781-d6d8-432a-97a4-f272fd48f603" status="200"
[WebServer] 2026-09-05T11:03:15.588+08:00 INFO  application=marketops-server environment=local buildVersion=0.1.0-SNAPSHOT correlationId=a561b411-cf34-4feb-9183-a04fc9f3fb0e c.m.m.s.i.c.CorrelationIdFilter - Request completed event="request_completed" correlationId="a561b411-cf34-4feb-9183-a04fc9f3fb0e" status="200"
[WebServer] 2026-09-05T11:03:15.648+08:00 INFO  application=marketops-server environment=local buildVersion=0.1.0-SNAPSHOT correlationId=2e2225aa-8aec-43f3-b7fb-2768150eeed4 c.m.m.s.i.c.CorrelationIdFilter - Request completed event="request_completed" correlationId="2e2225aa-8aec-43f3-b7fb-2768150eeed4" status="200"
[WebServer] 2026-09-05T11:03:15.932+08:00 INFO  application=marketops-server environment=local buildVersion=0.1.0-SNAPSHOT correlationId=76396537-bc58-4ed4-9217-903949e28777 c.m.m.s.i.c.CorrelationIdFilter - Request completed event="request_completed" correlationId="76396537-bc58-4ed4-9217-903949e28777" status="200"
[WebServer] 2026-09-05T11:03:15.941+08:00 INFO  application=marketops-server environment=local buildVersion=0.1.0-SNAPSHOT correlationId=6f9e679c-1de5-4972-b948-00a33aab41c2 c.m.m.a.i.a.JdbcMetadataAuditStore - Metadata change recorded event="metadata_change_recorded" sourceDomain="availabilityrisk" entityType="availability_queue" entityId="f5dd44bf-cc6d-4088-9d15-21c593d4c58b" action="READ" actorId="f4316849-ba08-4ec4-9837-7aada5a5123e" correlationId="6f9e679c-1de5-4972-b948-00a33aab41c2"
[WebServer] 2026-09-05T11:03:15.943+08:00 INFO  application=marketops-server environment=local buildVersion=0.1.0-SNAPSHOT correlationId=6f9e679c-1de5-4972-b948-00a33aab41c2 c.m.m.s.i.c.CorrelationIdFilter - Request completed event="request_completed" correlationId="6f9e679c-1de5-4972-b948-00a33aab41c2" status="200"
[WebServer] 2026-09-05T11:03:15.944+08:00 INFO  application=marketops-server environment=local buildVersion=0.1.0-SNAPSHOT correlationId=7be6c0d0-603d-4a23-a722-31c4fbe0ea55 c.m.m.a.i.a.JdbcMetadataAuditStore - Metadata change recorded event="metadata_change_recorded" sourceDomain="advertisingefficiency" entityType="advertising_exposure" entityId="f5dd44bf-cc6d-4088-9d15-21c593d4c58b" action="READ" actorId="f4316849-ba08-4ec4-9837-7aada5a5123e" correlationId="7be6c0d0-603d-4a23-a722-31c4fbe0ea55"
[WebServer] 2026-09-05T11:03:15.946+08:00 INFO  application=marketops-server environment=local buildVersion=0.1.0-SNAPSHOT correlationId=7be6c0d0-603d-4a23-a722-31c4fbe0ea55 c.m.m.s.i.c.CorrelationIdFilter - Request completed event="request_completed" correlationId="7be6c0d0-603d-4a23-a722-31c4fbe0ea55" status="200"
[WebServer] 2026-09-05T11:03:15.947+08:00 INFO  application=marketops-server environment=local buildVersion=0.1.0-SNAPSHOT correlationId=c60d9efb-a460-4c2f-830a-493f8fd57102 c.m.m.s.i.e.ConsoleProblemAdvice - Console request refused event="console_request_refused" errorCode="RESOURCE_NOT_FOUND" correlationId="c60d9efb-a460-4c2f-830a-493f8fd57102"
[WebServer] 2026-09-05T11:03:15.947+08:00 INFO  application=marketops-server environment=local buildVersion=0.1.0-SNAPSHOT correlationId=c60d9efb-a460-4c2f-830a-493f8fd57102 c.m.m.s.i.c.CorrelationIdFilter - Request completed event="request_completed" correlationId="c60d9efb-a460-4c2f-830a-493f8fd57102" status="404"
[WebServer] 2026-09-05T11:03:15.949+08:00 INFO  application=marketops-server environment=local buildVersion=0.1.0-SNAPSHOT correlationId=0d9c910f-e293-4f65-bcdb-2b14374e6600 c.m.m.a.i.a.JdbcMetadataAuditStore - Metadata change recorded event="metadata_change_recorded" sourceDomain="advertisingefficiency" entityType="advertising_reservations" entityId="f5dd44bf-cc6d-4088-9d15-21c593d4c58b" action="READ" actorId="f4316849-ba08-4ec4-9837-7aada5a5123e" correlationId="0d9c910f-e293-4f65-bcdb-2b14374e6600"
[WebServer] 2026-09-05T11:03:15.950+08:00 INFO  application=marketops-server environment=local buildVersion=0.1.0-SNAPSHOT correlationId=0d9c910f-e293-4f65-bcdb-2b14374e6600 c.m.m.s.i.c.CorrelationIdFilter - Request completed event="request_completed" correlationId="0d9c910f-e293-4f65-bcdb-2b14374e6600" status="200"
[WebServer] 2026-09-05T11:03:15.952+08:00 INFO  application=marketops-server environment=local buildVersion=0.1.0-SNAPSHOT correlationId=28400b8e-fe74-4557-925e-a27618ea7200 c.m.m.a.i.a.JdbcMetadataAuditStore - Metadata change recorded event="metadata_change_recorded" sourceDomain="advertisingefficiency" entityType="advertising_containments" entityId="f5dd44bf-cc6d-4088-9d15-21c593d4c58b" action="READ" actorId="f4316849-ba08-4ec4-9837-7aada5a5123e" correlationId="28400b8e-fe74-4557-925e-a27618ea7200"
[WebServer] 2026-09-05T11:03:15.954+08:00 INFO  application=marketops-server environment=local buildVersion=0.1.0-SNAPSHOT correlationId=ca4d2df1-10d4-4e45-8175-1810848f66d0 c.m.m.s.i.e.ConsoleProblemAdvice - Console request refused event="console_request_refused" errorCode="RESOURCE_SCOPE_DENIED" correlationId="ca4d2df1-10d4-4e45-8175-1810848f66d0"
[WebServer] 2026-09-05T11:03:15.954+08:00 INFO  application=marketops-server environment=local buildVersion=0.1.0-SNAPSHOT correlationId=ca4d2df1-10d4-4e45-8175-1810848f66d0 c.m.m.s.i.c.CorrelationIdFilter - Request completed event="request_completed" correlationId="ca4d2df1-10d4-4e45-8175-1810848f66d0" status="403"
[WebServer] 2026-09-05T11:03:15.960+08:00 INFO  application=marketops-server environment=local buildVersion=0.1.0-SNAPSHOT correlationId=28400b8e-fe74-4557-925e-a27618ea7200 c.m.m.s.i.c.CorrelationIdFilter - Request completed event="request_completed" correlationId="28400b8e-fe74-4557-925e-a27618ea7200" status="200"
[WebServer] 2026-09-05T11:03:15.960+08:00 INFO  application=marketops-server environment=local buildVersion=0.1.0-SNAPSHOT correlationId=d62a85bc-2291-4a3d-8e48-3689c20da87f c.m.m.s.i.e.ConsoleProblemAdvice - Console request refused event="console_request_refused" errorCode="RESOURCE_SCOPE_DENIED" correlationId="d62a85bc-2291-4a3d-8e48-3689c20da87f"
[WebServer] 2026-09-05T11:03:15.961+08:00 INFO  application=marketops-server environment=local buildVersion=0.1.0-SNAPSHOT correlationId=d62a85bc-2291-4a3d-8e48-3689c20da87f c.m.m.s.i.c.CorrelationIdFilter - Request completed event="request_completed" correlationId="d62a85bc-2291-4a3d-8e48-3689c20da87f" status="403"
[WebServer] 2026-09-05T11:03:15.965+08:00 INFO  application=marketops-server environment=local buildVersion=0.1.0-SNAPSHOT correlationId=39ede8f8-e5b4-4278-a45b-d6e95238db6a c.m.m.a.i.a.JdbcMetadataAuditStore - Metadata change recorded event="metadata_change_recorded" sourceDomain="advertisingefficiency" entityType="advertising_queue" entityId="f5dd44bf-cc6d-4088-9d15-21c593d4c58b" action="READ" actorId="f4316849-ba08-4ec4-9837-7aada5a5123e" correlationId="39ede8f8-e5b4-4278-a45b-d6e95238db6a"
[WebServer] 2026-09-05T11:03:15.979+08:00 INFO  application=marketops-server environment=local buildVersion=0.1.0-SNAPSHOT correlationId=d132886e-5a53-4200-8bf4-d41d76f17e9a c.m.m.a.i.a.JdbcMetadataAuditStore - Metadata change recorded event="metadata_change_recorded" sourceDomain="advertisingefficiency" entityType="advertising_orchestration" entityId="f5dd44bf-cc6d-4088-9d15-21c593d4c58b" action="READ" actorId="f4316849-ba08-4ec4-9837-7aada5a5123e" correlationId="d132886e-5a53-4200-8bf4-d41d76f17e9a"
[WebServer] 2026-09-05T11:03:15.980+08:00 INFO  application=marketops-server environment=local buildVersion=0.1.0-SNAPSHOT correlationId=d132886e-5a53-4200-8bf4-d41d76f17e9a c.m.m.s.i.c.CorrelationIdFilter - Request completed event="request_completed" correlationId="d132886e-5a53-4200-8bf4-d41d76f17e9a" status="200"
[WebServer] 2026-09-05T11:03:15.986+08:00 INFO  application=marketops-server environment=local buildVersion=0.1.0-SNAPSHOT correlationId=39ede8f8-e5b4-4278-a45b-d6e95238db6a c.m.m.s.i.c.CorrelationIdFilter - Request completed event="request_completed" correlationId="39ede8f8-e5b4-4278-a45b-d6e95238db6a" status="200"
[WebServer] 2026-09-05T11:03:15.997+08:00 INFO  application=marketops-server environment=local buildVersion=0.1.0-SNAPSHOT correlationId=3835a965-c326-4836-9a07-5f32a3bc8626 c.m.m.s.i.c.CorrelationIdFilter - Request completed event="request_completed" correlationId="3835a965-c326-4836-9a07-5f32a3bc8626" status="200"
[WebServer] 2026-09-05T11:03:16.123+08:00 INFO  application=marketops-server environment=local buildVersion=0.1.0-SNAPSHOT correlationId=4fa8ba7b-076a-4c66-aba2-02586a03be4b c.m.m.a.i.a.JdbcMetadataAuditStore - Metadata change recorded event="metadata_change_recorded" sourceDomain="advertisingefficiency" entityType="advertising_case" entityId="bca8a5a5-f939-4580-bc20-e3abc50a5f33" action="READ" actorId="f4316849-ba08-4ec4-9837-7aada5a5123e" correlationId="4fa8ba7b-076a-4c66-aba2-02586a03be4b"
[WebServer] 2026-09-05T11:03:16.151+08:00 INFO  application=marketops-server environment=local buildVersion=0.1.0-SNAPSHOT correlationId=4fa8ba7b-076a-4c66-aba2-02586a03be4b c.m.m.s.i.c.CorrelationIdFilter - Request completed event="request_completed" correlationId="4fa8ba7b-076a-4c66-aba2-02586a03be4b" status="200"
[WebServer] 2026-09-05T11:03:16.180+08:00 INFO  application=marketops-server environment=local buildVersion=0.1.0-SNAPSHOT correlationId=be6cb39f-80a3-4a0e-8264-af9edb79bf4b c.m.m.a.i.a.JdbcMetadataAuditStore - Metadata change recorded event="metadata_change_recorded" sourceDomain="advertisingefficiency" entityType="advertising_manual_packet" entityId="0c7e2c26-405f-4de5-a9b3-ab62c3a54b9d" action="READ" actorId="f4316849-ba08-4ec4-9837-7aada5a5123e" correlationId="be6cb39f-80a3-4a0e-8264-af9edb79bf4b"
[WebServer] 2026-09-05T11:03:16.182+08:00 INFO  application=marketops-server environment=local buildVersion=0.1.0-SNAPSHOT correlationId=be6cb39f-80a3-4a0e-8264-af9edb79bf4b c.m.m.s.i.c.CorrelationIdFilter - Request completed event="request_completed" correlationId="be6cb39f-80a3-4a0e-8264-af9edb79bf4b" status="200"
[WebServer] 2026-09-05T11:03:16.204+08:00 INFO  application=marketops-server environment=local buildVersion=0.1.0-SNAPSHOT correlationId=266e7046-0223-4180-a6e6-308b3dbd2ffd c.m.m.s.i.c.CorrelationIdFilter - Request completed event="request_completed" correlationId="266e7046-0223-4180-a6e6-308b3dbd2ffd" status="200"
[WebServer] 2026-09-05T11:03:16.233+08:00 INFO  application=marketops-server environment=local buildVersion=0.1.0-SNAPSHOT correlationId=96f95a53-eb2c-42ee-b863-0282be9cf2d6 c.m.m.s.i.c.CorrelationIdFilter - Request completed event="request_completed" correlationId="96f95a53-eb2c-42ee-b863-0282be9cf2d6" status="200"
[WebServer] 2026-09-05T11:03:16.305+08:00 INFO  application=marketops-server environment=local buildVersion=0.1.0-SNAPSHOT correlationId=e7ba10ff-8e9b-44a8-a173-33ac29fdc375 c.m.m.s.i.c.CorrelationIdFilter - Request completed event="request_completed" correlationId="e7ba10ff-8e9b-44a8-a173-33ac29fdc375" status="200"
[WebServer] 2026-09-05T11:03:16.433+08:00 INFO  application=marketops-server environment=local buildVersion=0.1.0-SNAPSHOT correlationId=3306ce83-94ff-4533-a4ea-30eb71545e6d c.m.m.s.i.c.CorrelationIdFilter - Request completed event="request_completed" correlationId="3306ce83-94ff-4533-a4ea-30eb71545e6d" status="200"
[WebServer] 2026-09-05T11:03:16.523+08:00 INFO  application=marketops-server environment=local buildVersion=0.1.0-SNAPSHOT correlationId=feb48c0e-a1c2-42ad-be62-ed1f34c26304 c.m.m.s.i.c.CorrelationIdFilter - Request completed event="request_completed" correlationId="feb48c0e-a1c2-42ad-be62-ed1f34c26304" status="200"
[WebServer] 2026-09-05T11:03:16.592+08:00 INFO  application=marketops-server environment=local buildVersion=0.1.0-SNAPSHOT correlationId=2ae2a761-2932-4bbc-bd5a-eab597f5e8b9 c.m.m.s.i.c.CorrelationIdFilter - Request completed event="request_completed" correlationId="2ae2a761-2932-4bbc-bd5a-eab597f5e8b9" status="200"
[WebServer] 2026-09-05T11:03:17.194+08:00 INFO  application=marketops-server environment=local buildVersion=0.1.0-SNAPSHOT correlationId=84ba10a1-e9a3-4041-a47d-9e862bdb19b1 c.m.m.s.i.e.ConsoleProblemAdvice - Console request refused event="console_request_refused" errorCode="RESOURCE_NOT_FOUND" correlationId="84ba10a1-e9a3-4041-a47d-9e862bdb19b1"
[WebServer] 2026-09-05T11:03:17.196+08:00 INFO  application=marketops-server environment=local buildVersion=0.1.0-SNAPSHOT correlationId=84ba10a1-e9a3-4041-a47d-9e862bdb19b1 c.m.m.s.i.c.CorrelationIdFilter - Request completed event="request_completed" correlationId="84ba10a1-e9a3-4041-a47d-9e862bdb19b1" status="404"
[WebServer] 2026-09-05T11:03:17.199+08:00 INFO  application=marketops-server environment=local buildVersion=0.1.0-SNAPSHOT correlationId=b41bb86b-9312-4f1f-98d4-8bd9cea699bb c.m.m.a.i.a.JdbcMetadataAuditStore - Metadata change recorded event="metadata_change_recorded" sourceDomain="availabilityrisk" entityType="availability_queue" entityId="f5dd44bf-cc6d-4088-9d15-21c593d4c58b" action="READ" actorId="78f9f08d-cfe2-46a3-a7bb-25f08de045b9" correlationId="b41bb86b-9312-4f1f-98d4-8bd9cea699bb"
[WebServer] 2026-09-05T11:03:17.205+08:00 INFO  application=marketops-server environment=local buildVersion=0.1.0-SNAPSHOT correlationId=39908dea-7773-4214-a271-b73cbf5200af c.m.m.a.i.a.JdbcMetadataAuditStore - Metadata change recorded event="metadata_change_recorded" sourceDomain="advertisingefficiency" entityType="advertising_reservations" entityId="f5dd44bf-cc6d-4088-9d15-21c593d4c58b" action="READ" actorId="78f9f08d-cfe2-46a3-a7bb-25f08de045b9" correlationId="39908dea-7773-4214-a271-b73cbf5200af"
[WebServer] 2026-09-05T11:03:17.208+08:00 INFO  application=marketops-server environment=local buildVersion=0.1.0-SNAPSHOT correlationId=b41bb86b-9312-4f1f-98d4-8bd9cea699bb c.m.m.s.i.c.CorrelationIdFilter - Request completed event="request_completed" correlationId="b41bb86b-9312-4f1f-98d4-8bd9cea699bb" status="200"
[WebServer] 2026-09-05T11:03:17.212+08:00 INFO  application=marketops-server environment=local buildVersion=0.1.0-SNAPSHOT correlationId=aecda602-2d86-493d-8a75-201840f5b039 c.m.m.s.i.e.ConsoleProblemAdvice - Console request refused event="console_request_refused" errorCode="RESOURCE_SCOPE_DENIED" correlationId="aecda602-2d86-493d-8a75-201840f5b039"
[WebServer] 2026-09-05T11:03:17.213+08:00 INFO  application=marketops-server environment=local buildVersion=0.1.0-SNAPSHOT correlationId=aecda602-2d86-493d-8a75-201840f5b039 c.m.m.s.i.c.CorrelationIdFilter - Request completed event="request_completed" correlationId="aecda602-2d86-493d-8a75-201840f5b039" status="403"
[WebServer] 2026-09-05T11:03:17.216+08:00 INFO  application=marketops-server environment=local buildVersion=0.1.0-SNAPSHOT correlationId=39908dea-7773-4214-a271-b73cbf5200af c.m.m.s.i.c.CorrelationIdFilter - Request completed event="request_completed" correlationId="39908dea-7773-4214-a271-b73cbf5200af" status="200"
[WebServer] 2026-09-05T11:03:17.217+08:00 INFO  application=marketops-server environment=local buildVersion=0.1.0-SNAPSHOT correlationId=dfca82bb-f56f-4359-b78c-1d994ec35ba8 c.m.m.a.i.a.JdbcMetadataAuditStore - Metadata change recorded event="metadata_change_recorded" sourceDomain="advertisingefficiency" entityType="advertising_containments" entityId="f5dd44bf-cc6d-4088-9d15-21c593d4c58b" action="READ" actorId="78f9f08d-cfe2-46a3-a7bb-25f08de045b9" correlationId="dfca82bb-f56f-4359-b78c-1d994ec35ba8"
[WebServer] 2026-09-05T11:03:17.231+08:00 INFO  application=marketops-server environment=local buildVersion=0.1.0-SNAPSHOT correlationId=7408d95c-f60a-45a5-a4bf-5316f04d0452 c.m.m.a.i.a.JdbcMetadataAuditStore - Metadata change recorded event="metadata_change_recorded" sourceDomain="advertisingefficiency" entityType="advertising_exposure" entityId="f5dd44bf-cc6d-4088-9d15-21c593d4c58b" action="READ" actorId="78f9f08d-cfe2-46a3-a7bb-25f08de045b9" correlationId="7408d95c-f60a-45a5-a4bf-5316f04d0452"
[WebServer] 2026-09-05T11:03:17.236+08:00 INFO  application=marketops-server environment=local buildVersion=0.1.0-SNAPSHOT correlationId=dfca82bb-f56f-4359-b78c-1d994ec35ba8 c.m.m.s.i.c.CorrelationIdFilter - Request completed event="request_completed" correlationId="dfca82bb-f56f-4359-b78c-1d994ec35ba8" status="200"
[WebServer] 2026-09-05T11:03:17.236+08:00 INFO  application=marketops-server environment=local buildVersion=0.1.0-SNAPSHOT correlationId=7408d95c-f60a-45a5-a4bf-5316f04d0452 c.m.m.s.i.c.CorrelationIdFilter - Request completed event="request_completed" correlationId="7408d95c-f60a-45a5-a4bf-5316f04d0452" status="200"
[WebServer] 2026-09-05T11:03:17.254+08:00 INFO  application=marketops-server environment=local buildVersion=0.1.0-SNAPSHOT correlationId=d2ff3e51-6e09-432a-8a4f-8ad7b4da3913 c.m.m.s.i.e.ConsoleProblemAdvice - Console request refused event="console_request_refused" errorCode="RESOURCE_SCOPE_DENIED" correlationId="d2ff3e51-6e09-432a-8a4f-8ad7b4da3913"
[WebServer] 2026-09-05T11:03:17.255+08:00 INFO  application=marketops-server environment=local buildVersion=0.1.0-SNAPSHOT correlationId=d2ff3e51-6e09-432a-8a4f-8ad7b4da3913 c.m.m.s.i.c.CorrelationIdFilter - Request completed event="request_completed" correlationId="d2ff3e51-6e09-432a-8a4f-8ad7b4da3913" status="403"
[WebServer] 2026-09-05T11:03:17.261+08:00 INFO  application=marketops-server environment=local buildVersion=0.1.0-SNAPSHOT correlationId=687e9981-a867-4390-ade5-4286f6f539a0 c.m.m.s.i.c.CorrelationIdFilter - Request completed event="request_completed" correlationId="687e9981-a867-4390-ade5-4286f6f539a0" status="200"
[WebServer] 2026-09-05T11:03:17.267+08:00 INFO  application=marketops-server environment=local buildVersion=0.1.0-SNAPSHOT correlationId=bee7272d-362e-4acf-b237-f63142341563 c.m.m.a.i.a.JdbcMetadataAuditStore - Metadata change recorded event="metadata_change_recorded" sourceDomain="advertisingefficiency" entityType="advertising_queue" entityId="f5dd44bf-cc6d-4088-9d15-21c593d4c58b" action="READ" actorId="78f9f08d-cfe2-46a3-a7bb-25f08de045b9" correlationId="bee7272d-362e-4acf-b237-f63142341563"
[WebServer] 2026-09-05T11:03:17.277+08:00 INFO  application=marketops-server environment=local buildVersion=0.1.0-SNAPSHOT correlationId=abc360e4-3e44-442e-87a3-953ad1a1e74f c.m.m.a.i.a.JdbcMetadataAuditStore - Metadata change recorded event="metadata_change_recorded" sourceDomain="advertisingefficiency" entityType="advertising_orchestration" entityId="f5dd44bf-cc6d-4088-9d15-21c593d4c58b" action="READ" actorId="78f9f08d-cfe2-46a3-a7bb-25f08de045b9" correlationId="abc360e4-3e44-442e-87a3-953ad1a1e74f"
[WebServer] 2026-09-05T11:03:17.282+08:00 INFO  application=marketops-server environment=local buildVersion=0.1.0-SNAPSHOT correlationId=abc360e4-3e44-442e-87a3-953ad1a1e74f c.m.m.s.i.c.CorrelationIdFilter - Request completed event="request_completed" correlationId="abc360e4-3e44-442e-87a3-953ad1a1e74f" status="200"
[WebServer] 2026-09-05T11:03:17.321+08:00 INFO  application=marketops-server environment=local buildVersion=0.1.0-SNAPSHOT correlationId=bee7272d-362e-4acf-b237-f63142341563 c.m.m.s.i.c.CorrelationIdFilter - Request completed event="request_completed" correlationId="bee7272d-362e-4acf-b237-f63142341563" status="200"
[WebServer] 2026-09-05T11:03:17.323+08:00 INFO  application=marketops-server environment=local buildVersion=0.1.0-SNAPSHOT correlationId=4109ea06-82a6-4c4d-a6c4-b1b0a33ece56 c.m.m.s.i.c.CorrelationIdFilter - Request completed event="request_completed" correlationId="4109ea06-82a6-4c4d-a6c4-b1b0a33ece56" status="200"
[WebServer] 2026-09-05T11:03:17.482+08:00 INFO  application=marketops-server environment=local buildVersion=0.1.0-SNAPSHOT correlationId=9c3d5b05-fce1-4b3f-8def-8260512a1d5b c.m.m.a.i.a.JdbcMetadataAuditStore - Metadata change recorded event="metadata_change_recorded" sourceDomain="advertisingefficiency" entityType="advertising_case" entityId="bca8a5a5-f939-4580-bc20-e3abc50a5f33" action="READ" actorId="78f9f08d-cfe2-46a3-a7bb-25f08de045b9" correlationId="9c3d5b05-fce1-4b3f-8def-8260512a1d5b"
[WebServer] 2026-09-05T11:03:17.526+08:00 INFO  application=marketops-server environment=local buildVersion=0.1.0-SNAPSHOT correlationId=9c3d5b05-fce1-4b3f-8def-8260512a1d5b c.m.m.s.i.c.CorrelationIdFilter - Request completed event="request_completed" correlationId="9c3d5b05-fce1-4b3f-8def-8260512a1d5b" status="200"
[WebServer] 2026-09-05T11:03:17.583+08:00 INFO  application=marketops-server environment=local buildVersion=0.1.0-SNAPSHOT correlationId=b1601ebc-7652-4fa8-9b9f-b2ff04e6398e c.m.m.a.i.a.JdbcMetadataAuditStore - Metadata change recorded event="metadata_change_recorded" sourceDomain="advertisingefficiency" entityType="advertising_manual_packet" entityId="0c7e2c26-405f-4de5-a9b3-ab62c3a54b9d" action="READ" actorId="78f9f08d-cfe2-46a3-a7bb-25f08de045b9" correlationId="b1601ebc-7652-4fa8-9b9f-b2ff04e6398e"
[WebServer] 2026-09-05T11:03:17.588+08:00 INFO  application=marketops-server environment=local buildVersion=0.1.0-SNAPSHOT correlationId=b1601ebc-7652-4fa8-9b9f-b2ff04e6398e c.m.m.s.i.c.CorrelationIdFilter - Request completed event="request_completed" correlationId="b1601ebc-7652-4fa8-9b9f-b2ff04e6398e" status="200"
[WebServer] 2026-09-05T11:03:17.638+08:00 INFO  application=marketops-server environment=local buildVersion=0.1.0-SNAPSHOT correlationId=c58d0b8b-b59e-41df-a5c0-619436c71b2c c.m.m.s.i.c.CorrelationIdFilter - Request completed event="request_completed" correlationId="c58d0b8b-b59e-41df-a5c0-619436c71b2c" status="200"
[WebServer] 2026-09-05T11:03:17.684+08:00 INFO  application=marketops-server environment=local buildVersion=0.1.0-SNAPSHOT correlationId=423cba53-af12-4ac3-9f19-0eb03a83dc40 c.m.m.s.i.c.CorrelationIdFilter - Request completed event="request_completed" correlationId="423cba53-af12-4ac3-9f19-0eb03a83dc40" status="200"
[WebServer] 2026-09-05T11:03:17.791+08:00 INFO  application=marketops-server environment=local buildVersion=0.1.0-SNAPSHOT correlationId=3a985b1a-c4c8-4c37-ab32-9ead64af66c7 c.m.m.s.i.c.CorrelationIdFilter - Request completed event="request_completed" correlationId="3a985b1a-c4c8-4c37-ab32-9ead64af66c7" status="200"
[WebServer] 2026-09-05T11:03:17.988+08:00 INFO  application=marketops-server environment=local buildVersion=0.1.0-SNAPSHOT correlationId=ed3fde7c-b848-43e7-b800-d3a3fe8ff3e2 c.m.m.s.i.c.CorrelationIdFilter - Request completed event="request_completed" correlationId="ed3fde7c-b848-43e7-b800-d3a3fe8ff3e2" status="200"
[WebServer] 2026-09-05T11:03:18.363+08:00 INFO  application=marketops-server environment=local buildVersion=0.1.0-SNAPSHOT correlationId=953a4a35-49aa-4d8c-befb-8748339b8ae8 c.m.m.s.i.c.CorrelationIdFilter - Request completed event="request_completed" correlationId="953a4a35-49aa-4d8c-befb-8748339b8ae8" status="200"
[WebServer] 2026-09-05T11:03:18.537+08:00 INFO  application=marketops-server environment=local buildVersion=0.1.0-SNAPSHOT correlationId=f736d140-f1e1-4dac-b37c-7997b6158abe c.m.m.s.i.c.CorrelationIdFilter - Request completed event="request_completed" correlationId="f736d140-f1e1-4dac-b37c-7997b6158abe" status="200"
[WebServer] 2026-09-05T11:03:18.619+08:00 INFO  application=marketops-server environment=local buildVersion=0.1.0-SNAPSHOT correlationId=b118693d-9147-45d6-8de7-44a2b5cb3b69 c.m.m.s.i.c.CorrelationIdFilter - Request completed event="request_completed" correlationId="b118693d-9147-45d6-8de7-44a2b5cb3b69" status="200"
[WebServer] 2026-09-05T11:03:19.232+08:00 INFO  application=marketops-server environment=local buildVersion=0.1.0-SNAPSHOT correlationId=301dd61c-e638-460f-8bbf-191c1ee99445 c.m.m.s.i.c.CorrelationIdFilter - Request completed event="request_completed" correlationId="301dd61c-e638-460f-8bbf-191c1ee99445" status="200"
[WebServer] 2026-09-05T11:03:19.301+08:00 INFO  application=marketops-server environment=local buildVersion=0.1.0-SNAPSHOT correlationId=00b4697d-ccc6-4db4-9db5-31a2f0246499 c.m.m.s.i.c.CorrelationIdFilter - Request completed event="request_completed" correlationId="00b4697d-ccc6-4db4-9db5-31a2f0246499" status="200"
[WebServer] 2026-09-05T11:03:19.332+08:00 INFO  application=marketops-server environment=local buildVersion=0.1.0-SNAPSHOT correlationId=28e841c1-796e-408b-b8e8-5135211d3f76 c.m.m.s.i.c.CorrelationIdFilter - Request completed event="request_completed" correlationId="28e841c1-796e-408b-b8e8-5135211d3f76" status="200"
  ✓   6 tests/advertising-browser/governed-advertising.spec.ts:287:1 › three distinct people accept an exact temporary exception, block actions, and end it (5.0s)
[WebServer] 2026-09-05T11:03:20.117+08:00 INFO  application=marketops-server environment=local buildVersion=0.1.0-SNAPSHOT correlationId=1e1949d6-f9dd-4275-92c4-f546565e757e c.m.m.a.i.a.JdbcMetadataAuditStore - Metadata change recorded event="metadata_change_recorded" sourceDomain="advertisingefficiency" entityType="advertising_containments" entityId="cfe98e09-a975-4128-8790-34b8fb2b64c2" action="READ" actorId="fabf1f40-c04f-487d-a567-3d5d83c0b591" correlationId="1e1949d6-f9dd-4275-92c4-f546565e757e"
[WebServer] 2026-09-05T11:03:20.120+08:00 INFO  application=marketops-server environment=local buildVersion=0.1.0-SNAPSHOT correlationId=b5c3dec3-03c5-4c5d-9259-1efe53134417 c.m.m.a.i.a.JdbcMetadataAuditStore - Metadata change recorded event="metadata_change_recorded" sourceDomain="advertisingefficiency" entityType="advertising_reservations" entityId="cfe98e09-a975-4128-8790-34b8fb2b64c2" action="READ" actorId="fabf1f40-c04f-487d-a567-3d5d83c0b591" correlationId="b5c3dec3-03c5-4c5d-9259-1efe53134417"
[WebServer] 2026-09-05T11:03:20.121+08:00 INFO  application=marketops-server environment=local buildVersion=0.1.0-SNAPSHOT correlationId=95bfc75a-923c-41bf-9a5a-a469ccb97475 c.m.m.s.i.e.ConsoleProblemAdvice - Console request refused event="console_request_refused" errorCode="RESOURCE_NOT_FOUND" correlationId="95bfc75a-923c-41bf-9a5a-a469ccb97475"
[WebServer] 2026-09-05T11:03:20.121+08:00 INFO  application=marketops-server environment=local buildVersion=0.1.0-SNAPSHOT correlationId=95bfc75a-923c-41bf-9a5a-a469ccb97475 c.m.m.s.i.c.CorrelationIdFilter - Request completed event="request_completed" correlationId="95bfc75a-923c-41bf-9a5a-a469ccb97475" status="404"
[WebServer] 2026-09-05T11:03:20.122+08:00 INFO  application=marketops-server environment=local buildVersion=0.1.0-SNAPSHOT correlationId=b5c3dec3-03c5-4c5d-9259-1efe53134417 c.m.m.s.i.c.CorrelationIdFilter - Request completed event="request_completed" correlationId="b5c3dec3-03c5-4c5d-9259-1efe53134417" status="200"
[WebServer] 2026-09-05T11:03:20.123+08:00 INFO  application=marketops-server environment=local buildVersion=0.1.0-SNAPSHOT correlationId=5b769821-0da8-452b-b185-5e162df3ab23 c.m.m.s.i.e.ConsoleProblemAdvice - Console request refused event="console_request_refused" errorCode="RESOURCE_SCOPE_DENIED" correlationId="5b769821-0da8-452b-b185-5e162df3ab23"
[WebServer] 2026-09-05T11:03:20.124+08:00 INFO  application=marketops-server environment=local buildVersion=0.1.0-SNAPSHOT correlationId=5b769821-0da8-452b-b185-5e162df3ab23 c.m.m.s.i.c.CorrelationIdFilter - Request completed event="request_completed" correlationId="5b769821-0da8-452b-b185-5e162df3ab23" status="403"
[WebServer] 2026-09-05T11:03:20.125+08:00 INFO  application=marketops-server environment=local buildVersion=0.1.0-SNAPSHOT correlationId=d0a0c737-8e96-47de-9093-6421a52a5087 c.m.m.a.i.a.JdbcMetadataAuditStore - Metadata change recorded event="metadata_change_recorded" sourceDomain="availabilityrisk" entityType="availability_queue" entityId="cfe98e09-a975-4128-8790-34b8fb2b64c2" action="READ" actorId="fabf1f40-c04f-487d-a567-3d5d83c0b591" correlationId="d0a0c737-8e96-47de-9093-6421a52a5087"
[WebServer] 2026-09-05T11:03:20.128+08:00 INFO  application=marketops-server environment=local buildVersion=0.1.0-SNAPSHOT correlationId=d0a0c737-8e96-47de-9093-6421a52a5087 c.m.m.s.i.c.CorrelationIdFilter - Request completed event="request_completed" correlationId="d0a0c737-8e96-47de-9093-6421a52a5087" status="200"
[WebServer] 2026-09-05T11:03:20.133+08:00 INFO  application=marketops-server environment=local buildVersion=0.1.0-SNAPSHOT correlationId=1e1949d6-f9dd-4275-92c4-f546565e757e c.m.m.s.i.c.CorrelationIdFilter - Request completed event="request_completed" correlationId="1e1949d6-f9dd-4275-92c4-f546565e757e" status="200"
[WebServer] 2026-09-05T11:03:20.137+08:00 INFO  application=marketops-server environment=local buildVersion=0.1.0-SNAPSHOT correlationId=bcc49c69-959e-409e-ace0-dab4221a4b2c c.m.m.a.i.a.JdbcMetadataAuditStore - Metadata change recorded event="metadata_change_recorded" sourceDomain="advertisingefficiency" entityType="advertising_exposure" entityId="cfe98e09-a975-4128-8790-34b8fb2b64c2" action="READ" actorId="fabf1f40-c04f-487d-a567-3d5d83c0b591" correlationId="bcc49c69-959e-409e-ace0-dab4221a4b2c"
[WebServer] 2026-09-05T11:03:20.140+08:00 INFO  application=marketops-server environment=local buildVersion=0.1.0-SNAPSHOT correlationId=bcc49c69-959e-409e-ace0-dab4221a4b2c c.m.m.s.i.c.CorrelationIdFilter - Request completed event="request_completed" correlationId="bcc49c69-959e-409e-ace0-dab4221a4b2c" status="200"
[WebServer] 2026-09-05T11:03:20.143+08:00 INFO  application=marketops-server environment=local buildVersion=0.1.0-SNAPSHOT correlationId=713cf011-3a1b-4fda-80d9-5a5d24dd9d12 c.m.m.s.i.c.CorrelationIdFilter - Request completed event="request_completed" correlationId="713cf011-3a1b-4fda-80d9-5a5d24dd9d12" status="200"
[WebServer] 2026-09-05T11:03:20.162+08:00 INFO  application=marketops-server environment=local buildVersion=0.1.0-SNAPSHOT correlationId=dbb37f1f-76f0-47f6-8c6f-c1fc8db644cf c.m.m.s.i.e.ConsoleProblemAdvice - Console request refused event="console_request_refused" errorCode="RESOURCE_SCOPE_DENIED" correlationId="dbb37f1f-76f0-47f6-8c6f-c1fc8db644cf"
[WebServer] 2026-09-05T11:03:20.162+08:00 INFO  application=marketops-server environment=local buildVersion=0.1.0-SNAPSHOT correlationId=dbb37f1f-76f0-47f6-8c6f-c1fc8db644cf c.m.m.s.i.c.CorrelationIdFilter - Request completed event="request_completed" correlationId="dbb37f1f-76f0-47f6-8c6f-c1fc8db644cf" status="403"
[WebServer] 2026-09-05T11:03:20.172+08:00 INFO  application=marketops-server environment=local buildVersion=0.1.0-SNAPSHOT correlationId=efbb4074-76dd-4f6b-8e75-94357d4557ce c.m.m.a.i.a.JdbcMetadataAuditStore - Metadata change recorded event="metadata_change_recorded" sourceDomain="advertisingefficiency" entityType="advertising_queue" entityId="cfe98e09-a975-4128-8790-34b8fb2b64c2" action="READ" actorId="fabf1f40-c04f-487d-a567-3d5d83c0b591" correlationId="efbb4074-76dd-4f6b-8e75-94357d4557ce"
[WebServer] 2026-09-05T11:03:20.175+08:00 INFO  application=marketops-server environment=local buildVersion=0.1.0-SNAPSHOT correlationId=bada3db7-913e-4848-9cc5-8b34b94ed5be c.m.m.a.i.a.JdbcMetadataAuditStore - Metadata change recorded event="metadata_change_recorded" sourceDomain="advertisingefficiency" entityType="advertising_orchestration" entityId="cfe98e09-a975-4128-8790-34b8fb2b64c2" action="READ" actorId="fabf1f40-c04f-487d-a567-3d5d83c0b591" correlationId="bada3db7-913e-4848-9cc5-8b34b94ed5be"
[WebServer] 2026-09-05T11:03:20.178+08:00 INFO  application=marketops-server environment=local buildVersion=0.1.0-SNAPSHOT correlationId=bada3db7-913e-4848-9cc5-8b34b94ed5be c.m.m.s.i.c.CorrelationIdFilter - Request completed event="request_completed" correlationId="bada3db7-913e-4848-9cc5-8b34b94ed5be" status="200"
[WebServer] 2026-09-05T11:03:20.201+08:00 INFO  application=marketops-server environment=local buildVersion=0.1.0-SNAPSHOT correlationId=62b1e7fd-390e-4c14-bba1-8eb3a9ca3432 c.m.m.s.i.c.CorrelationIdFilter - Request completed event="request_completed" correlationId="62b1e7fd-390e-4c14-bba1-8eb3a9ca3432" status="200"
[WebServer] 2026-09-05T11:03:20.234+08:00 INFO  application=marketops-server environment=local buildVersion=0.1.0-SNAPSHOT correlationId=efbb4074-76dd-4f6b-8e75-94357d4557ce c.m.m.s.i.c.CorrelationIdFilter - Request completed event="request_completed" correlationId="efbb4074-76dd-4f6b-8e75-94357d4557ce" status="200"
[WebServer] 2026-09-05T11:03:20.369+08:00 INFO  application=marketops-server environment=local buildVersion=0.1.0-SNAPSHOT correlationId=e8ff50fe-16ae-490b-8743-76f795b6c24a c.m.m.a.i.a.JdbcMetadataAuditStore - Metadata change recorded event="metadata_change_recorded" sourceDomain="advertisingefficiency" entityType="advertising_case" entityId="d1674cee-4254-4ba5-8003-ae020d4878ef" action="READ" actorId="fabf1f40-c04f-487d-a567-3d5d83c0b591" correlationId="e8ff50fe-16ae-490b-8743-76f795b6c24a"
[WebServer] 2026-09-05T11:03:20.381+08:00 INFO  application=marketops-server environment=local buildVersion=0.1.0-SNAPSHOT correlationId=e8ff50fe-16ae-490b-8743-76f795b6c24a c.m.m.s.i.c.CorrelationIdFilter - Request completed event="request_completed" correlationId="e8ff50fe-16ae-490b-8743-76f795b6c24a" status="200"
[WebServer] 2026-09-05T11:03:20.409+08:00 INFO  application=marketops-server environment=local buildVersion=0.1.0-SNAPSHOT correlationId=9f2e1b7b-6078-4b3b-80bf-ca2cf3353f2c c.m.m.a.i.a.JdbcMetadataAuditStore - Metadata change recorded event="metadata_change_recorded" sourceDomain="advertisingefficiency" entityType="advertising_manual_packet" entityId="47d5e82b-2577-4a6b-a31b-e9f3a71c600f" action="READ" actorId="fabf1f40-c04f-487d-a567-3d5d83c0b591" correlationId="9f2e1b7b-6078-4b3b-80bf-ca2cf3353f2c"
[WebServer] 2026-09-05T11:03:20.410+08:00 INFO  application=marketops-server environment=local buildVersion=0.1.0-SNAPSHOT correlationId=9f2e1b7b-6078-4b3b-80bf-ca2cf3353f2c c.m.m.s.i.c.CorrelationIdFilter - Request completed event="request_completed" correlationId="9f2e1b7b-6078-4b3b-80bf-ca2cf3353f2c" status="200"
[WebServer] 2026-09-05T11:03:20.429+08:00 INFO  application=marketops-server environment=local buildVersion=0.1.0-SNAPSHOT correlationId=e4c67af3-da1e-4384-bb46-373eb0791f04 c.m.m.s.i.c.CorrelationIdFilter - Request completed event="request_completed" correlationId="e4c67af3-da1e-4384-bb46-373eb0791f04" status="200"
[WebServer] 2026-09-05T11:03:20.433+08:00 INFO  application=marketops-server environment=local buildVersion=0.1.0-SNAPSHOT correlationId=7ad84753-9b55-456b-96cc-ead50d21f340 c.m.m.s.i.c.CorrelationIdFilter - Request completed event="request_completed" correlationId="7ad84753-9b55-456b-96cc-ead50d21f340" status="200"
[WebServer] 2026-09-05T11:03:20.452+08:00 INFO  application=marketops-server environment=local buildVersion=0.1.0-SNAPSHOT correlationId=8363adc0-6237-419e-9329-5d6ca1ff4cae c.m.m.s.i.c.CorrelationIdFilter - Request completed event="request_completed" correlationId="8363adc0-6237-419e-9329-5d6ca1ff4cae" status="200"
[WebServer] 2026-09-05T11:03:20.629+08:00 INFO  application=marketops-server environment=local buildVersion=0.1.0-SNAPSHOT correlationId=06806e8c-435f-4391-a059-a4fc99966291 c.m.m.s.i.c.CorrelationIdFilter - Request completed event="request_completed" correlationId="06806e8c-435f-4391-a059-a4fc99966291" status="200"
[WebServer] 2026-09-05T11:03:20.688+08:00 INFO  application=marketops-server environment=local buildVersion=0.1.0-SNAPSHOT correlationId=f268761a-60e2-4e69-8e40-829e1b299782 c.m.m.a.i.a.JdbcMetadataAuditStore - Metadata change recorded event="metadata_change_recorded" sourceDomain="advertisingefficiency" entityType="advertising_reservations" entityId="cfe98e09-a975-4128-8790-34b8fb2b64c2" action="READ" actorId="fabf1f40-c04f-487d-a567-3d5d83c0b591" correlationId="f268761a-60e2-4e69-8e40-829e1b299782"
[WebServer] 2026-09-05T11:03:20.688+08:00 INFO  application=marketops-server environment=local buildVersion=0.1.0-SNAPSHOT correlationId=2fe062ff-97dd-44a4-9de3-d0cb021f178c c.m.m.s.i.e.ConsoleProblemAdvice - Console request refused event="console_request_refused" errorCode="RESOURCE_NOT_FOUND" correlationId="2fe062ff-97dd-44a4-9de3-d0cb021f178c"
[WebServer] 2026-09-05T11:03:20.688+08:00 INFO  application=marketops-server environment=local buildVersion=0.1.0-SNAPSHOT correlationId=2fe062ff-97dd-44a4-9de3-d0cb021f178c c.m.m.s.i.c.CorrelationIdFilter - Request completed event="request_completed" correlationId="2fe062ff-97dd-44a4-9de3-d0cb021f178c" status="404"
[WebServer] 2026-09-05T11:03:20.689+08:00 INFO  application=marketops-server environment=local buildVersion=0.1.0-SNAPSHOT correlationId=ab664bc7-3c46-4b90-87bc-39581ec5ede7 c.m.m.a.i.a.JdbcMetadataAuditStore - Metadata change recorded event="metadata_change_recorded" sourceDomain="advertisingefficiency" entityType="advertising_containments" entityId="cfe98e09-a975-4128-8790-34b8fb2b64c2" action="READ" actorId="fabf1f40-c04f-487d-a567-3d5d83c0b591" correlationId="ab664bc7-3c46-4b90-87bc-39581ec5ede7"
[WebServer] 2026-09-05T11:03:20.689+08:00 INFO  application=marketops-server environment=local buildVersion=0.1.0-SNAPSHOT correlationId=f268761a-60e2-4e69-8e40-829e1b299782 c.m.m.s.i.c.CorrelationIdFilter - Request completed event="request_completed" correlationId="f268761a-60e2-4e69-8e40-829e1b299782" status="200"
[WebServer] 2026-09-05T11:03:20.691+08:00 INFO  application=marketops-server environment=local buildVersion=0.1.0-SNAPSHOT correlationId=22ab78d2-8f69-417d-b483-7831ca1cb0ac c.m.m.s.i.e.ConsoleProblemAdvice - Console request refused event="console_request_refused" errorCode="RESOURCE_SCOPE_DENIED" correlationId="22ab78d2-8f69-417d-b483-7831ca1cb0ac"
[WebServer] 2026-09-05T11:03:20.692+08:00 INFO  application=marketops-server environment=local buildVersion=0.1.0-SNAPSHOT correlationId=22ab78d2-8f69-417d-b483-7831ca1cb0ac c.m.m.s.i.c.CorrelationIdFilter - Request completed event="request_completed" correlationId="22ab78d2-8f69-417d-b483-7831ca1cb0ac" status="403"
[WebServer] 2026-09-05T11:03:20.696+08:00 INFO  application=marketops-server environment=local buildVersion=0.1.0-SNAPSHOT correlationId=bac6be01-d38c-479c-bcf1-17654a5f069a c.m.m.a.i.a.JdbcMetadataAuditStore - Metadata change recorded event="metadata_change_recorded" sourceDomain="availabilityrisk" entityType="availability_queue" entityId="cfe98e09-a975-4128-8790-34b8fb2b64c2" action="READ" actorId="fabf1f40-c04f-487d-a567-3d5d83c0b591" correlationId="bac6be01-d38c-479c-bcf1-17654a5f069a"
[WebServer] 2026-09-05T11:03:20.696+08:00 INFO  application=marketops-server environment=local buildVersion=0.1.0-SNAPSHOT correlationId=d5a5a5f4-68c2-4ab2-87af-52be01238edf c.m.m.a.i.a.JdbcMetadataAuditStore - Metadata change recorded event="metadata_change_recorded" sourceDomain="advertisingefficiency" entityType="advertising_exposure" entityId="cfe98e09-a975-4128-8790-34b8fb2b64c2" action="READ" actorId="fabf1f40-c04f-487d-a567-3d5d83c0b591" correlationId="d5a5a5f4-68c2-4ab2-87af-52be01238edf"
[WebServer] 2026-09-05T11:03:20.697+08:00 INFO  application=marketops-server environment=local buildVersion=0.1.0-SNAPSHOT correlationId=bac6be01-d38c-479c-bcf1-17654a5f069a c.m.m.s.i.c.CorrelationIdFilter - Request completed event="request_completed" correlationId="bac6be01-d38c-479c-bcf1-17654a5f069a" status="200"
[WebServer] 2026-09-05T11:03:20.698+08:00 INFO  application=marketops-server environment=local buildVersion=0.1.0-SNAPSHOT correlationId=d5a5a5f4-68c2-4ab2-87af-52be01238edf c.m.m.s.i.c.CorrelationIdFilter - Request completed event="request_completed" correlationId="d5a5a5f4-68c2-4ab2-87af-52be01238edf" status="200"
[WebServer] 2026-09-05T11:03:20.702+08:00 INFO  application=marketops-server environment=local buildVersion=0.1.0-SNAPSHOT correlationId=ab664bc7-3c46-4b90-87bc-39581ec5ede7 c.m.m.s.i.c.CorrelationIdFilter - Request completed event="request_completed" correlationId="ab664bc7-3c46-4b90-87bc-39581ec5ede7" status="200"
[WebServer] 2026-09-05T11:03:20.702+08:00 INFO  application=marketops-server environment=local buildVersion=0.1.0-SNAPSHOT correlationId=476a2f7a-9c95-419c-b7db-59eca80cf3bc c.m.m.s.i.e.ConsoleProblemAdvice - Console request refused event="console_request_refused" errorCode="RESOURCE_SCOPE_DENIED" correlationId="476a2f7a-9c95-419c-b7db-59eca80cf3bc"
[WebServer] 2026-09-05T11:03:20.702+08:00 INFO  application=marketops-server environment=local buildVersion=0.1.0-SNAPSHOT correlationId=476a2f7a-9c95-419c-b7db-59eca80cf3bc c.m.m.s.i.c.CorrelationIdFilter - Request completed event="request_completed" correlationId="476a2f7a-9c95-419c-b7db-59eca80cf3bc" status="403"
[WebServer] 2026-09-05T11:03:20.708+08:00 INFO  application=marketops-server environment=local buildVersion=0.1.0-SNAPSHOT correlationId=ead42131-d294-4898-9e35-5efe1ed5d475 c.m.m.a.i.a.JdbcMetadataAuditStore - Metadata change recorded event="metadata_change_recorded" sourceDomain="advertisingefficiency" entityType="advertising_queue" entityId="cfe98e09-a975-4128-8790-34b8fb2b64c2" action="READ" actorId="fabf1f40-c04f-487d-a567-3d5d83c0b591" correlationId="ead42131-d294-4898-9e35-5efe1ed5d475"
[WebServer] 2026-09-05T11:03:20.716+08:00 INFO  application=marketops-server environment=local buildVersion=0.1.0-SNAPSHOT correlationId=ebbd4cac-7ad0-48d1-bd09-04863c379012 c.m.m.a.i.a.JdbcMetadataAuditStore - Metadata change recorded event="metadata_change_recorded" sourceDomain="advertisingefficiency" entityType="advertising_orchestration" entityId="cfe98e09-a975-4128-8790-34b8fb2b64c2" action="READ" actorId="fabf1f40-c04f-487d-a567-3d5d83c0b591" correlationId="ebbd4cac-7ad0-48d1-bd09-04863c379012"
[WebServer] 2026-09-05T11:03:20.717+08:00 INFO  application=marketops-server environment=local buildVersion=0.1.0-SNAPSHOT correlationId=ebbd4cac-7ad0-48d1-bd09-04863c379012 c.m.m.s.i.c.CorrelationIdFilter - Request completed event="request_completed" correlationId="ebbd4cac-7ad0-48d1-bd09-04863c379012" status="200"
[WebServer] 2026-09-05T11:03:20.754+08:00 INFO  application=marketops-server environment=local buildVersion=0.1.0-SNAPSHOT correlationId=ead42131-d294-4898-9e35-5efe1ed5d475 c.m.m.s.i.c.CorrelationIdFilter - Request completed event="request_completed" correlationId="ead42131-d294-4898-9e35-5efe1ed5d475" status="200"
[WebServer] 2026-09-05T11:03:21.012+08:00 INFO  application=marketops-server environment=local buildVersion=0.1.0-SNAPSHOT correlationId=d56613d9-5971-4b8c-8509-7678b2664188 c.m.m.s.i.c.CorrelationIdFilter - Request completed event="request_completed" correlationId="d56613d9-5971-4b8c-8509-7678b2664188" status="200"
[WebServer] 2026-09-05T11:03:21.035+08:00 INFO  application=marketops-server environment=local buildVersion=0.1.0-SNAPSHOT correlationId=819fcf36-c65e-4aa5-bbf7-9b3798694e12 c.m.m.a.i.a.JdbcMetadataAuditStore - Metadata change recorded event="metadata_change_recorded" sourceDomain="advertisingefficiency" entityType="advertising_reservations" entityId="cfe98e09-a975-4128-8790-34b8fb2b64c2" action="READ" actorId="49d945ed-8895-4eb2-9c5b-bc281c675234" correlationId="819fcf36-c65e-4aa5-bbf7-9b3798694e12"
[WebServer] 2026-09-05T11:03:21.036+08:00 INFO  application=marketops-server environment=local buildVersion=0.1.0-SNAPSHOT correlationId=dc385bea-80cb-428a-848a-d55e66efab2e c.m.m.a.i.a.JdbcMetadataAuditStore - Metadata change recorded event="metadata_change_recorded" sourceDomain="advertisingefficiency" entityType="advertising_containments" entityId="cfe98e09-a975-4128-8790-34b8fb2b64c2" action="READ" actorId="49d945ed-8895-4eb2-9c5b-bc281c675234" correlationId="dc385bea-80cb-428a-848a-d55e66efab2e"
[WebServer] 2026-09-05T11:03:21.036+08:00 INFO  application=marketops-server environment=local buildVersion=0.1.0-SNAPSHOT correlationId=1abbc858-16a9-46e9-9de6-bd6db4c5f0df c.m.m.s.i.e.ConsoleProblemAdvice - Console request refused event="console_request_refused" errorCode="RESOURCE_NOT_FOUND" correlationId="1abbc858-16a9-46e9-9de6-bd6db4c5f0df"
[WebServer] 2026-09-05T11:03:21.038+08:00 INFO  application=marketops-server environment=local buildVersion=0.1.0-SNAPSHOT correlationId=1abbc858-16a9-46e9-9de6-bd6db4c5f0df c.m.m.s.i.c.CorrelationIdFilter - Request completed event="request_completed" correlationId="1abbc858-16a9-46e9-9de6-bd6db4c5f0df" status="404"
[WebServer] 2026-09-05T11:03:21.040+08:00 INFO  application=marketops-server environment=local buildVersion=0.1.0-SNAPSHOT correlationId=44fe9da9-1c76-4e93-917a-f39526c804d5 c.m.m.s.i.e.ConsoleProblemAdvice - Console request refused event="console_request_refused" errorCode="RESOURCE_SCOPE_DENIED" correlationId="44fe9da9-1c76-4e93-917a-f39526c804d5"
[WebServer] 2026-09-05T11:03:21.040+08:00 INFO  application=marketops-server environment=local buildVersion=0.1.0-SNAPSHOT correlationId=819fcf36-c65e-4aa5-bbf7-9b3798694e12 c.m.m.s.i.c.CorrelationIdFilter - Request completed event="request_completed" correlationId="819fcf36-c65e-4aa5-bbf7-9b3798694e12" status="200"
[WebServer] 2026-09-05T11:03:21.041+08:00 INFO  application=marketops-server environment=local buildVersion=0.1.0-SNAPSHOT correlationId=44fe9da9-1c76-4e93-917a-f39526c804d5 c.m.m.s.i.c.CorrelationIdFilter - Request completed event="request_completed" correlationId="44fe9da9-1c76-4e93-917a-f39526c804d5" status="403"
[WebServer] 2026-09-05T11:03:21.047+08:00 INFO  application=marketops-server environment=local buildVersion=0.1.0-SNAPSHOT correlationId=8939fb86-6bcd-4b20-bf4b-49dcb24239d0 c.m.m.a.i.a.JdbcMetadataAuditStore - Metadata change recorded event="metadata_change_recorded" sourceDomain="availabilityrisk" entityType="availability_queue" entityId="cfe98e09-a975-4128-8790-34b8fb2b64c2" action="READ" actorId="49d945ed-8895-4eb2-9c5b-bc281c675234" correlationId="8939fb86-6bcd-4b20-bf4b-49dcb24239d0"
[WebServer] 2026-09-05T11:03:21.050+08:00 INFO  application=marketops-server environment=local buildVersion=0.1.0-SNAPSHOT correlationId=8939fb86-6bcd-4b20-bf4b-49dcb24239d0 c.m.m.s.i.c.CorrelationIdFilter - Request completed event="request_completed" correlationId="8939fb86-6bcd-4b20-bf4b-49dcb24239d0" status="200"
[WebServer] 2026-09-05T11:03:21.056+08:00 INFO  application=marketops-server environment=local buildVersion=0.1.0-SNAPSHOT correlationId=fe4b7852-1be4-4ef1-b300-80a50dc35cbd c.m.m.a.i.a.JdbcMetadataAuditStore - Metadata change recorded event="metadata_change_recorded" sourceDomain="advertisingefficiency" entityType="advertising_exposure" entityId="cfe98e09-a975-4128-8790-34b8fb2b64c2" action="READ" actorId="49d945ed-8895-4eb2-9c5b-bc281c675234" correlationId="fe4b7852-1be4-4ef1-b300-80a50dc35cbd"
[WebServer] 2026-09-05T11:03:21.058+08:00 INFO  application=marketops-server environment=local buildVersion=0.1.0-SNAPSHOT correlationId=fe4b7852-1be4-4ef1-b300-80a50dc35cbd c.m.m.s.i.c.CorrelationIdFilter - Request completed event="request_completed" correlationId="fe4b7852-1be4-4ef1-b300-80a50dc35cbd" status="200"
[WebServer] 2026-09-05T11:03:21.059+08:00 INFO  application=marketops-server environment=local buildVersion=0.1.0-SNAPSHOT correlationId=dc385bea-80cb-428a-848a-d55e66efab2e c.m.m.s.i.c.CorrelationIdFilter - Request completed event="request_completed" correlationId="dc385bea-80cb-428a-848a-d55e66efab2e" status="200"
[WebServer] 2026-09-05T11:03:21.060+08:00 INFO  application=marketops-server environment=local buildVersion=0.1.0-SNAPSHOT correlationId=5d93b5e3-dd2a-4f0c-a200-24e1491fb441 c.m.m.s.i.e.ConsoleProblemAdvice - Console request refused event="console_request_refused" errorCode="RESOURCE_SCOPE_DENIED" correlationId="5d93b5e3-dd2a-4f0c-a200-24e1491fb441"
[WebServer] 2026-09-05T11:03:21.060+08:00 INFO  application=marketops-server environment=local buildVersion=0.1.0-SNAPSHOT correlationId=5d93b5e3-dd2a-4f0c-a200-24e1491fb441 c.m.m.s.i.c.CorrelationIdFilter - Request completed event="request_completed" correlationId="5d93b5e3-dd2a-4f0c-a200-24e1491fb441" status="403"
[WebServer] 2026-09-05T11:03:21.068+08:00 INFO  application=marketops-server environment=local buildVersion=0.1.0-SNAPSHOT correlationId=cb0c57ba-131d-4ab4-9a6a-ab584dfcaba7 c.m.m.a.i.a.JdbcMetadataAuditStore - Metadata change recorded event="metadata_change_recorded" sourceDomain="advertisingefficiency" entityType="advertising_queue" entityId="cfe98e09-a975-4128-8790-34b8fb2b64c2" action="READ" actorId="49d945ed-8895-4eb2-9c5b-bc281c675234" correlationId="cb0c57ba-131d-4ab4-9a6a-ab584dfcaba7"
[WebServer] 2026-09-05T11:03:21.083+08:00 INFO  application=marketops-server environment=local buildVersion=0.1.0-SNAPSHOT correlationId=ea719eaf-546c-4cc4-ba91-68cca42d7e57 c.m.m.a.i.a.JdbcMetadataAuditStore - Metadata change recorded event="metadata_change_recorded" sourceDomain="advertisingefficiency" entityType="advertising_orchestration" entityId="cfe98e09-a975-4128-8790-34b8fb2b64c2" action="READ" actorId="49d945ed-8895-4eb2-9c5b-bc281c675234" correlationId="ea719eaf-546c-4cc4-ba91-68cca42d7e57"
[WebServer] 2026-09-05T11:03:21.084+08:00 INFO  application=marketops-server environment=local buildVersion=0.1.0-SNAPSHOT correlationId=ea719eaf-546c-4cc4-ba91-68cca42d7e57 c.m.m.s.i.c.CorrelationIdFilter - Request completed event="request_completed" correlationId="ea719eaf-546c-4cc4-ba91-68cca42d7e57" status="200"
[WebServer] 2026-09-05T11:03:21.114+08:00 INFO  application=marketops-server environment=local buildVersion=0.1.0-SNAPSHOT correlationId=b4ca6c1e-dd10-4074-abbb-a76e62d562cc c.m.m.s.i.c.CorrelationIdFilter - Request completed event="request_completed" correlationId="b4ca6c1e-dd10-4074-abbb-a76e62d562cc" status="200"
[WebServer] 2026-09-05T11:03:21.139+08:00 INFO  application=marketops-server environment=local buildVersion=0.1.0-SNAPSHOT correlationId=cb0c57ba-131d-4ab4-9a6a-ab584dfcaba7 c.m.m.s.i.c.CorrelationIdFilter - Request completed event="request_completed" correlationId="cb0c57ba-131d-4ab4-9a6a-ab584dfcaba7" status="200"
[WebServer] 2026-09-05T11:03:21.228+08:00 INFO  application=marketops-server environment=local buildVersion=0.1.0-SNAPSHOT correlationId=06836b99-5899-4449-be29-2f9098c12189 c.m.m.a.i.a.JdbcMetadataAuditStore - Metadata change recorded event="metadata_change_recorded" sourceDomain="advertisingefficiency" entityType="advertising_case" entityId="d1674cee-4254-4ba5-8003-ae020d4878ef" action="READ" actorId="49d945ed-8895-4eb2-9c5b-bc281c675234" correlationId="06836b99-5899-4449-be29-2f9098c12189"
[WebServer] 2026-09-05T11:03:21.251+08:00 INFO  application=marketops-server environment=local buildVersion=0.1.0-SNAPSHOT correlationId=06836b99-5899-4449-be29-2f9098c12189 c.m.m.s.i.c.CorrelationIdFilter - Request completed event="request_completed" correlationId="06836b99-5899-4449-be29-2f9098c12189" status="200"
[WebServer] 2026-09-05T11:03:21.286+08:00 INFO  application=marketops-server environment=local buildVersion=0.1.0-SNAPSHOT correlationId=5b4f1736-149c-4ff6-b7a4-054ce4bc3eb7 c.m.m.a.i.a.JdbcMetadataAuditStore - Metadata change recorded event="metadata_change_recorded" sourceDomain="advertisingefficiency" entityType="advertising_manual_packet" entityId="47d5e82b-2577-4a6b-a31b-e9f3a71c600f" action="READ" actorId="49d945ed-8895-4eb2-9c5b-bc281c675234" correlationId="5b4f1736-149c-4ff6-b7a4-054ce4bc3eb7"
[WebServer] 2026-09-05T11:03:21.287+08:00 INFO  application=marketops-server environment=local buildVersion=0.1.0-SNAPSHOT correlationId=5b4f1736-149c-4ff6-b7a4-054ce4bc3eb7 c.m.m.s.i.c.CorrelationIdFilter - Request completed event="request_completed" correlationId="5b4f1736-149c-4ff6-b7a4-054ce4bc3eb7" status="200"
[WebServer] 2026-09-05T11:03:21.326+08:00 INFO  application=marketops-server environment=local buildVersion=0.1.0-SNAPSHOT correlationId=aa673ba1-b24b-43d4-9956-3e8916ffc990 c.m.m.s.i.c.CorrelationIdFilter - Request completed event="request_completed" correlationId="aa673ba1-b24b-43d4-9956-3e8916ffc990" status="200"
[WebServer] 2026-09-05T11:03:21.340+08:00 INFO  application=marketops-server environment=local buildVersion=0.1.0-SNAPSHOT correlationId=0b3eab11-bd32-429a-b2b6-87732c663e91 c.m.m.s.i.c.CorrelationIdFilter - Request completed event="request_completed" correlationId="0b3eab11-bd32-429a-b2b6-87732c663e91" status="200"
[WebServer] 2026-09-05T11:03:21.365+08:00 INFO  application=marketops-server environment=local buildVersion=0.1.0-SNAPSHOT correlationId=2b918b93-4b19-4a1e-bc1b-2e5674b1d22a c.m.m.s.i.c.CorrelationIdFilter - Request completed event="request_completed" correlationId="2b918b93-4b19-4a1e-bc1b-2e5674b1d22a" status="200"
[WebServer] 2026-09-05T11:03:21.462+08:00 INFO  application=marketops-server environment=local buildVersion=0.1.0-SNAPSHOT correlationId=5cf00d34-7c3a-420e-825c-6bbcdb75c381 c.m.m.s.i.e.ConsoleProblemAdvice - Console request refused event="console_request_refused" errorCode="RESOURCE_NOT_FOUND" correlationId="5cf00d34-7c3a-420e-825c-6bbcdb75c381"
[WebServer] 2026-09-05T11:03:21.463+08:00 INFO  application=marketops-server environment=local buildVersion=0.1.0-SNAPSHOT correlationId=1277618f-84c8-403b-93ae-8d571e953f18 c.m.m.a.i.a.JdbcMetadataAuditStore - Metadata change recorded event="metadata_change_recorded" sourceDomain="advertisingefficiency" entityType="advertising_reservations" entityId="cfe98e09-a975-4128-8790-34b8fb2b64c2" action="READ" actorId="49d945ed-8895-4eb2-9c5b-bc281c675234" correlationId="1277618f-84c8-403b-93ae-8d571e953f18"
[WebServer] 2026-09-05T11:03:21.463+08:00 INFO  application=marketops-server environment=local buildVersion=0.1.0-SNAPSHOT correlationId=5cf00d34-7c3a-420e-825c-6bbcdb75c381 c.m.m.s.i.c.CorrelationIdFilter - Request completed event="request_completed" correlationId="5cf00d34-7c3a-420e-825c-6bbcdb75c381" status="404"
[WebServer] 2026-09-05T11:03:21.464+08:00 INFO  application=marketops-server environment=local buildVersion=0.1.0-SNAPSHOT correlationId=1277618f-84c8-403b-93ae-8d571e953f18 c.m.m.s.i.c.CorrelationIdFilter - Request completed event="request_completed" correlationId="1277618f-84c8-403b-93ae-8d571e953f18" status="200"
[WebServer] 2026-09-05T11:03:21.465+08:00 INFO  application=marketops-server environment=local buildVersion=0.1.0-SNAPSHOT correlationId=3e6a12d8-abca-49cf-8e3d-6b51d3460477 c.m.m.s.i.e.ConsoleProblemAdvice - Console request refused event="console_request_refused" errorCode="RESOURCE_SCOPE_DENIED" correlationId="3e6a12d8-abca-49cf-8e3d-6b51d3460477"
[WebServer] 2026-09-05T11:03:21.465+08:00 INFO  application=marketops-server environment=local buildVersion=0.1.0-SNAPSHOT correlationId=3e6a12d8-abca-49cf-8e3d-6b51d3460477 c.m.m.s.i.c.CorrelationIdFilter - Request completed event="request_completed" correlationId="3e6a12d8-abca-49cf-8e3d-6b51d3460477" status="403"
[WebServer] 2026-09-05T11:03:21.467+08:00 INFO  application=marketops-server environment=local buildVersion=0.1.0-SNAPSHOT correlationId=3b9559f8-2c86-4046-a35f-28b5dac2f5d8 c.m.m.a.i.a.JdbcMetadataAuditStore - Metadata change recorded event="metadata_change_recorded" sourceDomain="availabilityrisk" entityType="availability_queue" entityId="cfe98e09-a975-4128-8790-34b8fb2b64c2" action="READ" actorId="49d945ed-8895-4eb2-9c5b-bc281c675234" correlationId="3b9559f8-2c86-4046-a35f-28b5dac2f5d8"
[WebServer] 2026-09-05T11:03:21.467+08:00 INFO  application=marketops-server environment=local buildVersion=0.1.0-SNAPSHOT correlationId=7232861f-ffd7-4175-a0f0-3a54729d6ccf c.m.m.a.i.a.JdbcMetadataAuditStore - Metadata change recorded event="metadata_change_recorded" sourceDomain="advertisingefficiency" entityType="advertising_containments" entityId="cfe98e09-a975-4128-8790-34b8fb2b64c2" action="READ" actorId="49d945ed-8895-4eb2-9c5b-bc281c675234" correlationId="7232861f-ffd7-4175-a0f0-3a54729d6ccf"
[WebServer] 2026-09-05T11:03:21.469+08:00 INFO  application=marketops-server environment=local buildVersion=0.1.0-SNAPSHOT correlationId=3b9559f8-2c86-4046-a35f-28b5dac2f5d8 c.m.m.s.i.c.CorrelationIdFilter - Request completed event="request_completed" correlationId="3b9559f8-2c86-4046-a35f-28b5dac2f5d8" status="200"
[WebServer] 2026-09-05T11:03:21.477+08:00 INFO  application=marketops-server environment=local buildVersion=0.1.0-SNAPSHOT correlationId=ec48947c-df42-496d-a992-900a6faa8fae c.m.m.a.i.a.JdbcMetadataAuditStore - Metadata change recorded event="metadata_change_recorded" sourceDomain="advertisingefficiency" entityType="advertising_exposure" entityId="cfe98e09-a975-4128-8790-34b8fb2b64c2" action="READ" actorId="49d945ed-8895-4eb2-9c5b-bc281c675234" correlationId="ec48947c-df42-496d-a992-900a6faa8fae"
[WebServer] 2026-09-05T11:03:21.478+08:00 INFO  application=marketops-server environment=local buildVersion=0.1.0-SNAPSHOT correlationId=ec48947c-df42-496d-a992-900a6faa8fae c.m.m.s.i.c.CorrelationIdFilter - Request completed event="request_completed" correlationId="ec48947c-df42-496d-a992-900a6faa8fae" status="200"
[WebServer] 2026-09-05T11:03:21.480+08:00 INFO  application=marketops-server environment=local buildVersion=0.1.0-SNAPSHOT correlationId=97fff873-f326-48bb-a230-7384b0354b6b c.m.m.s.i.e.ConsoleProblemAdvice - Console request refused event="console_request_refused" errorCode="RESOURCE_SCOPE_DENIED" correlationId="97fff873-f326-48bb-a230-7384b0354b6b"
[WebServer] 2026-09-05T11:03:21.481+08:00 INFO  application=marketops-server environment=local buildVersion=0.1.0-SNAPSHOT correlationId=97fff873-f326-48bb-a230-7384b0354b6b c.m.m.s.i.c.CorrelationIdFilter - Request completed event="request_completed" correlationId="97fff873-f326-48bb-a230-7384b0354b6b" status="403"
[WebServer] 2026-09-05T11:03:21.484+08:00 INFO  application=marketops-server environment=local buildVersion=0.1.0-SNAPSHOT correlationId=7232861f-ffd7-4175-a0f0-3a54729d6ccf c.m.m.s.i.c.CorrelationIdFilter - Request completed event="request_completed" correlationId="7232861f-ffd7-4175-a0f0-3a54729d6ccf" status="200"
[WebServer] 2026-09-05T11:03:21.486+08:00 INFO  application=marketops-server environment=local buildVersion=0.1.0-SNAPSHOT correlationId=8237153f-fbb3-48ac-8e77-a223408e7255 c.m.m.a.i.a.JdbcMetadataAuditStore - Metadata change recorded event="metadata_change_recorded" sourceDomain="advertisingefficiency" entityType="advertising_queue" entityId="cfe98e09-a975-4128-8790-34b8fb2b64c2" action="READ" actorId="49d945ed-8895-4eb2-9c5b-bc281c675234" correlationId="8237153f-fbb3-48ac-8e77-a223408e7255"
[WebServer] 2026-09-05T11:03:21.494+08:00 INFO  application=marketops-server environment=local buildVersion=0.1.0-SNAPSHOT correlationId=127457f3-4669-4d40-bac6-f7c892d5a286 c.m.m.a.i.a.JdbcMetadataAuditStore - Metadata change recorded event="metadata_change_recorded" sourceDomain="advertisingefficiency" entityType="advertising_orchestration" entityId="cfe98e09-a975-4128-8790-34b8fb2b64c2" action="READ" actorId="49d945ed-8895-4eb2-9c5b-bc281c675234" correlationId="127457f3-4669-4d40-bac6-f7c892d5a286"
[WebServer] 2026-09-05T11:03:21.495+08:00 INFO  application=marketops-server environment=local buildVersion=0.1.0-SNAPSHOT correlationId=127457f3-4669-4d40-bac6-f7c892d5a286 c.m.m.s.i.c.CorrelationIdFilter - Request completed event="request_completed" correlationId="127457f3-4669-4d40-bac6-f7c892d5a286" status="200"
[WebServer] 2026-09-05T11:03:21.535+08:00 INFO  application=marketops-server environment=local buildVersion=0.1.0-SNAPSHOT correlationId=8237153f-fbb3-48ac-8e77-a223408e7255 c.m.m.s.i.c.CorrelationIdFilter - Request completed event="request_completed" correlationId="8237153f-fbb3-48ac-8e77-a223408e7255" status="200"
[WebServer] 2026-09-05T11:03:21.594+08:00 INFO  application=marketops-server environment=local buildVersion=0.1.0-SNAPSHOT correlationId=b5eac873-ebb1-4592-a92d-97d96e7ff449 c.m.m.s.i.c.CorrelationIdFilter - Request completed event="request_completed" correlationId="b5eac873-ebb1-4592-a92d-97d96e7ff449" status="200"
[WebServer] 2026-09-05T11:03:21.605+08:00 INFO  application=marketops-server environment=local buildVersion=0.1.0-SNAPSHOT correlationId=c03b4766-b78f-4af4-b957-83b0ba129f90 c.m.m.a.i.a.JdbcMetadataAuditStore - Metadata change recorded event="metadata_change_recorded" sourceDomain="advertisingefficiency" entityType="advertising_reservations" entityId="cfe98e09-a975-4128-8790-34b8fb2b64c2" action="READ" actorId="49d945ed-8895-4eb2-9c5b-bc281c675234" correlationId="c03b4766-b78f-4af4-b957-83b0ba129f90"
[WebServer] 2026-09-05T11:03:21.606+08:00 INFO  application=marketops-server environment=local buildVersion=0.1.0-SNAPSHOT correlationId=e55bfc9d-2f3b-45c9-b4d3-2a81b16e136d c.m.m.a.i.a.JdbcMetadataAuditStore - Metadata change recorded event="metadata_change_recorded" sourceDomain="advertisingefficiency" entityType="advertising_containments" entityId="cfe98e09-a975-4128-8790-34b8fb2b64c2" action="READ" actorId="49d945ed-8895-4eb2-9c5b-bc281c675234" correlationId="e55bfc9d-2f3b-45c9-b4d3-2a81b16e136d"
[WebServer] 2026-09-05T11:03:21.607+08:00 INFO  application=marketops-server environment=local buildVersion=0.1.0-SNAPSHOT correlationId=c03b4766-b78f-4af4-b957-83b0ba129f90 c.m.m.s.i.c.CorrelationIdFilter - Request completed event="request_completed" correlationId="c03b4766-b78f-4af4-b957-83b0ba129f90" status="200"
[WebServer] 2026-09-05T11:03:21.613+08:00 INFO  application=marketops-server environment=local buildVersion=0.1.0-SNAPSHOT correlationId=de4460ec-54a8-473e-b4de-3b3519f68834 c.m.m.a.i.a.JdbcMetadataAuditStore - Metadata change recorded event="metadata_change_recorded" sourceDomain="advertisingefficiency" entityType="advertising_exposure" entityId="cfe98e09-a975-4128-8790-34b8fb2b64c2" action="READ" actorId="49d945ed-8895-4eb2-9c5b-bc281c675234" correlationId="de4460ec-54a8-473e-b4de-3b3519f68834"
[WebServer] 2026-09-05T11:03:21.614+08:00 INFO  application=marketops-server environment=local buildVersion=0.1.0-SNAPSHOT correlationId=de4460ec-54a8-473e-b4de-3b3519f68834 c.m.m.s.i.c.CorrelationIdFilter - Request completed event="request_completed" correlationId="de4460ec-54a8-473e-b4de-3b3519f68834" status="200"
[WebServer] 2026-09-05T11:03:21.615+08:00 INFO  application=marketops-server environment=local buildVersion=0.1.0-SNAPSHOT correlationId=e55bfc9d-2f3b-45c9-b4d3-2a81b16e136d c.m.m.s.i.c.CorrelationIdFilter - Request completed event="request_completed" correlationId="e55bfc9d-2f3b-45c9-b4d3-2a81b16e136d" status="200"
  ✓   7 tests/advertising-browser/governed-advertising.spec.ts:346:1 › scoped emergency hold remains active until independent recovery conditions are established (2.1s)
[WebServer] 2026-09-05T11:03:22.143+08:00 INFO  application=marketops-server environment=local buildVersion=0.1.0-SNAPSHOT correlationId=6b8f2712-1003-4ee3-a26f-8e7428b793ae c.m.m.s.i.c.CorrelationIdFilter - Request completed event="request_completed" correlationId="6b8f2712-1003-4ee3-a26f-8e7428b793ae" status="200"
[WebServer] 2026-09-05T11:03:22.151+08:00 INFO  application=marketops-server environment=local buildVersion=0.1.0-SNAPSHOT correlationId=e154cbb7-75f0-4b96-a212-580317b77763 c.m.m.s.i.e.ConsoleProblemAdvice - Console request refused event="console_request_refused" errorCode="RESOURCE_SCOPE_DENIED" correlationId="e154cbb7-75f0-4b96-a212-580317b77763"
[WebServer] 2026-09-05T11:03:22.151+08:00 INFO  application=marketops-server environment=local buildVersion=0.1.0-SNAPSHOT correlationId=e154cbb7-75f0-4b96-a212-580317b77763 c.m.m.s.i.c.CorrelationIdFilter - Request completed event="request_completed" correlationId="e154cbb7-75f0-4b96-a212-580317b77763" status="403"
[WebServer] 2026-09-05T11:03:22.154+08:00 INFO  application=marketops-server environment=local buildVersion=0.1.0-SNAPSHOT correlationId=dd118ea8-10b2-42ec-9332-375630965bc9 c.m.m.a.i.a.JdbcMetadataAuditStore - Metadata change recorded event="metadata_change_recorded" sourceDomain="advertisingefficiency" entityType="advertising_reservations" entityId="b63655bc-b0c7-45e1-8c65-d6f7bf2fe670" action="READ" actorId="a556cef6-23c4-4c5e-a6c5-ed22757d4ebe" correlationId="dd118ea8-10b2-42ec-9332-375630965bc9"
[WebServer] 2026-09-05T11:03:22.158+08:00 INFO  application=marketops-server environment=local buildVersion=0.1.0-SNAPSHOT correlationId=9d0bcf30-7355-4f53-a1a9-91b1c0523e4d c.m.m.s.i.e.ConsoleProblemAdvice - Console request refused event="console_request_refused" errorCode="RESOURCE_NOT_FOUND" correlationId="9d0bcf30-7355-4f53-a1a9-91b1c0523e4d"
[WebServer] 2026-09-05T11:03:22.159+08:00 INFO  application=marketops-server environment=local buildVersion=0.1.0-SNAPSHOT correlationId=9d0bcf30-7355-4f53-a1a9-91b1c0523e4d c.m.m.s.i.c.CorrelationIdFilter - Request completed event="request_completed" correlationId="9d0bcf30-7355-4f53-a1a9-91b1c0523e4d" status="404"
[WebServer] 2026-09-05T11:03:22.161+08:00 INFO  application=marketops-server environment=local buildVersion=0.1.0-SNAPSHOT correlationId=6aa214ed-5430-4468-a461-a4aa78d5cc5c c.m.m.a.i.a.JdbcMetadataAuditStore - Metadata change recorded event="metadata_change_recorded" sourceDomain="availabilityrisk" entityType="availability_queue" entityId="b63655bc-b0c7-45e1-8c65-d6f7bf2fe670" action="READ" actorId="a556cef6-23c4-4c5e-a6c5-ed22757d4ebe" correlationId="6aa214ed-5430-4468-a461-a4aa78d5cc5c"
[WebServer] 2026-09-05T11:03:22.162+08:00 INFO  application=marketops-server environment=local buildVersion=0.1.0-SNAPSHOT correlationId=7830569f-24e6-4113-b405-666603383731 c.m.m.a.i.a.JdbcMetadataAuditStore - Metadata change recorded event="metadata_change_recorded" sourceDomain="advertisingefficiency" entityType="advertising_containments" entityId="b63655bc-b0c7-45e1-8c65-d6f7bf2fe670" action="READ" actorId="a556cef6-23c4-4c5e-a6c5-ed22757d4ebe" correlationId="7830569f-24e6-4113-b405-666603383731"
[WebServer] 2026-09-05T11:03:22.163+08:00 INFO  application=marketops-server environment=local buildVersion=0.1.0-SNAPSHOT correlationId=6aa214ed-5430-4468-a461-a4aa78d5cc5c c.m.m.s.i.c.CorrelationIdFilter - Request completed event="request_completed" correlationId="6aa214ed-5430-4468-a461-a4aa78d5cc5c" status="200"
[WebServer] 2026-09-05T11:03:22.166+08:00 INFO  application=marketops-server environment=local buildVersion=0.1.0-SNAPSHOT correlationId=2021b569-f96b-4623-bf23-631b8568ffbe c.m.m.a.i.a.JdbcMetadataAuditStore - Metadata change recorded event="metadata_change_recorded" sourceDomain="advertisingefficiency" entityType="advertising_exposure" entityId="b63655bc-b0c7-45e1-8c65-d6f7bf2fe670" action="READ" actorId="a556cef6-23c4-4c5e-a6c5-ed22757d4ebe" correlationId="2021b569-f96b-4623-bf23-631b8568ffbe"
[WebServer] 2026-09-05T11:03:22.169+08:00 INFO  application=marketops-server environment=local buildVersion=0.1.0-SNAPSHOT correlationId=2021b569-f96b-4623-bf23-631b8568ffbe c.m.m.s.i.c.CorrelationIdFilter - Request completed event="request_completed" correlationId="2021b569-f96b-4623-bf23-631b8568ffbe" status="200"
[WebServer] 2026-09-05T11:03:22.178+08:00 INFO  application=marketops-server environment=local buildVersion=0.1.0-SNAPSHOT correlationId=7830569f-24e6-4113-b405-666603383731 c.m.m.s.i.c.CorrelationIdFilter - Request completed event="request_completed" correlationId="7830569f-24e6-4113-b405-666603383731" status="200"
[WebServer] 2026-09-05T11:03:22.185+08:00 INFO  application=marketops-server environment=local buildVersion=0.1.0-SNAPSHOT correlationId=8ed53207-814c-436e-a3c9-f798d034ff15 c.m.m.s.i.e.ConsoleProblemAdvice - Console request refused event="console_request_refused" errorCode="RESOURCE_SCOPE_DENIED" correlationId="8ed53207-814c-436e-a3c9-f798d034ff15"
[WebServer] 2026-09-05T11:03:22.185+08:00 INFO  application=marketops-server environment=local buildVersion=0.1.0-SNAPSHOT correlationId=8ed53207-814c-436e-a3c9-f798d034ff15 c.m.m.s.i.c.CorrelationIdFilter - Request completed event="request_completed" correlationId="8ed53207-814c-436e-a3c9-f798d034ff15" status="403"
[WebServer] 2026-09-05T11:03:22.186+08:00 INFO  application=marketops-server environment=local buildVersion=0.1.0-SNAPSHOT correlationId=7a43af12-40a0-468e-86f4-d521bba4ef46 c.m.m.a.i.a.JdbcMetadataAuditStore - Metadata change recorded event="metadata_change_recorded" sourceDomain="advertisingefficiency" entityType="advertising_queue" entityId="b63655bc-b0c7-45e1-8c65-d6f7bf2fe670" action="READ" actorId="a556cef6-23c4-4c5e-a6c5-ed22757d4ebe" correlationId="7a43af12-40a0-468e-86f4-d521bba4ef46"
[WebServer] 2026-09-05T11:03:22.188+08:00 INFO  application=marketops-server environment=local buildVersion=0.1.0-SNAPSHOT correlationId=dd118ea8-10b2-42ec-9332-375630965bc9 c.m.m.s.i.c.CorrelationIdFilter - Request completed event="request_completed" correlationId="dd118ea8-10b2-42ec-9332-375630965bc9" status="200"
[WebServer] 2026-09-05T11:03:22.198+08:00 INFO  application=marketops-server environment=local buildVersion=0.1.0-SNAPSHOT correlationId=7a43af12-40a0-468e-86f4-d521bba4ef46 c.m.m.s.i.c.CorrelationIdFilter - Request completed event="request_completed" correlationId="7a43af12-40a0-468e-86f4-d521bba4ef46" status="200"
[WebServer] 2026-09-05T11:03:22.200+08:00 INFO  application=marketops-server environment=local buildVersion=0.1.0-SNAPSHOT correlationId=7da1d8ab-bb2f-4659-973e-ba6a0ac260a4 c.m.m.a.i.a.JdbcMetadataAuditStore - Metadata change recorded event="metadata_change_recorded" sourceDomain="advertisingefficiency" entityType="advertising_orchestration" entityId="b63655bc-b0c7-45e1-8c65-d6f7bf2fe670" action="READ" actorId="a556cef6-23c4-4c5e-a6c5-ed22757d4ebe" correlationId="7da1d8ab-bb2f-4659-973e-ba6a0ac260a4"
[WebServer] 2026-09-05T11:03:22.201+08:00 INFO  application=marketops-server environment=local buildVersion=0.1.0-SNAPSHOT correlationId=7da1d8ab-bb2f-4659-973e-ba6a0ac260a4 c.m.m.s.i.c.CorrelationIdFilter - Request completed event="request_completed" correlationId="7da1d8ab-bb2f-4659-973e-ba6a0ac260a4" status="200"
[WebServer] 2026-09-05T11:03:22.210+08:00 INFO  application=marketops-server environment=local buildVersion=0.1.0-SNAPSHOT correlationId=c4551463-1a4e-4421-a7e2-273c28268da1 c.m.m.s.i.c.CorrelationIdFilter - Request completed event="request_completed" correlationId="c4551463-1a4e-4421-a7e2-273c28268da1" status="200"
[WebServer] 2026-09-05T11:03:22.336+08:00 INFO  application=marketops-server environment=local buildVersion=0.1.0-SNAPSHOT correlationId=ac173d66-d9e1-4898-9189-d2bea6e6f6f1 c.m.m.a.i.a.JdbcMetadataAuditStore - Metadata change recorded event="metadata_change_recorded" sourceDomain="advertisingefficiency" entityType="advertising_case" entityId="3874b1ac-6af5-4253-ab34-5717f462e049" action="READ" actorId="a556cef6-23c4-4c5e-a6c5-ed22757d4ebe" correlationId="ac173d66-d9e1-4898-9189-d2bea6e6f6f1"
[WebServer] 2026-09-05T11:03:22.361+08:00 INFO  application=marketops-server environment=local buildVersion=0.1.0-SNAPSHOT correlationId=ac173d66-d9e1-4898-9189-d2bea6e6f6f1 c.m.m.s.i.c.CorrelationIdFilter - Request completed event="request_completed" correlationId="ac173d66-d9e1-4898-9189-d2bea6e6f6f1" status="200"
[WebServer] 2026-09-05T11:03:22.383+08:00 INFO  application=marketops-server environment=local buildVersion=0.1.0-SNAPSHOT correlationId=5ad3c99e-86c8-416e-b4f8-5f82bc19395f c.m.m.a.i.a.JdbcMetadataAuditStore - Metadata change recorded event="metadata_change_recorded" sourceDomain="advertisingefficiency" entityType="advertising_manual_packet" entityId="651a9f3f-4ca6-4596-a448-134643368ca8" action="READ" actorId="a556cef6-23c4-4c5e-a6c5-ed22757d4ebe" correlationId="5ad3c99e-86c8-416e-b4f8-5f82bc19395f"
[WebServer] 2026-09-05T11:03:22.384+08:00 INFO  application=marketops-server environment=local buildVersion=0.1.0-SNAPSHOT correlationId=5ad3c99e-86c8-416e-b4f8-5f82bc19395f c.m.m.s.i.c.CorrelationIdFilter - Request completed event="request_completed" correlationId="5ad3c99e-86c8-416e-b4f8-5f82bc19395f" status="200"
[WebServer] 2026-09-05T11:03:22.405+08:00 INFO  application=marketops-server environment=local buildVersion=0.1.0-SNAPSHOT correlationId=152eb84c-59de-487e-8dd8-7c2378043acc c.m.m.s.i.c.CorrelationIdFilter - Request completed event="request_completed" correlationId="152eb84c-59de-487e-8dd8-7c2378043acc" status="200"
[WebServer] 2026-09-05T11:03:22.415+08:00 INFO  application=marketops-server environment=local buildVersion=0.1.0-SNAPSHOT correlationId=85e6cb32-48fa-460a-9da4-067bfb36261d c.m.m.s.i.c.CorrelationIdFilter - Request completed event="request_completed" correlationId="85e6cb32-48fa-460a-9da4-067bfb36261d" status="200"
[WebServer] 2026-09-05T11:03:22.433+08:00 INFO  application=marketops-server environment=local buildVersion=0.1.0-SNAPSHOT correlationId=c5876320-d9e2-4e90-a4f1-5b3f377162d8 c.m.m.s.i.c.CorrelationIdFilter - Request completed event="request_completed" correlationId="c5876320-d9e2-4e90-a4f1-5b3f377162d8" status="200"
[WebServer] 2026-09-05T11:03:22.436+08:00 INFO  application=marketops-server environment=local buildVersion=0.1.0-SNAPSHOT correlationId=c1b0d38a-7bed-4dc6-a8b1-0a9834db541e c.m.m.a.i.a.JdbcMetadataAuditStore - Metadata change recorded event="metadata_change_recorded" sourceDomain="advertisingefficiency" entityType="advertising_command" entityId="0f9a6c0c-8d1d-4f04-bbbb-f07608ca1932" action="READ" actorId="a556cef6-23c4-4c5e-a6c5-ed22757d4ebe" correlationId="c1b0d38a-7bed-4dc6-a8b1-0a9834db541e"
[WebServer] 2026-09-05T11:03:22.451+08:00 INFO  application=marketops-server environment=local buildVersion=0.1.0-SNAPSHOT correlationId=c1b0d38a-7bed-4dc6-a8b1-0a9834db541e c.m.m.s.i.c.CorrelationIdFilter - Request completed event="request_completed" correlationId="c1b0d38a-7bed-4dc6-a8b1-0a9834db541e" status="200"
[WebServer] 2026-09-05T11:03:22.472+08:00 INFO  application=marketops-server environment=local buildVersion=0.1.0-SNAPSHOT correlationId=9b12cc53-1a9c-461e-9126-101f8c5e7b1e c.m.m.s.i.c.CorrelationIdFilter - Request completed event="request_completed" correlationId="9b12cc53-1a9c-461e-9126-101f8c5e7b1e" status="200"
[WebServer] 2026-09-05T11:03:22.476+08:00 INFO  application=marketops-server environment=local buildVersion=0.1.0-SNAPSHOT correlationId=a4d66976-39ee-48cf-b298-0a1c7f0dbee2 c.m.m.a.i.a.JdbcMetadataAuditStore - Metadata change recorded event="metadata_change_recorded" sourceDomain="advertisingefficiency" entityType="advertising_outcome" entityId="0f9a6c0c-8d1d-4f04-bbbb-f07608ca1932" action="READ" actorId="a556cef6-23c4-4c5e-a6c5-ed22757d4ebe" correlationId="a4d66976-39ee-48cf-b298-0a1c7f0dbee2"
[WebServer] 2026-09-05T11:03:22.478+08:00 INFO  application=marketops-server environment=local buildVersion=0.1.0-SNAPSHOT correlationId=a4d66976-39ee-48cf-b298-0a1c7f0dbee2 c.m.m.s.i.c.CorrelationIdFilter - Request completed event="request_completed" correlationId="a4d66976-39ee-48cf-b298-0a1c7f0dbee2" status="200"
[WebServer] 2026-09-05T11:03:22.843+08:00 INFO  application=marketops-server environment=local buildVersion=0.1.0-SNAPSHOT correlationId=ac0eb255-ef99-4923-bb01-dfd6ca73ae94 c.m.m.s.i.c.CorrelationIdFilter - Request completed event="request_completed" correlationId="ac0eb255-ef99-4923-bb01-dfd6ca73ae94" status="200"
[WebServer] 2026-09-05T11:03:22.852+08:00 INFO  application=marketops-server environment=local buildVersion=0.1.0-SNAPSHOT correlationId=8873cd5a-9602-4046-8fd6-a7d92d86d26b c.m.m.s.i.e.ConsoleProblemAdvice - Console request refused event="console_request_refused" errorCode="RESOURCE_NOT_FOUND" correlationId="8873cd5a-9602-4046-8fd6-a7d92d86d26b"
[WebServer] 2026-09-05T11:03:22.852+08:00 INFO  application=marketops-server environment=local buildVersion=0.1.0-SNAPSHOT correlationId=8873cd5a-9602-4046-8fd6-a7d92d86d26b c.m.m.s.i.c.CorrelationIdFilter - Request completed event="request_completed" correlationId="8873cd5a-9602-4046-8fd6-a7d92d86d26b" status="404"
[WebServer] 2026-09-05T11:03:22.852+08:00 INFO  application=marketops-server environment=local buildVersion=0.1.0-SNAPSHOT correlationId=885a9ad1-a439-4101-8a31-42945460e364 c.m.m.s.i.e.ConsoleProblemAdvice - Console request refused event="console_request_refused" errorCode="RESOURCE_SCOPE_DENIED" correlationId="885a9ad1-a439-4101-8a31-42945460e364"
[WebServer] 2026-09-05T11:03:22.853+08:00 INFO  application=marketops-server environment=local buildVersion=0.1.0-SNAPSHOT correlationId=885a9ad1-a439-4101-8a31-42945460e364 c.m.m.s.i.c.CorrelationIdFilter - Request completed event="request_completed" correlationId="885a9ad1-a439-4101-8a31-42945460e364" status="403"
[WebServer] 2026-09-05T11:03:22.856+08:00 INFO  application=marketops-server environment=local buildVersion=0.1.0-SNAPSHOT correlationId=262839a6-164e-4bcc-aec3-a855fb8fe440 c.m.m.a.i.a.JdbcMetadataAuditStore - Metadata change recorded event="metadata_change_recorded" sourceDomain="advertisingefficiency" entityType="advertising_reservations" entityId="b63655bc-b0c7-45e1-8c65-d6f7bf2fe670" action="READ" actorId="1e76025e-f11b-40bc-9ba6-ee4aac330e6a" correlationId="262839a6-164e-4bcc-aec3-a855fb8fe440"
[WebServer] 2026-09-05T11:03:22.857+08:00 INFO  application=marketops-server environment=local buildVersion=0.1.0-SNAPSHOT correlationId=bd0c861d-80f0-40f9-9db8-b4f3e6a6210d c.m.m.a.i.a.JdbcMetadataAuditStore - Metadata change recorded event="metadata_change_recorded" sourceDomain="availabilityrisk" entityType="availability_queue" entityId="b63655bc-b0c7-45e1-8c65-d6f7bf2fe670" action="READ" actorId="1e76025e-f11b-40bc-9ba6-ee4aac330e6a" correlationId="bd0c861d-80f0-40f9-9db8-b4f3e6a6210d"
[WebServer] 2026-09-05T11:03:22.858+08:00 INFO  application=marketops-server environment=local buildVersion=0.1.0-SNAPSHOT correlationId=bd0c861d-80f0-40f9-9db8-b4f3e6a6210d c.m.m.s.i.c.CorrelationIdFilter - Request completed event="request_completed" correlationId="bd0c861d-80f0-40f9-9db8-b4f3e6a6210d" status="200"
[WebServer] 2026-09-05T11:03:22.860+08:00 INFO  application=marketops-server environment=local buildVersion=0.1.0-SNAPSHOT correlationId=7fcae854-0cba-40e9-bef1-295e0050f27c c.m.m.a.i.a.JdbcMetadataAuditStore - Metadata change recorded event="metadata_change_recorded" sourceDomain="advertisingefficiency" entityType="advertising_containments" entityId="b63655bc-b0c7-45e1-8c65-d6f7bf2fe670" action="READ" actorId="1e76025e-f11b-40bc-9ba6-ee4aac330e6a" correlationId="7fcae854-0cba-40e9-bef1-295e0050f27c"
[WebServer] 2026-09-05T11:03:22.866+08:00 INFO  application=marketops-server environment=local buildVersion=0.1.0-SNAPSHOT correlationId=4c2a49c4-fe27-4933-996e-d12d5b3b39ff c.m.m.a.i.a.JdbcMetadataAuditStore - Metadata change recorded event="metadata_change_recorded" sourceDomain="advertisingefficiency" entityType="advertising_exposure" entityId="b63655bc-b0c7-45e1-8c65-d6f7bf2fe670" action="READ" actorId="1e76025e-f11b-40bc-9ba6-ee4aac330e6a" correlationId="4c2a49c4-fe27-4933-996e-d12d5b3b39ff"
[WebServer] 2026-09-05T11:03:22.867+08:00 INFO  application=marketops-server environment=local buildVersion=0.1.0-SNAPSHOT correlationId=abcd5a46-be5b-414e-a90b-18d0876707e5 c.m.m.s.i.e.ConsoleProblemAdvice - Console request refused event="console_request_refused" errorCode="RESOURCE_SCOPE_DENIED" correlationId="abcd5a46-be5b-414e-a90b-18d0876707e5"
[WebServer] 2026-09-05T11:03:22.867+08:00 INFO  application=marketops-server environment=local buildVersion=0.1.0-SNAPSHOT correlationId=4c2a49c4-fe27-4933-996e-d12d5b3b39ff c.m.m.s.i.c.CorrelationIdFilter - Request completed event="request_completed" correlationId="4c2a49c4-fe27-4933-996e-d12d5b3b39ff" status="200"
[WebServer] 2026-09-05T11:03:22.867+08:00 INFO  application=marketops-server environment=local buildVersion=0.1.0-SNAPSHOT correlationId=abcd5a46-be5b-414e-a90b-18d0876707e5 c.m.m.s.i.c.CorrelationIdFilter - Request completed event="request_completed" correlationId="abcd5a46-be5b-414e-a90b-18d0876707e5" status="403"
[WebServer] 2026-09-05T11:03:22.868+08:00 INFO  application=marketops-server environment=local buildVersion=0.1.0-SNAPSHOT correlationId=7fcae854-0cba-40e9-bef1-295e0050f27c c.m.m.s.i.c.CorrelationIdFilter - Request completed event="request_completed" correlationId="7fcae854-0cba-40e9-bef1-295e0050f27c" status="200"
[WebServer] 2026-09-05T11:03:22.873+08:00 INFO  application=marketops-server environment=local buildVersion=0.1.0-SNAPSHOT correlationId=fe6a9222-f0f3-49c0-9d40-bd18d15a03bb c.m.m.a.i.a.JdbcMetadataAuditStore - Metadata change recorded event="metadata_change_recorded" sourceDomain="advertisingefficiency" entityType="advertising_queue" entityId="b63655bc-b0c7-45e1-8c65-d6f7bf2fe670" action="READ" actorId="1e76025e-f11b-40bc-9ba6-ee4aac330e6a" correlationId="fe6a9222-f0f3-49c0-9d40-bd18d15a03bb"
[WebServer] 2026-09-05T11:03:22.873+08:00 INFO  application=marketops-server environment=local buildVersion=0.1.0-SNAPSHOT correlationId=262839a6-164e-4bcc-aec3-a855fb8fe440 c.m.m.s.i.c.CorrelationIdFilter - Request completed event="request_completed" correlationId="262839a6-164e-4bcc-aec3-a855fb8fe440" status="200"
[WebServer] 2026-09-05T11:03:22.887+08:00 INFO  application=marketops-server environment=local buildVersion=0.1.0-SNAPSHOT correlationId=fe6a9222-f0f3-49c0-9d40-bd18d15a03bb c.m.m.s.i.c.CorrelationIdFilter - Request completed event="request_completed" correlationId="fe6a9222-f0f3-49c0-9d40-bd18d15a03bb" status="200"
[WebServer] 2026-09-05T11:03:22.892+08:00 INFO  application=marketops-server environment=local buildVersion=0.1.0-SNAPSHOT correlationId=22639d93-9bb3-4943-aefa-b574dd75181e c.m.m.a.i.a.JdbcMetadataAuditStore - Metadata change recorded event="metadata_change_recorded" sourceDomain="advertisingefficiency" entityType="advertising_orchestration" entityId="b63655bc-b0c7-45e1-8c65-d6f7bf2fe670" action="READ" actorId="1e76025e-f11b-40bc-9ba6-ee4aac330e6a" correlationId="22639d93-9bb3-4943-aefa-b574dd75181e"
[WebServer] 2026-09-05T11:03:22.893+08:00 INFO  application=marketops-server environment=local buildVersion=0.1.0-SNAPSHOT correlationId=22639d93-9bb3-4943-aefa-b574dd75181e c.m.m.s.i.c.CorrelationIdFilter - Request completed event="request_completed" correlationId="22639d93-9bb3-4943-aefa-b574dd75181e" status="200"
[WebServer] 2026-09-05T11:03:22.909+08:00 INFO  application=marketops-server environment=local buildVersion=0.1.0-SNAPSHOT correlationId=e8c92b4e-8585-4808-b216-e126e1bf03f5 c.m.m.s.i.c.CorrelationIdFilter - Request completed event="request_completed" correlationId="e8c92b4e-8585-4808-b216-e126e1bf03f5" status="200"
[WebServer] 2026-09-05T11:03:22.937+08:00 INFO  application=marketops-server environment=local buildVersion=0.1.0-SNAPSHOT correlationId=7800b961-33af-49ac-b8d1-7220da0fabe1 c.m.m.a.i.a.JdbcMetadataAuditStore - Metadata change recorded event="metadata_change_recorded" sourceDomain="advertisingefficiency" entityType="advertising_case" entityId="3874b1ac-6af5-4253-ab34-5717f462e049" action="READ" actorId="1e76025e-f11b-40bc-9ba6-ee4aac330e6a" correlationId="7800b961-33af-49ac-b8d1-7220da0fabe1"
[WebServer] 2026-09-05T11:03:22.947+08:00 INFO  application=marketops-server environment=local buildVersion=0.1.0-SNAPSHOT correlationId=7800b961-33af-49ac-b8d1-7220da0fabe1 c.m.m.s.i.c.CorrelationIdFilter - Request completed event="request_completed" correlationId="7800b961-33af-49ac-b8d1-7220da0fabe1" status="200"
[WebServer] 2026-09-05T11:03:22.971+08:00 INFO  application=marketops-server environment=local buildVersion=0.1.0-SNAPSHOT correlationId=3f2a6ab4-7a66-498e-a2a6-a7950c5574c0 c.m.m.a.i.a.JdbcMetadataAuditStore - Metadata change recorded event="metadata_change_recorded" sourceDomain="advertisingefficiency" entityType="advertising_manual_packet" entityId="651a9f3f-4ca6-4596-a448-134643368ca8" action="READ" actorId="1e76025e-f11b-40bc-9ba6-ee4aac330e6a" correlationId="3f2a6ab4-7a66-498e-a2a6-a7950c5574c0"
[WebServer] 2026-09-05T11:03:22.972+08:00 INFO  application=marketops-server environment=local buildVersion=0.1.0-SNAPSHOT correlationId=3f2a6ab4-7a66-498e-a2a6-a7950c5574c0 c.m.m.s.i.c.CorrelationIdFilter - Request completed event="request_completed" correlationId="3f2a6ab4-7a66-498e-a2a6-a7950c5574c0" status="200"
[WebServer] 2026-09-05T11:03:22.990+08:00 INFO  application=marketops-server environment=local buildVersion=0.1.0-SNAPSHOT correlationId=499357d4-c83f-4bb7-b51b-f1d7ef00e9f4 c.m.m.s.i.c.CorrelationIdFilter - Request completed event="request_completed" correlationId="499357d4-c83f-4bb7-b51b-f1d7ef00e9f4" status="200"
[WebServer] 2026-09-05T11:03:23.002+08:00 INFO  application=marketops-server environment=local buildVersion=0.1.0-SNAPSHOT correlationId=566fff04-058e-405d-92d7-7e2dad629a68 c.m.m.s.i.c.CorrelationIdFilter - Request completed event="request_completed" correlationId="566fff04-058e-405d-92d7-7e2dad629a68" status="200"
[WebServer] 2026-09-05T11:03:23.033+08:00 DEBUG application=marketops-server environment=local buildVersion=0.1.0-SNAPSHOT correlationId=2b4c09cc-d265-4047-b945-ee43c0943e61 c.m.m.s.i.c.CorrelationIdFilter - Inbound correlation identifier replaced event="correlation_identifier_replaced" correlationId="2b4c09cc-d265-4047-b945-ee43c0943e61" rejectionCategory="MISSING"
[WebServer] 2026-09-05T11:03:23.035+08:00 INFO  application=marketops-server environment=local buildVersion=0.1.0-SNAPSHOT correlationId=3e225887-be9b-4e77-bd53-3adb8ce3ed08 c.m.m.s.i.c.CorrelationIdFilter - Request completed event="request_completed" correlationId="3e225887-be9b-4e77-bd53-3adb8ce3ed08" status="200"
[WebServer] 2026-09-05T11:03:23.038+08:00 INFO  application=marketops-server environment=local buildVersion=0.1.0-SNAPSHOT correlationId=f54ee78a-8fe2-4099-9e73-beec51c2674e c.m.m.a.i.a.JdbcMetadataAuditStore - Metadata change recorded event="metadata_change_recorded" sourceDomain="advertisingefficiency" entityType="advertising_command" entityId="0f9a6c0c-8d1d-4f04-bbbb-f07608ca1932" action="READ" actorId="1e76025e-f11b-40bc-9ba6-ee4aac330e6a" correlationId="f54ee78a-8fe2-4099-9e73-beec51c2674e"
[WebServer] 2026-09-05T11:03:23.047+08:00 INFO  application=marketops-server environment=local buildVersion=0.1.0-SNAPSHOT correlationId=2b4c09cc-d265-4047-b945-ee43c0943e61 c.m.m.a.i.a.JdbcMetadataAuditStore - Metadata change recorded event="metadata_change_recorded" sourceDomain="advertisingefficiency" entityType="advertising_command" entityId="0f9a6c0c-8d1d-4f04-bbbb-f07608ca1932" action="READ" actorId="1e76025e-f11b-40bc-9ba6-ee4aac330e6a" correlationId="2b4c09cc-d265-4047-b945-ee43c0943e61"
[WebServer] 2026-09-05T11:03:23.049+08:00 INFO  application=marketops-server environment=local buildVersion=0.1.0-SNAPSHOT correlationId=f54ee78a-8fe2-4099-9e73-beec51c2674e c.m.m.s.i.c.CorrelationIdFilter - Request completed event="request_completed" correlationId="f54ee78a-8fe2-4099-9e73-beec51c2674e" status="200"
[WebServer] 2026-09-05T11:03:23.070+08:00 INFO  application=marketops-server environment=local buildVersion=0.1.0-SNAPSHOT correlationId=2b4c09cc-d265-4047-b945-ee43c0943e61 c.m.m.s.i.c.CorrelationIdFilter - Request completed event="request_completed" correlationId="2b4c09cc-d265-4047-b945-ee43c0943e61" status="200"
[WebServer] 2026-09-05T11:03:23.072+08:00 INFO  application=marketops-server environment=local buildVersion=0.1.0-SNAPSHOT correlationId=21a67510-0007-464e-b4ae-b00fce64ff82 c.m.m.s.i.c.CorrelationIdFilter - Request completed event="request_completed" correlationId="21a67510-0007-464e-b4ae-b00fce64ff82" status="200"
[WebServer] 2026-09-05T11:03:23.078+08:00 INFO  application=marketops-server environment=local buildVersion=0.1.0-SNAPSHOT correlationId=17aae0ab-78a3-4f45-aff4-5de6c7304116 c.m.m.a.i.a.JdbcMetadataAuditStore - Metadata change recorded event="metadata_change_recorded" sourceDomain="advertisingefficiency" entityType="advertising_outcome" entityId="0f9a6c0c-8d1d-4f04-bbbb-f07608ca1932" action="READ" actorId="1e76025e-f11b-40bc-9ba6-ee4aac330e6a" correlationId="17aae0ab-78a3-4f45-aff4-5de6c7304116"
[WebServer] 2026-09-05T11:03:23.079+08:00 INFO  application=marketops-server environment=local buildVersion=0.1.0-SNAPSHOT correlationId=17aae0ab-78a3-4f45-aff4-5de6c7304116 c.m.m.s.i.c.CorrelationIdFilter - Request completed event="request_completed" correlationId="17aae0ab-78a3-4f45-aff4-5de6c7304116" status="200"
  ✓   8 tests/advertising-browser/governed-advertising.spec.ts:396:3 › HISTORY_UNKNOWN preserves actual HTTP command history, unresolved state and separate outcomes (1.4s)
[WebServer] 2026-09-05T11:03:23.539+08:00 INFO  application=marketops-server environment=local buildVersion=0.1.0-SNAPSHOT correlationId=3dc75ee1-0fe5-40a4-be5c-a095c79dd254 c.m.m.s.i.c.CorrelationIdFilter - Request completed event="request_completed" correlationId="3dc75ee1-0fe5-40a4-be5c-a095c79dd254" status="200"
[WebServer] 2026-09-05T11:03:23.548+08:00 INFO  application=marketops-server environment=local buildVersion=0.1.0-SNAPSHOT correlationId=51ba6b06-dbfb-4d29-9f2c-0a835854bca7 c.m.m.s.i.e.ConsoleProblemAdvice - Console request refused event="console_request_refused" errorCode="RESOURCE_NOT_FOUND" correlationId="51ba6b06-dbfb-4d29-9f2c-0a835854bca7"
[WebServer] 2026-09-05T11:03:23.548+08:00 INFO  application=marketops-server environment=local buildVersion=0.1.0-SNAPSHOT correlationId=51ba6b06-dbfb-4d29-9f2c-0a835854bca7 c.m.m.s.i.c.CorrelationIdFilter - Request completed event="request_completed" correlationId="51ba6b06-dbfb-4d29-9f2c-0a835854bca7" status="404"
[WebServer] 2026-09-05T11:03:23.550+08:00 INFO  application=marketops-server environment=local buildVersion=0.1.0-SNAPSHOT correlationId=01666175-615f-4dcb-804f-e1054d799192 c.m.m.a.i.a.JdbcMetadataAuditStore - Metadata change recorded event="metadata_change_recorded" sourceDomain="availabilityrisk" entityType="availability_queue" entityId="d07a6041-5469-4744-8e7e-6b9188d18662" action="READ" actorId="285ac24b-4500-4a36-bdbc-d1d516e750ce" correlationId="01666175-615f-4dcb-804f-e1054d799192"
[WebServer] 2026-09-05T11:03:23.550+08:00 INFO  application=marketops-server environment=local buildVersion=0.1.0-SNAPSHOT correlationId=d963df33-571b-4f87-958e-3a257ccf57c2 c.m.m.s.i.e.ConsoleProblemAdvice - Console request refused event="console_request_refused" errorCode="RESOURCE_SCOPE_DENIED" correlationId="d963df33-571b-4f87-958e-3a257ccf57c2"
[WebServer] 2026-09-05T11:03:23.550+08:00 INFO  application=marketops-server environment=local buildVersion=0.1.0-SNAPSHOT correlationId=d963df33-571b-4f87-958e-3a257ccf57c2 c.m.m.s.i.c.CorrelationIdFilter - Request completed event="request_completed" correlationId="d963df33-571b-4f87-958e-3a257ccf57c2" status="403"
[WebServer] 2026-09-05T11:03:23.551+08:00 INFO  application=marketops-server environment=local buildVersion=0.1.0-SNAPSHOT correlationId=01666175-615f-4dcb-804f-e1054d799192 c.m.m.s.i.c.CorrelationIdFilter - Request completed event="request_completed" correlationId="01666175-615f-4dcb-804f-e1054d799192" status="200"
[WebServer] 2026-09-05T11:03:23.552+08:00 INFO  application=marketops-server environment=local buildVersion=0.1.0-SNAPSHOT correlationId=7a88b53f-d681-4bd2-8a44-d12e500e941f c.m.m.a.i.a.JdbcMetadataAuditStore - Metadata change recorded event="metadata_change_recorded" sourceDomain="advertisingefficiency" entityType="advertising_containments" entityId="d07a6041-5469-4744-8e7e-6b9188d18662" action="READ" actorId="285ac24b-4500-4a36-bdbc-d1d516e750ce" correlationId="7a88b53f-d681-4bd2-8a44-d12e500e941f"
[WebServer] 2026-09-05T11:03:23.553+08:00 INFO  application=marketops-server environment=local buildVersion=0.1.0-SNAPSHOT correlationId=1f962f35-f2ca-4ae3-9030-eeef92521d05 c.m.m.a.i.a.JdbcMetadataAuditStore - Metadata change recorded event="metadata_change_recorded" sourceDomain="advertisingefficiency" entityType="advertising_reservations" entityId="d07a6041-5469-4744-8e7e-6b9188d18662" action="READ" actorId="285ac24b-4500-4a36-bdbc-d1d516e750ce" correlationId="1f962f35-f2ca-4ae3-9030-eeef92521d05"
[WebServer] 2026-09-05T11:03:23.558+08:00 INFO  application=marketops-server environment=local buildVersion=0.1.0-SNAPSHOT correlationId=7a88b53f-d681-4bd2-8a44-d12e500e941f c.m.m.s.i.c.CorrelationIdFilter - Request completed event="request_completed" correlationId="7a88b53f-d681-4bd2-8a44-d12e500e941f" status="200"
[WebServer] 2026-09-05T11:03:23.562+08:00 INFO  application=marketops-server environment=local buildVersion=0.1.0-SNAPSHOT correlationId=13488d7f-5050-46df-9d61-60acf9fb4a34 c.m.m.a.i.a.JdbcMetadataAuditStore - Metadata change recorded event="metadata_change_recorded" sourceDomain="advertisingefficiency" entityType="advertising_exposure" entityId="d07a6041-5469-4744-8e7e-6b9188d18662" action="READ" actorId="285ac24b-4500-4a36-bdbc-d1d516e750ce" correlationId="13488d7f-5050-46df-9d61-60acf9fb4a34"
[WebServer] 2026-09-05T11:03:23.563+08:00 INFO  application=marketops-server environment=local buildVersion=0.1.0-SNAPSHOT correlationId=13488d7f-5050-46df-9d61-60acf9fb4a34 c.m.m.s.i.c.CorrelationIdFilter - Request completed event="request_completed" correlationId="13488d7f-5050-46df-9d61-60acf9fb4a34" status="200"
[WebServer] 2026-09-05T11:03:23.564+08:00 INFO  application=marketops-server environment=local buildVersion=0.1.0-SNAPSHOT correlationId=172dbc30-4471-46d3-a068-f3a743d11d9a c.m.m.s.i.e.ConsoleProblemAdvice - Console request refused event="console_request_refused" errorCode="RESOURCE_SCOPE_DENIED" correlationId="172dbc30-4471-46d3-a068-f3a743d11d9a"
[WebServer] 2026-09-05T11:03:23.564+08:00 INFO  application=marketops-server environment=local buildVersion=0.1.0-SNAPSHOT correlationId=172dbc30-4471-46d3-a068-f3a743d11d9a c.m.m.s.i.c.CorrelationIdFilter - Request completed event="request_completed" correlationId="172dbc30-4471-46d3-a068-f3a743d11d9a" status="403"
[WebServer] 2026-09-05T11:03:23.568+08:00 INFO  application=marketops-server environment=local buildVersion=0.1.0-SNAPSHOT correlationId=d500271f-2bf1-4c2e-a5e0-c58f11d32963 c.m.m.a.i.a.JdbcMetadataAuditStore - Metadata change recorded event="metadata_change_recorded" sourceDomain="advertisingefficiency" entityType="advertising_queue" entityId="d07a6041-5469-4744-8e7e-6b9188d18662" action="READ" actorId="285ac24b-4500-4a36-bdbc-d1d516e750ce" correlationId="d500271f-2bf1-4c2e-a5e0-c58f11d32963"
[WebServer] 2026-09-05T11:03:23.571+08:00 INFO  application=marketops-server environment=local buildVersion=0.1.0-SNAPSHOT correlationId=1f962f35-f2ca-4ae3-9030-eeef92521d05 c.m.m.s.i.c.CorrelationIdFilter - Request completed event="request_completed" correlationId="1f962f35-f2ca-4ae3-9030-eeef92521d05" status="200"
[WebServer] 2026-09-05T11:03:23.581+08:00 INFO  application=marketops-server environment=local buildVersion=0.1.0-SNAPSHOT correlationId=d500271f-2bf1-4c2e-a5e0-c58f11d32963 c.m.m.s.i.c.CorrelationIdFilter - Request completed event="request_completed" correlationId="d500271f-2bf1-4c2e-a5e0-c58f11d32963" status="200"
[WebServer] 2026-09-05T11:03:23.583+08:00 INFO  application=marketops-server environment=local buildVersion=0.1.0-SNAPSHOT correlationId=b1747ed9-29fc-49cf-867c-cff2e2c21df2 c.m.m.a.i.a.JdbcMetadataAuditStore - Metadata change recorded event="metadata_change_recorded" sourceDomain="advertisingefficiency" entityType="advertising_orchestration" entityId="d07a6041-5469-4744-8e7e-6b9188d18662" action="READ" actorId="285ac24b-4500-4a36-bdbc-d1d516e750ce" correlationId="b1747ed9-29fc-49cf-867c-cff2e2c21df2"
[WebServer] 2026-09-05T11:03:23.584+08:00 INFO  application=marketops-server environment=local buildVersion=0.1.0-SNAPSHOT correlationId=b1747ed9-29fc-49cf-867c-cff2e2c21df2 c.m.m.s.i.c.CorrelationIdFilter - Request completed event="request_completed" correlationId="b1747ed9-29fc-49cf-867c-cff2e2c21df2" status="200"
[WebServer] 2026-09-05T11:03:23.596+08:00 INFO  application=marketops-server environment=local buildVersion=0.1.0-SNAPSHOT correlationId=52259c09-f091-4263-8485-c8c408a51d25 c.m.m.s.i.c.CorrelationIdFilter - Request completed event="request_completed" correlationId="52259c09-f091-4263-8485-c8c408a51d25" status="200"
[WebServer] 2026-09-05T11:03:23.632+08:00 INFO  application=marketops-server environment=local buildVersion=0.1.0-SNAPSHOT correlationId=af9070af-3cf0-4273-a40e-8a6eeab3e74b c.m.m.a.i.a.JdbcMetadataAuditStore - Metadata change recorded event="metadata_change_recorded" sourceDomain="advertisingefficiency" entityType="advertising_case" entityId="200aeb27-1d5d-4784-9b88-26f3dc400b41" action="READ" actorId="285ac24b-4500-4a36-bdbc-d1d516e750ce" correlationId="af9070af-3cf0-4273-a40e-8a6eeab3e74b"
[WebServer] 2026-09-05T11:03:23.644+08:00 INFO  application=marketops-server environment=local buildVersion=0.1.0-SNAPSHOT correlationId=af9070af-3cf0-4273-a40e-8a6eeab3e74b c.m.m.s.i.c.CorrelationIdFilter - Request completed event="request_completed" correlationId="af9070af-3cf0-4273-a40e-8a6eeab3e74b" status="200"
[WebServer] 2026-09-05T11:03:23.667+08:00 INFO  application=marketops-server environment=local buildVersion=0.1.0-SNAPSHOT correlationId=3da5000d-1c49-4989-909b-2ef73c0361ea c.m.m.a.i.a.JdbcMetadataAuditStore - Metadata change recorded event="metadata_change_recorded" sourceDomain="advertisingefficiency" entityType="advertising_manual_packet" entityId="79f36ba3-41ff-4f7d-a10d-ddf7005d3d54" action="READ" actorId="285ac24b-4500-4a36-bdbc-d1d516e750ce" correlationId="3da5000d-1c49-4989-909b-2ef73c0361ea"
[WebServer] 2026-09-05T11:03:23.668+08:00 INFO  application=marketops-server environment=local buildVersion=0.1.0-SNAPSHOT correlationId=3da5000d-1c49-4989-909b-2ef73c0361ea c.m.m.s.i.c.CorrelationIdFilter - Request completed event="request_completed" correlationId="3da5000d-1c49-4989-909b-2ef73c0361ea" status="200"
[WebServer] 2026-09-05T11:03:23.686+08:00 INFO  application=marketops-server environment=local buildVersion=0.1.0-SNAPSHOT correlationId=b419c61f-7ec5-492f-95b2-65f724975d73 c.m.m.s.i.c.CorrelationIdFilter - Request completed event="request_completed" correlationId="b419c61f-7ec5-492f-95b2-65f724975d73" status="200"
[WebServer] 2026-09-05T11:03:23.697+08:00 INFO  application=marketops-server environment=local buildVersion=0.1.0-SNAPSHOT correlationId=cf28c1a3-76ba-4c8e-a8c9-e2350af4de02 c.m.m.s.i.c.CorrelationIdFilter - Request completed event="request_completed" correlationId="cf28c1a3-76ba-4c8e-a8c9-e2350af4de02" status="200"
[WebServer] 2026-09-05T11:03:23.720+08:00 INFO  application=marketops-server environment=local buildVersion=0.1.0-SNAPSHOT correlationId=69c5e9d4-3e47-43ce-888b-2fb98c2a0851 c.m.m.s.i.c.CorrelationIdFilter - Request completed event="request_completed" correlationId="69c5e9d4-3e47-43ce-888b-2fb98c2a0851" status="200"
[WebServer] 2026-09-05T11:03:23.722+08:00 INFO  application=marketops-server environment=local buildVersion=0.1.0-SNAPSHOT correlationId=3f40b8d5-8218-471f-843e-7a6bc8ce2f59 c.m.m.a.i.a.JdbcMetadataAuditStore - Metadata change recorded event="metadata_change_recorded" sourceDomain="advertisingefficiency" entityType="advertising_command" entityId="e60bbbfe-126e-42f1-a98b-957e036d6a9e" action="READ" actorId="285ac24b-4500-4a36-bdbc-d1d516e750ce" correlationId="3f40b8d5-8218-471f-843e-7a6bc8ce2f59"
[WebServer] 2026-09-05T11:03:23.735+08:00 INFO  application=marketops-server environment=local buildVersion=0.1.0-SNAPSHOT correlationId=3f40b8d5-8218-471f-843e-7a6bc8ce2f59 c.m.m.s.i.c.CorrelationIdFilter - Request completed event="request_completed" correlationId="3f40b8d5-8218-471f-843e-7a6bc8ce2f59" status="200"
[WebServer] 2026-09-05T11:03:23.755+08:00 INFO  application=marketops-server environment=local buildVersion=0.1.0-SNAPSHOT correlationId=aa84998e-b05b-4cfa-9396-1e4562fdeda1 c.m.m.s.i.c.CorrelationIdFilter - Request completed event="request_completed" correlationId="aa84998e-b05b-4cfa-9396-1e4562fdeda1" status="200"
[WebServer] 2026-09-05T11:03:23.757+08:00 INFO  application=marketops-server environment=local buildVersion=0.1.0-SNAPSHOT correlationId=06f9f5c5-2a07-44da-8ca7-39fd7d284079 c.m.m.a.i.a.JdbcMetadataAuditStore - Metadata change recorded event="metadata_change_recorded" sourceDomain="advertisingefficiency" entityType="advertising_outcome" entityId="e60bbbfe-126e-42f1-a98b-957e036d6a9e" action="READ" actorId="285ac24b-4500-4a36-bdbc-d1d516e750ce" correlationId="06f9f5c5-2a07-44da-8ca7-39fd7d284079"
[WebServer] 2026-09-05T11:03:23.758+08:00 INFO  application=marketops-server environment=local buildVersion=0.1.0-SNAPSHOT correlationId=06f9f5c5-2a07-44da-8ca7-39fd7d284079 c.m.m.s.i.c.CorrelationIdFilter - Request completed event="request_completed" correlationId="06f9f5c5-2a07-44da-8ca7-39fd7d284079" status="200"
  ✓   9 tests/advertising-browser/governed-advertising.spec.ts:396:3 › HISTORY_MISMATCH preserves actual HTTP command history, unresolved state and separate outcomes (627ms)
[WebServer] 2026-09-05T11:03:24.183+08:00 INFO  application=marketops-server environment=local buildVersion=0.1.0-SNAPSHOT correlationId=998d5953-a0f2-4245-9c9d-113406f6cd88 c.m.m.s.i.c.CorrelationIdFilter - Request completed event="request_completed" correlationId="998d5953-a0f2-4245-9c9d-113406f6cd88" status="200"
[WebServer] 2026-09-05T11:03:24.190+08:00 INFO  application=marketops-server environment=local buildVersion=0.1.0-SNAPSHOT correlationId=d4685fe0-a1c4-4647-b3be-4cf4fe967a7f c.m.m.s.i.e.ConsoleProblemAdvice - Console request refused event="console_request_refused" errorCode="RESOURCE_SCOPE_DENIED" correlationId="d4685fe0-a1c4-4647-b3be-4cf4fe967a7f"
[WebServer] 2026-09-05T11:03:24.190+08:00 INFO  application=marketops-server environment=local buildVersion=0.1.0-SNAPSHOT correlationId=d4685fe0-a1c4-4647-b3be-4cf4fe967a7f c.m.m.s.i.c.CorrelationIdFilter - Request completed event="request_completed" correlationId="d4685fe0-a1c4-4647-b3be-4cf4fe967a7f" status="403"
[WebServer] 2026-09-05T11:03:24.192+08:00 INFO  application=marketops-server environment=local buildVersion=0.1.0-SNAPSHOT correlationId=b66095d4-1337-482a-bb30-059e8d0c3b9e c.m.m.s.i.e.ConsoleProblemAdvice - Console request refused event="console_request_refused" errorCode="RESOURCE_NOT_FOUND" correlationId="b66095d4-1337-482a-bb30-059e8d0c3b9e"
[WebServer] 2026-09-05T11:03:24.192+08:00 INFO  application=marketops-server environment=local buildVersion=0.1.0-SNAPSHOT correlationId=b66095d4-1337-482a-bb30-059e8d0c3b9e c.m.m.s.i.c.CorrelationIdFilter - Request completed event="request_completed" correlationId="b66095d4-1337-482a-bb30-059e8d0c3b9e" status="404"
[WebServer] 2026-09-05T11:03:24.195+08:00 INFO  application=marketops-server environment=local buildVersion=0.1.0-SNAPSHOT correlationId=5f32217e-23dd-4501-a582-27846b4ae14e c.m.m.a.i.a.JdbcMetadataAuditStore - Metadata change recorded event="metadata_change_recorded" sourceDomain="advertisingefficiency" entityType="advertising_reservations" entityId="87a09731-6168-4fae-997f-fa75a2cbbb2a" action="READ" actorId="5260df57-58a7-4b5a-a3a8-bfabe2016cfd" correlationId="5f32217e-23dd-4501-a582-27846b4ae14e"
[WebServer] 2026-09-05T11:03:24.197+08:00 INFO  application=marketops-server environment=local buildVersion=0.1.0-SNAPSHOT correlationId=1dac0e3c-99de-4cc3-8fc4-223061e0af51 c.m.m.a.i.a.JdbcMetadataAuditStore - Metadata change recorded event="metadata_change_recorded" sourceDomain="availabilityrisk" entityType="availability_queue" entityId="87a09731-6168-4fae-997f-fa75a2cbbb2a" action="READ" actorId="5260df57-58a7-4b5a-a3a8-bfabe2016cfd" correlationId="1dac0e3c-99de-4cc3-8fc4-223061e0af51"
[WebServer] 2026-09-05T11:03:24.197+08:00 INFO  application=marketops-server environment=local buildVersion=0.1.0-SNAPSHOT correlationId=da8b1662-f936-4d2d-9993-11a692805066 c.m.m.a.i.a.JdbcMetadataAuditStore - Metadata change recorded event="metadata_change_recorded" sourceDomain="advertisingefficiency" entityType="advertising_containments" entityId="87a09731-6168-4fae-997f-fa75a2cbbb2a" action="READ" actorId="5260df57-58a7-4b5a-a3a8-bfabe2016cfd" correlationId="da8b1662-f936-4d2d-9993-11a692805066"
[WebServer] 2026-09-05T11:03:24.198+08:00 INFO  application=marketops-server environment=local buildVersion=0.1.0-SNAPSHOT correlationId=1dac0e3c-99de-4cc3-8fc4-223061e0af51 c.m.m.s.i.c.CorrelationIdFilter - Request completed event="request_completed" correlationId="1dac0e3c-99de-4cc3-8fc4-223061e0af51" status="200"
[WebServer] 2026-09-05T11:03:24.209+08:00 INFO  application=marketops-server environment=local buildVersion=0.1.0-SNAPSHOT correlationId=92c5b7ed-5930-43eb-9b7c-73a820a19de1 c.m.m.a.i.a.JdbcMetadataAuditStore - Metadata change recorded event="metadata_change_recorded" sourceDomain="advertisingefficiency" entityType="advertising_exposure" entityId="87a09731-6168-4fae-997f-fa75a2cbbb2a" action="READ" actorId="5260df57-58a7-4b5a-a3a8-bfabe2016cfd" correlationId="92c5b7ed-5930-43eb-9b7c-73a820a19de1"
[WebServer] 2026-09-05T11:03:24.212+08:00 INFO  application=marketops-server environment=local buildVersion=0.1.0-SNAPSHOT correlationId=92c5b7ed-5930-43eb-9b7c-73a820a19de1 c.m.m.s.i.c.CorrelationIdFilter - Request completed event="request_completed" correlationId="92c5b7ed-5930-43eb-9b7c-73a820a19de1" status="200"
[WebServer] 2026-09-05T11:03:24.215+08:00 INFO  application=marketops-server environment=local buildVersion=0.1.0-SNAPSHOT correlationId=87145062-87eb-4b18-8486-8d1d2456169b c.m.m.s.i.e.ConsoleProblemAdvice - Console request refused event="console_request_refused" errorCode="RESOURCE_SCOPE_DENIED" correlationId="87145062-87eb-4b18-8486-8d1d2456169b"
[WebServer] 2026-09-05T11:03:24.216+08:00 INFO  application=marketops-server environment=local buildVersion=0.1.0-SNAPSHOT correlationId=87145062-87eb-4b18-8486-8d1d2456169b c.m.m.s.i.c.CorrelationIdFilter - Request completed event="request_completed" correlationId="87145062-87eb-4b18-8486-8d1d2456169b" status="403"
[WebServer] 2026-09-05T11:03:24.220+08:00 INFO  application=marketops-server environment=local buildVersion=0.1.0-SNAPSHOT correlationId=da8b1662-f936-4d2d-9993-11a692805066 c.m.m.s.i.c.CorrelationIdFilter - Request completed event="request_completed" correlationId="da8b1662-f936-4d2d-9993-11a692805066" status="200"
[WebServer] 2026-09-05T11:03:24.223+08:00 INFO  application=marketops-server environment=local buildVersion=0.1.0-SNAPSHOT correlationId=fded7e8a-c036-480f-a515-4b48858993e1 c.m.m.a.i.a.JdbcMetadataAuditStore - Metadata change recorded event="metadata_change_recorded" sourceDomain="advertisingefficiency" entityType="advertising_queue" entityId="87a09731-6168-4fae-997f-fa75a2cbbb2a" action="READ" actorId="5260df57-58a7-4b5a-a3a8-bfabe2016cfd" correlationId="fded7e8a-c036-480f-a515-4b48858993e1"
[WebServer] 2026-09-05T11:03:24.224+08:00 INFO  application=marketops-server environment=local buildVersion=0.1.0-SNAPSHOT correlationId=5f32217e-23dd-4501-a582-27846b4ae14e c.m.m.s.i.c.CorrelationIdFilter - Request completed event="request_completed" correlationId="5f32217e-23dd-4501-a582-27846b4ae14e" status="200"
[WebServer] 2026-09-05T11:03:24.253+08:00 INFO  application=marketops-server environment=local buildVersion=0.1.0-SNAPSHOT correlationId=fded7e8a-c036-480f-a515-4b48858993e1 c.m.m.s.i.c.CorrelationIdFilter - Request completed event="request_completed" correlationId="fded7e8a-c036-480f-a515-4b48858993e1" status="200"
[WebServer] 2026-09-05T11:03:24.264+08:00 INFO  application=marketops-server environment=local buildVersion=0.1.0-SNAPSHOT correlationId=14f0b524-1a49-451f-b179-d6dc5185949d c.m.m.a.i.a.JdbcMetadataAuditStore - Metadata change recorded event="metadata_change_recorded" sourceDomain="advertisingefficiency" entityType="advertising_orchestration" entityId="87a09731-6168-4fae-997f-fa75a2cbbb2a" action="READ" actorId="5260df57-58a7-4b5a-a3a8-bfabe2016cfd" correlationId="14f0b524-1a49-451f-b179-d6dc5185949d"
[WebServer] 2026-09-05T11:03:24.268+08:00 INFO  application=marketops-server environment=local buildVersion=0.1.0-SNAPSHOT correlationId=14f0b524-1a49-451f-b179-d6dc5185949d c.m.m.s.i.c.CorrelationIdFilter - Request completed event="request_completed" correlationId="14f0b524-1a49-451f-b179-d6dc5185949d" status="200"
[WebServer] 2026-09-05T11:03:24.294+08:00 INFO  application=marketops-server environment=local buildVersion=0.1.0-SNAPSHOT correlationId=abfda2e9-be6e-4933-bee8-63b7f4caeab5 c.m.m.s.i.c.CorrelationIdFilter - Request completed event="request_completed" correlationId="abfda2e9-be6e-4933-bee8-63b7f4caeab5" status="200"
[WebServer] 2026-09-05T11:03:24.432+08:00 INFO  application=marketops-server environment=local buildVersion=0.1.0-SNAPSHOT correlationId=350c280d-9bf4-4e1d-ace2-96409e15011d c.m.m.a.i.a.JdbcMetadataAuditStore - Metadata change recorded event="metadata_change_recorded" sourceDomain="advertisingefficiency" entityType="advertising_case" entityId="c57aa4bc-6925-4617-a67a-bce31af7f57d" action="READ" actorId="5260df57-58a7-4b5a-a3a8-bfabe2016cfd" correlationId="350c280d-9bf4-4e1d-ace2-96409e15011d"
[WebServer] 2026-09-05T11:03:24.454+08:00 INFO  application=marketops-server environment=local buildVersion=0.1.0-SNAPSHOT correlationId=350c280d-9bf4-4e1d-ace2-96409e15011d c.m.m.s.i.c.CorrelationIdFilter - Request completed event="request_completed" correlationId="350c280d-9bf4-4e1d-ace2-96409e15011d" status="200"
[WebServer] 2026-09-05T11:03:24.484+08:00 INFO  application=marketops-server environment=local buildVersion=0.1.0-SNAPSHOT correlationId=6e446e3b-b2df-4b68-b6c4-7a05bf49f7c9 c.m.m.a.i.a.JdbcMetadataAuditStore - Metadata change recorded event="metadata_change_recorded" sourceDomain="advertisingefficiency" entityType="advertising_manual_packet" entityId="febf72aa-09e0-465d-9e0d-c2920de8e035" action="READ" actorId="5260df57-58a7-4b5a-a3a8-bfabe2016cfd" correlationId="6e446e3b-b2df-4b68-b6c4-7a05bf49f7c9"
[WebServer] 2026-09-05T11:03:24.485+08:00 INFO  application=marketops-server environment=local buildVersion=0.1.0-SNAPSHOT correlationId=6e446e3b-b2df-4b68-b6c4-7a05bf49f7c9 c.m.m.s.i.c.CorrelationIdFilter - Request completed event="request_completed" correlationId="6e446e3b-b2df-4b68-b6c4-7a05bf49f7c9" status="200"
[WebServer] 2026-09-05T11:03:24.545+08:00 INFO  application=marketops-server environment=local buildVersion=0.1.0-SNAPSHOT correlationId=d5f8c5bd-2a49-4005-8442-ae72185b6ba4 c.m.m.s.i.c.CorrelationIdFilter - Request completed event="request_completed" correlationId="d5f8c5bd-2a49-4005-8442-ae72185b6ba4" status="200"
[WebServer] 2026-09-05T11:03:24.558+08:00 INFO  application=marketops-server environment=local buildVersion=0.1.0-SNAPSHOT correlationId=751a7bf0-8e69-4f99-8911-cac1c0a0e3e2 c.m.m.s.i.c.CorrelationIdFilter - Request completed event="request_completed" correlationId="751a7bf0-8e69-4f99-8911-cac1c0a0e3e2" status="200"
[WebServer] 2026-09-05T11:03:24.583+08:00 INFO  application=marketops-server environment=local buildVersion=0.1.0-SNAPSHOT correlationId=dfe176a2-e361-4ef5-ad32-ad2877a62ad2 c.m.m.s.i.c.CorrelationIdFilter - Request completed event="request_completed" correlationId="dfe176a2-e361-4ef5-ad32-ad2877a62ad2" status="200"
[WebServer] 2026-09-05T11:03:24.585+08:00 INFO  application=marketops-server environment=local buildVersion=0.1.0-SNAPSHOT correlationId=9ca22d7f-c613-43af-a9c6-4e16aa308b3a c.m.m.a.i.a.JdbcMetadataAuditStore - Metadata change recorded event="metadata_change_recorded" sourceDomain="advertisingefficiency" entityType="advertising_command" entityId="e96da4ed-4cff-4b1e-b563-e871064a3813" action="READ" actorId="5260df57-58a7-4b5a-a3a8-bfabe2016cfd" correlationId="9ca22d7f-c613-43af-a9c6-4e16aa308b3a"
[WebServer] 2026-09-05T11:03:24.597+08:00 INFO  application=marketops-server environment=local buildVersion=0.1.0-SNAPSHOT correlationId=9ca22d7f-c613-43af-a9c6-4e16aa308b3a c.m.m.s.i.c.CorrelationIdFilter - Request completed event="request_completed" correlationId="9ca22d7f-c613-43af-a9c6-4e16aa308b3a" status="200"
[WebServer] 2026-09-05T11:03:24.623+08:00 INFO  application=marketops-server environment=local buildVersion=0.1.0-SNAPSHOT correlationId=78d3721d-be74-4b49-876c-f8011d7375a6 c.m.m.s.i.c.CorrelationIdFilter - Request completed event="request_completed" correlationId="78d3721d-be74-4b49-876c-f8011d7375a6" status="200"
[WebServer] 2026-09-05T11:03:24.630+08:00 INFO  application=marketops-server environment=local buildVersion=0.1.0-SNAPSHOT correlationId=fa85ed6a-adcb-41f1-8f9b-4d288ecf3b47 c.m.m.a.i.a.JdbcMetadataAuditStore - Metadata change recorded event="metadata_change_recorded" sourceDomain="advertisingefficiency" entityType="advertising_outcome" entityId="e96da4ed-4cff-4b1e-b563-e871064a3813" action="READ" actorId="5260df57-58a7-4b5a-a3a8-bfabe2016cfd" correlationId="fa85ed6a-adcb-41f1-8f9b-4d288ecf3b47"
[WebServer] 2026-09-05T11:03:24.656+08:00 INFO  application=marketops-server environment=local buildVersion=0.1.0-SNAPSHOT correlationId=fa85ed6a-adcb-41f1-8f9b-4d288ecf3b47 c.m.m.s.i.c.CorrelationIdFilter - Request completed event="request_completed" correlationId="fa85ed6a-adcb-41f1-8f9b-4d288ecf3b47" status="200"
  ✓  10 tests/advertising-browser/governed-advertising.spec.ts:396:3 › HISTORY_REGRESSION preserves actual HTTP command history, unresolved state and separate outcomes (1.0s)
[WebServer] 2026-09-05T11:03:25.266+08:00 INFO  application=marketops-server environment=local buildVersion=0.1.0-SNAPSHOT correlationId=d66e1897-92bb-4d7c-a758-01a30ab83cb5 c.m.m.s.i.c.CorrelationIdFilter - Request completed event="request_completed" correlationId="d66e1897-92bb-4d7c-a758-01a30ab83cb5" status="200"
[WebServer] 2026-09-05T11:03:25.268+08:00 INFO  application=marketops-server environment=local buildVersion=0.1.0-SNAPSHOT correlationId=b1e1893b-0892-4871-bf94-37aa63138514 c.m.m.s.i.e.ConsoleProblemAdvice - Console request refused event="console_request_refused" errorCode="RESOURCE_NOT_FOUND" correlationId="b1e1893b-0892-4871-bf94-37aa63138514"
[WebServer] 2026-09-05T11:03:25.268+08:00 INFO  application=marketops-server environment=local buildVersion=0.1.0-SNAPSHOT correlationId=b1e1893b-0892-4871-bf94-37aa63138514 c.m.m.s.i.c.CorrelationIdFilter - Request completed event="request_completed" correlationId="b1e1893b-0892-4871-bf94-37aa63138514" status="404"
[WebServer] 2026-09-05T11:03:25.270+08:00 INFO  application=marketops-server environment=local buildVersion=0.1.0-SNAPSHOT correlationId=83471d1d-a369-495e-b879-9c60ca802794 c.m.m.a.i.a.JdbcMetadataAuditStore - Metadata change recorded event="metadata_change_recorded" sourceDomain="advertisingefficiency" entityType="advertising_containments" entityId="e242ae8b-660c-4fef-91b1-eb780e222a6b" action="READ" actorId="769b5a3a-0bab-4196-89ee-ed64097eb1c2" correlationId="83471d1d-a369-495e-b879-9c60ca802794"
[WebServer] 2026-09-05T11:03:25.272+08:00 INFO  application=marketops-server environment=local buildVersion=0.1.0-SNAPSHOT correlationId=1eff76d8-96aa-4458-81fd-9cd581f25592 c.m.m.a.i.a.JdbcMetadataAuditStore - Metadata change recorded event="metadata_change_recorded" sourceDomain="availabilityrisk" entityType="availability_queue" entityId="e242ae8b-660c-4fef-91b1-eb780e222a6b" action="READ" actorId="769b5a3a-0bab-4196-89ee-ed64097eb1c2" correlationId="1eff76d8-96aa-4458-81fd-9cd581f25592"
[WebServer] 2026-09-05T11:03:25.275+08:00 INFO  application=marketops-server environment=local buildVersion=0.1.0-SNAPSHOT correlationId=2b3eb1ce-aa63-4bb4-a952-c6c42011f886 c.m.m.s.i.e.ConsoleProblemAdvice - Console request refused event="console_request_refused" errorCode="RESOURCE_SCOPE_DENIED" correlationId="2b3eb1ce-aa63-4bb4-a952-c6c42011f886"
[WebServer] 2026-09-05T11:03:25.275+08:00 INFO  application=marketops-server environment=local buildVersion=0.1.0-SNAPSHOT correlationId=1eff76d8-96aa-4458-81fd-9cd581f25592 c.m.m.s.i.c.CorrelationIdFilter - Request completed event="request_completed" correlationId="1eff76d8-96aa-4458-81fd-9cd581f25592" status="200"
[WebServer] 2026-09-05T11:03:25.276+08:00 INFO  application=marketops-server environment=local buildVersion=0.1.0-SNAPSHOT correlationId=2b3eb1ce-aa63-4bb4-a952-c6c42011f886 c.m.m.s.i.c.CorrelationIdFilter - Request completed event="request_completed" correlationId="2b3eb1ce-aa63-4bb4-a952-c6c42011f886" status="403"
[WebServer] 2026-09-05T11:03:25.280+08:00 INFO  application=marketops-server environment=local buildVersion=0.1.0-SNAPSHOT correlationId=c33a8f1d-b30b-4e2f-ae67-f71a45696a43 c.m.m.a.i.a.JdbcMetadataAuditStore - Metadata change recorded event="metadata_change_recorded" sourceDomain="advertisingefficiency" entityType="advertising_reservations" entityId="e242ae8b-660c-4fef-91b1-eb780e222a6b" action="READ" actorId="769b5a3a-0bab-4196-89ee-ed64097eb1c2" correlationId="c33a8f1d-b30b-4e2f-ae67-f71a45696a43"
[WebServer] 2026-09-05T11:03:25.284+08:00 INFO  application=marketops-server environment=local buildVersion=0.1.0-SNAPSHOT correlationId=83471d1d-a369-495e-b879-9c60ca802794 c.m.m.s.i.c.CorrelationIdFilter - Request completed event="request_completed" correlationId="83471d1d-a369-495e-b879-9c60ca802794" status="200"
[WebServer] 2026-09-05T11:03:25.292+08:00 INFO  application=marketops-server environment=local buildVersion=0.1.0-SNAPSHOT correlationId=cbf9e266-f7df-4e86-9564-91058d2b10dd c.m.m.a.i.a.JdbcMetadataAuditStore - Metadata change recorded event="metadata_change_recorded" sourceDomain="advertisingefficiency" entityType="advertising_exposure" entityId="e242ae8b-660c-4fef-91b1-eb780e222a6b" action="READ" actorId="769b5a3a-0bab-4196-89ee-ed64097eb1c2" correlationId="cbf9e266-f7df-4e86-9564-91058d2b10dd"
[WebServer] 2026-09-05T11:03:25.293+08:00 INFO  application=marketops-server environment=local buildVersion=0.1.0-SNAPSHOT correlationId=a2e2e47e-202b-4ba9-b8bb-98a16f48b114 c.m.m.s.i.e.ConsoleProblemAdvice - Console request refused event="console_request_refused" errorCode="RESOURCE_SCOPE_DENIED" correlationId="a2e2e47e-202b-4ba9-b8bb-98a16f48b114"
[WebServer] 2026-09-05T11:03:25.293+08:00 INFO  application=marketops-server environment=local buildVersion=0.1.0-SNAPSHOT correlationId=cbf9e266-f7df-4e86-9564-91058d2b10dd c.m.m.s.i.c.CorrelationIdFilter - Request completed event="request_completed" correlationId="cbf9e266-f7df-4e86-9564-91058d2b10dd" status="200"
[WebServer] 2026-09-05T11:03:25.293+08:00 INFO  application=marketops-server environment=local buildVersion=0.1.0-SNAPSHOT correlationId=a2e2e47e-202b-4ba9-b8bb-98a16f48b114 c.m.m.s.i.c.CorrelationIdFilter - Request completed event="request_completed" correlationId="a2e2e47e-202b-4ba9-b8bb-98a16f48b114" status="403"
[WebServer] 2026-09-05T11:03:25.295+08:00 INFO  application=marketops-server environment=local buildVersion=0.1.0-SNAPSHOT correlationId=2a8653c4-c65d-4a4a-aad3-4ea76571f12d c.m.m.a.i.a.JdbcMetadataAuditStore - Metadata change recorded event="metadata_change_recorded" sourceDomain="advertisingefficiency" entityType="advertising_queue" entityId="e242ae8b-660c-4fef-91b1-eb780e222a6b" action="READ" actorId="769b5a3a-0bab-4196-89ee-ed64097eb1c2" correlationId="2a8653c4-c65d-4a4a-aad3-4ea76571f12d"
[WebServer] 2026-09-05T11:03:25.300+08:00 INFO  application=marketops-server environment=local buildVersion=0.1.0-SNAPSHOT correlationId=c33a8f1d-b30b-4e2f-ae67-f71a45696a43 c.m.m.s.i.c.CorrelationIdFilter - Request completed event="request_completed" correlationId="c33a8f1d-b30b-4e2f-ae67-f71a45696a43" status="200"
[WebServer] 2026-09-05T11:03:25.311+08:00 INFO  application=marketops-server environment=local buildVersion=0.1.0-SNAPSHOT correlationId=2a8653c4-c65d-4a4a-aad3-4ea76571f12d c.m.m.s.i.c.CorrelationIdFilter - Request completed event="request_completed" correlationId="2a8653c4-c65d-4a4a-aad3-4ea76571f12d" status="200"
[WebServer] 2026-09-05T11:03:25.319+08:00 INFO  application=marketops-server environment=local buildVersion=0.1.0-SNAPSHOT correlationId=9054f366-7821-4184-863e-08c56d19bb24 c.m.m.a.i.a.JdbcMetadataAuditStore - Metadata change recorded event="metadata_change_recorded" sourceDomain="advertisingefficiency" entityType="advertising_orchestration" entityId="e242ae8b-660c-4fef-91b1-eb780e222a6b" action="READ" actorId="769b5a3a-0bab-4196-89ee-ed64097eb1c2" correlationId="9054f366-7821-4184-863e-08c56d19bb24"
[WebServer] 2026-09-05T11:03:25.320+08:00 INFO  application=marketops-server environment=local buildVersion=0.1.0-SNAPSHOT correlationId=9054f366-7821-4184-863e-08c56d19bb24 c.m.m.s.i.c.CorrelationIdFilter - Request completed event="request_completed" correlationId="9054f366-7821-4184-863e-08c56d19bb24" status="200"
[WebServer] 2026-09-05T11:03:25.341+08:00 INFO  application=marketops-server environment=local buildVersion=0.1.0-SNAPSHOT correlationId=959f0803-56be-484e-bea9-e685101ad751 c.m.m.s.i.c.CorrelationIdFilter - Request completed event="request_completed" correlationId="959f0803-56be-484e-bea9-e685101ad751" status="200"
[WebServer] 2026-09-05T11:03:25.440+08:00 INFO  application=marketops-server environment=local buildVersion=0.1.0-SNAPSHOT correlationId=9442be2d-1963-4dd4-8a50-99bc8c2abc4d c.m.m.a.i.a.JdbcMetadataAuditStore - Metadata change recorded event="metadata_change_recorded" sourceDomain="advertisingefficiency" entityType="advertising_case" entityId="322ac1ba-4b25-437e-b71d-fadce65774bb" action="READ" actorId="769b5a3a-0bab-4196-89ee-ed64097eb1c2" correlationId="9442be2d-1963-4dd4-8a50-99bc8c2abc4d"
[WebServer] 2026-09-05T11:03:25.450+08:00 INFO  application=marketops-server environment=local buildVersion=0.1.0-SNAPSHOT correlationId=9442be2d-1963-4dd4-8a50-99bc8c2abc4d c.m.m.s.i.c.CorrelationIdFilter - Request completed event="request_completed" correlationId="9442be2d-1963-4dd4-8a50-99bc8c2abc4d" status="200"
[WebServer] 2026-09-05T11:03:25.481+08:00 INFO  application=marketops-server environment=local buildVersion=0.1.0-SNAPSHOT correlationId=939ff1cd-7405-45e5-8fe3-ffbc6416cd36 c.m.m.a.i.a.JdbcMetadataAuditStore - Metadata change recorded event="metadata_change_recorded" sourceDomain="advertisingefficiency" entityType="advertising_manual_packet" entityId="9de60535-3928-413b-bcec-0b4b1bb4bf12" action="READ" actorId="769b5a3a-0bab-4196-89ee-ed64097eb1c2" correlationId="939ff1cd-7405-45e5-8fe3-ffbc6416cd36"
[WebServer] 2026-09-05T11:03:25.482+08:00 INFO  application=marketops-server environment=local buildVersion=0.1.0-SNAPSHOT correlationId=939ff1cd-7405-45e5-8fe3-ffbc6416cd36 c.m.m.s.i.c.CorrelationIdFilter - Request completed event="request_completed" correlationId="939ff1cd-7405-45e5-8fe3-ffbc6416cd36" status="200"
[WebServer] 2026-09-05T11:03:25.505+08:00 INFO  application=marketops-server environment=local buildVersion=0.1.0-SNAPSHOT correlationId=6c89185b-2475-4698-92cf-57960efbde73 c.m.m.s.i.c.CorrelationIdFilter - Request completed event="request_completed" correlationId="6c89185b-2475-4698-92cf-57960efbde73" status="200"
[WebServer] 2026-09-05T11:03:25.516+08:00 INFO  application=marketops-server environment=local buildVersion=0.1.0-SNAPSHOT correlationId=923dc5e8-eca0-4cf7-8a69-4614ebc5d79a c.m.m.s.i.c.CorrelationIdFilter - Request completed event="request_completed" correlationId="923dc5e8-eca0-4cf7-8a69-4614ebc5d79a" status="200"
[WebServer] 2026-09-05T11:03:25.534+08:00 INFO  application=marketops-server environment=local buildVersion=0.1.0-SNAPSHOT correlationId=f7423190-7795-4147-8138-9615b085eced c.m.m.s.i.c.CorrelationIdFilter - Request completed event="request_completed" correlationId="f7423190-7795-4147-8138-9615b085eced" status="200"
[WebServer] 2026-09-05T11:03:25.535+08:00 INFO  application=marketops-server environment=local buildVersion=0.1.0-SNAPSHOT correlationId=dd8415c6-60d0-4677-9b12-4128847f5d2f c.m.m.a.i.a.JdbcMetadataAuditStore - Metadata change recorded event="metadata_change_recorded" sourceDomain="advertisingefficiency" entityType="advertising_command" entityId="4e782a76-60e1-47dc-b79d-8ed7e0b560ac" action="READ" actorId="769b5a3a-0bab-4196-89ee-ed64097eb1c2" correlationId="dd8415c6-60d0-4677-9b12-4128847f5d2f"
[WebServer] 2026-09-05T11:03:25.549+08:00 INFO  application=marketops-server environment=local buildVersion=0.1.0-SNAPSHOT correlationId=dd8415c6-60d0-4677-9b12-4128847f5d2f c.m.m.s.i.c.CorrelationIdFilter - Request completed event="request_completed" correlationId="dd8415c6-60d0-4677-9b12-4128847f5d2f" status="200"
[WebServer] 2026-09-05T11:03:25.566+08:00 INFO  application=marketops-server environment=local buildVersion=0.1.0-SNAPSHOT correlationId=69e2c7f1-2f57-4475-bbcf-ebd99e8d7f5d c.m.m.s.i.c.CorrelationIdFilter - Request completed event="request_completed" correlationId="69e2c7f1-2f57-4475-bbcf-ebd99e8d7f5d" status="200"
[WebServer] 2026-09-05T11:03:25.568+08:00 INFO  application=marketops-server environment=local buildVersion=0.1.0-SNAPSHOT correlationId=e106c5cf-49ac-48ad-a5a3-c3df8e695571 c.m.m.a.i.a.JdbcMetadataAuditStore - Metadata change recorded event="metadata_change_recorded" sourceDomain="advertisingefficiency" entityType="advertising_outcome" entityId="4e782a76-60e1-47dc-b79d-8ed7e0b560ac" action="READ" actorId="769b5a3a-0bab-4196-89ee-ed64097eb1c2" correlationId="e106c5cf-49ac-48ad-a5a3-c3df8e695571"
[WebServer] 2026-09-05T11:03:25.570+08:00 INFO  application=marketops-server environment=local buildVersion=0.1.0-SNAPSHOT correlationId=e106c5cf-49ac-48ad-a5a3-c3df8e695571 c.m.m.s.i.c.CorrelationIdFilter - Request completed event="request_completed" correlationId="e106c5cf-49ac-48ad-a5a3-c3df8e695571" status="200"
[WebServer] 2026-09-05T11:03:25.620+08:00 INFO  application=marketops-server environment=local buildVersion=0.1.0-SNAPSHOT correlationId=eafa6385-f84c-4bc9-a1ff-2d5d2e7c620a c.m.m.s.i.c.CorrelationIdFilter - Request completed event="request_completed" correlationId="eafa6385-f84c-4bc9-a1ff-2d5d2e7c620a" status="200"
[WebServer] 2026-09-05T11:03:25.624+08:00 INFO  application=marketops-server environment=local buildVersion=0.1.0-SNAPSHOT correlationId=603a7a88-205b-4746-b507-6ba9f271eedd c.m.m.a.i.a.JdbcMetadataAuditStore - Metadata change recorded event="metadata_change_recorded" sourceDomain="advertisingefficiency" entityType="advertising_command" entityId="4e782a76-60e1-47dc-b79d-8ed7e0b560ac" action="READ" actorId="769b5a3a-0bab-4196-89ee-ed64097eb1c2" correlationId="603a7a88-205b-4746-b507-6ba9f271eedd"
[WebServer] 2026-09-05T11:03:25.624+08:00 INFO  application=marketops-server environment=local buildVersion=0.1.0-SNAPSHOT correlationId=94ebc491-468c-4c1c-9278-dd525c16a95d c.m.m.a.i.a.JdbcMetadataAuditStore - Metadata change recorded event="metadata_change_recorded" sourceDomain="advertisingefficiency" entityType="advertising_outcome" entityId="4e782a76-60e1-47dc-b79d-8ed7e0b560ac" action="READ" actorId="769b5a3a-0bab-4196-89ee-ed64097eb1c2" correlationId="94ebc491-468c-4c1c-9278-dd525c16a95d"
[WebServer] 2026-09-05T11:03:25.626+08:00 INFO  application=marketops-server environment=local buildVersion=0.1.0-SNAPSHOT correlationId=94ebc491-468c-4c1c-9278-dd525c16a95d c.m.m.s.i.c.CorrelationIdFilter - Request completed event="request_completed" correlationId="94ebc491-468c-4c1c-9278-dd525c16a95d" status="200"
[WebServer] 2026-09-05T11:03:25.641+08:00 INFO  application=marketops-server environment=local buildVersion=0.1.0-SNAPSHOT correlationId=603a7a88-205b-4746-b507-6ba9f271eedd c.m.m.s.i.c.CorrelationIdFilter - Request completed event="request_completed" correlationId="603a7a88-205b-4746-b507-6ba9f271eedd" status="200"
  ✓  11 tests/advertising-browser/governed-advertising.spec.ts:396:3 › HISTORY_EXPIRED preserves actual HTTP command history, unresolved state and separate outcomes (780ms)


  1) tests/advertising-browser/governed-advertising.spec.ts:73:1 › real Maker, Ops Lead and Owner decisions preserve minimum disclosure and exact versions 

    Error: expect(locator).toBeVisible() failed

    Locator: getByLabel('Advertising decision preview')
    Expected: visible
    Timeout: 20000ms
    Error: element(s) not found

    Call log:
      - Expect "toBeVisible" with timeout 20000ms
      - waiting for getByLabel('Advertising decision preview')


      113 |   const owner = await signIn(browser, request, 'OWNER');
      114 |   await owner.page.getByRole('button', { name: 'Review complete decision evidence' }).click();
    > 115 |   await expect(owner.page.getByLabel('Advertising decision preview')).toBeVisible();
          |                                                                       ^
      116 |   await expect(owner.page.getByLabel('Advertising decision preview')).toContainText(
      117 |     'Submitted Configuration',
      118 |   );
        at /Users/chzhengx/Code/personal/marketops-platform/frontend/marketops-console/tests/advertising-browser/governed-advertising.spec.ts:115:71

    attachment #1: screenshot (image/png) ──────────────────────────────────────────────────────────
    test-results/advertising/governed-advertising-real--22caa-sclosure-and-exact-versions/test-failed-3.png
    ────────────────────────────────────────────────────────────────────────────────────────────────

    attachment #2: screenshot (image/png) ──────────────────────────────────────────────────────────
    test-results/advertising/governed-advertising-real--22caa-sclosure-and-exact-versions/test-failed-2.png
    ────────────────────────────────────────────────────────────────────────────────────────────────

    attachment #3: screenshot (image/png) ──────────────────────────────────────────────────────────
    test-results/advertising/governed-advertising-real--22caa-sclosure-and-exact-versions/test-failed-1.png
    ────────────────────────────────────────────────────────────────────────────────────────────────

    Error Context: test-results/advertising/governed-advertising-real--22caa-sclosure-and-exact-versions/error-context.md

    attachment #5: trace (application/zip) ─────────────────────────────────────────────────────────
    test-results/advertising/governed-advertising-real--22caa-sclosure-and-exact-versions/trace.zip
    Usage:

        npx playwright show-trace test-results/advertising/governed-advertising-real--22caa-sclosure-and-exact-versions/trace.zip

    ────────────────────────────────────────────────────────────────────────────────────────────────

  1 failed
    tests/advertising-browser/governed-advertising.spec.ts:73:1 › real Maker, Ops Lead and Owner decisions preserve minimum disclosure and exact versions 
  10 passed (1.3m)
