[WebServer] [INFO] Scanning for projects...
[WebServer] [INFO] 
[WebServer] [INFO] --------------< com.mimococo.marketops:marketops-server >---------------
[WebServer] [INFO] Building MarketOps Server 0.1.0-SNAPSHOT
[WebServer] [INFO]   from pom.xml
[WebServer] [INFO] --------------------------------[ jar ]---------------------------------
[WebServer] [INFO] 
[WebServer] [INFO] >>> spring-boot:4.1.0:test-run (advertising-browser-fixture) > test-compile @ marketops-server >>>
[WebServer] [INFO] 
[WebServer] [INFO] --- enforcer:3.6.3:enforce (enforce-toolchain-and-dependencies) @ marketops-server ---
[WebServer] [INFO] Rule 0: org.apache.maven.enforcer.rules.version.RequireJavaVersion passed
[WebServer] [INFO] Rule 1: org.apache.maven.enforcer.rules.version.RequireMavenVersion passed
[WebServer] [INFO] Rule 2: org.apache.maven.enforcer.rules.dependency.BannedDependencies passed
[WebServer] [INFO] Rule 3: org.apache.maven.enforcer.rules.dependency.DependencyConvergence passed
[WebServer] [INFO] 
[WebServer] [INFO] --- jacoco:0.8.15:prepare-agent (prepare-coverage) @ marketops-server ---
[WebServer] [INFO] argLine set to -javaagent:/Users/chzhengx/.m2/repository/org/jacoco/org.jacoco.agent/0.8.15/org.jacoco.agent-0.8.15-runtime.jar=destfile=/Users/chzhengx/Code/personal/marketops-platform/backend/marketops-server/target/jacoco.exec
[WebServer] [INFO] 
[WebServer] [INFO] --- spring-boot:4.1.0:build-info (build-info) @ marketops-server ---
[WebServer] [INFO] 
[WebServer] [INFO] --- resources:3.5.0:resources (default-resources) @ marketops-server ---
[WebServer] [INFO] Copying 5 resources from src/main/resources to target/classes
[WebServer] [INFO] Copying 66 resources from src/main/resources to target/classes
[WebServer] [INFO] 
[WebServer] [INFO] --- compiler:3.15.0:compile (default-compile) @ marketops-server ---
[WebServer] [INFO] Nothing to compile - all classes are up to date.
[WebServer] [INFO] [WebServer] 
[WebServer] [INFO] --- resources:3.5.0:testResources (default-testResources) @ marketops-server ---
[WebServer] [INFO] Copying 4 resources from src/test/resources to target/test-classes
[WebServer] [INFO] 
[WebServer] [INFO] --- compiler:3.15.0:testCompile (default-testCompile) @ marketops-server ---
[WebServer] [INFO] Recompiling the module because of changed source code.
[WebServer] [INFO] Compiling 269 source files with javac [debug deprecation parameters release 21] to target/test-classes
[WebServer] [WARNING] /Users/chzhengx/Code/personal/marketops-platform/backend/marketops-server/src/test/java/com/mimococo/marketops/AdvertisingDisclosureIT.java:[83,65] asText() in tools.jackson.databind.JsonNode has been deprecated
[WebServer] [WARNING] /Users/chzhengx/Code/personal/marketops-platform/backend/marketops-server/src/test/java/com/mimococo/marketops/AdvertisingDisclosureIT.java:[86,74] asText() in tools.jackson.databind.JsonNode has been deprecated
[WebServer] [WARNING] /Users/chzhengx/Code/personal/marketops-platform/backend/marketops-server/src/test/java/com/mimococo/marketops/AdvertisingDisclosureIT.java:[90,83] asText() in tools.jackson.databind.JsonNode has been deprecated[WebServer] 
[WebServer] [WARNING] /Users/chzhengx/Code/personal/marketops-platform/backend/marketops-server/src/test/java/com/mimococo/marketops/AdvertisingDisclosureIT.java:[113,49] asText() in tools.jackson.databind.JsonNode has been deprecated
[WebServer] [WARNING] /Users/chzhengx/Code/personal/marketops-platform/backend/marketops-server/src/test/java/com/mimococo/marketops/AdvertisingDisclosureIT.java:[162,53] asText() in tools.jackson.databind.JsonNode has been deprecated
[WebServer] [WARNING] /Users/chzhengx/Code/personal/marketops-platform/backend/marketops-server/src/test/java/com/mimococo/marketops/AdvertisingDisclosureIT.java:[205,52] asText() in tools.jackson.databind.JsonNode has been deprecated
[WebServer] [WARNING] /Users/chzhengx/Code/personal/marketops-platform/backend/marketops-server/src/test/java/com/mimococo/marketops/AdvertisingDisclosureIT.java:[275,40] asText() in tools.jackson.databind.JsonNode has been deprecated
[WebServer] [WARNING] /Users/chzhengx/Code/personal/marketops-platform/backend/marketops-server/src/test/java/com/mimococo/marketops/AdvertisingDisclosureIT.java:[277,53] asText() in tools.jackson.databind.JsonNode has been deprecated
[WebServer] [WARNING] /Users/chzhengx/Code/personal/marketops-platform/backend/marketops-server/src/test/java/com/mimococo/marketops/AdvertisingManualWorkflowIT.java:[263,69] asText() in tools.jackson.databind.JsonNode has been deprecated
[WebServer] [WARNING] /Users/chzhengx/Code/personal/marketops-platform/backend/marketops-server/src/test/java/com/mimococo/marketops/AdvertisingMaterialityIT.java:[31,46] asText() in tools.jackson.databind.JsonNode has been deprecated
[WebServer] [WARNING] /Users/chzhengx/Code/personal/marketops-platform/backend/marketops-server/src/test/java/com/mimococo/marketops/AdvertisingMaterialityIT.java:[72,40] asText() in tools.jackson.databind.JsonNode has been deprecated
[WebServer] [WARNING] /Users/chzhengx/Code/personal/marketops-platform/backend/marketops-server/src/test/java/com/mimococo/marketops/AdvertisingMaterialityIT.java:[77,46] asText() in tools.jackson.databind.JsonNode has been deprecated
[WebServer] [WARNING] /Users/chzhengx/Code/personal/marketops-platform/backend/marketops-server/src/test/java/com/mimococo/marketops/AdvertisingMaterialityIT.java:[83,40] asText() in tools.jackson.databind.JsonNode has been deprecated
[WebServer] [WARNING] /Users/chzhengx/Code/personal/marketops-platform/backend/marketops-server/src/test/java/com/mimococo/marketops/aicopilot/internal/application/OutputValidatorTest.java:[161,56] redundant cast to java.lang.String
[WebServer] [WARNING] /Users/chzhengx/Code/personal/marketops-platform/backend/marketops-server/src/test/java/com/mimococo/marketops/marketplaceintegration/adapter/http/PlatformHttpAdaptersTest.java:[103,70] unchecked generic array creation for varargs parameter of type java.util.Optional<java.lang.String>[]
[WebServer] [INFO] 
[WebServer] [INFO] <<< spring-boot:4.1.0:test-run (advertising-browser-fixture) < test-compile @ marketops-server <<<
[WebServer] [INFO] 
[WebServer] [INFO] 
[WebServer] [INFO] --- spring-boot:4.1.0:test-run (advertising-browser-fixture) @ marketops-server ---
[WebServer] [INFO] Attaching agents: []
[WebServer] 2026-09-05T10:45:18.622+08:00 INFO  application=marketops-server environment=local buildVersion=0.1.0-SNAPSHOT correlationId=none c.m.m.AdvertisingBrowserFixtureApplication - Starting AdvertisingBrowserFixtureApplication v0.1.0-SNAPSHOT using Java 21.0.10 with PID 81232 (/Users/chzhengx/Code/personal/marketops-platform/backend/marketops-server/target/test-classes started by chzhengx in /Users/chzhengx/Code/personal/marketops-platform/backend/marketops-server) 
[WebServer] 2026-09-05T10:45:18.623+08:00 DEBUG application=marketops-server environment=local buildVersion=0.1.0-SNAPSHOT correlationId=none c.m.m.AdvertisingBrowserFixtureApplication - Running with Spring Boot v4.1.0, Spring v7.0.8 
[WebServer] 2026-09-05T10:45:18.623+08:00 INFO  application=marketops-server environment=local buildVersion=0.1.0-SNAPSHOT correlationId=none c.m.m.AdvertisingBrowserFixtureApplication - The following 1 profile is active: "local" 
[WebServer] 2026-09-05T10:45:19.808+08:00 INFO  application=marketops-server environment=local buildVersion=0.1.0-SNAPSHOT correlationId=none o.s.boot.tomcat.TomcatWebServer - Tomcat initialized with port 8080 (http) 
[WebServer] 2026-09-05T10:45:19.816+08:00 INFO  application=marketops-server environment=local buildVersion=0.1.0-SNAPSHOT correlationId=none o.a.catalina.core.StandardService - Starting service [Tomcat] 
[WebServer] 2026-09-05T10:45:19.816+08:00 INFO  application=marketops-server environment=local buildVersion=0.1.0-SNAPSHOT correlationId=none o.a.catalina.core.StandardEngine - Starting Servlet engine: [Apache Tomcat/11.0.22] 
[WebServer] 2026-09-05T10:45:19.835+08:00 INFO  application=marketops-server environment=local buildVersion=0.1.0-SNAPSHOT correlationId=none o.s.b.w.c.s.WebApplicationContextInitializer - Root WebApplicationContext: initialization completed in 1181 ms 
[WebServer] 2026-09-05T10:45:19.929+08:00 DEBUG application=marketops-server environment=local buildVersion=0.1.0-SNAPSHOT correlationId=none c.m.m.s.i.c.CorrelationIdFilter - Filter 'correlationIdFilter' configured for use 
[WebServer] 2026-09-05T10:45:24.832+08:00 INFO  application=marketops-server environment=local buildVersion=0.1.0-SNAPSHOT correlationId=none o.s.b.a.e.web.EndpointLinksResolver - Exposing 2 endpoints beneath base path '/actuator' 
[WebServer] 2026-09-05T10:45:24.867+08:00 INFO  application=marketops-server environment=local buildVersion=0.1.0-SNAPSHOT correlationId=none o.s.boot.tomcat.TomcatWebServer - Tomcat started on port 8080 (http) with context path '/' 
[WebServer] 2026-09-05T10:45:24.873+08:00 INFO  application=marketops-server environment=local buildVersion=0.1.0-SNAPSHOT correlationId=none o.s.s.config.TaskSchedulerRouter - No TaskScheduler/ScheduledExecutorService bean found for scheduled processing 
[WebServer] 2026-09-05T10:45:24.876+08:00 INFO  application=marketops-server environment=local buildVersion=0.1.0-SNAPSHOT correlationId=none c.m.m.AdvertisingBrowserFixtureApplication - Started AdvertisingBrowserFixtureApplication in 6.66 seconds (process running for 6.855) 
[WebServer] 2026-09-05T10:45:25.306+08:00 INFO  application=marketops-server environment=local buildVersion=0.1.0-SNAPSHOT correlationId=none c.m.m.a.i.a.JdbcMetadataAuditStore - Metadata change recorded event="metadata_change_recorded" sourceDomain="identityaccess" entityType="user-scope-grant" entityId="ded56de4-cb99-4c3c-ae0c-fd5a4622b7ca" action="GRANT" actorId="synthetic-ad-browser" correlationId="07d1d03a-5e9e-4591-8107-19bb95845c67"
[WebServer] 2026-09-05T10:45:25.312+08:00 INFO  application=marketops-server environment=local buildVersion=0.1.0-SNAPSHOT correlationId=none c.m.m.a.i.a.JdbcMetadataAuditStore - Metadata change recorded event="metadata_change_recorded" sourceDomain="identityaccess" entityType="user-scope-grant" entityId="ab0f7f77-fc89-4969-ab78-9f74adf6d716" action="GRANT" actorId="synthetic-ad-browser" correlationId="131d6998-f821-4d8d-91aa-9e6c0b6236bd"
[WebServer] 2026-09-05T10:45:25.316+08:00 INFO  application=marketops-server environment=local buildVersion=0.1.0-SNAPSHOT correlationId=none c.m.m.a.i.a.JdbcMetadataAuditStore - Metadata change recorded event="metadata_change_recorded" sourceDomain="identityaccess" entityType="user-scope-grant" entityId="634defc8-3f8e-41bc-b330-0aab845796a7" action="GRANT" actorId="synthetic-ad-browser" correlationId="63ccc23a-d1cb-4fef-9246-9f6b49d332e3"
[WebServer] 2026-09-05T10:45:25.319+08:00 INFO  application=marketops-server environment=local buildVersion=0.1.0-SNAPSHOT correlationId=none c.m.m.a.i.a.JdbcMetadataAuditStore - Metadata change recorded event="metadata_change_recorded" sourceDomain="identityaccess" entityType="user-scope-grant" entityId="e18a49ef-1931-426e-8812-9ab5cdbc8931" action="GRANT" actorId="synthetic-ad-browser" correlationId="d390ed65-282d-4c6f-9bf7-09811914bfde"
[WebServer] 2026-09-05T10:45:25.323+08:00 INFO  application=marketops-server environment=local buildVersion=0.1.0-SNAPSHOT correlationId=none c.m.m.a.i.a.JdbcMetadataAuditStore - Metadata change recorded event="metadata_change_recorded" sourceDomain="identityaccess" entityType="user-scope-grant" entityId="f9d90df0-5a85-4ee3-98ec-989c379e901e" action="GRANT" actorId="synthetic-ad-browser" correlationId="1f50f4bf-a831-45a3-aa2a-5c98c76e2b84"
[WebServer] 2026-09-05T10:45:25.326+08:00 INFO  application=marketops-server environment=local buildVersion=0.1.0-SNAPSHOT correlationId=none c.m.m.a.i.a.JdbcMetadataAuditStore - Metadata change recorded event="metadata_change_recorded" sourceDomain="identityaccess" entityType="user-scope-grant" entityId="14327e5c-b7f5-4fd5-80b6-d28ed756a9c7" action="GRANT" actorId="synthetic-ad-browser" correlationId="99368b6f-1946-4b1c-9023-dbad4cf8803f"
[WebServer] 2026-09-05T10:45:25.329+08:00 INFO  application=marketops-server environment=local buildVersion=0.1.0-SNAPSHOT correlationId=none c.m.m.a.i.a.JdbcMetadataAuditStore - Metadata change recorded event="metadata_change_recorded" sourceDomain="identityaccess" entityType="user-scope-grant" entityId="4045d398-f6d5-4250-8d41-322fe160c6fb" action="GRANT" actorId="synthetic-ad-browser" correlationId="c5fb3261-e5d0-4ecd-9667-2537aa131453"
[WebServer] 2026-09-05T10:45:25.332+08:00 INFO  application=marketops-server environment=local buildVersion=0.1.0-SNAPSHOT correlationId=none c.m.m.a.i.a.JdbcMetadataAuditStore - Metadata change recorded event="metadata_change_recorded" sourceDomain="identityaccess" entityType="user-scope-grant" entityId="853cedae-3ec8-4b40-9a5b-9d1225013923" action="GRANT" actorId="synthetic-ad-browser" correlationId="63541df8-92c5-4b61-9a09-a69d4db47875"
[WebServer] 2026-09-05T10:45:25.336+08:00 INFO  application=marketops-server environment=local buildVersion=0.1.0-SNAPSHOT correlationId=none c.m.m.a.i.a.JdbcMetadataAuditStore - Metadata change recorded event="metadata_change_recorded" sourceDomain="identityaccess" entityType="user-role-assignment" entityId="1bbb8a1e-7399-4eb9-873a-a91dae791981" action="GRANT" actorId="synthetic-ad-browser" correlationId="ce7bae3f-4cb6-4bcd-bde1-c0986c76fb5d"
[WebServer] 2026-09-05T10:45:25.339+08:00 INFO  application=marketops-server environment=local buildVersion=0.1.0-SNAPSHOT correlationId=none c.m.m.a.i.a.JdbcMetadataAuditStore - Metadata change recorded event="metadata_change_recorded" sourceDomain="identityaccess" entityType="user-scope-grant" entityId="4e78e05b-eb73-453f-bbea-22fdf87c0234" action="GRANT" actorId="synthetic-ad-browser" correlationId="392caaa0-5590-4fc4-bd59-9b275ff6c500"
[WebServer] 2026-09-05T10:45:25.342+08:00 INFO  application=marketops-server environment=local buildVersion=0.1.0-SNAPSHOT correlationId=none c.m.m.a.i.a.JdbcMetadataAuditStore - Metadata change recorded event="metadata_change_recorded" sourceDomain="identityaccess" entityType="user-scope-grant" entityId="7711975f-b3d4-4089-8f64-5d4fb3033e76" action="GRANT" actorId="synthetic-ad-browser" correlationId="48463dd5-a2bc-4a32-8ec6-9aa71318a7d9"
[WebServer] 2026-09-05T10:45:25.345+08:00 INFO  application=marketops-server environment=local buildVersion=0.1.0-SNAPSHOT correlationId=none c.m.m.a.i.a.JdbcMetadataAuditStore - Metadata change recorded event="metadata_change_recorded" sourceDomain="identityaccess" entityType="user-scope-grant" entityId="a9f00124-ef01-4f82-8707-e90ceccfbcb1" action="GRANT" actorId="synthetic-ad-browser" correlationId="cb2646b4-82df-468f-8e13-8529e372bd4f"
[WebServer] 2026-09-05T10:45:25.819+08:00 INFO  application=marketops-server environment=local buildVersion=0.1.0-SNAPSHOT correlationId=none c.m.m.a.i.a.JdbcMetadataAuditStore - Metadata change recorded event="metadata_change_recorded" sourceDomain="identityaccess" entityType="user-role-assignment" entityId="1e5cb4d8-6440-432a-8c06-78543fbb0e97" action="GRANT" actorId="synthetic-manual-browser" correlationId="7ec32426-2d86-4879-8b8a-161c71da0006"
[WebServer] 2026-09-05T10:45:25.822+08:00 INFO  application=marketops-server environment=local buildVersion=0.1.0-SNAPSHOT correlationId=none c.m.m.a.i.a.JdbcMetadataAuditStore - Metadata change recorded event="metadata_change_recorded" sourceDomain="identityaccess" entityType="user-scope-grant" entityId="8e7db644-eeca-4a37-8f41-b70421149758" action="GRANT" actorId="synthetic-manual-browser" correlationId="9d929e13-2d5f-4447-a90b-136bd7b75bb9"
[WebServer] 2026-09-05T10:45:25.825+08:00 INFO  application=marketops-server environment=local buildVersion=0.1.0-SNAPSHOT correlationId=none c.m.m.a.i.a.JdbcMetadataAuditStore - Metadata change recorded event="metadata_change_recorded" sourceDomain="identityaccess" entityType="user-scope-grant" entityId="a3127f0f-0982-478b-a662-b84ae0633999" action="GRANT" actorId="synthetic-manual-browser" correlationId="7ecdbc2f-cc55-48a1-9a19-59bf4f8b7dc0"
[WebServer] 2026-09-05T10:45:25.828+08:00 INFO  application=marketops-server environment=local buildVersion=0.1.0-SNAPSHOT correlationId=none c.m.m.a.i.a.JdbcMetadataAuditStore - Metadata change recorded event="metadata_change_recorded" sourceDomain="identityaccess" entityType="user-scope-grant" entityId="c1004335-f795-4ecf-b240-40862c0c3e85" action="GRANT" actorId="synthetic-manual-browser" correlationId="acb8a3d1-73b4-4ca7-a71e-864bc5540fb3"
[WebServer] 2026-09-05T10:45:25.831+08:00 INFO  application=marketops-server environment=local buildVersion=0.1.0-SNAPSHOT correlationId=none c.m.m.a.i.a.JdbcMetadataAuditStore - Metadata change recorded event="metadata_change_recorded" sourceDomain="identityaccess" entityType="user-scope-grant" entityId="89b9cde6-56a7-486e-8d34-4305af3e591f" action="GRANT" actorId="synthetic-manual-browser" correlationId="2e933622-e5bf-4fa2-953b-a84a4058d65d"
[WebServer] 2026-09-05T10:45:25.862+08:00 INFO  application=marketops-server environment=local buildVersion=0.1.0-SNAPSHOT correlationId=none c.m.m.a.i.a.JdbcMetadataAuditStore - Metadata change recorded event="metadata_change_recorded" sourceDomain="identityaccess" entityType="user-scope-grant" entityId="659b3203-ffdd-4ad6-9630-96004748a13e" action="GRANT" actorId="synthetic-manual-browser" correlationId="57145f28-4971-4c50-b4f4-791cd5875be3"
[WebServer] 2026-09-05T10:45:25.866+08:00 INFO  application=marketops-server environment=local buildVersion=0.1.0-SNAPSHOT correlationId=none c.m.m.a.i.a.JdbcMetadataAuditStore - Metadata change recorded event="metadata_change_recorded" sourceDomain="identityaccess" entityType="user-scope-grant" entityId="bdbe7e05-7e9f-41c7-82e5-ca5488bebcb6" action="GRANT" actorId="synthetic-manual-browser" correlationId="d14d35f8-ccc7-49e5-9aaf-6c61a5f8dcce"
[WebServer] 2026-09-05T10:45:25.870+08:00 INFO  application=marketops-server environment=local buildVersion=0.1.0-SNAPSHOT correlationId=none c.m.m.a.i.a.JdbcMetadataAuditStore - Metadata change recorded event="metadata_change_recorded" sourceDomain="identityaccess" entityType="user-scope-grant" entityId="4d83176d-5d10-4f58-883c-b973bd62558a" action="GRANT" actorId="synthetic-manual-browser" correlationId="7a8bafa4-8699-41c9-b7c3-f0ab88f163d5"
[WebServer] 2026-09-05T10:45:25.874+08:00 INFO  application=marketops-server environment=local buildVersion=0.1.0-SNAPSHOT correlationId=none c.m.m.a.i.a.JdbcMetadataAuditStore - Metadata change recorded event="metadata_change_recorded" sourceDomain="identityaccess" entityType="user-scope-grant" entityId="ff8f838a-5c39-40ae-b5dc-60c495c18501" action="GRANT" actorId="synthetic-manual-browser" correlationId="d30c8896-a285-4fea-8203-5ee04e226790"
[WebServer] 2026-09-05T10:45:25.878+08:00 INFO  application=marketops-server environment=local buildVersion=0.1.0-SNAPSHOT correlationId=none c.m.m.a.i.a.JdbcMetadataAuditStore - Metadata change recorded event="metadata_change_recorded" sourceDomain="identityaccess" entityType="user-scope-grant" entityId="884034bb-3384-4ebf-a9f7-fb81008b4098" action="GRANT" actorId="synthetic-manual-browser" correlationId="14c4d1c6-4118-4e1e-9374-02b08e50b05d"
[WebServer] 2026-09-05T10:45:25.881+08:00 INFO  application=marketops-server environment=local buildVersion=0.1.0-SNAPSHOT correlationId=none c.m.m.a.i.a.JdbcMetadataAuditStore - Metadata change recorded event="metadata_change_recorded" sourceDomain="identityaccess" entityType="user-scope-grant" entityId="32584abb-65c2-42e1-a30d-88f4088a8eba" action="GRANT" actorId="synthetic-manual-browser" correlationId="471ff58e-d9ce-4a5a-a05a-4750b5809126"
[WebServer] 2026-09-05T10:45:25.914+08:00 INFO  application=marketops-server environment=local buildVersion=0.1.0-SNAPSHOT correlationId=none c.m.m.a.i.a.JdbcMetadataAuditStore - Metadata change recorded event="metadata_change_recorded" sourceDomain="identityaccess" entityType="user-scope-grant" entityId="53fb0a47-137a-4161-b983-7b1ebd43247c" action="GRANT" actorId="synthetic-manual-browser" correlationId="609919f7-abf4-4c82-9cd9-2c88eb9c68bb"
[WebServer] 2026-09-05T10:45:25.922+08:00 INFO  application=marketops-server environment=local buildVersion=0.1.0-SNAPSHOT correlationId=none c.m.m.a.i.a.JdbcMetadataAuditStore - Metadata change recorded event="metadata_change_recorded" sourceDomain="identityaccess" entityType="user-scope-grant" entityId="c06940d0-173a-4037-a69a-24e5d65cd29c" action="GRANT" actorId="synthetic-manual-browser" correlationId="51d924e9-4133-4462-ade7-34f4181cb6bc"
[WebServer] 2026-09-05T10:45:25.925+08:00 INFO  application=marketops-server environment=local buildVersion=0.1.0-SNAPSHOT correlationId=none c.m.m.a.i.a.JdbcMetadataAuditStore - Metadata change recorded event="metadata_change_recorded" sourceDomain="identityaccess" entityType="user-scope-grant" entityId="0fe3b914-7c01-442f-b12b-bc605e69ffc8" action="GRANT" actorId="synthetic-manual-browser" correlationId="0cde98cc-03ec-4f7d-b3d6-f14dfe57e46d"
[WebServer] 2026-09-05T10:45:25.929+08:00 INFO  application=marketops-server environment=local buildVersion=0.1.0-SNAPSHOT correlationId=none c.m.m.a.i.a.JdbcMetadataAuditStore - Metadata change recorded event="metadata_change_recorded" sourceDomain="identityaccess" entityType="user-scope-grant" entityId="7dfe7b79-91a9-43bc-8e70-9ba830b97b9a" action="GRANT" actorId="synthetic-manual-browser" correlationId="8467a752-91d8-401e-8fab-967f7babd547"
[WebServer] 2026-09-05T10:45:25.931+08:00 INFO  application=marketops-server environment=local buildVersion=0.1.0-SNAPSHOT correlationId=none c.m.m.a.i.a.JdbcMetadataAuditStore - Metadata change recorded event="metadata_change_recorded" sourceDomain="identityaccess" entityType="user-scope-grant" entityId="59fe2db8-3278-4f12-a374-52fb5acce963" action="GRANT" actorId="synthetic-manual-browser" correlationId="6df88d05-5e92-4175-abea-0237df844184"
[WebServer] 2026-09-05T10:45:25.935+08:00 INFO  application=marketops-server environment=local buildVersion=0.1.0-SNAPSHOT correlationId=none c.m.m.a.i.a.JdbcMetadataAuditStore - Metadata change recorded event="metadata_change_recorded" sourceDomain="identityaccess" entityType="user-scope-grant" entityId="d77ac6af-7059-4068-8318-26387358215e" action="GRANT" actorId="synthetic-manual-browser" correlationId="180f14a0-4695-4207-9f86-50148be44a07"
[WebServer] 2026-09-05T10:45:26.601+08:00 INFO  application=marketops-server environment=local buildVersion=0.1.0-SNAPSHOT correlationId=none c.m.m.a.i.a.JdbcMetadataAuditStore - Metadata change recorded event="metadata_change_recorded" sourceDomain="identityaccess" entityType="user-role-assignment" entityId="0930ca38-f1f2-4df6-9277-fbbea5a01e44" action="GRANT" actorId="synthetic-manual-browser" correlationId="9c629c77-1dfe-48d5-bdd5-2bb5b5f716d6"
[WebServer] 2026-09-05T10:45:26.605+08:00 INFO  application=marketops-server environment=local buildVersion=0.1.0-SNAPSHOT correlationId=none c.m.m.a.i.a.JdbcMetadataAuditStore - Metadata change recorded event="metadata_change_recorded" sourceDomain="identityaccess" entityType="user-scope-grant" entityId="c8054e39-b797-4ca3-84c8-42193f701da9" action="GRANT" actorId="synthetic-manual-browser" correlationId="6592326e-4244-4f3d-9db8-f631cef7b145"
[WebServer] 2026-09-05T10:45:26.608+08:00 INFO  application=marketops-server environment=local buildVersion=0.1.0-SNAPSHOT correlationId=none c.m.m.a.i.a.JdbcMetadataAuditStore - Metadata change recorded event="metadata_change_recorded" sourceDomain="identityaccess" entityType="user-scope-grant" entityId="3b7445e6-0d31-4f20-a616-55733627c1ec" action="GRANT" actorId="synthetic-manual-browser" correlationId="e4bdb66e-7542-43f9-80c0-6940d527a925"
[WebServer] 2026-09-05T10:45:26.611+08:00 INFO  application=marketops-server environment=local buildVersion=0.1.0-SNAPSHOT correlationId=none c.m.m.a.i.a.JdbcMetadataAuditStore - Metadata change recorded event="metadata_change_recorded" sourceDomain="identityaccess" entityType="user-scope-grant" entityId="8201575e-5dea-44ee-b7b5-7d38b05b6d18" action="GRANT" actorId="synthetic-manual-browser" correlationId="5a4a2b8c-559e-47b3-b6f2-b66b9b64224f"
[WebServer] 2026-09-05T10:45:26.614+08:00 INFO  application=marketops-server environment=local buildVersion=0.1.0-SNAPSHOT correlationId=none c.m.m.a.i.a.JdbcMetadataAuditStore - Metadata change recorded event="metadata_change_recorded" sourceDomain="identityaccess" entityType="user-scope-grant" entityId="f1da96d5-95b4-44bb-b09e-61a4b39fe1e9" action="GRANT" actorId="synthetic-manual-browser" correlationId="41db60a0-05ee-49c8-b84c-cbbf12995ac5"
[WebServer] 2026-09-05T10:45:26.638+08:00 INFO  application=marketops-server environment=local buildVersion=0.1.0-SNAPSHOT correlationId=none c.m.m.a.i.a.JdbcMetadataAuditStore - Metadata change recorded event="metadata_change_recorded" sourceDomain="identityaccess" entityType="user-scope-grant" entityId="e201e0d1-907d-490b-b57c-6c4575ea4e4a" action="GRANT" actorId="synthetic-manual-browser" correlationId="f58768f7-fa76-4e64-a270-07d9002d65c7"
[WebServer] 2026-09-05T10:45:26.641+08:00 INFO  application=marketops-server environment=local buildVersion=0.1.0-SNAPSHOT correlationId=none c.m.m.a.i.a.JdbcMetadataAuditStore - Metadata change recorded event="metadata_change_recorded" sourceDomain="identityaccess" entityType="user-scope-grant" entityId="0cc1b0bb-a03c-48ab-8966-7361a5e240de" action="GRANT" actorId="synthetic-manual-browser" correlationId="17dc47a0-2ba3-4ee6-8a14-3e70d8ed1ea0"
[WebServer] 2026-09-05T10:45:26.644+08:00 INFO  application=marketops-server environment=local buildVersion=0.1.0-SNAPSHOT correlationId=none c.m.m.a.i.a.JdbcMetadataAuditStore - Metadata change recorded event="metadata_change_recorded" sourceDomain="identityaccess" entityType="user-scope-grant" entityId="0aa9a52d-874f-4a65-98a4-d28c1f97ef21" action="GRANT" actorId="synthetic-manual-browser" correlationId="4dfffe96-1590-4b3f-a0eb-9b24142ccee1"
[WebServer] 2026-09-05T10:45:26.646+08:00 INFO  application=marketops-server environment=local buildVersion=0.1.0-SNAPSHOT correlationId=none c.m.m.a.i.a.JdbcMetadataAuditStore - Metadata change recorded event="metadata_change_recorded" sourceDomain="identityaccess" entityType="user-scope-grant" entityId="c8f4dc32-f018-4da2-b7b7-6d32dc9506dd" action="GRANT" actorId="synthetic-manual-browser" correlationId="2e65dd84-ffa2-4833-afe4-2ef120b089f0"
[WebServer] 2026-09-05T10:45:26.649+08:00 INFO  application=marketops-server environment=local buildVersion=0.1.0-SNAPSHOT correlationId=none c.m.m.a.i.a.JdbcMetadataAuditStore - Metadata change recorded event="metadata_change_recorded" sourceDomain="identityaccess" entityType="user-scope-grant" entityId="4171f7d5-6396-4e57-81ed-4ed0bb8c7b71" action="GRANT" actorId="synthetic-manual-browser" correlationId="5bad9420-5471-4f28-9077-ebd2ef834675"
[WebServer] 2026-09-05T10:45:26.652+08:00 INFO  application=marketops-server environment=local buildVersion=0.1.0-SNAPSHOT correlationId=none c.m.m.a.i.a.JdbcMetadataAuditStore - Metadata change recorded event="metadata_change_recorded" sourceDomain="identityaccess" entityType="user-scope-grant" entityId="2e30dd37-bdd2-46fc-9f2b-86e3fba0234f" action="GRANT" actorId="synthetic-manual-browser" correlationId="9380c52b-27c2-48d7-887c-7255e928e7c6"
[WebServer] 2026-09-05T10:45:26.674+08:00 INFO  application=marketops-server environment=local buildVersion=0.1.0-SNAPSHOT correlationId=none c.m.m.a.i.a.JdbcMetadataAuditStore - Metadata change recorded event="metadata_change_recorded" sourceDomain="identityaccess" entityType="user-scope-grant" entityId="9ea6c37f-40fc-4b26-a6e2-bc2c79c2f479" action="GRANT" actorId="synthetic-manual-browser" correlationId="5e4746fc-2de7-407b-b083-19b0302059f8"
[WebServer] 2026-09-05T10:45:26.677+08:00 INFO  application=marketops-server environment=local buildVersion=0.1.0-SNAPSHOT correlationId=none c.m.m.a.i.a.JdbcMetadataAuditStore - Metadata change recorded event="metadata_change_recorded" sourceDomain="identityaccess" entityType="user-scope-grant" entityId="8ff04d8b-6267-4132-832e-3a0942605340" action="GRANT" actorId="synthetic-manual-browser" correlationId="9b8ba632-357e-41f3-973e-0211d9cc19b9"
[WebServer] 2026-09-05T10:45:26.680+08:00 INFO  application=marketops-server environment=local buildVersion=0.1.0-SNAPSHOT correlationId=none c.m.m.a.i.a.JdbcMetadataAuditStore - Metadata change recorded event="metadata_change_recorded" sourceDomain="identityaccess" entityType="user-scope-grant" entityId="3f4f659f-3007-4afb-974c-86877d76ae6f" action="GRANT" actorId="synthetic-manual-browser" correlationId="833ca649-3502-4ae1-9d76-cd38847cb5b9"
[WebServer] 2026-09-05T10:45:26.682+08:00 INFO  application=marketops-server environment=local buildVersion=0.1.0-SNAPSHOT correlationId=none c.m.m.a.i.a.JdbcMetadataAuditStore - Metadata change recorded event="metadata_change_recorded" sourceDomain="identityaccess" entityType="user-scope-grant" entityId="42da7a72-35e2-42e7-9417-482b11d0f389" action="GRANT" actorId="synthetic-manual-browser" correlationId="da1aa71d-b821-47ca-9041-cb5d344d6581"
[WebServer] 2026-09-05T10:45:26.685+08:00 INFO  application=marketops-server environment=local buildVersion=0.1.0-SNAPSHOT correlationId=none c.m.m.a.i.a.JdbcMetadataAuditStore - Metadata change recorded event="metadata_change_recorded" sourceDomain="identityaccess" entityType="user-scope-grant" entityId="b97c7ca7-63d4-4b90-8b91-a582f5e06103" action="GRANT" actorId="synthetic-manual-browser" correlationId="9a1f0913-f11e-470f-a4e2-91de8b8fea7b"
[WebServer] 2026-09-05T10:45:26.688+08:00 INFO  application=marketops-server environment=local buildVersion=0.1.0-SNAPSHOT correlationId=none c.m.m.a.i.a.JdbcMetadataAuditStore - Metadata change recorded event="metadata_change_recorded" sourceDomain="identityaccess" entityType="user-scope-grant" entityId="5123e08d-96c8-441c-8bdd-d703e87a05ea" action="GRANT" actorId="synthetic-manual-browser" correlationId="d4800618-6ce9-4445-96d9-60c1a41948b6"
[WebServer] 2026-09-05T10:45:27.461+08:00 INFO  application=marketops-server environment=local buildVersion=0.1.0-SNAPSHOT correlationId=none c.m.m.a.i.a.JdbcMetadataAuditStore - Metadata change recorded event="metadata_change_recorded" sourceDomain="identityaccess" entityType="user-role-assignment" entityId="f2a47c1f-634e-43ab-aad9-bd2d881e9af3" action="GRANT" actorId="synthetic-manual-browser" correlationId="81383908-0325-4123-ab60-5de627525bad"
[WebServer] 2026-09-05T10:45:27.469+08:00 INFO  application=marketops-server environment=local buildVersion=0.1.0-SNAPSHOT correlationId=none c.m.m.a.i.a.JdbcMetadataAuditStore - Metadata change recorded event="metadata_change_recorded" sourceDomain="identityaccess" entityType="user-scope-grant" entityId="b0dbbc08-db82-4236-8134-979ce30fcee5" action="GRANT" actorId="synthetic-manual-browser" correlationId="e37e3ee9-4e75-4cec-a333-0da2a5f3d9b3"
[WebServer] 2026-09-05T10:45:27.473+08:00 INFO  application=marketops-server environment=local buildVersion=0.1.0-SNAPSHOT correlationId=none c.m.m.a.i.a.JdbcMetadataAuditStore - Metadata change recorded event="metadata_change_recorded" sourceDomain="identityaccess" entityType="user-scope-grant" entityId="9510188e-732f-4cb8-874f-d4f6d47f4702" action="GRANT" actorId="synthetic-manual-browser" correlationId="eabfef87-9b0d-4777-b403-1dfbfa266a2b"
[WebServer] 2026-09-05T10:45:27.475+08:00 INFO  application=marketops-server environment=local buildVersion=0.1.0-SNAPSHOT correlationId=none c.m.m.a.i.a.JdbcMetadataAuditStore - Metadata change recorded event="metadata_change_recorded" sourceDomain="identityaccess" entityType="user-scope-grant" entityId="e0c43b79-971d-4b6f-be6f-a93d1c03391c" action="GRANT" actorId="synthetic-manual-browser" correlationId="09c795c8-46ed-4747-aea3-0b76bcf3ee95"
[WebServer] 2026-09-05T10:45:27.479+08:00 INFO  application=marketops-server environment=local buildVersion=0.1.0-SNAPSHOT correlationId=none c.m.m.a.i.a.JdbcMetadataAuditStore - Metadata change recorded event="metadata_change_recorded" sourceDomain="identityaccess" entityType="user-scope-grant" entityId="36bbc314-87ad-499c-a3a3-d8408062fccf" action="GRANT" actorId="synthetic-manual-browser" correlationId="b5e84c46-acc8-4c01-ac77-ed37bf159fad"
[WebServer] 2026-09-05T10:45:27.503+08:00 INFO  application=marketops-server environment=local buildVersion=0.1.0-SNAPSHOT correlationId=none c.m.m.a.i.a.JdbcMetadataAuditStore - Metadata change recorded event="metadata_change_recorded" sourceDomain="identityaccess" entityType="user-scope-grant" entityId="eafae8ad-d173-403d-9050-9dab4b95fe52" action="GRANT" actorId="synthetic-manual-browser" correlationId="8ea54318-1019-4417-9d17-3a8512319168"
[WebServer] 2026-09-05T10:45:27.506+08:00 INFO  application=marketops-server environment=local buildVersion=0.1.0-SNAPSHOT correlationId=none c.m.m.a.i.a.JdbcMetadataAuditStore - Metadata change recorded event="metadata_change_recorded" sourceDomain="identityaccess" entityType="user-scope-grant" entityId="a47f5d34-bdc1-4f83-a5e5-001be1c6a1e8" action="GRANT" actorId="synthetic-manual-browser" correlationId="fc7b26f9-00a9-43e2-b311-0f56ce894067"
[WebServer] 2026-09-05T10:45:27.508+08:00 INFO  application=marketops-server environment=local buildVersion=0.1.0-SNAPSHOT correlationId=none c.m.m.a.i.a.JdbcMetadataAuditStore - Metadata change recorded event="metadata_change_recorded" sourceDomain="identityaccess" entityType="user-scope-grant" entityId="3f72d089-ce93-40b1-a154-3ede046c806e" action="GRANT" actorId="synthetic-manual-browser" correlationId="dfa17771-eb77-4c3c-a0d2-56c03e160775"
[WebServer] 2026-09-05T10:45:27.511+08:00 INFO  application=marketops-server environment=local buildVersion=0.1.0-SNAPSHOT correlationId=none c.m.m.a.i.a.JdbcMetadataAuditStore - Metadata change recorded event="metadata_change_recorded" sourceDomain="identityaccess" entityType="user-scope-grant" entityId="a50a304f-e92f-4adc-81e9-0c787a523110" action="GRANT" actorId="synthetic-manual-browser" correlationId="98c7e41f-3499-4769-8d7a-c629abdc2714"
[WebServer] 2026-09-05T10:45:27.513+08:00 INFO  application=marketops-server environment=local buildVersion=0.1.0-SNAPSHOT correlationId=none c.m.m.a.i.a.JdbcMetadataAuditStore - Metadata change recorded event="metadata_change_recorded" sourceDomain="identityaccess" entityType="user-scope-grant" entityId="3a6290a5-3467-46f8-b7ff-c7a59b7e9675" action="GRANT" actorId="synthetic-manual-browser" correlationId="38301e4d-59c2-4fcf-9987-a8316de07497"
[WebServer] 2026-09-05T10:45:27.516+08:00 INFO  application=marketops-server environment=local buildVersion=0.1.0-SNAPSHOT correlationId=none c.m.m.a.i.a.JdbcMetadataAuditStore - Metadata change recorded event="metadata_change_recorded" sourceDomain="identityaccess" entityType="user-scope-grant" entityId="d39c18c7-60a1-4f15-bf1c-da17088b5633" action="GRANT" actorId="synthetic-manual-browser" correlationId="4c4cb0a9-8e1d-486f-83cf-ebc25809a4b7"
[WebServer] 2026-09-05T10:45:27.541+08:00 INFO  application=marketops-server environment=local buildVersion=0.1.0-SNAPSHOT correlationId=none c.m.m.a.i.a.JdbcMetadataAuditStore - Metadata change recorded event="metadata_change_recorded" sourceDomain="identityaccess" entityType="user-scope-grant" entityId="a63cb02b-990b-4f9c-976b-91878904eddc" action="GRANT" actorId="synthetic-manual-browser" correlationId="3b6bb39c-ea4d-44ed-b48a-1055c5a3892b"
[WebServer] 2026-09-05T10:45:27.543+08:00 INFO  application=marketops-server environment=local buildVersion=0.1.0-SNAPSHOT correlationId=none c.m.m.a.i.a.JdbcMetadataAuditStore - Metadata change recorded event="metadata_change_recorded" sourceDomain="identityaccess" entityType="user-scope-grant" entityId="9e79417d-f6d9-46c6-a671-964739744246" action="GRANT" actorId="synthetic-manual-browser" correlationId="e5672f67-a296-4075-9363-e04b4fed93f2"
[WebServer] 2026-09-05T10:45:27.546+08:00 INFO  application=marketops-server environment=local buildVersion=0.1.0-SNAPSHOT correlationId=none c.m.m.a.i.a.JdbcMetadataAuditStore - Metadata change recorded event="metadata_change_recorded" sourceDomain="identityaccess" entityType="user-scope-grant" entityId="4dc42b3c-07d5-4844-8bfc-623324fefd96" action="GRANT" actorId="synthetic-manual-browser" correlationId="569e9a82-038e-41c0-a68d-7bf6d6d6a37a"
[WebServer] 2026-09-05T10:45:27.549+08:00 INFO  application=marketops-server environment=local buildVersion=0.1.0-SNAPSHOT correlationId=none c.m.m.a.i.a.JdbcMetadataAuditStore - Metadata change recorded event="metadata_change_recorded" sourceDomain="identityaccess" entityType="user-scope-grant" entityId="3d48804f-4713-4dfa-9bd3-dd6a5c030ed9" action="GRANT" actorId="synthetic-manual-browser" correlationId="ab4320f6-e51b-4ecf-bac3-ba955644fd9a"
[WebServer] 2026-09-05T10:45:27.552+08:00 INFO  application=marketops-server environment=local buildVersion=0.1.0-SNAPSHOT correlationId=none c.m.m.a.i.a.JdbcMetadataAuditStore - Metadata change recorded event="metadata_change_recorded" sourceDomain="identityaccess" entityType="user-scope-grant" entityId="21da80ce-f0cd-4de1-96a3-78b6fff68e77" action="GRANT" actorId="synthetic-manual-browser" correlationId="fee17d8f-23fe-4af5-8fda-c2524db24f65"
[WebServer] 2026-09-05T10:45:27.554+08:00 INFO  application=marketops-server environment=local buildVersion=0.1.0-SNAPSHOT correlationId=none c.m.m.a.i.a.JdbcMetadataAuditStore - Metadata change recorded event="metadata_change_recorded" sourceDomain="identityaccess" entityType="user-scope-grant" entityId="5ae68157-3820-4bc1-aac5-cd89fe246a3b" action="GRANT" actorId="synthetic-manual-browser" correlationId="24646e0d-d2c2-4371-beae-1c25bf8b9755"
[WebServer] 2026-09-05T10:45:28.002+08:00 INFO  application=marketops-server environment=local buildVersion=0.1.0-SNAPSHOT correlationId=none c.m.m.a.i.a.JdbcMetadataAuditStore - Metadata change recorded event="metadata_change_recorded" sourceDomain="identityaccess" entityType="user-role-assignment" entityId="7b9314eb-e9b4-493a-b6d7-1510c984336f" action="GRANT" actorId="synthetic-manual-browser" correlationId="83119c00-9382-4195-a6a9-45468daa0048"
[WebServer] 2026-09-05T10:45:28.007+08:00 INFO  application=marketops-server environment=local buildVersion=0.1.0-SNAPSHOT correlationId=none c.m.m.a.i.a.JdbcMetadataAuditStore - Metadata change recorded event="metadata_change_recorded" sourceDomain="identityaccess" entityType="user-scope-grant" entityId="88bd250a-5d00-4321-abbe-48778aaf5eb7" action="GRANT" actorId="synthetic-manual-browser" correlationId="b509642c-4aa2-4aa4-9991-9a82b668aa78"
[WebServer] 2026-09-05T10:45:28.011+08:00 INFO  application=marketops-server environment=local buildVersion=0.1.0-SNAPSHOT correlationId=none c.m.m.a.i.a.JdbcMetadataAuditStore - Metadata change recorded event="metadata_change_recorded" sourceDomain="identityaccess" entityType="user-scope-grant" entityId="95f6b9f2-02c8-417d-a235-24e477641077" action="GRANT" actorId="synthetic-manual-browser" correlationId="cf783183-298c-4d65-9ca9-ad24773d12fd"
[WebServer] 2026-09-05T10:45:28.013+08:00 INFO  application=marketops-server environment=local buildVersion=0.1.0-SNAPSHOT correlationId=none c.m.m.a.i.a.JdbcMetadataAuditStore - Metadata change recorded event="metadata_change_recorded" sourceDomain="identityaccess" entityType="user-scope-grant" entityId="f4a0563c-6e7d-4b29-814a-a573ad69f758" action="GRANT" actorId="synthetic-manual-browser" correlationId="8f056957-0b00-4fc5-8dfe-8696eec7758d"
[WebServer] 2026-09-05T10:45:28.016+08:00 INFO  application=marketops-server environment=local buildVersion=0.1.0-SNAPSHOT correlationId=none c.m.m.a.i.a.JdbcMetadataAuditStore - Metadata change recorded event="metadata_change_recorded" sourceDomain="identityaccess" entityType="user-scope-grant" entityId="b32e2c81-20ee-4ae3-8e21-cff20c37eaa5" action="GRANT" actorId="synthetic-manual-browser" correlationId="9b1c7187-c81f-4c5a-becd-5c19672dbf2b"
[WebServer] 2026-09-05T10:45:28.042+08:00 INFO  application=marketops-server environment=local buildVersion=0.1.0-SNAPSHOT correlationId=none c.m.m.a.i.a.JdbcMetadataAuditStore - Metadata change recorded event="metadata_change_recorded" sourceDomain="identityaccess" entityType="user-scope-grant" entityId="1a9647eb-46db-44d1-b19a-438485e471ed" action="GRANT" actorId="synthetic-manual-browser" correlationId="99b49ac0-7374-422a-a7b8-96b784c3bbb8"
[WebServer] 2026-09-05T10:45:28.046+08:00 INFO  application=marketops-server environment=local buildVersion=0.1.0-SNAPSHOT correlationId=none c.m.m.a.i.a.JdbcMetadataAuditStore - Metadata change recorded event="metadata_change_recorded" sourceDomain="identityaccess" entityType="user-scope-grant" entityId="5db908a0-5fbe-44fe-8a66-a06efbaad77f" action="GRANT" actorId="synthetic-manual-browser" correlationId="ae3a4631-60dd-4615-b71b-a859ae177489"
[WebServer] 2026-09-05T10:45:28.049+08:00 INFO  application=marketops-server environment=local buildVersion=0.1.0-SNAPSHOT correlationId=none c.m.m.a.i.a.JdbcMetadataAuditStore - Metadata change recorded event="metadata_change_recorded" sourceDomain="identityaccess" entityType="user-scope-grant" entityId="ed3c63b7-2b23-4348-8958-debf8554e477" action="GRANT" actorId="synthetic-manual-browser" correlationId="b408e23c-4888-4cf2-9a44-09516f7bd606"
[WebServer] 2026-09-05T10:45:28.053+08:00 INFO  application=marketops-server environment=local buildVersion=0.1.0-SNAPSHOT correlationId=none c.m.m.a.i.a.JdbcMetadataAuditStore - Metadata change recorded event="metadata_change_recorded" sourceDomain="identityaccess" entityType="user-scope-grant" entityId="f70f1237-d327-444e-af9b-9d2ee48b2da0" action="GRANT" actorId="synthetic-manual-browser" correlationId="150bf08f-3db2-40ef-8641-559eeac62139"
[WebServer] 2026-09-05T10:45:28.056+08:00 INFO  application=marketops-server environment=local buildVersion=0.1.0-SNAPSHOT correlationId=none c.m.m.a.i.a.JdbcMetadataAuditStore - Metadata change recorded event="metadata_change_recorded" sourceDomain="identityaccess" entityType="user-scope-grant" entityId="17473e0d-9b51-404f-aa56-8db29f9f15d1" action="GRANT" actorId="synthetic-manual-browser" correlationId="ea561402-960e-41a9-9829-36a52e8d4233"
[WebServer] 2026-09-05T10:45:28.059+08:00 INFO  application=marketops-server environment=local buildVersion=0.1.0-SNAPSHOT correlationId=none c.m.m.a.i.a.JdbcMetadataAuditStore - Metadata change recorded event="metadata_change_recorded" sourceDomain="identityaccess" entityType="user-scope-grant" entityId="7a1f4a17-e90e-4ffe-903b-93bdd854375b" action="GRANT" actorId="synthetic-manual-browser" correlationId="6fc6ddc0-a06b-4f67-96da-054e9ea330d1"
[WebServer] 2026-09-05T10:45:28.085+08:00 INFO  application=marketops-server environment=local buildVersion=0.1.0-SNAPSHOT correlationId=none c.m.m.a.i.a.JdbcMetadataAuditStore - Metadata change recorded event="metadata_change_recorded" sourceDomain="identityaccess" entityType="user-scope-grant" entityId="c739dda8-96cf-483d-9f63-b4a4f07a23a2" action="GRANT" actorId="synthetic-manual-browser" correlationId="13115aec-4acd-4d51-8a99-3223077608f0"
[WebServer] 2026-09-05T10:45:28.090+08:00 INFO  application=marketops-server environment=local buildVersion=0.1.0-SNAPSHOT correlationId=none c.m.m.a.i.a.JdbcMetadataAuditStore - Metadata change recorded event="metadata_change_recorded" sourceDomain="identityaccess" entityType="user-scope-grant" entityId="fb086a8b-9c1c-4635-9dcc-ff94a82eb9c9" action="GRANT" actorId="synthetic-manual-browser" correlationId="7f351ea8-2112-4472-9527-029205861de5"
[WebServer] 2026-09-05T10:45:28.104+08:00 INFO  application=marketops-server environment=local buildVersion=0.1.0-SNAPSHOT correlationId=none c.m.m.a.i.a.JdbcMetadataAuditStore - Metadata change recorded event="metadata_change_recorded" sourceDomain="identityaccess" entityType="user-scope-grant" entityId="bfdd06d2-cf30-4d82-b204-6a7a7e5a1067" action="GRANT" actorId="synthetic-manual-browser" correlationId="99bb4e66-80c8-4925-a034-f0fade56d30e"
[WebServer] 2026-09-05T10:45:28.114+08:00 INFO  application=marketops-server environment=local buildVersion=0.1.0-SNAPSHOT correlationId=none c.m.m.a.i.a.JdbcMetadataAuditStore - Metadata change recorded event="metadata_change_recorded" sourceDomain="identityaccess" entityType="user-scope-grant" entityId="dc109ac3-aaae-406a-98db-a898a195dcae" action="GRANT" actorId="synthetic-manual-browser" correlationId="5ea43e8a-0d87-445c-8176-6e83c85ab8eb"
[WebServer] 2026-09-05T10:45:28.125+08:00 INFO  application=marketops-server environment=local buildVersion=0.1.0-SNAPSHOT correlationId=none c.m.m.a.i.a.JdbcMetadataAuditStore - Metadata change recorded event="metadata_change_recorded" sourceDomain="identityaccess" entityType="user-scope-grant" entityId="fae4e91e-86b8-4173-b21e-54bc2cd84481" action="GRANT" actorId="synthetic-manual-browser" correlationId="63f897ed-9568-47dd-9a26-2d913c767f84"
[WebServer] 2026-09-05T10:45:28.136+08:00 INFO  application=marketops-server environment=local buildVersion=0.1.0-SNAPSHOT correlationId=none c.m.m.a.i.a.JdbcMetadataAuditStore - Metadata change recorded event="metadata_change_recorded" sourceDomain="identityaccess" entityType="user-scope-grant" entityId="5cebf524-82b5-4150-89b2-2b4e1507154f" action="GRANT" actorId="synthetic-manual-browser" correlationId="5c2050df-275d-45aa-9444-2624d746d1e3"
[WebServer] 2026-09-05T10:45:28.619+08:00 INFO  application=marketops-server environment=local buildVersion=0.1.0-SNAPSHOT correlationId=none c.m.m.a.i.a.JdbcMetadataAuditStore - Metadata change recorded event="metadata_change_recorded" sourceDomain="identityaccess" entityType="user-role-assignment" entityId="982841cb-b042-485e-9aa2-3e91357d5436" action="GRANT" actorId="synthetic-manual-browser" correlationId="f62b50fb-72cf-4c45-89a7-ecb202d6798e"
[WebServer] 2026-09-05T10:45:28.621+08:00 INFO  application=marketops-server environment=local buildVersion=0.1.0-SNAPSHOT correlationId=none c.m.m.a.i.a.JdbcMetadataAuditStore - Metadata change recorded event="metadata_change_recorded" sourceDomain="identityaccess" entityType="user-scope-grant" entityId="e757ba8e-fdb2-4d89-b95d-230501f71af0" action="GRANT" actorId="synthetic-manual-browser" correlationId="db201b05-ef8b-41cd-9027-9794d2e629ef"
[WebServer] 2026-09-05T10:45:28.624+08:00 INFO  application=marketops-server environment=local buildVersion=0.1.0-SNAPSHOT correlationId=none c.m.m.a.i.a.JdbcMetadataAuditStore - Metadata change recorded event="metadata_change_recorded" sourceDomain="identityaccess" entityType="user-scope-grant" entityId="9d9430b3-163b-45f7-b6cd-0dc7cbe60d18" action="GRANT" actorId="synthetic-manual-browser" correlationId="d349f6a8-8c3c-4adc-8172-4a02a420d9d3"
[WebServer] 2026-09-05T10:45:28.627+08:00 INFO  application=marketops-server environment=local buildVersion=0.1.0-SNAPSHOT correlationId=none c.m.m.a.i.a.JdbcMetadataAuditStore - Metadata change recorded event="metadata_change_recorded" sourceDomain="identityaccess" entityType="user-scope-grant" entityId="fececa27-65e5-407d-87a8-cdf23a8d3ea1" action="GRANT" actorId="synthetic-manual-browser" correlationId="3038df7f-0940-4dba-b1d9-f32b295e88fb"
[WebServer] 2026-09-05T10:45:28.629+08:00 INFO  application=marketops-server environment=local buildVersion=0.1.0-SNAPSHOT correlationId=none c.m.m.a.i.a.JdbcMetadataAuditStore - Metadata change recorded event="metadata_change_recorded" sourceDomain="identityaccess" entityType="user-scope-grant" entityId="aa8b9de1-2443-436b-b1fd-287292f47612" action="GRANT" actorId="synthetic-manual-browser" correlationId="e18b3c00-1cf5-4aa4-b4f8-ce15e0a4ec84"
[WebServer] 2026-09-05T10:45:28.655+08:00 INFO  application=marketops-server environment=local buildVersion=0.1.0-SNAPSHOT correlationId=none c.m.m.a.i.a.JdbcMetadataAuditStore - Metadata change recorded event="metadata_change_recorded" sourceDomain="identityaccess" entityType="user-scope-grant" entityId="bc5b45bb-ea2e-48e9-872c-100dfea6bcc9" action="GRANT" actorId="synthetic-manual-browser" correlationId="18372ee7-0ab7-4bec-80cb-8b518e215c91"
[WebServer] 2026-09-05T10:45:28.657+08:00 INFO  application=marketops-server environment=local buildVersion=0.1.0-SNAPSHOT correlationId=none c.m.m.a.i.a.JdbcMetadataAuditStore - Metadata change recorded event="metadata_change_recorded" sourceDomain="identityaccess" entityType="user-scope-grant" entityId="97171783-7dab-460e-b980-7b5a59cfbf1e" action="GRANT" actorId="synthetic-manual-browser" correlationId="4aa5c796-35f5-4fdd-8564-d26f8d0cbd5d"
[WebServer] 2026-09-05T10:45:28.660+08:00 INFO  application=marketops-server environment=local buildVersion=0.1.0-SNAPSHOT correlationId=none c.m.m.a.i.a.JdbcMetadataAuditStore - Metadata change recorded event="metadata_change_recorded" sourceDomain="identityaccess" entityType="user-scope-grant" entityId="07c20492-8e77-485e-8941-097cd8d1ed23" action="GRANT" actorId="synthetic-manual-browser" correlationId="b0625853-9244-459a-b8a9-a4a3eb2c500a"
[WebServer] 2026-09-05T10:45:28.663+08:00 INFO  application=marketops-server environment=local buildVersion=0.1.0-SNAPSHOT correlationId=none c.m.m.a.i.a.JdbcMetadataAuditStore - Metadata change recorded event="metadata_change_recorded" sourceDomain="identityaccess" entityType="user-scope-grant" entityId="a28e6f18-9949-4f52-a443-d35081a9a6f1" action="GRANT" actorId="synthetic-manual-browser" correlationId="8a96ceb1-5c68-43b7-bb56-a6db9314dec6"
[WebServer] 2026-09-05T10:45:28.665+08:00 INFO  application=marketops-server environment=local buildVersion=0.1.0-SNAPSHOT correlationId=none c.m.m.a.i.a.JdbcMetadataAuditStore - Metadata change recorded event="metadata_change_recorded" sourceDomain="identityaccess" entityType="user-scope-grant" entityId="9b7ffd33-7850-492e-8fb8-5cab4e1c6500" action="GRANT" actorId="synthetic-manual-browser" correlationId="2c8b2c34-d742-4368-9d1e-97ca42462c0d"
[WebServer] 2026-09-05T10:45:28.668+08:00 INFO  application=marketops-server environment=local buildVersion=0.1.0-SNAPSHOT correlationId=none c.m.m.a.i.a.JdbcMetadataAuditStore - Metadata change recorded event="metadata_change_recorded" sourceDomain="identityaccess" entityType="user-scope-grant" entityId="e32c82c7-51a1-44c6-be94-8704396eb7cc" action="GRANT" actorId="synthetic-manual-browser" correlationId="c89267f4-fa16-4efc-8291-60fd0b235451"
[WebServer] 2026-09-05T10:45:28.693+08:00 INFO  application=marketops-server environment=local buildVersion=0.1.0-SNAPSHOT correlationId=none c.m.m.a.i.a.JdbcMetadataAuditStore - Metadata change recorded event="metadata_change_recorded" sourceDomain="identityaccess" entityType="user-scope-grant" entityId="442ccb5c-676f-4ac7-bd96-821ab5d96947" action="GRANT" actorId="synthetic-manual-browser" correlationId="9672bd62-c4be-485b-ba9d-4e9dd1d081a2"
[WebServer] 2026-09-05T10:45:28.696+08:00 INFO  application=marketops-server environment=local buildVersion=0.1.0-SNAPSHOT correlationId=none c.m.m.a.i.a.JdbcMetadataAuditStore - Metadata change recorded event="metadata_change_recorded" sourceDomain="identityaccess" entityType="user-scope-grant" entityId="4f8b52c5-5712-44cf-8dad-94780b6ce817" action="GRANT" actorId="synthetic-manual-browser" correlationId="9c21db91-985c-4378-8162-548026561234"
[WebServer] 2026-09-05T10:45:28.699+08:00 INFO  application=marketops-server environment=local buildVersion=0.1.0-SNAPSHOT correlationId=none c.m.m.a.i.a.JdbcMetadataAuditStore - Metadata change recorded event="metadata_change_recorded" sourceDomain="identityaccess" entityType="user-scope-grant" entityId="dc3f0660-4824-4115-aa08-4879a46a7d97" action="GRANT" actorId="synthetic-manual-browser" correlationId="8047ea99-6ae9-4e56-8380-de373e5f42e1"
[WebServer] 2026-09-05T10:45:28.701+08:00 INFO  application=marketops-server environment=local buildVersion=0.1.0-SNAPSHOT correlationId=none c.m.m.a.i.a.JdbcMetadataAuditStore - Metadata change recorded event="metadata_change_recorded" sourceDomain="identityaccess" entityType="user-scope-grant" entityId="c9af1f7c-c46a-498f-98ee-c4519a8aed11" action="GRANT" actorId="synthetic-manual-browser" correlationId="762dea1c-ed7e-4bec-99a0-37b3c332b253"
[WebServer] 2026-09-05T10:45:28.704+08:00 INFO  application=marketops-server environment=local buildVersion=0.1.0-SNAPSHOT correlationId=none c.m.m.a.i.a.JdbcMetadataAuditStore - Metadata change recorded event="metadata_change_recorded" sourceDomain="identityaccess" entityType="user-scope-grant" entityId="15904304-d29b-4a09-9c99-cab5efda2db0" action="GRANT" actorId="synthetic-manual-browser" correlationId="cc75a5bf-f248-4a81-b223-7cb43265647f"
[WebServer] 2026-09-05T10:45:28.707+08:00 INFO  application=marketops-server environment=local buildVersion=0.1.0-SNAPSHOT correlationId=none c.m.m.a.i.a.JdbcMetadataAuditStore - Metadata change recorded event="metadata_change_recorded" sourceDomain="identityaccess" entityType="user-scope-grant" entityId="610d29ed-1da8-47ed-90e8-da9d154f1c80" action="GRANT" actorId="synthetic-manual-browser" correlationId="06f28f5f-75a2-4728-91f7-a3e7dcf6da37"
[WebServer] 2026-09-05T10:45:29.306+08:00 INFO  application=marketops-server environment=local buildVersion=0.1.0-SNAPSHOT correlationId=none c.m.m.a.i.a.JdbcMetadataAuditStore - Metadata change recorded event="metadata_change_recorded" sourceDomain="identityaccess" entityType="user-role-assignment" entityId="c3dd2823-9469-417e-bddc-954da58aff28" action="GRANT" actorId="synthetic-manual-browser" correlationId="8b756ec8-5e14-4c61-bfb5-7b6a6348f7e8"
[WebServer] 2026-09-05T10:45:29.309+08:00 INFO  application=marketops-server environment=local buildVersion=0.1.0-SNAPSHOT correlationId=none c.m.m.a.i.a.JdbcMetadataAuditStore - Metadata change recorded event="metadata_change_recorded" sourceDomain="identityaccess" entityType="user-scope-grant" entityId="ca5861e2-7293-4e5c-a623-c65f45106d2c" action="GRANT" actorId="synthetic-manual-browser" correlationId="14bac786-3e4b-49d4-b8e7-9ecb24a39be2"
[WebServer] 2026-09-05T10:45:29.312+08:00 INFO  application=marketops-server environment=local buildVersion=0.1.0-SNAPSHOT correlationId=none c.m.m.a.i.a.JdbcMetadataAuditStore - Metadata change recorded event="metadata_change_recorded" sourceDomain="identityaccess" entityType="user-scope-grant" entityId="f755c3e9-baa7-4e0f-b8cb-96af8784e059" action="GRANT" actorId="synthetic-manual-browser" correlationId="5a81dbc4-8b75-4a8f-aad4-905bbec6d8ed"
[WebServer] 2026-09-05T10:45:29.315+08:00 INFO  application=marketops-server environment=local buildVersion=0.1.0-SNAPSHOT correlationId=none c.m.m.a.i.a.JdbcMetadataAuditStore - Metadata change recorded event="metadata_change_recorded" sourceDomain="identityaccess" entityType="user-scope-grant" entityId="e4dcf4e2-2a82-42ca-a4bf-d894d52bba92" action="GRANT" actorId="synthetic-manual-browser" correlationId="48704395-30e4-4f8c-a7a3-bbf9506d0381"
[WebServer] 2026-09-05T10:45:29.320+08:00 INFO  application=marketops-server environment=local buildVersion=0.1.0-SNAPSHOT correlationId=none c.m.m.a.i.a.JdbcMetadataAuditStore - Metadata change recorded event="metadata_change_recorded" sourceDomain="identityaccess" entityType="user-scope-grant" entityId="ac779003-beac-4500-aac1-db63bbf0ca2e" action="GRANT" actorId="synthetic-manual-browser" correlationId="c1fc77cf-9218-4733-9eef-c5aa0620db15"
[WebServer] 2026-09-05T10:45:29.341+08:00 INFO  application=marketops-server environment=local buildVersion=0.1.0-SNAPSHOT correlationId=none c.m.m.a.i.a.JdbcMetadataAuditStore - Metadata change recorded event="metadata_change_recorded" sourceDomain="identityaccess" entityType="user-scope-grant" entityId="c9b03cdb-15d2-4605-9bdf-414237fe62b2" action="GRANT" actorId="synthetic-manual-browser" correlationId="90eef9ac-d893-42e0-9a12-2730d62ed082"
[WebServer] 2026-09-05T10:45:29.343+08:00 INFO  application=marketops-server environment=local buildVersion=0.1.0-SNAPSHOT correlationId=none c.m.m.a.i.a.JdbcMetadataAuditStore - Metadata change recorded event="metadata_change_recorded" sourceDomain="identityaccess" entityType="user-scope-grant" entityId="8946a8b2-abd3-4beb-a439-598f8faa0e90" action="GRANT" actorId="synthetic-manual-browser" correlationId="06d01dc1-7626-47a4-a603-d9776144bbad"
[WebServer] 2026-09-05T10:45:29.345+08:00 INFO  application=marketops-server environment=local buildVersion=0.1.0-SNAPSHOT correlationId=none c.m.m.a.i.a.JdbcMetadataAuditStore - Metadata change recorded event="metadata_change_recorded" sourceDomain="identityaccess" entityType="user-scope-grant" entityId="61c002d2-f59a-4bf6-b60e-d41d426dde53" action="GRANT" actorId="synthetic-manual-browser" correlationId="bbc4070d-99f7-42a5-8c32-c6d28a261012"
[WebServer] 2026-09-05T10:45:29.348+08:00 INFO  application=marketops-server environment=local buildVersion=0.1.0-SNAPSHOT correlationId=none c.m.m.a.i.a.JdbcMetadataAuditStore - Metadata change recorded event="metadata_change_recorded" sourceDomain="identityaccess" entityType="user-scope-grant" entityId="98154c62-8d27-4d72-a0b2-55d71a4a8659" action="GRANT" actorId="synthetic-manual-browser" correlationId="ed7c5b4d-4a29-478a-a001-a0629e600abd"
[WebServer] 2026-09-05T10:45:29.350+08:00 INFO  application=marketops-server environment=local buildVersion=0.1.0-SNAPSHOT correlationId=none c.m.m.a.i.a.JdbcMetadataAuditStore - Metadata change recorded event="metadata_change_recorded" sourceDomain="identityaccess" entityType="user-scope-grant" entityId="33d75b48-b165-426b-9bfa-6cb464aef707" action="GRANT" actorId="synthetic-manual-browser" correlationId="8844e16e-c8da-4aa8-8c06-9c0e6a417a05"
[WebServer] 2026-09-05T10:45:29.352+08:00 INFO  application=marketops-server environment=local buildVersion=0.1.0-SNAPSHOT correlationId=none c.m.m.a.i.a.JdbcMetadataAuditStore - Metadata change recorded event="metadata_change_recorded" sourceDomain="identityaccess" entityType="user-scope-grant" entityId="2fea8563-8508-4bd0-8666-88117e6a82d6" action="GRANT" actorId="synthetic-manual-browser" correlationId="24c59c1a-3ec6-4e78-b145-eff0ca27b9d9"
[WebServer] 2026-09-05T10:45:29.374+08:00 INFO  application=marketops-server environment=local buildVersion=0.1.0-SNAPSHOT correlationId=none c.m.m.a.i.a.JdbcMetadataAuditStore - Metadata change recorded event="metadata_change_recorded" sourceDomain="identityaccess" entityType="user-scope-grant" entityId="dd63bd9f-fd5b-4200-94db-0a12cf5a8d0d" action="GRANT" actorId="synthetic-manual-browser" correlationId="0881a947-e8e4-4db3-86af-7fbc8bd1aa12"
[WebServer] 2026-09-05T10:45:29.376+08:00 INFO  application=marketops-server environment=local buildVersion=0.1.0-SNAPSHOT correlationId=none c.m.m.a.i.a.JdbcMetadataAuditStore - Metadata change recorded event="metadata_change_recorded" sourceDomain="identityaccess" entityType="user-scope-grant" entityId="23a21ac7-3c6d-49db-9d64-4e2afdd97295" action="GRANT" actorId="synthetic-manual-browser" correlationId="c7e01a70-8685-46ee-aece-0b38ced64789"
[WebServer] 2026-09-05T10:45:29.380+08:00 INFO  application=marketops-server environment=local buildVersion=0.1.0-SNAPSHOT correlationId=none c.m.m.a.i.a.JdbcMetadataAuditStore - Metadata change recorded event="metadata_change_recorded" sourceDomain="identityaccess" entityType="user-scope-grant" entityId="6580ff23-5140-4652-b606-1bec5d020cf0" action="GRANT" actorId="synthetic-manual-browser" correlationId="22a3c67a-405e-4ac1-9243-3ad16708b276"
[WebServer] 2026-09-05T10:45:29.383+08:00 INFO  application=marketops-server environment=local buildVersion=0.1.0-SNAPSHOT correlationId=none c.m.m.a.i.a.JdbcMetadataAuditStore - Metadata change recorded event="metadata_change_recorded" sourceDomain="identityaccess" entityType="user-scope-grant" entityId="50d77a03-84d0-4bc6-ae3a-2295a16c334d" action="GRANT" actorId="synthetic-manual-browser" correlationId="fc3d8735-19ed-475c-9d0c-f22d7fe49670"
[WebServer] 2026-09-05T10:45:29.385+08:00 INFO  application=marketops-server environment=local buildVersion=0.1.0-SNAPSHOT correlationId=none c.m.m.a.i.a.JdbcMetadataAuditStore - Metadata change recorded event="metadata_change_recorded" sourceDomain="identityaccess" entityType="user-scope-grant" entityId="9463bc27-fc50-4ece-860f-6d70bf65fb9f" action="GRANT" actorId="synthetic-manual-browser" correlationId="0d5d6afd-4bd4-4a40-911a-f863aa453dc6"
[WebServer] 2026-09-05T10:45:29.388+08:00 INFO  application=marketops-server environment=local buildVersion=0.1.0-SNAPSHOT correlationId=none c.m.m.a.i.a.JdbcMetadataAuditStore - Metadata change recorded event="metadata_change_recorded" sourceDomain="identityaccess" entityType="user-scope-grant" entityId="30d7ef45-b28e-4ff5-8dfe-db2ba0eff898" action="GRANT" actorId="synthetic-manual-browser" correlationId="093c5cd6-6b73-4c3f-a529-c23d94a51c68"
[WebServer] 2026-09-05T10:45:29.705+08:00 INFO  application=marketops-server environment=local buildVersion=0.1.0-SNAPSHOT correlationId=none c.m.m.a.i.a.JdbcMetadataAuditStore - Metadata change recorded event="metadata_change_recorded" sourceDomain="identityaccess" entityType="user-role-assignment" entityId="e7d2da75-89ff-4e40-a7d2-f37c467eca82" action="GRANT" actorId="synthetic-manual-browser" correlationId="fca7d628-9f42-4cd6-986d-3b6c9bb834cd"
[WebServer] 2026-09-05T10:45:29.708+08:00 INFO  application=marketops-server environment=local buildVersion=0.1.0-SNAPSHOT correlationId=none c.m.m.a.i.a.JdbcMetadataAuditStore - Metadata change recorded event="metadata_change_recorded" sourceDomain="identityaccess" entityType="user-scope-grant" entityId="ca74c428-694b-4648-b93e-480258a6926c" action="GRANT" actorId="synthetic-manual-browser" correlationId="29417831-c334-47ee-8b12-e7a88afe92c6"
[WebServer] 2026-09-05T10:45:29.711+08:00 INFO  application=marketops-server environment=local buildVersion=0.1.0-SNAPSHOT correlationId=none c.m.m.a.i.a.JdbcMetadataAuditStore - Metadata change recorded event="metadata_change_recorded" sourceDomain="identityaccess" entityType="user-scope-grant" entityId="4d267a8e-ee6b-41b0-bc2a-ee9777d4460c" action="GRANT" actorId="synthetic-manual-browser" correlationId="9806fccd-75f7-4d6c-b151-1e48abea5882"
[WebServer] 2026-09-05T10:45:29.714+08:00 INFO  application=marketops-server environment=local buildVersion=0.1.0-SNAPSHOT correlationId=none c.m.m.a.i.a.JdbcMetadataAuditStore - Metadata change recorded event="metadata_change_recorded" sourceDomain="identityaccess" entityType="user-scope-grant" entityId="cfddd514-3030-4265-afa4-9bd618b31899" action="GRANT" actorId="synthetic-manual-browser" correlationId="497a40f3-5be4-4854-bfc9-ee1a207761af"
[WebServer] 2026-09-05T10:45:29.716+08:00 INFO  application=marketops-server environment=local buildVersion=0.1.0-SNAPSHOT correlationId=none c.m.m.a.i.a.JdbcMetadataAuditStore - Metadata change recorded event="metadata_change_recorded" sourceDomain="identityaccess" entityType="user-scope-grant" entityId="f3c62c1c-2be1-4b38-aded-01cc1502d2ef" action="GRANT" actorId="synthetic-manual-browser" correlationId="858afe4f-c94b-4a39-8834-2cddab8618fc"
[WebServer] 2026-09-05T10:45:29.738+08:00 INFO  application=marketops-server environment=local buildVersion=0.1.0-SNAPSHOT correlationId=none c.m.m.a.i.a.JdbcMetadataAuditStore - Metadata change recorded event="metadata_change_recorded" sourceDomain="identityaccess" entityType="user-scope-grant" entityId="31fb2719-66dd-4dda-8595-70aebfd8a665" action="GRANT" actorId="synthetic-manual-browser" correlationId="ca1732ea-8f0b-4a12-961e-8fe6b4fcfa17"
[WebServer] 2026-09-05T10:45:29.741+08:00 INFO  application=marketops-server environment=local buildVersion=0.1.0-SNAPSHOT correlationId=none c.m.m.a.i.a.JdbcMetadataAuditStore - Metadata change recorded event="metadata_change_recorded" sourceDomain="identityaccess" entityType="user-scope-grant" entityId="518d88a8-1bfa-4bb9-99d6-2104bdcefd87" action="GRANT" actorId="synthetic-manual-browser" correlationId="8dcc69ec-90fd-4bf8-9ca1-9d124ef88486"
[WebServer] 2026-09-05T10:45:29.743+08:00 INFO  application=marketops-server environment=local buildVersion=0.1.0-SNAPSHOT correlationId=none c.m.m.a.i.a.JdbcMetadataAuditStore - Metadata change recorded event="metadata_change_recorded" sourceDomain="identityaccess" entityType="user-scope-grant" entityId="cf1e77ff-d1b9-4c5f-baec-a5d05b77b714" action="GRANT" actorId="synthetic-manual-browser" correlationId="8aa0bac8-46c5-4688-9e23-e2fd9ec30d1d"
[WebServer] 2026-09-05T10:45:29.750+08:00 INFO  application=marketops-server environment=local buildVersion=0.1.0-SNAPSHOT correlationId=none c.m.m.a.i.a.JdbcMetadataAuditStore - Metadata change recorded event="metadata_change_recorded" sourceDomain="identityaccess" entityType="user-scope-grant" entityId="e20ab65a-d1c6-4a43-966f-7ead3311f1cc" action="GRANT" actorId="synthetic-manual-browser" correlationId="2f5fda77-0620-4a61-bfb1-affb08577f8e"
[WebServer] 2026-09-05T10:45:29.752+08:00 INFO  application=marketops-server environment=local buildVersion=0.1.0-SNAPSHOT correlationId=none c.m.m.a.i.a.JdbcMetadataAuditStore - Metadata change recorded event="metadata_change_recorded" sourceDomain="identityaccess" entityType="user-scope-grant" entityId="9460e74c-2e45-47fc-b280-54027f31df0c" action="GRANT" actorId="synthetic-manual-browser" correlationId="e684ce5d-4c0d-4b23-9544-7f9a05fe80fd"
[WebServer] 2026-09-05T10:45:29.755+08:00 INFO  application=marketops-server environment=local buildVersion=0.1.0-SNAPSHOT correlationId=none c.m.m.a.i.a.JdbcMetadataAuditStore - Metadata change recorded event="metadata_change_recorded" sourceDomain="identityaccess" entityType="user-scope-grant" entityId="d88f332e-5d6e-4159-90ee-a02e14d27c5b" action="GRANT" actorId="synthetic-manual-browser" correlationId="2f41d38b-f428-4da5-8b56-d810868f99a8"
[WebServer] 2026-09-05T10:45:29.777+08:00 INFO  application=marketops-server environment=local buildVersion=0.1.0-SNAPSHOT correlationId=none c.m.m.a.i.a.JdbcMetadataAuditStore - Metadata change recorded event="metadata_change_recorded" sourceDomain="identityaccess" entityType="user-scope-grant" entityId="a3066cce-2d8e-4a18-9fc3-b4e31ea71817" action="GRANT" actorId="synthetic-manual-browser" correlationId="401fcc12-157a-4414-b993-39c02aeb47e5"
[WebServer] 2026-09-05T10:45:29.780+08:00 INFO  application=marketops-server environment=local buildVersion=0.1.0-SNAPSHOT correlationId=none c.m.m.a.i.a.JdbcMetadataAuditStore - Metadata change recorded event="metadata_change_recorded" sourceDomain="identityaccess" entityType="user-scope-grant" entityId="cd840254-5720-41b6-8016-5abd9e4d6997" action="GRANT" actorId="synthetic-manual-browser" correlationId="d91c7515-b905-4823-b363-ab684507884f"
[WebServer] 2026-09-05T10:45:29.783+08:00 INFO  application=marketops-server environment=local buildVersion=0.1.0-SNAPSHOT correlationId=none c.m.m.a.i.a.JdbcMetadataAuditStore - Metadata change recorded event="metadata_change_recorded" sourceDomain="identityaccess" entityType="user-scope-grant" entityId="6b372321-0e11-4fb9-8332-722d2262d33d" action="GRANT" actorId="synthetic-manual-browser" correlationId="af23431b-d47e-40db-9c90-3f24b4632611"
[WebServer] 2026-09-05T10:45:29.785+08:00 INFO  application=marketops-server environment=local buildVersion=0.1.0-SNAPSHOT correlationId=none c.m.m.a.i.a.JdbcMetadataAuditStore - Metadata change recorded event="metadata_change_recorded" sourceDomain="identityaccess" entityType="user-scope-grant" entityId="eae9b559-3d75-4dc2-8999-4d455e6e5464" action="GRANT" actorId="synthetic-manual-browser" correlationId="737243fa-317e-4f74-8e8e-518b6b75175c"
[WebServer] 2026-09-05T10:45:29.788+08:00 INFO  application=marketops-server environment=local buildVersion=0.1.0-SNAPSHOT correlationId=none c.m.m.a.i.a.JdbcMetadataAuditStore - Metadata change recorded event="metadata_change_recorded" sourceDomain="identityaccess" entityType="user-scope-grant" entityId="3ebbd8ea-69b0-41ff-bb40-855cefebd78d" action="GRANT" actorId="synthetic-manual-browser" correlationId="bc27179a-45ac-41b0-b960-16594b85a11f"
[WebServer] 2026-09-05T10:45:29.790+08:00 INFO  application=marketops-server environment=local buildVersion=0.1.0-SNAPSHOT correlationId=none c.m.m.a.i.a.JdbcMetadataAuditStore - Metadata change recorded event="metadata_change_recorded" sourceDomain="identityaccess" entityType="user-scope-grant" entityId="21472808-b074-4f25-a060-e1bbff339e96" action="GRANT" actorId="synthetic-manual-browser" correlationId="cf65ebef-51de-46e8-91c3-eb580ed91629"
[WebServer] 2026-09-05T10:45:29.842+08:00 INFO  application=marketops-server environment=local buildVersion=0.1.0-SNAPSHOT correlationId=none c.m.m.a.i.a.JdbcMetadataAuditStore - Metadata change recorded event="metadata_change_recorded" sourceDomain="identityaccess" entityType="user-scope-grant" entityId="0eb2b2a3-0fbb-4a48-9680-05fe32162b3f" action="GRANT" actorId="synthetic-ad-browser" correlationId="06c4073b-f3f6-4a88-ba6f-06a783160c55"
[WebServer] (node:81280) Warning: The 'NO_COLOR' env is ignored due to the 'FORCE_COLOR' env being set.
[WebServer] (Use `node --trace-warnings ...` to show where the warning was created)
[WebServer] (node:81304) Warning: The 'NO_COLOR' env is ignored due to the 'FORCE_COLOR' env being set.
[WebServer] (Use `node --trace-warnings ...` to show where the warning was created)

Running 11 tests using 1 worker

(node:81315) Warning: The 'NO_COLOR' env is ignored due to the 'FORCE_COLOR' env being set.
(Use `node --trace-warnings ...` to show where the warning was created)
[WebServer] 2026-09-05T10:45:34.954+08:00 INFO  application=marketops-server environment=local buildVersion=0.1.0-SNAPSHOT correlationId=none o.a.c.c.C.[Tomcat].[localhost].[/] - Initializing Spring DispatcherServlet 'dispatcherServlet' 
[WebServer] 2026-09-05T10:45:34.954+08:00 INFO  application=marketops-server environment=local buildVersion=0.1.0-SNAPSHOT correlationId=none o.s.web.servlet.DispatcherServlet - Initializing Servlet 'dispatcherServlet' 
[WebServer] 2026-09-05T10:45:34.967+08:00 INFO  application=marketops-server environment=local buildVersion=0.1.0-SNAPSHOT correlationId=none o.s.web.servlet.DispatcherServlet - Completed initialization in 13 ms 
[WebServer] 2026-09-05T10:45:35.373+08:00 INFO  application=marketops-server environment=local buildVersion=0.1.0-SNAPSHOT correlationId=fdfed67d-6b64-40a9-8c30-783422b999a4 c.m.m.s.i.c.CorrelationIdFilter - Request completed event="request_completed" correlationId="fdfed67d-6b64-40a9-8c30-783422b999a4" status="200"
[WebServer] 2026-09-05T10:45:35.373+08:00 INFO  application=marketops-server environment=local buildVersion=0.1.0-SNAPSHOT correlationId=df8bb7db-e3aa-457a-84b7-255d86b7e792 c.m.m.s.i.c.CorrelationIdFilter - Request completed event="request_completed" correlationId="df8bb7db-e3aa-457a-84b7-255d86b7e792" status="200"
[WebServer] 2026-09-05T10:45:35.521+08:00 INFO  application=marketops-server environment=local buildVersion=0.1.0-SNAPSHOT correlationId=84680737-8d1e-471c-abda-1c0dd26ccf4e c.m.m.s.i.e.ConsoleProblemAdvice - Console request refused event="console_request_refused" errorCode="RESOURCE_NOT_FOUND" correlationId="84680737-8d1e-471c-abda-1c0dd26ccf4e"
[WebServer] 2026-09-05T10:45:35.522+08:00 INFO  application=marketops-server environment=local buildVersion=0.1.0-SNAPSHOT correlationId=f12ebe98-bb55-46a3-9250-d4cdcd0a9e02 c.m.m.a.i.a.JdbcMetadataAuditStore - Metadata change recorded event="metadata_change_recorded" sourceDomain="advertisingefficiency" entityType="advertising_containments" entityId="cca165f5-9888-4c15-ab35-3dee06712e2c" action="READ" actorId="ebb15ffd-6f82-4df5-9706-9e706b06d5e4" correlationId="f12ebe98-bb55-46a3-9250-d4cdcd0a9e02"
[WebServer] 2026-09-05T10:45:35.524+08:00 INFO  application=marketops-server environment=local buildVersion=0.1.0-SNAPSHOT correlationId=5b402f3e-396f-4670-bbef-333f518406d5 c.m.m.s.i.e.ConsoleProblemAdvice - Console request refused event="console_request_refused" errorCode="RESOURCE_SCOPE_DENIED" correlationId="5b402f3e-396f-4670-bbef-333f518406d5"
[WebServer] 2026-09-05T10:45:35.528+08:00 INFO  application=marketops-server environment=local buildVersion=0.1.0-SNAPSHOT correlationId=5b402f3e-396f-4670-bbef-333f518406d5 c.m.m.s.i.c.CorrelationIdFilter - Request completed event="request_completed" correlationId="5b402f3e-396f-4670-bbef-333f518406d5" status="403"
[WebServer] 2026-09-05T10:45:35.528+08:00 INFO  application=marketops-server environment=local buildVersion=0.1.0-SNAPSHOT correlationId=84680737-8d1e-471c-abda-1c0dd26ccf4e c.m.m.s.i.c.CorrelationIdFilter - Request completed event="request_completed" correlationId="84680737-8d1e-471c-abda-1c0dd26ccf4e" status="404"
[WebServer] 2026-09-05T10:45:35.532+08:00 INFO  application=marketops-server environment=local buildVersion=0.1.0-SNAPSHOT correlationId=315737c0-7c37-4941-8195-157b13dbef2e c.m.m.a.i.a.JdbcMetadataAuditStore - Metadata change recorded event="metadata_change_recorded" sourceDomain="availabilityrisk" entityType="availability_queue" entityId="cca165f5-9888-4c15-ab35-3dee06712e2c" action="READ" actorId="ebb15ffd-6f82-4df5-9706-9e706b06d5e4" correlationId="315737c0-7c37-4941-8195-157b13dbef2e"
[WebServer] 2026-09-05T10:45:35.536+08:00 INFO  application=marketops-server environment=local buildVersion=0.1.0-SNAPSHOT correlationId=315737c0-7c37-4941-8195-157b13dbef2e c.m.m.s.i.c.CorrelationIdFilter - Request completed event="request_completed" correlationId="315737c0-7c37-4941-8195-157b13dbef2e" status="200"
[WebServer] 2026-09-05T10:45:35.537+08:00 INFO  application=marketops-server environment=local buildVersion=0.1.0-SNAPSHOT correlationId=f12ebe98-bb55-46a3-9250-d4cdcd0a9e02 c.m.m.s.i.c.CorrelationIdFilter - Request completed event="request_completed" correlationId="f12ebe98-bb55-46a3-9250-d4cdcd0a9e02" status="200"
[WebServer] 2026-09-05T10:45:35.545+08:00 INFO  application=marketops-server environment=local buildVersion=0.1.0-SNAPSHOT correlationId=bd165fe9-109d-4cd7-a1e9-3e7b351ab5f3 c.m.m.a.i.a.JdbcMetadataAuditStore - Metadata change recorded event="metadata_change_recorded" sourceDomain="advertisingefficiency" entityType="advertising_reservations" entityId="cca165f5-9888-4c15-ab35-3dee06712e2c" action="READ" actorId="ebb15ffd-6f82-4df5-9706-9e706b06d5e4" correlationId="bd165fe9-109d-4cd7-a1e9-3e7b351ab5f3"
[WebServer] 2026-09-05T10:45:35.549+08:00 INFO  application=marketops-server environment=local buildVersion=0.1.0-SNAPSHOT correlationId=9f598c1b-322e-4277-a686-4cb8174b0281 c.m.m.a.i.a.JdbcMetadataAuditStore - Metadata change recorded event="metadata_change_recorded" sourceDomain="advertisingefficiency" entityType="advertising_exposure" entityId="cca165f5-9888-4c15-ab35-3dee06712e2c" action="READ" actorId="ebb15ffd-6f82-4df5-9706-9e706b06d5e4" correlationId="9f598c1b-322e-4277-a686-4cb8174b0281"
[WebServer] 2026-09-05T10:45:35.549+08:00 INFO  application=marketops-server environment=local buildVersion=0.1.0-SNAPSHOT correlationId=bd165fe9-109d-4cd7-a1e9-3e7b351ab5f3 c.m.m.s.i.c.CorrelationIdFilter - Request completed event="request_completed" correlationId="bd165fe9-109d-4cd7-a1e9-3e7b351ab5f3" status="200"
[WebServer] 2026-09-05T10:45:35.552+08:00 INFO  application=marketops-server environment=local buildVersion=0.1.0-SNAPSHOT correlationId=5b6ab96a-d690-4336-834b-718e5f523f25 c.m.m.s.i.e.ConsoleProblemAdvice - Console request refused event="console_request_refused" errorCode="RESOURCE_SCOPE_DENIED" correlationId="5b6ab96a-d690-4336-834b-718e5f523f25"
[WebServer] 2026-09-05T10:45:35.552+08:00 INFO  application=marketops-server environment=local buildVersion=0.1.0-SNAPSHOT correlationId=9f598c1b-322e-4277-a686-4cb8174b0281 c.m.m.s.i.c.CorrelationIdFilter - Request completed event="request_completed" correlationId="9f598c1b-322e-4277-a686-4cb8174b0281" status="200"
[WebServer] 2026-09-05T10:45:35.552+08:00 INFO  application=marketops-server environment=local buildVersion=0.1.0-SNAPSHOT correlationId=5b6ab96a-d690-4336-834b-718e5f523f25 c.m.m.s.i.c.CorrelationIdFilter - Request completed event="request_completed" correlationId="5b6ab96a-d690-4336-834b-718e5f523f25" status="403"
[WebServer] 2026-09-05T10:45:35.564+08:00 INFO  application=marketops-server environment=local buildVersion=0.1.0-SNAPSHOT correlationId=43f6a744-1d91-42ca-a535-c921aeb1fcd1 c.m.m.a.i.a.JdbcMetadataAuditStore - Metadata change recorded event="metadata_change_recorded" sourceDomain="advertisingefficiency" entityType="advertising_queue" entityId="cca165f5-9888-4c15-ab35-3dee06712e2c" action="READ" actorId="ebb15ffd-6f82-4df5-9706-9e706b06d5e4" correlationId="43f6a744-1d91-42ca-a535-c921aeb1fcd1"
[WebServer] 2026-09-05T10:45:35.570+08:00 INFO  application=marketops-server environment=local buildVersion=0.1.0-SNAPSHOT correlationId=f964c739-bda8-476f-b2c8-a8fc491cf799 c.m.m.a.i.a.JdbcMetadataAuditStore - Metadata change recorded event="metadata_change_recorded" sourceDomain="advertisingefficiency" entityType="advertising_orchestration" entityId="cca165f5-9888-4c15-ab35-3dee06712e2c" action="READ" actorId="ebb15ffd-6f82-4df5-9706-9e706b06d5e4" correlationId="f964c739-bda8-476f-b2c8-a8fc491cf799"
[WebServer] 2026-09-05T10:45:35.573+08:00 INFO  application=marketops-server environment=local buildVersion=0.1.0-SNAPSHOT correlationId=f964c739-bda8-476f-b2c8-a8fc491cf799 c.m.m.s.i.c.CorrelationIdFilter - Request completed event="request_completed" correlationId="f964c739-bda8-476f-b2c8-a8fc491cf799" status="200"
[WebServer] 2026-09-05T10:45:35.630+08:00 INFO  application=marketops-server environment=local buildVersion=0.1.0-SNAPSHOT correlationId=43f6a744-1d91-42ca-a535-c921aeb1fcd1 c.m.m.s.i.c.CorrelationIdFilter - Request completed event="request_completed" correlationId="43f6a744-1d91-42ca-a535-c921aeb1fcd1" status="200"
[WebServer] 2026-09-05T10:45:35.988+08:00 INFO  application=marketops-server environment=local buildVersion=0.1.0-SNAPSHOT correlationId=a20c1b1a-1d38-4cf6-8467-465cd9614115 c.m.m.a.i.a.JdbcMetadataAuditStore - Metadata change recorded event="metadata_change_recorded" sourceDomain="advertisingefficiency" entityType="advertising_case" entityId="aee54b1e-b6fb-4e26-9b36-98bb72998f64" action="READ" actorId="ebb15ffd-6f82-4df5-9706-9e706b06d5e4" correlationId="a20c1b1a-1d38-4cf6-8467-465cd9614115"
[WebServer] 2026-09-05T10:45:36.014+08:00 INFO  application=marketops-server environment=local buildVersion=0.1.0-SNAPSHOT correlationId=a20c1b1a-1d38-4cf6-8467-465cd9614115 c.m.m.s.i.c.CorrelationIdFilter - Request completed event="request_completed" correlationId="a20c1b1a-1d38-4cf6-8467-465cd9614115" status="200"
[WebServer] 2026-09-05T10:45:36.056+08:00 INFO  application=marketops-server environment=local buildVersion=0.1.0-SNAPSHOT correlationId=f57817d4-6540-4176-9184-30bc3b0bd080 c.m.m.a.i.a.JdbcMetadataAuditStore - Metadata change recorded event="metadata_change_recorded" sourceDomain="advertisingefficiency" entityType="advertising_manual_packet" entityId="5415f794-f605-4dfb-bcfb-98cb8dd0be66" action="READ" actorId="ebb15ffd-6f82-4df5-9706-9e706b06d5e4" correlationId="f57817d4-6540-4176-9184-30bc3b0bd080"
[WebServer] 2026-09-05T10:45:36.065+08:00 INFO  application=marketops-server environment=local buildVersion=0.1.0-SNAPSHOT correlationId=f57817d4-6540-4176-9184-30bc3b0bd080 c.m.m.s.i.c.CorrelationIdFilter - Request completed event="request_completed" correlationId="f57817d4-6540-4176-9184-30bc3b0bd080" status="200"
[WebServer] 2026-09-05T10:45:36.106+08:00 INFO  application=marketops-server environment=local buildVersion=0.1.0-SNAPSHOT correlationId=cb542f22-f281-43ab-9f36-e7947ad53cfe c.m.m.s.i.c.CorrelationIdFilter - Request completed event="request_completed" correlationId="cb542f22-f281-43ab-9f36-e7947ad53cfe" status="200"
[WebServer] 2026-09-05T10:45:36.114+08:00 INFO  application=marketops-server environment=local buildVersion=0.1.0-SNAPSHOT correlationId=34b8f1b3-ab65-4d83-8f0f-309adeba1439 c.m.m.s.i.c.CorrelationIdFilter - Request completed event="request_completed" correlationId="34b8f1b3-ab65-4d83-8f0f-309adeba1439" status="200"
[WebServer] 2026-09-05T10:45:36.174+08:00 INFO  application=marketops-server environment=local buildVersion=0.1.0-SNAPSHOT correlationId=d4ff113f-963c-4bba-aad3-a1aafc8758a9 c.m.m.s.i.c.CorrelationIdFilter - Request completed event="request_completed" correlationId="d4ff113f-963c-4bba-aad3-a1aafc8758a9" status="200"
[WebServer] 2026-09-05T10:45:36.251+08:00 INFO  application=marketops-server environment=local buildVersion=0.1.0-SNAPSHOT correlationId=ccdce2ae-cced-43ee-b377-f147b24c2f91 c.m.m.s.i.c.CorrelationIdFilter - Request completed event="request_completed" correlationId="ccdce2ae-cced-43ee-b377-f147b24c2f91" status="204"
[WebServer] 2026-09-05T10:45:36.337+08:00 INFO  application=marketops-server environment=local buildVersion=0.1.0-SNAPSHOT correlationId=c9d04a7b-491e-4aee-8eaa-bb74a0d3ea81 c.m.m.s.i.c.CorrelationIdFilter - Request completed event="request_completed" correlationId="c9d04a7b-491e-4aee-8eaa-bb74a0d3ea81" status="200"
[WebServer] 2026-09-05T10:45:36.358+08:00 INFO  application=marketops-server environment=local buildVersion=0.1.0-SNAPSHOT correlationId=e0a359eb-d7d8-4c1a-a631-7046012c4c1c c.m.m.s.i.c.CorrelationIdFilter - Request completed event="request_completed" correlationId="e0a359eb-d7d8-4c1a-a631-7046012c4c1c" status="200"
[WebServer] 2026-09-05T10:45:36.420+08:00 INFO  application=marketops-server environment=local buildVersion=0.1.0-SNAPSHOT correlationId=b1fb15c8-d525-473e-9a6e-1bbb982fcc72 c.m.m.a.i.a.JdbcMetadataAuditStore - Metadata change recorded event="metadata_change_recorded" sourceDomain="operationsworkflow" entityType="recommendation" entityId="bd987d10-5a0d-4876-8f3a-e15f065e71e2" action="STATUS_CHANGE" actorId="ebb15ffd-6f82-4df5-9706-9e706b06d5e4" correlationId="b1fb15c8-d525-473e-9a6e-1bbb982fcc72"
[WebServer] 2026-09-05T10:45:36.458+08:00 INFO  application=marketops-server environment=local buildVersion=0.1.0-SNAPSHOT correlationId=b1fb15c8-d525-473e-9a6e-1bbb982fcc72 c.m.m.s.i.c.CorrelationIdFilter - Request completed event="request_completed" correlationId="b1fb15c8-d525-473e-9a6e-1bbb982fcc72" status="200"
[WebServer] 2026-09-05T10:45:36.499+08:00 INFO  application=marketops-server environment=local buildVersion=0.1.0-SNAPSHOT correlationId=909db491-6f2e-41fd-b55d-9e9e0d0acb04 c.m.m.s.i.c.CorrelationIdFilter - Request completed event="request_completed" correlationId="909db491-6f2e-41fd-b55d-9e9e0d0acb04" status="200"
[WebServer] 2026-09-05T10:45:36.521+08:00 INFO  application=marketops-server environment=local buildVersion=0.1.0-SNAPSHOT correlationId=6fe77b25-b773-486c-a650-59f6a67de540 c.m.m.s.i.c.CorrelationIdFilter - Request completed event="request_completed" correlationId="6fe77b25-b773-486c-a650-59f6a67de540" status="200"
[WebServer] 2026-09-05T10:45:36.538+08:00 DEBUG application=marketops-server environment=local buildVersion=0.1.0-SNAPSHOT correlationId=52ebb28f-5291-4800-bc6e-26279aefe0d8 c.m.m.s.i.c.CorrelationIdFilter - Inbound correlation identifier replaced event="correlation_identifier_replaced" correlationId="52ebb28f-5291-4800-bc6e-26279aefe0d8" rejectionCategory="MISSING"
[WebServer] 2026-09-05T10:45:36.553+08:00 INFO  application=marketops-server environment=local buildVersion=0.1.0-SNAPSHOT correlationId=52ebb28f-5291-4800-bc6e-26279aefe0d8 c.m.m.s.i.e.ConsoleProblemAdvice - Console request refused event="console_request_refused" errorCode="VERSION_CONFLICT" correlationId="52ebb28f-5291-4800-bc6e-26279aefe0d8"
[WebServer] 2026-09-05T10:45:36.553+08:00 INFO  application=marketops-server environment=local buildVersion=0.1.0-SNAPSHOT correlationId=52ebb28f-5291-4800-bc6e-26279aefe0d8 c.m.m.s.i.c.CorrelationIdFilter - Request completed event="request_completed" correlationId="52ebb28f-5291-4800-bc6e-26279aefe0d8" status="409"
[WebServer] 2026-09-05T10:45:36.935+08:00 INFO  application=marketops-server environment=local buildVersion=0.1.0-SNAPSHOT correlationId=873b969d-d1a8-474e-90a7-55de01b57fe8 c.m.m.s.i.c.CorrelationIdFilter - Request completed event="request_completed" correlationId="873b969d-d1a8-474e-90a7-55de01b57fe8" status="200"
[WebServer] 2026-09-05T10:45:36.941+08:00 INFO  application=marketops-server environment=local buildVersion=0.1.0-SNAPSHOT correlationId=e6594538-95af-43e0-b9b4-f5a68d55f54d c.m.m.a.i.a.JdbcMetadataAuditStore - Metadata change recorded event="metadata_change_recorded" sourceDomain="advertisingefficiency" entityType="advertising_reservations" entityId="cca165f5-9888-4c15-ab35-3dee06712e2c" action="READ" actorId="f7177cab-6a06-4e3b-9ed9-f12c66598b5e" correlationId="e6594538-95af-43e0-b9b4-f5a68d55f54d"
[WebServer] 2026-09-05T10:45:36.942+08:00 INFO  application=marketops-server environment=local buildVersion=0.1.0-SNAPSHOT correlationId=62e5fc59-80a4-482a-93e0-25f759a78fb8 c.m.m.s.i.e.ConsoleProblemAdvice - Console request refused event="console_request_refused" errorCode="RESOURCE_NOT_FOUND" correlationId="62e5fc59-80a4-482a-93e0-25f759a78fb8"
[WebServer] 2026-09-05T10:45:36.943+08:00 INFO  application=marketops-server environment=local buildVersion=0.1.0-SNAPSHOT correlationId=62e5fc59-80a4-482a-93e0-25f759a78fb8 c.m.m.s.i.c.CorrelationIdFilter - Request completed event="request_completed" correlationId="62e5fc59-80a4-482a-93e0-25f759a78fb8" status="404"
[WebServer] 2026-09-05T10:45:36.944+08:00 INFO  application=marketops-server environment=local buildVersion=0.1.0-SNAPSHOT correlationId=e6594538-95af-43e0-b9b4-f5a68d55f54d c.m.m.s.i.c.CorrelationIdFilter - Request completed event="request_completed" correlationId="e6594538-95af-43e0-b9b4-f5a68d55f54d" status="200"
[WebServer] 2026-09-05T10:45:36.945+08:00 INFO  application=marketops-server environment=local buildVersion=0.1.0-SNAPSHOT correlationId=11446057-2194-4221-9e38-028586deeffb c.m.m.s.i.e.ConsoleProblemAdvice - Console request refused event="console_request_refused" errorCode="RESOURCE_SCOPE_DENIED" correlationId="11446057-2194-4221-9e38-028586deeffb"
[WebServer] 2026-09-05T10:45:36.946+08:00 INFO  application=marketops-server environment=local buildVersion=0.1.0-SNAPSHOT correlationId=11446057-2194-4221-9e38-028586deeffb c.m.m.s.i.c.CorrelationIdFilter - Request completed event="request_completed" correlationId="11446057-2194-4221-9e38-028586deeffb" status="403"
[WebServer] 2026-09-05T10:45:36.947+08:00 INFO  application=marketops-server environment=local buildVersion=0.1.0-SNAPSHOT correlationId=1fc1dc77-2365-4ea1-b3ff-5f6785dc3b51 c.m.m.a.i.a.JdbcMetadataAuditStore - Metadata change recorded event="metadata_change_recorded" sourceDomain="advertisingefficiency" entityType="advertising_containments" entityId="cca165f5-9888-4c15-ab35-3dee06712e2c" action="READ" actorId="f7177cab-6a06-4e3b-9ed9-f12c66598b5e" correlationId="1fc1dc77-2365-4ea1-b3ff-5f6785dc3b51"
[WebServer] 2026-09-05T10:45:36.957+08:00 INFO  application=marketops-server environment=local buildVersion=0.1.0-SNAPSHOT correlationId=1fc1dc77-2365-4ea1-b3ff-5f6785dc3b51 c.m.m.s.i.c.CorrelationIdFilter - Request completed event="request_completed" correlationId="1fc1dc77-2365-4ea1-b3ff-5f6785dc3b51" status="200"
[WebServer] 2026-09-05T10:45:36.960+08:00 INFO  application=marketops-server environment=local buildVersion=0.1.0-SNAPSHOT correlationId=f6dd8f80-85dd-46dc-bf1e-037f4914e121 c.m.m.s.i.e.ConsoleProblemAdvice - Console request refused event="console_request_refused" errorCode="RESOURCE_SCOPE_DENIED" correlationId="f6dd8f80-85dd-46dc-bf1e-037f4914e121"
[WebServer] 2026-09-05T10:45:36.979+08:00 INFO  application=marketops-server environment=local buildVersion=0.1.0-SNAPSHOT correlationId=9ccb4f98-6923-417d-a687-36f3ff89796a c.m.m.a.i.a.JdbcMetadataAuditStore - Metadata change recorded event="metadata_change_recorded" sourceDomain="availabilityrisk" entityType="availability_queue" entityId="cca165f5-9888-4c15-ab35-3dee06712e2c" action="READ" actorId="f7177cab-6a06-4e3b-9ed9-f12c66598b5e" correlationId="9ccb4f98-6923-417d-a687-36f3ff89796a"
[WebServer] 2026-09-05T10:45:36.980+08:00 INFO  application=marketops-server environment=local buildVersion=0.1.0-SNAPSHOT correlationId=f6dd8f80-85dd-46dc-bf1e-037f4914e121 c.m.m.s.i.c.CorrelationIdFilter - Request completed event="request_completed" correlationId="f6dd8f80-85dd-46dc-bf1e-037f4914e121" status="403"
[WebServer] 2026-09-05T10:45:36.984+08:00 INFO  application=marketops-server environment=local buildVersion=0.1.0-SNAPSHOT correlationId=9ccb4f98-6923-417d-a687-36f3ff89796a c.m.m.s.i.c.CorrelationIdFilter - Request completed event="request_completed" correlationId="9ccb4f98-6923-417d-a687-36f3ff89796a" status="200"
[WebServer] 2026-09-05T10:45:36.985+08:00 INFO  application=marketops-server environment=local buildVersion=0.1.0-SNAPSHOT correlationId=2af91dfe-18da-4155-a884-02e9e1301373 c.m.m.a.i.a.JdbcMetadataAuditStore - Metadata change recorded event="metadata_change_recorded" sourceDomain="advertisingefficiency" entityType="advertising_exposure" entityId="cca165f5-9888-4c15-ab35-3dee06712e2c" action="READ" actorId="f7177cab-6a06-4e3b-9ed9-f12c66598b5e" correlationId="2af91dfe-18da-4155-a884-02e9e1301373"
[WebServer] 2026-09-05T10:45:36.987+08:00 INFO  application=marketops-server environment=local buildVersion=0.1.0-SNAPSHOT correlationId=2af91dfe-18da-4155-a884-02e9e1301373 c.m.m.s.i.c.CorrelationIdFilter - Request completed event="request_completed" correlationId="2af91dfe-18da-4155-a884-02e9e1301373" status="200"
[WebServer] 2026-09-05T10:45:36.987+08:00 INFO  application=marketops-server environment=local buildVersion=0.1.0-SNAPSHOT correlationId=fd3653f7-ef38-4755-84e5-73c8307a4d69 c.m.m.a.i.a.JdbcMetadataAuditStore - Metadata change recorded event="metadata_change_recorded" sourceDomain="advertisingefficiency" entityType="advertising_queue" entityId="cca165f5-9888-4c15-ab35-3dee06712e2c" action="READ" actorId="f7177cab-6a06-4e3b-9ed9-f12c66598b5e" correlationId="fd3653f7-ef38-4755-84e5-73c8307a4d69"
[WebServer] 2026-09-05T10:45:37.004+08:00 INFO  application=marketops-server environment=local buildVersion=0.1.0-SNAPSHOT correlationId=06b74aec-4785-4071-a452-62f2bd382b58 c.m.m.a.i.a.JdbcMetadataAuditStore - Metadata change recorded event="metadata_change_recorded" sourceDomain="advertisingefficiency" entityType="advertising_orchestration" entityId="cca165f5-9888-4c15-ab35-3dee06712e2c" action="READ" actorId="f7177cab-6a06-4e3b-9ed9-f12c66598b5e" correlationId="06b74aec-4785-4071-a452-62f2bd382b58"
[WebServer] 2026-09-05T10:45:37.005+08:00 INFO  application=marketops-server environment=local buildVersion=0.1.0-SNAPSHOT correlationId=06b74aec-4785-4071-a452-62f2bd382b58 c.m.m.s.i.c.CorrelationIdFilter - Request completed event="request_completed" correlationId="06b74aec-4785-4071-a452-62f2bd382b58" status="200"
[WebServer] 2026-09-05T10:45:37.018+08:00 INFO  application=marketops-server environment=local buildVersion=0.1.0-SNAPSHOT correlationId=3c39fabe-ebc5-48cc-b51e-d01c784e0d91 c.m.m.s.i.c.CorrelationIdFilter - Request completed event="request_completed" correlationId="3c39fabe-ebc5-48cc-b51e-d01c784e0d91" status="200"
[WebServer] 2026-09-05T10:45:37.053+08:00 INFO  application=marketops-server environment=local buildVersion=0.1.0-SNAPSHOT correlationId=fd3653f7-ef38-4755-84e5-73c8307a4d69 c.m.m.s.i.c.CorrelationIdFilter - Request completed event="request_completed" correlationId="fd3653f7-ef38-4755-84e5-73c8307a4d69" status="200"
[WebServer] 2026-09-05T10:45:37.130+08:00 INFO  application=marketops-server environment=local buildVersion=0.1.0-SNAPSHOT correlationId=30703a13-b12f-457f-be15-f01983db1d21 c.m.m.a.i.a.JdbcMetadataAuditStore - Metadata change recorded event="metadata_change_recorded" sourceDomain="advertisingefficiency" entityType="advertising_case" entityId="aee54b1e-b6fb-4e26-9b36-98bb72998f64" action="READ" actorId="f7177cab-6a06-4e3b-9ed9-f12c66598b5e" correlationId="30703a13-b12f-457f-be15-f01983db1d21"
[WebServer] 2026-09-05T10:45:37.150+08:00 INFO  application=marketops-server environment=local buildVersion=0.1.0-SNAPSHOT correlationId=30703a13-b12f-457f-be15-f01983db1d21 c.m.m.s.i.c.CorrelationIdFilter - Request completed event="request_completed" correlationId="30703a13-b12f-457f-be15-f01983db1d21" status="200"
[WebServer] 2026-09-05T10:45:37.170+08:00 INFO  application=marketops-server environment=local buildVersion=0.1.0-SNAPSHOT correlationId=e1e4b2fb-5155-476f-b52a-c15103737970 c.m.m.a.i.a.JdbcMetadataAuditStore - Metadata change recorded event="metadata_change_recorded" sourceDomain="advertisingefficiency" entityType="advertising_manual_packet" entityId="5415f794-f605-4dfb-bcfb-98cb8dd0be66" action="READ" actorId="f7177cab-6a06-4e3b-9ed9-f12c66598b5e" correlationId="e1e4b2fb-5155-476f-b52a-c15103737970"
[WebServer] 2026-09-05T10:45:37.172+08:00 INFO  application=marketops-server environment=local buildVersion=0.1.0-SNAPSHOT correlationId=e1e4b2fb-5155-476f-b52a-c15103737970 c.m.m.s.i.c.CorrelationIdFilter - Request completed event="request_completed" correlationId="e1e4b2fb-5155-476f-b52a-c15103737970" status="200"
[WebServer] 2026-09-05T10:45:37.192+08:00 INFO  application=marketops-server environment=local buildVersion=0.1.0-SNAPSHOT correlationId=9ba9ff9a-681d-4805-b946-7a01760a4310 c.m.m.s.i.c.CorrelationIdFilter - Request completed event="request_completed" correlationId="9ba9ff9a-681d-4805-b946-7a01760a4310" status="200"
[WebServer] 2026-09-05T10:45:37.197+08:00 INFO  application=marketops-server environment=local buildVersion=0.1.0-SNAPSHOT correlationId=c3ae9edc-5c6a-4643-b438-659fede5e926 c.m.m.s.i.c.CorrelationIdFilter - Request completed event="request_completed" correlationId="c3ae9edc-5c6a-4643-b438-659fede5e926" status="200"
[WebServer] 2026-09-05T10:45:37.222+08:00 INFO  application=marketops-server environment=local buildVersion=0.1.0-SNAPSHOT correlationId=43149e91-7290-4aaa-abca-f286fcc6ae98 c.m.m.s.i.c.CorrelationIdFilter - Request completed event="request_completed" correlationId="43149e91-7290-4aaa-abca-f286fcc6ae98" status="200"
[WebServer] 2026-09-05T10:45:37.418+08:00 INFO  application=marketops-server environment=local buildVersion=0.1.0-SNAPSHOT correlationId=327dcfe1-a246-43c1-bc01-cad6c05aa240 c.m.m.a.i.a.JdbcMetadataAuditStore - Metadata change recorded event="metadata_change_recorded" sourceDomain="operationsworkflow" entityType="recommendation" entityId="bd987d10-5a0d-4876-8f3a-e15f065e71e2" action="STATUS_CHANGE" actorId="f7177cab-6a06-4e3b-9ed9-f12c66598b5e" correlationId="327dcfe1-a246-43c1-bc01-cad6c05aa240"
[WebServer] 2026-09-05T10:45:37.436+08:00 INFO  application=marketops-server environment=local buildVersion=0.1.0-SNAPSHOT correlationId=327dcfe1-a246-43c1-bc01-cad6c05aa240 c.m.m.s.i.c.CorrelationIdFilter - Request completed event="request_completed" correlationId="327dcfe1-a246-43c1-bc01-cad6c05aa240" status="200"
[WebServer] 2026-09-05T10:45:37.476+08:00 INFO  application=marketops-server environment=local buildVersion=0.1.0-SNAPSHOT correlationId=88356c6d-0209-4cd4-8134-b62f36265bbe c.m.m.s.i.c.CorrelationIdFilter - Request completed event="request_completed" correlationId="88356c6d-0209-4cd4-8134-b62f36265bbe" status="200"
[WebServer] 2026-09-05T10:45:37.492+08:00 INFO  application=marketops-server environment=local buildVersion=0.1.0-SNAPSHOT correlationId=5c4e2c77-8265-4983-8400-fd8b4e46348b c.m.m.s.i.c.CorrelationIdFilter - Request completed event="request_completed" correlationId="5c4e2c77-8265-4983-8400-fd8b4e46348b" status="200"
[WebServer] 2026-09-05T10:45:37.856+08:00 INFO  application=marketops-server environment=local buildVersion=0.1.0-SNAPSHOT correlationId=fd503ffd-0504-45bb-9e10-119bd7c0cd34 c.m.m.s.i.c.CorrelationIdFilter - Request completed event="request_completed" correlationId="fd503ffd-0504-45bb-9e10-119bd7c0cd34" status="200"
[WebServer] 2026-09-05T10:45:37.864+08:00 INFO  application=marketops-server environment=local buildVersion=0.1.0-SNAPSHOT correlationId=89a45d55-b419-42ce-9298-aeccc1f16c98 c.m.m.s.i.e.ConsoleProblemAdvice - Console request refused event="console_request_refused" errorCode="RESOURCE_SCOPE_DENIED" correlationId="89a45d55-b419-42ce-9298-aeccc1f16c98"
[WebServer] 2026-09-05T10:45:37.864+08:00 INFO  application=marketops-server environment=local buildVersion=0.1.0-SNAPSHOT correlationId=e36bed8f-3f47-493c-ab3e-58286dfe4059 c.m.m.s.i.e.ConsoleProblemAdvice - Console request refused event="console_request_refused" errorCode="RESOURCE_NOT_FOUND" correlationId="e36bed8f-3f47-493c-ab3e-58286dfe4059"
[WebServer] 2026-09-05T10:45:37.864+08:00 INFO  application=marketops-server environment=local buildVersion=0.1.0-SNAPSHOT correlationId=f6d4a979-44f3-43fe-acde-d40e2fcf604d c.m.m.a.i.a.JdbcMetadataAuditStore - Metadata change recorded event="metadata_change_recorded" sourceDomain="advertisingefficiency" entityType="advertising_reservations" entityId="cca165f5-9888-4c15-ab35-3dee06712e2c" action="READ" actorId="71da5c89-bd33-4014-84af-db26a125059f" correlationId="f6d4a979-44f3-43fe-acde-d40e2fcf604d"
[WebServer] 2026-09-05T10:45:37.865+08:00 INFO  application=marketops-server environment=local buildVersion=0.1.0-SNAPSHOT correlationId=89a45d55-b419-42ce-9298-aeccc1f16c98 c.m.m.s.i.c.CorrelationIdFilter - Request completed event="request_completed" correlationId="89a45d55-b419-42ce-9298-aeccc1f16c98" status="403"
[WebServer] 2026-09-05T10:45:37.865+08:00 INFO  application=marketops-server environment=local buildVersion=0.1.0-SNAPSHOT correlationId=e36bed8f-3f47-493c-ab3e-58286dfe4059 c.m.m.s.i.c.CorrelationIdFilter - Request completed event="request_completed" correlationId="e36bed8f-3f47-493c-ab3e-58286dfe4059" status="404"
[WebServer] 2026-09-05T10:45:37.868+08:00 INFO  application=marketops-server environment=local buildVersion=0.1.0-SNAPSHOT correlationId=9e1288b1-b541-4543-96eb-be113733e098 c.m.m.a.i.a.JdbcMetadataAuditStore - Metadata change recorded event="metadata_change_recorded" sourceDomain="availabilityrisk" entityType="availability_queue" entityId="cca165f5-9888-4c15-ab35-3dee06712e2c" action="READ" actorId="71da5c89-bd33-4014-84af-db26a125059f" correlationId="9e1288b1-b541-4543-96eb-be113733e098"
[WebServer] 2026-09-05T10:45:37.869+08:00 INFO  application=marketops-server environment=local buildVersion=0.1.0-SNAPSHOT correlationId=f6d4a979-44f3-43fe-acde-d40e2fcf604d c.m.m.s.i.c.CorrelationIdFilter - Request completed event="request_completed" correlationId="f6d4a979-44f3-43fe-acde-d40e2fcf604d" status="200"
[WebServer] 2026-09-05T10:45:37.869+08:00 INFO  application=marketops-server environment=local buildVersion=0.1.0-SNAPSHOT correlationId=be9d74f0-ed75-42ce-a287-f5c48bc7ffb5 c.m.m.a.i.a.JdbcMetadataAuditStore - Metadata change recorded event="metadata_change_recorded" sourceDomain="advertisingefficiency" entityType="advertising_containments" entityId="cca165f5-9888-4c15-ab35-3dee06712e2c" action="READ" actorId="71da5c89-bd33-4014-84af-db26a125059f" correlationId="be9d74f0-ed75-42ce-a287-f5c48bc7ffb5"
[WebServer] 2026-09-05T10:45:37.870+08:00 INFO  application=marketops-server environment=local buildVersion=0.1.0-SNAPSHOT correlationId=9e1288b1-b541-4543-96eb-be113733e098 c.m.m.s.i.c.CorrelationIdFilter - Request completed event="request_completed" correlationId="9e1288b1-b541-4543-96eb-be113733e098" status="200"
[WebServer] 2026-09-05T10:45:37.875+08:00 INFO  application=marketops-server environment=local buildVersion=0.1.0-SNAPSHOT correlationId=51f505ed-bf2e-4b69-8f7b-58f9295a8eee c.m.m.a.i.a.JdbcMetadataAuditStore - Metadata change recorded event="metadata_change_recorded" sourceDomain="advertisingefficiency" entityType="advertising_exposure" entityId="cca165f5-9888-4c15-ab35-3dee06712e2c" action="READ" actorId="71da5c89-bd33-4014-84af-db26a125059f" correlationId="51f505ed-bf2e-4b69-8f7b-58f9295a8eee"
[WebServer] 2026-09-05T10:45:37.877+08:00 INFO  application=marketops-server environment=local buildVersion=0.1.0-SNAPSHOT correlationId=51f505ed-bf2e-4b69-8f7b-58f9295a8eee c.m.m.s.i.c.CorrelationIdFilter - Request completed event="request_completed" correlationId="51f505ed-bf2e-4b69-8f7b-58f9295a8eee" status="200"
[WebServer] 2026-09-05T10:45:37.879+08:00 INFO  application=marketops-server environment=local buildVersion=0.1.0-SNAPSHOT correlationId=be9d74f0-ed75-42ce-a287-f5c48bc7ffb5 c.m.m.s.i.c.CorrelationIdFilter - Request completed event="request_completed" correlationId="be9d74f0-ed75-42ce-a287-f5c48bc7ffb5" status="200"
[WebServer] 2026-09-05T10:45:37.883+08:00 INFO  application=marketops-server environment=local buildVersion=0.1.0-SNAPSHOT correlationId=776d3baf-4fdb-4788-bf1c-c8008f623958 c.m.m.s.i.e.ConsoleProblemAdvice - Console request refused event="console_request_refused" errorCode="RESOURCE_SCOPE_DENIED" correlationId="776d3baf-4fdb-4788-bf1c-c8008f623958"
[WebServer] 2026-09-05T10:45:37.884+08:00 INFO  application=marketops-server environment=local buildVersion=0.1.0-SNAPSHOT correlationId=776d3baf-4fdb-4788-bf1c-c8008f623958 c.m.m.s.i.c.CorrelationIdFilter - Request completed event="request_completed" correlationId="776d3baf-4fdb-4788-bf1c-c8008f623958" status="403"
[WebServer] 2026-09-05T10:45:37.891+08:00 INFO  application=marketops-server environment=local buildVersion=0.1.0-SNAPSHOT correlationId=76ce1aa5-449f-4c4d-9aa9-4b363c2fe16e c.m.m.a.i.a.JdbcMetadataAuditStore - Metadata change recorded event="metadata_change_recorded" sourceDomain="advertisingefficiency" entityType="advertising_queue" entityId="cca165f5-9888-4c15-ab35-3dee06712e2c" action="READ" actorId="71da5c89-bd33-4014-84af-db26a125059f" correlationId="76ce1aa5-449f-4c4d-9aa9-4b363c2fe16e"
[WebServer] 2026-09-05T10:45:37.895+08:00 INFO  application=marketops-server environment=local buildVersion=0.1.0-SNAPSHOT correlationId=43c999a5-a9a3-4ff5-87e6-ce7a5889d51b c.m.m.a.i.a.JdbcMetadataAuditStore - Metadata change recorded event="metadata_change_recorded" sourceDomain="advertisingefficiency" entityType="advertising_orchestration" entityId="cca165f5-9888-4c15-ab35-3dee06712e2c" action="READ" actorId="71da5c89-bd33-4014-84af-db26a125059f" correlationId="43c999a5-a9a3-4ff5-87e6-ce7a5889d51b"
[WebServer] 2026-09-05T10:45:37.896+08:00 INFO  application=marketops-server environment=local buildVersion=0.1.0-SNAPSHOT correlationId=43c999a5-a9a3-4ff5-87e6-ce7a5889d51b c.m.m.s.i.c.CorrelationIdFilter - Request completed event="request_completed" correlationId="43c999a5-a9a3-4ff5-87e6-ce7a5889d51b" status="200"
[WebServer] 2026-09-05T10:45:37.927+08:00 INFO  application=marketops-server environment=local buildVersion=0.1.0-SNAPSHOT correlationId=45c53b62-0ed9-4410-9c1f-c859838fe684 c.m.m.s.i.c.CorrelationIdFilter - Request completed event="request_completed" correlationId="45c53b62-0ed9-4410-9c1f-c859838fe684" status="200"
[WebServer] 2026-09-05T10:45:37.943+08:00 INFO  application=marketops-server environment=local buildVersion=0.1.0-SNAPSHOT correlationId=76ce1aa5-449f-4c4d-9aa9-4b363c2fe16e c.m.m.s.i.c.CorrelationIdFilter - Request completed event="request_completed" correlationId="76ce1aa5-449f-4c4d-9aa9-4b363c2fe16e" status="200"
[WebServer] 2026-09-05T10:45:38.054+08:00 INFO  application=marketops-server environment=local buildVersion=0.1.0-SNAPSHOT correlationId=4737481d-272f-4f3c-bd8f-0c599761529e c.m.m.a.i.a.JdbcMetadataAuditStore - Metadata change recorded event="metadata_change_recorded" sourceDomain="advertisingefficiency" entityType="advertising_case" entityId="aee54b1e-b6fb-4e26-9b36-98bb72998f64" action="READ" actorId="71da5c89-bd33-4014-84af-db26a125059f" correlationId="4737481d-272f-4f3c-bd8f-0c599761529e"
[WebServer] 2026-09-05T10:45:38.077+08:00 INFO  application=marketops-server environment=local buildVersion=0.1.0-SNAPSHOT correlationId=4737481d-272f-4f3c-bd8f-0c599761529e c.m.m.s.i.c.CorrelationIdFilter - Request completed event="request_completed" correlationId="4737481d-272f-4f3c-bd8f-0c599761529e" status="200"
[WebServer] 2026-09-05T10:45:38.102+08:00 INFO  application=marketops-server environment=local buildVersion=0.1.0-SNAPSHOT correlationId=5becf0da-7046-46ab-b383-b396d17d90f9 c.m.m.a.i.a.JdbcMetadataAuditStore - Metadata change recorded event="metadata_change_recorded" sourceDomain="advertisingefficiency" entityType="advertising_manual_packet" entityId="5415f794-f605-4dfb-bcfb-98cb8dd0be66" action="READ" actorId="71da5c89-bd33-4014-84af-db26a125059f" correlationId="5becf0da-7046-46ab-b383-b396d17d90f9"
[WebServer] 2026-09-05T10:45:38.104+08:00 INFO  application=marketops-server environment=local buildVersion=0.1.0-SNAPSHOT correlationId=5becf0da-7046-46ab-b383-b396d17d90f9 c.m.m.s.i.c.CorrelationIdFilter - Request completed event="request_completed" correlationId="5becf0da-7046-46ab-b383-b396d17d90f9" status="200"
[WebServer] 2026-09-05T10:45:38.158+08:00 INFO  application=marketops-server environment=local buildVersion=0.1.0-SNAPSHOT correlationId=9c3d216d-69f9-4c9a-9299-ab934c55fa0f c.m.m.s.i.c.CorrelationIdFilter - Request completed event="request_completed" correlationId="9c3d216d-69f9-4c9a-9299-ab934c55fa0f" status="200"
[WebServer] 2026-09-05T10:45:38.168+08:00 INFO  application=marketops-server environment=local buildVersion=0.1.0-SNAPSHOT correlationId=5b167df0-632e-46c4-94ef-9b8acaf40a2e c.m.m.s.i.c.CorrelationIdFilter - Request completed event="request_completed" correlationId="5b167df0-632e-46c4-94ef-9b8acaf40a2e" status="200"
[WebServer] 2026-09-05T10:45:38.197+08:00 INFO  application=marketops-server environment=local buildVersion=0.1.0-SNAPSHOT correlationId=a342ed2b-e311-4b24-8c71-2f557f14acfb c.m.m.s.i.c.CorrelationIdFilter - Request completed event="request_completed" correlationId="a342ed2b-e311-4b24-8c71-2f557f14acfb" status="200"
[WebServer] 2026-09-05T10:45:38.279+08:00 INFO  application=marketops-server environment=local buildVersion=0.1.0-SNAPSHOT correlationId=07fa4d0f-3baa-46cd-8345-3c321bf5777a c.m.m.s.i.e.ConsoleProblemAdvice - Console request refused event="console_request_refused" errorCode="RESOURCE_SCOPE_DENIED" correlationId="07fa4d0f-3baa-46cd-8345-3c321bf5777a"
[WebServer] 2026-09-05T10:45:38.280+08:00 INFO  application=marketops-server environment=local buildVersion=0.1.0-SNAPSHOT correlationId=07fa4d0f-3baa-46cd-8345-3c321bf5777a c.m.m.s.i.c.CorrelationIdFilter - Request completed event="request_completed" correlationId="07fa4d0f-3baa-46cd-8345-3c321bf5777a" status="403"
  ✘   1 tests/advertising-browser/governed-advertising.spec.ts:71:1 › real Maker, Ops Lead and Owner decisions preserve minimum disclosure and exact versions (23.9s)
(node:81366) Warning: The 'NO_COLOR' env is ignored due to the 'FORCE_COLOR' env being set.
(Use `node --trace-warnings ...` to show where the warning was created)
[WebServer] 2026-09-05T10:45:58.975+08:00 DEBUG application=marketops-server environment=local buildVersion=0.1.0-SNAPSHOT correlationId=c44def22-1915-4fa3-9299-fd43c7c78790 c.m.m.s.i.c.CorrelationIdFilter - Inbound correlation identifier replaced event="correlation_identifier_replaced" correlationId="c44def22-1915-4fa3-9299-fd43c7c78790" rejectionCategory="MISSING"
[WebServer] 2026-09-05T10:45:58.987+08:00 INFO  application=marketops-server environment=local buildVersion=0.1.0-SNAPSHOT correlationId=c44def22-1915-4fa3-9299-fd43c7c78790 c.m.m.s.i.c.CorrelationIdFilter - Request completed event="request_completed" correlationId="c44def22-1915-4fa3-9299-fd43c7c78790" status="401"
[WebServer] 2026-09-05T10:45:58.994+08:00 DEBUG application=marketops-server environment=local buildVersion=0.1.0-SNAPSHOT correlationId=7e862d9f-e411-4b5b-b585-5307649758b4 c.m.m.s.i.c.CorrelationIdFilter - Inbound correlation identifier replaced event="correlation_identifier_replaced" correlationId="7e862d9f-e411-4b5b-b585-5307649758b4" rejectionCategory="MISSING"
[WebServer] 2026-09-05T10:45:58.997+08:00 INFO  application=marketops-server environment=local buildVersion=0.1.0-SNAPSHOT correlationId=7e862d9f-e411-4b5b-b585-5307649758b4 c.m.m.s.i.c.CorrelationIdFilter - Request completed event="request_completed" correlationId="7e862d9f-e411-4b5b-b585-5307649758b4" status="401"
  ✓   2 tests/advertising-browser/governed-advertising.spec.ts:149:1 › real backend denies absent and forged credentials before advertising data is disclosed (53ms)
[WebServer] 2026-09-05T10:45:59.479+08:00 INFO  application=marketops-server environment=local buildVersion=0.1.0-SNAPSHOT correlationId=4693c483-b948-4333-a6bb-a2c70cc73dfd c.m.m.s.i.e.ConsoleProblemAdvice - Console request refused event="console_request_refused" errorCode="RESOURCE_NOT_FOUND" correlationId="4693c483-b948-4333-a6bb-a2c70cc73dfd"
[WebServer] 2026-09-05T10:45:59.480+08:00 INFO  application=marketops-server environment=local buildVersion=0.1.0-SNAPSHOT correlationId=4693c483-b948-4333-a6bb-a2c70cc73dfd c.m.m.s.i.c.CorrelationIdFilter - Request completed event="request_completed" correlationId="4693c483-b948-4333-a6bb-a2c70cc73dfd" status="404"
[WebServer] 2026-09-05T10:45:59.485+08:00 INFO  application=marketops-server environment=local buildVersion=0.1.0-SNAPSHOT correlationId=a2e92ff8-4866-43f1-addc-4d03552f1ac9 c.m.m.a.i.a.JdbcMetadataAuditStore - Metadata change recorded event="metadata_change_recorded" sourceDomain="advertisingefficiency" entityType="advertising_reservations" entityId="319503fa-5fa3-4eb4-a0c0-5a051938b04b" action="READ" actorId="64dbaf36-c83f-40df-bacf-8a86a9b7a463" correlationId="a2e92ff8-4866-43f1-addc-4d03552f1ac9"
[WebServer] 2026-09-05T10:45:59.488+08:00 INFO  application=marketops-server environment=local buildVersion=0.1.0-SNAPSHOT correlationId=a2e92ff8-4866-43f1-addc-4d03552f1ac9 c.m.m.s.i.c.CorrelationIdFilter - Request completed event="request_completed" correlationId="a2e92ff8-4866-43f1-addc-4d03552f1ac9" status="200"
[WebServer] 2026-09-05T10:45:59.494+08:00 INFO  application=marketops-server environment=local buildVersion=0.1.0-SNAPSHOT correlationId=e66bdc35-80ea-4f0e-a089-59f697aa3479 c.m.m.s.i.e.ConsoleProblemAdvice - Console request refused event="console_request_refused" errorCode="RESOURCE_SCOPE_DENIED" correlationId="e66bdc35-80ea-4f0e-a089-59f697aa3479"
[WebServer] 2026-09-05T10:45:59.495+08:00 INFO  application=marketops-server environment=local buildVersion=0.1.0-SNAPSHOT correlationId=e66bdc35-80ea-4f0e-a089-59f697aa3479 c.m.m.s.i.c.CorrelationIdFilter - Request completed event="request_completed" correlationId="e66bdc35-80ea-4f0e-a089-59f697aa3479" status="403"
[WebServer] 2026-09-05T10:45:59.499+08:00 INFO  application=marketops-server environment=local buildVersion=0.1.0-SNAPSHOT correlationId=5fe0277f-85e3-4d7f-94e2-5444bc37b7dc c.m.m.s.i.c.CorrelationIdFilter - Request completed event="request_completed" correlationId="5fe0277f-85e3-4d7f-94e2-5444bc37b7dc" status="200"
[WebServer] 2026-09-05T10:45:59.507+08:00 INFO  application=marketops-server environment=local buildVersion=0.1.0-SNAPSHOT correlationId=6af4f067-72db-4bd6-876b-bba303930c40 c.m.m.a.i.a.JdbcMetadataAuditStore - Metadata change recorded event="metadata_change_recorded" sourceDomain="advertisingefficiency" entityType="advertising_containments" entityId="319503fa-5fa3-4eb4-a0c0-5a051938b04b" action="READ" actorId="64dbaf36-c83f-40df-bacf-8a86a9b7a463" correlationId="6af4f067-72db-4bd6-876b-bba303930c40"
[WebServer] 2026-09-05T10:45:59.512+08:00 INFO  application=marketops-server environment=local buildVersion=0.1.0-SNAPSHOT correlationId=176ff15a-071d-4c03-ac4b-1ed690c394a1 c.m.m.a.i.a.JdbcMetadataAuditStore - Metadata change recorded event="metadata_change_recorded" sourceDomain="advertisingefficiency" entityType="advertising_exposure" entityId="319503fa-5fa3-4eb4-a0c0-5a051938b04b" action="READ" actorId="64dbaf36-c83f-40df-bacf-8a86a9b7a463" correlationId="176ff15a-071d-4c03-ac4b-1ed690c394a1"
[WebServer] 2026-09-05T10:45:59.512+08:00 INFO  application=marketops-server environment=local buildVersion=0.1.0-SNAPSHOT correlationId=46e7625e-f459-4d17-8635-325243f2b53f c.m.m.a.i.a.JdbcMetadataAuditStore - Metadata change recorded event="metadata_change_recorded" sourceDomain="availabilityrisk" entityType="availability_queue" entityId="319503fa-5fa3-4eb4-a0c0-5a051938b04b" action="READ" actorId="64dbaf36-c83f-40df-bacf-8a86a9b7a463" correlationId="46e7625e-f459-4d17-8635-325243f2b53f"
[WebServer] 2026-09-05T10:45:59.514+08:00 INFO  application=marketops-server environment=local buildVersion=0.1.0-SNAPSHOT correlationId=176ff15a-071d-4c03-ac4b-1ed690c394a1 c.m.m.s.i.c.CorrelationIdFilter - Request completed event="request_completed" correlationId="176ff15a-071d-4c03-ac4b-1ed690c394a1" status="200"
[WebServer] 2026-09-05T10:45:59.515+08:00 INFO  application=marketops-server environment=local buildVersion=0.1.0-SNAPSHOT correlationId=46e7625e-f459-4d17-8635-325243f2b53f c.m.m.s.i.c.CorrelationIdFilter - Request completed event="request_completed" correlationId="46e7625e-f459-4d17-8635-325243f2b53f" status="200"
[WebServer] 2026-09-05T10:45:59.517+08:00 INFO  application=marketops-server environment=local buildVersion=0.1.0-SNAPSHOT correlationId=6af4f067-72db-4bd6-876b-bba303930c40 c.m.m.s.i.c.CorrelationIdFilter - Request completed event="request_completed" correlationId="6af4f067-72db-4bd6-876b-bba303930c40" status="200"
[WebServer] 2026-09-05T10:45:59.517+08:00 INFO  application=marketops-server environment=local buildVersion=0.1.0-SNAPSHOT correlationId=6031eedc-5277-40be-b9c7-71da57ae457e c.m.m.s.i.e.ConsoleProblemAdvice - Console request refused event="console_request_refused" errorCode="RESOURCE_SCOPE_DENIED" correlationId="6031eedc-5277-40be-b9c7-71da57ae457e"
[WebServer] 2026-09-05T10:45:59.518+08:00 INFO  application=marketops-server environment=local buildVersion=0.1.0-SNAPSHOT correlationId=abaac2b1-8b82-4e85-90a1-bbaaccd60e19 c.m.m.a.i.a.JdbcMetadataAuditStore - Metadata change recorded event="metadata_change_recorded" sourceDomain="advertisingefficiency" entityType="advertising_queue" entityId="319503fa-5fa3-4eb4-a0c0-5a051938b04b" action="READ" actorId="64dbaf36-c83f-40df-bacf-8a86a9b7a463" correlationId="abaac2b1-8b82-4e85-90a1-bbaaccd60e19"
[WebServer] 2026-09-05T10:45:59.519+08:00 INFO  application=marketops-server environment=local buildVersion=0.1.0-SNAPSHOT correlationId=6031eedc-5277-40be-b9c7-71da57ae457e c.m.m.s.i.c.CorrelationIdFilter - Request completed event="request_completed" correlationId="6031eedc-5277-40be-b9c7-71da57ae457e" status="403"
[WebServer] 2026-09-05T10:45:59.533+08:00 INFO  application=marketops-server environment=local buildVersion=0.1.0-SNAPSHOT correlationId=1b5a3bcc-7d0e-4338-b9c2-086e662a5bb8 c.m.m.a.i.a.JdbcMetadataAuditStore - Metadata change recorded event="metadata_change_recorded" sourceDomain="advertisingefficiency" entityType="advertising_orchestration" entityId="319503fa-5fa3-4eb4-a0c0-5a051938b04b" action="READ" actorId="64dbaf36-c83f-40df-bacf-8a86a9b7a463" correlationId="1b5a3bcc-7d0e-4338-b9c2-086e662a5bb8"
[WebServer] 2026-09-05T10:45:59.534+08:00 INFO  application=marketops-server environment=local buildVersion=0.1.0-SNAPSHOT correlationId=1b5a3bcc-7d0e-4338-b9c2-086e662a5bb8 c.m.m.s.i.c.CorrelationIdFilter - Request completed event="request_completed" correlationId="1b5a3bcc-7d0e-4338-b9c2-086e662a5bb8" status="200"
[WebServer] 2026-09-05T10:45:59.534+08:00 INFO  application=marketops-server environment=local buildVersion=0.1.0-SNAPSHOT correlationId=abaac2b1-8b82-4e85-90a1-bbaaccd60e19 c.m.m.s.i.c.CorrelationIdFilter - Request completed event="request_completed" correlationId="abaac2b1-8b82-4e85-90a1-bbaaccd60e19" status="200"
[WebServer] 2026-09-05T10:45:59.538+08:00 INFO  application=marketops-server environment=local buildVersion=0.1.0-SNAPSHOT correlationId=d3ad4e92-10c5-4a5f-a265-7a60cdb34793 c.m.m.s.i.c.CorrelationIdFilter - Request completed event="request_completed" correlationId="d3ad4e92-10c5-4a5f-a265-7a60cdb34793" status="200"
[WebServer] 2026-09-05T10:45:59.648+08:00 INFO  application=marketops-server environment=local buildVersion=0.1.0-SNAPSHOT correlationId=aaeec439-f9af-4843-88dc-6f7c72d4e4ad c.m.m.a.i.a.JdbcMetadataAuditStore - Metadata change recorded event="metadata_change_recorded" sourceDomain="advertisingefficiency" entityType="advertising_case" entityId="aeadca5a-a7d3-4436-a425-a830e3b65145" action="READ" actorId="64dbaf36-c83f-40df-bacf-8a86a9b7a463" correlationId="aaeec439-f9af-4843-88dc-6f7c72d4e4ad"
[WebServer] 2026-09-05T10:45:59.662+08:00 INFO  application=marketops-server environment=local buildVersion=0.1.0-SNAPSHOT correlationId=aaeec439-f9af-4843-88dc-6f7c72d4e4ad c.m.m.s.i.c.CorrelationIdFilter - Request completed event="request_completed" correlationId="aaeec439-f9af-4843-88dc-6f7c72d4e4ad" status="200"
[WebServer] 2026-09-05T10:45:59.678+08:00 INFO  application=marketops-server environment=local buildVersion=0.1.0-SNAPSHOT correlationId=193523c8-9538-49a6-8d78-4fb136f1e1a5 c.m.m.a.i.a.JdbcMetadataAuditStore - Metadata change recorded event="metadata_change_recorded" sourceDomain="advertisingefficiency" entityType="advertising_manual_packet" entityId="e5a3c08b-9a61-4eb4-b74b-32ada30ae02f" action="READ" actorId="64dbaf36-c83f-40df-bacf-8a86a9b7a463" correlationId="193523c8-9538-49a6-8d78-4fb136f1e1a5"
[WebServer] 2026-09-05T10:45:59.679+08:00 INFO  application=marketops-server environment=local buildVersion=0.1.0-SNAPSHOT correlationId=193523c8-9538-49a6-8d78-4fb136f1e1a5 c.m.m.s.i.c.CorrelationIdFilter - Request completed event="request_completed" correlationId="193523c8-9538-49a6-8d78-4fb136f1e1a5" status="200"
[WebServer] 2026-09-05T10:45:59.701+08:00 INFO  application=marketops-server environment=local buildVersion=0.1.0-SNAPSHOT correlationId=0f808bc6-abb5-4a14-aa9a-63863d00fe04 c.m.m.s.i.c.CorrelationIdFilter - Request completed event="request_completed" correlationId="0f808bc6-abb5-4a14-aa9a-63863d00fe04" status="200"
[WebServer] 2026-09-05T10:45:59.710+08:00 INFO  application=marketops-server environment=local buildVersion=0.1.0-SNAPSHOT correlationId=996c7523-66b6-47dc-8fdc-2ccdce9d880d c.m.m.s.i.c.CorrelationIdFilter - Request completed event="request_completed" correlationId="996c7523-66b6-47dc-8fdc-2ccdce9d880d" status="200"
[WebServer] 2026-09-05T10:45:59.728+08:00 INFO  application=marketops-server environment=local buildVersion=0.1.0-SNAPSHOT correlationId=d0ea19aa-cb38-488a-8cd1-4ebb1d1c151e c.m.m.s.i.c.CorrelationIdFilter - Request completed event="request_completed" correlationId="d0ea19aa-cb38-488a-8cd1-4ebb1d1c151e" status="200"
[WebServer] 2026-09-05T10:46:00.003+08:00 INFO  application=marketops-server environment=local buildVersion=0.1.0-SNAPSHOT correlationId=1acee6f3-300a-491d-ba37-afc523529088 c.m.m.s.i.c.CorrelationIdFilter - Request completed event="request_completed" correlationId="1acee6f3-300a-491d-ba37-afc523529088" status="200"
[WebServer] 2026-09-05T10:46:00.029+08:00 INFO  application=marketops-server environment=local buildVersion=0.1.0-SNAPSHOT correlationId=9bc450d3-e005-42d8-aa79-fc159f4994e6 c.m.m.a.i.a.JdbcMetadataAuditStore - Metadata change recorded event="metadata_change_recorded" sourceDomain="advertisingefficiency" entityType="advertising_manual_packet" entityId="e5a3c08b-9a61-4eb4-b74b-32ada30ae02f" action="READ" actorId="64dbaf36-c83f-40df-bacf-8a86a9b7a463" correlationId="9bc450d3-e005-42d8-aa79-fc159f4994e6"
[WebServer] 2026-09-05T10:46:00.077+08:00 INFO  application=marketops-server environment=local buildVersion=0.1.0-SNAPSHOT correlationId=9bc450d3-e005-42d8-aa79-fc159f4994e6 c.m.m.s.i.c.CorrelationIdFilter - Request completed event="request_completed" correlationId="9bc450d3-e005-42d8-aa79-fc159f4994e6" status="200"
[WebServer] 2026-09-05T10:46:00.560+08:00 INFO  application=marketops-server environment=local buildVersion=0.1.0-SNAPSHOT correlationId=5b69d7da-6e59-4dd4-b5de-20a990a08fbc c.m.m.s.i.c.CorrelationIdFilter - Request completed event="request_completed" correlationId="5b69d7da-6e59-4dd4-b5de-20a990a08fbc" status="200"
[WebServer] 2026-09-05T10:46:00.568+08:00 INFO  application=marketops-server environment=local buildVersion=0.1.0-SNAPSHOT correlationId=68772927-e8dc-49ea-ab6e-e833b4ab4708 c.m.m.a.i.a.JdbcMetadataAuditStore - Metadata change recorded event="metadata_change_recorded" sourceDomain="advertisingefficiency" entityType="advertising_containments" entityId="319503fa-5fa3-4eb4-a0c0-5a051938b04b" action="READ" actorId="0371d8d9-58ec-489b-8a54-ce900d54e1c6" correlationId="68772927-e8dc-49ea-ab6e-e833b4ab4708"
[WebServer] 2026-09-05T10:46:00.572+08:00 INFO  application=marketops-server environment=local buildVersion=0.1.0-SNAPSHOT correlationId=b868b6c1-3abe-4773-bc5d-e940e9301e24 c.m.m.a.i.a.JdbcMetadataAuditStore - Metadata change recorded event="metadata_change_recorded" sourceDomain="advertisingefficiency" entityType="advertising_reservations" entityId="319503fa-5fa3-4eb4-a0c0-5a051938b04b" action="READ" actorId="0371d8d9-58ec-489b-8a54-ce900d54e1c6" correlationId="b868b6c1-3abe-4773-bc5d-e940e9301e24"
[WebServer] 2026-09-05T10:46:00.574+08:00 INFO  application=marketops-server environment=local buildVersion=0.1.0-SNAPSHOT correlationId=ec43a4c0-2de8-4678-9019-8bdf556f523f c.m.m.s.i.e.ConsoleProblemAdvice - Console request refused event="console_request_refused" errorCode="RESOURCE_SCOPE_DENIED" correlationId="ec43a4c0-2de8-4678-9019-8bdf556f523f"
[WebServer] 2026-09-05T10:46:00.574+08:00 INFO  application=marketops-server environment=local buildVersion=0.1.0-SNAPSHOT correlationId=b868b6c1-3abe-4773-bc5d-e940e9301e24 c.m.m.s.i.c.CorrelationIdFilter - Request completed event="request_completed" correlationId="b868b6c1-3abe-4773-bc5d-e940e9301e24" status="200"
[WebServer] 2026-09-05T10:46:00.574+08:00 INFO  application=marketops-server environment=local buildVersion=0.1.0-SNAPSHOT correlationId=ec43a4c0-2de8-4678-9019-8bdf556f523f c.m.m.s.i.c.CorrelationIdFilter - Request completed event="request_completed" correlationId="ec43a4c0-2de8-4678-9019-8bdf556f523f" status="403"
[WebServer] 2026-09-05T10:46:00.576+08:00 INFO  application=marketops-server environment=local buildVersion=0.1.0-SNAPSHOT correlationId=bc71c36b-0a85-4ee4-bca6-aeecd0983dc2 c.m.m.s.i.e.ConsoleProblemAdvice - Console request refused event="console_request_refused" errorCode="RESOURCE_NOT_FOUND" correlationId="bc71c36b-0a85-4ee4-bca6-aeecd0983dc2"
[WebServer] 2026-09-05T10:46:00.577+08:00 INFO  application=marketops-server environment=local buildVersion=0.1.0-SNAPSHOT correlationId=bc71c36b-0a85-4ee4-bca6-aeecd0983dc2 c.m.m.s.i.c.CorrelationIdFilter - Request completed event="request_completed" correlationId="bc71c36b-0a85-4ee4-bca6-aeecd0983dc2" status="404"
[WebServer] 2026-09-05T10:46:00.579+08:00 INFO  application=marketops-server environment=local buildVersion=0.1.0-SNAPSHOT correlationId=68772927-e8dc-49ea-ab6e-e833b4ab4708 c.m.m.s.i.c.CorrelationIdFilter - Request completed event="request_completed" correlationId="68772927-e8dc-49ea-ab6e-e833b4ab4708" status="200"
[WebServer] 2026-09-05T10:46:00.581+08:00 INFO  application=marketops-server environment=local buildVersion=0.1.0-SNAPSHOT correlationId=058d2a24-c35c-43e0-a77b-c6dcb9c2aa3e c.m.m.a.i.a.JdbcMetadataAuditStore - Metadata change recorded event="metadata_change_recorded" sourceDomain="availabilityrisk" entityType="availability_queue" entityId="319503fa-5fa3-4eb4-a0c0-5a051938b04b" action="READ" actorId="0371d8d9-58ec-489b-8a54-ce900d54e1c6" correlationId="058d2a24-c35c-43e0-a77b-c6dcb9c2aa3e"
[WebServer] 2026-09-05T10:46:00.584+08:00 INFO  application=marketops-server environment=local buildVersion=0.1.0-SNAPSHOT correlationId=42e33497-6bc6-47df-9fda-e51c7f208782 c.m.m.a.i.a.JdbcMetadataAuditStore - Metadata change recorded event="metadata_change_recorded" sourceDomain="advertisingefficiency" entityType="advertising_exposure" entityId="319503fa-5fa3-4eb4-a0c0-5a051938b04b" action="READ" actorId="0371d8d9-58ec-489b-8a54-ce900d54e1c6" correlationId="42e33497-6bc6-47df-9fda-e51c7f208782"
[WebServer] 2026-09-05T10:46:00.585+08:00 INFO  application=marketops-server environment=local buildVersion=0.1.0-SNAPSHOT correlationId=058d2a24-c35c-43e0-a77b-c6dcb9c2aa3e c.m.m.s.i.c.CorrelationIdFilter - Request completed event="request_completed" correlationId="058d2a24-c35c-43e0-a77b-c6dcb9c2aa3e" status="200"
[WebServer] 2026-09-05T10:46:00.587+08:00 INFO  application=marketops-server environment=local buildVersion=0.1.0-SNAPSHOT correlationId=42e33497-6bc6-47df-9fda-e51c7f208782 c.m.m.s.i.c.CorrelationIdFilter - Request completed event="request_completed" correlationId="42e33497-6bc6-47df-9fda-e51c7f208782" status="200"
[WebServer] 2026-09-05T10:46:00.598+08:00 INFO  application=marketops-server environment=local buildVersion=0.1.0-SNAPSHOT correlationId=0acb3663-7e1b-4a56-bc6c-04aa25ed6ad3 c.m.m.s.i.e.ConsoleProblemAdvice - Console request refused event="console_request_refused" errorCode="RESOURCE_SCOPE_DENIED" correlationId="0acb3663-7e1b-4a56-bc6c-04aa25ed6ad3"
[WebServer] 2026-09-05T10:46:00.600+08:00 INFO  application=marketops-server environment=local buildVersion=0.1.0-SNAPSHOT correlationId=0acb3663-7e1b-4a56-bc6c-04aa25ed6ad3 c.m.m.s.i.c.CorrelationIdFilter - Request completed event="request_completed" correlationId="0acb3663-7e1b-4a56-bc6c-04aa25ed6ad3" status="403"
[WebServer] 2026-09-05T10:46:00.608+08:00 INFO  application=marketops-server environment=local buildVersion=0.1.0-SNAPSHOT correlationId=90830ac5-cd36-425f-9a03-dc0adf1284a4 c.m.m.a.i.a.JdbcMetadataAuditStore - Metadata change recorded event="metadata_change_recorded" sourceDomain="advertisingefficiency" entityType="advertising_queue" entityId="319503fa-5fa3-4eb4-a0c0-5a051938b04b" action="READ" actorId="0371d8d9-58ec-489b-8a54-ce900d54e1c6" correlationId="90830ac5-cd36-425f-9a03-dc0adf1284a4"
[WebServer] 2026-09-05T10:46:00.609+08:00 INFO  application=marketops-server environment=local buildVersion=0.1.0-SNAPSHOT correlationId=6b186e46-fa9e-4b92-9635-903bcd800e9a c.m.m.a.i.a.JdbcMetadataAuditStore - Metadata change recorded event="metadata_change_recorded" sourceDomain="advertisingefficiency" entityType="advertising_orchestration" entityId="319503fa-5fa3-4eb4-a0c0-5a051938b04b" action="READ" actorId="0371d8d9-58ec-489b-8a54-ce900d54e1c6" correlationId="6b186e46-fa9e-4b92-9635-903bcd800e9a"
[WebServer] 2026-09-05T10:46:00.610+08:00 INFO  application=marketops-server environment=local buildVersion=0.1.0-SNAPSHOT correlationId=6b186e46-fa9e-4b92-9635-903bcd800e9a c.m.m.s.i.c.CorrelationIdFilter - Request completed event="request_completed" correlationId="6b186e46-fa9e-4b92-9635-903bcd800e9a" status="200"
[WebServer] 2026-09-05T10:46:00.636+08:00 INFO  application=marketops-server environment=local buildVersion=0.1.0-SNAPSHOT correlationId=90830ac5-cd36-425f-9a03-dc0adf1284a4 c.m.m.s.i.c.CorrelationIdFilter - Request completed event="request_completed" correlationId="90830ac5-cd36-425f-9a03-dc0adf1284a4" status="200"
[WebServer] 2026-09-05T10:46:00.641+08:00 INFO  application=marketops-server environment=local buildVersion=0.1.0-SNAPSHOT correlationId=ea6273af-348f-40c5-b04f-2a9b0c095ce0 c.m.m.s.i.c.CorrelationIdFilter - Request completed event="request_completed" correlationId="ea6273af-348f-40c5-b04f-2a9b0c095ce0" status="200"
[WebServer] 2026-09-05T10:46:00.739+08:00 INFO  application=marketops-server environment=local buildVersion=0.1.0-SNAPSHOT correlationId=edd89abf-d99d-4e82-88ec-ec79ea71c076 c.m.m.a.i.a.JdbcMetadataAuditStore - Metadata change recorded event="metadata_change_recorded" sourceDomain="advertisingefficiency" entityType="advertising_case" entityId="aeadca5a-a7d3-4436-a425-a830e3b65145" action="READ" actorId="0371d8d9-58ec-489b-8a54-ce900d54e1c6" correlationId="edd89abf-d99d-4e82-88ec-ec79ea71c076"
[WebServer] 2026-09-05T10:46:00.765+08:00 INFO  application=marketops-server environment=local buildVersion=0.1.0-SNAPSHOT correlationId=edd89abf-d99d-4e82-88ec-ec79ea71c076 c.m.m.s.i.c.CorrelationIdFilter - Request completed event="request_completed" correlationId="edd89abf-d99d-4e82-88ec-ec79ea71c076" status="200"
[WebServer] 2026-09-05T10:46:00.781+08:00 INFO  application=marketops-server environment=local buildVersion=0.1.0-SNAPSHOT correlationId=4c5a1e39-d145-4053-a409-6b701397d990 c.m.m.a.i.a.JdbcMetadataAuditStore - Metadata change recorded event="metadata_change_recorded" sourceDomain="advertisingefficiency" entityType="advertising_manual_packet" entityId="e5a3c08b-9a61-4eb4-b74b-32ada30ae02f" action="READ" actorId="0371d8d9-58ec-489b-8a54-ce900d54e1c6" correlationId="4c5a1e39-d145-4053-a409-6b701397d990"
[WebServer] 2026-09-05T10:46:00.813+08:00 INFO  application=marketops-server environment=local buildVersion=0.1.0-SNAPSHOT correlationId=70155e50-89d0-4d04-937d-727560db47db c.m.m.s.i.c.CorrelationIdFilter - Request completed event="request_completed" correlationId="70155e50-89d0-4d04-937d-727560db47db" status="200"
[WebServer] 2026-09-05T10:46:00.831+08:00 INFO  application=marketops-server environment=local buildVersion=0.1.0-SNAPSHOT correlationId=11d27f60-e057-46a6-8a65-cb24886ad455 c.m.m.s.i.c.CorrelationIdFilter - Request completed event="request_completed" correlationId="11d27f60-e057-46a6-8a65-cb24886ad455" status="200"
[WebServer] 2026-09-05T10:46:00.837+08:00 INFO  application=marketops-server environment=local buildVersion=0.1.0-SNAPSHOT correlationId=4c5a1e39-d145-4053-a409-6b701397d990 c.m.m.s.i.c.CorrelationIdFilter - Request completed event="request_completed" correlationId="4c5a1e39-d145-4053-a409-6b701397d990" status="200"
[WebServer] 2026-09-05T10:46:00.863+08:00 INFO  application=marketops-server environment=local buildVersion=0.1.0-SNAPSHOT correlationId=813f20ec-516b-45a9-a922-f17ac8af0e5e c.m.m.s.i.c.CorrelationIdFilter - Request completed event="request_completed" correlationId="813f20ec-516b-45a9-a922-f17ac8af0e5e" status="200"
[WebServer] 2026-09-05T10:46:00.999+08:00 INFO  application=marketops-server environment=local buildVersion=0.1.0-SNAPSHOT correlationId=ed3d1019-2607-4662-9bf3-36c119c4ea47 c.m.m.s.i.c.CorrelationIdFilter - Request completed event="request_completed" correlationId="ed3d1019-2607-4662-9bf3-36c119c4ea47" status="200"
[WebServer] 2026-09-05T10:46:01.020+08:00 INFO  application=marketops-server environment=local buildVersion=0.1.0-SNAPSHOT correlationId=cfa6e518-e363-4500-b0c8-6aec0ad672ba c.m.m.a.i.a.JdbcMetadataAuditStore - Metadata change recorded event="metadata_change_recorded" sourceDomain="advertisingefficiency" entityType="advertising_manual_packet" entityId="e5a3c08b-9a61-4eb4-b74b-32ada30ae02f" action="READ" actorId="0371d8d9-58ec-489b-8a54-ce900d54e1c6" correlationId="cfa6e518-e363-4500-b0c8-6aec0ad672ba"
[WebServer] 2026-09-05T10:46:01.066+08:00 INFO  application=marketops-server environment=local buildVersion=0.1.0-SNAPSHOT correlationId=cfa6e518-e363-4500-b0c8-6aec0ad672ba c.m.m.s.i.c.CorrelationIdFilter - Request completed event="request_completed" correlationId="cfa6e518-e363-4500-b0c8-6aec0ad672ba" status="200"
[WebServer] 2026-09-05T10:46:01.441+08:00 INFO  application=marketops-server environment=local buildVersion=0.1.0-SNAPSHOT correlationId=3ce206aa-ae86-473a-9535-d1dc37d88be7 c.m.m.s.i.e.ConsoleProblemAdvice - Console request refused event="console_request_refused" errorCode="RESOURCE_NOT_FOUND" correlationId="3ce206aa-ae86-473a-9535-d1dc37d88be7"
[WebServer] 2026-09-05T10:46:01.442+08:00 INFO  application=marketops-server environment=local buildVersion=0.1.0-SNAPSHOT correlationId=3ce206aa-ae86-473a-9535-d1dc37d88be7 c.m.m.s.i.c.CorrelationIdFilter - Request completed event="request_completed" correlationId="3ce206aa-ae86-473a-9535-d1dc37d88be7" status="404"
[WebServer] 2026-09-05T10:46:01.444+08:00 INFO  application=marketops-server environment=local buildVersion=0.1.0-SNAPSHOT correlationId=4de7bbd1-eb5c-46a4-b487-1eecb17dc7f4 c.m.m.a.i.a.JdbcMetadataAuditStore - Metadata change recorded event="metadata_change_recorded" sourceDomain="advertisingefficiency" entityType="advertising_reservations" entityId="319503fa-5fa3-4eb4-a0c0-5a051938b04b" action="READ" actorId="7181609d-911d-4795-b7df-458b5e7e44db" correlationId="4de7bbd1-eb5c-46a4-b487-1eecb17dc7f4"
[WebServer] 2026-09-05T10:46:01.445+08:00 INFO  application=marketops-server environment=local buildVersion=0.1.0-SNAPSHOT correlationId=c2de7ba4-9bee-4b71-92aa-0a4a48f8a156 c.m.m.a.i.a.JdbcMetadataAuditStore - Metadata change recorded event="metadata_change_recorded" sourceDomain="availabilityrisk" entityType="availability_queue" entityId="319503fa-5fa3-4eb4-a0c0-5a051938b04b" action="READ" actorId="7181609d-911d-4795-b7df-458b5e7e44db" correlationId="c2de7ba4-9bee-4b71-92aa-0a4a48f8a156"
[WebServer] 2026-09-05T10:46:01.446+08:00 INFO  application=marketops-server environment=local buildVersion=0.1.0-SNAPSHOT correlationId=4de7bbd1-eb5c-46a4-b487-1eecb17dc7f4 c.m.m.s.i.c.CorrelationIdFilter - Request completed event="request_completed" correlationId="4de7bbd1-eb5c-46a4-b487-1eecb17dc7f4" status="200"
[WebServer] 2026-09-05T10:46:01.446+08:00 INFO  application=marketops-server environment=local buildVersion=0.1.0-SNAPSHOT correlationId=e0869b8b-dee0-4a54-88f0-0a4399f0cff3 c.m.m.a.i.a.JdbcMetadataAuditStore - Metadata change recorded event="metadata_change_recorded" sourceDomain="advertisingefficiency" entityType="advertising_containments" entityId="319503fa-5fa3-4eb4-a0c0-5a051938b04b" action="READ" actorId="7181609d-911d-4795-b7df-458b5e7e44db" correlationId="e0869b8b-dee0-4a54-88f0-0a4399f0cff3"
[WebServer] 2026-09-05T10:46:01.447+08:00 INFO  application=marketops-server environment=local buildVersion=0.1.0-SNAPSHOT correlationId=c2de7ba4-9bee-4b71-92aa-0a4a48f8a156 c.m.m.s.i.c.CorrelationIdFilter - Request completed event="request_completed" correlationId="c2de7ba4-9bee-4b71-92aa-0a4a48f8a156" status="200"
[WebServer] 2026-09-05T10:46:01.452+08:00 INFO  application=marketops-server environment=local buildVersion=0.1.0-SNAPSHOT correlationId=fd8f55bf-4955-444e-ac2c-1e37287292ab c.m.m.s.i.e.ConsoleProblemAdvice - Console request refused event="console_request_refused" errorCode="RESOURCE_SCOPE_DENIED" correlationId="fd8f55bf-4955-444e-ac2c-1e37287292ab"
[WebServer] 2026-09-05T10:46:01.453+08:00 INFO  application=marketops-server environment=local buildVersion=0.1.0-SNAPSHOT correlationId=fd8f55bf-4955-444e-ac2c-1e37287292ab c.m.m.s.i.c.CorrelationIdFilter - Request completed event="request_completed" correlationId="fd8f55bf-4955-444e-ac2c-1e37287292ab" status="403"
[WebServer] 2026-09-05T10:46:01.458+08:00 INFO  application=marketops-server environment=local buildVersion=0.1.0-SNAPSHOT correlationId=e0869b8b-dee0-4a54-88f0-0a4399f0cff3 c.m.m.s.i.c.CorrelationIdFilter - Request completed event="request_completed" correlationId="e0869b8b-dee0-4a54-88f0-0a4399f0cff3" status="200"
[WebServer] 2026-09-05T10:46:01.458+08:00 INFO  application=marketops-server environment=local buildVersion=0.1.0-SNAPSHOT correlationId=cf781083-8bca-426f-978e-73fbe41e0ded c.m.m.s.i.c.CorrelationIdFilter - Request completed event="request_completed" correlationId="cf781083-8bca-426f-978e-73fbe41e0ded" status="200"
[WebServer] 2026-09-05T10:46:01.465+08:00 INFO  application=marketops-server environment=local buildVersion=0.1.0-SNAPSHOT correlationId=182b26f5-678f-4572-b29a-ab5b46a5cfea c.m.m.s.i.e.ConsoleProblemAdvice - Console request refused event="console_request_refused" errorCode="RESOURCE_SCOPE_DENIED" correlationId="182b26f5-678f-4572-b29a-ab5b46a5cfea"
[WebServer] 2026-09-05T10:46:01.466+08:00 INFO  application=marketops-server environment=local buildVersion=0.1.0-SNAPSHOT correlationId=182b26f5-678f-4572-b29a-ab5b46a5cfea c.m.m.s.i.c.CorrelationIdFilter - Request completed event="request_completed" correlationId="182b26f5-678f-4572-b29a-ab5b46a5cfea" status="403"
[WebServer] 2026-09-05T10:46:01.467+08:00 INFO  application=marketops-server environment=local buildVersion=0.1.0-SNAPSHOT correlationId=3bc0ed43-18a6-47aa-b2bf-a38a3ce2b7a3 c.m.m.a.i.a.JdbcMetadataAuditStore - Metadata change recorded event="metadata_change_recorded" sourceDomain="advertisingefficiency" entityType="advertising_queue" entityId="319503fa-5fa3-4eb4-a0c0-5a051938b04b" action="READ" actorId="7181609d-911d-4795-b7df-458b5e7e44db" correlationId="3bc0ed43-18a6-47aa-b2bf-a38a3ce2b7a3"
[WebServer] 2026-09-05T10:46:01.471+08:00 INFO  application=marketops-server environment=local buildVersion=0.1.0-SNAPSHOT correlationId=0676a097-722a-42db-b6d3-f91c261ed082 c.m.m.a.i.a.JdbcMetadataAuditStore - Metadata change recorded event="metadata_change_recorded" sourceDomain="advertisingefficiency" entityType="advertising_exposure" entityId="319503fa-5fa3-4eb4-a0c0-5a051938b04b" action="READ" actorId="7181609d-911d-4795-b7df-458b5e7e44db" correlationId="0676a097-722a-42db-b6d3-f91c261ed082"
[WebServer] 2026-09-05T10:46:01.472+08:00 INFO  application=marketops-server environment=local buildVersion=0.1.0-SNAPSHOT correlationId=0676a097-722a-42db-b6d3-f91c261ed082 c.m.m.s.i.c.CorrelationIdFilter - Request completed event="request_completed" correlationId="0676a097-722a-42db-b6d3-f91c261ed082" status="200"
[WebServer] 2026-09-05T10:46:01.483+08:00 INFO  application=marketops-server environment=local buildVersion=0.1.0-SNAPSHOT correlationId=3bc0ed43-18a6-47aa-b2bf-a38a3ce2b7a3 c.m.m.s.i.c.CorrelationIdFilter - Request completed event="request_completed" correlationId="3bc0ed43-18a6-47aa-b2bf-a38a3ce2b7a3" status="200"
[WebServer] 2026-09-05T10:46:01.486+08:00 INFO  application=marketops-server environment=local buildVersion=0.1.0-SNAPSHOT correlationId=de3f1481-90f8-4ec5-9af9-bbec7a60b05f c.m.m.a.i.a.JdbcMetadataAuditStore - Metadata change recorded event="metadata_change_recorded" sourceDomain="advertisingefficiency" entityType="advertising_orchestration" entityId="319503fa-5fa3-4eb4-a0c0-5a051938b04b" action="READ" actorId="7181609d-911d-4795-b7df-458b5e7e44db" correlationId="de3f1481-90f8-4ec5-9af9-bbec7a60b05f"
[WebServer] 2026-09-05T10:46:01.488+08:00 INFO  application=marketops-server environment=local buildVersion=0.1.0-SNAPSHOT correlationId=de3f1481-90f8-4ec5-9af9-bbec7a60b05f c.m.m.s.i.c.CorrelationIdFilter - Request completed event="request_completed" correlationId="de3f1481-90f8-4ec5-9af9-bbec7a60b05f" status="200"
[WebServer] 2026-09-05T10:46:01.496+08:00 INFO  application=marketops-server environment=local buildVersion=0.1.0-SNAPSHOT correlationId=ecda636b-fec8-463c-8b80-1f597f0c085b c.m.m.s.i.c.CorrelationIdFilter - Request completed event="request_completed" correlationId="ecda636b-fec8-463c-8b80-1f597f0c085b" status="200"
[WebServer] 2026-09-05T10:46:01.611+08:00 INFO  application=marketops-server environment=local buildVersion=0.1.0-SNAPSHOT correlationId=2f4d5592-c3ec-46c5-8956-b4dbd37c3ee1 c.m.m.a.i.a.JdbcMetadataAuditStore - Metadata change recorded event="metadata_change_recorded" sourceDomain="advertisingefficiency" entityType="advertising_case" entityId="aeadca5a-a7d3-4436-a425-a830e3b65145" action="READ" actorId="7181609d-911d-4795-b7df-458b5e7e44db" correlationId="2f4d5592-c3ec-46c5-8956-b4dbd37c3ee1"
[WebServer] 2026-09-05T10:46:01.623+08:00 INFO  application=marketops-server environment=local buildVersion=0.1.0-SNAPSHOT correlationId=2f4d5592-c3ec-46c5-8956-b4dbd37c3ee1 c.m.m.s.i.c.CorrelationIdFilter - Request completed event="request_completed" correlationId="2f4d5592-c3ec-46c5-8956-b4dbd37c3ee1" status="200"
[WebServer] 2026-09-05T10:46:01.638+08:00 INFO  application=marketops-server environment=local buildVersion=0.1.0-SNAPSHOT correlationId=f3804a36-93a4-4625-8ab6-004b39a091f1 c.m.m.a.i.a.JdbcMetadataAuditStore - Metadata change recorded event="metadata_change_recorded" sourceDomain="advertisingefficiency" entityType="advertising_manual_packet" entityId="e5a3c08b-9a61-4eb4-b74b-32ada30ae02f" action="READ" actorId="7181609d-911d-4795-b7df-458b5e7e44db" correlationId="f3804a36-93a4-4625-8ab6-004b39a091f1"
[WebServer] 2026-09-05T10:46:01.659+08:00 INFO  application=marketops-server environment=local buildVersion=0.1.0-SNAPSHOT correlationId=a80f1aeb-592a-4e5e-bee6-767638d1b97b c.m.m.s.i.c.CorrelationIdFilter - Request completed event="request_completed" correlationId="a80f1aeb-592a-4e5e-bee6-767638d1b97b" status="200"
[WebServer] 2026-09-05T10:46:01.678+08:00 INFO  application=marketops-server environment=local buildVersion=0.1.0-SNAPSHOT correlationId=95b364b8-5b8c-49ae-849f-5027511ead02 c.m.m.s.i.c.CorrelationIdFilter - Request completed event="request_completed" correlationId="95b364b8-5b8c-49ae-849f-5027511ead02" status="200"
[WebServer] 2026-09-05T10:46:01.680+08:00 INFO  application=marketops-server environment=local buildVersion=0.1.0-SNAPSHOT correlationId=f3804a36-93a4-4625-8ab6-004b39a091f1 c.m.m.s.i.c.CorrelationIdFilter - Request completed event="request_completed" correlationId="f3804a36-93a4-4625-8ab6-004b39a091f1" status="200"
[WebServer] 2026-09-05T10:46:01.707+08:00 INFO  application=marketops-server environment=local buildVersion=0.1.0-SNAPSHOT correlationId=16d57c9a-7ae7-4436-a378-b939d775f636 c.m.m.s.i.c.CorrelationIdFilter - Request completed event="request_completed" correlationId="16d57c9a-7ae7-4436-a378-b939d775f636" status="200"
[WebServer] 2026-09-05T10:46:01.830+08:00 INFO  application=marketops-server environment=local buildVersion=0.1.0-SNAPSHOT correlationId=e0c5fec5-db94-407d-936b-f9df2d8c448e c.m.m.s.i.c.CorrelationIdFilter - Request completed event="request_completed" correlationId="e0c5fec5-db94-407d-936b-f9df2d8c448e" status="200"
[WebServer] 2026-09-05T10:46:01.857+08:00 INFO  application=marketops-server environment=local buildVersion=0.1.0-SNAPSHOT correlationId=0c75590a-f829-42ef-9b92-f735ee3bc88e c.m.m.a.i.a.JdbcMetadataAuditStore - Metadata change recorded event="metadata_change_recorded" sourceDomain="advertisingefficiency" entityType="advertising_manual_packet" entityId="e5a3c08b-9a61-4eb4-b74b-32ada30ae02f" action="READ" actorId="7181609d-911d-4795-b7df-458b5e7e44db" correlationId="0c75590a-f829-42ef-9b92-f735ee3bc88e"
[WebServer] 2026-09-05T10:46:01.912+08:00 INFO  application=marketops-server environment=local buildVersion=0.1.0-SNAPSHOT correlationId=0c75590a-f829-42ef-9b92-f735ee3bc88e c.m.m.s.i.c.CorrelationIdFilter - Request completed event="request_completed" correlationId="0c75590a-f829-42ef-9b92-f735ee3bc88e" status="200"
[WebServer] 2026-09-05T10:46:02.642+08:00 INFO  application=marketops-server environment=local buildVersion=0.1.0-SNAPSHOT correlationId=5c9a3de3-48e0-49ab-a416-e1dda2472e10 c.m.m.s.i.e.ConsoleProblemAdvice - Console request refused event="console_request_refused" errorCode="RESOURCE_NOT_FOUND" correlationId="5c9a3de3-48e0-49ab-a416-e1dda2472e10"
[WebServer] 2026-09-05T10:46:02.645+08:00 INFO  application=marketops-server environment=local buildVersion=0.1.0-SNAPSHOT correlationId=5c9a3de3-48e0-49ab-a416-e1dda2472e10 c.m.m.s.i.c.CorrelationIdFilter - Request completed event="request_completed" correlationId="5c9a3de3-48e0-49ab-a416-e1dda2472e10" status="404"
[WebServer] 2026-09-05T10:46:02.646+08:00 INFO  application=marketops-server environment=local buildVersion=0.1.0-SNAPSHOT correlationId=8652e640-93c1-450c-8861-f11ee2ce7479 c.m.m.a.i.a.JdbcMetadataAuditStore - Metadata change recorded event="metadata_change_recorded" sourceDomain="advertisingefficiency" entityType="advertising_containments" entityId="319503fa-5fa3-4eb4-a0c0-5a051938b04b" action="READ" actorId="64dbaf36-c83f-40df-bacf-8a86a9b7a463" correlationId="8652e640-93c1-450c-8861-f11ee2ce7479"
[WebServer] 2026-09-05T10:46:02.646+08:00 INFO  application=marketops-server environment=local buildVersion=0.1.0-SNAPSHOT correlationId=9f17d719-438c-483d-867d-e206827994d1 c.m.m.a.i.a.JdbcMetadataAuditStore - Metadata change recorded event="metadata_change_recorded" sourceDomain="advertisingefficiency" entityType="advertising_reservations" entityId="319503fa-5fa3-4eb4-a0c0-5a051938b04b" action="READ" actorId="64dbaf36-c83f-40df-bacf-8a86a9b7a463" correlationId="9f17d719-438c-483d-867d-e206827994d1"
[WebServer] 2026-09-05T10:46:02.647+08:00 INFO  application=marketops-server environment=local buildVersion=0.1.0-SNAPSHOT correlationId=8e2ae304-482b-4e55-b487-1946c97b2a90 c.m.m.s.i.e.ConsoleProblemAdvice - Console request refused event="console_request_refused" errorCode="RESOURCE_SCOPE_DENIED" correlationId="8e2ae304-482b-4e55-b487-1946c97b2a90"
[WebServer] 2026-09-05T10:46:02.648+08:00 INFO  application=marketops-server environment=local buildVersion=0.1.0-SNAPSHOT correlationId=8e2ae304-482b-4e55-b487-1946c97b2a90 c.m.m.s.i.c.CorrelationIdFilter - Request completed event="request_completed" correlationId="8e2ae304-482b-4e55-b487-1946c97b2a90" status="403"
[WebServer] 2026-09-05T10:46:02.650+08:00 INFO  application=marketops-server environment=local buildVersion=0.1.0-SNAPSHOT correlationId=9f17d719-438c-483d-867d-e206827994d1 c.m.m.s.i.c.CorrelationIdFilter - Request completed event="request_completed" correlationId="9f17d719-438c-483d-867d-e206827994d1" status="200"
[WebServer] 2026-09-05T10:46:02.663+08:00 INFO  application=marketops-server environment=local buildVersion=0.1.0-SNAPSHOT correlationId=8f8d56bb-7c7f-4e92-a9f5-cb2f30fd6c64 c.m.m.a.i.a.JdbcMetadataAuditStore - Metadata change recorded event="metadata_change_recorded" sourceDomain="advertisingefficiency" entityType="advertising_exposure" entityId="319503fa-5fa3-4eb4-a0c0-5a051938b04b" action="READ" actorId="64dbaf36-c83f-40df-bacf-8a86a9b7a463" correlationId="8f8d56bb-7c7f-4e92-a9f5-cb2f30fd6c64"
[WebServer] 2026-09-05T10:46:02.666+08:00 INFO  application=marketops-server environment=local buildVersion=0.1.0-SNAPSHOT correlationId=e7c8f487-92c0-4de0-8dc0-2a5d631f07a4 c.m.m.a.i.a.JdbcMetadataAuditStore - Metadata change recorded event="metadata_change_recorded" sourceDomain="availabilityrisk" entityType="availability_queue" entityId="319503fa-5fa3-4eb4-a0c0-5a051938b04b" action="READ" actorId="64dbaf36-c83f-40df-bacf-8a86a9b7a463" correlationId="e7c8f487-92c0-4de0-8dc0-2a5d631f07a4"
[WebServer] 2026-09-05T10:46:02.667+08:00 INFO  application=marketops-server environment=local buildVersion=0.1.0-SNAPSHOT correlationId=8f8d56bb-7c7f-4e92-a9f5-cb2f30fd6c64 c.m.m.s.i.c.CorrelationIdFilter - Request completed event="request_completed" correlationId="8f8d56bb-7c7f-4e92-a9f5-cb2f30fd6c64" status="200"
[WebServer] 2026-09-05T10:46:02.667+08:00 INFO  application=marketops-server environment=local buildVersion=0.1.0-SNAPSHOT correlationId=41741d48-8222-45bf-941e-601f3167da06 c.m.m.s.i.c.CorrelationIdFilter - Request completed event="request_completed" correlationId="41741d48-8222-45bf-941e-601f3167da06" status="200"
[WebServer] 2026-09-05T10:46:02.669+08:00 INFO  application=marketops-server environment=local buildVersion=0.1.0-SNAPSHOT correlationId=e7c8f487-92c0-4de0-8dc0-2a5d631f07a4 c.m.m.s.i.c.CorrelationIdFilter - Request completed event="request_completed" correlationId="e7c8f487-92c0-4de0-8dc0-2a5d631f07a4" status="200"
[WebServer] 2026-09-05T10:46:02.671+08:00 INFO  application=marketops-server environment=local buildVersion=0.1.0-SNAPSHOT correlationId=8652e640-93c1-450c-8861-f11ee2ce7479 c.m.m.s.i.c.CorrelationIdFilter - Request completed event="request_completed" correlationId="8652e640-93c1-450c-8861-f11ee2ce7479" status="200"
[WebServer] 2026-09-05T10:46:02.679+08:00 INFO  application=marketops-server environment=local buildVersion=0.1.0-SNAPSHOT correlationId=9377149b-660d-40de-8392-9aa86372ac11 c.m.m.s.i.e.ConsoleProblemAdvice - Console request refused event="console_request_refused" errorCode="RESOURCE_SCOPE_DENIED" correlationId="9377149b-660d-40de-8392-9aa86372ac11"
[WebServer] 2026-09-05T10:46:02.681+08:00 INFO  application=marketops-server environment=local buildVersion=0.1.0-SNAPSHOT correlationId=9377149b-660d-40de-8392-9aa86372ac11 c.m.m.s.i.c.CorrelationIdFilter - Request completed event="request_completed" correlationId="9377149b-660d-40de-8392-9aa86372ac11" status="403"
[WebServer] 2026-09-05T10:46:02.689+08:00 INFO  application=marketops-server environment=local buildVersion=0.1.0-SNAPSHOT correlationId=a14140e0-0f96-4ce7-a12a-d020e174d3d4 c.m.m.a.i.a.JdbcMetadataAuditStore - Metadata change recorded event="metadata_change_recorded" sourceDomain="advertisingefficiency" entityType="advertising_queue" entityId="319503fa-5fa3-4eb4-a0c0-5a051938b04b" action="READ" actorId="64dbaf36-c83f-40df-bacf-8a86a9b7a463" correlationId="a14140e0-0f96-4ce7-a12a-d020e174d3d4"
[WebServer] 2026-09-05T10:46:02.693+08:00 INFO  application=marketops-server environment=local buildVersion=0.1.0-SNAPSHOT correlationId=a2652d9d-049f-43f0-b609-7ec743c71105 c.m.m.a.i.a.JdbcMetadataAuditStore - Metadata change recorded event="metadata_change_recorded" sourceDomain="advertisingefficiency" entityType="advertising_orchestration" entityId="319503fa-5fa3-4eb4-a0c0-5a051938b04b" action="READ" actorId="64dbaf36-c83f-40df-bacf-8a86a9b7a463" correlationId="a2652d9d-049f-43f0-b609-7ec743c71105"
[WebServer] 2026-09-05T10:46:02.694+08:00 INFO  application=marketops-server environment=local buildVersion=0.1.0-SNAPSHOT correlationId=a2652d9d-049f-43f0-b609-7ec743c71105 c.m.m.s.i.c.CorrelationIdFilter - Request completed event="request_completed" correlationId="a2652d9d-049f-43f0-b609-7ec743c71105" status="200"
[WebServer] 2026-09-05T10:46:02.704+08:00 INFO  application=marketops-server environment=local buildVersion=0.1.0-SNAPSHOT correlationId=a14140e0-0f96-4ce7-a12a-d020e174d3d4 c.m.m.s.i.c.CorrelationIdFilter - Request completed event="request_completed" correlationId="a14140e0-0f96-4ce7-a12a-d020e174d3d4" status="200"
[WebServer] 2026-09-05T10:46:02.709+08:00 INFO  application=marketops-server environment=local buildVersion=0.1.0-SNAPSHOT correlationId=734e5585-d13f-4586-88bb-bf531942d714 c.m.m.s.i.c.CorrelationIdFilter - Request completed event="request_completed" correlationId="734e5585-d13f-4586-88bb-bf531942d714" status="200"
[WebServer] 2026-09-05T10:46:02.809+08:00 INFO  application=marketops-server environment=local buildVersion=0.1.0-SNAPSHOT correlationId=35cc0d3a-e21f-4a7b-975d-1a9b16f628e1 c.m.m.a.i.a.JdbcMetadataAuditStore - Metadata change recorded event="metadata_change_recorded" sourceDomain="advertisingefficiency" entityType="advertising_case" entityId="aeadca5a-a7d3-4436-a425-a830e3b65145" action="READ" actorId="64dbaf36-c83f-40df-bacf-8a86a9b7a463" correlationId="35cc0d3a-e21f-4a7b-975d-1a9b16f628e1"
[WebServer] 2026-09-05T10:46:02.823+08:00 INFO  application=marketops-server environment=local buildVersion=0.1.0-SNAPSHOT correlationId=35cc0d3a-e21f-4a7b-975d-1a9b16f628e1 c.m.m.s.i.c.CorrelationIdFilter - Request completed event="request_completed" correlationId="35cc0d3a-e21f-4a7b-975d-1a9b16f628e1" status="200"
[WebServer] 2026-09-05T10:46:02.844+08:00 INFO  application=marketops-server environment=local buildVersion=0.1.0-SNAPSHOT correlationId=54bbf76a-2144-4206-bace-49ed5ac8c6de c.m.m.a.i.a.JdbcMetadataAuditStore - Metadata change recorded event="metadata_change_recorded" sourceDomain="advertisingefficiency" entityType="advertising_manual_packet" entityId="e5a3c08b-9a61-4eb4-b74b-32ada30ae02f" action="READ" actorId="64dbaf36-c83f-40df-bacf-8a86a9b7a463" correlationId="54bbf76a-2144-4206-bace-49ed5ac8c6de"
[WebServer] 2026-09-05T10:46:02.873+08:00 INFO  application=marketops-server environment=local buildVersion=0.1.0-SNAPSHOT correlationId=5b888f9e-5078-4656-b897-f2d7ae8a427a c.m.m.s.i.c.CorrelationIdFilter - Request completed event="request_completed" correlationId="5b888f9e-5078-4656-b897-f2d7ae8a427a" status="200"
[WebServer] 2026-09-05T10:46:02.897+08:00 INFO  application=marketops-server environment=local buildVersion=0.1.0-SNAPSHOT correlationId=54bbf76a-2144-4206-bace-49ed5ac8c6de c.m.m.s.i.c.CorrelationIdFilter - Request completed event="request_completed" correlationId="54bbf76a-2144-4206-bace-49ed5ac8c6de" status="200"
[WebServer] 2026-09-05T10:46:02.901+08:00 INFO  application=marketops-server environment=local buildVersion=0.1.0-SNAPSHOT correlationId=5dfe9d49-4aea-4146-bfba-0ce23dd3b25a c.m.m.s.i.c.CorrelationIdFilter - Request completed event="request_completed" correlationId="5dfe9d49-4aea-4146-bfba-0ce23dd3b25a" status="200"
[WebServer] 2026-09-05T10:46:02.918+08:00 INFO  application=marketops-server environment=local buildVersion=0.1.0-SNAPSHOT correlationId=41cd86e8-74bb-4756-b13d-b488b1e96fbc c.m.m.s.i.c.CorrelationIdFilter - Request completed event="request_completed" correlationId="41cd86e8-74bb-4756-b13d-b488b1e96fbc" status="200"
[WebServer] 2026-09-05T10:46:03.048+08:00 INFO  application=marketops-server environment=local buildVersion=0.1.0-SNAPSHOT correlationId=be4739a2-a6f3-4046-b797-1f1fa2f98a0e c.m.m.s.i.c.CorrelationIdFilter - Request completed event="request_completed" correlationId="be4739a2-a6f3-4046-b797-1f1fa2f98a0e" status="200"
[WebServer] 2026-09-05T10:46:03.063+08:00 INFO  application=marketops-server environment=local buildVersion=0.1.0-SNAPSHOT correlationId=c02d380c-b7db-413e-be0a-d0204206bb0e c.m.m.a.i.a.JdbcMetadataAuditStore - Metadata change recorded event="metadata_change_recorded" sourceDomain="advertisingefficiency" entityType="advertising_manual_packet" entityId="e5a3c08b-9a61-4eb4-b74b-32ada30ae02f" action="READ" actorId="64dbaf36-c83f-40df-bacf-8a86a9b7a463" correlationId="c02d380c-b7db-413e-be0a-d0204206bb0e"
[WebServer] 2026-09-05T10:46:03.112+08:00 INFO  application=marketops-server environment=local buildVersion=0.1.0-SNAPSHOT correlationId=c02d380c-b7db-413e-be0a-d0204206bb0e c.m.m.s.i.c.CorrelationIdFilter - Request completed event="request_completed" correlationId="c02d380c-b7db-413e-be0a-d0204206bb0e" status="200"
[WebServer] 2026-09-05T10:46:03.260+08:00 INFO  application=marketops-server environment=local buildVersion=0.1.0-SNAPSHOT correlationId=0ba4c464-6505-43d9-915f-6e5097088b93 c.m.m.s.i.c.CorrelationIdFilter - Request completed event="request_completed" correlationId="0ba4c464-6505-43d9-915f-6e5097088b93" status="200"
[WebServer] 2026-09-05T10:46:03.275+08:00 INFO  application=marketops-server environment=local buildVersion=0.1.0-SNAPSHOT correlationId=0146d0be-e78b-4959-8a64-6b5ee505e4be c.m.m.a.i.a.JdbcMetadataAuditStore - Metadata change recorded event="metadata_change_recorded" sourceDomain="advertisingefficiency" entityType="advertising_manual_packet" entityId="e5a3c08b-9a61-4eb4-b74b-32ada30ae02f" action="READ" actorId="64dbaf36-c83f-40df-bacf-8a86a9b7a463" correlationId="0146d0be-e78b-4959-8a64-6b5ee505e4be"
[WebServer] 2026-09-05T10:46:03.302+08:00 INFO  application=marketops-server environment=local buildVersion=0.1.0-SNAPSHOT correlationId=0146d0be-e78b-4959-8a64-6b5ee505e4be c.m.m.s.i.c.CorrelationIdFilter - Request completed event="request_completed" correlationId="0146d0be-e78b-4959-8a64-6b5ee505e4be" status="200"
[WebServer] 2026-09-05T10:46:03.328+08:00 DEBUG application=marketops-server environment=local buildVersion=0.1.0-SNAPSHOT correlationId=f8c8c731-95b3-48b2-b308-77638e161a98 c.m.m.s.i.c.CorrelationIdFilter - Inbound correlation identifier replaced event="correlation_identifier_replaced" correlationId="f8c8c731-95b3-48b2-b308-77638e161a98" rejectionCategory="MISSING"
[WebServer] 2026-09-05T10:46:03.346+08:00 INFO  application=marketops-server environment=local buildVersion=0.1.0-SNAPSHOT correlationId=f8c8c731-95b3-48b2-b308-77638e161a98 c.m.m.s.i.e.ConsoleProblemAdvice - Console request refused event="console_request_refused" errorCode="ACTION_NOT_PERMITTED" correlationId="f8c8c731-95b3-48b2-b308-77638e161a98"
[WebServer] 2026-09-05T10:46:03.346+08:00 INFO  application=marketops-server environment=local buildVersion=0.1.0-SNAPSHOT correlationId=f8c8c731-95b3-48b2-b308-77638e161a98 c.m.m.s.i.c.CorrelationIdFilter - Request completed event="request_completed" correlationId="f8c8c731-95b3-48b2-b308-77638e161a98" status="403"
[WebServer] 2026-09-05T10:46:03.616+08:00 INFO  application=marketops-server environment=local buildVersion=0.1.0-SNAPSHOT correlationId=4d35d929-1ffa-4df3-bcec-874cfa4d9927 c.m.m.s.i.e.ConsoleProblemAdvice - Console request refused event="console_request_refused" errorCode="RESOURCE_NOT_FOUND" correlationId="4d35d929-1ffa-4df3-bcec-874cfa4d9927"
[WebServer] 2026-09-05T10:46:03.617+08:00 INFO  application=marketops-server environment=local buildVersion=0.1.0-SNAPSHOT correlationId=4d35d929-1ffa-4df3-bcec-874cfa4d9927 c.m.m.s.i.c.CorrelationIdFilter - Request completed event="request_completed" correlationId="4d35d929-1ffa-4df3-bcec-874cfa4d9927" status="404"
[WebServer] 2026-09-05T10:46:03.617+08:00 INFO  application=marketops-server environment=local buildVersion=0.1.0-SNAPSHOT correlationId=5ef9c201-0508-4496-9d35-a6647e86980c c.m.m.a.i.a.JdbcMetadataAuditStore - Metadata change recorded event="metadata_change_recorded" sourceDomain="advertisingefficiency" entityType="advertising_reservations" entityId="319503fa-5fa3-4eb4-a0c0-5a051938b04b" action="READ" actorId="0371d8d9-58ec-489b-8a54-ce900d54e1c6" correlationId="5ef9c201-0508-4496-9d35-a6647e86980c"
[WebServer] 2026-09-05T10:46:03.619+08:00 INFO  application=marketops-server environment=local buildVersion=0.1.0-SNAPSHOT correlationId=80868d55-7d36-4742-be8e-c43745ee35f6 c.m.m.a.i.a.JdbcMetadataAuditStore - Metadata change recorded event="metadata_change_recorded" sourceDomain="advertisingefficiency" entityType="advertising_containments" entityId="319503fa-5fa3-4eb4-a0c0-5a051938b04b" action="READ" actorId="0371d8d9-58ec-489b-8a54-ce900d54e1c6" correlationId="80868d55-7d36-4742-be8e-c43745ee35f6"
[WebServer] 2026-09-05T10:46:03.622+08:00 INFO  application=marketops-server environment=local buildVersion=0.1.0-SNAPSHOT correlationId=5c25a1e6-50bc-42f7-a907-f232348e3fb4 c.m.m.s.i.e.ConsoleProblemAdvice - Console request refused event="console_request_refused" errorCode="RESOURCE_SCOPE_DENIED" correlationId="5c25a1e6-50bc-42f7-a907-f232348e3fb4"
[WebServer] 2026-09-05T10:46:03.622+08:00 INFO  application=marketops-server environment=local buildVersion=0.1.0-SNAPSHOT correlationId=5c25a1e6-50bc-42f7-a907-f232348e3fb4 c.m.m.s.i.c.CorrelationIdFilter - Request completed event="request_completed" correlationId="5c25a1e6-50bc-42f7-a907-f232348e3fb4" status="403"
[WebServer] 2026-09-05T10:46:03.625+08:00 INFO  application=marketops-server environment=local buildVersion=0.1.0-SNAPSHOT correlationId=0d0cb5d5-f6dc-47e5-872f-e09b474439ce c.m.m.a.i.a.JdbcMetadataAuditStore - Metadata change recorded event="metadata_change_recorded" sourceDomain="availabilityrisk" entityType="availability_queue" entityId="319503fa-5fa3-4eb4-a0c0-5a051938b04b" action="READ" actorId="0371d8d9-58ec-489b-8a54-ce900d54e1c6" correlationId="0d0cb5d5-f6dc-47e5-872f-e09b474439ce"
[WebServer] 2026-09-05T10:46:03.627+08:00 INFO  application=marketops-server environment=local buildVersion=0.1.0-SNAPSHOT correlationId=80868d55-7d36-4742-be8e-c43745ee35f6 c.m.m.s.i.c.CorrelationIdFilter - Request completed event="request_completed" correlationId="80868d55-7d36-4742-be8e-c43745ee35f6" status="200"
[WebServer] 2026-09-05T10:46:03.628+08:00 INFO  application=marketops-server environment=local buildVersion=0.1.0-SNAPSHOT correlationId=0d0cb5d5-f6dc-47e5-872f-e09b474439ce c.m.m.s.i.c.CorrelationIdFilter - Request completed event="request_completed" correlationId="0d0cb5d5-f6dc-47e5-872f-e09b474439ce" status="200"
[WebServer] 2026-09-05T10:46:03.631+08:00 INFO  application=marketops-server environment=local buildVersion=0.1.0-SNAPSHOT correlationId=79203c97-7170-484e-9be4-c09d109d1efe c.m.m.s.i.c.CorrelationIdFilter - Request completed event="request_completed" correlationId="79203c97-7170-484e-9be4-c09d109d1efe" status="200"
[WebServer] 2026-09-05T10:46:03.634+08:00 INFO  application=marketops-server environment=local buildVersion=0.1.0-SNAPSHOT correlationId=a222ab34-ff9e-42a8-953f-40e63b9ce213 c.m.m.a.i.a.JdbcMetadataAuditStore - Metadata change recorded event="metadata_change_recorded" sourceDomain="advertisingefficiency" entityType="advertising_exposure" entityId="319503fa-5fa3-4eb4-a0c0-5a051938b04b" action="READ" actorId="0371d8d9-58ec-489b-8a54-ce900d54e1c6" correlationId="a222ab34-ff9e-42a8-953f-40e63b9ce213"
[WebServer] 2026-09-05T10:46:03.636+08:00 INFO  application=marketops-server environment=local buildVersion=0.1.0-SNAPSHOT correlationId=a222ab34-ff9e-42a8-953f-40e63b9ce213 c.m.m.s.i.c.CorrelationIdFilter - Request completed event="request_completed" correlationId="a222ab34-ff9e-42a8-953f-40e63b9ce213" status="200"
[WebServer] 2026-09-05T10:46:03.647+08:00 INFO  application=marketops-server environment=local buildVersion=0.1.0-SNAPSHOT correlationId=a233bef1-4314-4a49-95cc-67fe466f7657 c.m.m.s.i.e.ConsoleProblemAdvice - Console request refused event="console_request_refused" errorCode="RESOURCE_SCOPE_DENIED" correlationId="a233bef1-4314-4a49-95cc-67fe466f7657"
[WebServer] 2026-09-05T10:46:03.650+08:00 INFO  application=marketops-server environment=local buildVersion=0.1.0-SNAPSHOT correlationId=a233bef1-4314-4a49-95cc-67fe466f7657 c.m.m.s.i.c.CorrelationIdFilter - Request completed event="request_completed" correlationId="a233bef1-4314-4a49-95cc-67fe466f7657" status="403"
[WebServer] 2026-09-05T10:46:03.656+08:00 INFO  application=marketops-server environment=local buildVersion=0.1.0-SNAPSHOT correlationId=a6492b63-f323-4284-92b6-7f1a70241f52 c.m.m.a.i.a.JdbcMetadataAuditStore - Metadata change recorded event="metadata_change_recorded" sourceDomain="advertisingefficiency" entityType="advertising_queue" entityId="319503fa-5fa3-4eb4-a0c0-5a051938b04b" action="READ" actorId="0371d8d9-58ec-489b-8a54-ce900d54e1c6" correlationId="a6492b63-f323-4284-92b6-7f1a70241f52"
[WebServer] 2026-09-05T10:46:03.667+08:00 INFO  application=marketops-server environment=local buildVersion=0.1.0-SNAPSHOT correlationId=5ef9c201-0508-4496-9d35-a6647e86980c c.m.m.s.i.c.CorrelationIdFilter - Request completed event="request_completed" correlationId="5ef9c201-0508-4496-9d35-a6647e86980c" status="200"
[WebServer] 2026-09-05T10:46:03.688+08:00 INFO  application=marketops-server environment=local buildVersion=0.1.0-SNAPSHOT correlationId=a6492b63-f323-4284-92b6-7f1a70241f52 c.m.m.s.i.c.CorrelationIdFilter - Request completed event="request_completed" correlationId="a6492b63-f323-4284-92b6-7f1a70241f52" status="200"
[WebServer] 2026-09-05T10:46:03.689+08:00 INFO  application=marketops-server environment=local buildVersion=0.1.0-SNAPSHOT correlationId=62643e08-34c3-4feb-810a-a78357e3bc9c c.m.m.a.i.a.JdbcMetadataAuditStore - Metadata change recorded event="metadata_change_recorded" sourceDomain="advertisingefficiency" entityType="advertising_orchestration" entityId="319503fa-5fa3-4eb4-a0c0-5a051938b04b" action="READ" actorId="0371d8d9-58ec-489b-8a54-ce900d54e1c6" correlationId="62643e08-34c3-4feb-810a-a78357e3bc9c"
[WebServer] 2026-09-05T10:46:03.690+08:00 INFO  application=marketops-server environment=local buildVersion=0.1.0-SNAPSHOT correlationId=62643e08-34c3-4feb-810a-a78357e3bc9c c.m.m.s.i.c.CorrelationIdFilter - Request completed event="request_completed" correlationId="62643e08-34c3-4feb-810a-a78357e3bc9c" status="200"
[WebServer] 2026-09-05T10:46:03.708+08:00 INFO  application=marketops-server environment=local buildVersion=0.1.0-SNAPSHOT correlationId=7f050712-0a77-4596-a650-12f980f17c68 c.m.m.s.i.c.CorrelationIdFilter - Request completed event="request_completed" correlationId="7f050712-0a77-4596-a650-12f980f17c68" status="200"
[WebServer] 2026-09-05T10:46:03.809+08:00 INFO  application=marketops-server environment=local buildVersion=0.1.0-SNAPSHOT correlationId=b2fe44ac-f248-4aeb-9d22-69400fbc58b6 c.m.m.a.i.a.JdbcMetadataAuditStore - Metadata change recorded event="metadata_change_recorded" sourceDomain="advertisingefficiency" entityType="advertising_case" entityId="aeadca5a-a7d3-4436-a425-a830e3b65145" action="READ" actorId="0371d8d9-58ec-489b-8a54-ce900d54e1c6" correlationId="b2fe44ac-f248-4aeb-9d22-69400fbc58b6"
[WebServer] 2026-09-05T10:46:03.833+08:00 INFO  application=marketops-server environment=local buildVersion=0.1.0-SNAPSHOT correlationId=b2fe44ac-f248-4aeb-9d22-69400fbc58b6 c.m.m.s.i.c.CorrelationIdFilter - Request completed event="request_completed" correlationId="b2fe44ac-f248-4aeb-9d22-69400fbc58b6" status="200"
[WebServer] 2026-09-05T10:46:03.847+08:00 INFO  application=marketops-server environment=local buildVersion=0.1.0-SNAPSHOT correlationId=ea2333e5-0726-4d60-b2fb-8b91a5600393 c.m.m.a.i.a.JdbcMetadataAuditStore - Metadata change recorded event="metadata_change_recorded" sourceDomain="advertisingefficiency" entityType="advertising_manual_packet" entityId="e5a3c08b-9a61-4eb4-b74b-32ada30ae02f" action="READ" actorId="0371d8d9-58ec-489b-8a54-ce900d54e1c6" correlationId="ea2333e5-0726-4d60-b2fb-8b91a5600393"
[WebServer] 2026-09-05T10:46:03.871+08:00 INFO  application=marketops-server environment=local buildVersion=0.1.0-SNAPSHOT correlationId=3fdf9283-f1b3-40e2-9e62-30fab976bb57 c.m.m.s.i.c.CorrelationIdFilter - Request completed event="request_completed" correlationId="3fdf9283-f1b3-40e2-9e62-30fab976bb57" status="200"
[WebServer] 2026-09-05T10:46:03.891+08:00 INFO  application=marketops-server environment=local buildVersion=0.1.0-SNAPSHOT correlationId=ea2333e5-0726-4d60-b2fb-8b91a5600393 c.m.m.s.i.c.CorrelationIdFilter - Request completed event="request_completed" correlationId="ea2333e5-0726-4d60-b2fb-8b91a5600393" status="200"
[WebServer] 2026-09-05T10:46:03.897+08:00 INFO  application=marketops-server environment=local buildVersion=0.1.0-SNAPSHOT correlationId=6429d55d-2405-4e50-af71-4f7c1bdeed96 c.m.m.s.i.c.CorrelationIdFilter - Request completed event="request_completed" correlationId="6429d55d-2405-4e50-af71-4f7c1bdeed96" status="200"
[WebServer] 2026-09-05T10:46:03.917+08:00 INFO  application=marketops-server environment=local buildVersion=0.1.0-SNAPSHOT correlationId=446d5673-c47e-4e46-a095-991b656db52a c.m.m.s.i.c.CorrelationIdFilter - Request completed event="request_completed" correlationId="446d5673-c47e-4e46-a095-991b656db52a" status="200"
[WebServer] 2026-09-05T10:46:04.053+08:00 INFO  application=marketops-server environment=local buildVersion=0.1.0-SNAPSHOT correlationId=adb60864-931f-4674-a801-214e09637721 c.m.m.s.i.c.CorrelationIdFilter - Request completed event="request_completed" correlationId="adb60864-931f-4674-a801-214e09637721" status="200"
[WebServer] 2026-09-05T10:46:04.069+08:00 INFO  application=marketops-server environment=local buildVersion=0.1.0-SNAPSHOT correlationId=dbfc4e51-f6fb-4c00-aae9-4eb8e8f970fd c.m.m.a.i.a.JdbcMetadataAuditStore - Metadata change recorded event="metadata_change_recorded" sourceDomain="advertisingefficiency" entityType="advertising_manual_packet" entityId="e5a3c08b-9a61-4eb4-b74b-32ada30ae02f" action="READ" actorId="0371d8d9-58ec-489b-8a54-ce900d54e1c6" correlationId="dbfc4e51-f6fb-4c00-aae9-4eb8e8f970fd"
[WebServer] 2026-09-05T10:46:04.134+08:00 INFO  application=marketops-server environment=local buildVersion=0.1.0-SNAPSHOT correlationId=dbfc4e51-f6fb-4c00-aae9-4eb8e8f970fd c.m.m.s.i.c.CorrelationIdFilter - Request completed event="request_completed" correlationId="dbfc4e51-f6fb-4c00-aae9-4eb8e8f970fd" status="200"
[WebServer] 2026-09-05T10:46:04.157+08:00 INFO  application=marketops-server environment=local buildVersion=0.1.0-SNAPSHOT correlationId=63f82556-3afa-46d0-8bf5-1e9ffb496fc2 c.m.m.s.i.c.CorrelationIdFilter - Request completed event="request_completed" correlationId="63f82556-3afa-46d0-8bf5-1e9ffb496fc2" status="200"
[WebServer] 2026-09-05T10:46:04.342+08:00 INFO  application=marketops-server environment=local buildVersion=0.1.0-SNAPSHOT correlationId=a1c8e0b2-2114-4bfa-957c-632c89d2f79e c.m.m.s.i.c.CorrelationIdFilter - Request completed event="request_completed" correlationId="a1c8e0b2-2114-4bfa-957c-632c89d2f79e" status="200"
[WebServer] 2026-09-05T10:46:04.357+08:00 INFO  application=marketops-server environment=local buildVersion=0.1.0-SNAPSHOT correlationId=290f365d-7a8e-4c15-a873-bed16cde5179 c.m.m.a.i.a.JdbcMetadataAuditStore - Metadata change recorded event="metadata_change_recorded" sourceDomain="advertisingefficiency" entityType="advertising_manual_packet" entityId="e5a3c08b-9a61-4eb4-b74b-32ada30ae02f" action="READ" actorId="0371d8d9-58ec-489b-8a54-ce900d54e1c6" correlationId="290f365d-7a8e-4c15-a873-bed16cde5179"
[WebServer] 2026-09-05T10:46:04.395+08:00 INFO  application=marketops-server environment=local buildVersion=0.1.0-SNAPSHOT correlationId=290f365d-7a8e-4c15-a873-bed16cde5179 c.m.m.s.i.c.CorrelationIdFilter - Request completed event="request_completed" correlationId="290f365d-7a8e-4c15-a873-bed16cde5179" status="200"
  ✘   3 tests/advertising-browser/governed-advertising.spec.ts:159:3 › OZON actual governed manual path stays UNVERIFIED and requires an independent observer (25.3s)
(node:81443) Warning: The 'NO_COLOR' env is ignored due to the 'FORCE_COLOR' env being set.
(Use `node --trace-warnings ...` to show where the warning was created)
[WebServer] 2026-09-05T10:46:25.504+08:00 INFO  application=marketops-server environment=local buildVersion=0.1.0-SNAPSHOT correlationId=fcb7b9eb-89bf-48ae-b1cc-e26112ca3eb5 c.m.m.a.i.a.JdbcMetadataAuditStore - Metadata change recorded event="metadata_change_recorded" sourceDomain="advertisingefficiency" entityType="advertising_containments" entityId="580d56d3-5b87-41fa-991f-0be0d56b7628" action="READ" actorId="e1d599b8-7d5d-4033-a2cc-5b1659497c6f" correlationId="fcb7b9eb-89bf-48ae-b1cc-e26112ca3eb5"
[WebServer] 2026-09-05T10:46:25.505+08:00 INFO  application=marketops-server environment=local buildVersion=0.1.0-SNAPSHOT correlationId=ecfa5499-2cf5-46d2-9498-8c2c65e7adb1 c.m.m.s.i.e.ConsoleProblemAdvice - Console request refused event="console_request_refused" errorCode="RESOURCE_NOT_FOUND" correlationId="ecfa5499-2cf5-46d2-9498-8c2c65e7adb1"
[WebServer] 2026-09-05T10:46:25.507+08:00 INFO  application=marketops-server environment=local buildVersion=0.1.0-SNAPSHOT correlationId=ecfa5499-2cf5-46d2-9498-8c2c65e7adb1 c.m.m.s.i.c.CorrelationIdFilter - Request completed event="request_completed" correlationId="ecfa5499-2cf5-46d2-9498-8c2c65e7adb1" status="404"
[WebServer] 2026-09-05T10:46:25.509+08:00 INFO  application=marketops-server environment=local buildVersion=0.1.0-SNAPSHOT correlationId=76316a53-d3b8-414f-92ae-49e7bd605be4 c.m.m.s.i.c.CorrelationIdFilter - Request completed event="request_completed" correlationId="76316a53-d3b8-414f-92ae-49e7bd605be4" status="200"
[WebServer] 2026-09-05T10:46:25.510+08:00 INFO  application=marketops-server environment=local buildVersion=0.1.0-SNAPSHOT correlationId=5e2deba5-139e-4c88-9360-7453918ea85d c.m.m.a.i.a.JdbcMetadataAuditStore - Metadata change recorded event="metadata_change_recorded" sourceDomain="availabilityrisk" entityType="availability_queue" entityId="580d56d3-5b87-41fa-991f-0be0d56b7628" action="READ" actorId="e1d599b8-7d5d-4033-a2cc-5b1659497c6f" correlationId="5e2deba5-139e-4c88-9360-7453918ea85d"
[WebServer] 2026-09-05T10:46:25.512+08:00 INFO  application=marketops-server environment=local buildVersion=0.1.0-SNAPSHOT correlationId=5e2deba5-139e-4c88-9360-7453918ea85d c.m.m.s.i.c.CorrelationIdFilter - Request completed event="request_completed" correlationId="5e2deba5-139e-4c88-9360-7453918ea85d" status="200"
[WebServer] 2026-09-05T10:46:25.512+08:00 INFO  application=marketops-server environment=local buildVersion=0.1.0-SNAPSHOT correlationId=4602bebc-efc3-4c02-a132-d5179a2e5b78 c.m.m.s.i.e.ConsoleProblemAdvice - Console request refused event="console_request_refused" errorCode="RESOURCE_SCOPE_DENIED" correlationId="4602bebc-efc3-4c02-a132-d5179a2e5b78"
[WebServer] 2026-09-05T10:46:25.512+08:00 INFO  application=marketops-server environment=local buildVersion=0.1.0-SNAPSHOT correlationId=4602bebc-efc3-4c02-a132-d5179a2e5b78 c.m.m.s.i.c.CorrelationIdFilter - Request completed event="request_completed" correlationId="4602bebc-efc3-4c02-a132-d5179a2e5b78" status="403"
[WebServer] 2026-09-05T10:46:25.512+08:00 INFO  application=marketops-server environment=local buildVersion=0.1.0-SNAPSHOT correlationId=3f03489b-f90a-41dd-87e3-d9b08a39f26b c.m.m.a.i.a.JdbcMetadataAuditStore - Metadata change recorded event="metadata_change_recorded" sourceDomain="advertisingefficiency" entityType="advertising_reservations" entityId="580d56d3-5b87-41fa-991f-0be0d56b7628" action="READ" actorId="e1d599b8-7d5d-4033-a2cc-5b1659497c6f" correlationId="3f03489b-f90a-41dd-87e3-d9b08a39f26b"
[WebServer] 2026-09-05T10:46:25.516+08:00 INFO  application=marketops-server environment=local buildVersion=0.1.0-SNAPSHOT correlationId=3f03489b-f90a-41dd-87e3-d9b08a39f26b c.m.m.s.i.c.CorrelationIdFilter - Request completed event="request_completed" correlationId="3f03489b-f90a-41dd-87e3-d9b08a39f26b" status="200"
[WebServer] 2026-09-05T10:46:25.523+08:00 INFO  application=marketops-server environment=local buildVersion=0.1.0-SNAPSHOT correlationId=fcb7b9eb-89bf-48ae-b1cc-e26112ca3eb5 c.m.m.s.i.c.CorrelationIdFilter - Request completed event="request_completed" correlationId="fcb7b9eb-89bf-48ae-b1cc-e26112ca3eb5" status="200"
[WebServer] 2026-09-05T10:46:25.530+08:00 INFO  application=marketops-server environment=local buildVersion=0.1.0-SNAPSHOT correlationId=47ad3dc3-99f0-4ccd-8215-0387fb19b221 c.m.m.a.i.a.JdbcMetadataAuditStore - Metadata change recorded event="metadata_change_recorded" sourceDomain="advertisingefficiency" entityType="advertising_exposure" entityId="580d56d3-5b87-41fa-991f-0be0d56b7628" action="READ" actorId="e1d599b8-7d5d-4033-a2cc-5b1659497c6f" correlationId="47ad3dc3-99f0-4ccd-8215-0387fb19b221"
[WebServer] 2026-09-05T10:46:25.532+08:00 INFO  application=marketops-server environment=local buildVersion=0.1.0-SNAPSHOT correlationId=47ad3dc3-99f0-4ccd-8215-0387fb19b221 c.m.m.s.i.c.CorrelationIdFilter - Request completed event="request_completed" correlationId="47ad3dc3-99f0-4ccd-8215-0387fb19b221" status="200"
[WebServer] 2026-09-05T10:46:25.533+08:00 INFO  application=marketops-server environment=local buildVersion=0.1.0-SNAPSHOT correlationId=9fc52b05-0544-442f-9f2e-07fb1a10abdd c.m.m.s.i.e.ConsoleProblemAdvice - Console request refused event="console_request_refused" errorCode="RESOURCE_SCOPE_DENIED" correlationId="9fc52b05-0544-442f-9f2e-07fb1a10abdd"
[WebServer] 2026-09-05T10:46:25.533+08:00 INFO  application=marketops-server environment=local buildVersion=0.1.0-SNAPSHOT correlationId=9fc52b05-0544-442f-9f2e-07fb1a10abdd c.m.m.s.i.c.CorrelationIdFilter - Request completed event="request_completed" correlationId="9fc52b05-0544-442f-9f2e-07fb1a10abdd" status="403"
[WebServer] 2026-09-05T10:46:25.539+08:00 INFO  application=marketops-server environment=local buildVersion=0.1.0-SNAPSHOT correlationId=e9ee6a72-9504-489e-be28-c840d5249a09 c.m.m.a.i.a.JdbcMetadataAuditStore - Metadata change recorded event="metadata_change_recorded" sourceDomain="advertisingefficiency" entityType="advertising_queue" entityId="580d56d3-5b87-41fa-991f-0be0d56b7628" action="READ" actorId="e1d599b8-7d5d-4033-a2cc-5b1659497c6f" correlationId="e9ee6a72-9504-489e-be28-c840d5249a09"
[WebServer] 2026-09-05T10:46:25.551+08:00 INFO  application=marketops-server environment=local buildVersion=0.1.0-SNAPSHOT correlationId=d29b59de-30cb-406c-9094-68ed81bd863d c.m.m.a.i.a.JdbcMetadataAuditStore - Metadata change recorded event="metadata_change_recorded" sourceDomain="advertisingefficiency" entityType="advertising_orchestration" entityId="580d56d3-5b87-41fa-991f-0be0d56b7628" action="READ" actorId="e1d599b8-7d5d-4033-a2cc-5b1659497c6f" correlationId="d29b59de-30cb-406c-9094-68ed81bd863d"
[WebServer] 2026-09-05T10:46:25.552+08:00 INFO  application=marketops-server environment=local buildVersion=0.1.0-SNAPSHOT correlationId=d29b59de-30cb-406c-9094-68ed81bd863d c.m.m.s.i.c.CorrelationIdFilter - Request completed event="request_completed" correlationId="d29b59de-30cb-406c-9094-68ed81bd863d" status="200"
[WebServer] 2026-09-05T10:46:25.556+08:00 INFO  application=marketops-server environment=local buildVersion=0.1.0-SNAPSHOT correlationId=e9ee6a72-9504-489e-be28-c840d5249a09 c.m.m.s.i.c.CorrelationIdFilter - Request completed event="request_completed" correlationId="e9ee6a72-9504-489e-be28-c840d5249a09" status="200"
[WebServer] 2026-09-05T10:46:25.563+08:00 INFO  application=marketops-server environment=local buildVersion=0.1.0-SNAPSHOT correlationId=f3e3a497-9dd6-4002-b71c-f671ee6141c6 c.m.m.s.i.c.CorrelationIdFilter - Request completed event="request_completed" correlationId="f3e3a497-9dd6-4002-b71c-f671ee6141c6" status="200"
[WebServer] 2026-09-05T10:46:25.671+08:00 INFO  application=marketops-server environment=local buildVersion=0.1.0-SNAPSHOT correlationId=de73f67a-7141-49b5-a8c4-e229344b5706 c.m.m.a.i.a.JdbcMetadataAuditStore - Metadata change recorded event="metadata_change_recorded" sourceDomain="advertisingefficiency" entityType="advertising_case" entityId="fb69bef7-a0a4-4b57-99d4-759f70ee2ae7" action="READ" actorId="e1d599b8-7d5d-4033-a2cc-5b1659497c6f" correlationId="de73f67a-7141-49b5-a8c4-e229344b5706"
[WebServer] 2026-09-05T10:46:25.686+08:00 INFO  application=marketops-server environment=local buildVersion=0.1.0-SNAPSHOT correlationId=de73f67a-7141-49b5-a8c4-e229344b5706 c.m.m.s.i.c.CorrelationIdFilter - Request completed event="request_completed" correlationId="de73f67a-7141-49b5-a8c4-e229344b5706" status="200"
[WebServer] 2026-09-05T10:46:25.702+08:00 INFO  application=marketops-server environment=local buildVersion=0.1.0-SNAPSHOT correlationId=e1b77e08-0042-41ac-9e11-d6668ff98f6b c.m.m.a.i.a.JdbcMetadataAuditStore - Metadata change recorded event="metadata_change_recorded" sourceDomain="advertisingefficiency" entityType="advertising_manual_packet" entityId="a19ea836-be0c-4bcb-a755-08480d3cdd28" action="READ" actorId="e1d599b8-7d5d-4033-a2cc-5b1659497c6f" correlationId="e1b77e08-0042-41ac-9e11-d6668ff98f6b"
[WebServer] 2026-09-05T10:46:25.703+08:00 INFO  application=marketops-server environment=local buildVersion=0.1.0-SNAPSHOT correlationId=e1b77e08-0042-41ac-9e11-d6668ff98f6b c.m.m.s.i.c.CorrelationIdFilter - Request completed event="request_completed" correlationId="e1b77e08-0042-41ac-9e11-d6668ff98f6b" status="200"
[WebServer] 2026-09-05T10:46:25.723+08:00 INFO  application=marketops-server environment=local buildVersion=0.1.0-SNAPSHOT correlationId=4a36faf2-208c-4b3c-b0c4-61afc6214412 c.m.m.s.i.c.CorrelationIdFilter - Request completed event="request_completed" correlationId="4a36faf2-208c-4b3c-b0c4-61afc6214412" status="200"
[WebServer] 2026-09-05T10:46:25.734+08:00 INFO  application=marketops-server environment=local buildVersion=0.1.0-SNAPSHOT correlationId=930b3676-f413-4eb6-9d9f-a277526248a0 c.m.m.s.i.c.CorrelationIdFilter - Request completed event="request_completed" correlationId="930b3676-f413-4eb6-9d9f-a277526248a0" status="200"
[WebServer] 2026-09-05T10:46:25.759+08:00 INFO  application=marketops-server environment=local buildVersion=0.1.0-SNAPSHOT correlationId=f17f043d-82bb-4489-87c9-6b4535456c54 c.m.m.s.i.c.CorrelationIdFilter - Request completed event="request_completed" correlationId="f17f043d-82bb-4489-87c9-6b4535456c54" status="200"
[WebServer] 2026-09-05T10:46:25.942+08:00 INFO  application=marketops-server environment=local buildVersion=0.1.0-SNAPSHOT correlationId=d9b9ab49-2aa8-4121-97b5-7a7e9d3a3a95 c.m.m.s.i.c.CorrelationIdFilter - Request completed event="request_completed" correlationId="d9b9ab49-2aa8-4121-97b5-7a7e9d3a3a95" status="200"
[WebServer] 2026-09-05T10:46:25.958+08:00 INFO  application=marketops-server environment=local buildVersion=0.1.0-SNAPSHOT correlationId=bf2d6e62-2f3a-4f5d-909f-6aee2a225423 c.m.m.a.i.a.JdbcMetadataAuditStore - Metadata change recorded event="metadata_change_recorded" sourceDomain="advertisingefficiency" entityType="advertising_manual_packet" entityId="a19ea836-be0c-4bcb-a755-08480d3cdd28" action="READ" actorId="e1d599b8-7d5d-4033-a2cc-5b1659497c6f" correlationId="bf2d6e62-2f3a-4f5d-909f-6aee2a225423"
[WebServer] 2026-09-05T10:46:25.995+08:00 INFO  application=marketops-server environment=local buildVersion=0.1.0-SNAPSHOT correlationId=bf2d6e62-2f3a-4f5d-909f-6aee2a225423 c.m.m.s.i.c.CorrelationIdFilter - Request completed event="request_completed" correlationId="bf2d6e62-2f3a-4f5d-909f-6aee2a225423" status="200"
[WebServer] 2026-09-05T10:46:26.596+08:00 INFO  application=marketops-server environment=local buildVersion=0.1.0-SNAPSHOT correlationId=b7e48ac5-2735-4f57-a96a-33d457f022b5 c.m.m.a.i.a.JdbcMetadataAuditStore - Metadata change recorded event="metadata_change_recorded" sourceDomain="advertisingefficiency" entityType="advertising_reservations" entityId="580d56d3-5b87-41fa-991f-0be0d56b7628" action="READ" actorId="bd46ef21-fee6-42bc-b037-1cb30ce16429" correlationId="b7e48ac5-2735-4f57-a96a-33d457f022b5"
[WebServer] 2026-09-05T10:46:26.599+08:00 INFO  application=marketops-server environment=local buildVersion=0.1.0-SNAPSHOT correlationId=b7e48ac5-2735-4f57-a96a-33d457f022b5 c.m.m.s.i.c.CorrelationIdFilter - Request completed event="request_completed" correlationId="b7e48ac5-2735-4f57-a96a-33d457f022b5" status="200"
[WebServer] 2026-09-05T10:46:26.602+08:00 INFO  application=marketops-server environment=local buildVersion=0.1.0-SNAPSHOT correlationId=3eb0f133-9053-47f9-a577-1b3f2ca47c96 c.m.m.s.i.e.ConsoleProblemAdvice - Console request refused event="console_request_refused" errorCode="RESOURCE_NOT_FOUND" correlationId="3eb0f133-9053-47f9-a577-1b3f2ca47c96"
[WebServer] 2026-09-05T10:46:26.603+08:00 INFO  application=marketops-server environment=local buildVersion=0.1.0-SNAPSHOT correlationId=3eb0f133-9053-47f9-a577-1b3f2ca47c96 c.m.m.s.i.c.CorrelationIdFilter - Request completed event="request_completed" correlationId="3eb0f133-9053-47f9-a577-1b3f2ca47c96" status="404"
[WebServer] 2026-09-05T10:46:26.604+08:00 INFO  application=marketops-server environment=local buildVersion=0.1.0-SNAPSHOT correlationId=a209d782-0c16-4d63-b40b-dd5341ceb004 c.m.m.a.i.a.JdbcMetadataAuditStore - Metadata change recorded event="metadata_change_recorded" sourceDomain="availabilityrisk" entityType="availability_queue" entityId="580d56d3-5b87-41fa-991f-0be0d56b7628" action="READ" actorId="bd46ef21-fee6-42bc-b037-1cb30ce16429" correlationId="a209d782-0c16-4d63-b40b-dd5341ceb004"
[WebServer] 2026-09-05T10:46:26.607+08:00 INFO  application=marketops-server environment=local buildVersion=0.1.0-SNAPSHOT correlationId=a209d782-0c16-4d63-b40b-dd5341ceb004 c.m.m.s.i.c.CorrelationIdFilter - Request completed event="request_completed" correlationId="a209d782-0c16-4d63-b40b-dd5341ceb004" status="200"
[WebServer] 2026-09-05T10:46:26.608+08:00 INFO  application=marketops-server environment=local buildVersion=0.1.0-SNAPSHOT correlationId=8dc66a8f-983a-4c43-98c7-f5f0fb963b05 c.m.m.a.i.a.JdbcMetadataAuditStore - Metadata change recorded event="metadata_change_recorded" sourceDomain="advertisingefficiency" entityType="advertising_containments" entityId="580d56d3-5b87-41fa-991f-0be0d56b7628" action="READ" actorId="bd46ef21-fee6-42bc-b037-1cb30ce16429" correlationId="8dc66a8f-983a-4c43-98c7-f5f0fb963b05"
[WebServer] 2026-09-05T10:46:26.610+08:00 INFO  application=marketops-server environment=local buildVersion=0.1.0-SNAPSHOT correlationId=a1af03b8-1df9-425c-a305-bf4eb63163e3 c.m.m.s.i.e.ConsoleProblemAdvice - Console request refused event="console_request_refused" errorCode="RESOURCE_SCOPE_DENIED" correlationId="a1af03b8-1df9-425c-a305-bf4eb63163e3"
[WebServer] 2026-09-05T10:46:26.611+08:00 INFO  application=marketops-server environment=local buildVersion=0.1.0-SNAPSHOT correlationId=a1af03b8-1df9-425c-a305-bf4eb63163e3 c.m.m.s.i.c.CorrelationIdFilter - Request completed event="request_completed" correlationId="a1af03b8-1df9-425c-a305-bf4eb63163e3" status="403"
[WebServer] 2026-09-05T10:46:26.623+08:00 INFO  application=marketops-server environment=local buildVersion=0.1.0-SNAPSHOT correlationId=894a170b-ab19-403e-8e48-282c60f2b210 c.m.m.s.i.e.ConsoleProblemAdvice - Console request refused event="console_request_refused" errorCode="RESOURCE_SCOPE_DENIED" correlationId="894a170b-ab19-403e-8e48-282c60f2b210"
[WebServer] 2026-09-05T10:46:26.624+08:00 INFO  application=marketops-server environment=local buildVersion=0.1.0-SNAPSHOT correlationId=8dc66a8f-983a-4c43-98c7-f5f0fb963b05 c.m.m.s.i.c.CorrelationIdFilter - Request completed event="request_completed" correlationId="8dc66a8f-983a-4c43-98c7-f5f0fb963b05" status="200"
[WebServer] 2026-09-05T10:46:26.624+08:00 INFO  application=marketops-server environment=local buildVersion=0.1.0-SNAPSHOT correlationId=894a170b-ab19-403e-8e48-282c60f2b210 c.m.m.s.i.c.CorrelationIdFilter - Request completed event="request_completed" correlationId="894a170b-ab19-403e-8e48-282c60f2b210" status="403"
[WebServer] 2026-09-05T10:46:26.637+08:00 INFO  application=marketops-server environment=local buildVersion=0.1.0-SNAPSHOT correlationId=4bf350ea-3bd8-4947-bccd-dfcf1d2ce108 c.m.m.s.i.c.CorrelationIdFilter - Request completed event="request_completed" correlationId="4bf350ea-3bd8-4947-bccd-dfcf1d2ce108" status="200"
[WebServer] 2026-09-05T10:46:26.638+08:00 INFO  application=marketops-server environment=local buildVersion=0.1.0-SNAPSHOT correlationId=472c9a83-c4ab-4484-b1b2-0336f51a0a91 c.m.m.a.i.a.JdbcMetadataAuditStore - Metadata change recorded event="metadata_change_recorded" sourceDomain="advertisingefficiency" entityType="advertising_queue" entityId="580d56d3-5b87-41fa-991f-0be0d56b7628" action="READ" actorId="bd46ef21-fee6-42bc-b037-1cb30ce16429" correlationId="472c9a83-c4ab-4484-b1b2-0336f51a0a91"
[WebServer] 2026-09-05T10:46:26.638+08:00 INFO  application=marketops-server environment=local buildVersion=0.1.0-SNAPSHOT correlationId=ee291f2d-4e22-4204-9e54-496af5d3ce96 c.m.m.a.i.a.JdbcMetadataAuditStore - Metadata change recorded event="metadata_change_recorded" sourceDomain="advertisingefficiency" entityType="advertising_exposure" entityId="580d56d3-5b87-41fa-991f-0be0d56b7628" action="READ" actorId="bd46ef21-fee6-42bc-b037-1cb30ce16429" correlationId="ee291f2d-4e22-4204-9e54-496af5d3ce96"
[WebServer] 2026-09-05T10:46:26.640+08:00 INFO  application=marketops-server environment=local buildVersion=0.1.0-SNAPSHOT correlationId=ee291f2d-4e22-4204-9e54-496af5d3ce96 c.m.m.s.i.c.CorrelationIdFilter - Request completed event="request_completed" correlationId="ee291f2d-4e22-4204-9e54-496af5d3ce96" status="200"
[WebServer] 2026-09-05T10:46:26.664+08:00 INFO  application=marketops-server environment=local buildVersion=0.1.0-SNAPSHOT correlationId=6b1fcb0e-85af-41e1-bd95-31484a8da4a4 c.m.m.a.i.a.JdbcMetadataAuditStore - Metadata change recorded event="metadata_change_recorded" sourceDomain="advertisingefficiency" entityType="advertising_orchestration" entityId="580d56d3-5b87-41fa-991f-0be0d56b7628" action="READ" actorId="bd46ef21-fee6-42bc-b037-1cb30ce16429" correlationId="6b1fcb0e-85af-41e1-bd95-31484a8da4a4"
[WebServer] 2026-09-05T10:46:26.667+08:00 INFO  application=marketops-server environment=local buildVersion=0.1.0-SNAPSHOT correlationId=6b1fcb0e-85af-41e1-bd95-31484a8da4a4 c.m.m.s.i.c.CorrelationIdFilter - Request completed event="request_completed" correlationId="6b1fcb0e-85af-41e1-bd95-31484a8da4a4" status="200"
[WebServer] 2026-09-05T10:46:26.670+08:00 INFO  application=marketops-server environment=local buildVersion=0.1.0-SNAPSHOT correlationId=472c9a83-c4ab-4484-b1b2-0336f51a0a91 c.m.m.s.i.c.CorrelationIdFilter - Request completed event="request_completed" correlationId="472c9a83-c4ab-4484-b1b2-0336f51a0a91" status="200"
[WebServer] 2026-09-05T10:46:26.686+08:00 INFO  application=marketops-server environment=local buildVersion=0.1.0-SNAPSHOT correlationId=dd915189-7825-4264-a301-399b76bb5853 c.m.m.s.i.c.CorrelationIdFilter - Request completed event="request_completed" correlationId="dd915189-7825-4264-a301-399b76bb5853" status="200"
[WebServer] 2026-09-05T10:46:26.782+08:00 INFO  application=marketops-server environment=local buildVersion=0.1.0-SNAPSHOT correlationId=4b02ed32-34f9-45b8-bdb5-ffa4325ce6a1 c.m.m.a.i.a.JdbcMetadataAuditStore - Metadata change recorded event="metadata_change_recorded" sourceDomain="advertisingefficiency" entityType="advertising_case" entityId="fb69bef7-a0a4-4b57-99d4-759f70ee2ae7" action="READ" actorId="bd46ef21-fee6-42bc-b037-1cb30ce16429" correlationId="4b02ed32-34f9-45b8-bdb5-ffa4325ce6a1"
[WebServer] 2026-09-05T10:46:26.831+08:00 INFO  application=marketops-server environment=local buildVersion=0.1.0-SNAPSHOT correlationId=4b02ed32-34f9-45b8-bdb5-ffa4325ce6a1 c.m.m.s.i.c.CorrelationIdFilter - Request completed event="request_completed" correlationId="4b02ed32-34f9-45b8-bdb5-ffa4325ce6a1" status="200"
[WebServer] 2026-09-05T10:46:26.858+08:00 INFO  application=marketops-server environment=local buildVersion=0.1.0-SNAPSHOT correlationId=2b5bf79a-5dba-4c23-afa3-2ed5d1caf484 c.m.m.a.i.a.JdbcMetadataAuditStore - Metadata change recorded event="metadata_change_recorded" sourceDomain="advertisingefficiency" entityType="advertising_manual_packet" entityId="a19ea836-be0c-4bcb-a755-08480d3cdd28" action="READ" actorId="bd46ef21-fee6-42bc-b037-1cb30ce16429" correlationId="2b5bf79a-5dba-4c23-afa3-2ed5d1caf484"
[WebServer] 2026-09-05T10:46:26.925+08:00 INFO  application=marketops-server environment=local buildVersion=0.1.0-SNAPSHOT correlationId=cc28777d-8d6e-485d-96b6-1fe5aa4fa398 c.m.m.s.i.c.CorrelationIdFilter - Request completed event="request_completed" correlationId="cc28777d-8d6e-485d-96b6-1fe5aa4fa398" status="200"
[WebServer] 2026-09-05T10:46:26.972+08:00 INFO  application=marketops-server environment=local buildVersion=0.1.0-SNAPSHOT correlationId=e8032e63-eb8d-487b-8f16-fd9004ae731d c.m.m.s.i.c.CorrelationIdFilter - Request completed event="request_completed" correlationId="e8032e63-eb8d-487b-8f16-fd9004ae731d" status="200"
[WebServer] 2026-09-05T10:46:26.987+08:00 INFO  application=marketops-server environment=local buildVersion=0.1.0-SNAPSHOT correlationId=2b5bf79a-5dba-4c23-afa3-2ed5d1caf484 c.m.m.s.i.c.CorrelationIdFilter - Request completed event="request_completed" correlationId="2b5bf79a-5dba-4c23-afa3-2ed5d1caf484" status="200"
[WebServer] 2026-09-05T10:46:27.149+08:00 INFO  application=marketops-server environment=local buildVersion=0.1.0-SNAPSHOT correlationId=fbdf0c87-16d2-4a22-9a06-afcf615919e6 c.m.m.s.i.c.CorrelationIdFilter - Request completed event="request_completed" correlationId="fbdf0c87-16d2-4a22-9a06-afcf615919e6" status="200"
[WebServer] 2026-09-05T10:46:27.397+08:00 INFO  application=marketops-server environment=local buildVersion=0.1.0-SNAPSHOT correlationId=d8d5c8f6-6956-4e1f-8c2d-ad8713f9600e c.m.m.s.i.c.CorrelationIdFilter - Request completed event="request_completed" correlationId="d8d5c8f6-6956-4e1f-8c2d-ad8713f9600e" status="200"
[WebServer] 2026-09-05T10:46:27.443+08:00 INFO  application=marketops-server environment=local buildVersion=0.1.0-SNAPSHOT correlationId=70276a90-286f-4df1-89b1-f5825732f93a c.m.m.a.i.a.JdbcMetadataAuditStore - Metadata change recorded event="metadata_change_recorded" sourceDomain="advertisingefficiency" entityType="advertising_manual_packet" entityId="a19ea836-be0c-4bcb-a755-08480d3cdd28" action="READ" actorId="bd46ef21-fee6-42bc-b037-1cb30ce16429" correlationId="70276a90-286f-4df1-89b1-f5825732f93a"
[WebServer] 2026-09-05T10:46:27.496+08:00 INFO  application=marketops-server environment=local buildVersion=0.1.0-SNAPSHOT correlationId=70276a90-286f-4df1-89b1-f5825732f93a c.m.m.s.i.c.CorrelationIdFilter - Request completed event="request_completed" correlationId="70276a90-286f-4df1-89b1-f5825732f93a" status="200"
[WebServer] 2026-09-05T10:46:28.349+08:00 INFO  application=marketops-server environment=local buildVersion=0.1.0-SNAPSHOT correlationId=cc978bf6-da7e-44cb-bb5a-b31628602f5c c.m.m.a.i.a.JdbcMetadataAuditStore - Metadata change recorded event="metadata_change_recorded" sourceDomain="advertisingefficiency" entityType="advertising_containments" entityId="580d56d3-5b87-41fa-991f-0be0d56b7628" action="READ" actorId="33261844-0019-4e38-bff5-42906a1242f9" correlationId="cc978bf6-da7e-44cb-bb5a-b31628602f5c"
[WebServer] 2026-09-05T10:46:28.349+08:00 INFO  application=marketops-server environment=local buildVersion=0.1.0-SNAPSHOT correlationId=9751ded7-534d-4814-bb1b-3ecd8b06acac c.m.m.s.i.e.ConsoleProblemAdvice - Console request refused event="console_request_refused" errorCode="RESOURCE_NOT_FOUND" correlationId="9751ded7-534d-4814-bb1b-3ecd8b06acac"
[WebServer] 2026-09-05T10:46:28.350+08:00 INFO  application=marketops-server environment=local buildVersion=0.1.0-SNAPSHOT correlationId=9751ded7-534d-4814-bb1b-3ecd8b06acac c.m.m.s.i.c.CorrelationIdFilter - Request completed event="request_completed" correlationId="9751ded7-534d-4814-bb1b-3ecd8b06acac" status="404"
[WebServer] 2026-09-05T10:46:28.367+08:00 INFO  application=marketops-server environment=local buildVersion=0.1.0-SNAPSHOT correlationId=c4dbee12-400d-4246-914e-dbf32b99ba61 c.m.m.a.i.a.JdbcMetadataAuditStore - Metadata change recorded event="metadata_change_recorded" sourceDomain="advertisingefficiency" entityType="advertising_reservations" entityId="580d56d3-5b87-41fa-991f-0be0d56b7628" action="READ" actorId="33261844-0019-4e38-bff5-42906a1242f9" correlationId="c4dbee12-400d-4246-914e-dbf32b99ba61"
[WebServer] 2026-09-05T10:46:28.372+08:00 INFO  application=marketops-server environment=local buildVersion=0.1.0-SNAPSHOT correlationId=c4dbee12-400d-4246-914e-dbf32b99ba61 c.m.m.s.i.c.CorrelationIdFilter - Request completed event="request_completed" correlationId="c4dbee12-400d-4246-914e-dbf32b99ba61" status="200"
[WebServer] 2026-09-05T10:46:28.373+08:00 INFO  application=marketops-server environment=local buildVersion=0.1.0-SNAPSHOT correlationId=fb9109a2-c8c6-4ff1-95d7-a63013af36ec c.m.m.a.i.a.JdbcMetadataAuditStore - Metadata change recorded event="metadata_change_recorded" sourceDomain="availabilityrisk" entityType="availability_queue" entityId="580d56d3-5b87-41fa-991f-0be0d56b7628" action="READ" actorId="33261844-0019-4e38-bff5-42906a1242f9" correlationId="fb9109a2-c8c6-4ff1-95d7-a63013af36ec"
[WebServer] 2026-09-05T10:46:28.374+08:00 INFO  application=marketops-server environment=local buildVersion=0.1.0-SNAPSHOT correlationId=cc978bf6-da7e-44cb-bb5a-b31628602f5c c.m.m.s.i.c.CorrelationIdFilter - Request completed event="request_completed" correlationId="cc978bf6-da7e-44cb-bb5a-b31628602f5c" status="200"
[WebServer] 2026-09-05T10:46:28.378+08:00 INFO  application=marketops-server environment=local buildVersion=0.1.0-SNAPSHOT correlationId=fb9109a2-c8c6-4ff1-95d7-a63013af36ec c.m.m.s.i.c.CorrelationIdFilter - Request completed event="request_completed" correlationId="fb9109a2-c8c6-4ff1-95d7-a63013af36ec" status="200"
[WebServer] 2026-09-05T10:46:28.383+08:00 INFO  application=marketops-server environment=local buildVersion=0.1.0-SNAPSHOT correlationId=50078e01-c821-4e5a-a6d0-55853332bf9a c.m.m.s.i.e.ConsoleProblemAdvice - Console request refused event="console_request_refused" errorCode="RESOURCE_SCOPE_DENIED" correlationId="50078e01-c821-4e5a-a6d0-55853332bf9a"
[WebServer] 2026-09-05T10:46:28.384+08:00 INFO  application=marketops-server environment=local buildVersion=0.1.0-SNAPSHOT correlationId=50078e01-c821-4e5a-a6d0-55853332bf9a c.m.m.s.i.c.CorrelationIdFilter - Request completed event="request_completed" correlationId="50078e01-c821-4e5a-a6d0-55853332bf9a" status="403"
[WebServer] 2026-09-05T10:46:28.386+08:00 INFO  application=marketops-server environment=local buildVersion=0.1.0-SNAPSHOT correlationId=4dc4852d-1651-49c3-9453-a0a99c55be49 c.m.m.a.i.a.JdbcMetadataAuditStore - Metadata change recorded event="metadata_change_recorded" sourceDomain="advertisingefficiency" entityType="advertising_exposure" entityId="580d56d3-5b87-41fa-991f-0be0d56b7628" action="READ" actorId="33261844-0019-4e38-bff5-42906a1242f9" correlationId="4dc4852d-1651-49c3-9453-a0a99c55be49"
[WebServer] 2026-09-05T10:46:28.389+08:00 INFO  application=marketops-server environment=local buildVersion=0.1.0-SNAPSHOT correlationId=4dc4852d-1651-49c3-9453-a0a99c55be49 c.m.m.s.i.c.CorrelationIdFilter - Request completed event="request_completed" correlationId="4dc4852d-1651-49c3-9453-a0a99c55be49" status="200"
[WebServer] 2026-09-05T10:46:28.392+08:00 INFO  application=marketops-server environment=local buildVersion=0.1.0-SNAPSHOT correlationId=ee9e30e1-38df-4068-8ccf-cea351a9d91b c.m.m.s.i.c.CorrelationIdFilter - Request completed event="request_completed" correlationId="ee9e30e1-38df-4068-8ccf-cea351a9d91b" status="200"
[WebServer] 2026-09-05T10:46:28.405+08:00 INFO  application=marketops-server environment=local buildVersion=0.1.0-SNAPSHOT correlationId=c246fc6c-d243-462e-bf6d-5c7d459ba60f c.m.m.s.i.e.ConsoleProblemAdvice - Console request refused event="console_request_refused" errorCode="RESOURCE_SCOPE_DENIED" correlationId="c246fc6c-d243-462e-bf6d-5c7d459ba60f"
[WebServer] 2026-09-05T10:46:28.409+08:00 INFO  application=marketops-server environment=local buildVersion=0.1.0-SNAPSHOT correlationId=c246fc6c-d243-462e-bf6d-5c7d459ba60f c.m.m.s.i.c.CorrelationIdFilter - Request completed event="request_completed" correlationId="c246fc6c-d243-462e-bf6d-5c7d459ba60f" status="403"
[WebServer] 2026-09-05T10:46:28.415+08:00 INFO  application=marketops-server environment=local buildVersion=0.1.0-SNAPSHOT correlationId=e531753f-1f67-4b71-88ca-8194179ea0cc c.m.m.a.i.a.JdbcMetadataAuditStore - Metadata change recorded event="metadata_change_recorded" sourceDomain="advertisingefficiency" entityType="advertising_queue" entityId="580d56d3-5b87-41fa-991f-0be0d56b7628" action="READ" actorId="33261844-0019-4e38-bff5-42906a1242f9" correlationId="e531753f-1f67-4b71-88ca-8194179ea0cc"
[WebServer] 2026-09-05T10:46:28.421+08:00 INFO  application=marketops-server environment=local buildVersion=0.1.0-SNAPSHOT correlationId=06751e13-8922-4afe-b4a3-23731ac724cd c.m.m.a.i.a.JdbcMetadataAuditStore - Metadata change recorded event="metadata_change_recorded" sourceDomain="advertisingefficiency" entityType="advertising_orchestration" entityId="580d56d3-5b87-41fa-991f-0be0d56b7628" action="READ" actorId="33261844-0019-4e38-bff5-42906a1242f9" correlationId="06751e13-8922-4afe-b4a3-23731ac724cd"
[WebServer] 2026-09-05T10:46:28.423+08:00 INFO  application=marketops-server environment=local buildVersion=0.1.0-SNAPSHOT correlationId=06751e13-8922-4afe-b4a3-23731ac724cd c.m.m.s.i.c.CorrelationIdFilter - Request completed event="request_completed" correlationId="06751e13-8922-4afe-b4a3-23731ac724cd" status="200"
[WebServer] 2026-09-05T10:46:28.426+08:00 INFO  application=marketops-server environment=local buildVersion=0.1.0-SNAPSHOT correlationId=785c100a-d4b1-4005-946c-a99a91c7d080 c.m.m.s.i.c.CorrelationIdFilter - Request completed event="request_completed" correlationId="785c100a-d4b1-4005-946c-a99a91c7d080" status="200"
[WebServer] 2026-09-05T10:46:28.434+08:00 INFO  application=marketops-server environment=local buildVersion=0.1.0-SNAPSHOT correlationId=e531753f-1f67-4b71-88ca-8194179ea0cc c.m.m.s.i.c.CorrelationIdFilter - Request completed event="request_completed" correlationId="e531753f-1f67-4b71-88ca-8194179ea0cc" status="200"
[WebServer] 2026-09-05T10:46:28.558+08:00 INFO  application=marketops-server environment=local buildVersion=0.1.0-SNAPSHOT correlationId=a15a15cc-5b79-4b74-9657-04425cf941a1 c.m.m.a.i.a.JdbcMetadataAuditStore - Metadata change recorded event="metadata_change_recorded" sourceDomain="advertisingefficiency" entityType="advertising_case" entityId="fb69bef7-a0a4-4b57-99d4-759f70ee2ae7" action="READ" actorId="33261844-0019-4e38-bff5-42906a1242f9" correlationId="a15a15cc-5b79-4b74-9657-04425cf941a1"
[WebServer] 2026-09-05T10:46:28.575+08:00 INFO  application=marketops-server environment=local buildVersion=0.1.0-SNAPSHOT correlationId=a15a15cc-5b79-4b74-9657-04425cf941a1 c.m.m.s.i.c.CorrelationIdFilter - Request completed event="request_completed" correlationId="a15a15cc-5b79-4b74-9657-04425cf941a1" status="200"
[WebServer] 2026-09-05T10:46:28.595+08:00 INFO  application=marketops-server environment=local buildVersion=0.1.0-SNAPSHOT correlationId=3b0a8351-6e94-497a-a06d-20782be9c2c0 c.m.m.a.i.a.JdbcMetadataAuditStore - Metadata change recorded event="metadata_change_recorded" sourceDomain="advertisingefficiency" entityType="advertising_manual_packet" entityId="a19ea836-be0c-4bcb-a755-08480d3cdd28" action="READ" actorId="33261844-0019-4e38-bff5-42906a1242f9" correlationId="3b0a8351-6e94-497a-a06d-20782be9c2c0"
[WebServer] 2026-09-05T10:46:28.618+08:00 INFO  application=marketops-server environment=local buildVersion=0.1.0-SNAPSHOT correlationId=3b1c73cd-5d32-49ef-ad7d-77040b3f6564 c.m.m.s.i.c.CorrelationIdFilter - Request completed event="request_completed" correlationId="3b1c73cd-5d32-49ef-ad7d-77040b3f6564" status="200"
[WebServer] 2026-09-05T10:46:28.644+08:00 INFO  application=marketops-server environment=local buildVersion=0.1.0-SNAPSHOT correlationId=3b0a8351-6e94-497a-a06d-20782be9c2c0 c.m.m.s.i.c.CorrelationIdFilter - Request completed event="request_completed" correlationId="3b0a8351-6e94-497a-a06d-20782be9c2c0" status="200"
[WebServer] 2026-09-05T10:46:28.644+08:00 INFO  application=marketops-server environment=local buildVersion=0.1.0-SNAPSHOT correlationId=ce6a2645-2ffd-44f5-89fb-6fc9de994dee c.m.m.s.i.c.CorrelationIdFilter - Request completed event="request_completed" correlationId="ce6a2645-2ffd-44f5-89fb-6fc9de994dee" status="200"
[WebServer] 2026-09-05T10:46:28.670+08:00 INFO  application=marketops-server environment=local buildVersion=0.1.0-SNAPSHOT correlationId=69b0c731-b727-4ffb-ad44-3b164a917389 c.m.m.s.i.c.CorrelationIdFilter - Request completed event="request_completed" correlationId="69b0c731-b727-4ffb-ad44-3b164a917389" status="200"
[WebServer] 2026-09-05T10:46:28.864+08:00 INFO  application=marketops-server environment=local buildVersion=0.1.0-SNAPSHOT correlationId=cead9787-6f7f-432d-8117-24ab1e90d875 c.m.m.s.i.c.CorrelationIdFilter - Request completed event="request_completed" correlationId="cead9787-6f7f-432d-8117-24ab1e90d875" status="200"
[WebServer] 2026-09-05T10:46:28.879+08:00 INFO  application=marketops-server environment=local buildVersion=0.1.0-SNAPSHOT correlationId=5ab30a2a-98cd-465b-9f14-0f93375c0de1 c.m.m.a.i.a.JdbcMetadataAuditStore - Metadata change recorded event="metadata_change_recorded" sourceDomain="advertisingefficiency" entityType="advertising_manual_packet" entityId="a19ea836-be0c-4bcb-a755-08480d3cdd28" action="READ" actorId="33261844-0019-4e38-bff5-42906a1242f9" correlationId="5ab30a2a-98cd-465b-9f14-0f93375c0de1"
[WebServer] 2026-09-05T10:46:28.921+08:00 INFO  application=marketops-server environment=local buildVersion=0.1.0-SNAPSHOT correlationId=5ab30a2a-98cd-465b-9f14-0f93375c0de1 c.m.m.s.i.c.CorrelationIdFilter - Request completed event="request_completed" correlationId="5ab30a2a-98cd-465b-9f14-0f93375c0de1" status="200"
[WebServer] 2026-09-05T10:46:29.639+08:00 INFO  application=marketops-server environment=local buildVersion=0.1.0-SNAPSHOT correlationId=791e41b9-0ed3-4ca8-bfc1-bbe53af3009f c.m.m.s.i.c.CorrelationIdFilter - Request completed event="request_completed" correlationId="791e41b9-0ed3-4ca8-bfc1-bbe53af3009f" status="200"
[WebServer] 2026-09-05T10:46:29.641+08:00 INFO  application=marketops-server environment=local buildVersion=0.1.0-SNAPSHOT correlationId=2d2612e5-4904-4556-b78c-e5fde8489097 c.m.m.s.i.e.ConsoleProblemAdvice - Console request refused event="console_request_refused" errorCode="RESOURCE_NOT_FOUND" correlationId="2d2612e5-4904-4556-b78c-e5fde8489097"
[WebServer] 2026-09-05T10:46:29.642+08:00 INFO  application=marketops-server environment=local buildVersion=0.1.0-SNAPSHOT correlationId=2d2612e5-4904-4556-b78c-e5fde8489097 c.m.m.s.i.c.CorrelationIdFilter - Request completed event="request_completed" correlationId="2d2612e5-4904-4556-b78c-e5fde8489097" status="404"
[WebServer] 2026-09-05T10:46:29.645+08:00 INFO  application=marketops-server environment=local buildVersion=0.1.0-SNAPSHOT correlationId=729bffc2-425d-43de-807d-d3c1443ae0ea c.m.m.a.i.a.JdbcMetadataAuditStore - Metadata change recorded event="metadata_change_recorded" sourceDomain="advertisingefficiency" entityType="advertising_containments" entityId="580d56d3-5b87-41fa-991f-0be0d56b7628" action="READ" actorId="e1d599b8-7d5d-4033-a2cc-5b1659497c6f" correlationId="729bffc2-425d-43de-807d-d3c1443ae0ea"
[WebServer] 2026-09-05T10:46:29.647+08:00 INFO  application=marketops-server environment=local buildVersion=0.1.0-SNAPSHOT correlationId=a0bcd306-07b9-4c22-be4d-4bf6a6564a68 c.m.m.a.i.a.JdbcMetadataAuditStore - Metadata change recorded event="metadata_change_recorded" sourceDomain="advertisingefficiency" entityType="advertising_reservations" entityId="580d56d3-5b87-41fa-991f-0be0d56b7628" action="READ" actorId="e1d599b8-7d5d-4033-a2cc-5b1659497c6f" correlationId="a0bcd306-07b9-4c22-be4d-4bf6a6564a68"
[WebServer] 2026-09-05T10:46:29.649+08:00 INFO  application=marketops-server environment=local buildVersion=0.1.0-SNAPSHOT correlationId=a0bcd306-07b9-4c22-be4d-4bf6a6564a68 c.m.m.s.i.c.CorrelationIdFilter - Request completed event="request_completed" correlationId="a0bcd306-07b9-4c22-be4d-4bf6a6564a68" status="200"
[WebServer] 2026-09-05T10:46:29.650+08:00 INFO  application=marketops-server environment=local buildVersion=0.1.0-SNAPSHOT correlationId=15cbb814-e1f7-42a8-b420-74a3cf53b96f c.m.m.a.i.a.JdbcMetadataAuditStore - Metadata change recorded event="metadata_change_recorded" sourceDomain="availabilityrisk" entityType="availability_queue" entityId="580d56d3-5b87-41fa-991f-0be0d56b7628" action="READ" actorId="e1d599b8-7d5d-4033-a2cc-5b1659497c6f" correlationId="15cbb814-e1f7-42a8-b420-74a3cf53b96f"
[WebServer] 2026-09-05T10:46:29.650+08:00 INFO  application=marketops-server environment=local buildVersion=0.1.0-SNAPSHOT correlationId=bbaf5abe-2a0e-4dbb-9199-a7f0e405b269 c.m.m.s.i.e.ConsoleProblemAdvice - Console request refused event="console_request_refused" errorCode="RESOURCE_SCOPE_DENIED" correlationId="bbaf5abe-2a0e-4dbb-9199-a7f0e405b269"
[WebServer] 2026-09-05T10:46:29.651+08:00 INFO  application=marketops-server environment=local buildVersion=0.1.0-SNAPSHOT correlationId=bbaf5abe-2a0e-4dbb-9199-a7f0e405b269 c.m.m.s.i.c.CorrelationIdFilter - Request completed event="request_completed" correlationId="bbaf5abe-2a0e-4dbb-9199-a7f0e405b269" status="403"
[WebServer] 2026-09-05T10:46:29.656+08:00 INFO  application=marketops-server environment=local buildVersion=0.1.0-SNAPSHOT correlationId=15cbb814-e1f7-42a8-b420-74a3cf53b96f c.m.m.s.i.c.CorrelationIdFilter - Request completed event="request_completed" correlationId="15cbb814-e1f7-42a8-b420-74a3cf53b96f" status="200"
[WebServer] 2026-09-05T10:46:29.665+08:00 INFO  application=marketops-server environment=local buildVersion=0.1.0-SNAPSHOT correlationId=729bffc2-425d-43de-807d-d3c1443ae0ea c.m.m.s.i.c.CorrelationIdFilter - Request completed event="request_completed" correlationId="729bffc2-425d-43de-807d-d3c1443ae0ea" status="200"
[WebServer] 2026-09-05T10:46:29.666+08:00 INFO  application=marketops-server environment=local buildVersion=0.1.0-SNAPSHOT correlationId=0148a6fa-b0e8-44a8-853d-71021d86456a c.m.m.a.i.a.JdbcMetadataAuditStore - Metadata change recorded event="metadata_change_recorded" sourceDomain="advertisingefficiency" entityType="advertising_exposure" entityId="580d56d3-5b87-41fa-991f-0be0d56b7628" action="READ" actorId="e1d599b8-7d5d-4033-a2cc-5b1659497c6f" correlationId="0148a6fa-b0e8-44a8-853d-71021d86456a"
[WebServer] 2026-09-05T10:46:29.668+08:00 INFO  application=marketops-server environment=local buildVersion=0.1.0-SNAPSHOT correlationId=0148a6fa-b0e8-44a8-853d-71021d86456a c.m.m.s.i.c.CorrelationIdFilter - Request completed event="request_completed" correlationId="0148a6fa-b0e8-44a8-853d-71021d86456a" status="200"
[WebServer] 2026-09-05T10:46:29.685+08:00 INFO  application=marketops-server environment=local buildVersion=0.1.0-SNAPSHOT correlationId=daf9109f-cb47-45aa-92db-e50f690fcef0 c.m.m.a.i.a.JdbcMetadataAuditStore - Metadata change recorded event="metadata_change_recorded" sourceDomain="advertisingefficiency" entityType="advertising_queue" entityId="580d56d3-5b87-41fa-991f-0be0d56b7628" action="READ" actorId="e1d599b8-7d5d-4033-a2cc-5b1659497c6f" correlationId="daf9109f-cb47-45aa-92db-e50f690fcef0"
[WebServer] 2026-09-05T10:46:29.686+08:00 INFO  application=marketops-server environment=local buildVersion=0.1.0-SNAPSHOT correlationId=a9dd1cae-81a9-4908-915b-9ba407b8ab3b c.m.m.s.i.e.ConsoleProblemAdvice - Console request refused event="console_request_refused" errorCode="RESOURCE_SCOPE_DENIED" correlationId="a9dd1cae-81a9-4908-915b-9ba407b8ab3b"
[WebServer] 2026-09-05T10:46:29.687+08:00 INFO  application=marketops-server environment=local buildVersion=0.1.0-SNAPSHOT correlationId=a9dd1cae-81a9-4908-915b-9ba407b8ab3b c.m.m.s.i.c.CorrelationIdFilter - Request completed event="request_completed" correlationId="a9dd1cae-81a9-4908-915b-9ba407b8ab3b" status="403"
[WebServer] 2026-09-05T10:46:29.695+08:00 INFO  application=marketops-server environment=local buildVersion=0.1.0-SNAPSHOT correlationId=559b2b3e-8597-4449-a238-4f357deffd79 c.m.m.a.i.a.JdbcMetadataAuditStore - Metadata change recorded event="metadata_change_recorded" sourceDomain="advertisingefficiency" entityType="advertising_orchestration" entityId="580d56d3-5b87-41fa-991f-0be0d56b7628" action="READ" actorId="e1d599b8-7d5d-4033-a2cc-5b1659497c6f" correlationId="559b2b3e-8597-4449-a238-4f357deffd79"
[WebServer] 2026-09-05T10:46:29.697+08:00 INFO  application=marketops-server environment=local buildVersion=0.1.0-SNAPSHOT correlationId=559b2b3e-8597-4449-a238-4f357deffd79 c.m.m.s.i.c.CorrelationIdFilter - Request completed event="request_completed" correlationId="559b2b3e-8597-4449-a238-4f357deffd79" status="200"
[WebServer] 2026-09-05T10:46:29.705+08:00 INFO  application=marketops-server environment=local buildVersion=0.1.0-SNAPSHOT correlationId=daf9109f-cb47-45aa-92db-e50f690fcef0 c.m.m.s.i.c.CorrelationIdFilter - Request completed event="request_completed" correlationId="daf9109f-cb47-45aa-92db-e50f690fcef0" status="200"
[WebServer] 2026-09-05T10:46:29.726+08:00 INFO  application=marketops-server environment=local buildVersion=0.1.0-SNAPSHOT correlationId=d352888b-868a-4471-92a2-e80ad159b930 c.m.m.s.i.c.CorrelationIdFilter - Request completed event="request_completed" correlationId="d352888b-868a-4471-92a2-e80ad159b930" status="200"
[WebServer] 2026-09-05T10:46:29.822+08:00 INFO  application=marketops-server environment=local buildVersion=0.1.0-SNAPSHOT correlationId=dfa5aed4-b8d1-4e88-9ad7-c6b1c3677dbf c.m.m.a.i.a.JdbcMetadataAuditStore - Metadata change recorded event="metadata_change_recorded" sourceDomain="advertisingefficiency" entityType="advertising_case" entityId="fb69bef7-a0a4-4b57-99d4-759f70ee2ae7" action="READ" actorId="e1d599b8-7d5d-4033-a2cc-5b1659497c6f" correlationId="dfa5aed4-b8d1-4e88-9ad7-c6b1c3677dbf"
[WebServer] 2026-09-05T10:46:29.835+08:00 INFO  application=marketops-server environment=local buildVersion=0.1.0-SNAPSHOT correlationId=dfa5aed4-b8d1-4e88-9ad7-c6b1c3677dbf c.m.m.s.i.c.CorrelationIdFilter - Request completed event="request_completed" correlationId="dfa5aed4-b8d1-4e88-9ad7-c6b1c3677dbf" status="200"
[WebServer] 2026-09-05T10:46:29.850+08:00 INFO  application=marketops-server environment=local buildVersion=0.1.0-SNAPSHOT correlationId=b335f501-4932-4b8b-8979-f4ee137b3c86 c.m.m.a.i.a.JdbcMetadataAuditStore - Metadata change recorded event="metadata_change_recorded" sourceDomain="advertisingefficiency" entityType="advertising_manual_packet" entityId="a19ea836-be0c-4bcb-a755-08480d3cdd28" action="READ" actorId="e1d599b8-7d5d-4033-a2cc-5b1659497c6f" correlationId="b335f501-4932-4b8b-8979-f4ee137b3c86"
[WebServer] 2026-09-05T10:46:29.869+08:00 INFO  application=marketops-server environment=local buildVersion=0.1.0-SNAPSHOT correlationId=33b66738-bac7-4121-8311-4b272074c0dd c.m.m.s.i.c.CorrelationIdFilter - Request completed event="request_completed" correlationId="33b66738-bac7-4121-8311-4b272074c0dd" status="200"
[WebServer] 2026-09-05T10:46:29.894+08:00 INFO  application=marketops-server environment=local buildVersion=0.1.0-SNAPSHOT correlationId=b335f501-4932-4b8b-8979-f4ee137b3c86 c.m.m.s.i.c.CorrelationIdFilter - Request completed event="request_completed" correlationId="b335f501-4932-4b8b-8979-f4ee137b3c86" status="200"
[WebServer] 2026-09-05T10:46:29.898+08:00 INFO  application=marketops-server environment=local buildVersion=0.1.0-SNAPSHOT correlationId=9fe85fc2-6e90-4a96-bbd2-97cb35dd28ab c.m.m.s.i.c.CorrelationIdFilter - Request completed event="request_completed" correlationId="9fe85fc2-6e90-4a96-bbd2-97cb35dd28ab" status="200"
[WebServer] 2026-09-05T10:46:29.919+08:00 INFO  application=marketops-server environment=local buildVersion=0.1.0-SNAPSHOT correlationId=120dcfd0-3303-4a8c-8a94-4560eb75be54 c.m.m.s.i.c.CorrelationIdFilter - Request completed event="request_completed" correlationId="120dcfd0-3303-4a8c-8a94-4560eb75be54" status="200"
[WebServer] 2026-09-05T10:46:30.024+08:00 INFO  application=marketops-server environment=local buildVersion=0.1.0-SNAPSHOT correlationId=0ea118b3-f78d-4807-9554-7b17ceb580eb c.m.m.s.i.c.CorrelationIdFilter - Request completed event="request_completed" correlationId="0ea118b3-f78d-4807-9554-7b17ceb580eb" status="200"
[WebServer] 2026-09-05T10:46:30.039+08:00 INFO  application=marketops-server environment=local buildVersion=0.1.0-SNAPSHOT correlationId=3bee64a5-a1e0-44fe-9af3-f3afc9d913d0 c.m.m.a.i.a.JdbcMetadataAuditStore - Metadata change recorded event="metadata_change_recorded" sourceDomain="advertisingefficiency" entityType="advertising_manual_packet" entityId="a19ea836-be0c-4bcb-a755-08480d3cdd28" action="READ" actorId="e1d599b8-7d5d-4033-a2cc-5b1659497c6f" correlationId="3bee64a5-a1e0-44fe-9af3-f3afc9d913d0"
[WebServer] 2026-09-05T10:46:30.074+08:00 INFO  application=marketops-server environment=local buildVersion=0.1.0-SNAPSHOT correlationId=3bee64a5-a1e0-44fe-9af3-f3afc9d913d0 c.m.m.s.i.c.CorrelationIdFilter - Request completed event="request_completed" correlationId="3bee64a5-a1e0-44fe-9af3-f3afc9d913d0" status="200"
[WebServer] 2026-09-05T10:46:30.199+08:00 INFO  application=marketops-server environment=local buildVersion=0.1.0-SNAPSHOT correlationId=72b4c527-9c5f-4ec0-bfb9-e144a59aa657 c.m.m.s.i.c.CorrelationIdFilter - Request completed event="request_completed" correlationId="72b4c527-9c5f-4ec0-bfb9-e144a59aa657" status="200"
[WebServer] 2026-09-05T10:46:30.217+08:00 INFO  application=marketops-server environment=local buildVersion=0.1.0-SNAPSHOT correlationId=b4f0aa7d-3fa9-43f0-bb2d-e9262389da78 c.m.m.a.i.a.JdbcMetadataAuditStore - Metadata change recorded event="metadata_change_recorded" sourceDomain="advertisingefficiency" entityType="advertising_manual_packet" entityId="a19ea836-be0c-4bcb-a755-08480d3cdd28" action="READ" actorId="e1d599b8-7d5d-4033-a2cc-5b1659497c6f" correlationId="b4f0aa7d-3fa9-43f0-bb2d-e9262389da78"
[WebServer] 2026-09-05T10:46:30.244+08:00 INFO  application=marketops-server environment=local buildVersion=0.1.0-SNAPSHOT correlationId=b4f0aa7d-3fa9-43f0-bb2d-e9262389da78 c.m.m.s.i.c.CorrelationIdFilter - Request completed event="request_completed" correlationId="b4f0aa7d-3fa9-43f0-bb2d-e9262389da78" status="200"
[WebServer] 2026-09-05T10:46:30.333+08:00 DEBUG application=marketops-server environment=local buildVersion=0.1.0-SNAPSHOT correlationId=672fb8d5-e471-4429-90cc-260fa42dc6d4 c.m.m.s.i.c.CorrelationIdFilter - Inbound correlation identifier replaced event="correlation_identifier_replaced" correlationId="672fb8d5-e471-4429-90cc-260fa42dc6d4" rejectionCategory="MISSING"
[WebServer] 2026-09-05T10:46:30.350+08:00 INFO  application=marketops-server environment=local buildVersion=0.1.0-SNAPSHOT correlationId=672fb8d5-e471-4429-90cc-260fa42dc6d4 c.m.m.s.i.e.ConsoleProblemAdvice - Console request refused event="console_request_refused" errorCode="ACTION_NOT_PERMITTED" correlationId="672fb8d5-e471-4429-90cc-260fa42dc6d4"
[WebServer] 2026-09-05T10:46:30.351+08:00 INFO  application=marketops-server environment=local buildVersion=0.1.0-SNAPSHOT correlationId=672fb8d5-e471-4429-90cc-260fa42dc6d4 c.m.m.s.i.c.CorrelationIdFilter - Request completed event="request_completed" correlationId="672fb8d5-e471-4429-90cc-260fa42dc6d4" status="403"
[WebServer] 2026-09-05T10:46:30.711+08:00 INFO  application=marketops-server environment=local buildVersion=0.1.0-SNAPSHOT correlationId=50aa61ab-ed48-4137-bf0b-8a072770d9e8 c.m.m.s.i.e.ConsoleProblemAdvice - Console request refused event="console_request_refused" errorCode="RESOURCE_NOT_FOUND" correlationId="50aa61ab-ed48-4137-bf0b-8a072770d9e8"
[WebServer] 2026-09-05T10:46:30.712+08:00 INFO  application=marketops-server environment=local buildVersion=0.1.0-SNAPSHOT correlationId=50aa61ab-ed48-4137-bf0b-8a072770d9e8 c.m.m.s.i.c.CorrelationIdFilter - Request completed event="request_completed" correlationId="50aa61ab-ed48-4137-bf0b-8a072770d9e8" status="404"
[WebServer] 2026-09-05T10:46:30.713+08:00 INFO  application=marketops-server environment=local buildVersion=0.1.0-SNAPSHOT correlationId=892fab1a-17ec-4049-87e9-f2bb435f985c c.m.m.a.i.a.JdbcMetadataAuditStore - Metadata change recorded event="metadata_change_recorded" sourceDomain="advertisingefficiency" entityType="advertising_reservations" entityId="580d56d3-5b87-41fa-991f-0be0d56b7628" action="READ" actorId="bd46ef21-fee6-42bc-b037-1cb30ce16429" correlationId="892fab1a-17ec-4049-87e9-f2bb435f985c"
[WebServer] 2026-09-05T10:46:30.715+08:00 INFO  application=marketops-server environment=local buildVersion=0.1.0-SNAPSHOT correlationId=1edd35b2-a0c3-46ae-95d8-9adb1f8b9fd8 c.m.m.a.i.a.JdbcMetadataAuditStore - Metadata change recorded event="metadata_change_recorded" sourceDomain="advertisingefficiency" entityType="advertising_containments" entityId="580d56d3-5b87-41fa-991f-0be0d56b7628" action="READ" actorId="bd46ef21-fee6-42bc-b037-1cb30ce16429" correlationId="1edd35b2-a0c3-46ae-95d8-9adb1f8b9fd8"
[WebServer] 2026-09-05T10:46:30.716+08:00 INFO  application=marketops-server environment=local buildVersion=0.1.0-SNAPSHOT correlationId=5e0b4710-147e-4a32-bb5d-24d6f89db243 c.m.m.s.i.e.ConsoleProblemAdvice - Console request refused event="console_request_refused" errorCode="RESOURCE_SCOPE_DENIED" correlationId="5e0b4710-147e-4a32-bb5d-24d6f89db243"
[WebServer] 2026-09-05T10:46:30.717+08:00 INFO  application=marketops-server environment=local buildVersion=0.1.0-SNAPSHOT correlationId=5e0b4710-147e-4a32-bb5d-24d6f89db243 c.m.m.s.i.c.CorrelationIdFilter - Request completed event="request_completed" correlationId="5e0b4710-147e-4a32-bb5d-24d6f89db243" status="403"
[WebServer] 2026-09-05T10:46:30.718+08:00 INFO  application=marketops-server environment=local buildVersion=0.1.0-SNAPSHOT correlationId=ec8a0413-dace-48fd-8be5-74fd105e607c c.m.m.a.i.a.JdbcMetadataAuditStore - Metadata change recorded event="metadata_change_recorded" sourceDomain="availabilityrisk" entityType="availability_queue" entityId="580d56d3-5b87-41fa-991f-0be0d56b7628" action="READ" actorId="bd46ef21-fee6-42bc-b037-1cb30ce16429" correlationId="ec8a0413-dace-48fd-8be5-74fd105e607c"
[WebServer] 2026-09-05T10:46:30.721+08:00 INFO  application=marketops-server environment=local buildVersion=0.1.0-SNAPSHOT correlationId=ec8a0413-dace-48fd-8be5-74fd105e607c c.m.m.s.i.c.CorrelationIdFilter - Request completed event="request_completed" correlationId="ec8a0413-dace-48fd-8be5-74fd105e607c" status="200"
[WebServer] 2026-09-05T10:46:30.730+08:00 INFO  application=marketops-server environment=local buildVersion=0.1.0-SNAPSHOT correlationId=1edd35b2-a0c3-46ae-95d8-9adb1f8b9fd8 c.m.m.s.i.c.CorrelationIdFilter - Request completed event="request_completed" correlationId="1edd35b2-a0c3-46ae-95d8-9adb1f8b9fd8" status="200"
[WebServer] 2026-09-05T10:46:30.735+08:00 INFO  application=marketops-server environment=local buildVersion=0.1.0-SNAPSHOT correlationId=274ea3bf-3b39-4545-9a80-fd45f9ee2b52 c.m.m.a.i.a.JdbcMetadataAuditStore - Metadata change recorded event="metadata_change_recorded" sourceDomain="advertisingefficiency" entityType="advertising_exposure" entityId="580d56d3-5b87-41fa-991f-0be0d56b7628" action="READ" actorId="bd46ef21-fee6-42bc-b037-1cb30ce16429" correlationId="274ea3bf-3b39-4545-9a80-fd45f9ee2b52"
[WebServer] 2026-09-05T10:46:30.738+08:00 INFO  application=marketops-server environment=local buildVersion=0.1.0-SNAPSHOT correlationId=274ea3bf-3b39-4545-9a80-fd45f9ee2b52 c.m.m.s.i.c.CorrelationIdFilter - Request completed event="request_completed" correlationId="274ea3bf-3b39-4545-9a80-fd45f9ee2b52" status="200"
[WebServer] 2026-09-05T10:46:30.739+08:00 INFO  application=marketops-server environment=local buildVersion=0.1.0-SNAPSHOT correlationId=d81844e6-295d-4180-b7c3-a4c5db19c119 c.m.m.s.i.c.CorrelationIdFilter - Request completed event="request_completed" correlationId="d81844e6-295d-4180-b7c3-a4c5db19c119" status="200"
[WebServer] 2026-09-05T10:46:30.748+08:00 INFO  application=marketops-server environment=local buildVersion=0.1.0-SNAPSHOT correlationId=f6c9a5e0-cdeb-4792-a5ae-445a030051ee c.m.m.a.i.a.JdbcMetadataAuditStore - Metadata change recorded event="metadata_change_recorded" sourceDomain="advertisingefficiency" entityType="advertising_queue" entityId="580d56d3-5b87-41fa-991f-0be0d56b7628" action="READ" actorId="bd46ef21-fee6-42bc-b037-1cb30ce16429" correlationId="f6c9a5e0-cdeb-4792-a5ae-445a030051ee"
[WebServer] 2026-09-05T10:46:30.749+08:00 INFO  application=marketops-server environment=local buildVersion=0.1.0-SNAPSHOT correlationId=6483b956-af26-4700-9560-cacb777a28e1 c.m.m.s.i.e.ConsoleProblemAdvice - Console request refused event="console_request_refused" errorCode="RESOURCE_SCOPE_DENIED" correlationId="6483b956-af26-4700-9560-cacb777a28e1"
[WebServer] 2026-09-05T10:46:30.750+08:00 INFO  application=marketops-server environment=local buildVersion=0.1.0-SNAPSHOT correlationId=6483b956-af26-4700-9560-cacb777a28e1 c.m.m.s.i.c.CorrelationIdFilter - Request completed event="request_completed" correlationId="6483b956-af26-4700-9560-cacb777a28e1" status="403"
[WebServer] 2026-09-05T10:46:30.755+08:00 INFO  application=marketops-server environment=local buildVersion=0.1.0-SNAPSHOT correlationId=892fab1a-17ec-4049-87e9-f2bb435f985c c.m.m.s.i.c.CorrelationIdFilter - Request completed event="request_completed" correlationId="892fab1a-17ec-4049-87e9-f2bb435f985c" status="200"
[WebServer] 2026-09-05T10:46:30.805+08:00 INFO  application=marketops-server environment=local buildVersion=0.1.0-SNAPSHOT correlationId=c5d88f0a-3408-4c35-822b-deb5fa2e4c61 c.m.m.a.i.a.JdbcMetadataAuditStore - Metadata change recorded event="metadata_change_recorded" sourceDomain="advertisingefficiency" entityType="advertising_orchestration" entityId="580d56d3-5b87-41fa-991f-0be0d56b7628" action="READ" actorId="bd46ef21-fee6-42bc-b037-1cb30ce16429" correlationId="c5d88f0a-3408-4c35-822b-deb5fa2e4c61"
[WebServer] 2026-09-05T10:46:30.806+08:00 INFO  application=marketops-server environment=local buildVersion=0.1.0-SNAPSHOT correlationId=f6c9a5e0-cdeb-4792-a5ae-445a030051ee c.m.m.s.i.c.CorrelationIdFilter - Request completed event="request_completed" correlationId="f6c9a5e0-cdeb-4792-a5ae-445a030051ee" status="200"
[WebServer] 2026-09-05T10:46:30.806+08:00 INFO  application=marketops-server environment=local buildVersion=0.1.0-SNAPSHOT correlationId=c5d88f0a-3408-4c35-822b-deb5fa2e4c61 c.m.m.s.i.c.CorrelationIdFilter - Request completed event="request_completed" correlationId="c5d88f0a-3408-4c35-822b-deb5fa2e4c61" status="200"
[WebServer] 2026-09-05T10:46:30.812+08:00 INFO  application=marketops-server environment=local buildVersion=0.1.0-SNAPSHOT correlationId=f80bd84a-180c-4bc4-b02e-6c5cba096686 c.m.m.s.i.c.CorrelationIdFilter - Request completed event="request_completed" correlationId="f80bd84a-180c-4bc4-b02e-6c5cba096686" status="200"
[WebServer] 2026-09-05T10:46:30.921+08:00 INFO  application=marketops-server environment=local buildVersion=0.1.0-SNAPSHOT correlationId=f73adbfb-efc6-4ba5-9ff6-3efd90cd2b53 c.m.m.a.i.a.JdbcMetadataAuditStore - Metadata change recorded event="metadata_change_recorded" sourceDomain="advertisingefficiency" entityType="advertising_case" entityId="fb69bef7-a0a4-4b57-99d4-759f70ee2ae7" action="READ" actorId="bd46ef21-fee6-42bc-b037-1cb30ce16429" correlationId="f73adbfb-efc6-4ba5-9ff6-3efd90cd2b53"
[WebServer] 2026-09-05T10:46:30.944+08:00 INFO  application=marketops-server environment=local buildVersion=0.1.0-SNAPSHOT correlationId=f73adbfb-efc6-4ba5-9ff6-3efd90cd2b53 c.m.m.s.i.c.CorrelationIdFilter - Request completed event="request_completed" correlationId="f73adbfb-efc6-4ba5-9ff6-3efd90cd2b53" status="200"
[WebServer] 2026-09-05T10:46:30.961+08:00 INFO  application=marketops-server environment=local buildVersion=0.1.0-SNAPSHOT correlationId=7facea08-6986-4db1-b72c-6612f02060b1 c.m.m.a.i.a.JdbcMetadataAuditStore - Metadata change recorded event="metadata_change_recorded" sourceDomain="advertisingefficiency" entityType="advertising_manual_packet" entityId="a19ea836-be0c-4bcb-a755-08480d3cdd28" action="READ" actorId="bd46ef21-fee6-42bc-b037-1cb30ce16429" correlationId="7facea08-6986-4db1-b72c-6612f02060b1"
[WebServer] 2026-09-05T10:46:30.986+08:00 INFO  application=marketops-server environment=local buildVersion=0.1.0-SNAPSHOT correlationId=661f91f7-7ed5-4598-9acb-e3963a01256a c.m.m.s.i.c.CorrelationIdFilter - Request completed event="request_completed" correlationId="661f91f7-7ed5-4598-9acb-e3963a01256a" status="200"
[WebServer] 2026-09-05T10:46:30.996+08:00 INFO  application=marketops-server environment=local buildVersion=0.1.0-SNAPSHOT correlationId=7facea08-6986-4db1-b72c-6612f02060b1 c.m.m.s.i.c.CorrelationIdFilter - Request completed event="request_completed" correlationId="7facea08-6986-4db1-b72c-6612f02060b1" status="200"
[WebServer] 2026-09-05T10:46:31.016+08:00 INFO  application=marketops-server environment=local buildVersion=0.1.0-SNAPSHOT correlationId=da8bcb9b-7a74-4036-be13-48e03f82f38e c.m.m.s.i.c.CorrelationIdFilter - Request completed event="request_completed" correlationId="da8bcb9b-7a74-4036-be13-48e03f82f38e" status="200"
[WebServer] 2026-09-05T10:46:31.018+08:00 INFO  application=marketops-server environment=local buildVersion=0.1.0-SNAPSHOT correlationId=0d61fe61-0943-4d22-8696-33e77c4c736e c.m.m.s.i.c.CorrelationIdFilter - Request completed event="request_completed" correlationId="0d61fe61-0943-4d22-8696-33e77c4c736e" status="200"
[WebServer] 2026-09-05T10:46:31.153+08:00 INFO  application=marketops-server environment=local buildVersion=0.1.0-SNAPSHOT correlationId=4f35b0b4-4444-4380-8fcd-2de63f3d6445 c.m.m.s.i.c.CorrelationIdFilter - Request completed event="request_completed" correlationId="4f35b0b4-4444-4380-8fcd-2de63f3d6445" status="200"
[WebServer] 2026-09-05T10:46:31.169+08:00 INFO  application=marketops-server environment=local buildVersion=0.1.0-SNAPSHOT correlationId=32db1ca3-636f-4c5e-bef3-4bb75a427304 c.m.m.a.i.a.JdbcMetadataAuditStore - Metadata change recorded event="metadata_change_recorded" sourceDomain="advertisingefficiency" entityType="advertising_manual_packet" entityId="a19ea836-be0c-4bcb-a755-08480d3cdd28" action="READ" actorId="bd46ef21-fee6-42bc-b037-1cb30ce16429" correlationId="32db1ca3-636f-4c5e-bef3-4bb75a427304"
[WebServer] 2026-09-05T10:46:31.206+08:00 INFO  application=marketops-server environment=local buildVersion=0.1.0-SNAPSHOT correlationId=32db1ca3-636f-4c5e-bef3-4bb75a427304 c.m.m.s.i.c.CorrelationIdFilter - Request completed event="request_completed" correlationId="32db1ca3-636f-4c5e-bef3-4bb75a427304" status="200"
[WebServer] 2026-09-05T10:46:31.229+08:00 INFO  application=marketops-server environment=local buildVersion=0.1.0-SNAPSHOT correlationId=35e25c07-f350-44ed-83db-a9df8469cf8f c.m.m.s.i.c.CorrelationIdFilter - Request completed event="request_completed" correlationId="35e25c07-f350-44ed-83db-a9df8469cf8f" status="200"
[WebServer] 2026-09-05T10:46:31.421+08:00 INFO  application=marketops-server environment=local buildVersion=0.1.0-SNAPSHOT correlationId=a9a79d81-c3ff-4784-b2ab-21de085537c1 c.m.m.s.i.c.CorrelationIdFilter - Request completed event="request_completed" correlationId="a9a79d81-c3ff-4784-b2ab-21de085537c1" status="200"
[WebServer] 2026-09-05T10:46:31.437+08:00 INFO  application=marketops-server environment=local buildVersion=0.1.0-SNAPSHOT correlationId=0763ad37-cc1e-433d-a226-48ac996feb4c c.m.m.a.i.a.JdbcMetadataAuditStore - Metadata change recorded event="metadata_change_recorded" sourceDomain="advertisingefficiency" entityType="advertising_manual_packet" entityId="a19ea836-be0c-4bcb-a755-08480d3cdd28" action="READ" actorId="bd46ef21-fee6-42bc-b037-1cb30ce16429" correlationId="0763ad37-cc1e-433d-a226-48ac996feb4c"
[WebServer] 2026-09-05T10:46:31.497+08:00 INFO  application=marketops-server environment=local buildVersion=0.1.0-SNAPSHOT correlationId=0763ad37-cc1e-433d-a226-48ac996feb4c c.m.m.s.i.c.CorrelationIdFilter - Request completed event="request_completed" correlationId="0763ad37-cc1e-433d-a226-48ac996feb4c" status="200"
  ✘   4 tests/advertising-browser/governed-advertising.spec.ts:159:3 › WILDBERRIES actual governed manual path stays UNVERIFIED and requires an independent observer (26.4s)
(node:81538) Warning: The 'NO_COLOR' env is ignored due to the 'FORCE_COLOR' env being set.
(Use `node --trace-warnings ...` to show where the warning was created)
[WebServer] 2026-09-05T10:46:52.652+08:00 INFO  application=marketops-server environment=local buildVersion=0.1.0-SNAPSHOT correlationId=67e1c016-636a-4744-86c4-60c5e52f4ebb c.m.m.a.i.a.JdbcMetadataAuditStore - Metadata change recorded event="metadata_change_recorded" sourceDomain="advertisingefficiency" entityType="advertising_reservations" entityId="cca165f5-9888-4c15-ab35-3dee06712e2c" action="READ" actorId="71da5c89-bd33-4014-84af-db26a125059f" correlationId="67e1c016-636a-4744-86c4-60c5e52f4ebb"
[WebServer] 2026-09-05T10:46:52.652+08:00 INFO  application=marketops-server environment=local buildVersion=0.1.0-SNAPSHOT correlationId=c8659c0e-703b-4d53-af0b-6681d4d3f12b c.m.m.s.i.e.ConsoleProblemAdvice - Console request refused event="console_request_refused" errorCode="RESOURCE_NOT_FOUND" correlationId="c8659c0e-703b-4d53-af0b-6681d4d3f12b"
[WebServer] 2026-09-05T10:46:52.653+08:00 INFO  application=marketops-server environment=local buildVersion=0.1.0-SNAPSHOT correlationId=403015d5-a989-4aee-83e5-fcf7087b0274 c.m.m.a.i.a.JdbcMetadataAuditStore - Metadata change recorded event="metadata_change_recorded" sourceDomain="advertisingefficiency" entityType="advertising_containments" entityId="cca165f5-9888-4c15-ab35-3dee06712e2c" action="READ" actorId="71da5c89-bd33-4014-84af-db26a125059f" correlationId="403015d5-a989-4aee-83e5-fcf7087b0274"
[WebServer] 2026-09-05T10:46:52.653+08:00 INFO  application=marketops-server environment=local buildVersion=0.1.0-SNAPSHOT correlationId=c8659c0e-703b-4d53-af0b-6681d4d3f12b c.m.m.s.i.c.CorrelationIdFilter - Request completed event="request_completed" correlationId="c8659c0e-703b-4d53-af0b-6681d4d3f12b" status="404"
[WebServer] 2026-09-05T10:46:52.655+08:00 INFO  application=marketops-server environment=local buildVersion=0.1.0-SNAPSHOT correlationId=67e1c016-636a-4744-86c4-60c5e52f4ebb c.m.m.s.i.c.CorrelationIdFilter - Request completed event="request_completed" correlationId="67e1c016-636a-4744-86c4-60c5e52f4ebb" status="200"
[WebServer] 2026-09-05T10:46:52.658+08:00 INFO  application=marketops-server environment=local buildVersion=0.1.0-SNAPSHOT correlationId=8d5c87b0-6f9c-4943-96fa-f3f495ed5bb3 c.m.m.s.i.e.ConsoleProblemAdvice - Console request refused event="console_request_refused" errorCode="RESOURCE_SCOPE_DENIED" correlationId="8d5c87b0-6f9c-4943-96fa-f3f495ed5bb3"
[WebServer] 2026-09-05T10:46:52.658+08:00 INFO  application=marketops-server environment=local buildVersion=0.1.0-SNAPSHOT correlationId=8d5c87b0-6f9c-4943-96fa-f3f495ed5bb3 c.m.m.s.i.c.CorrelationIdFilter - Request completed event="request_completed" correlationId="8d5c87b0-6f9c-4943-96fa-f3f495ed5bb3" status="403"
[WebServer] 2026-09-05T10:46:52.663+08:00 INFO  application=marketops-server environment=local buildVersion=0.1.0-SNAPSHOT correlationId=6719f80b-08f3-47c1-96bf-0aa1e147543e c.m.m.a.i.a.JdbcMetadataAuditStore - Metadata change recorded event="metadata_change_recorded" sourceDomain="availabilityrisk" entityType="availability_queue" entityId="cca165f5-9888-4c15-ab35-3dee06712e2c" action="READ" actorId="71da5c89-bd33-4014-84af-db26a125059f" correlationId="6719f80b-08f3-47c1-96bf-0aa1e147543e"
[WebServer] 2026-09-05T10:46:52.665+08:00 INFO  application=marketops-server environment=local buildVersion=0.1.0-SNAPSHOT correlationId=6719f80b-08f3-47c1-96bf-0aa1e147543e c.m.m.s.i.c.CorrelationIdFilter - Request completed event="request_completed" correlationId="6719f80b-08f3-47c1-96bf-0aa1e147543e" status="200"
[WebServer] 2026-09-05T10:46:52.665+08:00 INFO  application=marketops-server environment=local buildVersion=0.1.0-SNAPSHOT correlationId=403015d5-a989-4aee-83e5-fcf7087b0274 c.m.m.s.i.c.CorrelationIdFilter - Request completed event="request_completed" correlationId="403015d5-a989-4aee-83e5-fcf7087b0274" status="200"
[WebServer] 2026-09-05T10:46:52.672+08:00 INFO  application=marketops-server environment=local buildVersion=0.1.0-SNAPSHOT correlationId=9751e4b9-e674-4f3f-af0d-1057cac231c5 c.m.m.s.i.c.CorrelationIdFilter - Request completed event="request_completed" correlationId="9751e4b9-e674-4f3f-af0d-1057cac231c5" status="200"
[WebServer] 2026-09-05T10:46:52.674+08:00 INFO  application=marketops-server environment=local buildVersion=0.1.0-SNAPSHOT correlationId=7918a1c9-1cc0-4d98-a5b8-2504081bbc9d c.m.m.a.i.a.JdbcMetadataAuditStore - Metadata change recorded event="metadata_change_recorded" sourceDomain="advertisingefficiency" entityType="advertising_exposure" entityId="cca165f5-9888-4c15-ab35-3dee06712e2c" action="READ" actorId="71da5c89-bd33-4014-84af-db26a125059f" correlationId="7918a1c9-1cc0-4d98-a5b8-2504081bbc9d"
[WebServer] 2026-09-05T10:46:52.677+08:00 INFO  application=marketops-server environment=local buildVersion=0.1.0-SNAPSHOT correlationId=7918a1c9-1cc0-4d98-a5b8-2504081bbc9d c.m.m.s.i.c.CorrelationIdFilter - Request completed event="request_completed" correlationId="7918a1c9-1cc0-4d98-a5b8-2504081bbc9d" status="200"
[WebServer] 2026-09-05T10:46:52.680+08:00 INFO  application=marketops-server environment=local buildVersion=0.1.0-SNAPSHOT correlationId=707619f5-25fe-4b06-8262-80e1fc8bcdd2 c.m.m.s.i.e.ConsoleProblemAdvice - Console request refused event="console_request_refused" errorCode="RESOURCE_SCOPE_DENIED" correlationId="707619f5-25fe-4b06-8262-80e1fc8bcdd2"
[WebServer] 2026-09-05T10:46:52.680+08:00 INFO  application=marketops-server environment=local buildVersion=0.1.0-SNAPSHOT correlationId=707619f5-25fe-4b06-8262-80e1fc8bcdd2 c.m.m.s.i.c.CorrelationIdFilter - Request completed event="request_completed" correlationId="707619f5-25fe-4b06-8262-80e1fc8bcdd2" status="403"
[WebServer] 2026-09-05T10:46:52.692+08:00 INFO  application=marketops-server environment=local buildVersion=0.1.0-SNAPSHOT correlationId=37c4515b-15a1-4713-bd30-ce726a19fffe c.m.m.a.i.a.JdbcMetadataAuditStore - Metadata change recorded event="metadata_change_recorded" sourceDomain="advertisingefficiency" entityType="advertising_queue" entityId="cca165f5-9888-4c15-ab35-3dee06712e2c" action="READ" actorId="71da5c89-bd33-4014-84af-db26a125059f" correlationId="37c4515b-15a1-4713-bd30-ce726a19fffe"
[WebServer] 2026-09-05T10:46:52.703+08:00 INFO  application=marketops-server environment=local buildVersion=0.1.0-SNAPSHOT correlationId=cd43626c-448b-42d8-ad99-5344ebe0b0cf c.m.m.a.i.a.JdbcMetadataAuditStore - Metadata change recorded event="metadata_change_recorded" sourceDomain="advertisingefficiency" entityType="advertising_orchestration" entityId="cca165f5-9888-4c15-ab35-3dee06712e2c" action="READ" actorId="71da5c89-bd33-4014-84af-db26a125059f" correlationId="cd43626c-448b-42d8-ad99-5344ebe0b0cf"
[WebServer] 2026-09-05T10:46:52.705+08:00 INFO  application=marketops-server environment=local buildVersion=0.1.0-SNAPSHOT correlationId=cd43626c-448b-42d8-ad99-5344ebe0b0cf c.m.m.s.i.c.CorrelationIdFilter - Request completed event="request_completed" correlationId="cd43626c-448b-42d8-ad99-5344ebe0b0cf" status="200"
[WebServer] 2026-09-05T10:46:52.723+08:00 INFO  application=marketops-server environment=local buildVersion=0.1.0-SNAPSHOT correlationId=1943a11b-1c7f-4a62-b5c0-a10233e1fe8e c.m.m.s.i.c.CorrelationIdFilter - Request completed event="request_completed" correlationId="1943a11b-1c7f-4a62-b5c0-a10233e1fe8e" status="200"
[WebServer] 2026-09-05T10:46:52.740+08:00 INFO  application=marketops-server environment=local buildVersion=0.1.0-SNAPSHOT correlationId=37c4515b-15a1-4713-bd30-ce726a19fffe c.m.m.s.i.c.CorrelationIdFilter - Request completed event="request_completed" correlationId="37c4515b-15a1-4713-bd30-ce726a19fffe" status="200"
[WebServer] 2026-09-05T10:46:52.841+08:00 INFO  application=marketops-server environment=local buildVersion=0.1.0-SNAPSHOT correlationId=56856fa2-792c-40ef-9d96-9f4e5f587b40 c.m.m.a.i.a.JdbcMetadataAuditStore - Metadata change recorded event="metadata_change_recorded" sourceDomain="advertisingefficiency" entityType="advertising_case" entityId="aee54b1e-b6fb-4e26-9b36-98bb72998f64" action="READ" actorId="71da5c89-bd33-4014-84af-db26a125059f" correlationId="56856fa2-792c-40ef-9d96-9f4e5f587b40"
[WebServer] 2026-09-05T10:46:52.856+08:00 INFO  application=marketops-server environment=local buildVersion=0.1.0-SNAPSHOT correlationId=56856fa2-792c-40ef-9d96-9f4e5f587b40 c.m.m.s.i.c.CorrelationIdFilter - Request completed event="request_completed" correlationId="56856fa2-792c-40ef-9d96-9f4e5f587b40" status="200"
[WebServer] 2026-09-05T10:46:52.874+08:00 INFO  application=marketops-server environment=local buildVersion=0.1.0-SNAPSHOT correlationId=02d84c01-d169-4c19-ba45-2cbee315e813 c.m.m.a.i.a.JdbcMetadataAuditStore - Metadata change recorded event="metadata_change_recorded" sourceDomain="advertisingefficiency" entityType="advertising_manual_packet" entityId="5415f794-f605-4dfb-bcfb-98cb8dd0be66" action="READ" actorId="71da5c89-bd33-4014-84af-db26a125059f" correlationId="02d84c01-d169-4c19-ba45-2cbee315e813"
[WebServer] 2026-09-05T10:46:52.875+08:00 INFO  application=marketops-server environment=local buildVersion=0.1.0-SNAPSHOT correlationId=02d84c01-d169-4c19-ba45-2cbee315e813 c.m.m.s.i.c.CorrelationIdFilter - Request completed event="request_completed" correlationId="02d84c01-d169-4c19-ba45-2cbee315e813" status="200"
[WebServer] 2026-09-05T10:46:52.904+08:00 INFO  application=marketops-server environment=local buildVersion=0.1.0-SNAPSHOT correlationId=4e1def82-d630-4e39-babb-9c6ecd06cc83 c.m.m.s.i.c.CorrelationIdFilter - Request completed event="request_completed" correlationId="4e1def82-d630-4e39-babb-9c6ecd06cc83" status="200"
[WebServer] 2026-09-05T10:46:52.908+08:00 INFO  application=marketops-server environment=local buildVersion=0.1.0-SNAPSHOT correlationId=32fd78dd-16dc-42d2-ac4a-2142f7dc6eb2 c.m.m.s.i.c.CorrelationIdFilter - Request completed event="request_completed" correlationId="32fd78dd-16dc-42d2-ac4a-2142f7dc6eb2" status="200"
[WebServer] 2026-09-05T10:46:52.931+08:00 INFO  application=marketops-server environment=local buildVersion=0.1.0-SNAPSHOT correlationId=453669c7-2495-4037-a6f5-cb4712d2a4a5 c.m.m.s.i.c.CorrelationIdFilter - Request completed event="request_completed" correlationId="453669c7-2495-4037-a6f5-cb4712d2a4a5" status="200"
[WebServer] 2026-09-05T10:46:52.968+08:00 INFO  application=marketops-server environment=local buildVersion=0.1.0-SNAPSHOT correlationId=45569124-bea5-4c58-8479-bdb109188aca c.m.m.s.i.e.ConsoleProblemAdvice - Console request refused event="console_request_refused" errorCode="RESOURCE_NOT_FOUND" correlationId="45569124-bea5-4c58-8479-bdb109188aca"
[WebServer] 2026-09-05T10:46:52.968+08:00 INFO  application=marketops-server environment=local buildVersion=0.1.0-SNAPSHOT correlationId=45569124-bea5-4c58-8479-bdb109188aca c.m.m.s.i.c.CorrelationIdFilter - Request completed event="request_completed" correlationId="45569124-bea5-4c58-8479-bdb109188aca" status="404"
[WebServer] 2026-09-05T10:46:52.971+08:00 INFO  application=marketops-server environment=local buildVersion=0.1.0-SNAPSHOT correlationId=3cf3799e-1449-4019-b5a3-9a8d539fb803 c.m.m.a.i.a.JdbcMetadataAuditStore - Metadata change recorded event="metadata_change_recorded" sourceDomain="advertisingefficiency" entityType="advertising_containments" entityId="cca165f5-9888-4c15-ab35-3dee06712e2c" action="READ" actorId="71da5c89-bd33-4014-84af-db26a125059f" correlationId="3cf3799e-1449-4019-b5a3-9a8d539fb803"
[WebServer] 2026-09-05T10:46:52.971+08:00 INFO  application=marketops-server environment=local buildVersion=0.1.0-SNAPSHOT correlationId=3e0c00a3-14c1-4abc-95ad-e0b42ba9b9c6 c.m.m.a.i.a.JdbcMetadataAuditStore - Metadata change recorded event="metadata_change_recorded" sourceDomain="advertisingefficiency" entityType="advertising_reservations" entityId="cca165f5-9888-4c15-ab35-3dee06712e2c" action="READ" actorId="71da5c89-bd33-4014-84af-db26a125059f" correlationId="3e0c00a3-14c1-4abc-95ad-e0b42ba9b9c6"
[WebServer] 2026-09-05T10:46:52.973+08:00 INFO  application=marketops-server environment=local buildVersion=0.1.0-SNAPSHOT correlationId=3e0c00a3-14c1-4abc-95ad-e0b42ba9b9c6 c.m.m.s.i.c.CorrelationIdFilter - Request completed event="request_completed" correlationId="3e0c00a3-14c1-4abc-95ad-e0b42ba9b9c6" status="200"
[WebServer] 2026-09-05T10:46:52.973+08:00 INFO  application=marketops-server environment=local buildVersion=0.1.0-SNAPSHOT correlationId=461cef0c-f072-4b18-94be-51381da73408 c.m.m.s.i.e.ConsoleProblemAdvice - Console request refused event="console_request_refused" errorCode="RESOURCE_SCOPE_DENIED" correlationId="461cef0c-f072-4b18-94be-51381da73408"
[WebServer] 2026-09-05T10:46:52.974+08:00 INFO  application=marketops-server environment=local buildVersion=0.1.0-SNAPSHOT correlationId=461cef0c-f072-4b18-94be-51381da73408 c.m.m.s.i.c.CorrelationIdFilter - Request completed event="request_completed" correlationId="461cef0c-f072-4b18-94be-51381da73408" status="403"
[WebServer] 2026-09-05T10:46:52.977+08:00 INFO  application=marketops-server environment=local buildVersion=0.1.0-SNAPSHOT correlationId=7662e617-13ff-4053-b429-4407c539872e c.m.m.a.i.a.JdbcMetadataAuditStore - Metadata change recorded event="metadata_change_recorded" sourceDomain="availabilityrisk" entityType="availability_queue" entityId="cca165f5-9888-4c15-ab35-3dee06712e2c" action="READ" actorId="71da5c89-bd33-4014-84af-db26a125059f" correlationId="7662e617-13ff-4053-b429-4407c539872e"
[WebServer] 2026-09-05T10:46:52.979+08:00 INFO  application=marketops-server environment=local buildVersion=0.1.0-SNAPSHOT correlationId=7662e617-13ff-4053-b429-4407c539872e c.m.m.s.i.c.CorrelationIdFilter - Request completed event="request_completed" correlationId="7662e617-13ff-4053-b429-4407c539872e" status="200"
[WebServer] 2026-09-05T10:46:52.981+08:00 INFO  application=marketops-server environment=local buildVersion=0.1.0-SNAPSHOT correlationId=3cf3799e-1449-4019-b5a3-9a8d539fb803 c.m.m.s.i.c.CorrelationIdFilter - Request completed event="request_completed" correlationId="3cf3799e-1449-4019-b5a3-9a8d539fb803" status="200"
[WebServer] 2026-09-05T10:46:52.985+08:00 INFO  application=marketops-server environment=local buildVersion=0.1.0-SNAPSHOT correlationId=3b62c3e3-e787-46b5-8dd3-02bd5d873bc6 c.m.m.a.i.a.JdbcMetadataAuditStore - Metadata change recorded event="metadata_change_recorded" sourceDomain="advertisingefficiency" entityType="advertising_exposure" entityId="cca165f5-9888-4c15-ab35-3dee06712e2c" action="READ" actorId="71da5c89-bd33-4014-84af-db26a125059f" correlationId="3b62c3e3-e787-46b5-8dd3-02bd5d873bc6"
[WebServer] 2026-09-05T10:46:52.986+08:00 INFO  application=marketops-server environment=local buildVersion=0.1.0-SNAPSHOT correlationId=3b62c3e3-e787-46b5-8dd3-02bd5d873bc6 c.m.m.s.i.c.CorrelationIdFilter - Request completed event="request_completed" correlationId="3b62c3e3-e787-46b5-8dd3-02bd5d873bc6" status="200"
[WebServer] 2026-09-05T10:46:52.992+08:00 INFO  application=marketops-server environment=local buildVersion=0.1.0-SNAPSHOT correlationId=f0d91802-0cfc-4569-bc0d-c4c64dba4659 c.m.m.s.i.e.ConsoleProblemAdvice - Console request refused event="console_request_refused" errorCode="RESOURCE_SCOPE_DENIED" correlationId="f0d91802-0cfc-4569-bc0d-c4c64dba4659"
[WebServer] 2026-09-05T10:46:52.993+08:00 INFO  application=marketops-server environment=local buildVersion=0.1.0-SNAPSHOT correlationId=f0d91802-0cfc-4569-bc0d-c4c64dba4659 c.m.m.s.i.c.CorrelationIdFilter - Request completed event="request_completed" correlationId="f0d91802-0cfc-4569-bc0d-c4c64dba4659" status="403"
[WebServer] 2026-09-05T10:46:52.997+08:00 INFO  application=marketops-server environment=local buildVersion=0.1.0-SNAPSHOT correlationId=21c25c21-470b-431d-9d26-eea49a8ddb84 c.m.m.a.i.a.JdbcMetadataAuditStore - Metadata change recorded event="metadata_change_recorded" sourceDomain="advertisingefficiency" entityType="advertising_queue" entityId="cca165f5-9888-4c15-ab35-3dee06712e2c" action="READ" actorId="71da5c89-bd33-4014-84af-db26a125059f" correlationId="21c25c21-470b-431d-9d26-eea49a8ddb84"
[WebServer] 2026-09-05T10:46:53.005+08:00 INFO  application=marketops-server environment=local buildVersion=0.1.0-SNAPSHOT correlationId=47d7d4db-16b4-4a4a-b2a3-9ede9a92606d c.m.m.a.i.a.JdbcMetadataAuditStore - Metadata change recorded event="metadata_change_recorded" sourceDomain="advertisingefficiency" entityType="advertising_orchestration" entityId="cca165f5-9888-4c15-ab35-3dee06712e2c" action="READ" actorId="71da5c89-bd33-4014-84af-db26a125059f" correlationId="47d7d4db-16b4-4a4a-b2a3-9ede9a92606d"
[WebServer] 2026-09-05T10:46:53.007+08:00 INFO  application=marketops-server environment=local buildVersion=0.1.0-SNAPSHOT correlationId=47d7d4db-16b4-4a4a-b2a3-9ede9a92606d c.m.m.s.i.c.CorrelationIdFilter - Request completed event="request_completed" correlationId="47d7d4db-16b4-4a4a-b2a3-9ede9a92606d" status="200"
[WebServer] 2026-09-05T10:46:53.041+08:00 INFO  application=marketops-server environment=local buildVersion=0.1.0-SNAPSHOT correlationId=21c25c21-470b-431d-9d26-eea49a8ddb84 c.m.m.s.i.c.CorrelationIdFilter - Request completed event="request_completed" correlationId="21c25c21-470b-431d-9d26-eea49a8ddb84" status="200"
[WebServer] 2026-09-05T10:46:53.188+08:00 INFO  application=marketops-server environment=local buildVersion=0.1.0-SNAPSHOT correlationId=31e4ed3a-9ec8-4176-b729-80eab6520e61 c.m.m.a.i.a.JdbcMetadataAuditStore - Metadata change recorded event="metadata_change_recorded" sourceDomain="advertisingefficiency" entityType="advertising_case" entityId="aee54b1e-b6fb-4e26-9b36-98bb72998f64" action="READ" actorId="71da5c89-bd33-4014-84af-db26a125059f" correlationId="31e4ed3a-9ec8-4176-b729-80eab6520e61"
[WebServer] 2026-09-05T10:46:53.209+08:00 INFO  application=marketops-server environment=local buildVersion=0.1.0-SNAPSHOT correlationId=31e4ed3a-9ec8-4176-b729-80eab6520e61 c.m.m.s.i.c.CorrelationIdFilter - Request completed event="request_completed" correlationId="31e4ed3a-9ec8-4176-b729-80eab6520e61" status="200"
[WebServer] 2026-09-05T10:46:53.223+08:00 INFO  application=marketops-server environment=local buildVersion=0.1.0-SNAPSHOT correlationId=9beb0974-eaeb-4cac-af1d-b7571cba840a c.m.m.a.i.a.JdbcMetadataAuditStore - Metadata change recorded event="metadata_change_recorded" sourceDomain="advertisingefficiency" entityType="advertising_manual_packet" entityId="5415f794-f605-4dfb-bcfb-98cb8dd0be66" action="READ" actorId="71da5c89-bd33-4014-84af-db26a125059f" correlationId="9beb0974-eaeb-4cac-af1d-b7571cba840a"
[WebServer] 2026-09-05T10:46:53.226+08:00 INFO  application=marketops-server environment=local buildVersion=0.1.0-SNAPSHOT correlationId=9beb0974-eaeb-4cac-af1d-b7571cba840a c.m.m.s.i.c.CorrelationIdFilter - Request completed event="request_completed" correlationId="9beb0974-eaeb-4cac-af1d-b7571cba840a" status="200"
[WebServer] 2026-09-05T10:46:53.290+08:00 INFO  application=marketops-server environment=local buildVersion=0.1.0-SNAPSHOT correlationId=a31fbb68-e99e-4ba1-acdc-ee4a0ddba056 c.m.m.s.i.c.CorrelationIdFilter - Request completed event="request_completed" correlationId="a31fbb68-e99e-4ba1-acdc-ee4a0ddba056" status="200"
[WebServer] 2026-09-05T10:46:53.294+08:00 INFO  application=marketops-server environment=local buildVersion=0.1.0-SNAPSHOT correlationId=c255001d-b6d9-4d20-9748-d12f9ae72a0b c.m.m.s.i.c.CorrelationIdFilter - Request completed event="request_completed" correlationId="c255001d-b6d9-4d20-9748-d12f9ae72a0b" status="200"
[WebServer] 2026-09-05T10:46:53.336+08:00 INFO  application=marketops-server environment=local buildVersion=0.1.0-SNAPSHOT correlationId=03d6cf4d-ed74-4c72-8cba-10647984fa3e c.m.m.s.i.c.CorrelationIdFilter - Request completed event="request_completed" correlationId="03d6cf4d-ed74-4c72-8cba-10647984fa3e" status="200"
[WebServer] 2026-09-05T10:46:53.361+08:00 INFO  application=marketops-server environment=local buildVersion=0.1.0-SNAPSHOT correlationId=323ff92a-f7ca-4db1-a1cc-1388b8359d4f c.m.m.a.i.a.JdbcMetadataAuditStore - Metadata change recorded event="metadata_change_recorded" sourceDomain="advertisingefficiency" entityType="advertising_containments" entityId="cca165f5-9888-4c15-ab35-3dee06712e2c" action="READ" actorId="71da5c89-bd33-4014-84af-db26a125059f" correlationId="323ff92a-f7ca-4db1-a1cc-1388b8359d4f"
[WebServer] 2026-09-05T10:46:53.361+08:00 INFO  application=marketops-server environment=local buildVersion=0.1.0-SNAPSHOT correlationId=1ca0bd88-bb65-4262-b01c-dd348df7b06d c.m.m.s.i.e.ConsoleProblemAdvice - Console request refused event="console_request_refused" errorCode="RESOURCE_NOT_FOUND" correlationId="1ca0bd88-bb65-4262-b01c-dd348df7b06d"
[WebServer] 2026-09-05T10:46:53.362+08:00 INFO  application=marketops-server environment=local buildVersion=0.1.0-SNAPSHOT correlationId=a5e43d45-7ac7-4e88-8935-361ef0cb1635 c.m.m.a.i.a.JdbcMetadataAuditStore - Metadata change recorded event="metadata_change_recorded" sourceDomain="advertisingefficiency" entityType="advertising_reservations" entityId="cca165f5-9888-4c15-ab35-3dee06712e2c" action="READ" actorId="71da5c89-bd33-4014-84af-db26a125059f" correlationId="a5e43d45-7ac7-4e88-8935-361ef0cb1635"
[WebServer] 2026-09-05T10:46:53.362+08:00 INFO  application=marketops-server environment=local buildVersion=0.1.0-SNAPSHOT correlationId=1ca0bd88-bb65-4262-b01c-dd348df7b06d c.m.m.s.i.c.CorrelationIdFilter - Request completed event="request_completed" correlationId="1ca0bd88-bb65-4262-b01c-dd348df7b06d" status="404"
[WebServer] 2026-09-05T10:46:53.364+08:00 INFO  application=marketops-server environment=local buildVersion=0.1.0-SNAPSHOT correlationId=a5e43d45-7ac7-4e88-8935-361ef0cb1635 c.m.m.s.i.c.CorrelationIdFilter - Request completed event="request_completed" correlationId="a5e43d45-7ac7-4e88-8935-361ef0cb1635" status="200"
[WebServer] 2026-09-05T10:46:53.365+08:00 INFO  application=marketops-server environment=local buildVersion=0.1.0-SNAPSHOT correlationId=c9acfa45-4fa3-4d22-9b7c-50f39f08f1c0 c.m.m.s.i.e.ConsoleProblemAdvice - Console request refused event="console_request_refused" errorCode="RESOURCE_SCOPE_DENIED" correlationId="c9acfa45-4fa3-4d22-9b7c-50f39f08f1c0"
[WebServer] 2026-09-05T10:46:53.366+08:00 INFO  application=marketops-server environment=local buildVersion=0.1.0-SNAPSHOT correlationId=c9acfa45-4fa3-4d22-9b7c-50f39f08f1c0 c.m.m.s.i.c.CorrelationIdFilter - Request completed event="request_completed" correlationId="c9acfa45-4fa3-4d22-9b7c-50f39f08f1c0" status="403"
[WebServer] 2026-09-05T10:46:53.366+08:00 INFO  application=marketops-server environment=local buildVersion=0.1.0-SNAPSHOT correlationId=e8c4203a-57d3-4d84-b466-afe82ad8ecf5 c.m.m.a.i.a.JdbcMetadataAuditStore - Metadata change recorded event="metadata_change_recorded" sourceDomain="availabilityrisk" entityType="availability_queue" entityId="cca165f5-9888-4c15-ab35-3dee06712e2c" action="READ" actorId="71da5c89-bd33-4014-84af-db26a125059f" correlationId="e8c4203a-57d3-4d84-b466-afe82ad8ecf5"
[WebServer] 2026-09-05T10:46:53.368+08:00 INFO  application=marketops-server environment=local buildVersion=0.1.0-SNAPSHOT correlationId=e8c4203a-57d3-4d84-b466-afe82ad8ecf5 c.m.m.s.i.c.CorrelationIdFilter - Request completed event="request_completed" correlationId="e8c4203a-57d3-4d84-b466-afe82ad8ecf5" status="200"
[WebServer] 2026-09-05T10:46:53.370+08:00 INFO  application=marketops-server environment=local buildVersion=0.1.0-SNAPSHOT correlationId=323ff92a-f7ca-4db1-a1cc-1388b8359d4f c.m.m.s.i.c.CorrelationIdFilter - Request completed event="request_completed" correlationId="323ff92a-f7ca-4db1-a1cc-1388b8359d4f" status="200"
[WebServer] 2026-09-05T10:46:53.376+08:00 INFO  application=marketops-server environment=local buildVersion=0.1.0-SNAPSHOT correlationId=086e1f4c-50ee-4e9e-ab30-d7be7b421332 c.m.m.a.i.a.JdbcMetadataAuditStore - Metadata change recorded event="metadata_change_recorded" sourceDomain="advertisingefficiency" entityType="advertising_exposure" entityId="cca165f5-9888-4c15-ab35-3dee06712e2c" action="READ" actorId="71da5c89-bd33-4014-84af-db26a125059f" correlationId="086e1f4c-50ee-4e9e-ab30-d7be7b421332"
[WebServer] 2026-09-05T10:46:53.378+08:00 INFO  application=marketops-server environment=local buildVersion=0.1.0-SNAPSHOT correlationId=086e1f4c-50ee-4e9e-ab30-d7be7b421332 c.m.m.s.i.c.CorrelationIdFilter - Request completed event="request_completed" correlationId="086e1f4c-50ee-4e9e-ab30-d7be7b421332" status="200"
[WebServer] 2026-09-05T10:46:53.382+08:00 INFO  application=marketops-server environment=local buildVersion=0.1.0-SNAPSHOT correlationId=653a9132-3ef3-4415-aa81-a2d2f14bef67 c.m.m.s.i.e.ConsoleProblemAdvice - Console request refused event="console_request_refused" errorCode="RESOURCE_SCOPE_DENIED" correlationId="653a9132-3ef3-4415-aa81-a2d2f14bef67"
[WebServer] 2026-09-05T10:46:53.383+08:00 INFO  application=marketops-server environment=local buildVersion=0.1.0-SNAPSHOT correlationId=653a9132-3ef3-4415-aa81-a2d2f14bef67 c.m.m.s.i.c.CorrelationIdFilter - Request completed event="request_completed" correlationId="653a9132-3ef3-4415-aa81-a2d2f14bef67" status="403"
[WebServer] 2026-09-05T10:46:53.387+08:00 INFO  application=marketops-server environment=local buildVersion=0.1.0-SNAPSHOT correlationId=288d075e-1ab2-481f-943b-4e6b304ebc51 c.m.m.a.i.a.JdbcMetadataAuditStore - Metadata change recorded event="metadata_change_recorded" sourceDomain="advertisingefficiency" entityType="advertising_queue" entityId="cca165f5-9888-4c15-ab35-3dee06712e2c" action="READ" actorId="71da5c89-bd33-4014-84af-db26a125059f" correlationId="288d075e-1ab2-481f-943b-4e6b304ebc51"
[WebServer] 2026-09-05T10:46:53.392+08:00 INFO  application=marketops-server environment=local buildVersion=0.1.0-SNAPSHOT correlationId=146bd8b5-87fd-4a79-bf13-bc2934c4f804 c.m.m.a.i.a.JdbcMetadataAuditStore - Metadata change recorded event="metadata_change_recorded" sourceDomain="advertisingefficiency" entityType="advertising_orchestration" entityId="cca165f5-9888-4c15-ab35-3dee06712e2c" action="READ" actorId="71da5c89-bd33-4014-84af-db26a125059f" correlationId="146bd8b5-87fd-4a79-bf13-bc2934c4f804"
[WebServer] 2026-09-05T10:46:53.393+08:00 INFO  application=marketops-server environment=local buildVersion=0.1.0-SNAPSHOT correlationId=146bd8b5-87fd-4a79-bf13-bc2934c4f804 c.m.m.s.i.c.CorrelationIdFilter - Request completed event="request_completed" correlationId="146bd8b5-87fd-4a79-bf13-bc2934c4f804" status="200"
[WebServer] 2026-09-05T10:46:53.430+08:00 INFO  application=marketops-server environment=local buildVersion=0.1.0-SNAPSHOT correlationId=288d075e-1ab2-481f-943b-4e6b304ebc51 c.m.m.s.i.c.CorrelationIdFilter - Request completed event="request_completed" correlationId="288d075e-1ab2-481f-943b-4e6b304ebc51" status="200"
[WebServer] 2026-09-05T10:46:53.572+08:00 INFO  application=marketops-server environment=local buildVersion=0.1.0-SNAPSHOT correlationId=16c29a61-24f3-4223-aa9e-3e02f4eb1bc5 c.m.m.a.i.a.JdbcMetadataAuditStore - Metadata change recorded event="metadata_change_recorded" sourceDomain="advertisingefficiency" entityType="advertising_case" entityId="6150ee6f-a78f-4da4-9a53-a7fa8cfd4310" action="READ" actorId="71da5c89-bd33-4014-84af-db26a125059f" correlationId="16c29a61-24f3-4223-aa9e-3e02f4eb1bc5"
[WebServer] 2026-09-05T10:46:53.585+08:00 INFO  application=marketops-server environment=local buildVersion=0.1.0-SNAPSHOT correlationId=16c29a61-24f3-4223-aa9e-3e02f4eb1bc5 c.m.m.s.i.c.CorrelationIdFilter - Request completed event="request_completed" correlationId="16c29a61-24f3-4223-aa9e-3e02f4eb1bc5" status="200"
[WebServer] 2026-09-05T10:46:53.599+08:00 INFO  application=marketops-server environment=local buildVersion=0.1.0-SNAPSHOT correlationId=1116a813-b441-4231-971b-1c2961c2fcd2 c.m.m.a.i.a.JdbcMetadataAuditStore - Metadata change recorded event="metadata_change_recorded" sourceDomain="advertisingefficiency" entityType="advertising_manual_packet" entityId="cd366337-f46d-4d36-b9aa-4189c85ef482" action="READ" actorId="71da5c89-bd33-4014-84af-db26a125059f" correlationId="1116a813-b441-4231-971b-1c2961c2fcd2"
[WebServer] 2026-09-05T10:46:53.600+08:00 INFO  application=marketops-server environment=local buildVersion=0.1.0-SNAPSHOT correlationId=1116a813-b441-4231-971b-1c2961c2fcd2 c.m.m.s.i.c.CorrelationIdFilter - Request completed event="request_completed" correlationId="1116a813-b441-4231-971b-1c2961c2fcd2" status="200"
[WebServer] 2026-09-05T10:46:53.617+08:00 INFO  application=marketops-server environment=local buildVersion=0.1.0-SNAPSHOT correlationId=38cadd21-c05e-4b29-ae9f-2f9be250784e c.m.m.s.i.c.CorrelationIdFilter - Request completed event="request_completed" correlationId="38cadd21-c05e-4b29-ae9f-2f9be250784e" status="200"
[WebServer] 2026-09-05T10:46:53.625+08:00 INFO  application=marketops-server environment=local buildVersion=0.1.0-SNAPSHOT correlationId=dfceb9c3-59ef-4edf-ac43-9fc35458c7f8 c.m.m.s.i.c.CorrelationIdFilter - Request completed event="request_completed" correlationId="dfceb9c3-59ef-4edf-ac43-9fc35458c7f8" status="200"
[WebServer] 2026-09-05T10:46:53.654+08:00 INFO  application=marketops-server environment=local buildVersion=0.1.0-SNAPSHOT correlationId=17b60be8-57f1-4400-a2fd-786af38af8c3 c.m.m.s.i.c.CorrelationIdFilter - Request completed event="request_completed" correlationId="17b60be8-57f1-4400-a2fd-786af38af8c3" status="200"
[WebServer] 2026-09-05T10:46:53.757+08:00 INFO  application=marketops-server environment=local buildVersion=0.1.0-SNAPSHOT correlationId=7f6358f5-4c66-486b-ad2f-3c9b2948ab3c c.m.m.a.i.a.JdbcMetadataAuditStore - Metadata change recorded event="metadata_change_recorded" sourceDomain="advertisingefficiency" entityType="advertising_reservations" entityId="cca165f5-9888-4c15-ab35-3dee06712e2c" action="READ" actorId="71da5c89-bd33-4014-84af-db26a125059f" correlationId="7f6358f5-4c66-486b-ad2f-3c9b2948ab3c"
[WebServer] 2026-09-05T10:46:53.758+08:00 INFO  application=marketops-server environment=local buildVersion=0.1.0-SNAPSHOT correlationId=658e1d7f-082e-4ab7-9208-19dfa5076be5 c.m.m.s.i.e.ConsoleProblemAdvice - Console request refused event="console_request_refused" errorCode="RESOURCE_NOT_FOUND" correlationId="658e1d7f-082e-4ab7-9208-19dfa5076be5"
[WebServer] 2026-09-05T10:46:53.758+08:00 INFO  application=marketops-server environment=local buildVersion=0.1.0-SNAPSHOT correlationId=17379c1f-19bd-451e-889e-d0e848dbe30e c.m.m.a.i.a.JdbcMetadataAuditStore - Metadata change recorded event="metadata_change_recorded" sourceDomain="advertisingefficiency" entityType="advertising_containments" entityId="cca165f5-9888-4c15-ab35-3dee06712e2c" action="READ" actorId="71da5c89-bd33-4014-84af-db26a125059f" correlationId="17379c1f-19bd-451e-889e-d0e848dbe30e"
[WebServer] 2026-09-05T10:46:53.758+08:00 INFO  application=marketops-server environment=local buildVersion=0.1.0-SNAPSHOT correlationId=658e1d7f-082e-4ab7-9208-19dfa5076be5 c.m.m.s.i.c.CorrelationIdFilter - Request completed event="request_completed" correlationId="658e1d7f-082e-4ab7-9208-19dfa5076be5" status="404"
[WebServer] 2026-09-05T10:46:53.758+08:00 INFO  application=marketops-server environment=local buildVersion=0.1.0-SNAPSHOT correlationId=7f6358f5-4c66-486b-ad2f-3c9b2948ab3c c.m.m.s.i.c.CorrelationIdFilter - Request completed event="request_completed" correlationId="7f6358f5-4c66-486b-ad2f-3c9b2948ab3c" status="200"
[WebServer] 2026-09-05T10:46:53.762+08:00 INFO  application=marketops-server environment=local buildVersion=0.1.0-SNAPSHOT correlationId=3821e435-7ccf-46aa-ba49-cb427164f88d c.m.m.s.i.e.ConsoleProblemAdvice - Console request refused event="console_request_refused" errorCode="RESOURCE_SCOPE_DENIED" correlationId="3821e435-7ccf-46aa-ba49-cb427164f88d"
[WebServer] 2026-09-05T10:46:53.763+08:00 INFO  application=marketops-server environment=local buildVersion=0.1.0-SNAPSHOT correlationId=3821e435-7ccf-46aa-ba49-cb427164f88d c.m.m.s.i.c.CorrelationIdFilter - Request completed event="request_completed" correlationId="3821e435-7ccf-46aa-ba49-cb427164f88d" status="403"
[WebServer] 2026-09-05T10:46:53.765+08:00 INFO  application=marketops-server environment=local buildVersion=0.1.0-SNAPSHOT correlationId=b556a6ba-70d1-43bb-a906-ebd33256cdfe c.m.m.a.i.a.JdbcMetadataAuditStore - Metadata change recorded event="metadata_change_recorded" sourceDomain="availabilityrisk" entityType="availability_queue" entityId="cca165f5-9888-4c15-ab35-3dee06712e2c" action="READ" actorId="71da5c89-bd33-4014-84af-db26a125059f" correlationId="b556a6ba-70d1-43bb-a906-ebd33256cdfe"
[WebServer] 2026-09-05T10:46:53.766+08:00 INFO  application=marketops-server environment=local buildVersion=0.1.0-SNAPSHOT correlationId=17379c1f-19bd-451e-889e-d0e848dbe30e c.m.m.s.i.c.CorrelationIdFilter - Request completed event="request_completed" correlationId="17379c1f-19bd-451e-889e-d0e848dbe30e" status="200"
[WebServer] 2026-09-05T10:46:53.766+08:00 INFO  application=marketops-server environment=local buildVersion=0.1.0-SNAPSHOT correlationId=b556a6ba-70d1-43bb-a906-ebd33256cdfe c.m.m.s.i.c.CorrelationIdFilter - Request completed event="request_completed" correlationId="b556a6ba-70d1-43bb-a906-ebd33256cdfe" status="200"
[WebServer] 2026-09-05T10:46:53.769+08:00 INFO  application=marketops-server environment=local buildVersion=0.1.0-SNAPSHOT correlationId=eba48474-636a-4ae4-8bd0-3513d94998ad c.m.m.a.i.a.JdbcMetadataAuditStore - Metadata change recorded event="metadata_change_recorded" sourceDomain="advertisingefficiency" entityType="advertising_exposure" entityId="cca165f5-9888-4c15-ab35-3dee06712e2c" action="READ" actorId="71da5c89-bd33-4014-84af-db26a125059f" correlationId="eba48474-636a-4ae4-8bd0-3513d94998ad"
[WebServer] 2026-09-05T10:46:53.770+08:00 INFO  application=marketops-server environment=local buildVersion=0.1.0-SNAPSHOT correlationId=eba48474-636a-4ae4-8bd0-3513d94998ad c.m.m.s.i.c.CorrelationIdFilter - Request completed event="request_completed" correlationId="eba48474-636a-4ae4-8bd0-3513d94998ad" status="200"
[WebServer] 2026-09-05T10:46:53.772+08:00 INFO  application=marketops-server environment=local buildVersion=0.1.0-SNAPSHOT correlationId=929d9ace-eb9e-48cb-8f68-f04f7bb7a8aa c.m.m.s.i.e.ConsoleProblemAdvice - Console request refused event="console_request_refused" errorCode="RESOURCE_SCOPE_DENIED" correlationId="929d9ace-eb9e-48cb-8f68-f04f7bb7a8aa"
[WebServer] 2026-09-05T10:46:53.772+08:00 INFO  application=marketops-server environment=local buildVersion=0.1.0-SNAPSHOT correlationId=929d9ace-eb9e-48cb-8f68-f04f7bb7a8aa c.m.m.s.i.c.CorrelationIdFilter - Request completed event="request_completed" correlationId="929d9ace-eb9e-48cb-8f68-f04f7bb7a8aa" status="403"
[WebServer] 2026-09-05T10:46:53.779+08:00 INFO  application=marketops-server environment=local buildVersion=0.1.0-SNAPSHOT correlationId=86006bb4-eed9-4441-a789-deb72e8e4676 c.m.m.a.i.a.JdbcMetadataAuditStore - Metadata change recorded event="metadata_change_recorded" sourceDomain="advertisingefficiency" entityType="advertising_queue" entityId="cca165f5-9888-4c15-ab35-3dee06712e2c" action="READ" actorId="71da5c89-bd33-4014-84af-db26a125059f" correlationId="86006bb4-eed9-4441-a789-deb72e8e4676"
[WebServer] 2026-09-05T10:46:53.785+08:00 INFO  application=marketops-server environment=local buildVersion=0.1.0-SNAPSHOT correlationId=0c3543f4-961f-45a2-8004-64c05bed3638 c.m.m.a.i.a.JdbcMetadataAuditStore - Metadata change recorded event="metadata_change_recorded" sourceDomain="advertisingefficiency" entityType="advertising_orchestration" entityId="cca165f5-9888-4c15-ab35-3dee06712e2c" action="READ" actorId="71da5c89-bd33-4014-84af-db26a125059f" correlationId="0c3543f4-961f-45a2-8004-64c05bed3638"
[WebServer] 2026-09-05T10:46:53.786+08:00 INFO  application=marketops-server environment=local buildVersion=0.1.0-SNAPSHOT correlationId=0c3543f4-961f-45a2-8004-64c05bed3638 c.m.m.s.i.c.CorrelationIdFilter - Request completed event="request_completed" correlationId="0c3543f4-961f-45a2-8004-64c05bed3638" status="200"
[WebServer] 2026-09-05T10:46:53.820+08:00 INFO  application=marketops-server environment=local buildVersion=0.1.0-SNAPSHOT correlationId=86006bb4-eed9-4441-a789-deb72e8e4676 c.m.m.s.i.c.CorrelationIdFilter - Request completed event="request_completed" correlationId="86006bb4-eed9-4441-a789-deb72e8e4676" status="200"
[WebServer] 2026-09-05T10:46:53.872+08:00 INFO  application=marketops-server environment=local buildVersion=0.1.0-SNAPSHOT correlationId=e1d2f0c6-892d-475d-800c-d53bf381a3fa c.m.m.a.i.a.JdbcMetadataAuditStore - Metadata change recorded event="metadata_change_recorded" sourceDomain="advertisingefficiency" entityType="advertising_case" entityId="f04df627-b513-4ce9-8c54-9a4b5f04a007" action="READ" actorId="71da5c89-bd33-4014-84af-db26a125059f" correlationId="e1d2f0c6-892d-475d-800c-d53bf381a3fa"
[WebServer] 2026-09-05T10:46:53.883+08:00 INFO  application=marketops-server environment=local buildVersion=0.1.0-SNAPSHOT correlationId=e1d2f0c6-892d-475d-800c-d53bf381a3fa c.m.m.s.i.c.CorrelationIdFilter - Request completed event="request_completed" correlationId="e1d2f0c6-892d-475d-800c-d53bf381a3fa" status="200"
[WebServer] 2026-09-05T10:46:53.895+08:00 INFO  application=marketops-server environment=local buildVersion=0.1.0-SNAPSHOT correlationId=58323fa2-6781-49e9-a091-9287c5ec1b48 c.m.m.a.i.a.JdbcMetadataAuditStore - Metadata change recorded event="metadata_change_recorded" sourceDomain="advertisingefficiency" entityType="advertising_manual_packet" entityId="d1a33a13-bc89-437f-8288-5d0598e0b720" action="READ" actorId="71da5c89-bd33-4014-84af-db26a125059f" correlationId="58323fa2-6781-49e9-a091-9287c5ec1b48"
[WebServer] 2026-09-05T10:46:53.896+08:00 INFO  application=marketops-server environment=local buildVersion=0.1.0-SNAPSHOT correlationId=58323fa2-6781-49e9-a091-9287c5ec1b48 c.m.m.s.i.c.CorrelationIdFilter - Request completed event="request_completed" correlationId="58323fa2-6781-49e9-a091-9287c5ec1b48" status="200"
[WebServer] 2026-09-05T10:46:53.917+08:00 INFO  application=marketops-server environment=local buildVersion=0.1.0-SNAPSHOT correlationId=e018b9cc-6d3a-42e4-9261-ad5080009f63 c.m.m.s.i.c.CorrelationIdFilter - Request completed event="request_completed" correlationId="e018b9cc-6d3a-42e4-9261-ad5080009f63" status="200"
[WebServer] 2026-09-05T10:46:53.923+08:00 INFO  application=marketops-server environment=local buildVersion=0.1.0-SNAPSHOT correlationId=ea8143c8-2832-49d3-a12f-810f9b5fb282 c.m.m.s.i.c.CorrelationIdFilter - Request completed event="request_completed" correlationId="ea8143c8-2832-49d3-a12f-810f9b5fb282" status="200"
[WebServer] 2026-09-05T10:46:53.943+08:00 INFO  application=marketops-server environment=local buildVersion=0.1.0-SNAPSHOT correlationId=3cf238ba-e284-47b9-a1bc-02daba333267 c.m.m.s.i.c.CorrelationIdFilter - Request completed event="request_completed" correlationId="3cf238ba-e284-47b9-a1bc-02daba333267" status="200"
[WebServer] 2026-09-05T10:46:54.049+08:00 INFO  application=marketops-server environment=local buildVersion=0.1.0-SNAPSHOT correlationId=9cc34ea7-4e6a-4215-acc8-670712241662 c.m.m.a.i.a.JdbcMetadataAuditStore - Metadata change recorded event="metadata_change_recorded" sourceDomain="advertisingefficiency" entityType="advertising_containments" entityId="cca165f5-9888-4c15-ab35-3dee06712e2c" action="READ" actorId="71da5c89-bd33-4014-84af-db26a125059f" correlationId="9cc34ea7-4e6a-4215-acc8-670712241662"
[WebServer] 2026-09-05T10:46:54.050+08:00 INFO  application=marketops-server environment=local buildVersion=0.1.0-SNAPSHOT correlationId=59400ab1-25b6-4ebe-8928-fee403050de4 c.m.m.s.i.e.ConsoleProblemAdvice - Console request refused event="console_request_refused" errorCode="RESOURCE_NOT_FOUND" correlationId="59400ab1-25b6-4ebe-8928-fee403050de4"
[WebServer] 2026-09-05T10:46:54.050+08:00 INFO  application=marketops-server environment=local buildVersion=0.1.0-SNAPSHOT correlationId=2283a7eb-6d25-4c00-a2b9-01df99c5eac4 c.m.m.a.i.a.JdbcMetadataAuditStore - Metadata change recorded event="metadata_change_recorded" sourceDomain="advertisingefficiency" entityType="advertising_reservations" entityId="cca165f5-9888-4c15-ab35-3dee06712e2c" action="READ" actorId="71da5c89-bd33-4014-84af-db26a125059f" correlationId="2283a7eb-6d25-4c00-a2b9-01df99c5eac4"
[WebServer] 2026-09-05T10:46:54.050+08:00 INFO  application=marketops-server environment=local buildVersion=0.1.0-SNAPSHOT correlationId=59400ab1-25b6-4ebe-8928-fee403050de4 c.m.m.s.i.c.CorrelationIdFilter - Request completed event="request_completed" correlationId="59400ab1-25b6-4ebe-8928-fee403050de4" status="404"
[WebServer] 2026-09-05T10:46:54.052+08:00 INFO  application=marketops-server environment=local buildVersion=0.1.0-SNAPSHOT correlationId=2283a7eb-6d25-4c00-a2b9-01df99c5eac4 c.m.m.s.i.c.CorrelationIdFilter - Request completed event="request_completed" correlationId="2283a7eb-6d25-4c00-a2b9-01df99c5eac4" status="200"
[WebServer] 2026-09-05T10:46:54.052+08:00 INFO  application=marketops-server environment=local buildVersion=0.1.0-SNAPSHOT correlationId=92bb638a-ec1d-4150-83a2-77a59db00275 c.m.m.s.i.e.ConsoleProblemAdvice - Console request refused event="console_request_refused" errorCode="RESOURCE_SCOPE_DENIED" correlationId="92bb638a-ec1d-4150-83a2-77a59db00275"
[WebServer] 2026-09-05T10:46:54.053+08:00 INFO  application=marketops-server environment=local buildVersion=0.1.0-SNAPSHOT correlationId=92bb638a-ec1d-4150-83a2-77a59db00275 c.m.m.s.i.c.CorrelationIdFilter - Request completed event="request_completed" correlationId="92bb638a-ec1d-4150-83a2-77a59db00275" status="403"
[WebServer] 2026-09-05T10:46:54.056+08:00 INFO  application=marketops-server environment=local buildVersion=0.1.0-SNAPSHOT correlationId=1eb4a078-3496-4255-9014-da567aae0bdc c.m.m.a.i.a.JdbcMetadataAuditStore - Metadata change recorded event="metadata_change_recorded" sourceDomain="availabilityrisk" entityType="availability_queue" entityId="cca165f5-9888-4c15-ab35-3dee06712e2c" action="READ" actorId="71da5c89-bd33-4014-84af-db26a125059f" correlationId="1eb4a078-3496-4255-9014-da567aae0bdc"
[WebServer] 2026-09-05T10:46:54.057+08:00 INFO  application=marketops-server environment=local buildVersion=0.1.0-SNAPSHOT correlationId=1eb4a078-3496-4255-9014-da567aae0bdc c.m.m.s.i.c.CorrelationIdFilter - Request completed event="request_completed" correlationId="1eb4a078-3496-4255-9014-da567aae0bdc" status="200"
[WebServer] 2026-09-05T10:46:54.062+08:00 INFO  application=marketops-server environment=local buildVersion=0.1.0-SNAPSHOT correlationId=9cc34ea7-4e6a-4215-acc8-670712241662 c.m.m.s.i.c.CorrelationIdFilter - Request completed event="request_completed" correlationId="9cc34ea7-4e6a-4215-acc8-670712241662" status="200"
[WebServer] 2026-09-05T10:46:54.065+08:00 INFO  application=marketops-server environment=local buildVersion=0.1.0-SNAPSHOT correlationId=de9faa1a-964b-4ecc-b25c-069350c5b3f0 c.m.m.a.i.a.JdbcMetadataAuditStore - Metadata change recorded event="metadata_change_recorded" sourceDomain="advertisingefficiency" entityType="advertising_exposure" entityId="cca165f5-9888-4c15-ab35-3dee06712e2c" action="READ" actorId="71da5c89-bd33-4014-84af-db26a125059f" correlationId="de9faa1a-964b-4ecc-b25c-069350c5b3f0"
[WebServer] 2026-09-05T10:46:54.066+08:00 INFO  application=marketops-server environment=local buildVersion=0.1.0-SNAPSHOT correlationId=314d70f5-b658-4acc-b812-0b0b12d8e9ab c.m.m.s.i.e.ConsoleProblemAdvice - Console request refused event="console_request_refused" errorCode="RESOURCE_SCOPE_DENIED" correlationId="314d70f5-b658-4acc-b812-0b0b12d8e9ab"
[WebServer] 2026-09-05T10:46:54.066+08:00 INFO  application=marketops-server environment=local buildVersion=0.1.0-SNAPSHOT correlationId=de9faa1a-964b-4ecc-b25c-069350c5b3f0 c.m.m.s.i.c.CorrelationIdFilter - Request completed event="request_completed" correlationId="de9faa1a-964b-4ecc-b25c-069350c5b3f0" status="200"
[WebServer] 2026-09-05T10:46:54.067+08:00 INFO  application=marketops-server environment=local buildVersion=0.1.0-SNAPSHOT correlationId=314d70f5-b658-4acc-b812-0b0b12d8e9ab c.m.m.s.i.c.CorrelationIdFilter - Request completed event="request_completed" correlationId="314d70f5-b658-4acc-b812-0b0b12d8e9ab" status="403"
[WebServer] 2026-09-05T10:46:54.073+08:00 INFO  application=marketops-server environment=local buildVersion=0.1.0-SNAPSHOT correlationId=f9c7b0a8-0c6e-4750-852f-d5d4f32db08e c.m.m.a.i.a.JdbcMetadataAuditStore - Metadata change recorded event="metadata_change_recorded" sourceDomain="advertisingefficiency" entityType="advertising_queue" entityId="cca165f5-9888-4c15-ab35-3dee06712e2c" action="READ" actorId="71da5c89-bd33-4014-84af-db26a125059f" correlationId="f9c7b0a8-0c6e-4750-852f-d5d4f32db08e"
[WebServer] 2026-09-05T10:46:54.083+08:00 INFO  application=marketops-server environment=local buildVersion=0.1.0-SNAPSHOT correlationId=6a793dcb-ccb1-48fe-bba9-3fee5cbcfc5a c.m.m.a.i.a.JdbcMetadataAuditStore - Metadata change recorded event="metadata_change_recorded" sourceDomain="advertisingefficiency" entityType="advertising_orchestration" entityId="cca165f5-9888-4c15-ab35-3dee06712e2c" action="READ" actorId="71da5c89-bd33-4014-84af-db26a125059f" correlationId="6a793dcb-ccb1-48fe-bba9-3fee5cbcfc5a"
[WebServer] 2026-09-05T10:46:54.084+08:00 INFO  application=marketops-server environment=local buildVersion=0.1.0-SNAPSHOT correlationId=6a793dcb-ccb1-48fe-bba9-3fee5cbcfc5a c.m.m.s.i.c.CorrelationIdFilter - Request completed event="request_completed" correlationId="6a793dcb-ccb1-48fe-bba9-3fee5cbcfc5a" status="200"
[WebServer] 2026-09-05T10:46:54.123+08:00 INFO  application=marketops-server environment=local buildVersion=0.1.0-SNAPSHOT correlationId=f9c7b0a8-0c6e-4750-852f-d5d4f32db08e c.m.m.s.i.c.CorrelationIdFilter - Request completed event="request_completed" correlationId="f9c7b0a8-0c6e-4750-852f-d5d4f32db08e" status="200"
[WebServer] 2026-09-05T10:46:54.257+08:00 INFO  application=marketops-server environment=local buildVersion=0.1.0-SNAPSHOT correlationId=61169822-8a28-4a05-9608-35ba24ce7412 c.m.m.a.i.a.JdbcMetadataAuditStore - Metadata change recorded event="metadata_change_recorded" sourceDomain="advertisingefficiency" entityType="advertising_case" entityId="f21cbd70-71b0-4293-8a3c-193f08525930" action="READ" actorId="71da5c89-bd33-4014-84af-db26a125059f" correlationId="61169822-8a28-4a05-9608-35ba24ce7412"
[WebServer] 2026-09-05T10:46:54.270+08:00 INFO  application=marketops-server environment=local buildVersion=0.1.0-SNAPSHOT correlationId=61169822-8a28-4a05-9608-35ba24ce7412 c.m.m.s.i.c.CorrelationIdFilter - Request completed event="request_completed" correlationId="61169822-8a28-4a05-9608-35ba24ce7412" status="200"
[WebServer] 2026-09-05T10:46:54.286+08:00 INFO  application=marketops-server environment=local buildVersion=0.1.0-SNAPSHOT correlationId=37d1dbfe-ded0-488d-bc7e-105dd368e99a c.m.m.a.i.a.JdbcMetadataAuditStore - Metadata change recorded event="metadata_change_recorded" sourceDomain="advertisingefficiency" entityType="advertising_manual_packet" entityId="26902d13-fd35-4ae3-93f0-790c907432b4" action="READ" actorId="71da5c89-bd33-4014-84af-db26a125059f" correlationId="37d1dbfe-ded0-488d-bc7e-105dd368e99a"
[WebServer] 2026-09-05T10:46:54.287+08:00 INFO  application=marketops-server environment=local buildVersion=0.1.0-SNAPSHOT correlationId=37d1dbfe-ded0-488d-bc7e-105dd368e99a c.m.m.s.i.c.CorrelationIdFilter - Request completed event="request_completed" correlationId="37d1dbfe-ded0-488d-bc7e-105dd368e99a" status="200"
[WebServer] 2026-09-05T10:46:54.302+08:00 INFO  application=marketops-server environment=local buildVersion=0.1.0-SNAPSHOT correlationId=280351bc-c25b-419c-8b72-5ceaa89c4f85 c.m.m.s.i.c.CorrelationIdFilter - Request completed event="request_completed" correlationId="280351bc-c25b-419c-8b72-5ceaa89c4f85" status="200"
[WebServer] 2026-09-05T10:46:54.307+08:00 INFO  application=marketops-server environment=local buildVersion=0.1.0-SNAPSHOT correlationId=9a859f82-3a06-48a2-bfae-63eb852bdd75 c.m.m.s.i.c.CorrelationIdFilter - Request completed event="request_completed" correlationId="9a859f82-3a06-48a2-bfae-63eb852bdd75" status="200"
[WebServer] 2026-09-05T10:46:54.311+08:00 INFO  application=marketops-server environment=local buildVersion=0.1.0-SNAPSHOT correlationId=4d9386d0-7c98-4c8b-a84f-0fb65eb5d6f0 c.m.m.s.i.e.ConsoleProblemAdvice - Console request refused event="console_request_refused" errorCode="RESOURCE_NOT_FOUND" correlationId="4d9386d0-7c98-4c8b-a84f-0fb65eb5d6f0"
[WebServer] 2026-09-05T10:46:54.311+08:00 INFO  application=marketops-server environment=local buildVersion=0.1.0-SNAPSHOT correlationId=4d9386d0-7c98-4c8b-a84f-0fb65eb5d6f0 c.m.m.s.i.c.CorrelationIdFilter - Request completed event="request_completed" correlationId="4d9386d0-7c98-4c8b-a84f-0fb65eb5d6f0" status="404"
[WebServer] 2026-09-05T10:46:54.440+08:00 INFO  application=marketops-server environment=local buildVersion=0.1.0-SNAPSHOT correlationId=d9b258f0-749d-4ef6-9b59-74e4e46a9e8c c.m.m.a.i.a.JdbcMetadataAuditStore - Metadata change recorded event="metadata_change_recorded" sourceDomain="advertisingefficiency" entityType="advertising_containments" entityId="cca165f5-9888-4c15-ab35-3dee06712e2c" action="READ" actorId="71da5c89-bd33-4014-84af-db26a125059f" correlationId="d9b258f0-749d-4ef6-9b59-74e4e46a9e8c"
[WebServer] 2026-09-05T10:46:54.440+08:00 INFO  application=marketops-server environment=local buildVersion=0.1.0-SNAPSHOT correlationId=c840260b-7cf3-4b7b-98e1-b011a3b4f5fe c.m.m.a.i.a.JdbcMetadataAuditStore - Metadata change recorded event="metadata_change_recorded" sourceDomain="advertisingefficiency" entityType="advertising_reservations" entityId="cca165f5-9888-4c15-ab35-3dee06712e2c" action="READ" actorId="71da5c89-bd33-4014-84af-db26a125059f" correlationId="c840260b-7cf3-4b7b-98e1-b011a3b4f5fe"
[WebServer] 2026-09-05T10:46:54.441+08:00 INFO  application=marketops-server environment=local buildVersion=0.1.0-SNAPSHOT correlationId=39cd7fc1-ff68-4081-83fc-a72c3c469148 c.m.m.s.i.e.ConsoleProblemAdvice - Console request refused event="console_request_refused" errorCode="RESOURCE_NOT_FOUND" correlationId="39cd7fc1-ff68-4081-83fc-a72c3c469148"
[WebServer] 2026-09-05T10:46:54.441+08:00 INFO  application=marketops-server environment=local buildVersion=0.1.0-SNAPSHOT correlationId=39cd7fc1-ff68-4081-83fc-a72c3c469148 c.m.m.s.i.c.CorrelationIdFilter - Request completed event="request_completed" correlationId="39cd7fc1-ff68-4081-83fc-a72c3c469148" status="404"
[WebServer] 2026-09-05T10:46:54.444+08:00 INFO  application=marketops-server environment=local buildVersion=0.1.0-SNAPSHOT correlationId=c840260b-7cf3-4b7b-98e1-b011a3b4f5fe c.m.m.s.i.c.CorrelationIdFilter - Request completed event="request_completed" correlationId="c840260b-7cf3-4b7b-98e1-b011a3b4f5fe" status="200"
[WebServer] 2026-09-05T10:46:54.446+08:00 INFO  application=marketops-server environment=local buildVersion=0.1.0-SNAPSHOT correlationId=36e49314-484c-49e0-bec6-4ce6a2ebdd3f c.m.m.s.i.e.ConsoleProblemAdvice - Console request refused event="console_request_refused" errorCode="RESOURCE_SCOPE_DENIED" correlationId="36e49314-484c-49e0-bec6-4ce6a2ebdd3f"
[WebServer] 2026-09-05T10:46:54.448+08:00 INFO  application=marketops-server environment=local buildVersion=0.1.0-SNAPSHOT correlationId=0f0c3a40-aeeb-45d6-b280-b16ad1e243fd c.m.m.a.i.a.JdbcMetadataAuditStore - Metadata change recorded event="metadata_change_recorded" sourceDomain="availabilityrisk" entityType="availability_queue" entityId="cca165f5-9888-4c15-ab35-3dee06712e2c" action="READ" actorId="71da5c89-bd33-4014-84af-db26a125059f" correlationId="0f0c3a40-aeeb-45d6-b280-b16ad1e243fd"
[WebServer] 2026-09-05T10:46:54.448+08:00 INFO  application=marketops-server environment=local buildVersion=0.1.0-SNAPSHOT correlationId=36e49314-484c-49e0-bec6-4ce6a2ebdd3f c.m.m.s.i.c.CorrelationIdFilter - Request completed event="request_completed" correlationId="36e49314-484c-49e0-bec6-4ce6a2ebdd3f" status="403"
[WebServer] 2026-09-05T10:46:54.450+08:00 INFO  application=marketops-server environment=local buildVersion=0.1.0-SNAPSHOT correlationId=0f0c3a40-aeeb-45d6-b280-b16ad1e243fd c.m.m.s.i.c.CorrelationIdFilter - Request completed event="request_completed" correlationId="0f0c3a40-aeeb-45d6-b280-b16ad1e243fd" status="200"
[WebServer] 2026-09-05T10:46:54.451+08:00 INFO  application=marketops-server environment=local buildVersion=0.1.0-SNAPSHOT correlationId=d9b258f0-749d-4ef6-9b59-74e4e46a9e8c c.m.m.s.i.c.CorrelationIdFilter - Request completed event="request_completed" correlationId="d9b258f0-749d-4ef6-9b59-74e4e46a9e8c" status="200"
[WebServer] 2026-09-05T10:46:54.457+08:00 INFO  application=marketops-server environment=local buildVersion=0.1.0-SNAPSHOT correlationId=84741b6b-379c-42b4-8adf-44e464dddc2c c.m.m.a.i.a.JdbcMetadataAuditStore - Metadata change recorded event="metadata_change_recorded" sourceDomain="advertisingefficiency" entityType="advertising_exposure" entityId="cca165f5-9888-4c15-ab35-3dee06712e2c" action="READ" actorId="71da5c89-bd33-4014-84af-db26a125059f" correlationId="84741b6b-379c-42b4-8adf-44e464dddc2c"
[WebServer] 2026-09-05T10:46:54.459+08:00 INFO  application=marketops-server environment=local buildVersion=0.1.0-SNAPSHOT correlationId=84741b6b-379c-42b4-8adf-44e464dddc2c c.m.m.s.i.c.CorrelationIdFilter - Request completed event="request_completed" correlationId="84741b6b-379c-42b4-8adf-44e464dddc2c" status="200"
[WebServer] 2026-09-05T10:46:54.459+08:00 INFO  application=marketops-server environment=local buildVersion=0.1.0-SNAPSHOT correlationId=0e1d30b2-c5b5-4aea-8117-eb3cdcef84af c.m.m.s.i.e.ConsoleProblemAdvice - Console request refused event="console_request_refused" errorCode="RESOURCE_SCOPE_DENIED" correlationId="0e1d30b2-c5b5-4aea-8117-eb3cdcef84af"
[WebServer] 2026-09-05T10:46:54.460+08:00 INFO  application=marketops-server environment=local buildVersion=0.1.0-SNAPSHOT correlationId=0e1d30b2-c5b5-4aea-8117-eb3cdcef84af c.m.m.s.i.c.CorrelationIdFilter - Request completed event="request_completed" correlationId="0e1d30b2-c5b5-4aea-8117-eb3cdcef84af" status="403"
[WebServer] 2026-09-05T10:46:54.467+08:00 INFO  application=marketops-server environment=local buildVersion=0.1.0-SNAPSHOT correlationId=488f352c-2da0-43e0-8ceb-0e0e7271287d c.m.m.a.i.a.JdbcMetadataAuditStore - Metadata change recorded event="metadata_change_recorded" sourceDomain="advertisingefficiency" entityType="advertising_queue" entityId="cca165f5-9888-4c15-ab35-3dee06712e2c" action="READ" actorId="71da5c89-bd33-4014-84af-db26a125059f" correlationId="488f352c-2da0-43e0-8ceb-0e0e7271287d"
[WebServer] 2026-09-05T10:46:54.475+08:00 INFO  application=marketops-server environment=local buildVersion=0.1.0-SNAPSHOT correlationId=d2c3701a-00c2-4033-a2e0-ad2368779a42 c.m.m.a.i.a.JdbcMetadataAuditStore - Metadata change recorded event="metadata_change_recorded" sourceDomain="advertisingefficiency" entityType="advertising_orchestration" entityId="cca165f5-9888-4c15-ab35-3dee06712e2c" action="READ" actorId="71da5c89-bd33-4014-84af-db26a125059f" correlationId="d2c3701a-00c2-4033-a2e0-ad2368779a42"
[WebServer] 2026-09-05T10:46:54.476+08:00 INFO  application=marketops-server environment=local buildVersion=0.1.0-SNAPSHOT correlationId=d2c3701a-00c2-4033-a2e0-ad2368779a42 c.m.m.s.i.c.CorrelationIdFilter - Request completed event="request_completed" correlationId="d2c3701a-00c2-4033-a2e0-ad2368779a42" status="200"
[WebServer] 2026-09-05T10:46:54.524+08:00 INFO  application=marketops-server environment=local buildVersion=0.1.0-SNAPSHOT correlationId=488f352c-2da0-43e0-8ceb-0e0e7271287d c.m.m.s.i.c.CorrelationIdFilter - Request completed event="request_completed" correlationId="488f352c-2da0-43e0-8ceb-0e0e7271287d" status="200"
  ✓   5 tests/advertising-browser/governed-advertising.spec.ts:252:1 › all four real HTTP lane projections preserve unknown values and expose no invented action (2.3s)
[WebServer] 2026-09-05T10:46:54.843+08:00 INFO  application=marketops-server environment=local buildVersion=0.1.0-SNAPSHOT correlationId=9b0798ce-d40a-413e-ac13-31270274e10f c.m.m.s.i.e.ConsoleProblemAdvice - Console request refused event="console_request_refused" errorCode="RESOURCE_NOT_FOUND" correlationId="9b0798ce-d40a-413e-ac13-31270274e10f"
[WebServer] 2026-09-05T10:46:54.843+08:00 INFO  application=marketops-server environment=local buildVersion=0.1.0-SNAPSHOT correlationId=9b0798ce-d40a-413e-ac13-31270274e10f c.m.m.s.i.c.CorrelationIdFilter - Request completed event="request_completed" correlationId="9b0798ce-d40a-413e-ac13-31270274e10f" status="404"
[WebServer] 2026-09-05T10:46:54.844+08:00 INFO  application=marketops-server environment=local buildVersion=0.1.0-SNAPSHOT correlationId=decabb20-6a10-4e5a-9507-ad209a86f292 c.m.m.a.i.a.JdbcMetadataAuditStore - Metadata change recorded event="metadata_change_recorded" sourceDomain="advertisingefficiency" entityType="advertising_reservations" entityId="e2268a1c-9da6-4ed8-b65a-9197f04784f8" action="READ" actorId="797603d6-df29-4e29-965e-235ccb93c18c" correlationId="decabb20-6a10-4e5a-9507-ad209a86f292"
[WebServer] 2026-09-05T10:46:54.846+08:00 INFO  application=marketops-server environment=local buildVersion=0.1.0-SNAPSHOT correlationId=a83e0bbe-aea5-452e-9866-3e8da30400ba c.m.m.a.i.a.JdbcMetadataAuditStore - Metadata change recorded event="metadata_change_recorded" sourceDomain="availabilityrisk" entityType="availability_queue" entityId="e2268a1c-9da6-4ed8-b65a-9197f04784f8" action="READ" actorId="797603d6-df29-4e29-965e-235ccb93c18c" correlationId="a83e0bbe-aea5-452e-9866-3e8da30400ba"
[WebServer] 2026-09-05T10:46:54.846+08:00 INFO  application=marketops-server environment=local buildVersion=0.1.0-SNAPSHOT correlationId=decabb20-6a10-4e5a-9507-ad209a86f292 c.m.m.s.i.c.CorrelationIdFilter - Request completed event="request_completed" correlationId="decabb20-6a10-4e5a-9507-ad209a86f292" status="200"
[WebServer] 2026-09-05T10:46:54.847+08:00 INFO  application=marketops-server environment=local buildVersion=0.1.0-SNAPSHOT correlationId=a83e0bbe-aea5-452e-9866-3e8da30400ba c.m.m.s.i.c.CorrelationIdFilter - Request completed event="request_completed" correlationId="a83e0bbe-aea5-452e-9866-3e8da30400ba" status="200"
[WebServer] 2026-09-05T10:46:54.849+08:00 INFO  application=marketops-server environment=local buildVersion=0.1.0-SNAPSHOT correlationId=ccea5313-0a48-4ded-9c8d-ad836e02fa36 c.m.m.a.i.a.JdbcMetadataAuditStore - Metadata change recorded event="metadata_change_recorded" sourceDomain="advertisingefficiency" entityType="advertising_containments" entityId="e2268a1c-9da6-4ed8-b65a-9197f04784f8" action="READ" actorId="797603d6-df29-4e29-965e-235ccb93c18c" correlationId="ccea5313-0a48-4ded-9c8d-ad836e02fa36"
[WebServer] 2026-09-05T10:46:54.852+08:00 INFO  application=marketops-server environment=local buildVersion=0.1.0-SNAPSHOT correlationId=4188b82d-63d6-4e99-805a-5d4ff241f03b c.m.m.s.i.e.ConsoleProblemAdvice - Console request refused event="console_request_refused" errorCode="RESOURCE_SCOPE_DENIED" correlationId="4188b82d-63d6-4e99-805a-5d4ff241f03b"
[WebServer] 2026-09-05T10:46:54.853+08:00 INFO  application=marketops-server environment=local buildVersion=0.1.0-SNAPSHOT correlationId=4188b82d-63d6-4e99-805a-5d4ff241f03b c.m.m.s.i.c.CorrelationIdFilter - Request completed event="request_completed" correlationId="4188b82d-63d6-4e99-805a-5d4ff241f03b" status="403"
[WebServer] 2026-09-05T10:46:54.853+08:00 INFO  application=marketops-server environment=local buildVersion=0.1.0-SNAPSHOT correlationId=3d8e0ec4-b5ea-4508-8b27-c2df3ce09e67 c.m.m.s.i.c.CorrelationIdFilter - Request completed event="request_completed" correlationId="3d8e0ec4-b5ea-4508-8b27-c2df3ce09e67" status="200"
[WebServer] 2026-09-05T10:46:54.862+08:00 INFO  application=marketops-server environment=local buildVersion=0.1.0-SNAPSHOT correlationId=162de3c5-b232-4fe2-8986-a5ec85593e7e c.m.m.a.i.a.JdbcMetadataAuditStore - Metadata change recorded event="metadata_change_recorded" sourceDomain="advertisingefficiency" entityType="advertising_exposure" entityId="e2268a1c-9da6-4ed8-b65a-9197f04784f8" action="READ" actorId="797603d6-df29-4e29-965e-235ccb93c18c" correlationId="162de3c5-b232-4fe2-8986-a5ec85593e7e"
[WebServer] 2026-09-05T10:46:54.862+08:00 INFO  application=marketops-server environment=local buildVersion=0.1.0-SNAPSHOT correlationId=ccea5313-0a48-4ded-9c8d-ad836e02fa36 c.m.m.s.i.c.CorrelationIdFilter - Request completed event="request_completed" correlationId="ccea5313-0a48-4ded-9c8d-ad836e02fa36" status="200"
[WebServer] 2026-09-05T10:46:54.864+08:00 INFO  application=marketops-server environment=local buildVersion=0.1.0-SNAPSHOT correlationId=162de3c5-b232-4fe2-8986-a5ec85593e7e c.m.m.s.i.c.CorrelationIdFilter - Request completed event="request_completed" correlationId="162de3c5-b232-4fe2-8986-a5ec85593e7e" status="200"
[WebServer] 2026-09-05T10:46:54.864+08:00 INFO  application=marketops-server environment=local buildVersion=0.1.0-SNAPSHOT correlationId=54093a52-581f-4ebe-991c-7bdfc4910883 c.m.m.s.i.e.ConsoleProblemAdvice - Console request refused event="console_request_refused" errorCode="RESOURCE_SCOPE_DENIED" correlationId="54093a52-581f-4ebe-991c-7bdfc4910883"
[WebServer] 2026-09-05T10:46:54.864+08:00 INFO  application=marketops-server environment=local buildVersion=0.1.0-SNAPSHOT correlationId=54093a52-581f-4ebe-991c-7bdfc4910883 c.m.m.s.i.c.CorrelationIdFilter - Request completed event="request_completed" correlationId="54093a52-581f-4ebe-991c-7bdfc4910883" status="403"
[WebServer] 2026-09-05T10:46:54.871+08:00 INFO  application=marketops-server environment=local buildVersion=0.1.0-SNAPSHOT correlationId=234bccec-d642-407f-939a-c3ebe2864fc0 c.m.m.a.i.a.JdbcMetadataAuditStore - Metadata change recorded event="metadata_change_recorded" sourceDomain="advertisingefficiency" entityType="advertising_queue" entityId="e2268a1c-9da6-4ed8-b65a-9197f04784f8" action="READ" actorId="797603d6-df29-4e29-965e-235ccb93c18c" correlationId="234bccec-d642-407f-939a-c3ebe2864fc0"
[WebServer] 2026-09-05T10:46:54.881+08:00 INFO  application=marketops-server environment=local buildVersion=0.1.0-SNAPSHOT correlationId=0ef269a9-2748-4ed3-9b3a-97101eaea578 c.m.m.a.i.a.JdbcMetadataAuditStore - Metadata change recorded event="metadata_change_recorded" sourceDomain="advertisingefficiency" entityType="advertising_orchestration" entityId="e2268a1c-9da6-4ed8-b65a-9197f04784f8" action="READ" actorId="797603d6-df29-4e29-965e-235ccb93c18c" correlationId="0ef269a9-2748-4ed3-9b3a-97101eaea578"
[WebServer] 2026-09-05T10:46:54.882+08:00 INFO  application=marketops-server environment=local buildVersion=0.1.0-SNAPSHOT correlationId=0ef269a9-2748-4ed3-9b3a-97101eaea578 c.m.m.s.i.c.CorrelationIdFilter - Request completed event="request_completed" correlationId="0ef269a9-2748-4ed3-9b3a-97101eaea578" status="200"
[WebServer] 2026-09-05T10:46:54.887+08:00 INFO  application=marketops-server environment=local buildVersion=0.1.0-SNAPSHOT correlationId=234bccec-d642-407f-939a-c3ebe2864fc0 c.m.m.s.i.c.CorrelationIdFilter - Request completed event="request_completed" correlationId="234bccec-d642-407f-939a-c3ebe2864fc0" status="200"
[WebServer] 2026-09-05T10:46:54.902+08:00 INFO  application=marketops-server environment=local buildVersion=0.1.0-SNAPSHOT correlationId=e811d014-74e3-4906-83da-78d009fb80cb c.m.m.s.i.c.CorrelationIdFilter - Request completed event="request_completed" correlationId="e811d014-74e3-4906-83da-78d009fb80cb" status="200"
[WebServer] 2026-09-05T10:46:55.032+08:00 INFO  application=marketops-server environment=local buildVersion=0.1.0-SNAPSHOT correlationId=24ce7cf5-fb03-4b36-9f81-02b6062bc61e c.m.m.a.i.a.JdbcMetadataAuditStore - Metadata change recorded event="metadata_change_recorded" sourceDomain="advertisingefficiency" entityType="advertising_case" entityId="a387a01a-773b-4d46-867a-a66ce3db7629" action="READ" actorId="797603d6-df29-4e29-965e-235ccb93c18c" correlationId="24ce7cf5-fb03-4b36-9f81-02b6062bc61e"
[WebServer] 2026-09-05T10:46:55.042+08:00 INFO  application=marketops-server environment=local buildVersion=0.1.0-SNAPSHOT correlationId=24ce7cf5-fb03-4b36-9f81-02b6062bc61e c.m.m.s.i.c.CorrelationIdFilter - Request completed event="request_completed" correlationId="24ce7cf5-fb03-4b36-9f81-02b6062bc61e" status="200"
[WebServer] 2026-09-05T10:46:55.062+08:00 INFO  application=marketops-server environment=local buildVersion=0.1.0-SNAPSHOT correlationId=20e258a5-0dd7-47d3-94bf-d29f7a629edc c.m.m.a.i.a.JdbcMetadataAuditStore - Metadata change recorded event="metadata_change_recorded" sourceDomain="advertisingefficiency" entityType="advertising_manual_packet" entityId="bee3f67e-c45e-45f6-a742-5b1401b42856" action="READ" actorId="797603d6-df29-4e29-965e-235ccb93c18c" correlationId="20e258a5-0dd7-47d3-94bf-d29f7a629edc"
[WebServer] 2026-09-05T10:46:55.063+08:00 INFO  application=marketops-server environment=local buildVersion=0.1.0-SNAPSHOT correlationId=20e258a5-0dd7-47d3-94bf-d29f7a629edc c.m.m.s.i.c.CorrelationIdFilter - Request completed event="request_completed" correlationId="20e258a5-0dd7-47d3-94bf-d29f7a629edc" status="200"
[WebServer] 2026-09-05T10:46:55.086+08:00 INFO  application=marketops-server environment=local buildVersion=0.1.0-SNAPSHOT correlationId=943602a8-dcf4-42e4-98a1-bec90ba873e5 c.m.m.s.i.c.CorrelationIdFilter - Request completed event="request_completed" correlationId="943602a8-dcf4-42e4-98a1-bec90ba873e5" status="200"
[WebServer] 2026-09-05T10:46:55.096+08:00 INFO  application=marketops-server environment=local buildVersion=0.1.0-SNAPSHOT correlationId=e33cad60-f9c3-4b0c-99af-5ad1c6084087 c.m.m.s.i.c.CorrelationIdFilter - Request completed event="request_completed" correlationId="e33cad60-f9c3-4b0c-99af-5ad1c6084087" status="200"
[WebServer] 2026-09-05T10:46:55.123+08:00 INFO  application=marketops-server environment=local buildVersion=0.1.0-SNAPSHOT correlationId=d92d3c5e-0da8-449a-b920-74f00c354f17 c.m.m.s.i.c.CorrelationIdFilter - Request completed event="request_completed" correlationId="d92d3c5e-0da8-449a-b920-74f00c354f17" status="200"
[WebServer] 2026-09-05T10:46:55.252+08:00 INFO  application=marketops-server environment=local buildVersion=0.1.0-SNAPSHOT correlationId=5f2b9329-f2e3-404f-86ee-caa5a5663e50 c.m.m.s.i.c.CorrelationIdFilter - Request completed event="request_completed" correlationId="5f2b9329-f2e3-404f-86ee-caa5a5663e50" status="200"
[WebServer] 2026-09-05T10:46:55.303+08:00 INFO  application=marketops-server environment=local buildVersion=0.1.0-SNAPSHOT correlationId=a84ce351-4cb5-4219-ae83-b3eda196cf9a c.m.m.s.i.c.CorrelationIdFilter - Request completed event="request_completed" correlationId="a84ce351-4cb5-4219-ae83-b3eda196cf9a" status="200"
[WebServer] 2026-09-05T10:46:55.346+08:00 INFO  application=marketops-server environment=local buildVersion=0.1.0-SNAPSHOT correlationId=42919b90-ff60-4da3-8388-32eb5a672ddd c.m.m.s.i.c.CorrelationIdFilter - Request completed event="request_completed" correlationId="42919b90-ff60-4da3-8388-32eb5a672ddd" status="200"
[WebServer] 2026-09-05T10:46:55.397+08:00 INFO  application=marketops-server environment=local buildVersion=0.1.0-SNAPSHOT correlationId=a1eb5b37-a837-476e-84de-dc9db2d06f0f c.m.m.s.i.c.CorrelationIdFilter - Request completed event="request_completed" correlationId="a1eb5b37-a837-476e-84de-dc9db2d06f0f" status="200"
[WebServer] 2026-09-05T10:46:55.723+08:00 INFO  application=marketops-server environment=local buildVersion=0.1.0-SNAPSHOT correlationId=31f78ced-6b25-4dec-904f-21672eb8b853 c.m.m.s.i.c.CorrelationIdFilter - Request completed event="request_completed" correlationId="31f78ced-6b25-4dec-904f-21672eb8b853" status="200"
[WebServer] 2026-09-05T10:46:55.726+08:00 INFO  application=marketops-server environment=local buildVersion=0.1.0-SNAPSHOT correlationId=2955a725-b50f-4bb9-93d9-554251477a9a c.m.m.a.i.a.JdbcMetadataAuditStore - Metadata change recorded event="metadata_change_recorded" sourceDomain="advertisingefficiency" entityType="advertising_reservations" entityId="e2268a1c-9da6-4ed8-b65a-9197f04784f8" action="READ" actorId="51d88cec-7684-4b36-b8cb-66faf191f7f4" correlationId="2955a725-b50f-4bb9-93d9-554251477a9a"
[WebServer] 2026-09-05T10:46:55.728+08:00 INFO  application=marketops-server environment=local buildVersion=0.1.0-SNAPSHOT correlationId=2955a725-b50f-4bb9-93d9-554251477a9a c.m.m.s.i.c.CorrelationIdFilter - Request completed event="request_completed" correlationId="2955a725-b50f-4bb9-93d9-554251477a9a" status="200"
[WebServer] 2026-09-05T10:46:55.731+08:00 INFO  application=marketops-server environment=local buildVersion=0.1.0-SNAPSHOT correlationId=d286408b-7807-4391-823a-1488bc6d4ed8 c.m.m.s.i.e.ConsoleProblemAdvice - Console request refused event="console_request_refused" errorCode="RESOURCE_NOT_FOUND" correlationId="d286408b-7807-4391-823a-1488bc6d4ed8"
[WebServer] 2026-09-05T10:46:55.731+08:00 INFO  application=marketops-server environment=local buildVersion=0.1.0-SNAPSHOT correlationId=d286408b-7807-4391-823a-1488bc6d4ed8 c.m.m.s.i.c.CorrelationIdFilter - Request completed event="request_completed" correlationId="d286408b-7807-4391-823a-1488bc6d4ed8" status="404"
[WebServer] 2026-09-05T10:46:55.732+08:00 INFO  application=marketops-server environment=local buildVersion=0.1.0-SNAPSHOT correlationId=41044755-c065-4dcb-8f7c-b573ad21a0ed c.m.m.a.i.a.JdbcMetadataAuditStore - Metadata change recorded event="metadata_change_recorded" sourceDomain="availabilityrisk" entityType="availability_queue" entityId="e2268a1c-9da6-4ed8-b65a-9197f04784f8" action="READ" actorId="51d88cec-7684-4b36-b8cb-66faf191f7f4" correlationId="41044755-c065-4dcb-8f7c-b573ad21a0ed"
[WebServer] 2026-09-05T10:46:55.733+08:00 INFO  application=marketops-server environment=local buildVersion=0.1.0-SNAPSHOT correlationId=3d291da1-ae13-4e9e-9a8a-e3224e3d03e9 c.m.m.s.i.e.ConsoleProblemAdvice - Console request refused event="console_request_refused" errorCode="RESOURCE_SCOPE_DENIED" correlationId="3d291da1-ae13-4e9e-9a8a-e3224e3d03e9"
[WebServer] 2026-09-05T10:46:55.733+08:00 INFO  application=marketops-server environment=local buildVersion=0.1.0-SNAPSHOT correlationId=3d291da1-ae13-4e9e-9a8a-e3224e3d03e9 c.m.m.s.i.c.CorrelationIdFilter - Request completed event="request_completed" correlationId="3d291da1-ae13-4e9e-9a8a-e3224e3d03e9" status="403"
[WebServer] 2026-09-05T10:46:55.734+08:00 INFO  application=marketops-server environment=local buildVersion=0.1.0-SNAPSHOT correlationId=82757607-101c-4e8c-ba64-4f439a623c65 c.m.m.a.i.a.JdbcMetadataAuditStore - Metadata change recorded event="metadata_change_recorded" sourceDomain="advertisingefficiency" entityType="advertising_containments" entityId="e2268a1c-9da6-4ed8-b65a-9197f04784f8" action="READ" actorId="51d88cec-7684-4b36-b8cb-66faf191f7f4" correlationId="82757607-101c-4e8c-ba64-4f439a623c65"
[WebServer] 2026-09-05T10:46:55.734+08:00 INFO  application=marketops-server environment=local buildVersion=0.1.0-SNAPSHOT correlationId=41044755-c065-4dcb-8f7c-b573ad21a0ed c.m.m.s.i.c.CorrelationIdFilter - Request completed event="request_completed" correlationId="41044755-c065-4dcb-8f7c-b573ad21a0ed" status="200"
[WebServer] 2026-09-05T10:46:55.743+08:00 INFO  application=marketops-server environment=local buildVersion=0.1.0-SNAPSHOT correlationId=82757607-101c-4e8c-ba64-4f439a623c65 c.m.m.s.i.c.CorrelationIdFilter - Request completed event="request_completed" correlationId="82757607-101c-4e8c-ba64-4f439a623c65" status="200"
[WebServer] 2026-09-05T10:46:55.749+08:00 INFO  application=marketops-server environment=local buildVersion=0.1.0-SNAPSHOT correlationId=b15f5f90-de85-485d-bcd7-b031ab2f3a63 c.m.m.s.i.e.ConsoleProblemAdvice - Console request refused event="console_request_refused" errorCode="RESOURCE_SCOPE_DENIED" correlationId="b15f5f90-de85-485d-bcd7-b031ab2f3a63"
[WebServer] 2026-09-05T10:46:55.749+08:00 INFO  application=marketops-server environment=local buildVersion=0.1.0-SNAPSHOT correlationId=b15f5f90-de85-485d-bcd7-b031ab2f3a63 c.m.m.s.i.c.CorrelationIdFilter - Request completed event="request_completed" correlationId="b15f5f90-de85-485d-bcd7-b031ab2f3a63" status="403"
[WebServer] 2026-09-05T10:46:55.751+08:00 INFO  application=marketops-server environment=local buildVersion=0.1.0-SNAPSHOT correlationId=2d010838-e232-40b8-b1ec-72b8134b4312 c.m.m.a.i.a.JdbcMetadataAuditStore - Metadata change recorded event="metadata_change_recorded" sourceDomain="advertisingefficiency" entityType="advertising_queue" entityId="e2268a1c-9da6-4ed8-b65a-9197f04784f8" action="READ" actorId="51d88cec-7684-4b36-b8cb-66faf191f7f4" correlationId="2d010838-e232-40b8-b1ec-72b8134b4312"
[WebServer] 2026-09-05T10:46:55.756+08:00 INFO  application=marketops-server environment=local buildVersion=0.1.0-SNAPSHOT correlationId=588a1d01-c30a-4737-ad69-874e3582604f c.m.m.a.i.a.JdbcMetadataAuditStore - Metadata change recorded event="metadata_change_recorded" sourceDomain="advertisingefficiency" entityType="advertising_exposure" entityId="e2268a1c-9da6-4ed8-b65a-9197f04784f8" action="READ" actorId="51d88cec-7684-4b36-b8cb-66faf191f7f4" correlationId="588a1d01-c30a-4737-ad69-874e3582604f"
[WebServer] 2026-09-05T10:46:55.760+08:00 INFO  application=marketops-server environment=local buildVersion=0.1.0-SNAPSHOT correlationId=588a1d01-c30a-4737-ad69-874e3582604f c.m.m.s.i.c.CorrelationIdFilter - Request completed event="request_completed" correlationId="588a1d01-c30a-4737-ad69-874e3582604f" status="200"
[WebServer] 2026-09-05T10:46:55.778+08:00 INFO  application=marketops-server environment=local buildVersion=0.1.0-SNAPSHOT correlationId=d68b5fe0-38a0-4204-861d-26a532bddb5f c.m.m.a.i.a.JdbcMetadataAuditStore - Metadata change recorded event="metadata_change_recorded" sourceDomain="advertisingefficiency" entityType="advertising_orchestration" entityId="e2268a1c-9da6-4ed8-b65a-9197f04784f8" action="READ" actorId="51d88cec-7684-4b36-b8cb-66faf191f7f4" correlationId="d68b5fe0-38a0-4204-861d-26a532bddb5f"
[WebServer] 2026-09-05T10:46:55.779+08:00 INFO  application=marketops-server environment=local buildVersion=0.1.0-SNAPSHOT correlationId=d68b5fe0-38a0-4204-861d-26a532bddb5f c.m.m.s.i.c.CorrelationIdFilter - Request completed event="request_completed" correlationId="d68b5fe0-38a0-4204-861d-26a532bddb5f" status="200"
[WebServer] 2026-09-05T10:46:55.780+08:00 INFO  application=marketops-server environment=local buildVersion=0.1.0-SNAPSHOT correlationId=2d010838-e232-40b8-b1ec-72b8134b4312 c.m.m.s.i.c.CorrelationIdFilter - Request completed event="request_completed" correlationId="2d010838-e232-40b8-b1ec-72b8134b4312" status="200"
[WebServer] 2026-09-05T10:46:55.790+08:00 INFO  application=marketops-server environment=local buildVersion=0.1.0-SNAPSHOT correlationId=4088d414-804f-41c1-b916-bad24844fa08 c.m.m.s.i.c.CorrelationIdFilter - Request completed event="request_completed" correlationId="4088d414-804f-41c1-b916-bad24844fa08" status="200"
[WebServer] 2026-09-05T10:46:55.899+08:00 INFO  application=marketops-server environment=local buildVersion=0.1.0-SNAPSHOT correlationId=98430833-4f89-44ad-8dcf-96b20f1164b6 c.m.m.a.i.a.JdbcMetadataAuditStore - Metadata change recorded event="metadata_change_recorded" sourceDomain="advertisingefficiency" entityType="advertising_case" entityId="a387a01a-773b-4d46-867a-a66ce3db7629" action="READ" actorId="51d88cec-7684-4b36-b8cb-66faf191f7f4" correlationId="98430833-4f89-44ad-8dcf-96b20f1164b6"
[WebServer] 2026-09-05T10:46:55.918+08:00 INFO  application=marketops-server environment=local buildVersion=0.1.0-SNAPSHOT correlationId=98430833-4f89-44ad-8dcf-96b20f1164b6 c.m.m.s.i.c.CorrelationIdFilter - Request completed event="request_completed" correlationId="98430833-4f89-44ad-8dcf-96b20f1164b6" status="200"
[WebServer] 2026-09-05T10:46:55.932+08:00 INFO  application=marketops-server environment=local buildVersion=0.1.0-SNAPSHOT correlationId=1a0c731b-7db2-46b6-9552-aa1eacefb38e c.m.m.a.i.a.JdbcMetadataAuditStore - Metadata change recorded event="metadata_change_recorded" sourceDomain="advertisingefficiency" entityType="advertising_manual_packet" entityId="bee3f67e-c45e-45f6-a742-5b1401b42856" action="READ" actorId="51d88cec-7684-4b36-b8cb-66faf191f7f4" correlationId="1a0c731b-7db2-46b6-9552-aa1eacefb38e"
[WebServer] 2026-09-05T10:46:55.933+08:00 INFO  application=marketops-server environment=local buildVersion=0.1.0-SNAPSHOT correlationId=1a0c731b-7db2-46b6-9552-aa1eacefb38e c.m.m.s.i.c.CorrelationIdFilter - Request completed event="request_completed" correlationId="1a0c731b-7db2-46b6-9552-aa1eacefb38e" status="200"
[WebServer] 2026-09-05T10:46:55.955+08:00 INFO  application=marketops-server environment=local buildVersion=0.1.0-SNAPSHOT correlationId=41177351-1153-4640-9ecb-32961b9a53e6 c.m.m.s.i.c.CorrelationIdFilter - Request completed event="request_completed" correlationId="41177351-1153-4640-9ecb-32961b9a53e6" status="200"
[WebServer] 2026-09-05T10:46:55.978+08:00 INFO  application=marketops-server environment=local buildVersion=0.1.0-SNAPSHOT correlationId=3322ced0-7a73-477b-9da6-da3274704271 c.m.m.s.i.c.CorrelationIdFilter - Request completed event="request_completed" correlationId="3322ced0-7a73-477b-9da6-da3274704271" status="200"
[WebServer] 2026-09-05T10:46:56.040+08:00 INFO  application=marketops-server environment=local buildVersion=0.1.0-SNAPSHOT correlationId=e8c69a56-f2e4-4de0-9d72-84d5a453dcba c.m.m.s.i.c.CorrelationIdFilter - Request completed event="request_completed" correlationId="e8c69a56-f2e4-4de0-9d72-84d5a453dcba" status="200"
[WebServer] 2026-09-05T10:46:56.186+08:00 INFO  application=marketops-server environment=local buildVersion=0.1.0-SNAPSHOT correlationId=9b1c21e7-0e0d-42f4-83d5-e4e571f21356 c.m.m.s.i.c.CorrelationIdFilter - Request completed event="request_completed" correlationId="9b1c21e7-0e0d-42f4-83d5-e4e571f21356" status="200"
[WebServer] 2026-09-05T10:46:56.252+08:00 INFO  application=marketops-server environment=local buildVersion=0.1.0-SNAPSHOT correlationId=6f526621-43cd-4827-a57c-88ecd2783df1 c.m.m.s.i.c.CorrelationIdFilter - Request completed event="request_completed" correlationId="6f526621-43cd-4827-a57c-88ecd2783df1" status="200"
[WebServer] 2026-09-05T10:46:56.300+08:00 INFO  application=marketops-server environment=local buildVersion=0.1.0-SNAPSHOT correlationId=1c5f96bd-e35a-45ca-a16b-64bf2a1ffce0 c.m.m.s.i.c.CorrelationIdFilter - Request completed event="request_completed" correlationId="1c5f96bd-e35a-45ca-a16b-64bf2a1ffce0" status="200"
[WebServer] 2026-09-05T10:46:56.819+08:00 INFO  application=marketops-server environment=local buildVersion=0.1.0-SNAPSHOT correlationId=f4bcbe76-8867-4dc0-9c6c-8020febf7c4a c.m.m.a.i.a.JdbcMetadataAuditStore - Metadata change recorded event="metadata_change_recorded" sourceDomain="advertisingefficiency" entityType="advertising_containments" entityId="e2268a1c-9da6-4ed8-b65a-9197f04784f8" action="READ" actorId="b68f529d-1073-4c9a-84c0-899a646e3aa7" correlationId="f4bcbe76-8867-4dc0-9c6c-8020febf7c4a"
[WebServer] 2026-09-05T10:46:56.819+08:00 INFO  application=marketops-server environment=local buildVersion=0.1.0-SNAPSHOT correlationId=a35aeab2-c6e1-43ee-a292-084c0c422bbf c.m.m.s.i.e.ConsoleProblemAdvice - Console request refused event="console_request_refused" errorCode="RESOURCE_NOT_FOUND" correlationId="a35aeab2-c6e1-43ee-a292-084c0c422bbf"
[WebServer] 2026-09-05T10:46:56.849+08:00 INFO  application=marketops-server environment=local buildVersion=0.1.0-SNAPSHOT correlationId=a35aeab2-c6e1-43ee-a292-084c0c422bbf c.m.m.s.i.c.CorrelationIdFilter - Request completed event="request_completed" correlationId="a35aeab2-c6e1-43ee-a292-084c0c422bbf" status="404"
[WebServer] 2026-09-05T10:46:56.849+08:00 INFO  application=marketops-server environment=local buildVersion=0.1.0-SNAPSHOT correlationId=6bf4ffb3-7501-4e72-a982-c7e2060475b4 c.m.m.a.i.a.JdbcMetadataAuditStore - Metadata change recorded event="metadata_change_recorded" sourceDomain="advertisingefficiency" entityType="advertising_reservations" entityId="e2268a1c-9da6-4ed8-b65a-9197f04784f8" action="READ" actorId="b68f529d-1073-4c9a-84c0-899a646e3aa7" correlationId="6bf4ffb3-7501-4e72-a982-c7e2060475b4"
[WebServer] 2026-09-05T10:46:56.856+08:00 INFO  application=marketops-server environment=local buildVersion=0.1.0-SNAPSHOT correlationId=6bf4ffb3-7501-4e72-a982-c7e2060475b4 c.m.m.s.i.c.CorrelationIdFilter - Request completed event="request_completed" correlationId="6bf4ffb3-7501-4e72-a982-c7e2060475b4" status="200"
[WebServer] 2026-09-05T10:46:56.864+08:00 INFO  application=marketops-server environment=local buildVersion=0.1.0-SNAPSHOT correlationId=fb71f163-2660-4a9f-bd2d-831cda109bcd c.m.m.a.i.a.JdbcMetadataAuditStore - Metadata change recorded event="metadata_change_recorded" sourceDomain="availabilityrisk" entityType="availability_queue" entityId="e2268a1c-9da6-4ed8-b65a-9197f04784f8" action="READ" actorId="b68f529d-1073-4c9a-84c0-899a646e3aa7" correlationId="fb71f163-2660-4a9f-bd2d-831cda109bcd"
[WebServer] 2026-09-05T10:46:56.866+08:00 INFO  application=marketops-server environment=local buildVersion=0.1.0-SNAPSHOT correlationId=f4bcbe76-8867-4dc0-9c6c-8020febf7c4a c.m.m.s.i.c.CorrelationIdFilter - Request completed event="request_completed" correlationId="f4bcbe76-8867-4dc0-9c6c-8020febf7c4a" status="200"
[WebServer] 2026-09-05T10:46:56.868+08:00 INFO  application=marketops-server environment=local buildVersion=0.1.0-SNAPSHOT correlationId=fb71f163-2660-4a9f-bd2d-831cda109bcd c.m.m.s.i.c.CorrelationIdFilter - Request completed event="request_completed" correlationId="fb71f163-2660-4a9f-bd2d-831cda109bcd" status="200"
[WebServer] 2026-09-05T10:46:56.870+08:00 INFO  application=marketops-server environment=local buildVersion=0.1.0-SNAPSHOT correlationId=7a0cc225-9171-4588-8b06-14e905560d12 c.m.m.s.i.e.ConsoleProblemAdvice - Console request refused event="console_request_refused" errorCode="RESOURCE_SCOPE_DENIED" correlationId="7a0cc225-9171-4588-8b06-14e905560d12"
[WebServer] 2026-09-05T10:46:56.874+08:00 INFO  application=marketops-server environment=local buildVersion=0.1.0-SNAPSHOT correlationId=7a0cc225-9171-4588-8b06-14e905560d12 c.m.m.s.i.c.CorrelationIdFilter - Request completed event="request_completed" correlationId="7a0cc225-9171-4588-8b06-14e905560d12" status="403"
[WebServer] 2026-09-05T10:46:56.891+08:00 INFO  application=marketops-server environment=local buildVersion=0.1.0-SNAPSHOT correlationId=2f3481b2-5635-47eb-8f7f-6a473fffefeb c.m.m.s.i.e.ConsoleProblemAdvice - Console request refused event="console_request_refused" errorCode="RESOURCE_SCOPE_DENIED" correlationId="2f3481b2-5635-47eb-8f7f-6a473fffefeb"
[WebServer] 2026-09-05T10:46:56.891+08:00 INFO  application=marketops-server environment=local buildVersion=0.1.0-SNAPSHOT correlationId=2f3481b2-5635-47eb-8f7f-6a473fffefeb c.m.m.s.i.c.CorrelationIdFilter - Request completed event="request_completed" correlationId="2f3481b2-5635-47eb-8f7f-6a473fffefeb" status="403"
[WebServer] 2026-09-05T10:46:56.892+08:00 INFO  application=marketops-server environment=local buildVersion=0.1.0-SNAPSHOT correlationId=2b210fa0-9816-40fc-a8d3-9efbd0a127ae c.m.m.a.i.a.JdbcMetadataAuditStore - Metadata change recorded event="metadata_change_recorded" sourceDomain="advertisingefficiency" entityType="advertising_exposure" entityId="e2268a1c-9da6-4ed8-b65a-9197f04784f8" action="READ" actorId="b68f529d-1073-4c9a-84c0-899a646e3aa7" correlationId="2b210fa0-9816-40fc-a8d3-9efbd0a127ae"
[WebServer] 2026-09-05T10:46:56.899+08:00 INFO  application=marketops-server environment=local buildVersion=0.1.0-SNAPSHOT correlationId=2b210fa0-9816-40fc-a8d3-9efbd0a127ae c.m.m.s.i.c.CorrelationIdFilter - Request completed event="request_completed" correlationId="2b210fa0-9816-40fc-a8d3-9efbd0a127ae" status="200"
[WebServer] 2026-09-05T10:46:56.905+08:00 INFO  application=marketops-server environment=local buildVersion=0.1.0-SNAPSHOT correlationId=0f533c87-e4e5-43ea-9692-1c05d330fd99 c.m.m.s.i.c.CorrelationIdFilter - Request completed event="request_completed" correlationId="0f533c87-e4e5-43ea-9692-1c05d330fd99" status="200"
[WebServer] 2026-09-05T10:46:56.915+08:00 INFO  application=marketops-server environment=local buildVersion=0.1.0-SNAPSHOT correlationId=9c5eac31-f2e2-44c8-b305-d4fab3dfeae9 c.m.m.a.i.a.JdbcMetadataAuditStore - Metadata change recorded event="metadata_change_recorded" sourceDomain="advertisingefficiency" entityType="advertising_queue" entityId="e2268a1c-9da6-4ed8-b65a-9197f04784f8" action="READ" actorId="b68f529d-1073-4c9a-84c0-899a646e3aa7" correlationId="9c5eac31-f2e2-44c8-b305-d4fab3dfeae9"
[WebServer] 2026-09-05T10:46:56.939+08:00 INFO  application=marketops-server environment=local buildVersion=0.1.0-SNAPSHOT correlationId=7d298fd1-f0f0-4b67-be5a-29517f491626 c.m.m.a.i.a.JdbcMetadataAuditStore - Metadata change recorded event="metadata_change_recorded" sourceDomain="advertisingefficiency" entityType="advertising_orchestration" entityId="e2268a1c-9da6-4ed8-b65a-9197f04784f8" action="READ" actorId="b68f529d-1073-4c9a-84c0-899a646e3aa7" correlationId="7d298fd1-f0f0-4b67-be5a-29517f491626"
[WebServer] 2026-09-05T10:46:56.943+08:00 INFO  application=marketops-server environment=local buildVersion=0.1.0-SNAPSHOT correlationId=7d298fd1-f0f0-4b67-be5a-29517f491626 c.m.m.s.i.c.CorrelationIdFilter - Request completed event="request_completed" correlationId="7d298fd1-f0f0-4b67-be5a-29517f491626" status="200"
[WebServer] 2026-09-05T10:46:56.948+08:00 INFO  application=marketops-server environment=local buildVersion=0.1.0-SNAPSHOT correlationId=9c5eac31-f2e2-44c8-b305-d4fab3dfeae9 c.m.m.s.i.c.CorrelationIdFilter - Request completed event="request_completed" correlationId="9c5eac31-f2e2-44c8-b305-d4fab3dfeae9" status="200"
[WebServer] 2026-09-05T10:46:56.969+08:00 INFO  application=marketops-server environment=local buildVersion=0.1.0-SNAPSHOT correlationId=bb8a796b-2a4c-4cb3-9141-aa17c701c1a3 c.m.m.s.i.c.CorrelationIdFilter - Request completed event="request_completed" correlationId="bb8a796b-2a4c-4cb3-9141-aa17c701c1a3" status="200"
[WebServer] 2026-09-05T10:46:57.104+08:00 INFO  application=marketops-server environment=local buildVersion=0.1.0-SNAPSHOT correlationId=299da4ec-6188-4555-86df-f4a0f90768bd c.m.m.a.i.a.JdbcMetadataAuditStore - Metadata change recorded event="metadata_change_recorded" sourceDomain="advertisingefficiency" entityType="advertising_case" entityId="a387a01a-773b-4d46-867a-a66ce3db7629" action="READ" actorId="b68f529d-1073-4c9a-84c0-899a646e3aa7" correlationId="299da4ec-6188-4555-86df-f4a0f90768bd"
[WebServer] 2026-09-05T10:46:57.143+08:00 INFO  application=marketops-server environment=local buildVersion=0.1.0-SNAPSHOT correlationId=299da4ec-6188-4555-86df-f4a0f90768bd c.m.m.s.i.c.CorrelationIdFilter - Request completed event="request_completed" correlationId="299da4ec-6188-4555-86df-f4a0f90768bd" status="200"
[WebServer] 2026-09-05T10:46:57.172+08:00 INFO  application=marketops-server environment=local buildVersion=0.1.0-SNAPSHOT correlationId=1c061e83-cc9b-41f7-b3f7-17c0fe0bd512 c.m.m.a.i.a.JdbcMetadataAuditStore - Metadata change recorded event="metadata_change_recorded" sourceDomain="advertisingefficiency" entityType="advertising_manual_packet" entityId="bee3f67e-c45e-45f6-a742-5b1401b42856" action="READ" actorId="b68f529d-1073-4c9a-84c0-899a646e3aa7" correlationId="1c061e83-cc9b-41f7-b3f7-17c0fe0bd512"
[WebServer] 2026-09-05T10:46:57.180+08:00 INFO  application=marketops-server environment=local buildVersion=0.1.0-SNAPSHOT correlationId=1c061e83-cc9b-41f7-b3f7-17c0fe0bd512 c.m.m.s.i.c.CorrelationIdFilter - Request completed event="request_completed" correlationId="1c061e83-cc9b-41f7-b3f7-17c0fe0bd512" status="200"
[WebServer] 2026-09-05T10:46:57.246+08:00 INFO  application=marketops-server environment=local buildVersion=0.1.0-SNAPSHOT correlationId=050fecfb-77d4-4596-8130-a40a3a0d8e18 c.m.m.s.i.c.CorrelationIdFilter - Request completed event="request_completed" correlationId="050fecfb-77d4-4596-8130-a40a3a0d8e18" status="200"
[WebServer] 2026-09-05T10:46:57.292+08:00 INFO  application=marketops-server environment=local buildVersion=0.1.0-SNAPSHOT correlationId=f7e64b12-9505-452d-9948-dd26716ed94e c.m.m.s.i.c.CorrelationIdFilter - Request completed event="request_completed" correlationId="f7e64b12-9505-452d-9948-dd26716ed94e" status="200"
[WebServer] 2026-09-05T10:46:57.441+08:00 INFO  application=marketops-server environment=local buildVersion=0.1.0-SNAPSHOT correlationId=6eef5fa9-336e-44b7-bcfe-c1695845da5f c.m.m.s.i.c.CorrelationIdFilter - Request completed event="request_completed" correlationId="6eef5fa9-336e-44b7-bcfe-c1695845da5f" status="200"
[WebServer] 2026-09-05T10:46:57.581+08:00 INFO  application=marketops-server environment=local buildVersion=0.1.0-SNAPSHOT correlationId=05e39460-654c-4d25-9773-73fff5a06989 c.m.m.s.i.c.CorrelationIdFilter - Request completed event="request_completed" correlationId="05e39460-654c-4d25-9773-73fff5a06989" status="200"
[WebServer] 2026-09-05T10:46:57.797+08:00 INFO  application=marketops-server environment=local buildVersion=0.1.0-SNAPSHOT correlationId=e5700740-70fa-4b41-a6d4-4f4c1bdb90cd c.m.m.s.i.c.CorrelationIdFilter - Request completed event="request_completed" correlationId="e5700740-70fa-4b41-a6d4-4f4c1bdb90cd" status="200"
[WebServer] 2026-09-05T10:46:57.878+08:00 INFO  application=marketops-server environment=local buildVersion=0.1.0-SNAPSHOT correlationId=b942b1a4-7830-4938-8f3b-7d563a52b98f c.m.m.s.i.c.CorrelationIdFilter - Request completed event="request_completed" correlationId="b942b1a4-7830-4938-8f3b-7d563a52b98f" status="200"
[WebServer] 2026-09-05T10:46:57.944+08:00 INFO  application=marketops-server environment=local buildVersion=0.1.0-SNAPSHOT correlationId=a1e7252e-dcca-4be9-9cb4-388b08e815d8 c.m.m.s.i.c.CorrelationIdFilter - Request completed event="request_completed" correlationId="a1e7252e-dcca-4be9-9cb4-388b08e815d8" status="200"
[WebServer] 2026-09-05T10:46:58.062+08:00 INFO  application=marketops-server environment=local buildVersion=0.1.0-SNAPSHOT correlationId=ae557342-55da-43fa-85b6-a61bb40bcd6f c.m.m.s.i.c.CorrelationIdFilter - Request completed event="request_completed" correlationId="ae557342-55da-43fa-85b6-a61bb40bcd6f" status="200"
[WebServer] 2026-09-05T10:46:58.136+08:00 INFO  application=marketops-server environment=local buildVersion=0.1.0-SNAPSHOT correlationId=1c15166d-c1a6-4bf4-8a65-0d8a725d090a c.m.m.s.i.c.CorrelationIdFilter - Request completed event="request_completed" correlationId="1c15166d-c1a6-4bf4-8a65-0d8a725d090a" status="200"
[WebServer] 2026-09-05T10:46:58.168+08:00 INFO  application=marketops-server environment=local buildVersion=0.1.0-SNAPSHOT correlationId=2e26f36f-698c-47d4-afee-e97871a04a05 c.m.m.s.i.c.CorrelationIdFilter - Request completed event="request_completed" correlationId="2e26f36f-698c-47d4-afee-e97871a04a05" status="200"
  ✓   6 tests/advertising-browser/governed-advertising.spec.ts:285:1 › three distinct people accept an exact temporary exception, block actions, and end it (4.0s)
[WebServer] 2026-09-05T10:46:58.914+08:00 INFO  application=marketops-server environment=local buildVersion=0.1.0-SNAPSHOT correlationId=d95c1191-d749-47be-89e5-4080863d0b53 c.m.m.a.i.a.JdbcMetadataAuditStore - Metadata change recorded event="metadata_change_recorded" sourceDomain="advertisingefficiency" entityType="advertising_reservations" entityId="cca165f5-9888-4c15-ab35-3dee06712e2c" action="READ" actorId="ebb15ffd-6f82-4df5-9706-9e706b06d5e4" correlationId="d95c1191-d749-47be-89e5-4080863d0b53"
[WebServer] 2026-09-05T10:46:58.926+08:00 INFO  application=marketops-server environment=local buildVersion=0.1.0-SNAPSHOT correlationId=0af32ec6-57db-4d57-b1b5-67e65abd9d9c c.m.m.s.i.e.ConsoleProblemAdvice - Console request refused event="console_request_refused" errorCode="RESOURCE_NOT_FOUND" correlationId="0af32ec6-57db-4d57-b1b5-67e65abd9d9c"
[WebServer] 2026-09-05T10:46:58.926+08:00 INFO  application=marketops-server environment=local buildVersion=0.1.0-SNAPSHOT correlationId=bc33eea6-d745-4cf2-a192-a73af71409e0 c.m.m.s.i.c.CorrelationIdFilter - Request completed event="request_completed" correlationId="bc33eea6-d745-4cf2-a192-a73af71409e0" status="200"
[WebServer] 2026-09-05T10:46:58.927+08:00 INFO  application=marketops-server environment=local buildVersion=0.1.0-SNAPSHOT correlationId=0af32ec6-57db-4d57-b1b5-67e65abd9d9c c.m.m.s.i.c.CorrelationIdFilter - Request completed event="request_completed" correlationId="0af32ec6-57db-4d57-b1b5-67e65abd9d9c" status="404"
[WebServer] 2026-09-05T10:46:58.930+08:00 INFO  application=marketops-server environment=local buildVersion=0.1.0-SNAPSHOT correlationId=d95c1191-d749-47be-89e5-4080863d0b53 c.m.m.s.i.c.CorrelationIdFilter - Request completed event="request_completed" correlationId="d95c1191-d749-47be-89e5-4080863d0b53" status="200"
[WebServer] 2026-09-05T10:46:58.931+08:00 INFO  application=marketops-server environment=local buildVersion=0.1.0-SNAPSHOT correlationId=da0893d1-3ece-4fb1-841b-b7f37d9b5f7f c.m.m.a.i.a.JdbcMetadataAuditStore - Metadata change recorded event="metadata_change_recorded" sourceDomain="advertisingefficiency" entityType="advertising_containments" entityId="cca165f5-9888-4c15-ab35-3dee06712e2c" action="READ" actorId="ebb15ffd-6f82-4df5-9706-9e706b06d5e4" correlationId="da0893d1-3ece-4fb1-841b-b7f37d9b5f7f"
[WebServer] 2026-09-05T10:46:58.936+08:00 INFO  application=marketops-server environment=local buildVersion=0.1.0-SNAPSHOT correlationId=8ed9509a-acdc-42a4-9d78-59e5d74b54d6 c.m.m.s.i.e.ConsoleProblemAdvice - Console request refused event="console_request_refused" errorCode="RESOURCE_SCOPE_DENIED" correlationId="8ed9509a-acdc-42a4-9d78-59e5d74b54d6"
[WebServer] 2026-09-05T10:46:58.937+08:00 INFO  application=marketops-server environment=local buildVersion=0.1.0-SNAPSHOT correlationId=8ed9509a-acdc-42a4-9d78-59e5d74b54d6 c.m.m.s.i.c.CorrelationIdFilter - Request completed event="request_completed" correlationId="8ed9509a-acdc-42a4-9d78-59e5d74b54d6" status="403"
[WebServer] 2026-09-05T10:46:58.940+08:00 INFO  application=marketops-server environment=local buildVersion=0.1.0-SNAPSHOT correlationId=f2a6d44a-cafd-41ea-b11c-a1e97f7042c9 c.m.m.a.i.a.JdbcMetadataAuditStore - Metadata change recorded event="metadata_change_recorded" sourceDomain="availabilityrisk" entityType="availability_queue" entityId="cca165f5-9888-4c15-ab35-3dee06712e2c" action="READ" actorId="ebb15ffd-6f82-4df5-9706-9e706b06d5e4" correlationId="f2a6d44a-cafd-41ea-b11c-a1e97f7042c9"
[WebServer] 2026-09-05T10:46:58.942+08:00 INFO  application=marketops-server environment=local buildVersion=0.1.0-SNAPSHOT correlationId=f2a6d44a-cafd-41ea-b11c-a1e97f7042c9 c.m.m.s.i.c.CorrelationIdFilter - Request completed event="request_completed" correlationId="f2a6d44a-cafd-41ea-b11c-a1e97f7042c9" status="200"
[WebServer] 2026-09-05T10:46:58.951+08:00 INFO  application=marketops-server environment=local buildVersion=0.1.0-SNAPSHOT correlationId=da0893d1-3ece-4fb1-841b-b7f37d9b5f7f c.m.m.s.i.c.CorrelationIdFilter - Request completed event="request_completed" correlationId="da0893d1-3ece-4fb1-841b-b7f37d9b5f7f" status="200"
[WebServer] 2026-09-05T10:46:58.957+08:00 INFO  application=marketops-server environment=local buildVersion=0.1.0-SNAPSHOT correlationId=b02f953a-4a05-466c-8c2a-fcf1805032f1 c.m.m.a.i.a.JdbcMetadataAuditStore - Metadata change recorded event="metadata_change_recorded" sourceDomain="advertisingefficiency" entityType="advertising_exposure" entityId="cca165f5-9888-4c15-ab35-3dee06712e2c" action="READ" actorId="ebb15ffd-6f82-4df5-9706-9e706b06d5e4" correlationId="b02f953a-4a05-466c-8c2a-fcf1805032f1"
[WebServer] 2026-09-05T10:46:58.959+08:00 INFO  application=marketops-server environment=local buildVersion=0.1.0-SNAPSHOT correlationId=10d65ba0-f80a-4be1-80fd-40e5ca2f80e6 c.m.m.s.i.e.ConsoleProblemAdvice - Console request refused event="console_request_refused" errorCode="RESOURCE_SCOPE_DENIED" correlationId="10d65ba0-f80a-4be1-80fd-40e5ca2f80e6"
[WebServer] 2026-09-05T10:46:58.959+08:00 INFO  application=marketops-server environment=local buildVersion=0.1.0-SNAPSHOT correlationId=10d65ba0-f80a-4be1-80fd-40e5ca2f80e6 c.m.m.s.i.c.CorrelationIdFilter - Request completed event="request_completed" correlationId="10d65ba0-f80a-4be1-80fd-40e5ca2f80e6" status="403"
[WebServer] 2026-09-05T10:46:58.963+08:00 INFO  application=marketops-server environment=local buildVersion=0.1.0-SNAPSHOT correlationId=b02f953a-4a05-466c-8c2a-fcf1805032f1 c.m.m.s.i.c.CorrelationIdFilter - Request completed event="request_completed" correlationId="b02f953a-4a05-466c-8c2a-fcf1805032f1" status="200"
[WebServer] 2026-09-05T10:46:58.971+08:00 INFO  application=marketops-server environment=local buildVersion=0.1.0-SNAPSHOT correlationId=9416a21a-02cb-4811-afd3-088b9396c8cc c.m.m.a.i.a.JdbcMetadataAuditStore - Metadata change recorded event="metadata_change_recorded" sourceDomain="advertisingefficiency" entityType="advertising_queue" entityId="cca165f5-9888-4c15-ab35-3dee06712e2c" action="READ" actorId="ebb15ffd-6f82-4df5-9706-9e706b06d5e4" correlationId="9416a21a-02cb-4811-afd3-088b9396c8cc"
[WebServer] 2026-09-05T10:46:58.982+08:00 INFO  application=marketops-server environment=local buildVersion=0.1.0-SNAPSHOT correlationId=b4ce1870-83fb-4075-99e1-acc8fd08938a c.m.m.a.i.a.JdbcMetadataAuditStore - Metadata change recorded event="metadata_change_recorded" sourceDomain="advertisingefficiency" entityType="advertising_orchestration" entityId="cca165f5-9888-4c15-ab35-3dee06712e2c" action="READ" actorId="ebb15ffd-6f82-4df5-9706-9e706b06d5e4" correlationId="b4ce1870-83fb-4075-99e1-acc8fd08938a"
[WebServer] 2026-09-05T10:46:58.984+08:00 INFO  application=marketops-server environment=local buildVersion=0.1.0-SNAPSHOT correlationId=b4ce1870-83fb-4075-99e1-acc8fd08938a c.m.m.s.i.c.CorrelationIdFilter - Request completed event="request_completed" correlationId="b4ce1870-83fb-4075-99e1-acc8fd08938a" status="200"
[WebServer] 2026-09-05T10:46:58.995+08:00 INFO  application=marketops-server environment=local buildVersion=0.1.0-SNAPSHOT correlationId=3914d78d-5264-44ef-bac3-10697700c476 c.m.m.s.i.c.CorrelationIdFilter - Request completed event="request_completed" correlationId="3914d78d-5264-44ef-bac3-10697700c476" status="200"
[WebServer] 2026-09-05T10:46:59.026+08:00 INFO  application=marketops-server environment=local buildVersion=0.1.0-SNAPSHOT correlationId=9416a21a-02cb-4811-afd3-088b9396c8cc c.m.m.s.i.c.CorrelationIdFilter - Request completed event="request_completed" correlationId="9416a21a-02cb-4811-afd3-088b9396c8cc" status="200"
[WebServer] 2026-09-05T10:46:59.158+08:00 INFO  application=marketops-server environment=local buildVersion=0.1.0-SNAPSHOT correlationId=7b0e8de5-82e9-4623-b175-48bed3fb7378 c.m.m.a.i.a.JdbcMetadataAuditStore - Metadata change recorded event="metadata_change_recorded" sourceDomain="advertisingefficiency" entityType="advertising_case" entityId="aee54b1e-b6fb-4e26-9b36-98bb72998f64" action="READ" actorId="ebb15ffd-6f82-4df5-9706-9e706b06d5e4" correlationId="7b0e8de5-82e9-4623-b175-48bed3fb7378"
[WebServer] 2026-09-05T10:46:59.171+08:00 INFO  application=marketops-server environment=local buildVersion=0.1.0-SNAPSHOT correlationId=7b0e8de5-82e9-4623-b175-48bed3fb7378 c.m.m.s.i.c.CorrelationIdFilter - Request completed event="request_completed" correlationId="7b0e8de5-82e9-4623-b175-48bed3fb7378" status="200"
[WebServer] 2026-09-05T10:46:59.190+08:00 INFO  application=marketops-server environment=local buildVersion=0.1.0-SNAPSHOT correlationId=6bbd81b4-028c-4ba5-9b58-383e96d25d3b c.m.m.a.i.a.JdbcMetadataAuditStore - Metadata change recorded event="metadata_change_recorded" sourceDomain="advertisingefficiency" entityType="advertising_manual_packet" entityId="5415f794-f605-4dfb-bcfb-98cb8dd0be66" action="READ" actorId="ebb15ffd-6f82-4df5-9706-9e706b06d5e4" correlationId="6bbd81b4-028c-4ba5-9b58-383e96d25d3b"
[WebServer] 2026-09-05T10:46:59.191+08:00 INFO  application=marketops-server environment=local buildVersion=0.1.0-SNAPSHOT correlationId=6bbd81b4-028c-4ba5-9b58-383e96d25d3b c.m.m.s.i.c.CorrelationIdFilter - Request completed event="request_completed" correlationId="6bbd81b4-028c-4ba5-9b58-383e96d25d3b" status="200"
[WebServer] 2026-09-05T10:46:59.210+08:00 INFO  application=marketops-server environment=local buildVersion=0.1.0-SNAPSHOT correlationId=4549c043-7979-4317-aea8-ade00f0cc691 c.m.m.s.i.c.CorrelationIdFilter - Request completed event="request_completed" correlationId="4549c043-7979-4317-aea8-ade00f0cc691" status="200"
[WebServer] 2026-09-05T10:46:59.214+08:00 INFO  application=marketops-server environment=local buildVersion=0.1.0-SNAPSHOT correlationId=dc510b2a-7546-46f4-ac9f-90088a709d08 c.m.m.s.i.c.CorrelationIdFilter - Request completed event="request_completed" correlationId="dc510b2a-7546-46f4-ac9f-90088a709d08" status="200"
[WebServer] 2026-09-05T10:46:59.230+08:00 INFO  application=marketops-server environment=local buildVersion=0.1.0-SNAPSHOT correlationId=1e4d1b5b-65a7-4155-abf7-44dbbee43d4a c.m.m.s.i.c.CorrelationIdFilter - Request completed event="request_completed" correlationId="1e4d1b5b-65a7-4155-abf7-44dbbee43d4a" status="200"
[WebServer] 2026-09-05T10:46:59.369+08:00 INFO  application=marketops-server environment=local buildVersion=0.1.0-SNAPSHOT correlationId=a677e512-4735-4b54-958f-f025e56807bd c.m.m.s.i.c.CorrelationIdFilter - Request completed event="request_completed" correlationId="a677e512-4735-4b54-958f-f025e56807bd" status="200"
[WebServer] 2026-09-05T10:46:59.431+08:00 INFO  application=marketops-server environment=local buildVersion=0.1.0-SNAPSHOT correlationId=5fa96f30-aa35-4426-bbe3-4eec301170f1 c.m.m.a.i.a.JdbcMetadataAuditStore - Metadata change recorded event="metadata_change_recorded" sourceDomain="advertisingefficiency" entityType="advertising_reservations" entityId="cca165f5-9888-4c15-ab35-3dee06712e2c" action="READ" actorId="ebb15ffd-6f82-4df5-9706-9e706b06d5e4" correlationId="5fa96f30-aa35-4426-bbe3-4eec301170f1"
[WebServer] 2026-09-05T10:46:59.432+08:00 INFO  application=marketops-server environment=local buildVersion=0.1.0-SNAPSHOT correlationId=2486b34f-ebb9-457c-b0b3-2b2d1b017280 c.m.m.s.i.e.ConsoleProblemAdvice - Console request refused event="console_request_refused" errorCode="RESOURCE_NOT_FOUND" correlationId="2486b34f-ebb9-457c-b0b3-2b2d1b017280"
[WebServer] 2026-09-05T10:46:59.432+08:00 INFO  application=marketops-server environment=local buildVersion=0.1.0-SNAPSHOT correlationId=2486b34f-ebb9-457c-b0b3-2b2d1b017280 c.m.m.s.i.c.CorrelationIdFilter - Request completed event="request_completed" correlationId="2486b34f-ebb9-457c-b0b3-2b2d1b017280" status="404"
[WebServer] 2026-09-05T10:46:59.435+08:00 INFO  application=marketops-server environment=local buildVersion=0.1.0-SNAPSHOT correlationId=55ffd8bf-25f2-4044-953c-977a50282259 c.m.m.a.i.a.JdbcMetadataAuditStore - Metadata change recorded event="metadata_change_recorded" sourceDomain="advertisingefficiency" entityType="advertising_containments" entityId="cca165f5-9888-4c15-ab35-3dee06712e2c" action="READ" actorId="ebb15ffd-6f82-4df5-9706-9e706b06d5e4" correlationId="55ffd8bf-25f2-4044-953c-977a50282259"
[WebServer] 2026-09-05T10:46:59.435+08:00 INFO  application=marketops-server environment=local buildVersion=0.1.0-SNAPSHOT correlationId=5fa96f30-aa35-4426-bbe3-4eec301170f1 c.m.m.s.i.c.CorrelationIdFilter - Request completed event="request_completed" correlationId="5fa96f30-aa35-4426-bbe3-4eec301170f1" status="200"
[WebServer] 2026-09-05T10:46:59.436+08:00 INFO  application=marketops-server environment=local buildVersion=0.1.0-SNAPSHOT correlationId=4ee88ab8-70eb-4ccc-9d24-a6f75c11b91f c.m.m.s.i.e.ConsoleProblemAdvice - Console request refused event="console_request_refused" errorCode="RESOURCE_SCOPE_DENIED" correlationId="4ee88ab8-70eb-4ccc-9d24-a6f75c11b91f"
[WebServer] 2026-09-05T10:46:59.436+08:00 INFO  application=marketops-server environment=local buildVersion=0.1.0-SNAPSHOT correlationId=4ee88ab8-70eb-4ccc-9d24-a6f75c11b91f c.m.m.s.i.c.CorrelationIdFilter - Request completed event="request_completed" correlationId="4ee88ab8-70eb-4ccc-9d24-a6f75c11b91f" status="403"
[WebServer] 2026-09-05T10:46:59.439+08:00 INFO  application=marketops-server environment=local buildVersion=0.1.0-SNAPSHOT correlationId=851c44b5-22f1-4591-a143-33181807ff6d c.m.m.a.i.a.JdbcMetadataAuditStore - Metadata change recorded event="metadata_change_recorded" sourceDomain="availabilityrisk" entityType="availability_queue" entityId="cca165f5-9888-4c15-ab35-3dee06712e2c" action="READ" actorId="ebb15ffd-6f82-4df5-9706-9e706b06d5e4" correlationId="851c44b5-22f1-4591-a143-33181807ff6d"
[WebServer] 2026-09-05T10:46:59.440+08:00 INFO  application=marketops-server environment=local buildVersion=0.1.0-SNAPSHOT correlationId=851c44b5-22f1-4591-a143-33181807ff6d c.m.m.s.i.c.CorrelationIdFilter - Request completed event="request_completed" correlationId="851c44b5-22f1-4591-a143-33181807ff6d" status="200"
[WebServer] 2026-09-05T10:46:59.442+08:00 INFO  application=marketops-server environment=local buildVersion=0.1.0-SNAPSHOT correlationId=23496a4c-bb18-45a6-892b-cf4e02938be9 c.m.m.a.i.a.JdbcMetadataAuditStore - Metadata change recorded event="metadata_change_recorded" sourceDomain="advertisingefficiency" entityType="advertising_exposure" entityId="cca165f5-9888-4c15-ab35-3dee06712e2c" action="READ" actorId="ebb15ffd-6f82-4df5-9706-9e706b06d5e4" correlationId="23496a4c-bb18-45a6-892b-cf4e02938be9"
[WebServer] 2026-09-05T10:46:59.443+08:00 INFO  application=marketops-server environment=local buildVersion=0.1.0-SNAPSHOT correlationId=23496a4c-bb18-45a6-892b-cf4e02938be9 c.m.m.s.i.c.CorrelationIdFilter - Request completed event="request_completed" correlationId="23496a4c-bb18-45a6-892b-cf4e02938be9" status="200"
[WebServer] 2026-09-05T10:46:59.447+08:00 INFO  application=marketops-server environment=local buildVersion=0.1.0-SNAPSHOT correlationId=55ffd8bf-25f2-4044-953c-977a50282259 c.m.m.s.i.c.CorrelationIdFilter - Request completed event="request_completed" correlationId="55ffd8bf-25f2-4044-953c-977a50282259" status="200"
[WebServer] 2026-09-05T10:46:59.448+08:00 INFO  application=marketops-server environment=local buildVersion=0.1.0-SNAPSHOT correlationId=c1b06b0e-f27e-40ee-8135-ebf72e5e5a0f c.m.m.s.i.e.ConsoleProblemAdvice - Console request refused event="console_request_refused" errorCode="RESOURCE_SCOPE_DENIED" correlationId="c1b06b0e-f27e-40ee-8135-ebf72e5e5a0f"
[WebServer] 2026-09-05T10:46:59.448+08:00 INFO  application=marketops-server environment=local buildVersion=0.1.0-SNAPSHOT correlationId=c1b06b0e-f27e-40ee-8135-ebf72e5e5a0f c.m.m.s.i.c.CorrelationIdFilter - Request completed event="request_completed" correlationId="c1b06b0e-f27e-40ee-8135-ebf72e5e5a0f" status="403"
[WebServer] 2026-09-05T10:46:59.454+08:00 INFO  application=marketops-server environment=local buildVersion=0.1.0-SNAPSHOT correlationId=30e3e3ee-0f49-4a2b-a1cd-007cc50c5bec c.m.m.a.i.a.JdbcMetadataAuditStore - Metadata change recorded event="metadata_change_recorded" sourceDomain="advertisingefficiency" entityType="advertising_queue" entityId="cca165f5-9888-4c15-ab35-3dee06712e2c" action="READ" actorId="ebb15ffd-6f82-4df5-9706-9e706b06d5e4" correlationId="30e3e3ee-0f49-4a2b-a1cd-007cc50c5bec"
[WebServer] 2026-09-05T10:46:59.470+08:00 INFO  application=marketops-server environment=local buildVersion=0.1.0-SNAPSHOT correlationId=7955c411-c7e1-4db2-b249-d979bdbf34a2 c.m.m.a.i.a.JdbcMetadataAuditStore - Metadata change recorded event="metadata_change_recorded" sourceDomain="advertisingefficiency" entityType="advertising_orchestration" entityId="cca165f5-9888-4c15-ab35-3dee06712e2c" action="READ" actorId="ebb15ffd-6f82-4df5-9706-9e706b06d5e4" correlationId="7955c411-c7e1-4db2-b249-d979bdbf34a2"
[WebServer] 2026-09-05T10:46:59.471+08:00 INFO  application=marketops-server environment=local buildVersion=0.1.0-SNAPSHOT correlationId=7955c411-c7e1-4db2-b249-d979bdbf34a2 c.m.m.s.i.c.CorrelationIdFilter - Request completed event="request_completed" correlationId="7955c411-c7e1-4db2-b249-d979bdbf34a2" status="200"
[WebServer] 2026-09-05T10:46:59.512+08:00 INFO  application=marketops-server environment=local buildVersion=0.1.0-SNAPSHOT correlationId=30e3e3ee-0f49-4a2b-a1cd-007cc50c5bec c.m.m.s.i.c.CorrelationIdFilter - Request completed event="request_completed" correlationId="30e3e3ee-0f49-4a2b-a1cd-007cc50c5bec" status="200"
[WebServer] 2026-09-05T10:46:59.844+08:00 INFO  application=marketops-server environment=local buildVersion=0.1.0-SNAPSHOT correlationId=9294fba0-b2b0-4b16-b8de-4c39fcb0d06e c.m.m.a.i.a.JdbcMetadataAuditStore - Metadata change recorded event="metadata_change_recorded" sourceDomain="advertisingefficiency" entityType="advertising_reservations" entityId="cca165f5-9888-4c15-ab35-3dee06712e2c" action="READ" actorId="f7177cab-6a06-4e3b-9ed9-f12c66598b5e" correlationId="9294fba0-b2b0-4b16-b8de-4c39fcb0d06e"
[WebServer] 2026-09-05T10:46:59.845+08:00 INFO  application=marketops-server environment=local buildVersion=0.1.0-SNAPSHOT correlationId=7d70551d-926d-4ba9-922a-d21589bc2b0a c.m.m.s.i.e.ConsoleProblemAdvice - Console request refused event="console_request_refused" errorCode="RESOURCE_NOT_FOUND" correlationId="7d70551d-926d-4ba9-922a-d21589bc2b0a"
[WebServer] 2026-09-05T10:46:59.846+08:00 INFO  application=marketops-server environment=local buildVersion=0.1.0-SNAPSHOT correlationId=7d70551d-926d-4ba9-922a-d21589bc2b0a c.m.m.s.i.c.CorrelationIdFilter - Request completed event="request_completed" correlationId="7d70551d-926d-4ba9-922a-d21589bc2b0a" status="404"
[WebServer] 2026-09-05T10:46:59.846+08:00 INFO  application=marketops-server environment=local buildVersion=0.1.0-SNAPSHOT correlationId=1ebb9fad-740d-4b60-bb25-9bff2c3c36cd c.m.m.a.i.a.JdbcMetadataAuditStore - Metadata change recorded event="metadata_change_recorded" sourceDomain="advertisingefficiency" entityType="advertising_containments" entityId="cca165f5-9888-4c15-ab35-3dee06712e2c" action="READ" actorId="f7177cab-6a06-4e3b-9ed9-f12c66598b5e" correlationId="1ebb9fad-740d-4b60-bb25-9bff2c3c36cd"
[WebServer] 2026-09-05T10:46:59.847+08:00 INFO  application=marketops-server environment=local buildVersion=0.1.0-SNAPSHOT correlationId=9294fba0-b2b0-4b16-b8de-4c39fcb0d06e c.m.m.s.i.c.CorrelationIdFilter - Request completed event="request_completed" correlationId="9294fba0-b2b0-4b16-b8de-4c39fcb0d06e" status="200"
[WebServer] 2026-09-05T10:46:59.849+08:00 INFO  application=marketops-server environment=local buildVersion=0.1.0-SNAPSHOT correlationId=9658acc4-61fb-4b7d-8f9d-6131305501a0 c.m.m.s.i.e.ConsoleProblemAdvice - Console request refused event="console_request_refused" errorCode="RESOURCE_SCOPE_DENIED" correlationId="9658acc4-61fb-4b7d-8f9d-6131305501a0"
[WebServer] 2026-09-05T10:46:59.850+08:00 INFO  application=marketops-server environment=local buildVersion=0.1.0-SNAPSHOT correlationId=9658acc4-61fb-4b7d-8f9d-6131305501a0 c.m.m.s.i.c.CorrelationIdFilter - Request completed event="request_completed" correlationId="9658acc4-61fb-4b7d-8f9d-6131305501a0" status="403"
[WebServer] 2026-09-05T10:46:59.853+08:00 INFO  application=marketops-server environment=local buildVersion=0.1.0-SNAPSHOT correlationId=d6d429cb-98e1-4030-8b9c-4ef83fcf8bad c.m.m.a.i.a.JdbcMetadataAuditStore - Metadata change recorded event="metadata_change_recorded" sourceDomain="availabilityrisk" entityType="availability_queue" entityId="cca165f5-9888-4c15-ab35-3dee06712e2c" action="READ" actorId="f7177cab-6a06-4e3b-9ed9-f12c66598b5e" correlationId="d6d429cb-98e1-4030-8b9c-4ef83fcf8bad"
[WebServer] 2026-09-05T10:46:59.855+08:00 INFO  application=marketops-server environment=local buildVersion=0.1.0-SNAPSHOT correlationId=d6d429cb-98e1-4030-8b9c-4ef83fcf8bad c.m.m.s.i.c.CorrelationIdFilter - Request completed event="request_completed" correlationId="d6d429cb-98e1-4030-8b9c-4ef83fcf8bad" status="200"
[WebServer] 2026-09-05T10:46:59.862+08:00 INFO  application=marketops-server environment=local buildVersion=0.1.0-SNAPSHOT correlationId=a603ea8b-ef03-4a6b-ba8e-cd9f46f302c7 c.m.m.s.i.c.CorrelationIdFilter - Request completed event="request_completed" correlationId="a603ea8b-ef03-4a6b-ba8e-cd9f46f302c7" status="200"
[WebServer] 2026-09-05T10:46:59.867+08:00 INFO  application=marketops-server environment=local buildVersion=0.1.0-SNAPSHOT correlationId=838e40cf-a3f1-4708-be86-21f24dba607a c.m.m.a.i.a.JdbcMetadataAuditStore - Metadata change recorded event="metadata_change_recorded" sourceDomain="advertisingefficiency" entityType="advertising_exposure" entityId="cca165f5-9888-4c15-ab35-3dee06712e2c" action="READ" actorId="f7177cab-6a06-4e3b-9ed9-f12c66598b5e" correlationId="838e40cf-a3f1-4708-be86-21f24dba607a"
[WebServer] 2026-09-05T10:46:59.869+08:00 INFO  application=marketops-server environment=local buildVersion=0.1.0-SNAPSHOT correlationId=3a72935a-35aa-4c03-af4b-37c679bbec88 c.m.m.s.i.e.ConsoleProblemAdvice - Console request refused event="console_request_refused" errorCode="RESOURCE_SCOPE_DENIED" correlationId="3a72935a-35aa-4c03-af4b-37c679bbec88"
[WebServer] 2026-09-05T10:46:59.870+08:00 INFO  application=marketops-server environment=local buildVersion=0.1.0-SNAPSHOT correlationId=838e40cf-a3f1-4708-be86-21f24dba607a c.m.m.s.i.c.CorrelationIdFilter - Request completed event="request_completed" correlationId="838e40cf-a3f1-4708-be86-21f24dba607a" status="200"
[WebServer] 2026-09-05T10:46:59.871+08:00 INFO  application=marketops-server environment=local buildVersion=0.1.0-SNAPSHOT correlationId=3a72935a-35aa-4c03-af4b-37c679bbec88 c.m.m.s.i.c.CorrelationIdFilter - Request completed event="request_completed" correlationId="3a72935a-35aa-4c03-af4b-37c679bbec88" status="403"
[WebServer] 2026-09-05T10:46:59.872+08:00 INFO  application=marketops-server environment=local buildVersion=0.1.0-SNAPSHOT correlationId=1ebb9fad-740d-4b60-bb25-9bff2c3c36cd c.m.m.s.i.c.CorrelationIdFilter - Request completed event="request_completed" correlationId="1ebb9fad-740d-4b60-bb25-9bff2c3c36cd" status="200"
[WebServer] 2026-09-05T10:46:59.880+08:00 INFO  application=marketops-server environment=local buildVersion=0.1.0-SNAPSHOT correlationId=841f0a2c-58f6-4d38-9048-3e3f8159db25 c.m.m.a.i.a.JdbcMetadataAuditStore - Metadata change recorded event="metadata_change_recorded" sourceDomain="advertisingefficiency" entityType="advertising_queue" entityId="cca165f5-9888-4c15-ab35-3dee06712e2c" action="READ" actorId="f7177cab-6a06-4e3b-9ed9-f12c66598b5e" correlationId="841f0a2c-58f6-4d38-9048-3e3f8159db25"
[WebServer] 2026-09-05T10:46:59.888+08:00 INFO  application=marketops-server environment=local buildVersion=0.1.0-SNAPSHOT correlationId=ecc5f529-9331-409c-b183-6a1b6015f863 c.m.m.a.i.a.JdbcMetadataAuditStore - Metadata change recorded event="metadata_change_recorded" sourceDomain="advertisingefficiency" entityType="advertising_orchestration" entityId="cca165f5-9888-4c15-ab35-3dee06712e2c" action="READ" actorId="f7177cab-6a06-4e3b-9ed9-f12c66598b5e" correlationId="ecc5f529-9331-409c-b183-6a1b6015f863"
[WebServer] 2026-09-05T10:46:59.899+08:00 INFO  application=marketops-server environment=local buildVersion=0.1.0-SNAPSHOT correlationId=ecc5f529-9331-409c-b183-6a1b6015f863 c.m.m.s.i.c.CorrelationIdFilter - Request completed event="request_completed" correlationId="ecc5f529-9331-409c-b183-6a1b6015f863" status="200"
[WebServer] 2026-09-05T10:46:59.980+08:00 INFO  application=marketops-server environment=local buildVersion=0.1.0-SNAPSHOT correlationId=8831e596-eeb5-40a4-8729-5172a864f173 c.m.m.s.i.c.CorrelationIdFilter - Request completed event="request_completed" correlationId="8831e596-eeb5-40a4-8729-5172a864f173" status="200"
[WebServer] 2026-09-05T10:46:59.992+08:00 INFO  application=marketops-server environment=local buildVersion=0.1.0-SNAPSHOT correlationId=841f0a2c-58f6-4d38-9048-3e3f8159db25 c.m.m.s.i.c.CorrelationIdFilter - Request completed event="request_completed" correlationId="841f0a2c-58f6-4d38-9048-3e3f8159db25" status="200"
[WebServer] 2026-09-05T10:47:00.139+08:00 INFO  application=marketops-server environment=local buildVersion=0.1.0-SNAPSHOT correlationId=0e49f295-1071-417f-833a-9ac3a6c46aad c.m.m.a.i.a.JdbcMetadataAuditStore - Metadata change recorded event="metadata_change_recorded" sourceDomain="advertisingefficiency" entityType="advertising_case" entityId="aee54b1e-b6fb-4e26-9b36-98bb72998f64" action="READ" actorId="f7177cab-6a06-4e3b-9ed9-f12c66598b5e" correlationId="0e49f295-1071-417f-833a-9ac3a6c46aad"
[WebServer] 2026-09-05T10:47:00.151+08:00 INFO  application=marketops-server environment=local buildVersion=0.1.0-SNAPSHOT correlationId=0e49f295-1071-417f-833a-9ac3a6c46aad c.m.m.s.i.c.CorrelationIdFilter - Request completed event="request_completed" correlationId="0e49f295-1071-417f-833a-9ac3a6c46aad" status="200"
[WebServer] 2026-09-05T10:47:00.167+08:00 INFO  application=marketops-server environment=local buildVersion=0.1.0-SNAPSHOT correlationId=255436a6-42e4-4f50-95a5-542a5a1806b5 c.m.m.a.i.a.JdbcMetadataAuditStore - Metadata change recorded event="metadata_change_recorded" sourceDomain="advertisingefficiency" entityType="advertising_manual_packet" entityId="5415f794-f605-4dfb-bcfb-98cb8dd0be66" action="READ" actorId="f7177cab-6a06-4e3b-9ed9-f12c66598b5e" correlationId="255436a6-42e4-4f50-95a5-542a5a1806b5"
[WebServer] 2026-09-05T10:47:00.168+08:00 INFO  application=marketops-server environment=local buildVersion=0.1.0-SNAPSHOT correlationId=255436a6-42e4-4f50-95a5-542a5a1806b5 c.m.m.s.i.c.CorrelationIdFilter - Request completed event="request_completed" correlationId="255436a6-42e4-4f50-95a5-542a5a1806b5" status="200"
[WebServer] 2026-09-05T10:47:00.186+08:00 INFO  application=marketops-server environment=local buildVersion=0.1.0-SNAPSHOT correlationId=ea3961e8-1b9e-4ef3-8055-e0aaa6b10b0b c.m.m.s.i.c.CorrelationIdFilter - Request completed event="request_completed" correlationId="ea3961e8-1b9e-4ef3-8055-e0aaa6b10b0b" status="200"
[WebServer] 2026-09-05T10:47:00.192+08:00 INFO  application=marketops-server environment=local buildVersion=0.1.0-SNAPSHOT correlationId=bb1718b5-dd0d-4f8d-9fc5-4aa788fe77e1 c.m.m.s.i.c.CorrelationIdFilter - Request completed event="request_completed" correlationId="bb1718b5-dd0d-4f8d-9fc5-4aa788fe77e1" status="200"
[WebServer] 2026-09-05T10:47:00.218+08:00 INFO  application=marketops-server environment=local buildVersion=0.1.0-SNAPSHOT correlationId=4d3f4d0f-2aa4-45dd-8ad2-d6b7e5c421f0 c.m.m.s.i.c.CorrelationIdFilter - Request completed event="request_completed" correlationId="4d3f4d0f-2aa4-45dd-8ad2-d6b7e5c421f0" status="200"
[WebServer] 2026-09-05T10:47:00.266+08:00 INFO  application=marketops-server environment=local buildVersion=0.1.0-SNAPSHOT correlationId=c9892e2b-3784-4171-9aee-db8809a703c4 c.m.m.s.i.e.ConsoleProblemAdvice - Console request refused event="console_request_refused" errorCode="RESOURCE_NOT_FOUND" correlationId="c9892e2b-3784-4171-9aee-db8809a703c4"
[WebServer] 2026-09-05T10:47:00.266+08:00 INFO  application=marketops-server environment=local buildVersion=0.1.0-SNAPSHOT correlationId=582aa656-ca8d-4b09-96d6-15f13f37bb08 c.m.m.a.i.a.JdbcMetadataAuditStore - Metadata change recorded event="metadata_change_recorded" sourceDomain="advertisingefficiency" entityType="advertising_reservations" entityId="cca165f5-9888-4c15-ab35-3dee06712e2c" action="READ" actorId="f7177cab-6a06-4e3b-9ed9-f12c66598b5e" correlationId="582aa656-ca8d-4b09-96d6-15f13f37bb08"
[WebServer] 2026-09-05T10:47:00.266+08:00 INFO  application=marketops-server environment=local buildVersion=0.1.0-SNAPSHOT correlationId=c9892e2b-3784-4171-9aee-db8809a703c4 c.m.m.s.i.c.CorrelationIdFilter - Request completed event="request_completed" correlationId="c9892e2b-3784-4171-9aee-db8809a703c4" status="404"
[WebServer] 2026-09-05T10:47:00.268+08:00 INFO  application=marketops-server environment=local buildVersion=0.1.0-SNAPSHOT correlationId=582aa656-ca8d-4b09-96d6-15f13f37bb08 c.m.m.s.i.c.CorrelationIdFilter - Request completed event="request_completed" correlationId="582aa656-ca8d-4b09-96d6-15f13f37bb08" status="200"
[WebServer] 2026-09-05T10:47:00.269+08:00 INFO  application=marketops-server environment=local buildVersion=0.1.0-SNAPSHOT correlationId=959872ee-e4b5-4ef2-8a37-a37161c800da c.m.m.a.i.a.JdbcMetadataAuditStore - Metadata change recorded event="metadata_change_recorded" sourceDomain="advertisingefficiency" entityType="advertising_containments" entityId="cca165f5-9888-4c15-ab35-3dee06712e2c" action="READ" actorId="f7177cab-6a06-4e3b-9ed9-f12c66598b5e" correlationId="959872ee-e4b5-4ef2-8a37-a37161c800da"
[WebServer] 2026-09-05T10:47:00.270+08:00 INFO  application=marketops-server environment=local buildVersion=0.1.0-SNAPSHOT correlationId=5079d751-aafd-4a6b-b08c-314e9fc1f7d6 c.m.m.s.i.e.ConsoleProblemAdvice - Console request refused event="console_request_refused" errorCode="RESOURCE_SCOPE_DENIED" correlationId="5079d751-aafd-4a6b-b08c-314e9fc1f7d6"
[WebServer] 2026-09-05T10:47:00.270+08:00 INFO  application=marketops-server environment=local buildVersion=0.1.0-SNAPSHOT correlationId=5079d751-aafd-4a6b-b08c-314e9fc1f7d6 c.m.m.s.i.c.CorrelationIdFilter - Request completed event="request_completed" correlationId="5079d751-aafd-4a6b-b08c-314e9fc1f7d6" status="403"
[WebServer] 2026-09-05T10:47:00.273+08:00 INFO  application=marketops-server environment=local buildVersion=0.1.0-SNAPSHOT correlationId=26cbe1fc-5f77-4adf-a54c-bf34a9961ffa c.m.m.a.i.a.JdbcMetadataAuditStore - Metadata change recorded event="metadata_change_recorded" sourceDomain="availabilityrisk" entityType="availability_queue" entityId="cca165f5-9888-4c15-ab35-3dee06712e2c" action="READ" actorId="f7177cab-6a06-4e3b-9ed9-f12c66598b5e" correlationId="26cbe1fc-5f77-4adf-a54c-bf34a9961ffa"
[WebServer] 2026-09-05T10:47:00.274+08:00 INFO  application=marketops-server environment=local buildVersion=0.1.0-SNAPSHOT correlationId=26cbe1fc-5f77-4adf-a54c-bf34a9961ffa c.m.m.s.i.c.CorrelationIdFilter - Request completed event="request_completed" correlationId="26cbe1fc-5f77-4adf-a54c-bf34a9961ffa" status="200"
[WebServer] 2026-09-05T10:47:00.284+08:00 INFO  application=marketops-server environment=local buildVersion=0.1.0-SNAPSHOT correlationId=1208dc18-0d65-4b3f-acf3-16c852bbede1 c.m.m.a.i.a.JdbcMetadataAuditStore - Metadata change recorded event="metadata_change_recorded" sourceDomain="advertisingefficiency" entityType="advertising_exposure" entityId="cca165f5-9888-4c15-ab35-3dee06712e2c" action="READ" actorId="f7177cab-6a06-4e3b-9ed9-f12c66598b5e" correlationId="1208dc18-0d65-4b3f-acf3-16c852bbede1"
[WebServer] 2026-09-05T10:47:00.285+08:00 INFO  application=marketops-server environment=local buildVersion=0.1.0-SNAPSHOT correlationId=1208dc18-0d65-4b3f-acf3-16c852bbede1 c.m.m.s.i.c.CorrelationIdFilter - Request completed event="request_completed" correlationId="1208dc18-0d65-4b3f-acf3-16c852bbede1" status="200"
[WebServer] 2026-09-05T10:47:00.285+08:00 INFO  application=marketops-server environment=local buildVersion=0.1.0-SNAPSHOT correlationId=9a8542e5-12e2-4572-bfc0-6b1fd2cb6703 c.m.m.s.i.e.ConsoleProblemAdvice - Console request refused event="console_request_refused" errorCode="RESOURCE_SCOPE_DENIED" correlationId="9a8542e5-12e2-4572-bfc0-6b1fd2cb6703"
[WebServer] 2026-09-05T10:47:00.285+08:00 INFO  application=marketops-server environment=local buildVersion=0.1.0-SNAPSHOT correlationId=9a8542e5-12e2-4572-bfc0-6b1fd2cb6703 c.m.m.s.i.c.CorrelationIdFilter - Request completed event="request_completed" correlationId="9a8542e5-12e2-4572-bfc0-6b1fd2cb6703" status="403"
[WebServer] 2026-09-05T10:47:00.288+08:00 INFO  application=marketops-server environment=local buildVersion=0.1.0-SNAPSHOT correlationId=959872ee-e4b5-4ef2-8a37-a37161c800da c.m.m.s.i.c.CorrelationIdFilter - Request completed event="request_completed" correlationId="959872ee-e4b5-4ef2-8a37-a37161c800da" status="200"
[WebServer] 2026-09-05T10:47:00.293+08:00 INFO  application=marketops-server environment=local buildVersion=0.1.0-SNAPSHOT correlationId=5ae04e58-3230-4a92-ae5c-18bc6946a617 c.m.m.a.i.a.JdbcMetadataAuditStore - Metadata change recorded event="metadata_change_recorded" sourceDomain="advertisingefficiency" entityType="advertising_queue" entityId="cca165f5-9888-4c15-ab35-3dee06712e2c" action="READ" actorId="f7177cab-6a06-4e3b-9ed9-f12c66598b5e" correlationId="5ae04e58-3230-4a92-ae5c-18bc6946a617"
[WebServer] 2026-09-05T10:47:00.302+08:00 INFO  application=marketops-server environment=local buildVersion=0.1.0-SNAPSHOT correlationId=8fc31ac1-036b-4e1c-8e2d-a2dedfc3abd6 c.m.m.a.i.a.JdbcMetadataAuditStore - Metadata change recorded event="metadata_change_recorded" sourceDomain="advertisingefficiency" entityType="advertising_orchestration" entityId="cca165f5-9888-4c15-ab35-3dee06712e2c" action="READ" actorId="f7177cab-6a06-4e3b-9ed9-f12c66598b5e" correlationId="8fc31ac1-036b-4e1c-8e2d-a2dedfc3abd6"
[WebServer] 2026-09-05T10:47:00.308+08:00 INFO  application=marketops-server environment=local buildVersion=0.1.0-SNAPSHOT correlationId=8fc31ac1-036b-4e1c-8e2d-a2dedfc3abd6 c.m.m.s.i.c.CorrelationIdFilter - Request completed event="request_completed" correlationId="8fc31ac1-036b-4e1c-8e2d-a2dedfc3abd6" status="200"
[WebServer] 2026-09-05T10:47:00.429+08:00 INFO  application=marketops-server environment=local buildVersion=0.1.0-SNAPSHOT correlationId=5ae04e58-3230-4a92-ae5c-18bc6946a617 c.m.m.s.i.c.CorrelationIdFilter - Request completed event="request_completed" correlationId="5ae04e58-3230-4a92-ae5c-18bc6946a617" status="200"
[WebServer] 2026-09-05T10:47:00.458+08:00 INFO  application=marketops-server environment=local buildVersion=0.1.0-SNAPSHOT correlationId=2397fd91-9614-4e31-8053-8e70c429c9ec c.m.m.s.i.c.CorrelationIdFilter - Request completed event="request_completed" correlationId="2397fd91-9614-4e31-8053-8e70c429c9ec" status="200"
[WebServer] 2026-09-05T10:47:00.475+08:00 INFO  application=marketops-server environment=local buildVersion=0.1.0-SNAPSHOT correlationId=9df59493-7faf-4cf3-99c1-c53b5247f809 c.m.m.a.i.a.JdbcMetadataAuditStore - Metadata change recorded event="metadata_change_recorded" sourceDomain="advertisingefficiency" entityType="advertising_reservations" entityId="cca165f5-9888-4c15-ab35-3dee06712e2c" action="READ" actorId="f7177cab-6a06-4e3b-9ed9-f12c66598b5e" correlationId="9df59493-7faf-4cf3-99c1-c53b5247f809"
[WebServer] 2026-09-05T10:47:00.476+08:00 INFO  application=marketops-server environment=local buildVersion=0.1.0-SNAPSHOT correlationId=320b3ba8-072b-4a0b-8217-882042b50ab8 c.m.m.a.i.a.JdbcMetadataAuditStore - Metadata change recorded event="metadata_change_recorded" sourceDomain="advertisingefficiency" entityType="advertising_containments" entityId="cca165f5-9888-4c15-ab35-3dee06712e2c" action="READ" actorId="f7177cab-6a06-4e3b-9ed9-f12c66598b5e" correlationId="320b3ba8-072b-4a0b-8217-882042b50ab8"
[WebServer] 2026-09-05T10:47:00.477+08:00 INFO  application=marketops-server environment=local buildVersion=0.1.0-SNAPSHOT correlationId=9df59493-7faf-4cf3-99c1-c53b5247f809 c.m.m.s.i.c.CorrelationIdFilter - Request completed event="request_completed" correlationId="9df59493-7faf-4cf3-99c1-c53b5247f809" status="200"
[WebServer] 2026-09-05T10:47:00.495+08:00 INFO  application=marketops-server environment=local buildVersion=0.1.0-SNAPSHOT correlationId=c7886474-deb2-4d1e-9be0-fe29a6fe6270 c.m.m.a.i.a.JdbcMetadataAuditStore - Metadata change recorded event="metadata_change_recorded" sourceDomain="advertisingefficiency" entityType="advertising_exposure" entityId="cca165f5-9888-4c15-ab35-3dee06712e2c" action="READ" actorId="f7177cab-6a06-4e3b-9ed9-f12c66598b5e" correlationId="c7886474-deb2-4d1e-9be0-fe29a6fe6270"
[WebServer] 2026-09-05T10:47:00.496+08:00 INFO  application=marketops-server environment=local buildVersion=0.1.0-SNAPSHOT correlationId=320b3ba8-072b-4a0b-8217-882042b50ab8 c.m.m.s.i.c.CorrelationIdFilter - Request completed event="request_completed" correlationId="320b3ba8-072b-4a0b-8217-882042b50ab8" status="200"
[WebServer] 2026-09-05T10:47:00.497+08:00 INFO  application=marketops-server environment=local buildVersion=0.1.0-SNAPSHOT correlationId=c7886474-deb2-4d1e-9be0-fe29a6fe6270 c.m.m.s.i.c.CorrelationIdFilter - Request completed event="request_completed" correlationId="c7886474-deb2-4d1e-9be0-fe29a6fe6270" status="200"
  ✓   7 tests/advertising-browser/governed-advertising.spec.ts:344:1 › scoped emergency hold remains active until independent recovery conditions are established (2.2s)
[WebServer] 2026-09-05T10:47:01.113+08:00 INFO  application=marketops-server environment=local buildVersion=0.1.0-SNAPSHOT correlationId=cb8ebef9-994d-4e83-92b1-ad8144b9b842 c.m.m.s.i.c.CorrelationIdFilter - Request completed event="request_completed" correlationId="cb8ebef9-994d-4e83-92b1-ad8144b9b842" status="200"
[WebServer] 2026-09-05T10:47:01.121+08:00 INFO  application=marketops-server environment=local buildVersion=0.1.0-SNAPSHOT correlationId=9e06cd02-8c9d-4130-92ae-2353a97e4c1e c.m.m.s.i.e.ConsoleProblemAdvice - Console request refused event="console_request_refused" errorCode="RESOURCE_SCOPE_DENIED" correlationId="9e06cd02-8c9d-4130-92ae-2353a97e4c1e"
[WebServer] 2026-09-05T10:47:01.121+08:00 INFO  application=marketops-server environment=local buildVersion=0.1.0-SNAPSHOT correlationId=9e06cd02-8c9d-4130-92ae-2353a97e4c1e c.m.m.s.i.c.CorrelationIdFilter - Request completed event="request_completed" correlationId="9e06cd02-8c9d-4130-92ae-2353a97e4c1e" status="403"
[WebServer] 2026-09-05T10:47:01.127+08:00 INFO  application=marketops-server environment=local buildVersion=0.1.0-SNAPSHOT correlationId=81a21504-4375-4073-af6e-0fb7899644ce c.m.m.a.i.a.JdbcMetadataAuditStore - Metadata change recorded event="metadata_change_recorded" sourceDomain="advertisingefficiency" entityType="advertising_containments" entityId="48406d2c-59fa-4372-a5ca-360afc3ccd92" action="READ" actorId="8c3e0ab3-732c-4888-b064-0dd16050ba81" correlationId="81a21504-4375-4073-af6e-0fb7899644ce"
[WebServer] 2026-09-05T10:47:01.127+08:00 INFO  application=marketops-server environment=local buildVersion=0.1.0-SNAPSHOT correlationId=de9b1462-7a24-4ea6-bf15-1d8262075eaa c.m.m.a.i.a.JdbcMetadataAuditStore - Metadata change recorded event="metadata_change_recorded" sourceDomain="availabilityrisk" entityType="availability_queue" entityId="48406d2c-59fa-4372-a5ca-360afc3ccd92" action="READ" actorId="8c3e0ab3-732c-4888-b064-0dd16050ba81" correlationId="de9b1462-7a24-4ea6-bf15-1d8262075eaa"
[WebServer] 2026-09-05T10:47:01.131+08:00 INFO  application=marketops-server environment=local buildVersion=0.1.0-SNAPSHOT correlationId=de9b1462-7a24-4ea6-bf15-1d8262075eaa c.m.m.s.i.c.CorrelationIdFilter - Request completed event="request_completed" correlationId="de9b1462-7a24-4ea6-bf15-1d8262075eaa" status="200"
[WebServer] 2026-09-05T10:47:01.136+08:00 INFO  application=marketops-server environment=local buildVersion=0.1.0-SNAPSHOT correlationId=6bebf99b-bcf8-4459-bb13-64c2a592fe9c c.m.m.s.i.e.ConsoleProblemAdvice - Console request refused event="console_request_refused" errorCode="RESOURCE_NOT_FOUND" correlationId="6bebf99b-bcf8-4459-bb13-64c2a592fe9c"
[WebServer] 2026-09-05T10:47:01.137+08:00 INFO  application=marketops-server environment=local buildVersion=0.1.0-SNAPSHOT correlationId=8e5301d1-c65b-4cb0-a23c-76fd6ca237e8 c.m.m.a.i.a.JdbcMetadataAuditStore - Metadata change recorded event="metadata_change_recorded" sourceDomain="advertisingefficiency" entityType="advertising_reservations" entityId="48406d2c-59fa-4372-a5ca-360afc3ccd92" action="READ" actorId="8c3e0ab3-732c-4888-b064-0dd16050ba81" correlationId="8e5301d1-c65b-4cb0-a23c-76fd6ca237e8"
[WebServer] 2026-09-05T10:47:01.137+08:00 INFO  application=marketops-server environment=local buildVersion=0.1.0-SNAPSHOT correlationId=6bebf99b-bcf8-4459-bb13-64c2a592fe9c c.m.m.s.i.c.CorrelationIdFilter - Request completed event="request_completed" correlationId="6bebf99b-bcf8-4459-bb13-64c2a592fe9c" status="404"
[WebServer] 2026-09-05T10:47:01.140+08:00 INFO  application=marketops-server environment=local buildVersion=0.1.0-SNAPSHOT correlationId=3f7c5e9f-5ca4-489e-a96b-727944288f82 c.m.m.a.i.a.JdbcMetadataAuditStore - Metadata change recorded event="metadata_change_recorded" sourceDomain="advertisingefficiency" entityType="advertising_exposure" entityId="48406d2c-59fa-4372-a5ca-360afc3ccd92" action="READ" actorId="8c3e0ab3-732c-4888-b064-0dd16050ba81" correlationId="3f7c5e9f-5ca4-489e-a96b-727944288f82"
[WebServer] 2026-09-05T10:47:01.141+08:00 INFO  application=marketops-server environment=local buildVersion=0.1.0-SNAPSHOT correlationId=3f7c5e9f-5ca4-489e-a96b-727944288f82 c.m.m.s.i.c.CorrelationIdFilter - Request completed event="request_completed" correlationId="3f7c5e9f-5ca4-489e-a96b-727944288f82" status="200"
[WebServer] 2026-09-05T10:47:01.143+08:00 INFO  application=marketops-server environment=local buildVersion=0.1.0-SNAPSHOT correlationId=81a21504-4375-4073-af6e-0fb7899644ce c.m.m.s.i.c.CorrelationIdFilter - Request completed event="request_completed" correlationId="81a21504-4375-4073-af6e-0fb7899644ce" status="200"
[WebServer] 2026-09-05T10:47:01.148+08:00 INFO  application=marketops-server environment=local buildVersion=0.1.0-SNAPSHOT correlationId=c90aedeb-23bf-4adf-9211-a4959b97447b c.m.m.s.i.e.ConsoleProblemAdvice - Console request refused event="console_request_refused" errorCode="RESOURCE_SCOPE_DENIED" correlationId="c90aedeb-23bf-4adf-9211-a4959b97447b"
[WebServer] 2026-09-05T10:47:01.148+08:00 INFO  application=marketops-server environment=local buildVersion=0.1.0-SNAPSHOT correlationId=c90aedeb-23bf-4adf-9211-a4959b97447b c.m.m.s.i.c.CorrelationIdFilter - Request completed event="request_completed" correlationId="c90aedeb-23bf-4adf-9211-a4959b97447b" status="403"
[WebServer] 2026-09-05T10:47:01.150+08:00 INFO  application=marketops-server environment=local buildVersion=0.1.0-SNAPSHOT correlationId=98a4ea93-3e12-470f-8a5b-cd5ec6d665a6 c.m.m.a.i.a.JdbcMetadataAuditStore - Metadata change recorded event="metadata_change_recorded" sourceDomain="advertisingefficiency" entityType="advertising_queue" entityId="48406d2c-59fa-4372-a5ca-360afc3ccd92" action="READ" actorId="8c3e0ab3-732c-4888-b064-0dd16050ba81" correlationId="98a4ea93-3e12-470f-8a5b-cd5ec6d665a6"
[WebServer] 2026-09-05T10:47:01.155+08:00 INFO  application=marketops-server environment=local buildVersion=0.1.0-SNAPSHOT correlationId=8e5301d1-c65b-4cb0-a23c-76fd6ca237e8 c.m.m.s.i.c.CorrelationIdFilter - Request completed event="request_completed" correlationId="8e5301d1-c65b-4cb0-a23c-76fd6ca237e8" status="200"
[WebServer] 2026-09-05T10:47:01.161+08:00 INFO  application=marketops-server environment=local buildVersion=0.1.0-SNAPSHOT correlationId=98a4ea93-3e12-470f-8a5b-cd5ec6d665a6 c.m.m.s.i.c.CorrelationIdFilter - Request completed event="request_completed" correlationId="98a4ea93-3e12-470f-8a5b-cd5ec6d665a6" status="200"
[WebServer] 2026-09-05T10:47:01.169+08:00 INFO  application=marketops-server environment=local buildVersion=0.1.0-SNAPSHOT correlationId=e9e95350-80c8-4901-9cfd-aaa5d443bbd4 c.m.m.a.i.a.JdbcMetadataAuditStore - Metadata change recorded event="metadata_change_recorded" sourceDomain="advertisingefficiency" entityType="advertising_orchestration" entityId="48406d2c-59fa-4372-a5ca-360afc3ccd92" action="READ" actorId="8c3e0ab3-732c-4888-b064-0dd16050ba81" correlationId="e9e95350-80c8-4901-9cfd-aaa5d443bbd4"
[WebServer] 2026-09-05T10:47:01.170+08:00 INFO  application=marketops-server environment=local buildVersion=0.1.0-SNAPSHOT correlationId=e9e95350-80c8-4901-9cfd-aaa5d443bbd4 c.m.m.s.i.c.CorrelationIdFilter - Request completed event="request_completed" correlationId="e9e95350-80c8-4901-9cfd-aaa5d443bbd4" status="200"
[WebServer] 2026-09-05T10:47:01.177+08:00 INFO  application=marketops-server environment=local buildVersion=0.1.0-SNAPSHOT correlationId=4721b7db-834c-441e-98bb-43a8976329a2 c.m.m.s.i.c.CorrelationIdFilter - Request completed event="request_completed" correlationId="4721b7db-834c-441e-98bb-43a8976329a2" status="200"
[WebServer] 2026-09-05T10:47:01.280+08:00 INFO  application=marketops-server environment=local buildVersion=0.1.0-SNAPSHOT correlationId=dab33271-0718-4f9e-829f-7ca7d6fd5713 c.m.m.a.i.a.JdbcMetadataAuditStore - Metadata change recorded event="metadata_change_recorded" sourceDomain="advertisingefficiency" entityType="advertising_case" entityId="1cf30d86-d9e8-4d8b-a9a0-c8e0e71277b8" action="READ" actorId="8c3e0ab3-732c-4888-b064-0dd16050ba81" correlationId="dab33271-0718-4f9e-829f-7ca7d6fd5713"
[WebServer] 2026-09-05T10:47:01.290+08:00 INFO  application=marketops-server environment=local buildVersion=0.1.0-SNAPSHOT correlationId=dab33271-0718-4f9e-829f-7ca7d6fd5713 c.m.m.s.i.c.CorrelationIdFilter - Request completed event="request_completed" correlationId="dab33271-0718-4f9e-829f-7ca7d6fd5713" status="200"
[WebServer] 2026-09-05T10:47:01.306+08:00 INFO  application=marketops-server environment=local buildVersion=0.1.0-SNAPSHOT correlationId=becb4b62-7913-4375-ab81-33343c86a8af c.m.m.a.i.a.JdbcMetadataAuditStore - Metadata change recorded event="metadata_change_recorded" sourceDomain="advertisingefficiency" entityType="advertising_manual_packet" entityId="925bb501-4354-4756-8f46-64e544d9d397" action="READ" actorId="8c3e0ab3-732c-4888-b064-0dd16050ba81" correlationId="becb4b62-7913-4375-ab81-33343c86a8af"
[WebServer] 2026-09-05T10:47:01.307+08:00 INFO  application=marketops-server environment=local buildVersion=0.1.0-SNAPSHOT correlationId=becb4b62-7913-4375-ab81-33343c86a8af c.m.m.s.i.c.CorrelationIdFilter - Request completed event="request_completed" correlationId="becb4b62-7913-4375-ab81-33343c86a8af" status="200"
[WebServer] 2026-09-05T10:47:01.326+08:00 INFO  application=marketops-server environment=local buildVersion=0.1.0-SNAPSHOT correlationId=4204d516-2e5e-44f0-abad-2186f8ad6c9c c.m.m.s.i.c.CorrelationIdFilter - Request completed event="request_completed" correlationId="4204d516-2e5e-44f0-abad-2186f8ad6c9c" status="200"
[WebServer] 2026-09-05T10:47:01.338+08:00 INFO  application=marketops-server environment=local buildVersion=0.1.0-SNAPSHOT correlationId=4ae04e0a-fce8-40f3-89cf-6315dcf5d27f c.m.m.s.i.c.CorrelationIdFilter - Request completed event="request_completed" correlationId="4ae04e0a-fce8-40f3-89cf-6315dcf5d27f" status="200"
[WebServer] 2026-09-05T10:47:01.355+08:00 INFO  application=marketops-server environment=local buildVersion=0.1.0-SNAPSHOT correlationId=63d6dcbe-6be3-4a43-8080-5771e279893d c.m.m.s.i.c.CorrelationIdFilter - Request completed event="request_completed" correlationId="63d6dcbe-6be3-4a43-8080-5771e279893d" status="200"
[WebServer] 2026-09-05T10:47:01.360+08:00 INFO  application=marketops-server environment=local buildVersion=0.1.0-SNAPSHOT correlationId=85be571b-819e-4898-a862-c14bf629e403 c.m.m.a.i.a.JdbcMetadataAuditStore - Metadata change recorded event="metadata_change_recorded" sourceDomain="advertisingefficiency" entityType="advertising_command" entityId="a6efab29-afac-4194-b58a-f8f84e9a4172" action="READ" actorId="8c3e0ab3-732c-4888-b064-0dd16050ba81" correlationId="85be571b-819e-4898-a862-c14bf629e403"
[WebServer] 2026-09-05T10:47:01.377+08:00 INFO  application=marketops-server environment=local buildVersion=0.1.0-SNAPSHOT correlationId=85be571b-819e-4898-a862-c14bf629e403 c.m.m.s.i.c.CorrelationIdFilter - Request completed event="request_completed" correlationId="85be571b-819e-4898-a862-c14bf629e403" status="200"
[WebServer] 2026-09-05T10:47:01.399+08:00 INFO  application=marketops-server environment=local buildVersion=0.1.0-SNAPSHOT correlationId=97a317a6-b5ef-4654-b0ad-c5e912ab074d c.m.m.s.i.c.CorrelationIdFilter - Request completed event="request_completed" correlationId="97a317a6-b5ef-4654-b0ad-c5e912ab074d" status="200"
[WebServer] 2026-09-05T10:47:01.402+08:00 INFO  application=marketops-server environment=local buildVersion=0.1.0-SNAPSHOT correlationId=8b8932b1-1e52-4a62-a607-4061fb1f183f c.m.m.a.i.a.JdbcMetadataAuditStore - Metadata change recorded event="metadata_change_recorded" sourceDomain="advertisingefficiency" entityType="advertising_outcome" entityId="a6efab29-afac-4194-b58a-f8f84e9a4172" action="READ" actorId="8c3e0ab3-732c-4888-b064-0dd16050ba81" correlationId="8b8932b1-1e52-4a62-a607-4061fb1f183f"
[WebServer] 2026-09-05T10:47:01.406+08:00 INFO  application=marketops-server environment=local buildVersion=0.1.0-SNAPSHOT correlationId=8b8932b1-1e52-4a62-a607-4061fb1f183f c.m.m.s.i.c.CorrelationIdFilter - Request completed event="request_completed" correlationId="8b8932b1-1e52-4a62-a607-4061fb1f183f" status="200"
[WebServer] 2026-09-05T10:47:01.779+08:00 INFO  application=marketops-server environment=local buildVersion=0.1.0-SNAPSHOT correlationId=2b0229d4-e617-4d6d-a940-4c45c13cc8b8 c.m.m.s.i.c.CorrelationIdFilter - Request completed event="request_completed" correlationId="2b0229d4-e617-4d6d-a940-4c45c13cc8b8" status="200"
[WebServer] 2026-09-05T10:47:01.796+08:00 INFO  application=marketops-server environment=local buildVersion=0.1.0-SNAPSHOT correlationId=ee5ab469-7952-4fe7-a344-1c40c627fd5b c.m.m.s.i.e.ConsoleProblemAdvice - Console request refused event="console_request_refused" errorCode="RESOURCE_NOT_FOUND" correlationId="ee5ab469-7952-4fe7-a344-1c40c627fd5b"
[WebServer] 2026-09-05T10:47:01.796+08:00 INFO  application=marketops-server environment=local buildVersion=0.1.0-SNAPSHOT correlationId=ee5ab469-7952-4fe7-a344-1c40c627fd5b c.m.m.s.i.c.CorrelationIdFilter - Request completed event="request_completed" correlationId="ee5ab469-7952-4fe7-a344-1c40c627fd5b" status="404"
[WebServer] 2026-09-05T10:47:01.799+08:00 INFO  application=marketops-server environment=local buildVersion=0.1.0-SNAPSHOT correlationId=63a383b9-acc0-4b29-8ee9-d8bd10b4c9f3 c.m.m.a.i.a.JdbcMetadataAuditStore - Metadata change recorded event="metadata_change_recorded" sourceDomain="advertisingefficiency" entityType="advertising_reservations" entityId="48406d2c-59fa-4372-a5ca-360afc3ccd92" action="READ" actorId="5422da3d-59d2-436f-883c-9065b85cb69d" correlationId="63a383b9-acc0-4b29-8ee9-d8bd10b4c9f3"
[WebServer] 2026-09-05T10:47:01.801+08:00 INFO  application=marketops-server environment=local buildVersion=0.1.0-SNAPSHOT correlationId=997ba41d-effc-4fba-8882-6a09b14aa2d2 c.m.m.a.i.a.JdbcMetadataAuditStore - Metadata change recorded event="metadata_change_recorded" sourceDomain="advertisingefficiency" entityType="advertising_containments" entityId="48406d2c-59fa-4372-a5ca-360afc3ccd92" action="READ" actorId="5422da3d-59d2-436f-883c-9065b85cb69d" correlationId="997ba41d-effc-4fba-8882-6a09b14aa2d2"
[WebServer] 2026-09-05T10:47:01.805+08:00 INFO  application=marketops-server environment=local buildVersion=0.1.0-SNAPSHOT correlationId=abef2256-b681-42a4-be83-414285899ded c.m.m.s.i.e.ConsoleProblemAdvice - Console request refused event="console_request_refused" errorCode="RESOURCE_SCOPE_DENIED" correlationId="abef2256-b681-42a4-be83-414285899ded"
[WebServer] 2026-09-05T10:47:01.806+08:00 INFO  application=marketops-server environment=local buildVersion=0.1.0-SNAPSHOT correlationId=abef2256-b681-42a4-be83-414285899ded c.m.m.s.i.c.CorrelationIdFilter - Request completed event="request_completed" correlationId="abef2256-b681-42a4-be83-414285899ded" status="403"
[WebServer] 2026-09-05T10:47:01.807+08:00 INFO  application=marketops-server environment=local buildVersion=0.1.0-SNAPSHOT correlationId=9492eacb-1679-481a-8c9f-9e8a0af2786c c.m.m.a.i.a.JdbcMetadataAuditStore - Metadata change recorded event="metadata_change_recorded" sourceDomain="advertisingefficiency" entityType="advertising_exposure" entityId="48406d2c-59fa-4372-a5ca-360afc3ccd92" action="READ" actorId="5422da3d-59d2-436f-883c-9065b85cb69d" correlationId="9492eacb-1679-481a-8c9f-9e8a0af2786c"
[WebServer] 2026-09-05T10:47:01.807+08:00 INFO  application=marketops-server environment=local buildVersion=0.1.0-SNAPSHOT correlationId=ad070e6e-0afe-45ab-a570-d48be47b9330 c.m.m.a.i.a.JdbcMetadataAuditStore - Metadata change recorded event="metadata_change_recorded" sourceDomain="availabilityrisk" entityType="availability_queue" entityId="48406d2c-59fa-4372-a5ca-360afc3ccd92" action="READ" actorId="5422da3d-59d2-436f-883c-9065b85cb69d" correlationId="ad070e6e-0afe-45ab-a570-d48be47b9330"
[WebServer] 2026-09-05T10:47:01.809+08:00 INFO  application=marketops-server environment=local buildVersion=0.1.0-SNAPSHOT correlationId=9492eacb-1679-481a-8c9f-9e8a0af2786c c.m.m.s.i.c.CorrelationIdFilter - Request completed event="request_completed" correlationId="9492eacb-1679-481a-8c9f-9e8a0af2786c" status="200"
[WebServer] 2026-09-05T10:47:01.809+08:00 INFO  application=marketops-server environment=local buildVersion=0.1.0-SNAPSHOT correlationId=ad070e6e-0afe-45ab-a570-d48be47b9330 c.m.m.s.i.c.CorrelationIdFilter - Request completed event="request_completed" correlationId="ad070e6e-0afe-45ab-a570-d48be47b9330" status="200"
[WebServer] 2026-09-05T10:47:01.810+08:00 INFO  application=marketops-server environment=local buildVersion=0.1.0-SNAPSHOT correlationId=997ba41d-effc-4fba-8882-6a09b14aa2d2 c.m.m.s.i.c.CorrelationIdFilter - Request completed event="request_completed" correlationId="997ba41d-effc-4fba-8882-6a09b14aa2d2" status="200"
[WebServer] 2026-09-05T10:47:01.819+08:00 INFO  application=marketops-server environment=local buildVersion=0.1.0-SNAPSHOT correlationId=63a383b9-acc0-4b29-8ee9-d8bd10b4c9f3 c.m.m.s.i.c.CorrelationIdFilter - Request completed event="request_completed" correlationId="63a383b9-acc0-4b29-8ee9-d8bd10b4c9f3" status="200"
[WebServer] 2026-09-05T10:47:01.821+08:00 INFO  application=marketops-server environment=local buildVersion=0.1.0-SNAPSHOT correlationId=4b18da5a-d19b-4b3f-b0b6-efcb07ae5bf1 c.m.m.s.i.e.ConsoleProblemAdvice - Console request refused event="console_request_refused" errorCode="RESOURCE_SCOPE_DENIED" correlationId="4b18da5a-d19b-4b3f-b0b6-efcb07ae5bf1"
[WebServer] 2026-09-05T10:47:01.822+08:00 INFO  application=marketops-server environment=local buildVersion=0.1.0-SNAPSHOT correlationId=4b18da5a-d19b-4b3f-b0b6-efcb07ae5bf1 c.m.m.s.i.c.CorrelationIdFilter - Request completed event="request_completed" correlationId="4b18da5a-d19b-4b3f-b0b6-efcb07ae5bf1" status="403"
[WebServer] 2026-09-05T10:47:01.823+08:00 INFO  application=marketops-server environment=local buildVersion=0.1.0-SNAPSHOT correlationId=a9e4cf5c-a267-4a34-90f8-3bed3abddfd9 c.m.m.a.i.a.JdbcMetadataAuditStore - Metadata change recorded event="metadata_change_recorded" sourceDomain="advertisingefficiency" entityType="advertising_queue" entityId="48406d2c-59fa-4372-a5ca-360afc3ccd92" action="READ" actorId="5422da3d-59d2-436f-883c-9065b85cb69d" correlationId="a9e4cf5c-a267-4a34-90f8-3bed3abddfd9"
[WebServer] 2026-09-05T10:47:01.836+08:00 INFO  application=marketops-server environment=local buildVersion=0.1.0-SNAPSHOT correlationId=4286d822-9b09-4dd2-b42c-dbab2563e8bf c.m.m.a.i.a.JdbcMetadataAuditStore - Metadata change recorded event="metadata_change_recorded" sourceDomain="advertisingefficiency" entityType="advertising_orchestration" entityId="48406d2c-59fa-4372-a5ca-360afc3ccd92" action="READ" actorId="5422da3d-59d2-436f-883c-9065b85cb69d" correlationId="4286d822-9b09-4dd2-b42c-dbab2563e8bf"
[WebServer] 2026-09-05T10:47:01.836+08:00 INFO  application=marketops-server environment=local buildVersion=0.1.0-SNAPSHOT correlationId=a9e4cf5c-a267-4a34-90f8-3bed3abddfd9 c.m.m.s.i.c.CorrelationIdFilter - Request completed event="request_completed" correlationId="a9e4cf5c-a267-4a34-90f8-3bed3abddfd9" status="200"
[WebServer] 2026-09-05T10:47:01.837+08:00 INFO  application=marketops-server environment=local buildVersion=0.1.0-SNAPSHOT correlationId=4286d822-9b09-4dd2-b42c-dbab2563e8bf c.m.m.s.i.c.CorrelationIdFilter - Request completed event="request_completed" correlationId="4286d822-9b09-4dd2-b42c-dbab2563e8bf" status="200"
[WebServer] 2026-09-05T10:47:01.852+08:00 INFO  application=marketops-server environment=local buildVersion=0.1.0-SNAPSHOT correlationId=60196294-3bec-4b4f-8b0a-dafbe57d6be3 c.m.m.s.i.c.CorrelationIdFilter - Request completed event="request_completed" correlationId="60196294-3bec-4b4f-8b0a-dafbe57d6be3" status="200"
[WebServer] 2026-09-05T10:47:01.988+08:00 INFO  application=marketops-server environment=local buildVersion=0.1.0-SNAPSHOT correlationId=270db9e1-6dbd-4ff2-bcd4-d05232992022 c.m.m.a.i.a.JdbcMetadataAuditStore - Metadata change recorded event="metadata_change_recorded" sourceDomain="advertisingefficiency" entityType="advertising_case" entityId="1cf30d86-d9e8-4d8b-a9a0-c8e0e71277b8" action="READ" actorId="5422da3d-59d2-436f-883c-9065b85cb69d" correlationId="270db9e1-6dbd-4ff2-bcd4-d05232992022"
[WebServer] 2026-09-05T10:47:02.002+08:00 INFO  application=marketops-server environment=local buildVersion=0.1.0-SNAPSHOT correlationId=270db9e1-6dbd-4ff2-bcd4-d05232992022 c.m.m.s.i.c.CorrelationIdFilter - Request completed event="request_completed" correlationId="270db9e1-6dbd-4ff2-bcd4-d05232992022" status="200"
[WebServer] 2026-09-05T10:47:02.015+08:00 INFO  application=marketops-server environment=local buildVersion=0.1.0-SNAPSHOT correlationId=8c465fd9-e529-4576-aec9-c1f967ba703e c.m.m.a.i.a.JdbcMetadataAuditStore - Metadata change recorded event="metadata_change_recorded" sourceDomain="advertisingefficiency" entityType="advertising_manual_packet" entityId="925bb501-4354-4756-8f46-64e544d9d397" action="READ" actorId="5422da3d-59d2-436f-883c-9065b85cb69d" correlationId="8c465fd9-e529-4576-aec9-c1f967ba703e"
[WebServer] 2026-09-05T10:47:02.016+08:00 INFO  application=marketops-server environment=local buildVersion=0.1.0-SNAPSHOT correlationId=8c465fd9-e529-4576-aec9-c1f967ba703e c.m.m.s.i.c.CorrelationIdFilter - Request completed event="request_completed" correlationId="8c465fd9-e529-4576-aec9-c1f967ba703e" status="200"
[WebServer] 2026-09-05T10:47:02.034+08:00 INFO  application=marketops-server environment=local buildVersion=0.1.0-SNAPSHOT correlationId=daf8f683-326c-469f-9f98-2e5b7af5d36b c.m.m.s.i.c.CorrelationIdFilter - Request completed event="request_completed" correlationId="daf8f683-326c-469f-9f98-2e5b7af5d36b" status="200"
[WebServer] 2026-09-05T10:47:02.041+08:00 INFO  application=marketops-server environment=local buildVersion=0.1.0-SNAPSHOT correlationId=97cd196c-b9ba-4bae-aaeb-17958e3d559b c.m.m.s.i.c.CorrelationIdFilter - Request completed event="request_completed" correlationId="97cd196c-b9ba-4bae-aaeb-17958e3d559b" status="200"
[WebServer] 2026-09-05T10:47:02.058+08:00 INFO  application=marketops-server environment=local buildVersion=0.1.0-SNAPSHOT correlationId=4ace48df-ca2c-475c-9cfe-97ee24071d1d c.m.m.s.i.c.CorrelationIdFilter - Request completed event="request_completed" correlationId="4ace48df-ca2c-475c-9cfe-97ee24071d1d" status="200"
[WebServer] 2026-09-05T10:47:02.061+08:00 INFO  application=marketops-server environment=local buildVersion=0.1.0-SNAPSHOT correlationId=92751ab9-8b9c-4132-8ed1-579d08547ad0 c.m.m.a.i.a.JdbcMetadataAuditStore - Metadata change recorded event="metadata_change_recorded" sourceDomain="advertisingefficiency" entityType="advertising_command" entityId="a6efab29-afac-4194-b58a-f8f84e9a4172" action="READ" actorId="5422da3d-59d2-436f-883c-9065b85cb69d" correlationId="92751ab9-8b9c-4132-8ed1-579d08547ad0"
[WebServer] 2026-09-05T10:47:02.072+08:00 INFO  application=marketops-server environment=local buildVersion=0.1.0-SNAPSHOT correlationId=92751ab9-8b9c-4132-8ed1-579d08547ad0 c.m.m.s.i.c.CorrelationIdFilter - Request completed event="request_completed" correlationId="92751ab9-8b9c-4132-8ed1-579d08547ad0" status="200"
[WebServer] 2026-09-05T10:47:02.079+08:00 DEBUG application=marketops-server environment=local buildVersion=0.1.0-SNAPSHOT correlationId=75779949-915d-4de3-baa5-013325e7019c c.m.m.s.i.c.CorrelationIdFilter - Inbound correlation identifier replaced event="correlation_identifier_replaced" correlationId="75779949-915d-4de3-baa5-013325e7019c" rejectionCategory="MISSING"
[WebServer] 2026-09-05T10:47:02.093+08:00 INFO  application=marketops-server environment=local buildVersion=0.1.0-SNAPSHOT correlationId=1cce8dd4-af1c-4923-b2d4-c97f19206acc c.m.m.s.i.c.CorrelationIdFilter - Request completed event="request_completed" correlationId="1cce8dd4-af1c-4923-b2d4-c97f19206acc" status="200"
[WebServer] 2026-09-05T10:47:02.097+08:00 INFO  application=marketops-server environment=local buildVersion=0.1.0-SNAPSHOT correlationId=a32ff53f-bc9e-4312-9cfc-005435569c91 c.m.m.a.i.a.JdbcMetadataAuditStore - Metadata change recorded event="metadata_change_recorded" sourceDomain="advertisingefficiency" entityType="advertising_outcome" entityId="a6efab29-afac-4194-b58a-f8f84e9a4172" action="READ" actorId="5422da3d-59d2-436f-883c-9065b85cb69d" correlationId="a32ff53f-bc9e-4312-9cfc-005435569c91"
[WebServer] 2026-09-05T10:47:02.099+08:00 INFO  application=marketops-server environment=local buildVersion=0.1.0-SNAPSHOT correlationId=75779949-915d-4de3-baa5-013325e7019c c.m.m.a.i.a.JdbcMetadataAuditStore - Metadata change recorded event="metadata_change_recorded" sourceDomain="advertisingefficiency" entityType="advertising_command" entityId="a6efab29-afac-4194-b58a-f8f84e9a4172" action="READ" actorId="5422da3d-59d2-436f-883c-9065b85cb69d" correlationId="75779949-915d-4de3-baa5-013325e7019c"
[WebServer] 2026-09-05T10:47:02.099+08:00 INFO  application=marketops-server environment=local buildVersion=0.1.0-SNAPSHOT correlationId=a32ff53f-bc9e-4312-9cfc-005435569c91 c.m.m.s.i.c.CorrelationIdFilter - Request completed event="request_completed" correlationId="a32ff53f-bc9e-4312-9cfc-005435569c91" status="200"
[WebServer] 2026-09-05T10:47:02.111+08:00 INFO  application=marketops-server environment=local buildVersion=0.1.0-SNAPSHOT correlationId=75779949-915d-4de3-baa5-013325e7019c c.m.m.s.i.c.CorrelationIdFilter - Request completed event="request_completed" correlationId="75779949-915d-4de3-baa5-013325e7019c" status="200"
  ✓   8 tests/advertising-browser/governed-advertising.spec.ts:394:3 › HISTORY_UNKNOWN preserves actual HTTP command history, unresolved state and separate outcomes (1.5s)
[WebServer] 2026-09-05T10:47:02.549+08:00 INFO  application=marketops-server environment=local buildVersion=0.1.0-SNAPSHOT correlationId=ad2191e6-8b14-4ed6-a37a-23d95658955b c.m.m.s.i.c.CorrelationIdFilter - Request completed event="request_completed" correlationId="ad2191e6-8b14-4ed6-a37a-23d95658955b" status="200"
[WebServer] 2026-09-05T10:47:02.554+08:00 INFO  application=marketops-server environment=local buildVersion=0.1.0-SNAPSHOT correlationId=37d29f6e-9ed6-4073-baca-ade18510c5a5 c.m.m.a.i.a.JdbcMetadataAuditStore - Metadata change recorded event="metadata_change_recorded" sourceDomain="advertisingefficiency" entityType="advertising_reservations" entityId="8d5d104d-27dd-4588-a501-6821ae6f7ed5" action="READ" actorId="90c78417-8535-48d1-be94-a6d0e8f6021a" correlationId="37d29f6e-9ed6-4073-baca-ade18510c5a5"
[WebServer] 2026-09-05T10:47:02.556+08:00 INFO  application=marketops-server environment=local buildVersion=0.1.0-SNAPSHOT correlationId=aa7c9791-05ff-4f29-b573-17a58d44edc4 c.m.m.s.i.e.ConsoleProblemAdvice - Console request refused event="console_request_refused" errorCode="RESOURCE_NOT_FOUND" correlationId="aa7c9791-05ff-4f29-b573-17a58d44edc4"
[WebServer] 2026-09-05T10:47:02.556+08:00 INFO  application=marketops-server environment=local buildVersion=0.1.0-SNAPSHOT correlationId=aa7c9791-05ff-4f29-b573-17a58d44edc4 c.m.m.s.i.c.CorrelationIdFilter - Request completed event="request_completed" correlationId="aa7c9791-05ff-4f29-b573-17a58d44edc4" status="404"
[WebServer] 2026-09-05T10:47:02.558+08:00 INFO  application=marketops-server environment=local buildVersion=0.1.0-SNAPSHOT correlationId=a8b60661-4daf-4bcd-9904-a3250bded0cc c.m.m.s.i.e.ConsoleProblemAdvice - Console request refused event="console_request_refused" errorCode="RESOURCE_SCOPE_DENIED" correlationId="a8b60661-4daf-4bcd-9904-a3250bded0cc"
[WebServer] 2026-09-05T10:47:02.558+08:00 INFO  application=marketops-server environment=local buildVersion=0.1.0-SNAPSHOT correlationId=a8b60661-4daf-4bcd-9904-a3250bded0cc c.m.m.s.i.c.CorrelationIdFilter - Request completed event="request_completed" correlationId="a8b60661-4daf-4bcd-9904-a3250bded0cc" status="403"
[WebServer] 2026-09-05T10:47:02.562+08:00 INFO  application=marketops-server environment=local buildVersion=0.1.0-SNAPSHOT correlationId=ecdf355d-b13b-4368-9965-6b7edf712315 c.m.m.a.i.a.JdbcMetadataAuditStore - Metadata change recorded event="metadata_change_recorded" sourceDomain="availabilityrisk" entityType="availability_queue" entityId="8d5d104d-27dd-4588-a501-6821ae6f7ed5" action="READ" actorId="90c78417-8535-48d1-be94-a6d0e8f6021a" correlationId="ecdf355d-b13b-4368-9965-6b7edf712315"
[WebServer] 2026-09-05T10:47:02.563+08:00 INFO  application=marketops-server environment=local buildVersion=0.1.0-SNAPSHOT correlationId=4cb5e3c0-9375-4066-a3a4-612ce08bc120 c.m.m.a.i.a.JdbcMetadataAuditStore - Metadata change recorded event="metadata_change_recorded" sourceDomain="advertisingefficiency" entityType="advertising_containments" entityId="8d5d104d-27dd-4588-a501-6821ae6f7ed5" action="READ" actorId="90c78417-8535-48d1-be94-a6d0e8f6021a" correlationId="4cb5e3c0-9375-4066-a3a4-612ce08bc120"
[WebServer] 2026-09-05T10:47:02.564+08:00 INFO  application=marketops-server environment=local buildVersion=0.1.0-SNAPSHOT correlationId=ecdf355d-b13b-4368-9965-6b7edf712315 c.m.m.s.i.c.CorrelationIdFilter - Request completed event="request_completed" correlationId="ecdf355d-b13b-4368-9965-6b7edf712315" status="200"
[WebServer] 2026-09-05T10:47:02.571+08:00 INFO  application=marketops-server environment=local buildVersion=0.1.0-SNAPSHOT correlationId=4cb5e3c0-9375-4066-a3a4-612ce08bc120 c.m.m.s.i.c.CorrelationIdFilter - Request completed event="request_completed" correlationId="4cb5e3c0-9375-4066-a3a4-612ce08bc120" status="200"
[WebServer] 2026-09-05T10:47:02.572+08:00 INFO  application=marketops-server environment=local buildVersion=0.1.0-SNAPSHOT correlationId=707dd95d-e329-408b-804a-535dca2e1f41 c.m.m.s.i.e.ConsoleProblemAdvice - Console request refused event="console_request_refused" errorCode="RESOURCE_SCOPE_DENIED" correlationId="707dd95d-e329-408b-804a-535dca2e1f41"
[WebServer] 2026-09-05T10:47:02.572+08:00 INFO  application=marketops-server environment=local buildVersion=0.1.0-SNAPSHOT correlationId=707dd95d-e329-408b-804a-535dca2e1f41 c.m.m.s.i.c.CorrelationIdFilter - Request completed event="request_completed" correlationId="707dd95d-e329-408b-804a-535dca2e1f41" status="403"
[WebServer] 2026-09-05T10:47:02.575+08:00 INFO  application=marketops-server environment=local buildVersion=0.1.0-SNAPSHOT correlationId=f236bfac-b190-4868-bdf2-a58be2a228a5 c.m.m.a.i.a.JdbcMetadataAuditStore - Metadata change recorded event="metadata_change_recorded" sourceDomain="advertisingefficiency" entityType="advertising_exposure" entityId="8d5d104d-27dd-4588-a501-6821ae6f7ed5" action="READ" actorId="90c78417-8535-48d1-be94-a6d0e8f6021a" correlationId="f236bfac-b190-4868-bdf2-a58be2a228a5"
[WebServer] 2026-09-05T10:47:02.576+08:00 INFO  application=marketops-server environment=local buildVersion=0.1.0-SNAPSHOT correlationId=f236bfac-b190-4868-bdf2-a58be2a228a5 c.m.m.s.i.c.CorrelationIdFilter - Request completed event="request_completed" correlationId="f236bfac-b190-4868-bdf2-a58be2a228a5" status="200"
[WebServer] 2026-09-05T10:47:02.577+08:00 INFO  application=marketops-server environment=local buildVersion=0.1.0-SNAPSHOT correlationId=37d29f6e-9ed6-4073-baca-ade18510c5a5 c.m.m.s.i.c.CorrelationIdFilter - Request completed event="request_completed" correlationId="37d29f6e-9ed6-4073-baca-ade18510c5a5" status="200"
[WebServer] 2026-09-05T10:47:02.578+08:00 INFO  application=marketops-server environment=local buildVersion=0.1.0-SNAPSHOT correlationId=75013247-054f-4a8e-b3a2-d1bec9936b9f c.m.m.a.i.a.JdbcMetadataAuditStore - Metadata change recorded event="metadata_change_recorded" sourceDomain="advertisingefficiency" entityType="advertising_queue" entityId="8d5d104d-27dd-4588-a501-6821ae6f7ed5" action="READ" actorId="90c78417-8535-48d1-be94-a6d0e8f6021a" correlationId="75013247-054f-4a8e-b3a2-d1bec9936b9f"
[WebServer] 2026-09-05T10:47:02.591+08:00 INFO  application=marketops-server environment=local buildVersion=0.1.0-SNAPSHOT correlationId=75013247-054f-4a8e-b3a2-d1bec9936b9f c.m.m.s.i.c.CorrelationIdFilter - Request completed event="request_completed" correlationId="75013247-054f-4a8e-b3a2-d1bec9936b9f" status="200"
[WebServer] 2026-09-05T10:47:02.592+08:00 INFO  application=marketops-server environment=local buildVersion=0.1.0-SNAPSHOT correlationId=2d9b1e73-85b0-4c99-931d-43fc3aa83410 c.m.m.a.i.a.JdbcMetadataAuditStore - Metadata change recorded event="metadata_change_recorded" sourceDomain="advertisingefficiency" entityType="advertising_orchestration" entityId="8d5d104d-27dd-4588-a501-6821ae6f7ed5" action="READ" actorId="90c78417-8535-48d1-be94-a6d0e8f6021a" correlationId="2d9b1e73-85b0-4c99-931d-43fc3aa83410"
[WebServer] 2026-09-05T10:47:02.593+08:00 INFO  application=marketops-server environment=local buildVersion=0.1.0-SNAPSHOT correlationId=2d9b1e73-85b0-4c99-931d-43fc3aa83410 c.m.m.s.i.c.CorrelationIdFilter - Request completed event="request_completed" correlationId="2d9b1e73-85b0-4c99-931d-43fc3aa83410" status="200"
[WebServer] 2026-09-05T10:47:02.621+08:00 INFO  application=marketops-server environment=local buildVersion=0.1.0-SNAPSHOT correlationId=839c9850-361d-490d-b5c1-a6349fe31baf c.m.m.s.i.c.CorrelationIdFilter - Request completed event="request_completed" correlationId="839c9850-361d-490d-b5c1-a6349fe31baf" status="200"
[WebServer] 2026-09-05T10:47:02.640+08:00 INFO  application=marketops-server environment=local buildVersion=0.1.0-SNAPSHOT correlationId=064229ac-c59a-4c6e-8207-c4d67fd7c027 c.m.m.a.i.a.JdbcMetadataAuditStore - Metadata change recorded event="metadata_change_recorded" sourceDomain="advertisingefficiency" entityType="advertising_case" entityId="356eab94-8c69-4ba2-9014-066eb832d8f8" action="READ" actorId="90c78417-8535-48d1-be94-a6d0e8f6021a" correlationId="064229ac-c59a-4c6e-8207-c4d67fd7c027"
[WebServer] 2026-09-05T10:47:02.653+08:00 INFO  application=marketops-server environment=local buildVersion=0.1.0-SNAPSHOT correlationId=064229ac-c59a-4c6e-8207-c4d67fd7c027 c.m.m.s.i.c.CorrelationIdFilter - Request completed event="request_completed" correlationId="064229ac-c59a-4c6e-8207-c4d67fd7c027" status="200"
[WebServer] 2026-09-05T10:47:02.681+08:00 INFO  application=marketops-server environment=local buildVersion=0.1.0-SNAPSHOT correlationId=785a33a0-ed05-4d07-ba18-285e13a3a686 c.m.m.a.i.a.JdbcMetadataAuditStore - Metadata change recorded event="metadata_change_recorded" sourceDomain="advertisingefficiency" entityType="advertising_manual_packet" entityId="a9179be7-3586-48bc-831b-a1e4825b4469" action="READ" actorId="90c78417-8535-48d1-be94-a6d0e8f6021a" correlationId="785a33a0-ed05-4d07-ba18-285e13a3a686"
[WebServer] 2026-09-05T10:47:02.681+08:00 INFO  application=marketops-server environment=local buildVersion=0.1.0-SNAPSHOT correlationId=785a33a0-ed05-4d07-ba18-285e13a3a686 c.m.m.s.i.c.CorrelationIdFilter - Request completed event="request_completed" correlationId="785a33a0-ed05-4d07-ba18-285e13a3a686" status="200"
[WebServer] 2026-09-05T10:47:02.698+08:00 INFO  application=marketops-server environment=local buildVersion=0.1.0-SNAPSHOT correlationId=ae3afb4b-e79d-4bac-b6ce-da31aaeaa82d c.m.m.s.i.c.CorrelationIdFilter - Request completed event="request_completed" correlationId="ae3afb4b-e79d-4bac-b6ce-da31aaeaa82d" status="200"
[WebServer] 2026-09-05T10:47:02.709+08:00 INFO  application=marketops-server environment=local buildVersion=0.1.0-SNAPSHOT correlationId=3755088a-b159-4fc6-a7a1-e94f79a7a32d c.m.m.s.i.c.CorrelationIdFilter - Request completed event="request_completed" correlationId="3755088a-b159-4fc6-a7a1-e94f79a7a32d" status="200"
[WebServer] 2026-09-05T10:47:02.734+08:00 INFO  application=marketops-server environment=local buildVersion=0.1.0-SNAPSHOT correlationId=208fa33c-590e-4921-9bef-d56ffb6c7038 c.m.m.s.i.c.CorrelationIdFilter - Request completed event="request_completed" correlationId="208fa33c-590e-4921-9bef-d56ffb6c7038" status="200"
[WebServer] 2026-09-05T10:47:02.735+08:00 INFO  application=marketops-server environment=local buildVersion=0.1.0-SNAPSHOT correlationId=ead33fe8-2e61-4a17-8bb6-7fc9df352784 c.m.m.a.i.a.JdbcMetadataAuditStore - Metadata change recorded event="metadata_change_recorded" sourceDomain="advertisingefficiency" entityType="advertising_command" entityId="36ba6a7b-2023-491e-a09d-7d82e09d3835" action="READ" actorId="90c78417-8535-48d1-be94-a6d0e8f6021a" correlationId="ead33fe8-2e61-4a17-8bb6-7fc9df352784"
[WebServer] 2026-09-05T10:47:02.754+08:00 INFO  application=marketops-server environment=local buildVersion=0.1.0-SNAPSHOT correlationId=ead33fe8-2e61-4a17-8bb6-7fc9df352784 c.m.m.s.i.c.CorrelationIdFilter - Request completed event="request_completed" correlationId="ead33fe8-2e61-4a17-8bb6-7fc9df352784" status="200"
[WebServer] 2026-09-05T10:47:02.771+08:00 INFO  application=marketops-server environment=local buildVersion=0.1.0-SNAPSHOT correlationId=59dc92b7-5088-4f51-b031-2184ac0ee706 c.m.m.s.i.c.CorrelationIdFilter - Request completed event="request_completed" correlationId="59dc92b7-5088-4f51-b031-2184ac0ee706" status="200"
[WebServer] 2026-09-05T10:47:02.773+08:00 INFO  application=marketops-server environment=local buildVersion=0.1.0-SNAPSHOT correlationId=8194af87-cb79-4ac2-b385-b23602f51f40 c.m.m.a.i.a.JdbcMetadataAuditStore - Metadata change recorded event="metadata_change_recorded" sourceDomain="advertisingefficiency" entityType="advertising_outcome" entityId="36ba6a7b-2023-491e-a09d-7d82e09d3835" action="READ" actorId="90c78417-8535-48d1-be94-a6d0e8f6021a" correlationId="8194af87-cb79-4ac2-b385-b23602f51f40"
[WebServer] 2026-09-05T10:47:02.775+08:00 INFO  application=marketops-server environment=local buildVersion=0.1.0-SNAPSHOT correlationId=8194af87-cb79-4ac2-b385-b23602f51f40 c.m.m.s.i.c.CorrelationIdFilter - Request completed event="request_completed" correlationId="8194af87-cb79-4ac2-b385-b23602f51f40" status="200"
  ✓   9 tests/advertising-browser/governed-advertising.spec.ts:394:3 › HISTORY_MISMATCH preserves actual HTTP command history, unresolved state and separate outcomes (650ms)
[WebServer] 2026-09-05T10:47:03.236+08:00 INFO  application=marketops-server environment=local buildVersion=0.1.0-SNAPSHOT correlationId=9581f762-77ce-4736-ab3f-329570b15d6f c.m.m.s.i.c.CorrelationIdFilter - Request completed event="request_completed" correlationId="9581f762-77ce-4736-ab3f-329570b15d6f" status="200"
[WebServer] 2026-09-05T10:47:03.248+08:00 INFO  application=marketops-server environment=local buildVersion=0.1.0-SNAPSHOT correlationId=ebc2d217-95a6-4012-a791-b0b0b63edf5f c.m.m.a.i.a.JdbcMetadataAuditStore - Metadata change recorded event="metadata_change_recorded" sourceDomain="advertisingefficiency" entityType="advertising_reservations" entityId="8292833a-160f-461b-8a40-a33e03ef7d18" action="READ" actorId="db01bece-192b-490a-acf0-7fcf74c26f91" correlationId="ebc2d217-95a6-4012-a791-b0b0b63edf5f"
[WebServer] 2026-09-05T10:47:03.252+08:00 INFO  application=marketops-server environment=local buildVersion=0.1.0-SNAPSHOT correlationId=834a7a11-8564-4251-9e2f-936686139564 c.m.m.a.i.a.JdbcMetadataAuditStore - Metadata change recorded event="metadata_change_recorded" sourceDomain="availabilityrisk" entityType="availability_queue" entityId="8292833a-160f-461b-8a40-a33e03ef7d18" action="READ" actorId="db01bece-192b-490a-acf0-7fcf74c26f91" correlationId="834a7a11-8564-4251-9e2f-936686139564"
[WebServer] 2026-09-05T10:47:03.253+08:00 INFO  application=marketops-server environment=local buildVersion=0.1.0-SNAPSHOT correlationId=434a5aff-f9e4-4574-95be-ad82b3005bde c.m.m.a.i.a.JdbcMetadataAuditStore - Metadata change recorded event="metadata_change_recorded" sourceDomain="advertisingefficiency" entityType="advertising_containments" entityId="8292833a-160f-461b-8a40-a33e03ef7d18" action="READ" actorId="db01bece-192b-490a-acf0-7fcf74c26f91" correlationId="434a5aff-f9e4-4574-95be-ad82b3005bde"
[WebServer] 2026-09-05T10:47:03.254+08:00 INFO  application=marketops-server environment=local buildVersion=0.1.0-SNAPSHOT correlationId=22cb2e02-287e-4d9a-9c7e-f31694bb4fe1 c.m.m.s.i.e.ConsoleProblemAdvice - Console request refused event="console_request_refused" errorCode="RESOURCE_SCOPE_DENIED" correlationId="22cb2e02-287e-4d9a-9c7e-f31694bb4fe1"
[WebServer] 2026-09-05T10:47:03.254+08:00 INFO  application=marketops-server environment=local buildVersion=0.1.0-SNAPSHOT correlationId=834a7a11-8564-4251-9e2f-936686139564 c.m.m.s.i.c.CorrelationIdFilter - Request completed event="request_completed" correlationId="834a7a11-8564-4251-9e2f-936686139564" status="200"
[WebServer] 2026-09-05T10:47:03.254+08:00 INFO  application=marketops-server environment=local buildVersion=0.1.0-SNAPSHOT correlationId=22cb2e02-287e-4d9a-9c7e-f31694bb4fe1 c.m.m.s.i.c.CorrelationIdFilter - Request completed event="request_completed" correlationId="22cb2e02-287e-4d9a-9c7e-f31694bb4fe1" status="403"
[WebServer] 2026-09-05T10:47:03.259+08:00 INFO  application=marketops-server environment=local buildVersion=0.1.0-SNAPSHOT correlationId=b31791d3-795f-4859-b02d-684c3387ec7f c.m.m.s.i.e.ConsoleProblemAdvice - Console request refused event="console_request_refused" errorCode="RESOURCE_NOT_FOUND" correlationId="b31791d3-795f-4859-b02d-684c3387ec7f"
[WebServer] 2026-09-05T10:47:03.259+08:00 INFO  application=marketops-server environment=local buildVersion=0.1.0-SNAPSHOT correlationId=b31791d3-795f-4859-b02d-684c3387ec7f c.m.m.s.i.c.CorrelationIdFilter - Request completed event="request_completed" correlationId="b31791d3-795f-4859-b02d-684c3387ec7f" status="404"
[WebServer] 2026-09-05T10:47:03.271+08:00 INFO  application=marketops-server environment=local buildVersion=0.1.0-SNAPSHOT correlationId=1cd2a310-a5b1-44f1-8f0b-b72f4f9e53b7 c.m.m.s.i.e.ConsoleProblemAdvice - Console request refused event="console_request_refused" errorCode="RESOURCE_SCOPE_DENIED" correlationId="1cd2a310-a5b1-44f1-8f0b-b72f4f9e53b7"
[WebServer] 2026-09-05T10:47:03.271+08:00 INFO  application=marketops-server environment=local buildVersion=0.1.0-SNAPSHOT correlationId=1cd2a310-a5b1-44f1-8f0b-b72f4f9e53b7 c.m.m.s.i.c.CorrelationIdFilter - Request completed event="request_completed" correlationId="1cd2a310-a5b1-44f1-8f0b-b72f4f9e53b7" status="403"
[WebServer] 2026-09-05T10:47:03.271+08:00 INFO  application=marketops-server environment=local buildVersion=0.1.0-SNAPSHOT correlationId=434a5aff-f9e4-4574-95be-ad82b3005bde c.m.m.s.i.c.CorrelationIdFilter - Request completed event="request_completed" correlationId="434a5aff-f9e4-4574-95be-ad82b3005bde" status="200"
[WebServer] 2026-09-05T10:47:03.274+08:00 INFO  application=marketops-server environment=local buildVersion=0.1.0-SNAPSHOT correlationId=02dafe22-8645-4fc2-8667-81896f3e4dbc c.m.m.a.i.a.JdbcMetadataAuditStore - Metadata change recorded event="metadata_change_recorded" sourceDomain="advertisingefficiency" entityType="advertising_exposure" entityId="8292833a-160f-461b-8a40-a33e03ef7d18" action="READ" actorId="db01bece-192b-490a-acf0-7fcf74c26f91" correlationId="02dafe22-8645-4fc2-8667-81896f3e4dbc"
[WebServer] 2026-09-05T10:47:03.275+08:00 INFO  application=marketops-server environment=local buildVersion=0.1.0-SNAPSHOT correlationId=02dafe22-8645-4fc2-8667-81896f3e4dbc c.m.m.s.i.c.CorrelationIdFilter - Request completed event="request_completed" correlationId="02dafe22-8645-4fc2-8667-81896f3e4dbc" status="200"
[WebServer] 2026-09-05T10:47:03.275+08:00 INFO  application=marketops-server environment=local buildVersion=0.1.0-SNAPSHOT correlationId=ebc2d217-95a6-4012-a791-b0b0b63edf5f c.m.m.s.i.c.CorrelationIdFilter - Request completed event="request_completed" correlationId="ebc2d217-95a6-4012-a791-b0b0b63edf5f" status="200"
[WebServer] 2026-09-05T10:47:03.279+08:00 INFO  application=marketops-server environment=local buildVersion=0.1.0-SNAPSHOT correlationId=9154e987-d41c-406c-9a14-edbda6090a9d c.m.m.a.i.a.JdbcMetadataAuditStore - Metadata change recorded event="metadata_change_recorded" sourceDomain="advertisingefficiency" entityType="advertising_queue" entityId="8292833a-160f-461b-8a40-a33e03ef7d18" action="READ" actorId="db01bece-192b-490a-acf0-7fcf74c26f91" correlationId="9154e987-d41c-406c-9a14-edbda6090a9d"
[WebServer] 2026-09-05T10:47:03.295+08:00 INFO  application=marketops-server environment=local buildVersion=0.1.0-SNAPSHOT correlationId=46b7d7b4-069a-42eb-bc31-ca22440795cf c.m.m.a.i.a.JdbcMetadataAuditStore - Metadata change recorded event="metadata_change_recorded" sourceDomain="advertisingefficiency" entityType="advertising_orchestration" entityId="8292833a-160f-461b-8a40-a33e03ef7d18" action="READ" actorId="db01bece-192b-490a-acf0-7fcf74c26f91" correlationId="46b7d7b4-069a-42eb-bc31-ca22440795cf"
[WebServer] 2026-09-05T10:47:03.297+08:00 INFO  application=marketops-server environment=local buildVersion=0.1.0-SNAPSHOT correlationId=9154e987-d41c-406c-9a14-edbda6090a9d c.m.m.s.i.c.CorrelationIdFilter - Request completed event="request_completed" correlationId="9154e987-d41c-406c-9a14-edbda6090a9d" status="200"
[WebServer] 2026-09-05T10:47:03.297+08:00 INFO  application=marketops-server environment=local buildVersion=0.1.0-SNAPSHOT correlationId=46b7d7b4-069a-42eb-bc31-ca22440795cf c.m.m.s.i.c.CorrelationIdFilter - Request completed event="request_completed" correlationId="46b7d7b4-069a-42eb-bc31-ca22440795cf" status="200"
[WebServer] 2026-09-05T10:47:03.322+08:00 INFO  application=marketops-server environment=local buildVersion=0.1.0-SNAPSHOT correlationId=5e7382a6-bb6a-4d4f-bbba-62b0b8a59c64 c.m.m.s.i.c.CorrelationIdFilter - Request completed event="request_completed" correlationId="5e7382a6-bb6a-4d4f-bbba-62b0b8a59c64" status="200"
[WebServer] 2026-09-05T10:47:03.444+08:00 INFO  application=marketops-server environment=local buildVersion=0.1.0-SNAPSHOT correlationId=169308ce-90f1-451b-9b07-af47670c792a c.m.m.a.i.a.JdbcMetadataAuditStore - Metadata change recorded event="metadata_change_recorded" sourceDomain="advertisingefficiency" entityType="advertising_case" entityId="6f1b1b41-3874-4642-a191-37d0f800ddec" action="READ" actorId="db01bece-192b-490a-acf0-7fcf74c26f91" correlationId="169308ce-90f1-451b-9b07-af47670c792a"
[WebServer] 2026-09-05T10:47:03.464+08:00 INFO  application=marketops-server environment=local buildVersion=0.1.0-SNAPSHOT correlationId=169308ce-90f1-451b-9b07-af47670c792a c.m.m.s.i.c.CorrelationIdFilter - Request completed event="request_completed" correlationId="169308ce-90f1-451b-9b07-af47670c792a" status="200"
[WebServer] 2026-09-05T10:47:03.488+08:00 INFO  application=marketops-server environment=local buildVersion=0.1.0-SNAPSHOT correlationId=63c9631f-0897-4431-be4f-5b8ab80f7cd5 c.m.m.a.i.a.JdbcMetadataAuditStore - Metadata change recorded event="metadata_change_recorded" sourceDomain="advertisingefficiency" entityType="advertising_manual_packet" entityId="fbf82e5d-4934-4aa1-9f02-d574d9853cba" action="READ" actorId="db01bece-192b-490a-acf0-7fcf74c26f91" correlationId="63c9631f-0897-4431-be4f-5b8ab80f7cd5"
[WebServer] 2026-09-05T10:47:03.489+08:00 INFO  application=marketops-server environment=local buildVersion=0.1.0-SNAPSHOT correlationId=63c9631f-0897-4431-be4f-5b8ab80f7cd5 c.m.m.s.i.c.CorrelationIdFilter - Request completed event="request_completed" correlationId="63c9631f-0897-4431-be4f-5b8ab80f7cd5" status="200"
[WebServer] 2026-09-05T10:47:03.511+08:00 INFO  application=marketops-server environment=local buildVersion=0.1.0-SNAPSHOT correlationId=910ed2e5-2bee-46ee-b5d2-69d49e0e9e41 c.m.m.s.i.c.CorrelationIdFilter - Request completed event="request_completed" correlationId="910ed2e5-2bee-46ee-b5d2-69d49e0e9e41" status="200"
[WebServer] 2026-09-05T10:47:03.523+08:00 INFO  application=marketops-server environment=local buildVersion=0.1.0-SNAPSHOT correlationId=1b4e1105-16ee-4134-90f0-a47daebafe86 c.m.m.s.i.c.CorrelationIdFilter - Request completed event="request_completed" correlationId="1b4e1105-16ee-4134-90f0-a47daebafe86" status="200"
[WebServer] 2026-09-05T10:47:03.542+08:00 INFO  application=marketops-server environment=local buildVersion=0.1.0-SNAPSHOT correlationId=94f3e747-ef70-47c6-afaa-056c72a6dd82 c.m.m.s.i.c.CorrelationIdFilter - Request completed event="request_completed" correlationId="94f3e747-ef70-47c6-afaa-056c72a6dd82" status="200"
[WebServer] 2026-09-05T10:47:03.546+08:00 INFO  application=marketops-server environment=local buildVersion=0.1.0-SNAPSHOT correlationId=45a6c6b2-c2bc-4897-945c-5ff63c08c190 c.m.m.a.i.a.JdbcMetadataAuditStore - Metadata change recorded event="metadata_change_recorded" sourceDomain="advertisingefficiency" entityType="advertising_command" entityId="c2d37d0a-6d2b-4a43-a82d-04a564860d4c" action="READ" actorId="db01bece-192b-490a-acf0-7fcf74c26f91" correlationId="45a6c6b2-c2bc-4897-945c-5ff63c08c190"
[WebServer] 2026-09-05T10:47:03.566+08:00 INFO  application=marketops-server environment=local buildVersion=0.1.0-SNAPSHOT correlationId=45a6c6b2-c2bc-4897-945c-5ff63c08c190 c.m.m.s.i.c.CorrelationIdFilter - Request completed event="request_completed" correlationId="45a6c6b2-c2bc-4897-945c-5ff63c08c190" status="200"
[WebServer] 2026-09-05T10:47:03.584+08:00 INFO  application=marketops-server environment=local buildVersion=0.1.0-SNAPSHOT correlationId=4dd9dbb5-0cd8-44b9-886b-95580aa23a05 c.m.m.s.i.c.CorrelationIdFilter - Request completed event="request_completed" correlationId="4dd9dbb5-0cd8-44b9-886b-95580aa23a05" status="200"
[WebServer] 2026-09-05T10:47:03.591+08:00 INFO  application=marketops-server environment=local buildVersion=0.1.0-SNAPSHOT correlationId=1c96f212-f340-4bdb-b338-2d152a4347f2 c.m.m.a.i.a.JdbcMetadataAuditStore - Metadata change recorded event="metadata_change_recorded" sourceDomain="advertisingefficiency" entityType="advertising_outcome" entityId="c2d37d0a-6d2b-4a43-a82d-04a564860d4c" action="READ" actorId="db01bece-192b-490a-acf0-7fcf74c26f91" correlationId="1c96f212-f340-4bdb-b338-2d152a4347f2"
[WebServer] 2026-09-05T10:47:03.625+08:00 INFO  application=marketops-server environment=local buildVersion=0.1.0-SNAPSHOT correlationId=1c96f212-f340-4bdb-b338-2d152a4347f2 c.m.m.s.i.c.CorrelationIdFilter - Request completed event="request_completed" correlationId="1c96f212-f340-4bdb-b338-2d152a4347f2" status="200"
  ✓  10 tests/advertising-browser/governed-advertising.spec.ts:394:3 › HISTORY_REGRESSION preserves actual HTTP command history, unresolved state and separate outcomes (938ms)
[WebServer] 2026-09-05T10:47:04.179+08:00 INFO  application=marketops-server environment=local buildVersion=0.1.0-SNAPSHOT correlationId=464a8db7-5ec2-4108-91a7-4c203c957626 c.m.m.s.i.c.CorrelationIdFilter - Request completed event="request_completed" correlationId="464a8db7-5ec2-4108-91a7-4c203c957626" status="200"
[WebServer] 2026-09-05T10:47:04.190+08:00 INFO  application=marketops-server environment=local buildVersion=0.1.0-SNAPSHOT correlationId=72a01bfc-3ba5-4543-92b1-a1ef4e17b2e1 c.m.m.a.i.a.JdbcMetadataAuditStore - Metadata change recorded event="metadata_change_recorded" sourceDomain="advertisingefficiency" entityType="advertising_containments" entityId="0055a176-47d2-4127-9834-1c3ae7267934" action="READ" actorId="abdd2a38-c2f5-4b15-a8a1-756e823e95d5" correlationId="72a01bfc-3ba5-4543-92b1-a1ef4e17b2e1"
[WebServer] 2026-09-05T10:47:04.194+08:00 INFO  application=marketops-server environment=local buildVersion=0.1.0-SNAPSHOT correlationId=56635c46-fe90-4cd2-9fd7-968cb006c70b c.m.m.a.i.a.JdbcMetadataAuditStore - Metadata change recorded event="metadata_change_recorded" sourceDomain="availabilityrisk" entityType="availability_queue" entityId="0055a176-47d2-4127-9834-1c3ae7267934" action="READ" actorId="abdd2a38-c2f5-4b15-a8a1-756e823e95d5" correlationId="56635c46-fe90-4cd2-9fd7-968cb006c70b"
[WebServer] 2026-09-05T10:47:04.195+08:00 INFO  application=marketops-server environment=local buildVersion=0.1.0-SNAPSHOT correlationId=3ecb4787-d47c-4962-9c39-1c1003bba484 c.m.m.a.i.a.JdbcMetadataAuditStore - Metadata change recorded event="metadata_change_recorded" sourceDomain="advertisingefficiency" entityType="advertising_reservations" entityId="0055a176-47d2-4127-9834-1c3ae7267934" action="READ" actorId="abdd2a38-c2f5-4b15-a8a1-756e823e95d5" correlationId="3ecb4787-d47c-4962-9c39-1c1003bba484"
[WebServer] 2026-09-05T10:47:04.195+08:00 INFO  application=marketops-server environment=local buildVersion=0.1.0-SNAPSHOT correlationId=56635c46-fe90-4cd2-9fd7-968cb006c70b c.m.m.s.i.c.CorrelationIdFilter - Request completed event="request_completed" correlationId="56635c46-fe90-4cd2-9fd7-968cb006c70b" status="200"
[WebServer] 2026-09-05T10:47:04.196+08:00 INFO  application=marketops-server environment=local buildVersion=0.1.0-SNAPSHOT correlationId=ca650d2d-06b5-4982-9e76-5924014d5cff c.m.m.s.i.e.ConsoleProblemAdvice - Console request refused event="console_request_refused" errorCode="RESOURCE_SCOPE_DENIED" correlationId="ca650d2d-06b5-4982-9e76-5924014d5cff"
[WebServer] 2026-09-05T10:47:04.197+08:00 INFO  application=marketops-server environment=local buildVersion=0.1.0-SNAPSHOT correlationId=ca650d2d-06b5-4982-9e76-5924014d5cff c.m.m.s.i.c.CorrelationIdFilter - Request completed event="request_completed" correlationId="ca650d2d-06b5-4982-9e76-5924014d5cff" status="403"
[WebServer] 2026-09-05T10:47:04.198+08:00 INFO  application=marketops-server environment=local buildVersion=0.1.0-SNAPSHOT correlationId=9e857ccd-f1be-48c5-897d-0f0c8487fb54 c.m.m.s.i.e.ConsoleProblemAdvice - Console request refused event="console_request_refused" errorCode="RESOURCE_NOT_FOUND" correlationId="9e857ccd-f1be-48c5-897d-0f0c8487fb54"
[WebServer] 2026-09-05T10:47:04.199+08:00 INFO  application=marketops-server environment=local buildVersion=0.1.0-SNAPSHOT correlationId=9e857ccd-f1be-48c5-897d-0f0c8487fb54 c.m.m.s.i.c.CorrelationIdFilter - Request completed event="request_completed" correlationId="9e857ccd-f1be-48c5-897d-0f0c8487fb54" status="404"
[WebServer] 2026-09-05T10:47:04.200+08:00 INFO  application=marketops-server environment=local buildVersion=0.1.0-SNAPSHOT correlationId=72a01bfc-3ba5-4543-92b1-a1ef4e17b2e1 c.m.m.s.i.c.CorrelationIdFilter - Request completed event="request_completed" correlationId="72a01bfc-3ba5-4543-92b1-a1ef4e17b2e1" status="200"
[WebServer] 2026-09-05T10:47:04.206+08:00 INFO  application=marketops-server environment=local buildVersion=0.1.0-SNAPSHOT correlationId=979b2f03-c99e-481d-a6c7-2ff93f6c2342 c.m.m.a.i.a.JdbcMetadataAuditStore - Metadata change recorded event="metadata_change_recorded" sourceDomain="advertisingefficiency" entityType="advertising_exposure" entityId="0055a176-47d2-4127-9834-1c3ae7267934" action="READ" actorId="abdd2a38-c2f5-4b15-a8a1-756e823e95d5" correlationId="979b2f03-c99e-481d-a6c7-2ff93f6c2342"
[WebServer] 2026-09-05T10:47:04.207+08:00 INFO  application=marketops-server environment=local buildVersion=0.1.0-SNAPSHOT correlationId=979b2f03-c99e-481d-a6c7-2ff93f6c2342 c.m.m.s.i.c.CorrelationIdFilter - Request completed event="request_completed" correlationId="979b2f03-c99e-481d-a6c7-2ff93f6c2342" status="200"
[WebServer] 2026-09-05T10:47:04.211+08:00 INFO  application=marketops-server environment=local buildVersion=0.1.0-SNAPSHOT correlationId=bf1eca49-49cc-4b42-9640-47e3e832a667 c.m.m.s.i.e.ConsoleProblemAdvice - Console request refused event="console_request_refused" errorCode="RESOURCE_SCOPE_DENIED" correlationId="bf1eca49-49cc-4b42-9640-47e3e832a667"
[WebServer] 2026-09-05T10:47:04.211+08:00 INFO  application=marketops-server environment=local buildVersion=0.1.0-SNAPSHOT correlationId=bf1eca49-49cc-4b42-9640-47e3e832a667 c.m.m.s.i.c.CorrelationIdFilter - Request completed event="request_completed" correlationId="bf1eca49-49cc-4b42-9640-47e3e832a667" status="403"
[WebServer] 2026-09-05T10:47:04.218+08:00 INFO  application=marketops-server environment=local buildVersion=0.1.0-SNAPSHOT correlationId=ca255af6-0f40-487c-b9d7-04adad8edb98 c.m.m.a.i.a.JdbcMetadataAuditStore - Metadata change recorded event="metadata_change_recorded" sourceDomain="advertisingefficiency" entityType="advertising_queue" entityId="0055a176-47d2-4127-9834-1c3ae7267934" action="READ" actorId="abdd2a38-c2f5-4b15-a8a1-756e823e95d5" correlationId="ca255af6-0f40-487c-b9d7-04adad8edb98"
[WebServer] 2026-09-05T10:47:04.219+08:00 INFO  application=marketops-server environment=local buildVersion=0.1.0-SNAPSHOT correlationId=3ecb4787-d47c-4962-9c39-1c1003bba484 c.m.m.s.i.c.CorrelationIdFilter - Request completed event="request_completed" correlationId="3ecb4787-d47c-4962-9c39-1c1003bba484" status="200"
[WebServer] 2026-09-05T10:47:04.232+08:00 INFO  application=marketops-server environment=local buildVersion=0.1.0-SNAPSHOT correlationId=ca255af6-0f40-487c-b9d7-04adad8edb98 c.m.m.s.i.c.CorrelationIdFilter - Request completed event="request_completed" correlationId="ca255af6-0f40-487c-b9d7-04adad8edb98" status="200"
[WebServer] 2026-09-05T10:47:04.236+08:00 INFO  application=marketops-server environment=local buildVersion=0.1.0-SNAPSHOT correlationId=8c93cee4-9e1a-443b-a309-9dac2fe2955c c.m.m.a.i.a.JdbcMetadataAuditStore - Metadata change recorded event="metadata_change_recorded" sourceDomain="advertisingefficiency" entityType="advertising_orchestration" entityId="0055a176-47d2-4127-9834-1c3ae7267934" action="READ" actorId="abdd2a38-c2f5-4b15-a8a1-756e823e95d5" correlationId="8c93cee4-9e1a-443b-a309-9dac2fe2955c"
[WebServer] 2026-09-05T10:47:04.238+08:00 INFO  application=marketops-server environment=local buildVersion=0.1.0-SNAPSHOT correlationId=8c93cee4-9e1a-443b-a309-9dac2fe2955c c.m.m.s.i.c.CorrelationIdFilter - Request completed event="request_completed" correlationId="8c93cee4-9e1a-443b-a309-9dac2fe2955c" status="200"
[WebServer] 2026-09-05T10:47:04.238+08:00 INFO  application=marketops-server environment=local buildVersion=0.1.0-SNAPSHOT correlationId=f90334f4-f553-4cff-9097-4aa67533bbb9 c.m.m.s.i.c.CorrelationIdFilter - Request completed event="request_completed" correlationId="f90334f4-f553-4cff-9097-4aa67533bbb9" status="200"
[WebServer] 2026-09-05T10:47:04.367+08:00 INFO  application=marketops-server environment=local buildVersion=0.1.0-SNAPSHOT correlationId=96cecfd9-bcdc-4d45-bb93-6b02635fdb6f c.m.m.a.i.a.JdbcMetadataAuditStore - Metadata change recorded event="metadata_change_recorded" sourceDomain="advertisingefficiency" entityType="advertising_case" entityId="cd6a329a-9f87-42e7-8a2e-831621edad03" action="READ" actorId="abdd2a38-c2f5-4b15-a8a1-756e823e95d5" correlationId="96cecfd9-bcdc-4d45-bb93-6b02635fdb6f"
[WebServer] 2026-09-05T10:47:04.380+08:00 INFO  application=marketops-server environment=local buildVersion=0.1.0-SNAPSHOT correlationId=96cecfd9-bcdc-4d45-bb93-6b02635fdb6f c.m.m.s.i.c.CorrelationIdFilter - Request completed event="request_completed" correlationId="96cecfd9-bcdc-4d45-bb93-6b02635fdb6f" status="200"
[WebServer] 2026-09-05T10:47:04.399+08:00 INFO  application=marketops-server environment=local buildVersion=0.1.0-SNAPSHOT correlationId=63cf0001-e819-44c6-9164-5c5c6c5da348 c.m.m.a.i.a.JdbcMetadataAuditStore - Metadata change recorded event="metadata_change_recorded" sourceDomain="advertisingefficiency" entityType="advertising_manual_packet" entityId="615b17ea-1c13-4cfc-985b-659493459ad1" action="READ" actorId="abdd2a38-c2f5-4b15-a8a1-756e823e95d5" correlationId="63cf0001-e819-44c6-9164-5c5c6c5da348"
[WebServer] 2026-09-05T10:47:04.400+08:00 INFO  application=marketops-server environment=local buildVersion=0.1.0-SNAPSHOT correlationId=63cf0001-e819-44c6-9164-5c5c6c5da348 c.m.m.s.i.c.CorrelationIdFilter - Request completed event="request_completed" correlationId="63cf0001-e819-44c6-9164-5c5c6c5da348" status="200"
[WebServer] 2026-09-05T10:47:04.417+08:00 INFO  application=marketops-server environment=local buildVersion=0.1.0-SNAPSHOT correlationId=f568aa86-9583-451f-8848-1ea555c574de c.m.m.s.i.c.CorrelationIdFilter - Request completed event="request_completed" correlationId="f568aa86-9583-451f-8848-1ea555c574de" status="200"
[WebServer] 2026-09-05T10:47:04.429+08:00 INFO  application=marketops-server environment=local buildVersion=0.1.0-SNAPSHOT correlationId=ec1d35f8-dc79-4160-9c6c-a84579e23edc c.m.m.s.i.c.CorrelationIdFilter - Request completed event="request_completed" correlationId="ec1d35f8-dc79-4160-9c6c-a84579e23edc" status="200"
[WebServer] 2026-09-05T10:47:04.452+08:00 INFO  application=marketops-server environment=local buildVersion=0.1.0-SNAPSHOT correlationId=9124e493-2de8-4ea0-8410-2a2bd0179078 c.m.m.s.i.c.CorrelationIdFilter - Request completed event="request_completed" correlationId="9124e493-2de8-4ea0-8410-2a2bd0179078" status="200"
[WebServer] 2026-09-05T10:47:04.454+08:00 INFO  application=marketops-server environment=local buildVersion=0.1.0-SNAPSHOT correlationId=e65b5285-89e9-4493-bcc6-4d4dd108b613 c.m.m.a.i.a.JdbcMetadataAuditStore - Metadata change recorded event="metadata_change_recorded" sourceDomain="advertisingefficiency" entityType="advertising_command" entityId="2df4a5bf-c06e-4619-ac99-32d6b7f3187b" action="READ" actorId="abdd2a38-c2f5-4b15-a8a1-756e823e95d5" correlationId="e65b5285-89e9-4493-bcc6-4d4dd108b613"
[WebServer] 2026-09-05T10:47:04.469+08:00 INFO  application=marketops-server environment=local buildVersion=0.1.0-SNAPSHOT correlationId=e65b5285-89e9-4493-bcc6-4d4dd108b613 c.m.m.s.i.c.CorrelationIdFilter - Request completed event="request_completed" correlationId="e65b5285-89e9-4493-bcc6-4d4dd108b613" status="200"
[WebServer] 2026-09-05T10:47:04.485+08:00 INFO  application=marketops-server environment=local buildVersion=0.1.0-SNAPSHOT correlationId=4407cbb2-c2b2-49f4-9853-f2c214e16284 c.m.m.s.i.c.CorrelationIdFilter - Request completed event="request_completed" correlationId="4407cbb2-c2b2-49f4-9853-f2c214e16284" status="200"
[WebServer] 2026-09-05T10:47:04.489+08:00 INFO  application=marketops-server environment=local buildVersion=0.1.0-SNAPSHOT correlationId=8f59e96e-e689-4d09-b880-0ac6a439d614 c.m.m.a.i.a.JdbcMetadataAuditStore - Metadata change recorded event="metadata_change_recorded" sourceDomain="advertisingefficiency" entityType="advertising_outcome" entityId="2df4a5bf-c06e-4619-ac99-32d6b7f3187b" action="READ" actorId="abdd2a38-c2f5-4b15-a8a1-756e823e95d5" correlationId="8f59e96e-e689-4d09-b880-0ac6a439d614"
[WebServer] 2026-09-05T10:47:04.490+08:00 INFO  application=marketops-server environment=local buildVersion=0.1.0-SNAPSHOT correlationId=8f59e96e-e689-4d09-b880-0ac6a439d614 c.m.m.s.i.c.CorrelationIdFilter - Request completed event="request_completed" correlationId="8f59e96e-e689-4d09-b880-0ac6a439d614" status="200"
[WebServer] 2026-09-05T10:47:04.536+08:00 INFO  application=marketops-server environment=local buildVersion=0.1.0-SNAPSHOT correlationId=ced84696-6389-41c9-b112-db4425b2250b c.m.m.s.i.c.CorrelationIdFilter - Request completed event="request_completed" correlationId="ced84696-6389-41c9-b112-db4425b2250b" status="200"
[WebServer] 2026-09-05T10:47:04.537+08:00 INFO  application=marketops-server environment=local buildVersion=0.1.0-SNAPSHOT correlationId=850d62dd-1739-410f-b991-5d8d98b56f79 c.m.m.a.i.a.JdbcMetadataAuditStore - Metadata change recorded event="metadata_change_recorded" sourceDomain="advertisingefficiency" entityType="advertising_command" entityId="2df4a5bf-c06e-4619-ac99-32d6b7f3187b" action="READ" actorId="abdd2a38-c2f5-4b15-a8a1-756e823e95d5" correlationId="850d62dd-1739-410f-b991-5d8d98b56f79"
[WebServer] 2026-09-05T10:47:04.539+08:00 INFO  application=marketops-server environment=local buildVersion=0.1.0-SNAPSHOT correlationId=36a034f1-f59d-40a3-a2e6-088d40ad9d3e c.m.m.a.i.a.JdbcMetadataAuditStore - Metadata change recorded event="metadata_change_recorded" sourceDomain="advertisingefficiency" entityType="advertising_outcome" entityId="2df4a5bf-c06e-4619-ac99-32d6b7f3187b" action="READ" actorId="abdd2a38-c2f5-4b15-a8a1-756e823e95d5" correlationId="36a034f1-f59d-40a3-a2e6-088d40ad9d3e"
[WebServer] 2026-09-05T10:47:04.540+08:00 INFO  application=marketops-server environment=local buildVersion=0.1.0-SNAPSHOT correlationId=36a034f1-f59d-40a3-a2e6-088d40ad9d3e c.m.m.s.i.c.CorrelationIdFilter - Request completed event="request_completed" correlationId="36a034f1-f59d-40a3-a2e6-088d40ad9d3e" status="200"
[WebServer] 2026-09-05T10:47:04.554+08:00 INFO  application=marketops-server environment=local buildVersion=0.1.0-SNAPSHOT correlationId=850d62dd-1739-410f-b991-5d8d98b56f79 c.m.m.s.i.c.CorrelationIdFilter - Request completed event="request_completed" correlationId="850d62dd-1739-410f-b991-5d8d98b56f79" status="200"
  ✓  11 tests/advertising-browser/governed-advertising.spec.ts:394:3 › HISTORY_EXPIRED preserves actual HTTP command history, unresolved state and separate outcomes (771ms)


  1) tests/advertising-browser/governed-advertising.spec.ts:71:1 › real Maker, Ops Lead and Owner decisions preserve minimum disclosure and exact versions 

    Error: expect(locator).toBeVisible() failed

    Locator: getByLabel('Advertising decision preview')
    Expected: visible
    Timeout: 20000ms
    Error: element(s) not found

    Call log:
      - Expect "toBeVisible" with timeout 20000ms
      - waiting for getByLabel('Advertising decision preview')


      111 |   const owner = await signIn(browser, request, 'OWNER');
      112 |   await owner.page.getByRole('button', { name: 'Review complete decision evidence' }).click();
    > 113 |   await expect(owner.page.getByLabel('Advertising decision preview')).toBeVisible();
          |                                                                       ^
      114 |   await expect(owner.page.getByLabel('Advertising decision preview')).toContainText(
      115 |     'Submitted Configuration',
      116 |   );
        at /Users/chzhengx/Code/personal/marketops-platform/frontend/marketops-console/tests/advertising-browser/governed-advertising.spec.ts:113:71

    attachment #1: screenshot (image/png) ──────────────────────────────────────────────────────────
    test-results/advertising/governed-advertising-real--22caa-sclosure-and-exact-versions/test-failed-3.png
    ────────────────────────────────────────────────────────────────────────────────────────────────

    attachment #2: screenshot (image/png) ──────────────────────────────────────────────────────────
    test-results/advertising/governed-advertising-real--22caa-sclosure-and-exact-versions/test-failed-1.png
    ────────────────────────────────────────────────────────────────────────────────────────────────

    attachment #3: screenshot (image/png) ──────────────────────────────────────────────────────────
    test-results/advertising/governed-advertising-real--22caa-sclosure-and-exact-versions/test-failed-2.png
    ────────────────────────────────────────────────────────────────────────────────────────────────

    Error Context: test-results/advertising/governed-advertising-real--22caa-sclosure-and-exact-versions/error-context.md

    attachment #5: trace (application/zip) ─────────────────────────────────────────────────────────
    test-results/advertising/governed-advertising-real--22caa-sclosure-and-exact-versions/trace.zip
    Usage:

        npx playwright show-trace test-results/advertising/governed-advertising-real--22caa-sclosure-and-exact-versions/trace.zip

    ────────────────────────────────────────────────────────────────────────────────────────────────

  2) tests/advertising-browser/governed-advertising.spec.ts:159:3 › OZON actual governed manual path stays UNVERIFIED and requires an independent observer 

    Error: expect(locator).toContainText(expected) failed

    Locator: getByLabel('Manual execution')
    Expected substring: "NOT_YET_EVALUABLE"
    Received string:    "Manual executionInstructions for a person. Nothing here reaches a marketplace by itself, and nothing here creates a command.Owner governed human execution proposalsManual selection reasonAD_BID_CHANGE · policy revision 1 · INDEPENDENT_OR_OFFICIALExact native target: 20 RUB · CURRENCY_MAJORAPI profile: UNVERIFIED. This human workflow creates no API command.Select exact manual proposalAD_BID_CHANGEMANUAL_CONFIGURATION_VERIFIED · revision 5Independently observed exact native valueCanonical official configuration observation IDRecord independent configuration observationVerify canonical official observationObserve canonical early sales safetyStore Id8e4dc3da-32a0-4da5-8554-078bc5deba03Platform CodeOZONAffected Set Id9eeacdac-4df6-4520-8879-be848da3ff0eStore TimezonestoreTimezone: UNRESOLVEDExpected ImpactStateOUTCOME_UNPROVENResponsibility Recommendation Id5adeb0ca-6c94-4cc7-a266-17d0e9d132afOrganization Id319503fa-5fa3-4eb4-a0c0-5a051938b04bNative Object Keyfictional-native-objectNative Object KindKEYWORDVerification PlanModeINDEPENDENT_OR_OFFICIALPolicy Id266661ca-7de4-4b87-825a-8f0310ab5c93Evidence GradeINDEPENDENT_OR_OFFICIALPolicy Version1Api Profile StateUNVERIFIEDAffected Set Digestbc2143351b311308437a062a6dd1da614a56480a33d18c1c6fbcc61e88261faeAuthority SnapshotCase Idaeadca5a-a7d3-4436-a425-a830e3b65145ObjectIde5a3c08b-9a61-4eb4-b74b-32ada30ae02fStatusACTIVEVersion0Store id8e4dc3da-32a0-4da5-8554-078bc5deba03Created at2026-09-05T10:45:25.662669+08:00Updated at2026-09-05T10:45:25.662669+08:00Lineage keyfictional-native-objectBidding modeMANUAL_BIDPlatform codeOZONOrganization id319503fa-5fa3-4eb4-a0c0-5a051938b04bLast observed at2026-09-05T10:45:25.662669+08:00First observed at2026-09-05T10:45:25.662669+08:00Native object keyfictional-native-objectNative parent keynative_parent_key: UNRESOLVEDObservation stateOBSERVEDLineage generation1Native object kindKEYWORDNative object namenative_object_name: UNRESOLVEDNative campaign keyfictional-campaignSemantic profile id6ecd43c7-3ef0-49f7-bca6-2a5a74aacca4Control evidence reffixture://fictional-independent-controlControl granularity statePROVEN_INDEPENDENTPolicyId266661ca-7de4-4b87-825a-8f0310ab5c93Store id8e4dc3da-32a0-4da5-8554-078bc5deba03Cause codePROVEN_ADVERTISING_LOSSAction kindAD_BID_CHANGEApproved at2026-09-05T10:45:26.419199+08:00Effective to2026-09-05T11:45:26.419199+08:00Currency codeRUBTarget budgettarget_budget: UNRESOLVEDTarget statustarget_status: UNRESOLVEDEffective from2026-09-05T10:44:26.419199+08:00Policy version1Candidate basisMAX_CPC_BOUNDEDOrganization id319503fa-5fa3-4eb4-a0c0-5a051938b04bOutcome policy id2e051635-7dce-45c1-a40d-588a893c18e6Verification modeINDEPENDENT_OR_OFFICIALEvidence referencefixture://isolated-browser/synthetic-owner-manual-policyApproved by user id7181609d-911d-4795-b7df-458b5e7e44dbSemantic profile id6ecd43c7-3ef0-49f7-bca6-2a5a74aacca4Packet lease seconds1800Configuration max age seconds3600Cause CodePROVEN_ADVERTISING_LOSSAffected SetId9eeacdac-4df6-4520-8879-be848da3ff0eCreated at2026-09-05T10:45:25.662669+08:00Resolved at2026-09-05T10:45:25.662669+08:00Organization id319503fa-5fa3-4eb4-a0c0-5a051938b04bResolution stateCOMPLETEAd native object ide5a3c08b-9a61-4eb4-b74b-32ada30ae02fAffected set digestbc2143351b311308437a062a6dd1da614a56480a33d18c1c6fbcc61e88261faeProduct variant ids1ef671f1-ac91-45d2-84ed-694d425ce5dcUnresolved reason codesPlatform listing variant idsCalculation Idd0e2f5ee-db73-40c3-8ea1-1c938c2b79e0ConfigurationId2c95e817-1720-490d-832f-867dc9d63a55Created at2026-09-05T10:45:26.39908+08:00Observed at2026-09-05T10:45:26.39908+08:00Source time2026-09-05T10:45:26.39908+08:00Bid unit codeCURRENCY_MAJORProvenance idf58e25ce-b13a-4ae4-b545-1e1a549e594eEvidence gradeOFFICIAL_API_READBACKObserved statusRUNNINGOrganization id319503fa-5fa3-4eb4-a0c0-5a051938b04bBid currency codeRUBNative status rawnative-runningLineage generation1Ad native object ide5a3c08b-9a61-4eb4-b74b-32ada30ae02fObserved bid amount30Semantic profile id6ecd43c7-3ef0-49f7-bca6-2a5a74aacca4Observed bidding modeMANUAL_BIDObserved budget amountobserved_budget_amount: UNRESOLVEDSupersedes observation idsupersedes_observation_id: UNRESOLVEDOutcome PolicyId2e051635-7dce-45c1-a40d-588a893c18e6ReasonfixtureStatusACTIVEDirectionPROTECTION_DECREASECause codecause_code: UNRESOLVEDCreated at2026-09-05T10:45:25.662669+08:00Scope kindORGANIZATIONEffective toeffective_to: UNRESOLVEDStore ref idstore_ref_id: UNRESOLVEDOwner user id7181609d-911d-4795-b7df-458b5e7e44dbPlatform codeplatform_code: UNRESOLVEDEffective from2026-09-04T10:45:25.662669+08:00Policy version1Organization id319503fa-5fa3-4eb4-a0c0-5a051938b04bComparison basisPRE_CHANGE_SAME_OBJECTComparison scale4Evidence referenceevidence://fixture/outcomePrimary metric codeAD_SPENDRetained window days30Material profit delta10Minimum traffic count100Settlement window hours1440Comparison rounding modeHALF_UPNegative profit terminalKEEP_PROTECTION_OPENOperational window hours720Non worsening profit band0Non worsening per rub band0Observation starts minutes30Regression threshold ratio0.05Completed sales guard hours24Improvement threshold ratio0.1Material boundary inclusivetrueMinimum ad spend denominator1Material profit per rub delta0.1Minimum settled coverage ratio0.8Critical unit definition completetrueSales preservation tolerance ratio0.05Semantic ProfileId6ecd43c7-3ef0-49f7-bca6-2a5a74aacca4StatusACTIVEVersion0Bid step0.5Created at2026-09-05T10:45:25.662669+08:00Updated at2026-09-05T10:45:25.662669+08:00Bid maximum500Bid minimum1Owner labelfixtureBidding modeMANUAL_BIDEvidence refevidence_ref: UNRESOLVEDBid precision2Bid unit codeCURRENCY_MAJORControl levelKEYWORDPlatform codeOZONProfile version902Quota semanticsSource maturitySYNTHETIC_FIXTURELast verified atlast_verified_at: UNRESOLVEDStatus semanticsBid currency codeRUBBid field presenttrueNative object kindKEYWORDReadback semanticsEXACT_FIELDVerification stateUNVERIFIEDCorrection behaviourAPPEND_ONLY_CORRECTIONError class semanticsIdempotency semanticsNO_VERIFIED_IDEMPOTENCYPropagation semanticsEVENTUAL_BOUNDEDVerified source titleverified_source_title: UNRESOLVEDPolicy Version DigestaaaaaaaaaaaaaaaaaaaaaaaaaaaaaaaaaaaaaaaaaaaaaaaaaaaaaaaaaaaaaaaaNative Campaign Keyfictional-campaignMarketplace Account Id89501ccf-748a-4839-ba4c-64afcaf2b8d3Observed ConfigurationCurrent Bid30Observed At2026-09-05T10:45:26.39908+08:00Bid Unit CodeCURRENCY_MAJORCurrency CodeRUBCurrent BudgetcurrentBudget: UNRESOLVEDCurrent Statusnative-runningObserved Configuration Id2c95e817-1720-490d-832f-867dc9d63a55Affected Listing Variant IdsAffected Product Variant Ids1ef671f1-ac91-45d2-84ed-694d425ce5dcExecute the exact Owner-governed human proposalIntended: {\"direction\": \"PROTECTION_DECREASE\", \"targetBid\": 20.0000, \"currentBid\": 30.0000, \"bidUnitCode\": \"CURRENCY_MAJOR\", \"candidateId\": \"5d0b022c-d18a-4a5f-9e7a-ba2b8d812ff0\", \"currencyCode\": \"RUB\"}The resulting configuration has been established.INDEPENDENT_MANUAL_VERIFICATION — current configuration proof (targetBid: 20)EXECUTOR_SELF_REPORT — a report, not a proof (targetBid: 20.0000)OutcomeNothing has been observed yet. An absent outcome is not a neutral one — the measurement window has not closed."
    Timeout: 20000ms

    Call log:
      - Expect "toContainText" with timeout 20000ms
      - waiting for getByLabel('Manual execution')
        42 × locator resolved to <section data-state="loaded" aria-label="Manual execution">…</section>
           - unexpected value "Manual executionInstructions for a person. Nothing here reaches a marketplace by itself, and nothing here creates a command.Owner governed human execution proposalsManual selection reasonAD_BID_CHANGE · policy revision 1 · INDEPENDENT_OR_OFFICIALExact native target: 20 RUB · CURRENCY_MAJORAPI profile: UNVERIFIED. This human workflow creates no API command.Select exact manual proposalAD_BID_CHANGEMANUAL_CONFIGURATION_VERIFIED · revision 5Independently observed exact native valueCanonical official configuration observation IDRecord independent configuration observationVerify canonical official observationObserve canonical early sales safetyStore Id8e4dc3da-32a0-4da5-8554-078bc5deba03Platform CodeOZONAffected Set Id9eeacdac-4df6-4520-8879-be848da3ff0eStore TimezonestoreTimezone: UNRESOLVEDExpected ImpactStateOUTCOME_UNPROVENResponsibility Recommendation Id5adeb0ca-6c94-4cc7-a266-17d0e9d132afOrganization Id319503fa-5fa3-4eb4-a0c0-5a051938b04bNative Object Keyfictional-native-objectNative Object KindKEYWORDVerification PlanModeINDEPENDENT_OR_OFFICIALPolicy Id266661ca-7de4-4b87-825a-8f0310ab5c93Evidence GradeINDEPENDENT_OR_OFFICIALPolicy Version1Api Profile StateUNVERIFIEDAffected Set Digestbc2143351b311308437a062a6dd1da614a56480a33d18c1c6fbcc61e88261faeAuthority SnapshotCase Idaeadca5a-a7d3-4436-a425-a830e3b65145ObjectIde5a3c08b-9a61-4eb4-b74b-32ada30ae02fStatusACTIVEVersion0Store id8e4dc3da-32a0-4da5-8554-078bc5deba03Created at2026-09-05T10:45:25.662669+08:00Updated at2026-09-05T10:45:25.662669+08:00Lineage keyfictional-native-objectBidding modeMANUAL_BIDPlatform codeOZONOrganization id319503fa-5fa3-4eb4-a0c0-5a051938b04bLast observed at2026-09-05T10:45:25.662669+08:00First observed at2026-09-05T10:45:25.662669+08:00Native object keyfictional-native-objectNative parent keynative_parent_key: UNRESOLVEDObservation stateOBSERVEDLineage generation1Native object kindKEYWORDNative object namenative_object_name: UNRESOLVEDNative campaign keyfictional-campaignSemantic profile id6ecd43c7-3ef0-49f7-bca6-2a5a74aacca4Control evidence reffixture://fictional-independent-controlControl granularity statePROVEN_INDEPENDENTPolicyId266661ca-7de4-4b87-825a-8f0310ab5c93Store id8e4dc3da-32a0-4da5-8554-078bc5deba03Cause codePROVEN_ADVERTISING_LOSSAction kindAD_BID_CHANGEApproved at2026-09-05T10:45:26.419199+08:00Effective to2026-09-05T11:45:26.419199+08:00Currency codeRUBTarget budgettarget_budget: UNRESOLVEDTarget statustarget_status: UNRESOLVEDEffective from2026-09-05T10:44:26.419199+08:00Policy version1Candidate basisMAX_CPC_BOUNDEDOrganization id319503fa-5fa3-4eb4-a0c0-5a051938b04bOutcome policy id2e051635-7dce-45c1-a40d-588a893c18e6Verification modeINDEPENDENT_OR_OFFICIALEvidence referencefixture://isolated-browser/synthetic-owner-manual-policyApproved by user id7181609d-911d-4795-b7df-458b5e7e44dbSemantic profile id6ecd43c7-3ef0-49f7-bca6-2a5a74aacca4Packet lease seconds1800Configuration max age seconds3600Cause CodePROVEN_ADVERTISING_LOSSAffected SetId9eeacdac-4df6-4520-8879-be848da3ff0eCreated at2026-09-05T10:45:25.662669+08:00Resolved at2026-09-05T10:45:25.662669+08:00Organization id319503fa-5fa3-4eb4-a0c0-5a051938b04bResolution stateCOMPLETEAd native object ide5a3c08b-9a61-4eb4-b74b-32ada30ae02fAffected set digestbc2143351b311308437a062a6dd1da614a56480a33d18c1c6fbcc61e88261faeProduct variant ids1ef671f1-ac91-45d2-84ed-694d425ce5dcUnresolved reason codesPlatform listing variant idsCalculation Idd0e2f5ee-db73-40c3-8ea1-1c938c2b79e0ConfigurationId2c95e817-1720-490d-832f-867dc9d63a55Created at2026-09-05T10:45:26.39908+08:00Observed at2026-09-05T10:45:26.39908+08:00Source time2026-09-05T10:45:26.39908+08:00Bid unit codeCURRENCY_MAJORProvenance idf58e25ce-b13a-4ae4-b545-1e1a549e594eEvidence gradeOFFICIAL_API_READBACKObserved statusRUNNINGOrganization id319503fa-5fa3-4eb4-a0c0-5a051938b04bBid currency codeRUBNative status rawnative-runningLineage generation1Ad native object ide5a3c08b-9a61-4eb4-b74b-32ada30ae02fObserved bid amount30Semantic profile id6ecd43c7-3ef0-49f7-bca6-2a5a74aacca4Observed bidding modeMANUAL_BIDObserved budget amountobserved_budget_amount: UNRESOLVEDSupersedes observation idsupersedes_observation_id: UNRESOLVEDOutcome PolicyId2e051635-7dce-45c1-a40d-588a893c18e6ReasonfixtureStatusACTIVEDirectionPROTECTION_DECREASECause codecause_code: UNRESOLVEDCreated at2026-09-05T10:45:25.662669+08:00Scope kindORGANIZATIONEffective toeffective_to: UNRESOLVEDStore ref idstore_ref_id: UNRESOLVEDOwner user id7181609d-911d-4795-b7df-458b5e7e44dbPlatform codeplatform_code: UNRESOLVEDEffective from2026-09-04T10:45:25.662669+08:00Policy version1Organization id319503fa-5fa3-4eb4-a0c0-5a051938b04bComparison basisPRE_CHANGE_SAME_OBJECTComparison scale4Evidence referenceevidence://fixture/outcomePrimary metric codeAD_SPENDRetained window days30Material profit delta10Minimum traffic count100Settlement window hours1440Comparison rounding modeHALF_UPNegative profit terminalKEEP_PROTECTION_OPENOperational window hours720Non worsening profit band0Non worsening per rub band0Observation starts minutes30Regression threshold ratio0.05Completed sales guard hours24Improvement threshold ratio0.1Material boundary inclusivetrueMinimum ad spend denominator1Material profit per rub delta0.1Minimum settled coverage ratio0.8Critical unit definition completetrueSales preservation tolerance ratio0.05Semantic ProfileId6ecd43c7-3ef0-49f7-bca6-2a5a74aacca4StatusACTIVEVersion0Bid step0.5Created at2026-09-05T10:45:25.662669+08:00Updated at2026-09-05T10:45:25.662669+08:00Bid maximum500Bid minimum1Owner labelfixtureBidding modeMANUAL_BIDEvidence refevidence_ref: UNRESOLVEDBid precision2Bid unit codeCURRENCY_MAJORControl levelKEYWORDPlatform codeOZONProfile version902Quota semanticsSource maturitySYNTHETIC_FIXTURELast verified atlast_verified_at: UNRESOLVEDStatus semanticsBid currency codeRUBBid field presenttrueNative object kindKEYWORDReadback semanticsEXACT_FIELDVerification stateUNVERIFIEDCorrection behaviourAPPEND_ONLY_CORRECTIONError class semanticsIdempotency semanticsNO_VERIFIED_IDEMPOTENCYPropagation semanticsEVENTUAL_BOUNDEDVerified source titleverified_source_title: UNRESOLVEDPolicy Version DigestaaaaaaaaaaaaaaaaaaaaaaaaaaaaaaaaaaaaaaaaaaaaaaaaaaaaaaaaaaaaaaaaNative Campaign Keyfictional-campaignMarketplace Account Id89501ccf-748a-4839-ba4c-64afcaf2b8d3Observed ConfigurationCurrent Bid30Observed At2026-09-05T10:45:26.39908+08:00Bid Unit CodeCURRENCY_MAJORCurrency CodeRUBCurrent BudgetcurrentBudget: UNRESOLVEDCurrent Statusnative-runningObserved Configuration Id2c95e817-1720-490d-832f-867dc9d63a55Affected Listing Variant IdsAffected Product Variant Ids1ef671f1-ac91-45d2-84ed-694d425ce5dcExecute the exact Owner-governed human proposalIntended: {"direction": "PROTECTION_DECREASE", "targetBid": 20.0000, "currentBid": 30.0000, "bidUnitCode": "CURRENCY_MAJOR", "candidateId": "5d0b022c-d18a-4a5f-9e7a-ba2b8d812ff0", "currencyCode": "RUB"}The resulting configuration has been established.INDEPENDENT_MANUAL_VERIFICATION — current configuration proof (targetBid: 20)EXECUTOR_SELF_REPORT — a report, not a proof (targetBid: 20.0000)OutcomeNothing has been observed yet. An absent outcome is not a neutral one — the measurement window has not closed."


      238 |       .getByRole('button', { name: 'Observe canonical early sales safety' })
      239 |       .click();
    > 240 |     await expect(verifier.page.getByLabel('Manual execution')).toContainText('NOT_YET_EVALUABLE');
          |                                                                ^
      241 |     await verifier.page.screenshot({
      242 |       path: testInfo.outputPath(`${platform}-independent-proof-early-safety-pending.png`),
      243 |       fullPage: true,
        at /Users/chzhengx/Code/personal/marketops-platform/frontend/marketops-console/tests/advertising-browser/governed-advertising.spec.ts:240:64

    attachment #1: screenshot (image/png) ──────────────────────────────────────────────────────────
    test-results/advertising/governed-advertising-OZON--9c98d-res-an-independent-observer/test-failed-5.png
    ────────────────────────────────────────────────────────────────────────────────────────────────

    attachment #2: screenshot (image/png) ──────────────────────────────────────────────────────────
    test-results/advertising/governed-advertising-OZON--9c98d-res-an-independent-observer/test-failed-1.png
    ────────────────────────────────────────────────────────────────────────────────────────────────

    attachment #3: screenshot (image/png) ──────────────────────────────────────────────────────────
    test-results/advertising/governed-advertising-OZON--9c98d-res-an-independent-observer/test-failed-3.png
    ────────────────────────────────────────────────────────────────────────────────────────────────

    attachment #4: screenshot (image/png) ──────────────────────────────────────────────────────────
    test-results/advertising/governed-advertising-OZON--9c98d-res-an-independent-observer/test-failed-2.png
    ────────────────────────────────────────────────────────────────────────────────────────────────

    attachment #5: screenshot (image/png) ──────────────────────────────────────────────────────────
    test-results/advertising/governed-advertising-OZON--9c98d-res-an-independent-observer/test-failed-4.png
    ────────────────────────────────────────────────────────────────────────────────────────────────

    Error Context: test-results/advertising/governed-advertising-OZON--9c98d-res-an-independent-observer/error-context.md

    attachment #7: trace (application/zip) ─────────────────────────────────────────────────────────
    test-results/advertising/governed-advertising-OZON--9c98d-res-an-independent-observer/trace.zip
    Usage:

        npx playwright show-trace test-results/advertising/governed-advertising-OZON--9c98d-res-an-independent-observer/trace.zip

    ────────────────────────────────────────────────────────────────────────────────────────────────

  3) tests/advertising-browser/governed-advertising.spec.ts:159:3 › WILDBERRIES actual governed manual path stays UNVERIFIED and requires an independent observer 

    Error: expect(locator).toContainText(expected) failed

    Locator: getByLabel('Manual execution')
    Expected substring: "NOT_YET_EVALUABLE"
    Received string:    "Manual executionInstructions for a person. Nothing here reaches a marketplace by itself, and nothing here creates a command.Owner governed human execution proposalsManual selection reasonAD_BID_CHANGE · policy revision 1 · INDEPENDENT_OR_OFFICIALExact native target: 20 RUB · CURRENCY_MINORAPI profile: UNVERIFIED. This human workflow creates no API command.Select exact manual proposalAD_BID_CHANGEMANUAL_CONFIGURATION_VERIFIED · revision 5Independently observed exact native valueCanonical official configuration observation IDRecord independent configuration observationVerify canonical official observationObserve canonical early sales safetyStore Idffea5f24-dcd2-4deb-85a7-18b08520804dPlatform CodeWILDBERRIESAffected Set Id450aea8c-4a27-49ac-9c3a-cde0d39e0be6Store TimezonestoreTimezone: UNRESOLVEDExpected ImpactStateOUTCOME_UNPROVENResponsibility Recommendation Id770f2886-0dea-4f30-9594-c2efd760063cOrganization Id580d56d3-5b87-41fa-991f-0be0d56b7628Native Object Keyfictional-native-objectNative Object KindPLACEMENTVerification PlanModeINDEPENDENT_OR_OFFICIALPolicy Id5336d537-6f9f-4a2f-a3b7-da8f8fb6b645Evidence GradeINDEPENDENT_OR_OFFICIALPolicy Version1Api Profile StateUNVERIFIEDAffected Set Digestbc2143351b311308437a062a6dd1da614a56480a33d18c1c6fbcc61e88261faeAuthority SnapshotCase Idfb69bef7-a0a4-4b57-99d4-759f70ee2ae7ObjectIda19ea836-be0c-4bcb-a755-08480d3cdd28StatusACTIVEVersion0Store idffea5f24-dcd2-4deb-85a7-18b08520804dCreated at2026-09-05T10:45:26.445454+08:00Updated at2026-09-05T10:45:26.445454+08:00Lineage keyfictional-native-objectBidding modeMANUAL_BIDPlatform codeWILDBERRIESOrganization id580d56d3-5b87-41fa-991f-0be0d56b7628Last observed at2026-09-05T10:45:26.445454+08:00First observed at2026-09-05T10:45:26.445454+08:00Native object keyfictional-native-objectNative parent keynative_parent_key: UNRESOLVEDObservation stateOBSERVEDLineage generation1Native object kindPLACEMENTNative object namenative_object_name: UNRESOLVEDNative campaign keyfictional-campaignSemantic profile id7969deea-f7f1-4b90-bc1b-4244282c476dControl evidence reffixture://fictional-independent-controlControl granularity statePROVEN_INDEPENDENTPolicyId5336d537-6f9f-4a2f-a3b7-da8f8fb6b645Store idffea5f24-dcd2-4deb-85a7-18b08520804dCause codePROVEN_ADVERTISING_LOSSAction kindAD_BID_CHANGEApproved at2026-09-05T10:45:27.246587+08:00Effective to2026-09-05T11:45:27.246587+08:00Currency codeRUBTarget budgettarget_budget: UNRESOLVEDTarget statustarget_status: UNRESOLVEDEffective from2026-09-05T10:44:27.246587+08:00Policy version1Candidate basisMAX_CPC_BOUNDEDOrganization id580d56d3-5b87-41fa-991f-0be0d56b7628Outcome policy id7fa4e43a-1ba4-4e45-b781-83b401dc7b10Verification modeINDEPENDENT_OR_OFFICIALEvidence referencefixture://isolated-browser/synthetic-owner-manual-policyApproved by user id33261844-0019-4e38-bff5-42906a1242f9Semantic profile id7969deea-f7f1-4b90-bc1b-4244282c476dPacket lease seconds1800Configuration max age seconds3600Cause CodePROVEN_ADVERTISING_LOSSAffected SetId450aea8c-4a27-49ac-9c3a-cde0d39e0be6Created at2026-09-05T10:45:26.445454+08:00Resolved at2026-09-05T10:45:26.445454+08:00Organization id580d56d3-5b87-41fa-991f-0be0d56b7628Resolution stateCOMPLETEAd native object ida19ea836-be0c-4bcb-a755-08480d3cdd28Affected set digestbc2143351b311308437a062a6dd1da614a56480a33d18c1c6fbcc61e88261faeProduct variant idsa5e1bb92-b8e0-4187-bb8b-acb9b072b2bbUnresolved reason codesPlatform listing variant idsCalculation Id8fdf284d-8cfd-406c-a8c9-62b1d74db072ConfigurationIde3c24a05-09c7-41f2-88e7-0013b2dd5614Created at2026-09-05T10:45:27.2118+08:00Observed at2026-09-05T10:45:27.2118+08:00Source time2026-09-05T10:45:27.2118+08:00Bid unit codeCURRENCY_MINORProvenance idca55e6f0-6aef-4488-871d-6a3189ea1a14Evidence gradeOFFICIAL_API_READBACKObserved statusRUNNINGOrganization id580d56d3-5b87-41fa-991f-0be0d56b7628Bid currency codeRUBNative status rawnative-runningLineage generation1Ad native object ida19ea836-be0c-4bcb-a755-08480d3cdd28Observed bid amount30Semantic profile id7969deea-f7f1-4b90-bc1b-4244282c476dObserved bidding modeMANUAL_BIDObserved budget amountobserved_budget_amount: UNRESOLVEDSupersedes observation idsupersedes_observation_id: UNRESOLVEDOutcome PolicyId7fa4e43a-1ba4-4e45-b781-83b401dc7b10ReasonfixtureStatusACTIVEDirectionPROTECTION_DECREASECause codecause_code: UNRESOLVEDCreated at2026-09-05T10:45:26.445454+08:00Scope kindORGANIZATIONEffective toeffective_to: UNRESOLVEDStore ref idstore_ref_id: UNRESOLVEDOwner user id33261844-0019-4e38-bff5-42906a1242f9Platform codeplatform_code: UNRESOLVEDEffective from2026-09-04T10:45:26.445454+08:00Policy version1Organization id580d56d3-5b87-41fa-991f-0be0d56b7628Comparison basisPRE_CHANGE_SAME_OBJECTComparison scale4Evidence referenceevidence://fixture/outcomePrimary metric codeAD_SPENDRetained window days30Material profit delta10Minimum traffic count100Settlement window hours1440Comparison rounding modeHALF_UPNegative profit terminalKEEP_PROTECTION_OPENOperational window hours720Non worsening profit band0Non worsening per rub band0Observation starts minutes30Regression threshold ratio0.05Completed sales guard hours24Improvement threshold ratio0.1Material boundary inclusivetrueMinimum ad spend denominator1Material profit per rub delta0.1Minimum settled coverage ratio0.8Critical unit definition completetrueSales preservation tolerance ratio0.05Semantic ProfileId7969deea-f7f1-4b90-bc1b-4244282c476dStatusACTIVEVersion0Bid step5Created at2026-09-05T10:45:26.445454+08:00Updated at2026-09-05T10:45:26.445454+08:00Bid maximum50000Bid minimum5Owner labelfixtureBidding modeMANUAL_BIDEvidence refevidence_ref: UNRESOLVEDBid precision0Bid unit codeCURRENCY_MINORControl levelPLACEMENTPlatform codeWILDBERRIESProfile version902Quota semanticsSource maturitySYNTHETIC_FIXTURELast verified atlast_verified_at: UNRESOLVEDStatus semanticsBid currency codeRUBBid field presenttrueNative object kindPLACEMENTReadback semanticsDERIVED_FIELDVerification stateUNVERIFIEDCorrection behaviourAPPEND_ONLY_CORRECTIONError class semanticsIdempotency semanticsNO_VERIFIED_IDEMPOTENCYPropagation semanticsEVENTUAL_BOUNDEDVerified source titleverified_source_title: UNRESOLVEDPolicy Version DigestaaaaaaaaaaaaaaaaaaaaaaaaaaaaaaaaaaaaaaaaaaaaaaaaaaaaaaaaaaaaaaaaNative Campaign Keyfictional-campaignMarketplace Account Id49e80ab1-9eb8-4125-8c1b-a7ddd1e024afObserved ConfigurationCurrent Bid30Observed At2026-09-05T10:45:27.2118+08:00Bid Unit CodeCURRENCY_MINORCurrency CodeRUBCurrent BudgetcurrentBudget: UNRESOLVEDCurrent Statusnative-runningObserved Configuration Ide3c24a05-09c7-41f2-88e7-0013b2dd5614Affected Listing Variant IdsAffected Product Variant Idsa5e1bb92-b8e0-4187-bb8b-acb9b072b2bbExecute the exact Owner-governed human proposalIntended: {\"direction\": \"PROTECTION_DECREASE\", \"targetBid\": 20.0000, \"currentBid\": 30.0000, \"bidUnitCode\": \"CURRENCY_MINOR\", \"candidateId\": \"7e454293-9382-4ee3-a3ab-5c2fb97df54e\", \"currencyCode\": \"RUB\"}The resulting configuration has been established.INDEPENDENT_MANUAL_VERIFICATION — current configuration proof (targetBid: 20)EXECUTOR_SELF_REPORT — a report, not a proof (targetBid: 20.0000)OutcomeNothing has been observed yet. An absent outcome is not a neutral one — the measurement window has not closed."
    Timeout: 20000ms

    Call log:
      - Expect "toContainText" with timeout 20000ms
      - waiting for getByLabel('Manual execution')
        42 × locator resolved to <section data-state="loaded" aria-label="Manual execution">…</section>
           - unexpected value "Manual executionInstructions for a person. Nothing here reaches a marketplace by itself, and nothing here creates a command.Owner governed human execution proposalsManual selection reasonAD_BID_CHANGE · policy revision 1 · INDEPENDENT_OR_OFFICIALExact native target: 20 RUB · CURRENCY_MINORAPI profile: UNVERIFIED. This human workflow creates no API command.Select exact manual proposalAD_BID_CHANGEMANUAL_CONFIGURATION_VERIFIED · revision 5Independently observed exact native valueCanonical official configuration observation IDRecord independent configuration observationVerify canonical official observationObserve canonical early sales safetyStore Idffea5f24-dcd2-4deb-85a7-18b08520804dPlatform CodeWILDBERRIESAffected Set Id450aea8c-4a27-49ac-9c3a-cde0d39e0be6Store TimezonestoreTimezone: UNRESOLVEDExpected ImpactStateOUTCOME_UNPROVENResponsibility Recommendation Id770f2886-0dea-4f30-9594-c2efd760063cOrganization Id580d56d3-5b87-41fa-991f-0be0d56b7628Native Object Keyfictional-native-objectNative Object KindPLACEMENTVerification PlanModeINDEPENDENT_OR_OFFICIALPolicy Id5336d537-6f9f-4a2f-a3b7-da8f8fb6b645Evidence GradeINDEPENDENT_OR_OFFICIALPolicy Version1Api Profile StateUNVERIFIEDAffected Set Digestbc2143351b311308437a062a6dd1da614a56480a33d18c1c6fbcc61e88261faeAuthority SnapshotCase Idfb69bef7-a0a4-4b57-99d4-759f70ee2ae7ObjectIda19ea836-be0c-4bcb-a755-08480d3cdd28StatusACTIVEVersion0Store idffea5f24-dcd2-4deb-85a7-18b08520804dCreated at2026-09-05T10:45:26.445454+08:00Updated at2026-09-05T10:45:26.445454+08:00Lineage keyfictional-native-objectBidding modeMANUAL_BIDPlatform codeWILDBERRIESOrganization id580d56d3-5b87-41fa-991f-0be0d56b7628Last observed at2026-09-05T10:45:26.445454+08:00First observed at2026-09-05T10:45:26.445454+08:00Native object keyfictional-native-objectNative parent keynative_parent_key: UNRESOLVEDObservation stateOBSERVEDLineage generation1Native object kindPLACEMENTNative object namenative_object_name: UNRESOLVEDNative campaign keyfictional-campaignSemantic profile id7969deea-f7f1-4b90-bc1b-4244282c476dControl evidence reffixture://fictional-independent-controlControl granularity statePROVEN_INDEPENDENTPolicyId5336d537-6f9f-4a2f-a3b7-da8f8fb6b645Store idffea5f24-dcd2-4deb-85a7-18b08520804dCause codePROVEN_ADVERTISING_LOSSAction kindAD_BID_CHANGEApproved at2026-09-05T10:45:27.246587+08:00Effective to2026-09-05T11:45:27.246587+08:00Currency codeRUBTarget budgettarget_budget: UNRESOLVEDTarget statustarget_status: UNRESOLVEDEffective from2026-09-05T10:44:27.246587+08:00Policy version1Candidate basisMAX_CPC_BOUNDEDOrganization id580d56d3-5b87-41fa-991f-0be0d56b7628Outcome policy id7fa4e43a-1ba4-4e45-b781-83b401dc7b10Verification modeINDEPENDENT_OR_OFFICIALEvidence referencefixture://isolated-browser/synthetic-owner-manual-policyApproved by user id33261844-0019-4e38-bff5-42906a1242f9Semantic profile id7969deea-f7f1-4b90-bc1b-4244282c476dPacket lease seconds1800Configuration max age seconds3600Cause CodePROVEN_ADVERTISING_LOSSAffected SetId450aea8c-4a27-49ac-9c3a-cde0d39e0be6Created at2026-09-05T10:45:26.445454+08:00Resolved at2026-09-05T10:45:26.445454+08:00Organization id580d56d3-5b87-41fa-991f-0be0d56b7628Resolution stateCOMPLETEAd native object ida19ea836-be0c-4bcb-a755-08480d3cdd28Affected set digestbc2143351b311308437a062a6dd1da614a56480a33d18c1c6fbcc61e88261faeProduct variant idsa5e1bb92-b8e0-4187-bb8b-acb9b072b2bbUnresolved reason codesPlatform listing variant idsCalculation Id8fdf284d-8cfd-406c-a8c9-62b1d74db072ConfigurationIde3c24a05-09c7-41f2-88e7-0013b2dd5614Created at2026-09-05T10:45:27.2118+08:00Observed at2026-09-05T10:45:27.2118+08:00Source time2026-09-05T10:45:27.2118+08:00Bid unit codeCURRENCY_MINORProvenance idca55e6f0-6aef-4488-871d-6a3189ea1a14Evidence gradeOFFICIAL_API_READBACKObserved statusRUNNINGOrganization id580d56d3-5b87-41fa-991f-0be0d56b7628Bid currency codeRUBNative status rawnative-runningLineage generation1Ad native object ida19ea836-be0c-4bcb-a755-08480d3cdd28Observed bid amount30Semantic profile id7969deea-f7f1-4b90-bc1b-4244282c476dObserved bidding modeMANUAL_BIDObserved budget amountobserved_budget_amount: UNRESOLVEDSupersedes observation idsupersedes_observation_id: UNRESOLVEDOutcome PolicyId7fa4e43a-1ba4-4e45-b781-83b401dc7b10ReasonfixtureStatusACTIVEDirectionPROTECTION_DECREASECause codecause_code: UNRESOLVEDCreated at2026-09-05T10:45:26.445454+08:00Scope kindORGANIZATIONEffective toeffective_to: UNRESOLVEDStore ref idstore_ref_id: UNRESOLVEDOwner user id33261844-0019-4e38-bff5-42906a1242f9Platform codeplatform_code: UNRESOLVEDEffective from2026-09-04T10:45:26.445454+08:00Policy version1Organization id580d56d3-5b87-41fa-991f-0be0d56b7628Comparison basisPRE_CHANGE_SAME_OBJECTComparison scale4Evidence referenceevidence://fixture/outcomePrimary metric codeAD_SPENDRetained window days30Material profit delta10Minimum traffic count100Settlement window hours1440Comparison rounding modeHALF_UPNegative profit terminalKEEP_PROTECTION_OPENOperational window hours720Non worsening profit band0Non worsening per rub band0Observation starts minutes30Regression threshold ratio0.05Completed sales guard hours24Improvement threshold ratio0.1Material boundary inclusivetrueMinimum ad spend denominator1Material profit per rub delta0.1Minimum settled coverage ratio0.8Critical unit definition completetrueSales preservation tolerance ratio0.05Semantic ProfileId7969deea-f7f1-4b90-bc1b-4244282c476dStatusACTIVEVersion0Bid step5Created at2026-09-05T10:45:26.445454+08:00Updated at2026-09-05T10:45:26.445454+08:00Bid maximum50000Bid minimum5Owner labelfixtureBidding modeMANUAL_BIDEvidence refevidence_ref: UNRESOLVEDBid precision0Bid unit codeCURRENCY_MINORControl levelPLACEMENTPlatform codeWILDBERRIESProfile version902Quota semanticsSource maturitySYNTHETIC_FIXTURELast verified atlast_verified_at: UNRESOLVEDStatus semanticsBid currency codeRUBBid field presenttrueNative object kindPLACEMENTReadback semanticsDERIVED_FIELDVerification stateUNVERIFIEDCorrection behaviourAPPEND_ONLY_CORRECTIONError class semanticsIdempotency semanticsNO_VERIFIED_IDEMPOTENCYPropagation semanticsEVENTUAL_BOUNDEDVerified source titleverified_source_title: UNRESOLVEDPolicy Version DigestaaaaaaaaaaaaaaaaaaaaaaaaaaaaaaaaaaaaaaaaaaaaaaaaaaaaaaaaaaaaaaaaNative Campaign Keyfictional-campaignMarketplace Account Id49e80ab1-9eb8-4125-8c1b-a7ddd1e024afObserved ConfigurationCurrent Bid30Observed At2026-09-05T10:45:27.2118+08:00Bid Unit CodeCURRENCY_MINORCurrency CodeRUBCurrent BudgetcurrentBudget: UNRESOLVEDCurrent Statusnative-runningObserved Configuration Ide3c24a05-09c7-41f2-88e7-0013b2dd5614Affected Listing Variant IdsAffected Product Variant Idsa5e1bb92-b8e0-4187-bb8b-acb9b072b2bbExecute the exact Owner-governed human proposalIntended: {"direction": "PROTECTION_DECREASE", "targetBid": 20.0000, "currentBid": 30.0000, "bidUnitCode": "CURRENCY_MINOR", "candidateId": "7e454293-9382-4ee3-a3ab-5c2fb97df54e", "currencyCode": "RUB"}The resulting configuration has been established.INDEPENDENT_MANUAL_VERIFICATION — current configuration proof (targetBid: 20)EXECUTOR_SELF_REPORT — a report, not a proof (targetBid: 20.0000)OutcomeNothing has been observed yet. An absent outcome is not a neutral one — the measurement window has not closed."


      238 |       .getByRole('button', { name: 'Observe canonical early sales safety' })
      239 |       .click();
    > 240 |     await expect(verifier.page.getByLabel('Manual execution')).toContainText('NOT_YET_EVALUABLE');
          |                                                                ^
      241 |     await verifier.page.screenshot({
      242 |       path: testInfo.outputPath(`${platform}-independent-proof-early-safety-pending.png`),
      243 |       fullPage: true,
        at /Users/chzhengx/Code/personal/marketops-platform/frontend/marketops-console/tests/advertising-browser/governed-advertising.spec.ts:240:64

    attachment #1: screenshot (image/png) ──────────────────────────────────────────────────────────
    test-results/advertising/governed-advertising-WILDB-455c7-res-an-independent-observer/test-failed-5.png
    ────────────────────────────────────────────────────────────────────────────────────────────────

    attachment #2: screenshot (image/png) ──────────────────────────────────────────────────────────
    test-results/advertising/governed-advertising-WILDB-455c7-res-an-independent-observer/test-failed-3.png
    ────────────────────────────────────────────────────────────────────────────────────────────────

    attachment #3: screenshot (image/png) ──────────────────────────────────────────────────────────
    test-results/advertising/governed-advertising-WILDB-455c7-res-an-independent-observer/test-failed-4.png
    ────────────────────────────────────────────────────────────────────────────────────────────────

    attachment #4: screenshot (image/png) ──────────────────────────────────────────────────────────
    test-results/advertising/governed-advertising-WILDB-455c7-res-an-independent-observer/test-failed-1.png
    ────────────────────────────────────────────────────────────────────────────────────────────────

    attachment #5: screenshot (image/png) ──────────────────────────────────────────────────────────
    test-results/advertising/governed-advertising-WILDB-455c7-res-an-independent-observer/test-failed-2.png
    ────────────────────────────────────────────────────────────────────────────────────────────────

    Error Context: test-results/advertising/governed-advertising-WILDB-455c7-res-an-independent-observer/error-context.md

    attachment #7: trace (application/zip) ─────────────────────────────────────────────────────────
    test-results/advertising/governed-advertising-WILDB-455c7-res-an-independent-observer/trace.zip
    Usage:

        npx playwright show-trace test-results/advertising/governed-advertising-WILDB-455c7-res-an-independent-observer/trace.zip

    ────────────────────────────────────────────────────────────────────────────────────────────────

  3 failed
    tests/advertising-browser/governed-advertising.spec.ts:71:1 › real Maker, Ops Lead and Owner decisions preserve minimum disclosure and exact versions 
    tests/advertising-browser/governed-advertising.spec.ts:159:3 › OZON actual governed manual path stays UNVERIFIED and requires an independent observer 
    tests/advertising-browser/governed-advertising.spec.ts:159:3 › WILDBERRIES actual governed manual path stays UNVERIFIED and requires an independent observer 
  8 passed (1.9m)
