[WebServer] Picked up JAVA_TOOL_OPTIONS: -Djava.io.tmpdir=/tmp/slice3-final-browser-work.uRKlAz/java-tmp
[WebServer] [INFO] Scanning for projects...[WebServer] 
[WebServer] [INFO] 
[WebServer] [INFO] --------------< com.mimococo.marketops:marketops-server >---------------
[WebServer] [INFO] Building MarketOps Server 0.1.0-SNAPSHOT
[WebServer] [INFO]   from pom.xml
[WebServer] [INFO] --------------------------------[ jar ]---------------------------------
[WebServer] [INFO] 
[WebServer] [INFO] >>> spring-boot:4.1.0:test-run (browser-fixture) > test-compile @ marketops-server >>>
[WebServer] [INFO] 
[WebServer] [INFO] --- enforcer:3.6.3:enforce (enforce-toolchain-and-dependencies) @ marketops-server ---
[WebServer] [INFO] Rule 0: org.apache.maven.enforcer.rules.version.RequireJavaVersion passed
[WebServer] [INFO] Rule 1: org.apache.maven.enforcer.rules.version.RequireMavenVersion passed
[WebServer] [INFO] Rule 2: org.apache.maven.enforcer.rules.dependency.BannedDependencies passed
[WebServer] [INFO] Rule 3: org.apache.maven.enforcer.rules.dependency.DependencyConvergence passed
[WebServer] [INFO] 
[WebServer] [INFO] --- jacoco:0.8.15:prepare-agent (prepare-coverage) @ marketops-server ---
[WebServer] [INFO] argLine set to -javaagent:/Users/chzhengx/.m2/repository/org/jacoco/org.jacoco.agent/0.8.15/org.jacoco.agent-0.8.15-runtime.jar=destfile=/private/tmp/slice3-final-browser-work.uRKlAz/source/backend/marketops-server/target/jacoco.exec
[WebServer] [INFO] 
[WebServer] [INFO] --- spring-boot:4.1.0:build-info (build-info) @ marketops-server ---
[WebServer] [INFO] 
[WebServer] [INFO] --- resources:3.5.0:resources (default-resources) @ marketops-server ---
[WebServer] [INFO] Copying 5 resources from src/main/resources to target/classes
[WebServer] [INFO] Copying 74 resources from src/main/resources to target/classes
[WebServer] [INFO] 
[WebServer] [INFO] --- compiler:3.15.0:compile (default-compile) @ marketops-server ---
[WebServer] [INFO] Recompiling the module because of changed source code.
[WebServer] [INFO] Compiling 669 source files with javac [debug deprecation parameters release 21] to target/classes
[WebServer] [WARNING] /private/tmp/slice3-final-browser-work.uRKlAz/source/backend/marketops-server/src/main/java/com/mimococo/marketops/advertisingefficiency/internal/infrastructure/jdbc/AdvertisingRecalculationRepository.java:[118,25] trailing white space will be removed
[WebServer] [INFO] Extracting Javadoc into /private/tmp/slice3-final-browser-work.uRKlAz/source/backend/marketops-server/./target/generated-spring-modulith/javadoc.json.
[WebServer] [WARNING] /private/tmp/slice3-final-browser-work.uRKlAz/source/backend/marketops-server/src/main/java/com/mimococo/marketops/operationsworkflow/internal/application/AdvertisingTaskSloService.java:[55,42] isTextual() in tools.jackson.databind.JsonNode has been deprecated
[WebServer] [WARNING] /private/tmp/slice3-final-browser-work.uRKlAz/source/backend/marketops-server/src/main/java/com/mimococo/marketops/operationsworkflow/internal/application/AdvertisingTaskSloService.java:[56,78] asText() in tools.jackson.databind.JsonNode has been deprecated
[WebServer] [WARNING] /private/tmp/slice3-final-browser-work.uRKlAz/source/backend/marketops-server/src/main/java/com/mimococo/marketops/operationsworkflow/internal/application/AdvertisingTaskSloService.java:[60,82] isTextual() in tools.jackson.databind.JsonNode has been deprecated
[WebServer] [WARNING] /private/tmp/slice3-final-browser-work.uRKlAz/source/backend/marketops-server/src/main/java/com/mimococo/marketops/operationsworkflow/internal/application/AdvertisingTaskSloService.java:[61,82] asText() in tools.jackson.databind.JsonNode has been deprecated
[WebServer] [WARNING] /private/tmp/slice3-final-browser-work.uRKlAz/source/backend/marketops-server/src/main/java/com/mimococo/marketops/operationsworkflow/internal/application/AdvertisingTaskSloService.java:[61,123] asText() in tools.jackson.databind.JsonNode has been deprecated
[WebServer] [WARNING] /private/tmp/slice3-final-browser-work.uRKlAz/source/backend/marketops-server/src/main/java/com/mimococo/marketops/operationsworkflow/internal/application/AdvertisingTaskSloService.java:[67,90] asText() in tools.jackson.databind.JsonNode has been deprecated
[WebServer] [WARNING] /private/tmp/slice3-final-browser-work.uRKlAz/source/backend/marketops-server/src/main/java/com/mimococo/marketops/shared/internal/errors/ConsoleProblemAdvice.java:[56,61] PAYLOAD_TOO_LARGE in org.springframework.http.HttpStatus has been deprecated
[WebServer] [WARNING] /private/tmp/slice3-final-browser-work.uRKlAz/source/backend/marketops-server/src/main/java/com/mimococo/marketops/shared/internal/errors/ConsoleProblemAdvice.java:[79,66] UNPROCESSABLE_ENTITY in org.springframework.http.HttpStatus has been deprecated
[WebServer] [WARNING] /private/tmp/slice3-final-browser-work.uRKlAz/source/backend/marketops-server/src/main/java/com/mimococo/marketops/shared/internal/migration/ManagedMigrationEvidence.java:[22,7] auto-closeable resource com.mimococo.marketops.shared.internal.migration.ManagedMigrationEvidence has a member method close() that could throw InterruptedException
[WebServer] [WARNING] /private/tmp/slice3-final-browser-work.uRKlAz/source/backend/marketops-server/src/main/java/com/mimococo/marketops/shared/internal/migration/ManagedMigrationRunner.java:[84,18] auto-closeable resource com.mimococo.marketops.shared.internal.migration.ManagedMigrationEvidence has a member method close() that could throw InterruptedException
[WebServer] [WARNING] /private/tmp/slice3-final-browser-work.uRKlAz/source/backend/marketops-server/src/main/java/com/mimococo/marketops/shared/internal/migration/ManagedMigrationRunner.java:[260,22] auto-closeable resource com.mimococo.marketops.shared.internal.migration.ManagedMigrationEvidence has a member method close() that could throw InterruptedException
[WebServer] [INFO] 
[WebServer] [INFO] --- resources:3.5.0:testResources (default-testResources) @ marketops-server ---
[WebServer] [INFO] Copying 4 resources from src/test/resources to target/test-classes
[WebServer] [INFO] 
[WebServer] [INFO] --- compiler:3.15.0:testCompile (default-testCompile) @ marketops-server ---
[WebServer] [INFO] Recompiling the module because of changed dependency.
[WebServer] [INFO] Compiling 310 source files with javac [debug deprecation parameters release 21] to target/test-classes
[WebServer] [WARNING] /private/tmp/slice3-final-browser-work.uRKlAz/source/backend/marketops-server/src/test/java/com/mimococo/marketops/AdvertisingAggregateExposureIT.java:[49,81] asText() in tools.jackson.databind.JsonNode has been deprecated
[WebServer] [WARNING] /private/tmp/slice3-final-browser-work.uRKlAz/source/backend/marketops-server/src/test/java/com/mimococo/marketops/AdvertisingAggregateExposureIT.java:[108,68] asText() in tools.jackson.databind.JsonNode has been deprecated
[WebServer] [WARNING] /private/tmp/slice3-final-browser-work.uRKlAz/source/backend/marketops-server/src/test/java/com/mimococo/marketops/AdvertisingAggregateExposureIT.java:[162,65] asText() in tools.jackson.databind.JsonNode has been deprecated
[WebServer] [WARNING] /private/tmp/slice3-final-browser-work.uRKlAz/source/backend/marketops-server/src/test/java/com/mimococo/marketops/AdvertisingAggregateExposureIT.java:[168,65] asText() in tools.jackson.databind.JsonNode has been deprecated
[WebServer] [WARNING] /private/tmp/slice3-final-browser-work.uRKlAz/source/backend/marketops-server/src/test/java/com/mimococo/marketops/AdvertisingAggregateExposureIT.java:[171,76] asText() in tools.jackson.databind.JsonNode has been deprecated
[WebServer] [WARNING] /private/tmp/slice3-final-browser-work.uRKlAz/source/backend/marketops-server/src/test/java/com/mimococo/marketops/AdvertisingAggregateExposureIT.java:[250,146] asText() in tools.jackson.databind.JsonNode has been deprecated
[WebServer] [WARNING] /private/tmp/slice3-final-browser-work.uRKlAz/source/backend/marketops-server/src/test/java/com/mimococo/marketops/AdvertisingAuthorityVersionStopIT.java:[78,94] asText() in tools.jackson.databind.JsonNode has been deprecated
[WebServer] [WARNING] /private/tmp/slice3-final-browser-work.uRKlAz/source/backend/marketops-server/src/test/java/com/mimococo/marketops/AdvertisingAuthorityVersionStopIT.java:[104,64] asText() in tools.jackson.databind.JsonNode has been deprecated
[WebServer] [WARNING] /private/tmp/slice3-final-browser-work.uRKlAz/source/backend/marketops-server/src/test/java/com/mimococo/marketops/AdvertisingCrossDomainIsolationIT.java:[60,57] asText() in tools.jackson.databind.JsonNode has been deprecated
[WebServer] [WARNING] /private/tmp/slice3-final-browser-work.uRKlAz/source/backend/marketops-server/src/test/java/com/mimococo/marketops/AdvertisingCrossDomainIsolationIT.java:[64,60] asText() in tools.jackson.databind.JsonNode has been deprecated
[WebServer] [WARNING] /private/tmp/slice3-final-browser-work.uRKlAz/source/backend/marketops-server/src/test/java/com/mimococo/marketops/AdvertisingCrossDomainIsolationIT.java:[74,95] asText() in tools.jackson.databind.JsonNode has been deprecated
[WebServer] [WARNING] /private/tmp/slice3-final-browser-work.uRKlAz/source/backend/marketops-server/src/test/java/com/mimococo/marketops/AdvertisingCrossDomainIsolationIT.java:[104,95] asText() in tools.jackson.databind.JsonNode has been deprecated
[WebServer] [WARNING] /private/tmp/slice3-final-browser-work.uRKlAz/source/backend/marketops-server/src/test/java/com/mimococo/marketops/AdvertisingCrossDomainIsolationIT.java:[219,57] asText() in tools.jackson.databind.JsonNode has been deprecated
[WebServer] [WARNING] /private/tmp/slice3-final-browser-work.uRKlAz/source/backend/marketops-server/src/test/java/com/mimococo/marketops/AdvertisingCrossDomainIsolationIT.java:[229,57] asText() in tools.jackson.databind.JsonNode has been deprecated
[WebServer] [WARNING] /private/tmp/slice3-final-browser-work.uRKlAz/source/backend/marketops-server/src/test/java/com/mimococo/marketops/AdvertisingCrossDomainIsolationIT.java:[244,47] asText() in tools.jackson.databind.JsonNode has been deprecated
[WebServer] [WARNING] /private/tmp/slice3-final-browser-work.uRKlAz/source/backend/marketops-server/src/test/java/com/mimococo/marketops/AdvertisingDisclosureIT.java:[83,65] asText() in tools.jackson.databind.JsonNode has been deprecated
[WebServer] [WARNING] /private/tmp/slice3-final-browser-work.uRKlAz/source/backend/marketops-server/src/test/java/com/mimococo/marketops/AdvertisingDisclosureIT.java:[86,74] asText() in tools.jackson.databind.JsonNode has been deprecated
[WebServer] [WARNING] /private/tmp/slice3-final-browser-work.uRKlAz/source/backend/marketops-server/src/test/java/com/mimococo/marketops/AdvertisingDisclosureIT.java:[95,83] asText() in tools.jackson.databind.JsonNode has been deprecated
[WebServer] [WARNING] /private/tmp/slice3-final-browser-work.uRKlAz/source/backend/marketops-server/src/test/java/com/mimococo/marketops/AdvertisingDisclosureIT.java:[118,49] asText() in tools.jackson.databind.JsonNode has been deprecated
[WebServer] [WARNING] /private/tmp/slice3-final-browser-work.uRKlAz/source/backend/marketops-server/src/test/java/com/mimococo/marketops/AdvertisingDisclosureIT.java:[167,53] asText() in tools.jackson.databind.JsonNode has been deprecated
[WebServer] [WARNING] /private/tmp/slice3-final-browser-work.uRKlAz/source/backend/marketops-server/src/test/java/com/mimococo/marketops/AdvertisingDisclosureIT.java:[211,52] asText() in tools.jackson.databind.JsonNode has been deprecated
[WebServer] [WARNING] /private/tmp/slice3-final-browser-work.uRKlAz/source/backend/marketops-server/src/test/java/com/mimococo/marketops/AdvertisingDisclosureIT.java:[287,75] asText() in tools.jackson.databind.JsonNode has been deprecated
[WebServer] [WARNING] /private/tmp/slice3-final-browser-work.uRKlAz/source/backend/marketops-server/src/test/java/com/mimococo/marketops/AdvertisingDisclosureIT.java:[288,79] asText() in tools.jackson.databind.JsonNode has been deprecated
[WebServer] [WARNING] /private/tmp/slice3-final-browser-work.uRKlAz/source/backend/marketops-server/src/test/java/com/mimococo/marketops/AdvertisingDisclosureIT.java:[291,40] asText() in tools.jackson.databind.JsonNode has been deprecated
[WebServer] [WARNING] /private/tmp/slice3-final-browser-work.uRKlAz/source/backend/marketops-server/src/test/java/com/mimococo/marketops/AdvertisingDisclosureIT.java:[293,53] asText() in tools.jackson.databind.JsonNode has been deprecated
[WebServer] [WARNING] /private/tmp/slice3-final-browser-work.uRKlAz/source/backend/marketops-server/src/test/java/com/mimococo/marketops/AdvertisingDisclosureIT.java:[352,57] asText() in tools.jackson.databind.JsonNode has been deprecated
[WebServer] [WARNING] /private/tmp/slice3-final-browser-work.uRKlAz/source/backend/marketops-server/src/test/java/com/mimococo/marketops/AdvertisingDisclosureIT.java:[354,90] asText() in tools.jackson.databind.JsonNode has been deprecated
[WebServer] [WARNING] /private/tmp/slice3-final-browser-work.uRKlAz/source/backend/marketops-server/src/test/java/com/mimococo/marketops/AdvertisingDisclosureIT.java:[405,37] asText() in tools.jackson.databind.JsonNode has been deprecated
[WebServer] [WARNING] /private/tmp/slice3-final-browser-work.uRKlAz/source/backend/marketops-server/src/test/java/com/mimococo/marketops/AdvertisingDisclosureIT.java:[406,54] asText() in tools.jackson.databind.JsonNode has been deprecated
[WebServer] [WARNING] /private/tmp/slice3-final-browser-work.uRKlAz/source/backend/marketops-server/src/test/java/com/mimococo/marketops/AdvertisingDisclosureIT.java:[410,48] asText() in tools.jackson.databind.JsonNode has been deprecated
[WebServer] [WARNING] /private/tmp/slice3-final-browser-work.uRKlAz/source/backend/marketops-server/src/test/java/com/mimococo/marketops/AdvertisingDisclosureIT.java:[428,35] isTextual() in tools.jackson.databind.JsonNode has been deprecated
[WebServer] [WARNING] /private/tmp/slice3-final-browser-work.uRKlAz/source/backend/marketops-server/src/test/java/com/mimococo/marketops/AdvertisingDisclosureIT.java:[428,55] asText() in tools.jackson.databind.JsonNode has been deprecated
[WebServer] [WARNING] /private/tmp/slice3-final-browser-work.uRKlAz/source/backend/marketops-server/src/test/java/com/mimococo/marketops/AdvertisingDisclosureIT.java:[429,88] asText() in tools.jackson.databind.JsonNode has been deprecated
[WebServer] [WARNING] /private/tmp/slice3-final-browser-work.uRKlAz/source/backend/marketops-server/src/test/java/com/mimococo/marketops/AdvertisingSealedAuthorityIT.java:[172,64] asText() in tools.jackson.databind.JsonNode has been deprecated
[WebServer] [WARNING] /private/tmp/slice3-final-browser-work.uRKlAz/source/backend/marketops-server/src/test/java/com/mimococo/marketops/AdvertisingSealedAuthorityIT.java:[176,72] asText() in tools.jackson.databind.JsonNode has been deprecated
[WebServer] [WARNING] /private/tmp/slice3-final-browser-work.uRKlAz/source/backend/marketops-server/src/test/java/com/mimococo/marketops/AdvertisingSealedAuthorityIT.java:[177,49] asText() in tools.jackson.databind.JsonNode has been deprecated
[WebServer] [WARNING] /private/tmp/slice3-final-browser-work.uRKlAz/source/backend/marketops-server/src/test/java/com/mimococo/marketops/AdvertisingHumanWorkflowIT.java:[137,74] asText() in tools.jackson.databind.JsonNode has been deprecated
[WebServer] [WARNING] /private/tmp/slice3-final-browser-work.uRKlAz/source/backend/marketops-server/src/test/java/com/mimococo/marketops/AdvertisingHumanWorkflowIT.java:[142,85] asText() in tools.jackson.databind.JsonNode has been deprecated
[WebServer] [WARNING] /private/tmp/slice3-final-browser-work.uRKlAz/source/backend/marketops-server/src/test/java/com/mimococo/marketops/AdvertisingHumanWorkflowIT.java:[182,60] asText() in tools.jackson.databind.JsonNode has been deprecated
[WebServer] [WARNING] /private/tmp/slice3-final-browser-work.uRKlAz/source/backend/marketops-server/src/test/java/com/mimococo/marketops/AdvertisingManualWorkflowIT.java:[811,69] asText() in tools.jackson.databind.JsonNode has been deprecated
[WebServer] [WARNING] /private/tmp/slice3-final-browser-work.uRKlAz/source/backend/marketops-server/src/test/java/com/mimococo/marketops/AdvertisingMaterialityIT.java:[31,46] asText() in tools.jackson.databind.JsonNode has been deprecated
[WebServer] [WARNING] /private/tmp/slice3-final-browser-work.uRKlAz/source/backend/marketops-server/src/test/java/com/mimococo/marketops/AdvertisingMaterialityIT.java:[72,40] asText() in tools.jackson.databind.JsonNode has been deprecated
[WebServer] [WARNING] /private/tmp/slice3-final-browser-work.uRKlAz/source/backend/marketops-server/src/test/java/com/mimococo/marketops/AdvertisingMaterialityIT.java:[77,46] asText() in tools.jackson.databind.JsonNode has been deprecated
[WebServer] [WARNING] /private/tmp/slice3-final-browser-work.uRKlAz/source/backend/marketops-server/src/test/java/com/mimococo/marketops/AdvertisingMaterialityIT.java:[83,40] asText() in tools.jackson.databind.JsonNode has been deprecated
[WebServer] [WARNING] /private/tmp/slice3-final-browser-work.uRKlAz/source/backend/marketops-server/src/test/java/com/mimococo/marketops/advertisingefficiency/AdvertisingRankFactorSerializationTest.java:[18,42] asText() in tools.jackson.databind.JsonNode has been deprecated
[WebServer] [WARNING] /private/tmp/slice3-final-browser-work.uRKlAz/source/backend/marketops-server/src/test/java/com/mimococo/marketops/advertisingefficiency/AdvertisingRankFactorSerializationTest.java:[20,43] asText() in tools.jackson.databind.JsonNode has been deprecated
[WebServer] [WARNING] /private/tmp/slice3-final-browser-work.uRKlAz/source/backend/marketops-server/src/test/java/com/mimococo/marketops/advertisingefficiency/internal/application/AdvertisingEconomicCauseBoundIT.java:[117,60] asText() in tools.jackson.databind.JsonNode has been deprecated
[WebServer] [WARNING] /private/tmp/slice3-final-browser-work.uRKlAz/source/backend/marketops-server/src/test/java/com/mimococo/marketops/advertisingefficiency/internal/application/AdvertisingFrozenOutcomeIT.java:[142,89] asText() in tools.jackson.databind.JsonNode has been deprecated
[WebServer] [WARNING] /private/tmp/slice3-final-browser-work.uRKlAz/source/backend/marketops-server/src/test/java/com/mimococo/marketops/advertisingefficiency/internal/application/AdvertisingMixedPreparationIT.java:[81,50] asText() in tools.jackson.databind.JsonNode has been deprecated
[WebServer] [WARNING] /private/tmp/slice3-final-browser-work.uRKlAz/source/backend/marketops-server/src/test/java/com/mimococo/marketops/advertisingefficiency/internal/application/AdvertisingMixedPreparationIT.java:[83,88] asText() in tools.jackson.databind.JsonNode has been deprecated
[WebServer] [WARNING] /private/tmp/slice3-final-browser-work.uRKlAz/source/backend/marketops-server/src/test/java/com/mimococo/marketops/advertisingefficiency/internal/application/AdvertisingOutcomeServiceTest.java:[122,63] asText() in tools.jackson.databind.JsonNode has been deprecated
[WebServer] [WARNING] /private/tmp/slice3-final-browser-work.uRKlAz/source/backend/marketops-server/src/test/java/com/mimococo/marketops/aicopilot/internal/application/OutputValidatorTest.java:[161,56] redundant cast to java.lang.String
[WebServer] [WARNING] /private/tmp/slice3-final-browser-work.uRKlAz/source/backend/marketops-server/src/test/java/com/mimococo/marketops/marketplaceintegration/adapter/http/PlatformHttpAdaptersTest.java:[103,70] unchecked generic array creation for varargs parameter of type java.util.Optional<java.lang.String>[]
[WebServer] [INFO] 
[WebServer] [INFO] <<< spring-boot:4.1.0:test-run (browser-fixture) < test-compile @ marketops-server <<<
[WebServer] [INFO] 
[WebServer] [INFO] 
[WebServer] [INFO] --- spring-boot:4.1.0:test-run (browser-fixture) @ marketops-server ---
[WebServer] [INFO] Attaching agents: []
[WebServer] Picked up JAVA_TOOL_OPTIONS: -Djava.io.tmpdir=/tmp/slice3-final-browser-work.uRKlAz/java-tmp
[WebServer] 2026-09-06T09:44:40.107Z INFO  application=marketops-server environment=local buildVersion=0.1.0-SNAPSHOT correlationId=none c.m.m.BrowserFixtureApplication - Starting BrowserFixtureApplication v0.1.0-SNAPSHOT using Java 21.0.10 with PID 97526 (/private/tmp/slice3-final-browser-work.uRKlAz/source/backend/marketops-server/target/test-classes started by chzhengx in /private/tmp/slice3-final-browser-work.uRKlAz/source/backend/marketops-server) 
[WebServer] 2026-09-06T09:44:40.130Z INFO  application=marketops-server environment=local buildVersion=0.1.0-SNAPSHOT correlationId=none c.m.m.BrowserFixtureApplication - The following 1 profile is active: "local" 
[WebServer] 2026-09-06T09:44:42.909Z INFO  application=marketops-server environment=local buildVersion=0.1.0-SNAPSHOT correlationId=none o.s.boot.tomcat.TomcatWebServer - Tomcat initialized with port 8080 (http) 
[WebServer] 2026-09-06T09:44:42.942Z INFO  application=marketops-server environment=local buildVersion=0.1.0-SNAPSHOT correlationId=none o.a.catalina.core.StandardService - Starting service [Tomcat] 
[WebServer] 2026-09-06T09:44:42.942Z INFO  application=marketops-server environment=local buildVersion=0.1.0-SNAPSHOT correlationId=none o.a.catalina.core.StandardEngine - Starting Servlet engine: [Apache Tomcat/11.0.22] 
[WebServer] 2026-09-06T09:44:42.978Z INFO  application=marketops-server environment=local buildVersion=0.1.0-SNAPSHOT correlationId=none o.s.b.w.c.s.WebApplicationContextInitializer - Root WebApplicationContext: initialization completed in 2740 ms 
[WebServer] 2026-09-06T09:44:49.081Z INFO  application=marketops-server environment=local buildVersion=0.1.0-SNAPSHOT correlationId=none o.s.b.a.e.web.EndpointLinksResolver - Exposing 2 endpoints beneath base path '/actuator' 
[WebServer] 2026-09-06T09:44:49.128Z INFO  application=marketops-server environment=local buildVersion=0.1.0-SNAPSHOT correlationId=none o.s.boot.tomcat.TomcatWebServer - Tomcat started on port 8080 (http) with context path '/' 
[WebServer] 2026-09-06T09:44:49.137Z INFO  application=marketops-server environment=local buildVersion=0.1.0-SNAPSHOT correlationId=none c.m.m.BrowserFixtureApplication - Started BrowserFixtureApplication in 10.718 seconds (process running for 11.208) 
[WebServer] 2026-09-06T09:44:49.950Z INFO  application=marketops-server environment=local buildVersion=0.1.0-SNAPSHOT correlationId=none c.m.m.a.i.a.JdbcMetadataAuditStore - Metadata change recorded event="metadata_change_recorded" sourceDomain="identityaccess" entityType="user-role-assignment" entityId="2ac9670f-7723-4eec-ab19-52f8f0f59e1a" action="GRANT" actorId="synthetic-browser" correlationId="1284ca6f-8660-4747-9bf1-d5ada74f5cbe"
[WebServer] 2026-09-06T09:44:49.961Z INFO  application=marketops-server environment=local buildVersion=0.1.0-SNAPSHOT correlationId=none c.m.m.a.i.a.JdbcMetadataAuditStore - Metadata change recorded event="metadata_change_recorded" sourceDomain="identityaccess" entityType="user-scope-grant" entityId="10830c49-7b76-440d-83c3-e4836f7c2aee" action="GRANT" actorId="synthetic-browser" correlationId="8407c777-7f7b-4bfa-8c4d-f7c4910db0c2"
[WebServer] 2026-09-06T09:44:49.965Z INFO  application=marketops-server environment=local buildVersion=0.1.0-SNAPSHOT correlationId=none c.m.m.a.i.a.JdbcMetadataAuditStore - Metadata change recorded event="metadata_change_recorded" sourceDomain="identityaccess" entityType="user-scope-grant" entityId="2501b0b8-7e87-4bd8-82fe-b070f9422b13" action="GRANT" actorId="synthetic-browser" correlationId="cf25ff2c-cfec-460c-b09a-e600e791222e"
[WebServer] 2026-09-06T09:44:49.969Z INFO  application=marketops-server environment=local buildVersion=0.1.0-SNAPSHOT correlationId=none c.m.m.a.i.a.JdbcMetadataAuditStore - Metadata change recorded event="metadata_change_recorded" sourceDomain="identityaccess" entityType="user-scope-grant" entityId="36808ccc-09cc-43a8-a152-4dd357de5da6" action="GRANT" actorId="synthetic-browser" correlationId="5a6cda35-ecbc-43a5-bae9-7bd04649be7a"
[WebServer] 2026-09-06T09:44:49.973Z INFO  application=marketops-server environment=local buildVersion=0.1.0-SNAPSHOT correlationId=none c.m.m.a.i.a.JdbcMetadataAuditStore - Metadata change recorded event="metadata_change_recorded" sourceDomain="identityaccess" entityType="user-scope-grant" entityId="9d0fdda4-1c76-44ae-b6ab-4c73d53f8506" action="GRANT" actorId="synthetic-browser" correlationId="a652db93-023e-43f3-bbfe-0772a7fb6f48"
[WebServer] 2026-09-06T09:44:49.977Z INFO  application=marketops-server environment=local buildVersion=0.1.0-SNAPSHOT correlationId=none c.m.m.a.i.a.JdbcMetadataAuditStore - Metadata change recorded event="metadata_change_recorded" sourceDomain="identityaccess" entityType="user-scope-grant" entityId="7423c3c1-7e62-4ca1-8a52-5fd6578b7fd8" action="GRANT" actorId="synthetic-browser" correlationId="feb11633-f5c7-4000-8fe4-45f81af64f9a"
[WebServer] 2026-09-06T09:44:49.981Z INFO  application=marketops-server environment=local buildVersion=0.1.0-SNAPSHOT correlationId=none c.m.m.a.i.a.JdbcMetadataAuditStore - Metadata change recorded event="metadata_change_recorded" sourceDomain="identityaccess" entityType="user-scope-grant" entityId="8c172795-f8b7-4697-ad56-390123ec4b36" action="GRANT" actorId="synthetic-browser" correlationId="991c5132-0b46-41ed-8ee8-d576babc0d3d"
[WebServer] 2026-09-06T09:44:49.984Z INFO  application=marketops-server environment=local buildVersion=0.1.0-SNAPSHOT correlationId=none c.m.m.a.i.a.JdbcMetadataAuditStore - Metadata change recorded event="metadata_change_recorded" sourceDomain="identityaccess" entityType="user-scope-grant" entityId="0abd4c60-b483-441f-ae91-bbacdfb8eff9" action="GRANT" actorId="synthetic-browser" correlationId="e9008ce6-0f6f-47a5-a091-5f056c79b464"
[WebServer] 2026-09-06T09:44:49.987Z INFO  application=marketops-server environment=local buildVersion=0.1.0-SNAPSHOT correlationId=none c.m.m.a.i.a.JdbcMetadataAuditStore - Metadata change recorded event="metadata_change_recorded" sourceDomain="identityaccess" entityType="user-scope-grant" entityId="ce5d1d7a-83d6-4073-99c3-837e40593803" action="GRANT" actorId="synthetic-browser" correlationId="d95512c8-c48b-483c-b3d0-ed40162423b0"
[WebServer] 2026-09-06T09:44:49.991Z INFO  application=marketops-server environment=local buildVersion=0.1.0-SNAPSHOT correlationId=none c.m.m.a.i.a.JdbcMetadataAuditStore - Metadata change recorded event="metadata_change_recorded" sourceDomain="identityaccess" entityType="user-scope-grant" entityId="352d4c43-ae99-42fb-bde7-6beb0618786d" action="GRANT" actorId="synthetic-browser" correlationId="52a7272f-3f1e-4bbf-8e3f-814f62be3236"
[WebServer] 2026-09-06T09:44:50.496Z INFO  application=marketops-server environment=local buildVersion=0.1.0-SNAPSHOT correlationId=none c.m.m.a.i.a.JdbcMetadataAuditStore - Metadata change recorded event="metadata_change_recorded" sourceDomain="operationsworkflow" entityType="availability_case" entityId="417564c6-3db3-437f-aa40-b8157e3edc16" action="CREATE" actorId="availability-risk-calculation" correlationId="2b2514af-7f45-4def-b902-baad0544685c"
[WebServer] 2026-09-06T09:44:50.501Z INFO  application=marketops-server environment=local buildVersion=0.1.0-SNAPSHOT correlationId=none c.m.m.a.i.a.JdbcMetadataAuditStore - Metadata change recorded event="metadata_change_recorded" sourceDomain="operationsworkflow" entityType="availability_case" entityId="cd811997-136b-48fd-a25d-0ca0ab8679cb" action="CREATE" actorId="availability-risk-calculation" correlationId="a92cb7dc-91d0-47eb-9938-b2cc58b652c4"
[WebServer] 2026-09-06T09:44:50.526Z INFO  application=marketops-server environment=local buildVersion=0.1.0-SNAPSHOT correlationId=none c.m.m.a.i.a.JdbcMetadataAuditStore - Metadata change recorded event="metadata_change_recorded" sourceDomain="operationsworkflow" entityType="commercial-policy" entityId="c87829df-c370-480b-9b5b-3bd852b2b251" action="POLICY_CHANGE" actorId="67a57145-a1bc-4da1-85be-8a912c8613e2" correlationId="011613ea-e881-4379-91e2-ddeb19be6af9"
[WebServer] 2026-09-06T09:44:50.560Z INFO  application=marketops-server environment=local buildVersion=0.1.0-SNAPSHOT correlationId=none c.m.m.a.i.a.JdbcMetadataAuditStore - Metadata change recorded event="metadata_change_recorded" sourceDomain="operationsworkflow" entityType="recommendation" entityId="1b149004-08c9-4194-bcda-0acb57835fa4" action="CREATE" actorId="67a57145-a1bc-4da1-85be-8a912c8613e2" correlationId="c81acc08-f863-4e28-a3f2-30dcc227db59"
[WebServer] 2026-09-06T09:44:50.571Z INFO  application=marketops-server environment=local buildVersion=0.1.0-SNAPSHOT correlationId=none c.m.m.a.i.a.JdbcMetadataAuditStore - Metadata change recorded event="metadata_change_recorded" sourceDomain="operationsworkflow" entityType="recommendation" entityId="1b149004-08c9-4194-bcda-0acb57835fa4" action="STATUS_CHANGE" actorId="67a57145-a1bc-4da1-85be-8a912c8613e2" correlationId="352b8a2c-0c20-42f4-a9ff-08d47674f9ab"
[WebServer] 2026-09-06T09:44:50.577Z INFO  application=marketops-server environment=local buildVersion=0.1.0-SNAPSHOT correlationId=none c.m.m.a.i.a.JdbcMetadataAuditStore - Metadata change recorded event="metadata_change_recorded" sourceDomain="operationsworkflow" entityType="recommendation" entityId="1b149004-08c9-4194-bcda-0acb57835fa4" action="STATUS_CHANGE" actorId="67a57145-a1bc-4da1-85be-8a912c8613e2" correlationId="cc39be49-b953-46b8-b2a8-1b211c92d04f"
[WebServer] 2026-09-06T09:44:50.586Z INFO  application=marketops-server environment=local buildVersion=0.1.0-SNAPSHOT correlationId=none c.m.m.a.i.a.JdbcMetadataAuditStore - Metadata change recorded event="metadata_change_recorded" sourceDomain="operationsworkflow" entityType="pilot-allowlist-entry" entityId="f1982830-58d8-4c69-919f-a6132bb4a5bf" action="GRANT" actorId="67a57145-a1bc-4da1-85be-8a912c8613e2" correlationId="1d344c1b-bda4-4721-909a-17476c36cd8d"

Running 25 tests using 1 worker

[WebServer] 2026-09-06T09:44:58.613Z INFO  application=marketops-server environment=local buildVersion=0.1.0-SNAPSHOT correlationId=none o.a.c.c.C.[Tomcat].[localhost].[/] - Initializing Spring DispatcherServlet 'dispatcherServlet' 
[WebServer] 2026-09-06T09:44:58.613Z INFO  application=marketops-server environment=local buildVersion=0.1.0-SNAPSHOT correlationId=none o.s.web.servlet.DispatcherServlet - Initializing Servlet 'dispatcherServlet' 
[WebServer] 2026-09-06T09:44:58.620Z INFO  application=marketops-server environment=local buildVersion=0.1.0-SNAPSHOT correlationId=none o.s.web.servlet.DispatcherServlet - Completed initialization in 7 ms 
[WebServer] 2026-09-06T09:44:58.657Z INFO  application=marketops-server environment=local buildVersion=0.1.0-SNAPSHOT correlationId=01f61210-a96b-4e5b-a525-e35f2ec8af17 c.m.m.s.i.c.CorrelationIdFilter - Request completed event="request_completed" correlationId="01f61210-a96b-4e5b-a525-e35f2ec8af17" status="401"
  ✓   1 tests/browser/advertising-brief.spec.ts:155:5 › TC-BROWSER-017 the brief reads are refused without an authenticated caller › the backend refuses /api/v1/console/advertising/briefs/DAILY_ACTION_BRIEF with no token (467ms)
[WebServer] 2026-09-06T09:44:58.801Z INFO  application=marketops-server environment=local buildVersion=0.1.0-SNAPSHOT correlationId=098d2d0f-5fed-4ab3-83ef-e9f5b81ad068 c.m.m.s.i.c.CorrelationIdFilter - Request completed event="request_completed" correlationId="098d2d0f-5fed-4ab3-83ef-e9f5b81ad068" status="401"
[WebServer] 2026-09-06T09:44:58.823Z INFO  application=marketops-server environment=local buildVersion=0.1.0-SNAPSHOT correlationId=6083a5f2-42fb-4430-beef-251813675f62 c.m.m.s.i.c.CorrelationIdFilter - Request completed event="request_completed" correlationId="6083a5f2-42fb-4430-beef-251813675f62" status="200"
  ✓   2 tests/browser/advertising-brief.spec.ts:155:5 › TC-BROWSER-017 the brief reads are refused without an authenticated caller › the backend refuses /api/v1/console/advertising/briefs/DAILY_ACTION_BRIEF/2026-09-04 with no token (134ms)
[WebServer] 2026-09-06T09:44:58.915Z INFO  application=marketops-server environment=local buildVersion=0.1.0-SNAPSHOT correlationId=13affd3c-04aa-4135-8876-b569f3095c41 c.m.m.s.i.c.CorrelationIdFilter - Request completed event="request_completed" correlationId="13affd3c-04aa-4135-8876-b569f3095c41" status="200"
[WebServer] 2026-09-06T09:44:58.969Z INFO  application=marketops-server environment=local buildVersion=0.1.0-SNAPSHOT correlationId=f9e3f146-69e2-4371-bbda-b595abafa0d8 c.m.m.s.i.c.CorrelationIdFilter - Request completed event="request_completed" correlationId="f9e3f146-69e2-4371-bbda-b595abafa0d8" status="401"
  ✓   3 tests/browser/advertising-brief.spec.ts:155:5 › TC-BROWSER-017 the brief reads are refused without an authenticated caller › the backend refuses /api/v1/console/advertising/briefs/DAILY_ACTION_BRIEF/2026-09-04/history with no token (166ms)
[WebServer] 2026-09-06T09:44:59.129Z INFO  application=marketops-server environment=local buildVersion=0.1.0-SNAPSHOT correlationId=ce218579-7e0c-4b8a-844e-d105a50243d6 c.m.m.s.i.c.CorrelationIdFilter - Request completed event="request_completed" correlationId="ce218579-7e0c-4b8a-844e-d105a50243d6" status="200"
[WebServer] 2026-09-06T09:44:59.248Z INFO  application=marketops-server environment=local buildVersion=0.1.0-SNAPSHOT correlationId=923eba1b-58ee-49f7-8b40-e74fc36ed899 c.m.m.s.i.c.CorrelationIdFilter - Request completed event="request_completed" correlationId="923eba1b-58ee-49f7-8b40-e74fc36ed899" status="200"
[WebServer] 2026-09-06T09:44:59.309Z INFO  application=marketops-server environment=local buildVersion=0.1.0-SNAPSHOT correlationId=3bd04df3-ee7a-465e-9005-1640da2f6154 c.m.m.s.i.c.CorrelationIdFilter - Request completed event="request_completed" correlationId="3bd04df3-ee7a-465e-9005-1640da2f6154" status="401"
[WebServer] 2026-09-06T09:44:59.310Z INFO  application=marketops-server environment=local buildVersion=0.1.0-SNAPSHOT correlationId=b07dfe9f-5111-4316-822c-9a95246331e1 c.m.m.s.i.c.CorrelationIdFilter - Request completed event="request_completed" correlationId="b07dfe9f-5111-4316-822c-9a95246331e1" status="401"
[WebServer] 2026-09-06T09:44:59.312Z INFO  application=marketops-server environment=local buildVersion=0.1.0-SNAPSHOT correlationId=67f108dc-e7dc-4ecc-9293-03c6d51b279b c.m.m.s.i.c.CorrelationIdFilter - Request completed event="request_completed" correlationId="67f108dc-e7dc-4ecc-9293-03c6d51b279b" status="401"
[WebServer] 2026-09-06T09:44:59.371Z INFO  application=marketops-server environment=local buildVersion=0.1.0-SNAPSHOT correlationId=0c5ff189-4543-4adc-9677-5c8ab4788cce c.m.m.s.i.c.CorrelationIdFilter - Request completed event="request_completed" correlationId="0c5ff189-4543-4adc-9677-5c8ab4788cce" status="200"
  ✓   4 tests/browser/advertising-brief.spec.ts:173:3 › TC-BROWSER-018 the brief renders as published › every section is shown, including the ones that found nothing (368ms)
[WebServer] 2026-09-06T09:44:59.572Z INFO  application=marketops-server environment=local buildVersion=0.1.0-SNAPSHOT correlationId=67d29e9f-da69-475d-a1f2-808ac44f19ac c.m.m.s.i.c.CorrelationIdFilter - Request completed event="request_completed" correlationId="67d29e9f-da69-475d-a1f2-808ac44f19ac" status="401"
[WebServer] 2026-09-06T09:44:59.573Z INFO  application=marketops-server environment=local buildVersion=0.1.0-SNAPSHOT correlationId=8b23d6ad-0fa3-4393-a214-7980e8e80714 c.m.m.s.i.c.CorrelationIdFilter - Request completed event="request_completed" correlationId="8b23d6ad-0fa3-4393-a214-7980e8e80714" status="401"
[WebServer] 2026-09-06T09:44:59.579Z INFO  application=marketops-server environment=local buildVersion=0.1.0-SNAPSHOT correlationId=22d834bf-bb5f-4de7-b97b-d266321f3845 c.m.m.s.i.c.CorrelationIdFilter - Request completed event="request_completed" correlationId="22d834bf-bb5f-4de7-b97b-d266321f3845" status="401"
[WebServer] 2026-09-06T09:44:59.604Z INFO  application=marketops-server environment=local buildVersion=0.1.0-SNAPSHOT correlationId=0e6ae373-fc51-4111-964d-e6477442fd15 c.m.m.s.i.c.CorrelationIdFilter - Request completed event="request_completed" correlationId="0e6ae373-fc51-4111-964d-e6477442fd15" status="200"
[WebServer] 2026-09-06T09:44:59.660Z INFO  application=marketops-server environment=local buildVersion=0.1.0-SNAPSHOT correlationId=1c22f522-ea0e-4556-9bfb-c82aab820710 c.m.m.s.i.c.CorrelationIdFilter - Request completed event="request_completed" correlationId="1c22f522-ea0e-4556-9bfb-c82aab820710" status="200"
  ✓   5 tests/browser/advertising-brief.spec.ts:199:3 › TC-BROWSER-018 the brief renders as published › a restatement keeps the reading somebody acted on (280ms)
[WebServer] 2026-09-06T09:44:59.878Z INFO  application=marketops-server environment=local buildVersion=0.1.0-SNAPSHOT correlationId=166cb7cd-5644-48c1-9ab9-42cc649f1548 c.m.m.s.i.c.CorrelationIdFilter - Request completed event="request_completed" correlationId="166cb7cd-5644-48c1-9ab9-42cc649f1548" status="401"
[WebServer] 2026-09-06T09:44:59.879Z INFO  application=marketops-server environment=local buildVersion=0.1.0-SNAPSHOT correlationId=a679d133-a7e5-4237-b9cc-a85026dffffe c.m.m.s.i.c.CorrelationIdFilter - Request completed event="request_completed" correlationId="a679d133-a7e5-4237-b9cc-a85026dffffe" status="401"
[WebServer] 2026-09-06T09:44:59.883Z INFO  application=marketops-server environment=local buildVersion=0.1.0-SNAPSHOT correlationId=d5351e69-e002-4d3f-bad4-31c1743e8505 c.m.m.s.i.c.CorrelationIdFilter - Request completed event="request_completed" correlationId="d5351e69-e002-4d3f-bad4-31c1743e8505" status="401"
[WebServer] 2026-09-06T09:44:59.896Z INFO  application=marketops-server environment=local buildVersion=0.1.0-SNAPSHOT correlationId=4129f577-0ac5-43bd-a2c6-cb81865e0ab8 c.m.m.s.i.c.CorrelationIdFilter - Request completed event="request_completed" correlationId="4129f577-0ac5-43bd-a2c6-cb81865e0ab8" status="200"
[WebServer] 2026-09-06T09:44:59.957Z INFO  application=marketops-server environment=local buildVersion=0.1.0-SNAPSHOT correlationId=d7f297bc-2d6e-47cb-a6a6-16612e2f9297 c.m.m.s.i.c.CorrelationIdFilter - Request completed event="request_completed" correlationId="d7f297bc-2d6e-47cb-a6a6-16612e2f9297" status="200"
  ✓   6 tests/browser/advertising-brief.spec.ts:218:3 › TC-BROWSER-018 the brief renders as published › nothing published is stated, not shown as a fault (281ms)
[WebServer] 2026-09-06T09:45:00.132Z INFO  application=marketops-server environment=local buildVersion=0.1.0-SNAPSHOT correlationId=54a86169-82cf-453a-b11b-990481f774ff c.m.m.s.i.c.CorrelationIdFilter - Request completed event="request_completed" correlationId="54a86169-82cf-453a-b11b-990481f774ff" status="401"
  ✓   7 tests/browser/advertising-execution.spec.ts:169:5 › TC-BROWSER-015 the advertising reads are refused without an authenticated caller › the backend refuses /api/v1/console/advertising/reservations with no token (190ms)
[WebServer] 2026-09-06T09:45:00.234Z INFO  application=marketops-server environment=local buildVersion=0.1.0-SNAPSHOT correlationId=7788256c-6529-4c58-a83f-80f4b7d3cf2b c.m.m.s.i.c.CorrelationIdFilter - Request completed event="request_completed" correlationId="7788256c-6529-4c58-a83f-80f4b7d3cf2b" status="200"
[WebServer] 2026-09-06T09:45:00.260Z INFO  application=marketops-server environment=local buildVersion=0.1.0-SNAPSHOT correlationId=3ac9c7a7-c45b-4a2e-9fcf-87c3c8ec299c c.m.m.s.i.c.CorrelationIdFilter - Request completed event="request_completed" correlationId="3ac9c7a7-c45b-4a2e-9fcf-87c3c8ec299c" status="401"
  ✓   8 tests/browser/advertising-execution.spec.ts:169:5 › TC-BROWSER-015 the advertising reads are refused without an authenticated caller › the backend refuses /api/v1/console/advertising/exposure with no token (117ms)
[WebServer] 2026-09-06T09:45:00.352Z INFO  application=marketops-server environment=local buildVersion=0.1.0-SNAPSHOT correlationId=e28c14f7-4a1f-4b56-9e50-51b6b742e1f4 c.m.m.s.i.c.CorrelationIdFilter - Request completed event="request_completed" correlationId="e28c14f7-4a1f-4b56-9e50-51b6b742e1f4" status="200"
[WebServer] 2026-09-06T09:45:00.380Z INFO  application=marketops-server environment=local buildVersion=0.1.0-SNAPSHOT correlationId=ec13ff3d-ee4f-4b28-b4fe-fdc1af2df2e5 c.m.m.s.i.c.CorrelationIdFilter - Request completed event="request_completed" correlationId="ec13ff3d-ee4f-4b28-b4fe-fdc1af2df2e5" status="401"
  ✓   9 tests/browser/advertising-execution.spec.ts:169:5 › TC-BROWSER-015 the advertising reads are refused without an authenticated caller › the backend refuses /api/v1/console/advertising/containments with no token (122ms)
[WebServer] 2026-09-06T09:45:00.469Z INFO  application=marketops-server environment=local buildVersion=0.1.0-SNAPSHOT correlationId=c0e3ce38-d1c0-4715-8a5c-f89a56172238 c.m.m.s.i.c.CorrelationIdFilter - Request completed event="request_completed" correlationId="c0e3ce38-d1c0-4715-8a5c-f89a56172238" status="200"
[WebServer] 2026-09-06T09:45:00.503Z INFO  application=marketops-server environment=local buildVersion=0.1.0-SNAPSHOT correlationId=b42ddc81-77c0-418c-adc4-f796abe6d0f4 c.m.m.s.i.c.CorrelationIdFilter - Request completed event="request_completed" correlationId="b42ddc81-77c0-418c-adc4-f796abe6d0f4" status="401"
  ✓  10 tests/browser/advertising-execution.spec.ts:185:3 › TC-BROWSER-015 the advertising reads are refused without an authenticated caller › the backend refuses an advertising read carrying a made-up token (119ms)
[WebServer] 2026-09-06T09:45:00.589Z INFO  application=marketops-server environment=local buildVersion=0.1.0-SNAPSHOT correlationId=72658b59-d245-4929-abba-e98bb4a4cfc3 c.m.m.s.i.c.CorrelationIdFilter - Request completed event="request_completed" correlationId="72658b59-d245-4929-abba-e98bb4a4cfc3" status="200"
[WebServer] 2026-09-06T09:45:00.716Z INFO  application=marketops-server environment=local buildVersion=0.1.0-SNAPSHOT correlationId=3c36b827-def4-4555-8b3d-9568500c9a4c c.m.m.s.i.c.CorrelationIdFilter - Request completed event="request_completed" correlationId="3c36b827-def4-4555-8b3d-9568500c9a4c" status="401"
[WebServer] 2026-09-06T09:45:00.718Z INFO  application=marketops-server environment=local buildVersion=0.1.0-SNAPSHOT correlationId=e6df4a4c-3880-4c78-943b-1085c6c034c6 c.m.m.s.i.c.CorrelationIdFilter - Request completed event="request_completed" correlationId="e6df4a4c-3880-4c78-943b-1085c6c034c6" status="401"
[WebServer] 2026-09-06T09:45:00.722Z INFO  application=marketops-server environment=local buildVersion=0.1.0-SNAPSHOT correlationId=92a77e9b-186f-44e6-9827-b5b836b76981 c.m.m.s.i.c.CorrelationIdFilter - Request completed event="request_completed" correlationId="92a77e9b-186f-44e6-9827-b5b836b76981" status="401"
[WebServer] 2026-09-06T09:45:00.723Z INFO  application=marketops-server environment=local buildVersion=0.1.0-SNAPSHOT correlationId=e36bca9c-e016-4f90-a8f2-3f1ff97199ae c.m.m.s.i.c.CorrelationIdFilter - Request completed event="request_completed" correlationId="e36bca9c-e016-4f90-a8f2-3f1ff97199ae" status="401"
[WebServer] 2026-09-06T09:45:00.734Z INFO  application=marketops-server environment=local buildVersion=0.1.0-SNAPSHOT correlationId=1ca006d3-1665-4a55-8869-fd516df264cf c.m.m.s.i.c.CorrelationIdFilter - Request completed event="request_completed" correlationId="1ca006d3-1665-4a55-8869-fd516df264cf" status="401"
[WebServer] 2026-09-06T09:45:00.746Z INFO  application=marketops-server environment=local buildVersion=0.1.0-SNAPSHOT correlationId=a1d199ee-e49b-4b8e-b9a7-b75e893ba3ee c.m.m.s.i.c.CorrelationIdFilter - Request completed event="request_completed" correlationId="a1d199ee-e49b-4b8e-b9a7-b75e893ba3ee" status="200"
[WebServer] 2026-09-06T09:45:00.801Z INFO  application=marketops-server environment=local buildVersion=0.1.0-SNAPSHOT correlationId=ac123f3a-18c6-4d75-aae5-5728b7fe2f6d c.m.m.s.i.c.CorrelationIdFilter - Request completed event="request_completed" correlationId="ac123f3a-18c6-4d75-aae5-5728b7fe2f6d" status="200"
  ✓  11 tests/browser/advertising-execution.spec.ts:203:3 › TC-BROWSER-016 the execution surfaces render in a real browser › the envelope is shown axis by axis, with no combined figure (427ms)
[WebServer] 2026-09-06T09:45:01.146Z INFO  application=marketops-server environment=local buildVersion=0.1.0-SNAPSHOT correlationId=55ee9019-8176-4e6a-8d8c-e8dbcb3be331 c.m.m.s.i.c.CorrelationIdFilter - Request completed event="request_completed" correlationId="55ee9019-8176-4e6a-8d8c-e8dbcb3be331" status="401"
[WebServer] 2026-09-06T09:45:01.148Z INFO  application=marketops-server environment=local buildVersion=0.1.0-SNAPSHOT correlationId=b915d28c-9057-4e4f-b245-e2a528fac849 c.m.m.s.i.c.CorrelationIdFilter - Request completed event="request_completed" correlationId="b915d28c-9057-4e4f-b245-e2a528fac849" status="401"
[WebServer] 2026-09-06T09:45:01.152Z INFO  application=marketops-server environment=local buildVersion=0.1.0-SNAPSHOT correlationId=7bf50dd8-9128-43f7-9ce5-9f612113e225 c.m.m.s.i.c.CorrelationIdFilter - Request completed event="request_completed" correlationId="7bf50dd8-9128-43f7-9ce5-9f612113e225" status="401"
[WebServer] 2026-09-06T09:45:01.153Z INFO  application=marketops-server environment=local buildVersion=0.1.0-SNAPSHOT correlationId=95c444b7-3058-4518-a33a-12c5b8815db1 c.m.m.s.i.c.CorrelationIdFilter - Request completed event="request_completed" correlationId="95c444b7-3058-4518-a33a-12c5b8815db1" status="401"
[WebServer] 2026-09-06T09:45:01.159Z INFO  application=marketops-server environment=local buildVersion=0.1.0-SNAPSHOT correlationId=d01e089e-47c0-4bd3-a84d-040cff91f537 c.m.m.s.i.c.CorrelationIdFilter - Request completed event="request_completed" correlationId="d01e089e-47c0-4bd3-a84d-040cff91f537" status="401"
[WebServer] 2026-09-06T09:45:01.201Z INFO  application=marketops-server environment=local buildVersion=0.1.0-SNAPSHOT correlationId=79589ece-d103-4716-9ad3-e876735aab27 c.m.m.s.i.c.CorrelationIdFilter - Request completed event="request_completed" correlationId="79589ece-d103-4716-9ad3-e876735aab27" status="200"
  ✓  12 tests/browser/advertising-execution.spec.ts:257:3 › TC-BROWSER-016 the execution surfaces render in a real browser › a hold names its kind and every condition still outstanding (255ms)
[WebServer] 2026-09-06T09:45:01.234Z INFO  application=marketops-server environment=local buildVersion=0.1.0-SNAPSHOT correlationId=8d5c4912-a026-47be-aaed-b371d248cdeb c.m.m.s.i.c.CorrelationIdFilter - Request completed event="request_completed" correlationId="8d5c4912-a026-47be-aaed-b371d248cdeb" status="200"
[WebServer] 2026-09-06T09:45:01.395Z INFO  application=marketops-server environment=local buildVersion=0.1.0-SNAPSHOT correlationId=6e71eba1-9691-4f8e-be50-402acc080f9c c.m.m.s.i.c.CorrelationIdFilter - Request completed event="request_completed" correlationId="6e71eba1-9691-4f8e-be50-402acc080f9c" status="401"
[WebServer] 2026-09-06T09:45:01.395Z INFO  application=marketops-server environment=local buildVersion=0.1.0-SNAPSHOT correlationId=1e28dcfb-f623-4dae-96a3-79025a1d6031 c.m.m.s.i.c.CorrelationIdFilter - Request completed event="request_completed" correlationId="1e28dcfb-f623-4dae-96a3-79025a1d6031" status="401"
[WebServer] 2026-09-06T09:45:01.399Z INFO  application=marketops-server environment=local buildVersion=0.1.0-SNAPSHOT correlationId=9c18f45e-e437-48c5-b13d-4c7cdf76be90 c.m.m.s.i.c.CorrelationIdFilter - Request completed event="request_completed" correlationId="9c18f45e-e437-48c5-b13d-4c7cdf76be90" status="401"
[WebServer] 2026-09-06T09:45:01.400Z INFO  application=marketops-server environment=local buildVersion=0.1.0-SNAPSHOT correlationId=b7a6bc86-1511-4ced-abe0-b22addaec375 c.m.m.s.i.c.CorrelationIdFilter - Request completed event="request_completed" correlationId="b7a6bc86-1511-4ced-abe0-b22addaec375" status="401"
[WebServer] 2026-09-06T09:45:01.406Z INFO  application=marketops-server environment=local buildVersion=0.1.0-SNAPSHOT correlationId=b158b5d2-7c5e-4b2f-b7f9-0d78ecfa35f3 c.m.m.s.i.c.CorrelationIdFilter - Request completed event="request_completed" correlationId="b158b5d2-7c5e-4b2f-b7f9-0d78ecfa35f3" status="401"
[WebServer] 2026-09-06T09:45:01.416Z INFO  application=marketops-server environment=local buildVersion=0.1.0-SNAPSHOT correlationId=aca4a6c7-78cb-4a74-b969-f5aa6131fbbe c.m.m.s.i.c.CorrelationIdFilter - Request completed event="request_completed" correlationId="aca4a6c7-78cb-4a74-b969-f5aa6131fbbe" status="200"
  ✓  13 tests/browser/advertising-execution.spec.ts:280:3 › TC-BROWSER-016 the execution surfaces render in a real browser › no envelope is presented as no write at all, not as an empty one (219ms)
[WebServer] 2026-09-06T09:45:01.479Z INFO  application=marketops-server environment=local buildVersion=0.1.0-SNAPSHOT correlationId=7b3df2ec-82fa-49e3-be28-3a767659a787 c.m.m.s.i.c.CorrelationIdFilter - Request completed event="request_completed" correlationId="7b3df2ec-82fa-49e3-be28-3a767659a787" status="200"
[WebServer] 2026-09-06T09:45:01.693Z INFO  application=marketops-server environment=local buildVersion=0.1.0-SNAPSHOT correlationId=fd1e77cb-db0b-4fcb-8be2-7e6cb33ee555 c.m.m.s.i.c.CorrelationIdFilter - Request completed event="request_completed" correlationId="fd1e77cb-db0b-4fcb-8be2-7e6cb33ee555" status="200"
[WebServer] 2026-09-06T09:45:01.754Z INFO  application=marketops-server environment=local buildVersion=0.1.0-SNAPSHOT correlationId=ea7fcc72-9044-4cef-9b45-85959840cf40 c.m.m.s.i.c.CorrelationIdFilter - Request completed event="request_completed" correlationId="ea7fcc72-9044-4cef-9b45-85959840cf40" status="200"
[WebServer] 2026-09-06T09:45:01.949Z INFO  application=marketops-server environment=local buildVersion=0.1.0-SNAPSHOT correlationId=951a01c6-95b8-46d9-82cc-d8c0f89106b6 c.m.m.s.i.e.ConsoleProblemAdvice - Console request refused event="console_request_refused" errorCode="RESOURCE_SCOPE_DENIED" correlationId="951a01c6-95b8-46d9-82cc-d8c0f89106b6"
[WebServer] 2026-09-06T09:45:01.951Z INFO  application=marketops-server environment=local buildVersion=0.1.0-SNAPSHOT correlationId=d492639c-ab1f-4dc5-9819-9c945d51f14c c.m.m.s.i.e.ConsoleProblemAdvice - Console request refused event="console_request_refused" errorCode="RESOURCE_SCOPE_DENIED" correlationId="d492639c-ab1f-4dc5-9819-9c945d51f14c"
[WebServer] 2026-09-06T09:45:01.952Z INFO  application=marketops-server environment=local buildVersion=0.1.0-SNAPSHOT correlationId=951a01c6-95b8-46d9-82cc-d8c0f89106b6 c.m.m.s.i.c.CorrelationIdFilter - Request completed event="request_completed" correlationId="951a01c6-95b8-46d9-82cc-d8c0f89106b6" status="403"
[WebServer] 2026-09-06T09:45:01.953Z INFO  application=marketops-server environment=local buildVersion=0.1.0-SNAPSHOT correlationId=d492639c-ab1f-4dc5-9819-9c945d51f14c c.m.m.s.i.c.CorrelationIdFilter - Request completed event="request_completed" correlationId="d492639c-ab1f-4dc5-9819-9c945d51f14c" status="403"
[WebServer] 2026-09-06T09:45:01.958Z INFO  application=marketops-server environment=local buildVersion=0.1.0-SNAPSHOT correlationId=b0b053c5-bac8-47d9-bb0c-152ca3561049 c.m.m.a.i.a.JdbcMetadataAuditStore - Metadata change recorded event="metadata_change_recorded" sourceDomain="operationsworkflow" entityType="availability_case_queue" entityId="38b89114-57e1-4a98-a4da-0c8799c854c0" action="READ" actorId="67a57145-a1bc-4da1-85be-8a912c8613e2" correlationId="b0b053c5-bac8-47d9-bb0c-152ca3561049"
[WebServer] 2026-09-06T09:45:01.959Z INFO  application=marketops-server environment=local buildVersion=0.1.0-SNAPSHOT correlationId=d32d5608-aa67-4f12-832c-0d9f837e9f92 c.m.m.s.i.e.ConsoleProblemAdvice - Console request refused event="console_request_refused" errorCode="RESOURCE_SCOPE_DENIED" correlationId="d32d5608-aa67-4f12-832c-0d9f837e9f92"
[WebServer] 2026-09-06T09:45:01.961Z INFO  application=marketops-server environment=local buildVersion=0.1.0-SNAPSHOT correlationId=d32d5608-aa67-4f12-832c-0d9f837e9f92 c.m.m.s.i.c.CorrelationIdFilter - Request completed event="request_completed" correlationId="d32d5608-aa67-4f12-832c-0d9f837e9f92" status="403"
[WebServer] 2026-09-06T09:45:01.963Z INFO  application=marketops-server environment=local buildVersion=0.1.0-SNAPSHOT correlationId=9ba024a5-e16c-429a-9605-685c1d4a1593 c.m.m.s.i.e.ConsoleProblemAdvice - Console request refused event="console_request_refused" errorCode="RESOURCE_SCOPE_DENIED" correlationId="9ba024a5-e16c-429a-9605-685c1d4a1593"
[WebServer] 2026-09-06T09:45:01.965Z INFO  application=marketops-server environment=local buildVersion=0.1.0-SNAPSHOT correlationId=9ba024a5-e16c-429a-9605-685c1d4a1593 c.m.m.s.i.c.CorrelationIdFilter - Request completed event="request_completed" correlationId="9ba024a5-e16c-429a-9605-685c1d4a1593" status="403"
[WebServer] 2026-09-06T09:45:01.966Z INFO  application=marketops-server environment=local buildVersion=0.1.0-SNAPSHOT correlationId=b0b053c5-bac8-47d9-bb0c-152ca3561049 c.m.m.s.i.c.CorrelationIdFilter - Request completed event="request_completed" correlationId="b0b053c5-bac8-47d9-bb0c-152ca3561049" status="200"
[WebServer] 2026-09-06T09:45:01.972Z INFO  application=marketops-server environment=local buildVersion=0.1.0-SNAPSHOT correlationId=b1048fc2-0117-42e2-9bba-a32ccff7335b c.m.m.s.i.e.ConsoleProblemAdvice - Console request refused event="console_request_refused" errorCode="RESOURCE_SCOPE_DENIED" correlationId="b1048fc2-0117-42e2-9bba-a32ccff7335b"
[WebServer] 2026-09-06T09:45:01.973Z INFO  application=marketops-server environment=local buildVersion=0.1.0-SNAPSHOT correlationId=8e4fb715-54b6-4701-812b-4e6764eecff9 c.m.m.a.i.a.JdbcMetadataAuditStore - Metadata change recorded event="metadata_change_recorded" sourceDomain="availabilityrisk" entityType="availability_queue" entityId="38b89114-57e1-4a98-a4da-0c8799c854c0" action="READ" actorId="67a57145-a1bc-4da1-85be-8a912c8613e2" correlationId="8e4fb715-54b6-4701-812b-4e6764eecff9"
[WebServer] 2026-09-06T09:45:01.973Z INFO  application=marketops-server environment=local buildVersion=0.1.0-SNAPSHOT correlationId=b1048fc2-0117-42e2-9bba-a32ccff7335b c.m.m.s.i.c.CorrelationIdFilter - Request completed event="request_completed" correlationId="b1048fc2-0117-42e2-9bba-a32ccff7335b" status="403"
[WebServer] 2026-09-06T09:45:01.982Z INFO  application=marketops-server environment=local buildVersion=0.1.0-SNAPSHOT correlationId=72a2a7bb-ce4f-4dd9-bc1f-327df83a3918 c.m.m.s.i.c.CorrelationIdFilter - Request completed event="request_completed" correlationId="72a2a7bb-ce4f-4dd9-bc1f-327df83a3918" status="200"
[WebServer] 2026-09-06T09:45:01.988Z INFO  application=marketops-server environment=local buildVersion=0.1.0-SNAPSHOT correlationId=8e4fb715-54b6-4701-812b-4e6764eecff9 c.m.m.s.i.c.CorrelationIdFilter - Request completed event="request_completed" correlationId="8e4fb715-54b6-4701-812b-4e6764eecff9" status="200"
[WebServer] 2026-09-06T09:45:02.619Z INFO  application=marketops-server environment=local buildVersion=0.1.0-SNAPSHOT correlationId=4e1d43c7-fc0a-4656-994c-dd37fa1046be c.m.m.a.i.a.JdbcMetadataAuditStore - Metadata change recorded event="metadata_change_recorded" sourceDomain="operationsworkflow" entityType="availability_case" entityId="417564c6-3db3-437f-aa40-b8157e3edc16" action="STATUS_CHANGE" actorId="67a57145-a1bc-4da1-85be-8a912c8613e2" correlationId="4e1d43c7-fc0a-4656-994c-dd37fa1046be"
[WebServer] 2026-09-06T09:45:02.622Z INFO  application=marketops-server environment=local buildVersion=0.1.0-SNAPSHOT correlationId=4e1d43c7-fc0a-4656-994c-dd37fa1046be c.m.m.s.i.c.CorrelationIdFilter - Request completed event="request_completed" correlationId="4e1d43c7-fc0a-4656-994c-dd37fa1046be" status="200"
[WebServer] 2026-09-06T09:45:02.638Z INFO  application=marketops-server environment=local buildVersion=0.1.0-SNAPSHOT correlationId=414a0130-1153-4236-8800-ade20a9d9949 c.m.m.a.i.a.JdbcMetadataAuditStore - Metadata change recorded event="metadata_change_recorded" sourceDomain="operationsworkflow" entityType="availability_case_queue" entityId="38b89114-57e1-4a98-a4da-0c8799c854c0" action="READ" actorId="67a57145-a1bc-4da1-85be-8a912c8613e2" correlationId="414a0130-1153-4236-8800-ade20a9d9949"
[WebServer] 2026-09-06T09:45:02.640Z INFO  application=marketops-server environment=local buildVersion=0.1.0-SNAPSHOT correlationId=414a0130-1153-4236-8800-ade20a9d9949 c.m.m.s.i.c.CorrelationIdFilter - Request completed event="request_completed" correlationId="414a0130-1153-4236-8800-ade20a9d9949" status="200"
[WebServer] 2026-09-06T09:45:02.710Z INFO  application=marketops-server environment=local buildVersion=0.1.0-SNAPSHOT correlationId=b5c7ac35-38c2-4b8c-917b-566e4ff36a88 c.m.m.a.i.a.JdbcMetadataAuditStore - Metadata change recorded event="metadata_change_recorded" sourceDomain="operationsworkflow" entityType="availability_case_exception" entityId="417564c6-3db3-437f-aa40-b8157e3edc16" action="READ" actorId="67a57145-a1bc-4da1-85be-8a912c8613e2" correlationId="b5c7ac35-38c2-4b8c-917b-566e4ff36a88"
[WebServer] 2026-09-06T09:45:02.710Z INFO  application=marketops-server environment=local buildVersion=0.1.0-SNAPSHOT correlationId=e256ffe8-7e6a-4b89-b4d4-b238b87c9ef2 c.m.m.a.i.a.JdbcMetadataAuditStore - Metadata change recorded event="metadata_change_recorded" sourceDomain="operationsworkflow" entityType="availability_case_journal" entityId="417564c6-3db3-437f-aa40-b8157e3edc16" action="READ" actorId="67a57145-a1bc-4da1-85be-8a912c8613e2" correlationId="e256ffe8-7e6a-4b89-b4d4-b238b87c9ef2"
[WebServer] 2026-09-06T09:45:02.713Z INFO  application=marketops-server environment=local buildVersion=0.1.0-SNAPSHOT correlationId=e256ffe8-7e6a-4b89-b4d4-b238b87c9ef2 c.m.m.s.i.c.CorrelationIdFilter - Request completed event="request_completed" correlationId="e256ffe8-7e6a-4b89-b4d4-b238b87c9ef2" status="200"
[WebServer] 2026-09-06T09:45:02.715Z INFO  application=marketops-server environment=local buildVersion=0.1.0-SNAPSHOT correlationId=b5c7ac35-38c2-4b8c-917b-566e4ff36a88 c.m.m.s.i.c.CorrelationIdFilter - Request completed event="request_completed" correlationId="b5c7ac35-38c2-4b8c-917b-566e4ff36a88" status="200"
[WebServer] 2026-09-06T09:45:02.756Z INFO  application=marketops-server environment=local buildVersion=0.1.0-SNAPSHOT correlationId=none c.m.m.a.i.a.JdbcMetadataAuditStore - Metadata change recorded event="metadata_change_recorded" sourceDomain="operationsworkflow" entityType="availability_case" entityId="417564c6-3db3-437f-aa40-b8157e3edc16" action="STATUS_CHANGE" actorId="availability-outcome-verification" correlationId="8b668842-38e8-4df1-b788-40a2b6523186"
[WebServer] 2026-09-06T09:45:02.764Z INFO  application=marketops-server environment=local buildVersion=0.1.0-SNAPSHOT correlationId=none c.m.m.a.i.a.JdbcMetadataAuditStore - Metadata change recorded event="metadata_change_recorded" sourceDomain="operationsworkflow" entityType="availability_accepted_exception" entityId="df38c117-5556-4192-8ccb-a9fb5f9d2fce" action="CREATE" actorId="67a57145-a1bc-4da1-85be-8a912c8613e2" correlationId="c90ecaff-6d23-4407-aa19-2e129dc35dce"
[WebServer] 2026-09-06T09:45:02.892Z INFO  application=marketops-server environment=local buildVersion=0.1.0-SNAPSHOT correlationId=49e5f3d9-c69b-473b-a8a3-0fb7d4fbba69 c.m.m.s.i.e.ConsoleProblemAdvice - Console request refused event="console_request_refused" errorCode="RESOURCE_SCOPE_DENIED" correlationId="49e5f3d9-c69b-473b-a8a3-0fb7d4fbba69"
[WebServer] 2026-09-06T09:45:02.892Z INFO  application=marketops-server environment=local buildVersion=0.1.0-SNAPSHOT correlationId=49e5f3d9-c69b-473b-a8a3-0fb7d4fbba69 c.m.m.s.i.c.CorrelationIdFilter - Request completed event="request_completed" correlationId="49e5f3d9-c69b-473b-a8a3-0fb7d4fbba69" status="403"
[WebServer] 2026-09-06T09:45:02.893Z INFO  application=marketops-server environment=local buildVersion=0.1.0-SNAPSHOT correlationId=75e77428-c0e0-4ba0-97cd-3ff621c32b47 c.m.m.s.i.e.ConsoleProblemAdvice - Console request refused event="console_request_refused" errorCode="RESOURCE_SCOPE_DENIED" correlationId="75e77428-c0e0-4ba0-97cd-3ff621c32b47"
[WebServer] 2026-09-06T09:45:02.894Z INFO  application=marketops-server environment=local buildVersion=0.1.0-SNAPSHOT correlationId=75e77428-c0e0-4ba0-97cd-3ff621c32b47 c.m.m.s.i.c.CorrelationIdFilter - Request completed event="request_completed" correlationId="75e77428-c0e0-4ba0-97cd-3ff621c32b47" status="403"
[WebServer] 2026-09-06T09:45:02.895Z INFO  application=marketops-server environment=local buildVersion=0.1.0-SNAPSHOT correlationId=3febe445-ae07-455f-8a94-b39faff06223 c.m.m.s.i.e.ConsoleProblemAdvice - Console request refused event="console_request_refused" errorCode="RESOURCE_SCOPE_DENIED" correlationId="3febe445-ae07-455f-8a94-b39faff06223"
[WebServer] 2026-09-06T09:45:02.895Z INFO  application=marketops-server environment=local buildVersion=0.1.0-SNAPSHOT correlationId=7733b26a-a1e0-48f8-939d-8a512668d303 c.m.m.s.i.e.ConsoleProblemAdvice - Console request refused event="console_request_refused" errorCode="RESOURCE_SCOPE_DENIED" correlationId="7733b26a-a1e0-48f8-939d-8a512668d303"
[WebServer] 2026-09-06T09:45:02.896Z INFO  application=marketops-server environment=local buildVersion=0.1.0-SNAPSHOT correlationId=3febe445-ae07-455f-8a94-b39faff06223 c.m.m.s.i.c.CorrelationIdFilter - Request completed event="request_completed" correlationId="3febe445-ae07-455f-8a94-b39faff06223" status="403"
[WebServer] 2026-09-06T09:45:02.896Z INFO  application=marketops-server environment=local buildVersion=0.1.0-SNAPSHOT correlationId=7733b26a-a1e0-48f8-939d-8a512668d303 c.m.m.s.i.c.CorrelationIdFilter - Request completed event="request_completed" correlationId="7733b26a-a1e0-48f8-939d-8a512668d303" status="403"
[WebServer] 2026-09-06T09:45:02.901Z INFO  application=marketops-server environment=local buildVersion=0.1.0-SNAPSHOT correlationId=50be2a43-df7f-49c5-9cb0-da7708bace31 c.m.m.a.i.a.JdbcMetadataAuditStore - Metadata change recorded event="metadata_change_recorded" sourceDomain="operationsworkflow" entityType="availability_case_queue" entityId="38b89114-57e1-4a98-a4da-0c8799c854c0" action="READ" actorId="67a57145-a1bc-4da1-85be-8a912c8613e2" correlationId="50be2a43-df7f-49c5-9cb0-da7708bace31"
[WebServer] 2026-09-06T09:45:02.903Z INFO  application=marketops-server environment=local buildVersion=0.1.0-SNAPSHOT correlationId=50be2a43-df7f-49c5-9cb0-da7708bace31 c.m.m.s.i.c.CorrelationIdFilter - Request completed event="request_completed" correlationId="50be2a43-df7f-49c5-9cb0-da7708bace31" status="200"
[WebServer] 2026-09-06T09:45:02.906Z INFO  application=marketops-server environment=local buildVersion=0.1.0-SNAPSHOT correlationId=6858fa0e-966c-41a1-9953-324a488ca730 c.m.m.a.i.a.JdbcMetadataAuditStore - Metadata change recorded event="metadata_change_recorded" sourceDomain="availabilityrisk" entityType="availability_queue" entityId="38b89114-57e1-4a98-a4da-0c8799c854c0" action="READ" actorId="67a57145-a1bc-4da1-85be-8a912c8613e2" correlationId="6858fa0e-966c-41a1-9953-324a488ca730"
[WebServer] 2026-09-06T09:45:02.909Z INFO  application=marketops-server environment=local buildVersion=0.1.0-SNAPSHOT correlationId=e829d38c-bfc2-4bfd-accb-9beeb3635c2f c.m.m.s.i.c.CorrelationIdFilter - Request completed event="request_completed" correlationId="e829d38c-bfc2-4bfd-accb-9beeb3635c2f" status="200"
[WebServer] 2026-09-06T09:45:02.910Z INFO  application=marketops-server environment=local buildVersion=0.1.0-SNAPSHOT correlationId=6858fa0e-966c-41a1-9953-324a488ca730 c.m.m.s.i.c.CorrelationIdFilter - Request completed event="request_completed" correlationId="6858fa0e-966c-41a1-9953-324a488ca730" status="200"
[WebServer] 2026-09-06T09:45:02.915Z INFO  application=marketops-server environment=local buildVersion=0.1.0-SNAPSHOT correlationId=90a69432-2f87-475b-88aa-6f396303d54c c.m.m.s.i.e.ConsoleProblemAdvice - Console request refused event="console_request_refused" errorCode="RESOURCE_SCOPE_DENIED" correlationId="90a69432-2f87-475b-88aa-6f396303d54c"
[WebServer] 2026-09-06T09:45:02.916Z INFO  application=marketops-server environment=local buildVersion=0.1.0-SNAPSHOT correlationId=90a69432-2f87-475b-88aa-6f396303d54c c.m.m.s.i.c.CorrelationIdFilter - Request completed event="request_completed" correlationId="90a69432-2f87-475b-88aa-6f396303d54c" status="403"
[WebServer] 2026-09-06T09:45:02.919Z INFO  application=marketops-server environment=local buildVersion=0.1.0-SNAPSHOT correlationId=473670ea-b0c6-431f-88b8-423f7e23babc c.m.m.s.i.c.CorrelationIdFilter - Request completed event="request_completed" correlationId="473670ea-b0c6-431f-88b8-423f7e23babc" status="200"
[WebServer] 2026-09-06T09:45:02.960Z INFO  application=marketops-server environment=local buildVersion=0.1.0-SNAPSHOT correlationId=20547226-f91c-439b-9d27-e86b54e3b29f c.m.m.s.i.c.CorrelationIdFilter - Request completed event="request_completed" correlationId="20547226-f91c-439b-9d27-e86b54e3b29f" status="200"
[WebServer] 2026-09-06T09:45:02.995Z INFO  application=marketops-server environment=local buildVersion=0.1.0-SNAPSHOT correlationId=8ace074d-a0cf-44c3-8752-5d9cd41a73d5 c.m.m.a.i.a.JdbcMetadataAuditStore - Metadata change recorded event="metadata_change_recorded" sourceDomain="operationsworkflow" entityType="availability_case_exception" entityId="417564c6-3db3-437f-aa40-b8157e3edc16" action="READ" actorId="67a57145-a1bc-4da1-85be-8a912c8613e2" correlationId="8ace074d-a0cf-44c3-8752-5d9cd41a73d5"
[WebServer] 2026-09-06T09:45:02.996Z INFO  application=marketops-server environment=local buildVersion=0.1.0-SNAPSHOT correlationId=5a2be66d-0dd8-4ddb-b948-a5c5a1f0bf30 c.m.m.a.i.a.JdbcMetadataAuditStore - Metadata change recorded event="metadata_change_recorded" sourceDomain="operationsworkflow" entityType="availability_case_journal" entityId="417564c6-3db3-437f-aa40-b8157e3edc16" action="READ" actorId="67a57145-a1bc-4da1-85be-8a912c8613e2" correlationId="5a2be66d-0dd8-4ddb-b948-a5c5a1f0bf30"
[WebServer] 2026-09-06T09:45:02.996Z INFO  application=marketops-server environment=local buildVersion=0.1.0-SNAPSHOT correlationId=8ace074d-a0cf-44c3-8752-5d9cd41a73d5 c.m.m.s.i.c.CorrelationIdFilter - Request completed event="request_completed" correlationId="8ace074d-a0cf-44c3-8752-5d9cd41a73d5" status="200"
[WebServer] 2026-09-06T09:45:02.997Z INFO  application=marketops-server environment=local buildVersion=0.1.0-SNAPSHOT correlationId=5a2be66d-0dd8-4ddb-b948-a5c5a1f0bf30 c.m.m.s.i.c.CorrelationIdFilter - Request completed event="request_completed" correlationId="5a2be66d-0dd8-4ddb-b948-a5c5a1f0bf30" status="200"
  ✓  14 tests/browser/availability-journey.spec.ts:11:1 › TC-BROWSER-014 stockout queue, accountable case and structured action (1.6s)
[WebServer] 2026-09-06T09:45:03.259Z INFO  application=marketops-server environment=local buildVersion=0.1.0-SNAPSHOT correlationId=b742e522-f63e-4bd1-834e-eb8a96761caf c.m.m.s.i.c.CorrelationIdFilter - Request completed event="request_completed" correlationId="b742e522-f63e-4bd1-834e-eb8a96761caf" status="200"
[WebServer] 2026-09-06T09:45:03.271Z INFO  application=marketops-server environment=local buildVersion=0.1.0-SNAPSHOT correlationId=1ad543e4-26b0-4b32-b645-d8af73c552f5 c.m.m.s.i.e.ConsoleProblemAdvice - Console request refused event="console_request_refused" errorCode="RESOURCE_SCOPE_DENIED" correlationId="1ad543e4-26b0-4b32-b645-d8af73c552f5"
[WebServer] 2026-09-06T09:45:03.271Z INFO  application=marketops-server environment=local buildVersion=0.1.0-SNAPSHOT correlationId=791e8fb4-755b-4cbd-a032-94ff9cac403b c.m.m.s.i.e.ConsoleProblemAdvice - Console request refused event="console_request_refused" errorCode="RESOURCE_SCOPE_DENIED" correlationId="791e8fb4-755b-4cbd-a032-94ff9cac403b"
[WebServer] 2026-09-06T09:45:03.272Z INFO  application=marketops-server environment=local buildVersion=0.1.0-SNAPSHOT correlationId=1ad543e4-26b0-4b32-b645-d8af73c552f5 c.m.m.s.i.c.CorrelationIdFilter - Request completed event="request_completed" correlationId="1ad543e4-26b0-4b32-b645-d8af73c552f5" status="403"
[WebServer] 2026-09-06T09:45:03.272Z INFO  application=marketops-server environment=local buildVersion=0.1.0-SNAPSHOT correlationId=791e8fb4-755b-4cbd-a032-94ff9cac403b c.m.m.s.i.c.CorrelationIdFilter - Request completed event="request_completed" correlationId="791e8fb4-755b-4cbd-a032-94ff9cac403b" status="403"
[WebServer] 2026-09-06T09:45:03.274Z INFO  application=marketops-server environment=local buildVersion=0.1.0-SNAPSHOT correlationId=332146ef-9a5a-4eff-8101-13710a9fd21d c.m.m.s.i.e.ConsoleProblemAdvice - Console request refused event="console_request_refused" errorCode="RESOURCE_SCOPE_DENIED" correlationId="332146ef-9a5a-4eff-8101-13710a9fd21d"
[WebServer] 2026-09-06T09:45:03.274Z INFO  application=marketops-server environment=local buildVersion=0.1.0-SNAPSHOT correlationId=332146ef-9a5a-4eff-8101-13710a9fd21d c.m.m.s.i.c.CorrelationIdFilter - Request completed event="request_completed" correlationId="332146ef-9a5a-4eff-8101-13710a9fd21d" status="403"
[WebServer] 2026-09-06T09:45:03.275Z INFO  application=marketops-server environment=local buildVersion=0.1.0-SNAPSHOT correlationId=699cddda-1f7f-42ad-9ad6-02a4625d062b c.m.m.s.i.e.ConsoleProblemAdvice - Console request refused event="console_request_refused" errorCode="RESOURCE_SCOPE_DENIED" correlationId="699cddda-1f7f-42ad-9ad6-02a4625d062b"
[WebServer] 2026-09-06T09:45:03.276Z INFO  application=marketops-server environment=local buildVersion=0.1.0-SNAPSHOT correlationId=699cddda-1f7f-42ad-9ad6-02a4625d062b c.m.m.s.i.c.CorrelationIdFilter - Request completed event="request_completed" correlationId="699cddda-1f7f-42ad-9ad6-02a4625d062b" status="403"
[WebServer] 2026-09-06T09:45:03.281Z INFO  application=marketops-server environment=local buildVersion=0.1.0-SNAPSHOT correlationId=de2e9f8b-fe9a-428b-9222-5a48c059b8f9 c.m.m.a.i.a.JdbcMetadataAuditStore - Metadata change recorded event="metadata_change_recorded" sourceDomain="operationsworkflow" entityType="availability_case_queue" entityId="38b89114-57e1-4a98-a4da-0c8799c854c0" action="READ" actorId="67a57145-a1bc-4da1-85be-8a912c8613e2" correlationId="de2e9f8b-fe9a-428b-9222-5a48c059b8f9"
[WebServer] 2026-09-06T09:45:03.283Z INFO  application=marketops-server environment=local buildVersion=0.1.0-SNAPSHOT correlationId=de2e9f8b-fe9a-428b-9222-5a48c059b8f9 c.m.m.s.i.c.CorrelationIdFilter - Request completed event="request_completed" correlationId="de2e9f8b-fe9a-428b-9222-5a48c059b8f9" status="200"
[WebServer] 2026-09-06T09:45:03.285Z INFO  application=marketops-server environment=local buildVersion=0.1.0-SNAPSHOT correlationId=8d928f07-7bbb-4429-81ec-47edcacdda04 c.m.m.a.i.a.JdbcMetadataAuditStore - Metadata change recorded event="metadata_change_recorded" sourceDomain="availabilityrisk" entityType="availability_queue" entityId="38b89114-57e1-4a98-a4da-0c8799c854c0" action="READ" actorId="67a57145-a1bc-4da1-85be-8a912c8613e2" correlationId="8d928f07-7bbb-4429-81ec-47edcacdda04"
[WebServer] 2026-09-06T09:45:03.287Z INFO  application=marketops-server environment=local buildVersion=0.1.0-SNAPSHOT correlationId=8d928f07-7bbb-4429-81ec-47edcacdda04 c.m.m.s.i.c.CorrelationIdFilter - Request completed event="request_completed" correlationId="8d928f07-7bbb-4429-81ec-47edcacdda04" status="200"
[WebServer] 2026-09-06T09:45:03.291Z INFO  application=marketops-server environment=local buildVersion=0.1.0-SNAPSHOT correlationId=4424f99f-8c8c-42bd-b97c-f12588241a79 c.m.m.s.i.e.ConsoleProblemAdvice - Console request refused event="console_request_refused" errorCode="RESOURCE_SCOPE_DENIED" correlationId="4424f99f-8c8c-42bd-b97c-f12588241a79"
[WebServer] 2026-09-06T09:45:03.292Z INFO  application=marketops-server environment=local buildVersion=0.1.0-SNAPSHOT correlationId=4424f99f-8c8c-42bd-b97c-f12588241a79 c.m.m.s.i.c.CorrelationIdFilter - Request completed event="request_completed" correlationId="4424f99f-8c8c-42bd-b97c-f12588241a79" status="403"
[WebServer] 2026-09-06T09:45:03.344Z INFO  application=marketops-server environment=local buildVersion=0.1.0-SNAPSHOT correlationId=186d4aa7-008a-4c59-b693-a73fcd0e1820 c.m.m.s.i.c.CorrelationIdFilter - Request completed event="request_completed" correlationId="186d4aa7-008a-4c59-b693-a73fcd0e1820" status="200"
[WebServer] 2026-09-06T09:45:03.415Z INFO  application=marketops-server environment=local buildVersion=0.1.0-SNAPSHOT correlationId=a5d1f57c-66b9-4acc-852f-d45b9883fc7d c.m.m.s.i.c.CorrelationIdFilter - Request completed event="request_completed" correlationId="a5d1f57c-66b9-4acc-852f-d45b9883fc7d" status="200"
[WebServer] 2026-09-06T09:45:03.435Z INFO  application=marketops-server environment=local buildVersion=0.1.0-SNAPSHOT correlationId=5cd346e3-947c-4491-a00f-1c209f7326a2 c.m.m.s.i.e.ConsoleProblemAdvice - Console request refused event="console_request_refused" errorCode="RESOURCE_SCOPE_DENIED" correlationId="5cd346e3-947c-4491-a00f-1c209f7326a2"
[WebServer] 2026-09-06T09:45:03.435Z INFO  application=marketops-server environment=local buildVersion=0.1.0-SNAPSHOT correlationId=a766f41e-9023-4386-8157-32d2002e8e4e c.m.m.s.i.e.ConsoleProblemAdvice - Console request refused event="console_request_refused" errorCode="RESOURCE_SCOPE_DENIED" correlationId="a766f41e-9023-4386-8157-32d2002e8e4e"
[WebServer] 2026-09-06T09:45:03.435Z INFO  application=marketops-server environment=local buildVersion=0.1.0-SNAPSHOT correlationId=5cd346e3-947c-4491-a00f-1c209f7326a2 c.m.m.s.i.c.CorrelationIdFilter - Request completed event="request_completed" correlationId="5cd346e3-947c-4491-a00f-1c209f7326a2" status="403"
[WebServer] 2026-09-06T09:45:03.436Z INFO  application=marketops-server environment=local buildVersion=0.1.0-SNAPSHOT correlationId=935dedfd-a627-4b00-a9af-c8492c2cf188 c.m.m.s.i.e.ConsoleProblemAdvice - Console request refused event="console_request_refused" errorCode="RESOURCE_SCOPE_DENIED" correlationId="935dedfd-a627-4b00-a9af-c8492c2cf188"
[WebServer] 2026-09-06T09:45:03.437Z INFO  application=marketops-server environment=local buildVersion=0.1.0-SNAPSHOT correlationId=935dedfd-a627-4b00-a9af-c8492c2cf188 c.m.m.s.i.c.CorrelationIdFilter - Request completed event="request_completed" correlationId="935dedfd-a627-4b00-a9af-c8492c2cf188" status="403"
[WebServer] 2026-09-06T09:45:03.438Z INFO  application=marketops-server environment=local buildVersion=0.1.0-SNAPSHOT correlationId=a766f41e-9023-4386-8157-32d2002e8e4e c.m.m.s.i.c.CorrelationIdFilter - Request completed event="request_completed" correlationId="a766f41e-9023-4386-8157-32d2002e8e4e" status="403"
[WebServer] 2026-09-06T09:45:03.436Z INFO  application=marketops-server environment=local buildVersion=0.1.0-SNAPSHOT correlationId=9234631e-46eb-4940-9ef1-122c94c34f12 c.m.m.s.i.e.ConsoleProblemAdvice - Console request refused event="console_request_refused" errorCode="RESOURCE_SCOPE_DENIED" correlationId="9234631e-46eb-4940-9ef1-122c94c34f12"
[WebServer] 2026-09-06T09:45:03.439Z INFO  application=marketops-server environment=local buildVersion=0.1.0-SNAPSHOT correlationId=9234631e-46eb-4940-9ef1-122c94c34f12 c.m.m.s.i.c.CorrelationIdFilter - Request completed event="request_completed" correlationId="9234631e-46eb-4940-9ef1-122c94c34f12" status="403"
[WebServer] 2026-09-06T09:45:03.445Z INFO  application=marketops-server environment=local buildVersion=0.1.0-SNAPSHOT correlationId=6b2075d1-200f-4d4d-83e3-db5b2eebe1e8 c.m.m.a.i.a.JdbcMetadataAuditStore - Metadata change recorded event="metadata_change_recorded" sourceDomain="operationsworkflow" entityType="availability_case_queue" entityId="38b89114-57e1-4a98-a4da-0c8799c854c0" action="READ" actorId="67a57145-a1bc-4da1-85be-8a912c8613e2" correlationId="6b2075d1-200f-4d4d-83e3-db5b2eebe1e8"
[WebServer] 2026-09-06T09:45:03.447Z INFO  application=marketops-server environment=local buildVersion=0.1.0-SNAPSHOT correlationId=6b2075d1-200f-4d4d-83e3-db5b2eebe1e8 c.m.m.s.i.c.CorrelationIdFilter - Request completed event="request_completed" correlationId="6b2075d1-200f-4d4d-83e3-db5b2eebe1e8" status="200"
[WebServer] 2026-09-06T09:45:03.452Z INFO  application=marketops-server environment=local buildVersion=0.1.0-SNAPSHOT correlationId=fd79dece-ebca-4b68-b021-e03c88fd9344 c.m.m.a.i.a.JdbcMetadataAuditStore - Metadata change recorded event="metadata_change_recorded" sourceDomain="availabilityrisk" entityType="availability_queue" entityId="38b89114-57e1-4a98-a4da-0c8799c854c0" action="READ" actorId="67a57145-a1bc-4da1-85be-8a912c8613e2" correlationId="fd79dece-ebca-4b68-b021-e03c88fd9344"
[WebServer] 2026-09-06T09:45:03.453Z INFO  application=marketops-server environment=local buildVersion=0.1.0-SNAPSHOT correlationId=fd79dece-ebca-4b68-b021-e03c88fd9344 c.m.m.s.i.c.CorrelationIdFilter - Request completed event="request_completed" correlationId="fd79dece-ebca-4b68-b021-e03c88fd9344" status="200"
[WebServer] 2026-09-06T09:45:03.457Z INFO  application=marketops-server environment=local buildVersion=0.1.0-SNAPSHOT correlationId=476903ec-a972-4939-b58c-2c2a7be2b889 c.m.m.s.i.e.ConsoleProblemAdvice - Console request refused event="console_request_refused" errorCode="RESOURCE_SCOPE_DENIED" correlationId="476903ec-a972-4939-b58c-2c2a7be2b889"
[WebServer] 2026-09-06T09:45:03.458Z INFO  application=marketops-server environment=local buildVersion=0.1.0-SNAPSHOT correlationId=476903ec-a972-4939-b58c-2c2a7be2b889 c.m.m.s.i.c.CorrelationIdFilter - Request completed event="request_completed" correlationId="476903ec-a972-4939-b58c-2c2a7be2b889" status="403"
[WebServer] 2026-09-06T09:45:03.464Z INFO  application=marketops-server environment=local buildVersion=0.1.0-SNAPSHOT correlationId=1ffa89ce-4da9-4e2d-883f-03bf895bc06f c.m.m.s.i.c.CorrelationIdFilter - Request completed event="request_completed" correlationId="1ffa89ce-4da9-4e2d-883f-03bf895bc06f" status="200"
[WebServer] 2026-09-06T09:45:03.506Z INFO  application=marketops-server environment=local buildVersion=0.1.0-SNAPSHOT correlationId=e550fe4c-ce27-4c32-b135-8f6f21dd9e80 c.m.m.s.i.c.CorrelationIdFilter - Request completed event="request_completed" correlationId="e550fe4c-ce27-4c32-b135-8f6f21dd9e80" status="202"
[WebServer] 2026-09-06T09:45:03.515Z INFO  application=marketops-server environment=local buildVersion=0.1.0-SNAPSHOT correlationId=bdae82cc-8eaa-4d4f-ac6e-4912e32aa040 c.m.m.s.i.c.CorrelationIdFilter - Request completed event="request_completed" correlationId="bdae82cc-8eaa-4d4f-ac6e-4912e32aa040" status="200"
[WebServer] 2026-09-06T09:45:05.537Z INFO  application=marketops-server environment=local buildVersion=0.1.0-SNAPSHOT correlationId=ad103eb7-6b84-4609-bb0c-e49171ae1a63 c.m.m.s.i.c.CorrelationIdFilter - Request completed event="request_completed" correlationId="ad103eb7-6b84-4609-bb0c-e49171ae1a63" status="200"
[WebServer] 2026-09-06T09:45:05.853Z INFO  application=marketops-server environment=local buildVersion=0.1.0-SNAPSHOT correlationId=cb8a28ef-b04a-49d5-86ca-dc492168ec0c c.m.m.s.i.c.CorrelationIdFilter - Request completed event="request_completed" correlationId="cb8a28ef-b04a-49d5-86ca-dc492168ec0c" status="200"
[WebServer] 2026-09-06T09:45:05.885Z INFO  application=marketops-server environment=local buildVersion=0.1.0-SNAPSHOT correlationId=deeb83e0-5702-430d-8fa1-bfabf3755c61 c.m.m.s.i.c.CorrelationIdFilter - Request completed event="request_completed" correlationId="deeb83e0-5702-430d-8fa1-bfabf3755c61" status="200"
[WebServer] 2026-09-06T09:45:05.950Z INFO  application=marketops-server environment=local buildVersion=0.1.0-SNAPSHOT correlationId=bf51e1d0-5b6b-4c14-9c28-c7bd780d19a4 c.m.m.s.i.c.CorrelationIdFilter - Request completed event="request_completed" correlationId="bf51e1d0-5b6b-4c14-9c28-c7bd780d19a4" status="200"
[WebServer] 2026-09-06T09:45:05.981Z INFO  application=marketops-server environment=local buildVersion=0.1.0-SNAPSHOT correlationId=d0994684-db6b-41c2-87e3-d23234e080eb c.m.m.s.i.c.CorrelationIdFilter - Request completed event="request_completed" correlationId="d0994684-db6b-41c2-87e3-d23234e080eb" status="200"
[WebServer] 2026-09-06T09:45:06.014Z INFO  application=marketops-server environment=local buildVersion=0.1.0-SNAPSHOT correlationId=d6db99f4-5627-4057-8990-e13754bdc1ca c.m.m.s.i.c.CorrelationIdFilter - Request completed event="request_completed" correlationId="d6db99f4-5627-4057-8990-e13754bdc1ca" status="200"
[WebServer] 2026-09-06T09:45:06.047Z INFO  application=marketops-server environment=local buildVersion=0.1.0-SNAPSHOT correlationId=3b5195db-0b94-428f-90e9-141686f259a8 c.m.m.s.i.c.CorrelationIdFilter - Request completed event="request_completed" correlationId="3b5195db-0b94-428f-90e9-141686f259a8" status="200"
[WebServer] 2026-09-06T09:45:06.190Z INFO  application=marketops-server environment=local buildVersion=0.1.0-SNAPSHOT correlationId=550f7c46-e560-4093-92e1-034659688f54 c.m.m.s.i.c.CorrelationIdFilter - Request completed event="request_completed" correlationId="550f7c46-e560-4093-92e1-034659688f54" status="200"
[WebServer] 2026-09-06T09:45:06.372Z INFO  application=marketops-server environment=local buildVersion=0.1.0-SNAPSHOT correlationId=7e65bd19-25bf-4880-972b-799507a73a9e c.m.m.a.i.a.JdbcMetadataAuditStore - Metadata change recorded event="metadata_change_recorded" sourceDomain="operationsworkflow" entityType="approval-decision" entityId="82cf4f75-3bd3-4732-81af-040b40f0df2e" action="APPROVAL_DECISION" actorId="67a57145-a1bc-4da1-85be-8a912c8613e2" correlationId="7e65bd19-25bf-4880-972b-799507a73a9e"
[WebServer] 2026-09-06T09:45:06.375Z INFO  application=marketops-server environment=local buildVersion=0.1.0-SNAPSHOT correlationId=7e65bd19-25bf-4880-972b-799507a73a9e c.m.m.a.i.a.JdbcMetadataAuditStore - Metadata change recorded event="metadata_change_recorded" sourceDomain="operationsworkflow" entityType="recommendation" entityId="1b149004-08c9-4194-bcda-0acb57835fa4" action="STATUS_CHANGE" actorId="67a57145-a1bc-4da1-85be-8a912c8613e2" correlationId="7e65bd19-25bf-4880-972b-799507a73a9e"
[WebServer] 2026-09-06T09:45:06.380Z INFO  application=marketops-server environment=local buildVersion=0.1.0-SNAPSHOT correlationId=7e65bd19-25bf-4880-972b-799507a73a9e c.m.m.s.i.c.CorrelationIdFilter - Request completed event="request_completed" correlationId="7e65bd19-25bf-4880-972b-799507a73a9e" status="200"
[WebServer] 2026-09-06T09:45:06.468Z INFO  application=marketops-server environment=local buildVersion=0.1.0-SNAPSHOT correlationId=a7a7e67c-8492-46ce-a725-2eb6520d7723 c.m.m.a.i.a.JdbcMetadataAuditStore - Metadata change recorded event="metadata_change_recorded" sourceDomain="operationsworkflow" entityType="recommendation" entityId="1b149004-08c9-4194-bcda-0acb57835fa4" action="STATUS_CHANGE" actorId="67a57145-a1bc-4da1-85be-8a912c8613e2" correlationId="a7a7e67c-8492-46ce-a725-2eb6520d7723"
[WebServer] 2026-09-06T09:45:06.469Z INFO  application=marketops-server environment=local buildVersion=0.1.0-SNAPSHOT correlationId=a7a7e67c-8492-46ce-a725-2eb6520d7723 c.m.m.a.i.a.JdbcMetadataAuditStore - Metadata change recorded event="metadata_change_recorded" sourceDomain="operationsworkflow" entityType="recommendation" entityId="1b149004-08c9-4194-bcda-0acb57835fa4" action="COMMAND_TRANSITION" actorId="67a57145-a1bc-4da1-85be-8a912c8613e2" correlationId="a7a7e67c-8492-46ce-a725-2eb6520d7723"
[WebServer] 2026-09-06T09:45:06.471Z INFO  application=marketops-server environment=local buildVersion=0.1.0-SNAPSHOT correlationId=a7a7e67c-8492-46ce-a725-2eb6520d7723 c.m.m.s.i.c.CorrelationIdFilter - Request completed event="request_completed" correlationId="a7a7e67c-8492-46ce-a725-2eb6520d7723" status="200"
[WebServer] 2026-09-06T09:45:06.482Z INFO  application=marketops-server environment=local buildVersion=0.1.0-SNAPSHOT correlationId=0ae8852f-015b-4a7d-a291-9f37d52e85f3 c.m.m.s.i.e.ConsoleProblemAdvice - Console request refused event="console_request_refused" errorCode="RESOURCE_SCOPE_DENIED" correlationId="0ae8852f-015b-4a7d-a291-9f37d52e85f3"
[WebServer] 2026-09-06T09:45:06.483Z INFO  application=marketops-server environment=local buildVersion=0.1.0-SNAPSHOT correlationId=0ae8852f-015b-4a7d-a291-9f37d52e85f3 c.m.m.s.i.c.CorrelationIdFilter - Request completed event="request_completed" correlationId="0ae8852f-015b-4a7d-a291-9f37d52e85f3" status="403"
[WebServer] 2026-09-06T09:45:06.492Z INFO  application=marketops-server environment=local buildVersion=0.1.0-SNAPSHOT correlationId=f241bf36-509a-4e4c-a72a-eddfad17912d c.m.m.s.i.c.CorrelationIdFilter - Request completed event="request_completed" correlationId="f241bf36-509a-4e4c-a72a-eddfad17912d" status="200"
[WebServer] 2026-09-06T09:45:06.523Z INFO  application=marketops-server environment=local buildVersion=0.1.0-SNAPSHOT correlationId=91323288-3bce-455e-8278-fc6f545eb757 c.m.m.s.i.c.CorrelationIdFilter - Request completed event="request_completed" correlationId="91323288-3bce-455e-8278-fc6f545eb757" status="200"
[WebServer] 2026-09-06T09:45:06.644Z INFO  application=marketops-server environment=local buildVersion=0.1.0-SNAPSHOT correlationId=9d3b1555-2cfc-4584-83ad-35cf7ed0fa40 c.m.m.s.i.c.CorrelationIdFilter - Request completed event="request_completed" correlationId="9d3b1555-2cfc-4584-83ad-35cf7ed0fa40" status="200"
[WebServer] 2026-09-06T09:45:06.669Z INFO  application=marketops-server environment=local buildVersion=0.1.0-SNAPSHOT correlationId=300ed230-3843-4a54-9f95-ac8363eb8cd6 c.m.m.s.i.c.CorrelationIdFilter - Request completed event="request_completed" correlationId="300ed230-3843-4a54-9f95-ac8363eb8cd6" status="200"
[WebServer] 2026-09-06T09:45:06.676Z INFO  application=marketops-server environment=local buildVersion=0.1.0-SNAPSHOT correlationId=efa87ef4-cf66-4eee-a3ff-2d320b6c59da c.m.m.s.i.e.ConsoleProblemAdvice - Console request refused event="console_request_refused" errorCode="RESOURCE_SCOPE_DENIED" correlationId="efa87ef4-cf66-4eee-a3ff-2d320b6c59da"
[WebServer] 2026-09-06T09:45:06.677Z INFO  application=marketops-server environment=local buildVersion=0.1.0-SNAPSHOT correlationId=efa87ef4-cf66-4eee-a3ff-2d320b6c59da c.m.m.s.i.c.CorrelationIdFilter - Request completed event="request_completed" correlationId="efa87ef4-cf66-4eee-a3ff-2d320b6c59da" status="403"
[WebServer] 2026-09-06T09:45:06.782Z INFO  application=marketops-server environment=local buildVersion=0.1.0-SNAPSHOT correlationId=4578b9de-4d59-4de8-be84-2f9349d6aa5b c.m.m.s.i.e.ConsoleProblemAdvice - Console request refused event="console_request_refused" errorCode="RESOURCE_SCOPE_DENIED" correlationId="4578b9de-4d59-4de8-be84-2f9349d6aa5b"
[WebServer] 2026-09-06T09:45:06.783Z INFO  application=marketops-server environment=local buildVersion=0.1.0-SNAPSHOT correlationId=4578b9de-4d59-4de8-be84-2f9349d6aa5b c.m.m.s.i.c.CorrelationIdFilter - Request completed event="request_completed" correlationId="4578b9de-4d59-4de8-be84-2f9349d6aa5b" status="403"
[WebServer] 2026-09-06T09:45:06.784Z INFO  application=marketops-server environment=local buildVersion=0.1.0-SNAPSHOT correlationId=81fa76bc-fc09-4887-a6d4-e47a3b8dd52e c.m.m.s.i.e.ConsoleProblemAdvice - Console request refused event="console_request_refused" errorCode="RESOURCE_SCOPE_DENIED" correlationId="81fa76bc-fc09-4887-a6d4-e47a3b8dd52e"
[WebServer] 2026-09-06T09:45:06.784Z INFO  application=marketops-server environment=local buildVersion=0.1.0-SNAPSHOT correlationId=2c828392-febb-4a53-88ab-d86d59d5afee c.m.m.s.i.e.ConsoleProblemAdvice - Console request refused event="console_request_refused" errorCode="RESOURCE_SCOPE_DENIED" correlationId="2c828392-febb-4a53-88ab-d86d59d5afee"
[WebServer] 2026-09-06T09:45:06.784Z INFO  application=marketops-server environment=local buildVersion=0.1.0-SNAPSHOT correlationId=008a7240-cf56-452e-975b-9eee69a0454a c.m.m.s.i.e.ConsoleProblemAdvice - Console request refused event="console_request_refused" errorCode="RESOURCE_SCOPE_DENIED" correlationId="008a7240-cf56-452e-975b-9eee69a0454a"
[WebServer] 2026-09-06T09:45:06.784Z INFO  application=marketops-server environment=local buildVersion=0.1.0-SNAPSHOT correlationId=81fa76bc-fc09-4887-a6d4-e47a3b8dd52e c.m.m.s.i.c.CorrelationIdFilter - Request completed event="request_completed" correlationId="81fa76bc-fc09-4887-a6d4-e47a3b8dd52e" status="403"
[WebServer] 2026-09-06T09:45:06.785Z INFO  application=marketops-server environment=local buildVersion=0.1.0-SNAPSHOT correlationId=008a7240-cf56-452e-975b-9eee69a0454a c.m.m.s.i.c.CorrelationIdFilter - Request completed event="request_completed" correlationId="008a7240-cf56-452e-975b-9eee69a0454a" status="403"
[WebServer] 2026-09-06T09:45:06.786Z INFO  application=marketops-server environment=local buildVersion=0.1.0-SNAPSHOT correlationId=2c828392-febb-4a53-88ab-d86d59d5afee c.m.m.s.i.c.CorrelationIdFilter - Request completed event="request_completed" correlationId="2c828392-febb-4a53-88ab-d86d59d5afee" status="403"
[WebServer] 2026-09-06T09:45:06.792Z INFO  application=marketops-server environment=local buildVersion=0.1.0-SNAPSHOT correlationId=1e665f3b-0882-4d82-bf5f-a029c3d544e6 c.m.m.a.i.a.JdbcMetadataAuditStore - Metadata change recorded event="metadata_change_recorded" sourceDomain="operationsworkflow" entityType="availability_case_queue" entityId="38b89114-57e1-4a98-a4da-0c8799c854c0" action="READ" actorId="67a57145-a1bc-4da1-85be-8a912c8613e2" correlationId="1e665f3b-0882-4d82-bf5f-a029c3d544e6"
[WebServer] 2026-09-06T09:45:06.794Z INFO  application=marketops-server environment=local buildVersion=0.1.0-SNAPSHOT correlationId=7d30698a-bb59-40f9-bb3b-5c68d82ba01f c.m.m.a.i.a.JdbcMetadataAuditStore - Metadata change recorded event="metadata_change_recorded" sourceDomain="availabilityrisk" entityType="availability_queue" entityId="38b89114-57e1-4a98-a4da-0c8799c854c0" action="READ" actorId="67a57145-a1bc-4da1-85be-8a912c8613e2" correlationId="7d30698a-bb59-40f9-bb3b-5c68d82ba01f"
[WebServer] 2026-09-06T09:45:06.794Z INFO  application=marketops-server environment=local buildVersion=0.1.0-SNAPSHOT correlationId=1e665f3b-0882-4d82-bf5f-a029c3d544e6 c.m.m.s.i.c.CorrelationIdFilter - Request completed event="request_completed" correlationId="1e665f3b-0882-4d82-bf5f-a029c3d544e6" status="200"
[WebServer] 2026-09-06T09:45:06.795Z INFO  application=marketops-server environment=local buildVersion=0.1.0-SNAPSHOT correlationId=7d30698a-bb59-40f9-bb3b-5c68d82ba01f c.m.m.s.i.c.CorrelationIdFilter - Request completed event="request_completed" correlationId="7d30698a-bb59-40f9-bb3b-5c68d82ba01f" status="200"
[WebServer] 2026-09-06T09:45:06.800Z INFO  application=marketops-server environment=local buildVersion=0.1.0-SNAPSHOT correlationId=42346169-b23e-4da5-a22a-89b9fbd2577d c.m.m.s.i.c.CorrelationIdFilter - Request completed event="request_completed" correlationId="42346169-b23e-4da5-a22a-89b9fbd2577d" status="200"
[WebServer] 2026-09-06T09:45:06.806Z INFO  application=marketops-server environment=local buildVersion=0.1.0-SNAPSHOT correlationId=df4df919-6d9e-4aed-bb5e-2c3adeca4b6d c.m.m.s.i.c.CorrelationIdFilter - Request completed event="request_completed" correlationId="df4df919-6d9e-4aed-bb5e-2c3adeca4b6d" status="200"
[WebServer] 2026-09-06T09:45:06.807Z INFO  application=marketops-server environment=local buildVersion=0.1.0-SNAPSHOT correlationId=5b556407-03a5-4e4e-8dfa-4da986cf7138 c.m.m.s.i.e.ConsoleProblemAdvice - Console request refused event="console_request_refused" errorCode="RESOURCE_SCOPE_DENIED" correlationId="5b556407-03a5-4e4e-8dfa-4da986cf7138"
[WebServer] 2026-09-06T09:45:06.807Z INFO  application=marketops-server environment=local buildVersion=0.1.0-SNAPSHOT correlationId=5b556407-03a5-4e4e-8dfa-4da986cf7138 c.m.m.s.i.c.CorrelationIdFilter - Request completed event="request_completed" correlationId="5b556407-03a5-4e4e-8dfa-4da986cf7138" status="403"
[WebServer] 2026-09-06T09:45:06.853Z INFO  application=marketops-server environment=local buildVersion=0.1.0-SNAPSHOT correlationId=baf307df-d5ec-4d1f-98c3-9fb47c4ca8c3 c.m.m.s.i.c.CorrelationIdFilter - Request completed event="request_completed" correlationId="baf307df-d5ec-4d1f-98c3-9fb47c4ca8c3" status="200"
[WebServer] 2026-09-06T09:45:06.859Z INFO  application=marketops-server environment=local buildVersion=0.1.0-SNAPSHOT correlationId=fdb2ac4b-6ae9-49fc-b3e4-1d3e35f232ce c.m.m.s.i.c.CorrelationIdFilter - Request completed event="request_completed" correlationId="fdb2ac4b-6ae9-49fc-b3e4-1d3e35f232ce" status="200"
[WebServer] 2026-09-06T09:45:06.871Z INFO  application=marketops-server environment=local buildVersion=0.1.0-SNAPSHOT correlationId=d29f1836-c19a-49ad-a81f-451b1d465533 c.m.m.s.i.c.CorrelationIdFilter - Request completed event="request_completed" correlationId="d29f1836-c19a-49ad-a81f-451b1d465533" status="200"
[WebServer] 2026-09-06T09:45:06.950Z INFO  application=marketops-server environment=local buildVersion=0.1.0-SNAPSHOT correlationId=5b078912-e30a-4602-b6da-553f8391e4ee c.m.m.s.i.c.CorrelationIdFilter - Request completed event="request_completed" correlationId="5b078912-e30a-4602-b6da-553f8391e4ee" status="200"
[WebServer] 2026-09-06T09:45:06.960Z INFO  application=marketops-server environment=local buildVersion=0.1.0-SNAPSHOT correlationId=838ac5cf-f5f1-43e5-9267-89f820629eda c.m.m.s.i.e.ConsoleProblemAdvice - Console request refused event="console_request_refused" errorCode="RESOURCE_SCOPE_DENIED" correlationId="838ac5cf-f5f1-43e5-9267-89f820629eda"
[WebServer] 2026-09-06T09:45:06.960Z INFO  application=marketops-server environment=local buildVersion=0.1.0-SNAPSHOT correlationId=838ac5cf-f5f1-43e5-9267-89f820629eda c.m.m.s.i.c.CorrelationIdFilter - Request completed event="request_completed" correlationId="838ac5cf-f5f1-43e5-9267-89f820629eda" status="403"
[WebServer] 2026-09-06T09:45:06.966Z INFO  application=marketops-server environment=local buildVersion=0.1.0-SNAPSHOT correlationId=2d74130b-aae7-48e1-85be-3db7ecac5733 c.m.m.s.i.c.CorrelationIdFilter - Request completed event="request_completed" correlationId="2d74130b-aae7-48e1-85be-3db7ecac5733" status="200"
[WebServer] 2026-09-06T09:45:06.975Z INFO  application=marketops-server environment=local buildVersion=0.1.0-SNAPSHOT correlationId=a1af0357-6fc6-4d04-80db-53723b54507e c.m.m.s.i.c.CorrelationIdFilter - Request completed event="request_completed" correlationId="a1af0357-6fc6-4d04-80db-53723b54507e" status="200"
  ✓  15 tests/browser/business-journey.spec.ts:4:1 › TC-BROWSER-013 authenticated evidence, approval, command and readback journey (4.0s)
[WebServer] 2026-09-06T09:45:07.183Z INFO  application=marketops-server environment=local buildVersion=0.1.0-SNAPSHOT correlationId=d0130486-d330-4c50-9ab4-733cff576abb c.m.m.s.i.c.CorrelationIdFilter - Request completed event="request_completed" correlationId="d0130486-d330-4c50-9ab4-733cff576abb" status="200"
[WebServer] 2026-09-06T09:45:07.302Z INFO  application=marketops-server environment=local buildVersion=0.1.0-SNAPSHOT correlationId=c1768847-a1f4-48bd-9a89-74ccc0e3033b c.m.m.s.i.c.CorrelationIdFilter - Request completed event="request_completed" correlationId="c1768847-a1f4-48bd-9a89-74ccc0e3033b" status="200"
[WebServer] 2026-09-06T09:45:08.343Z WARN  application=marketops-server environment=local buildVersion=0.1.0-SNAPSHOT correlationId=none com.zaxxer.hikari.pool.PoolBase - marketops-app-pool - Failed to validate connection org.postgresql.jdbc.PgConnection@1fc2e2b1 (This connection has been closed.). Possibly consider using a shorter maxLifetime value. 
[WebServer] 2026-09-06T09:45:08.343Z WARN  application=marketops-server environment=local buildVersion=0.1.0-SNAPSHOT correlationId=none com.zaxxer.hikari.pool.PoolBase - marketops-app-pool - Failed to validate connection org.postgresql.jdbc.PgConnection@17a301e3 (This connection has been closed.). Possibly consider using a shorter maxLifetime value. 
[WebServer] 2026-09-06T09:45:08.344Z WARN  application=marketops-server environment=local buildVersion=0.1.0-SNAPSHOT correlationId=none com.zaxxer.hikari.pool.PoolBase - marketops-app-pool - Failed to validate connection org.postgresql.jdbc.PgConnection@1f7caecc (This connection has been closed.). Possibly consider using a shorter maxLifetime value. 
[WebServer] 2026-09-06T09:45:08.344Z WARN  application=marketops-server environment=local buildVersion=0.1.0-SNAPSHOT correlationId=none com.zaxxer.hikari.pool.PoolBase - marketops-app-pool - Failed to validate connection org.postgresql.jdbc.PgConnection@d2cdf96 (This connection has been closed.). Possibly consider using a shorter maxLifetime value. 
[WebServer] 2026-09-06T09:45:08.344Z WARN  application=marketops-server environment=local buildVersion=0.1.0-SNAPSHOT correlationId=none com.zaxxer.hikari.pool.PoolBase - marketops-app-pool - Failed to validate connection org.postgresql.jdbc.PgConnection@1cbc541d (This connection has been closed.). Possibly consider using a shorter maxLifetime value. 
[WebServer] 2026-09-06T09:45:08.344Z WARN  application=marketops-server environment=local buildVersion=0.1.0-SNAPSHOT correlationId=none com.zaxxer.hikari.pool.PoolBase - marketops-app-pool - Failed to validate connection org.postgresql.jdbc.PgConnection@139fe270 (This connection has been closed.). Possibly consider using a shorter maxLifetime value. 
[WebServer] 2026-09-06T09:45:08.344Z WARN  application=marketops-server environment=local buildVersion=0.1.0-SNAPSHOT correlationId=none com.zaxxer.hikari.pool.PoolBase - marketops-app-pool - Failed to validate connection org.postgresql.jdbc.PgConnection@69ef3401 (This connection has been closed.). Possibly consider using a shorter maxLifetime value. 
[WebServer] 2026-09-06T09:45:09.347Z ERROR application=marketops-server environment=local buildVersion=0.1.0-SNAPSHOT correlationId=none o.s.s.s.TaskUtils$LoggingErrorHandler - Unexpected error occurred in scheduled task 
[WebServer] org.springframework.transaction.CannotCreateTransactionException: Could not open JDBC Connection for transaction
[WebServer] 	at org.springframework.jdbc.datasource.DataSourceTransactionManager.doBegin(DataSourceTransactionManager.java:319)
[WebServer] 	at org.springframework.transaction.support.AbstractPlatformTransactionManager.startTransaction(AbstractPlatformTransactionManager.java:532)
[WebServer] 	at org.springframework.transaction.support.AbstractPlatformTransactionManager.getTransaction(AbstractPlatformTransactionManager.java:405)
[WebServer] 	at org.springframework.transaction.interceptor.TransactionAspectSupport.createTransactionIfNecessary(TransactionAspectSupport.java:628)
[WebServer] 	at org.springframework.transaction.interceptor.TransactionAspectSupport.invokeWithinTransaction(TransactionAspectSupport.java:365)
[WebServer] 	at org.springframework.transaction.interceptor.TransactionInterceptor.invoke(TransactionInterceptor.java:130)
[WebServer] 	at org.springframework.aop.framework.ReflectiveMethodInvocation.proceed(ReflectiveMethodInvocation.java:179)
[WebServer] 	at org.springframework.aop.framework.CglibAopProxy$DynamicAdvisedInterceptor.intercept(CglibAopProxy.java:719)
[WebServer] 	at com.mimococo.marketops.analyticsdecision.internal.infrastructure.jdbc.DiagnosticExportRepository$$SpringCGLIB$$0.expire(<generated>)
[WebServer] 	at com.mimococo.marketops.analyticsdecision.internal.application.DiagnosticExportWorker.runOnce(DiagnosticExportWorker.java:32)
[WebServer] 	at java.base/jdk.internal.reflect.DirectMethodHandleAccessor.invoke(DirectMethodHandleAccessor.java:103)
[WebServer] 	at java.base/java.lang.reflect.Method.invoke(Method.java:580)
[WebServer] 	at org.springframework.aop.support.AopUtils.invokeJoinpointUsingReflection(AopUtils.java:359)
[WebServer] 	at org.springframework.aop.framework.ReflectiveMethodInvocation.invokeJoinpoint(ReflectiveMethodInvocation.java:190)
[WebServer] 	at org.springframework.aop.framework.ReflectiveMethodInvocation.proceed(ReflectiveMethodInvocation.java:158)
[WebServer] 	at org.springframework.transaction.interceptor.TransactionInterceptor$1.proceedWithInvocation(TransactionInterceptor.java:133)
[WebServer] 	at org.springframework.transaction.interceptor.TransactionAspectSupport.invokeWithinTransaction(TransactionAspectSupport.java:371)
[WebServer] 	at org.springframework.transaction.interceptor.TransactionInterceptor.invoke(TransactionInterceptor.java:130)
[WebServer] 	at org.springframework.aop.framework.ReflectiveMethodInvocation.proceed(ReflectiveMethodInvocation.java:179)
[WebServer] 	at org.springframework.aop.framework.CglibAopProxy$DynamicAdvisedInterceptor.intercept(CglibAopProxy.java:719)
[WebServer] 	at com.mimococo.marketops.analyticsdecision.internal.application.DiagnosticExportWorker$$SpringCGLIB$$0.runOnce(<generated>)
[WebServer] 	at com.mimococo.marketops.analyticsdecision.internal.application.DiagnosticExportScheduling.advance(DiagnosticExportScheduling.java:22)
[WebServer] 	at java.base/jdk.internal.reflect.DirectMethodHandleAccessor.invoke(DirectMethodHandleAccessor.java:103)
[WebServer] 	at java.base/java.lang.reflect.Method.invoke(Method.java:580)
[WebServer] 	at org.springframework.scheduling.support.ScheduledMethodRunnable.runInternal(ScheduledMethodRunnable.java:128)
[WebServer] 	at org.springframework.scheduling.support.ScheduledMethodRunnable.lambda$run$1(ScheduledMethodRunnable.java:122)
[WebServer] 	at io.micrometer.observation.Observation.observe(Observation.java:569)
[WebServer] 	at org.springframework.scheduling.support.ScheduledMethodRunnable.run(ScheduledMethodRunnable.java:122)
[WebServer] 	at org.springframework.scheduling.config.Task$OutcomeTrackingRunnable.run(Task.java:88)
[WebServer] 	at org.springframework.scheduling.support.DelegatingErrorHandlingRunnable.run(DelegatingErrorHandlingRunnable.java:54)
[WebServer] 	at java.base/java.util.concurrent.Executors$RunnableAdapter.call(Executors.java:572)
[WebServer] 	at java.base/java.util.concurrent.FutureTask.runAndReset(FutureTask.java:358)
[WebServer] 	at java.base/java.util.concurrent.ScheduledThreadPoolExecutor$ScheduledFutureTask.run(ScheduledThreadPoolExecutor.java:305)
[WebServer] 	at java.base/java.util.concurrent.ThreadPoolExecutor.runWorker(ThreadPoolExecutor.java:1144)
[WebServer] 	at java.base/java.util.concurrent.ThreadPoolExecutor$Worker.run(ThreadPoolExecutor.java:642)
[WebServer] 	at java.base/java.lang.Thread.run(Thread.java:1583)
[WebServer] Caused by: java.sql.SQLTransientConnectionException: marketops-app-pool - Connection is not available, request timed out after 1003ms (total=0, active=0, idle=0, waiting=1)
[WebServer] 	at com.zaxxer.hikari.pool.HikariPool.createTimeoutException(HikariPool.java:714)
[WebServer] 	at com.zaxxer.hikari.pool.HikariPool.getConnection(HikariPool.java:184)
[WebServer] 	at com.zaxxer.hikari.pool.HikariPool.getConnection(HikariPool.java:142)
[WebServer] 	at com.zaxxer.hikari.HikariDataSource.getConnection(HikariDataSource.java:127)
[WebServer] 	at org.springframework.jdbc.datasource.DataSourceTransactionManager.doBegin(DataSourceTransactionManager.java:270)
[WebServer] 	... 35 common frames omitted
[WebServer] Caused by: org.postgresql.util.PSQLException: Connection to 127.0.0.1:62620 refused. Check that the hostname and port are correct and that the postmaster is accepting TCP/IP connections.
[WebServer] 	at org.postgresql.core.v3.ConnectionFactoryImpl.openConnectionImpl(ConnectionFactoryImpl.java:425)
[WebServer] 	at org.postgresql.core.ConnectionFactory.openConnection(ConnectionFactory.java:52)
[WebServer] 	at org.postgresql.jdbc.PgConnection.<init>(PgConnection.java:290)
[WebServer] 	at org.postgresql.Driver.makeConnection(Driver.java:448)
[WebServer] 	at org.postgresql.Driver.connect(Driver.java:298)
[WebServer] 	at com.zaxxer.hikari.util.DriverDataSource.getConnection(DriverDataSource.java:144)
[WebServer] 	at com.zaxxer.hikari.pool.PoolBase.newConnection(PoolBase.java:373)
[WebServer] 	at com.zaxxer.hikari.pool.PoolBase.newPoolEntry(PoolBase.java:210)
[WebServer] 	at com.zaxxer.hikari.pool.HikariPool.createPoolEntry(HikariPool.java:488)
[WebServer] 	at com.zaxxer.hikari.pool.HikariPool$PoolEntryCreator.call(HikariPool.java:752)
[WebServer] 	at com.zaxxer.hikari.pool.HikariPool$PoolEntryCreator.call(HikariPool.java:731)
[WebServer] 	at java.base/java.util.concurrent.FutureTask.run(FutureTask.java:317)
[WebServer] 	... 3 common frames omitted
[WebServer] Caused by: java.net.ConnectException: Connection refused
[WebServer] 	at java.base/sun.nio.ch.Net.pollConnect(Native Method)
[WebServer] 	at java.base/sun.nio.ch.Net.pollConnectNow(Net.java:694)
[WebServer] 	at java.base/sun.nio.ch.NioSocketImpl.timedFinishConnect(NioSocketImpl.java:549)
[WebServer] 	at java.base/sun.nio.ch.NioSocketImpl.connect(NioSocketImpl.java:592)
[WebServer] 	at java.base/java.net.SocksSocketImpl.connect(SocksSocketImpl.java:327)
[WebServer] 	at java.base/java.net.Socket.connect(Socket.java:757)
[WebServer] 	at org.postgresql.core.PGStream.createSocket(PGStream.java:271)
[WebServer] 	at org.postgresql.core.PGStream.<init>(PGStream.java:132)
[WebServer] 	at org.postgresql.core.v3.ConnectionFactoryImpl.tryConnect(ConnectionFactoryImpl.java:219)
[WebServer] 	at org.postgresql.core.v3.ConnectionFactoryImpl.openConnectionImpl(ConnectionFactoryImpl.java:365)
[WebServer] 	... 14 common frames omitted
[WebServer] 2026-09-06T09:45:10.329Z WARN  application=marketops-server environment=local buildVersion=0.1.0-SNAPSHOT correlationId=a7855b8d-a043-4a19-8cb6-cc811fb00846 c.m.m.a.internal.MetaStatusAssembler - Metadata dependency probe degraded event="database_probe_failed" correlationId="a7855b8d-a043-4a19-8cb6-cc811fb00846" exceptionClass="java.sql.SQLTransientConnectionException"
[WebServer] 2026-09-06T09:45:10.333Z WARN  application=marketops-server environment=local buildVersion=0.1.0-SNAPSHOT correlationId=a7855b8d-a043-4a19-8cb6-cc811fb00846 c.m.m.a.internal.MetaStatusAssembler - Metadata dependency probe degraded event="migration_version_probe_failed" correlationId="a7855b8d-a043-4a19-8cb6-cc811fb00846" exceptionClass="org.flywaydb.core.internal.exception.sqlExceptions.FlywaySqlUnableToConnectToDbException"
[WebServer] 2026-09-06T09:45:10.342Z INFO  application=marketops-server environment=local buildVersion=0.1.0-SNAPSHOT correlationId=a7855b8d-a043-4a19-8cb6-cc811fb00846 c.m.m.s.i.c.CorrelationIdFilter - Request completed event="request_completed" correlationId="a7855b8d-a043-4a19-8cb6-cc811fb00846" status="200"
[WebServer] 2026-09-06T09:45:12.443Z INFO  application=marketops-server environment=local buildVersion=0.1.0-SNAPSHOT correlationId=b1252592-8710-41a4-9710-df6daf8c65c8 c.m.m.s.i.c.CorrelationIdFilter - Request completed event="request_completed" correlationId="b1252592-8710-41a4-9710-df6daf8c65c8" status="200"
[WebServer] 2026-09-06T09:45:14.544Z INFO  application=marketops-server environment=local buildVersion=0.1.0-SNAPSHOT correlationId=e2449f63-1a1d-4a09-84d6-18362ad47444 c.m.m.s.i.c.CorrelationIdFilter - Request completed event="request_completed" correlationId="e2449f63-1a1d-4a09-84d6-18362ad47444" status="200"
[WebServer] 2026-09-06T09:45:16.636Z INFO  application=marketops-server environment=local buildVersion=0.1.0-SNAPSHOT correlationId=2c2735c7-daca-456d-a97e-281ce3f9b303 c.m.m.s.i.c.CorrelationIdFilter - Request completed event="request_completed" correlationId="2c2735c7-daca-456d-a97e-281ce3f9b303" status="200"
  ✓  16 tests/browser/health-shell.spec.ts:63:1 › the built console recovers across a real database outage (10.1s)
  ✓  17 tests/browser/operating-console.spec.ts:34:3 › TC-BROWSER-010 nothing operational reaches an unauthenticated visitor › shows the platform panel and no operating data (155ms)
[WebServer] 2026-09-06T09:45:17.355Z INFO  application=marketops-server environment=local buildVersion=0.1.0-SNAPSHOT correlationId=03206495-e9c6-4383-af11-5172ad2ba2b6 c.m.m.s.i.c.CorrelationIdFilter - Request completed event="request_completed" correlationId="03206495-e9c6-4383-af11-5172ad2ba2b6" status="200"
[WebServer] 2026-09-06T09:45:17.407Z INFO  application=marketops-server environment=local buildVersion=0.1.0-SNAPSHOT correlationId=df53ee18-4625-44e6-9eee-b245290dbbb5 c.m.m.s.i.c.CorrelationIdFilter - Request completed event="request_completed" correlationId="df53ee18-4625-44e6-9eee-b245290dbbb5" status="401"
  ✓  18 tests/browser/operating-console.spec.ts:44:3 › TC-BROWSER-010 nothing operational reaches an unauthenticated visitor › the backend refuses an operating request that carries no token (138ms)
[WebServer] 2026-09-06T09:45:17.491Z INFO  application=marketops-server environment=local buildVersion=0.1.0-SNAPSHOT correlationId=d55f4a27-3f0e-4c49-8f7f-5406be2012c5 c.m.m.s.i.c.CorrelationIdFilter - Request completed event="request_completed" correlationId="d55f4a27-3f0e-4c49-8f7f-5406be2012c5" status="200"
[WebServer] 2026-09-06T09:45:17.536Z INFO  application=marketops-server environment=local buildVersion=0.1.0-SNAPSHOT correlationId=4bb75ea3-6382-4d95-b399-7e19b8d1d811 c.m.m.s.i.c.CorrelationIdFilter - Request completed event="request_completed" correlationId="4bb75ea3-6382-4d95-b399-7e19b8d1d811" status="401"
  ✓  19 tests/browser/operating-console.spec.ts:58:3 › TC-BROWSER-010 nothing operational reaches an unauthenticated visitor › the backend refuses an operating request that carries a made-up token (114ms)
[WebServer] 2026-09-06T09:45:17.623Z INFO  application=marketops-server environment=local buildVersion=0.1.0-SNAPSHOT correlationId=3b339bc1-2755-4ce5-b200-be5245de8aec c.m.m.s.i.c.CorrelationIdFilter - Request completed event="request_completed" correlationId="3b339bc1-2755-4ce5-b200-be5245de8aec" status="200"
  ✓  20 tests/browser/operating-console.spec.ts:79:3 › TC-BROWSER-010 nothing operational reaches an unauthenticated visitor › the built bundle carries no token, password or secret reference (135ms)
[WebServer] 2026-09-06T09:45:17.748Z INFO  application=marketops-server environment=local buildVersion=0.1.0-SNAPSHOT correlationId=f3c4452a-2186-46b3-878e-d2fe498850d4 c.m.m.s.i.c.CorrelationIdFilter - Request completed event="request_completed" correlationId="f3c4452a-2186-46b3-878e-d2fe498850d4" status="200"
[WebServer] 2026-09-06T09:45:17.898Z INFO  application=marketops-server environment=local buildVersion=0.1.0-SNAPSHOT correlationId=f7fdbbd2-f7e1-422b-89fe-61ba6afeb818 c.m.m.s.i.c.CorrelationIdFilter - Request completed event="request_completed" correlationId="f7fdbbd2-f7e1-422b-89fe-61ba6afeb818" status="401"
[WebServer] 2026-09-06T09:45:17.899Z INFO  application=marketops-server environment=local buildVersion=0.1.0-SNAPSHOT correlationId=743e7a46-5bb2-45ee-9e4f-9c9c09170489 c.m.m.s.i.c.CorrelationIdFilter - Request completed event="request_completed" correlationId="743e7a46-5bb2-45ee-9e4f-9c9c09170489" status="401"
[WebServer] 2026-09-06T09:45:17.901Z INFO  application=marketops-server environment=local buildVersion=0.1.0-SNAPSHOT correlationId=e24c00a3-eb6b-4014-af27-9f7f27387b2d c.m.m.s.i.c.CorrelationIdFilter - Request completed event="request_completed" correlationId="e24c00a3-eb6b-4014-af27-9f7f27387b2d" status="401"
[WebServer] 2026-09-06T09:45:17.901Z INFO  application=marketops-server environment=local buildVersion=0.1.0-SNAPSHOT correlationId=bfd3ac02-8a24-44d4-bc2b-7c34aa9db517 c.m.m.s.i.c.CorrelationIdFilter - Request completed event="request_completed" correlationId="bfd3ac02-8a24-44d4-bc2b-7c34aa9db517" status="401"
[WebServer] 2026-09-06T09:45:17.901Z INFO  application=marketops-server environment=local buildVersion=0.1.0-SNAPSHOT correlationId=7fb5340e-8964-4200-8cf7-60b98878f196 c.m.m.s.i.c.CorrelationIdFilter - Request completed event="request_completed" correlationId="7fb5340e-8964-4200-8cf7-60b98878f196" status="401"
[WebServer] 2026-09-06T09:45:17.901Z INFO  application=marketops-server environment=local buildVersion=0.1.0-SNAPSHOT correlationId=1b06acaf-415a-4f02-ba5e-36f5978d0a32 c.m.m.s.i.c.CorrelationIdFilter - Request completed event="request_completed" correlationId="1b06acaf-415a-4f02-ba5e-36f5978d0a32" status="401"
[WebServer] 2026-09-06T09:45:17.903Z INFO  application=marketops-server environment=local buildVersion=0.1.0-SNAPSHOT correlationId=f7caadd7-b287-4ed7-aeb3-e60bd3e84489 c.m.m.s.i.c.CorrelationIdFilter - Request completed event="request_completed" correlationId="f7caadd7-b287-4ed7-aeb3-e60bd3e84489" status="401"
[WebServer] 2026-09-06T09:45:17.922Z INFO  application=marketops-server environment=local buildVersion=0.1.0-SNAPSHOT correlationId=b53c97fd-4d73-4499-ac3d-6d9e5b183e71 c.m.m.s.i.c.CorrelationIdFilter - Request completed event="request_completed" correlationId="b53c97fd-4d73-4499-ac3d-6d9e5b183e71" status="200"
[WebServer] 2026-09-06T09:45:17.968Z INFO  application=marketops-server environment=local buildVersion=0.1.0-SNAPSHOT correlationId=26d8a7f2-e71f-4e52-a5d7-daf7b485fc25 c.m.m.s.i.c.CorrelationIdFilter - Request completed event="request_completed" correlationId="26d8a7f2-e71f-4e52-a5d7-daf7b485fc25" status="200"
  ✓  21 tests/browser/operating-console.spec.ts:164:5 › TC-BROWSER-012 asynchronous export presentation and browser download integrity › waits for 202 completion and saves only the verified large export (2.8s)
[WebServer] 2026-09-06T09:45:20.662Z INFO  application=marketops-server environment=local buildVersion=0.1.0-SNAPSHOT correlationId=1a808f91-5927-49ac-909c-a7c55dcbccbd c.m.m.s.i.c.CorrelationIdFilter - Request completed event="request_completed" correlationId="1a808f91-5927-49ac-909c-a7c55dcbccbd" status="401"
[WebServer] 2026-09-06T09:45:20.662Z INFO  application=marketops-server environment=local buildVersion=0.1.0-SNAPSHOT correlationId=b45e84ca-2219-4d1e-8ccc-7b93551ad122 c.m.m.s.i.c.CorrelationIdFilter - Request completed event="request_completed" correlationId="b45e84ca-2219-4d1e-8ccc-7b93551ad122" status="401"
[WebServer] 2026-09-06T09:45:20.663Z INFO  application=marketops-server environment=local buildVersion=0.1.0-SNAPSHOT correlationId=a132522e-85f5-4da9-93c5-e2c98473011c c.m.m.s.i.c.CorrelationIdFilter - Request completed event="request_completed" correlationId="a132522e-85f5-4da9-93c5-e2c98473011c" status="401"
[WebServer] 2026-09-06T09:45:20.665Z INFO  application=marketops-server environment=local buildVersion=0.1.0-SNAPSHOT correlationId=ecb27232-277f-430b-aa49-c2ce3dc05f38 c.m.m.s.i.c.CorrelationIdFilter - Request completed event="request_completed" correlationId="ecb27232-277f-430b-aa49-c2ce3dc05f38" status="401"
[WebServer] 2026-09-06T09:45:20.666Z INFO  application=marketops-server environment=local buildVersion=0.1.0-SNAPSHOT correlationId=9f671bec-ab1b-4ded-bc25-9482cf896dd8 c.m.m.s.i.c.CorrelationIdFilter - Request completed event="request_completed" correlationId="9f671bec-ab1b-4ded-bc25-9482cf896dd8" status="401"
[WebServer] 2026-09-06T09:45:20.666Z INFO  application=marketops-server environment=local buildVersion=0.1.0-SNAPSHOT correlationId=07094790-1cd2-4194-b2a1-75b18ab0c827 c.m.m.s.i.c.CorrelationIdFilter - Request completed event="request_completed" correlationId="07094790-1cd2-4194-b2a1-75b18ab0c827" status="401"
[WebServer] 2026-09-06T09:45:20.667Z INFO  application=marketops-server environment=local buildVersion=0.1.0-SNAPSHOT correlationId=f01c8855-0c2d-4c30-802a-9e5ed8667fe5 c.m.m.s.i.c.CorrelationIdFilter - Request completed event="request_completed" correlationId="f01c8855-0c2d-4c30-802a-9e5ed8667fe5" status="401"
[WebServer] 2026-09-06T09:45:20.682Z INFO  application=marketops-server environment=local buildVersion=0.1.0-SNAPSHOT correlationId=afcdbaf5-eabd-48cd-a68f-44efda28c689 c.m.m.s.i.c.CorrelationIdFilter - Request completed event="request_completed" correlationId="afcdbaf5-eabd-48cd-a68f-44efda28c689" status="200"
[WebServer] 2026-09-06T09:45:20.742Z INFO  application=marketops-server environment=local buildVersion=0.1.0-SNAPSHOT correlationId=f5d3e2d4-9c2e-4fe1-bbce-68211650d47b c.m.m.s.i.c.CorrelationIdFilter - Request completed event="request_completed" correlationId="f5d3e2d4-9c2e-4fe1-bbce-68211650d47b" status="200"
  ✓  22 tests/browser/operating-console.spec.ts:164:5 › TC-BROWSER-012 asynchronous export presentation and browser download integrity › refuses a corrupt final part without offering a partial file (2.7s)
[WebServer] 2026-09-06T09:45:23.433Z INFO  application=marketops-server environment=local buildVersion=0.1.0-SNAPSHOT correlationId=96132abf-78aa-450d-aa47-c762e25b2891 c.m.m.s.i.c.CorrelationIdFilter - Request completed event="request_completed" correlationId="96132abf-78aa-450d-aa47-c762e25b2891" status="401"
[WebServer] 2026-09-06T09:45:23.434Z INFO  application=marketops-server environment=local buildVersion=0.1.0-SNAPSHOT correlationId=096fce29-2fc4-421e-bf0b-97947129ffcf c.m.m.s.i.c.CorrelationIdFilter - Request completed event="request_completed" correlationId="096fce29-2fc4-421e-bf0b-97947129ffcf" status="401"
[WebServer] 2026-09-06T09:45:23.435Z INFO  application=marketops-server environment=local buildVersion=0.1.0-SNAPSHOT correlationId=6538e519-d38d-4357-9b38-6491a3db2864 c.m.m.s.i.c.CorrelationIdFilter - Request completed event="request_completed" correlationId="6538e519-d38d-4357-9b38-6491a3db2864" status="401"
[WebServer] 2026-09-06T09:45:23.436Z INFO  application=marketops-server environment=local buildVersion=0.1.0-SNAPSHOT correlationId=e598a411-34c4-4585-be80-2ab8eecd6a90 c.m.m.s.i.c.CorrelationIdFilter - Request completed event="request_completed" correlationId="e598a411-34c4-4585-be80-2ab8eecd6a90" status="401"
[WebServer] 2026-09-06T09:45:23.436Z INFO  application=marketops-server environment=local buildVersion=0.1.0-SNAPSHOT correlationId=0d29cd18-8a0b-45f4-a579-d7ead0eeaa10 c.m.m.s.i.c.CorrelationIdFilter - Request completed event="request_completed" correlationId="0d29cd18-8a0b-45f4-a579-d7ead0eeaa10" status="401"
[WebServer] 2026-09-06T09:45:23.437Z INFO  application=marketops-server environment=local buildVersion=0.1.0-SNAPSHOT correlationId=b27a075a-079e-4502-9e32-982793854a14 c.m.m.s.i.c.CorrelationIdFilter - Request completed event="request_completed" correlationId="b27a075a-079e-4502-9e32-982793854a14" status="401"
[WebServer] 2026-09-06T09:45:23.437Z INFO  application=marketops-server environment=local buildVersion=0.1.0-SNAPSHOT correlationId=93048467-ab98-4042-ad17-94c5139c79c8 c.m.m.s.i.c.CorrelationIdFilter - Request completed event="request_completed" correlationId="93048467-ab98-4042-ad17-94c5139c79c8" status="401"
[WebServer] 2026-09-06T09:45:23.451Z INFO  application=marketops-server environment=local buildVersion=0.1.0-SNAPSHOT correlationId=99fde90b-653a-493f-b9c8-68978707453e c.m.m.s.i.c.CorrelationIdFilter - Request completed event="request_completed" correlationId="99fde90b-653a-493f-b9c8-68978707453e" status="200"
[WebServer] 2026-09-06T09:45:23.498Z INFO  application=marketops-server environment=local buildVersion=0.1.0-SNAPSHOT correlationId=6caf54bc-bff1-458b-85ee-070d7b94f042 c.m.m.s.i.c.CorrelationIdFilter - Request completed event="request_completed" correlationId="6caf54bc-bff1-458b-85ee-070d7b94f042" status="401"
[WebServer] 2026-09-06T09:45:23.511Z INFO  application=marketops-server environment=local buildVersion=0.1.0-SNAPSHOT correlationId=9fac2288-4074-48fb-ab70-6ab819257c41 c.m.m.s.i.c.CorrelationIdFilter - Request completed event="request_completed" correlationId="9fac2288-4074-48fb-ab70-6ab819257c41" status="200"
  ✓  23 tests/browser/operating-console.spec.ts:316:3 › TC-BROWSER-011 the operator journey runs in a real browser › signs in, reaches the work list, and never labels doubt as certainty (308ms)
[WebServer] 2026-09-06T09:45:23.728Z INFO  application=marketops-server environment=local buildVersion=0.1.0-SNAPSHOT correlationId=06fd5fd1-6aa4-4190-8f90-3705d375d3b3 c.m.m.s.i.c.CorrelationIdFilter - Request completed event="request_completed" correlationId="06fd5fd1-6aa4-4190-8f90-3705d375d3b3" status="401"
[WebServer] 2026-09-06T09:45:23.729Z INFO  application=marketops-server environment=local buildVersion=0.1.0-SNAPSHOT correlationId=cc831f1a-00e1-4f19-b4ba-8f3aeaf6f588 c.m.m.s.i.c.CorrelationIdFilter - Request completed event="request_completed" correlationId="cc831f1a-00e1-4f19-b4ba-8f3aeaf6f588" status="401"
[WebServer] 2026-09-06T09:45:23.729Z INFO  application=marketops-server environment=local buildVersion=0.1.0-SNAPSHOT correlationId=8f7b4d33-bdb9-45e5-b44b-41486924b9b4 c.m.m.s.i.c.CorrelationIdFilter - Request completed event="request_completed" correlationId="8f7b4d33-bdb9-45e5-b44b-41486924b9b4" status="401"
[WebServer] 2026-09-06T09:45:23.730Z INFO  application=marketops-server environment=local buildVersion=0.1.0-SNAPSHOT correlationId=5b4934b4-c401-40e2-982a-5dedeff9323b c.m.m.s.i.c.CorrelationIdFilter - Request completed event="request_completed" correlationId="5b4934b4-c401-40e2-982a-5dedeff9323b" status="401"
[WebServer] 2026-09-06T09:45:23.730Z INFO  application=marketops-server environment=local buildVersion=0.1.0-SNAPSHOT correlationId=3ce72d01-65a5-413d-bb6a-539cea57b1d6 c.m.m.s.i.c.CorrelationIdFilter - Request completed event="request_completed" correlationId="3ce72d01-65a5-413d-bb6a-539cea57b1d6" status="401"
[WebServer] 2026-09-06T09:45:23.731Z INFO  application=marketops-server environment=local buildVersion=0.1.0-SNAPSHOT correlationId=7744e5b9-f6bb-4b0b-8f14-5eb58eeed3d9 c.m.m.s.i.c.CorrelationIdFilter - Request completed event="request_completed" correlationId="7744e5b9-f6bb-4b0b-8f14-5eb58eeed3d9" status="401"
[WebServer] 2026-09-06T09:45:23.738Z INFO  application=marketops-server environment=local buildVersion=0.1.0-SNAPSHOT correlationId=beefa073-a776-448b-b328-2c799139d826 c.m.m.s.i.c.CorrelationIdFilter - Request completed event="request_completed" correlationId="beefa073-a776-448b-b328-2c799139d826" status="401"
[WebServer] 2026-09-06T09:45:23.761Z INFO  application=marketops-server environment=local buildVersion=0.1.0-SNAPSHOT correlationId=fba4e149-8f80-46c2-9b36-cca48e71eb32 c.m.m.s.i.c.CorrelationIdFilter - Request completed event="request_completed" correlationId="fba4e149-8f80-46c2-9b36-cca48e71eb32" status="200"
[WebServer] 2026-09-06T09:45:23.819Z INFO  application=marketops-server environment=local buildVersion=0.1.0-SNAPSHOT correlationId=66938cbc-cf3d-463b-8808-b50e94857870 c.m.m.s.i.c.CorrelationIdFilter - Request completed event="request_completed" correlationId="66938cbc-cf3d-463b-8808-b50e94857870" status="200"
  ✓  24 tests/browser/operating-console.spec.ts:402:3 › TC-BROWSER-011 the operator journey runs in a real browser › an ended session takes the operator back to sign-in with no data left on screen (274ms)
[WebServer] 2026-09-06T09:45:23.874Z INFO  application=marketops-server environment=local buildVersion=0.1.0-SNAPSHOT correlationId=62290245-562b-4915-9308-2593100ad914 c.m.m.s.i.c.CorrelationIdFilter - Request completed event="request_completed" correlationId="62290245-562b-4915-9308-2593100ad914" status="200"
[WebServer] 2026-09-06T09:45:24.012Z INFO  application=marketops-server environment=local buildVersion=0.1.0-SNAPSHOT correlationId=70b97b44-b23f-4308-bf2f-45cc31a3769e c.m.m.s.i.c.CorrelationIdFilter - Request completed event="request_completed" correlationId="70b97b44-b23f-4308-bf2f-45cc31a3769e" status="200"
  ✓  25 tests/browser/operating-console.spec.ts:418:3 › TC-BROWSER-011 the operator journey runs in a real browser › a refused sign-in leaves the visitor told rather than blank (202ms)
[WebServer] 2026-09-06T09:45:24.072Z INFO  application=marketops-server environment=local buildVersion=0.1.0-SNAPSHOT correlationId=0d48b7da-faa9-4b7c-bd12-5945fdd6c34e c.m.m.s.i.c.CorrelationIdFilter - Request completed event="request_completed" correlationId="0d48b7da-faa9-4b7c-bd12-5945fdd6c34e" status="200"

  25 passed (1.1m)
