[INFO] Scanning for projects...
[INFO] 
[INFO] --------------< com.mimococo.marketops:marketops-server >---------------
[INFO] Building MarketOps Server 0.1.0-SNAPSHOT
[INFO]   from pom.xml
[INFO] --------------------------------[ jar ]---------------------------------
[INFO] 
[INFO] --- enforcer:3.6.3:enforce (enforce-toolchain-and-dependencies) @ marketops-server ---
[INFO] Rule 0: org.apache.maven.enforcer.rules.version.RequireJavaVersion passed
[INFO] Rule 1: org.apache.maven.enforcer.rules.version.RequireMavenVersion passed
[INFO] Rule 2: org.apache.maven.enforcer.rules.dependency.BannedDependencies passed
[INFO] Rule 3: org.apache.maven.enforcer.rules.dependency.DependencyConvergence passed
[INFO] 
[INFO] --- jacoco:0.8.15:prepare-agent (prepare-coverage) @ marketops-server ---
[INFO] argLine set to -javaagent:/Users/chzhengx/.m2/repository/org/jacoco/org.jacoco.agent/0.8.15/org.jacoco.agent-0.8.15-runtime.jar=destfile=/Users/chzhengx/Code/personal/marketops-platform/backend/marketops-server/target/jacoco.exec
[INFO] 
[INFO] --- spring-boot:4.1.0:build-info (build-info) @ marketops-server ---
[INFO] 
[INFO] --- resources:3.5.0:resources (default-resources) @ marketops-server ---
[INFO] Copying 5 resources from src/main/resources to target/classes
[INFO] Copying 66 resources from src/main/resources to target/classes
[INFO] 
[INFO] --- compiler:3.15.0:compile (default-compile) @ marketops-server ---
[INFO] Recompiling the module because of changed source code.
[INFO] Compiling 666 source files with javac [debug deprecation parameters release 21] to target/classes
[WARNING] /Users/chzhengx/Code/personal/marketops-platform/backend/marketops-server/src/main/java/com/mimococo/marketops/advertisingefficiency/internal/infrastructure/jdbc/AdvertisingRecalculationRepository.java:[118,25] trailing white space will be removed
[INFO] Extracting Javadoc into /Users/chzhengx/Code/personal/marketops-platform/backend/marketops-server/./target/generated-spring-modulith/javadoc.json.
[WARNING] /Users/chzhengx/Code/personal/marketops-platform/backend/marketops-server/src/main/java/com/mimococo/marketops/operationsworkflow/internal/application/AdvertisingTaskSloService.java:[46,42] isTextual() in tools.jackson.databind.JsonNode has been deprecated
[WARNING] /Users/chzhengx/Code/personal/marketops-platform/backend/marketops-server/src/main/java/com/mimococo/marketops/operationsworkflow/internal/application/AdvertisingTaskSloService.java:[47,78] asText() in tools.jackson.databind.JsonNode has been deprecated
[WARNING] /Users/chzhengx/Code/personal/marketops-platform/backend/marketops-server/src/main/java/com/mimococo/marketops/operationsworkflow/internal/application/AdvertisingTaskSloService.java:[51,82] isTextual() in tools.jackson.databind.JsonNode has been deprecated
[WARNING] /Users/chzhengx/Code/personal/marketops-platform/backend/marketops-server/src/main/java/com/mimococo/marketops/operationsworkflow/internal/application/AdvertisingTaskSloService.java:[52,82] asText() in tools.jackson.databind.JsonNode has been deprecated
[WARNING] /Users/chzhengx/Code/personal/marketops-platform/backend/marketops-server/src/main/java/com/mimococo/marketops/operationsworkflow/internal/application/AdvertisingTaskSloService.java:[52,123] asText() in tools.jackson.databind.JsonNode has been deprecated
[WARNING] /Users/chzhengx/Code/personal/marketops-platform/backend/marketops-server/src/main/java/com/mimococo/marketops/operationsworkflow/internal/application/AdvertisingTaskSloService.java:[58,90] asText() in tools.jackson.databind.JsonNode has been deprecated
[WARNING] /Users/chzhengx/Code/personal/marketops-platform/backend/marketops-server/src/main/java/com/mimococo/marketops/shared/internal/errors/ConsoleProblemAdvice.java:[56,61] PAYLOAD_TOO_LARGE in org.springframework.http.HttpStatus has been deprecated
[WARNING] /Users/chzhengx/Code/personal/marketops-platform/backend/marketops-server/src/main/java/com/mimococo/marketops/shared/internal/errors/ConsoleProblemAdvice.java:[77,66] UNPROCESSABLE_ENTITY in org.springframework.http.HttpStatus has been deprecated
[WARNING] /Users/chzhengx/Code/personal/marketops-platform/backend/marketops-server/src/main/java/com/mimococo/marketops/shared/internal/migration/ManagedMigrationEvidence.java:[22,7] auto-closeable resource com.mimococo.marketops.shared.internal.migration.ManagedMigrationEvidence has a member method close() that could throw InterruptedException
[WARNING] /Users/chzhengx/Code/personal/marketops-platform/backend/marketops-server/src/main/java/com/mimococo/marketops/shared/internal/migration/ManagedMigrationRunner.java:[84,18] auto-closeable resource com.mimococo.marketops.shared.internal.migration.ManagedMigrationEvidence has a member method close() that could throw InterruptedException
[WARNING] /Users/chzhengx/Code/personal/marketops-platform/backend/marketops-server/src/main/java/com/mimococo/marketops/shared/internal/migration/ManagedMigrationRunner.java:[260,22] auto-closeable resource com.mimococo.marketops.shared.internal.migration.ManagedMigrationEvidence has a member method close() that could throw InterruptedException
[INFO] 
[INFO] --- resources:3.5.0:testResources (default-testResources) @ marketops-server ---
[INFO] Copying 4 resources from src/test/resources to target/test-classes
[INFO] 
[INFO] --- compiler:3.15.0:testCompile (default-testCompile) @ marketops-server ---
[INFO] Recompiling the module because of changed dependency.
[INFO] Compiling 271 source files with javac [debug deprecation parameters release 21] to target/test-classes
[WARNING] /Users/chzhengx/Code/personal/marketops-platform/backend/marketops-server/src/test/java/com/mimococo/marketops/AdvertisingDisclosureIT.java:[83,65] asText() in tools.jackson.databind.JsonNode has been deprecated
[WARNING] /Users/chzhengx/Code/personal/marketops-platform/backend/marketops-server/src/test/java/com/mimococo/marketops/AdvertisingDisclosureIT.java:[86,74] asText() in tools.jackson.databind.JsonNode has been deprecated
[WARNING] /Users/chzhengx/Code/personal/marketops-platform/backend/marketops-server/src/test/java/com/mimococo/marketops/AdvertisingDisclosureIT.java:[95,83] asText() in tools.jackson.databind.JsonNode has been deprecated
[WARNING] /Users/chzhengx/Code/personal/marketops-platform/backend/marketops-server/src/test/java/com/mimococo/marketops/AdvertisingDisclosureIT.java:[118,49] asText() in tools.jackson.databind.JsonNode has been deprecated
[WARNING] /Users/chzhengx/Code/personal/marketops-platform/backend/marketops-server/src/test/java/com/mimococo/marketops/AdvertisingDisclosureIT.java:[167,53] asText() in tools.jackson.databind.JsonNode has been deprecated
[WARNING] /Users/chzhengx/Code/personal/marketops-platform/backend/marketops-server/src/test/java/com/mimococo/marketops/AdvertisingDisclosureIT.java:[212,52] asText() in tools.jackson.databind.JsonNode has been deprecated
[WARNING] /Users/chzhengx/Code/personal/marketops-platform/backend/marketops-server/src/test/java/com/mimococo/marketops/AdvertisingDisclosureIT.java:[288,75] asText() in tools.jackson.databind.JsonNode has been deprecated
[WARNING] /Users/chzhengx/Code/personal/marketops-platform/backend/marketops-server/src/test/java/com/mimococo/marketops/AdvertisingDisclosureIT.java:[289,79] asText() in tools.jackson.databind.JsonNode has been deprecated
[WARNING] /Users/chzhengx/Code/personal/marketops-platform/backend/marketops-server/src/test/java/com/mimococo/marketops/AdvertisingDisclosureIT.java:[292,40] asText() in tools.jackson.databind.JsonNode has been deprecated
[WARNING] /Users/chzhengx/Code/personal/marketops-platform/backend/marketops-server/src/test/java/com/mimococo/marketops/AdvertisingDisclosureIT.java:[294,53] asText() in tools.jackson.databind.JsonNode has been deprecated
[WARNING] /Users/chzhengx/Code/personal/marketops-platform/backend/marketops-server/src/test/java/com/mimococo/marketops/AdvertisingDisclosureIT.java:[356,57] asText() in tools.jackson.databind.JsonNode has been deprecated
[WARNING] /Users/chzhengx/Code/personal/marketops-platform/backend/marketops-server/src/test/java/com/mimococo/marketops/AdvertisingDisclosureIT.java:[358,90] asText() in tools.jackson.databind.JsonNode has been deprecated
[WARNING] /Users/chzhengx/Code/personal/marketops-platform/backend/marketops-server/src/test/java/com/mimococo/marketops/AdvertisingDisclosureIT.java:[408,37] asText() in tools.jackson.databind.JsonNode has been deprecated
[WARNING] /Users/chzhengx/Code/personal/marketops-platform/backend/marketops-server/src/test/java/com/mimococo/marketops/AdvertisingDisclosureIT.java:[409,54] asText() in tools.jackson.databind.JsonNode has been deprecated
[WARNING] /Users/chzhengx/Code/personal/marketops-platform/backend/marketops-server/src/test/java/com/mimococo/marketops/AdvertisingDisclosureIT.java:[413,48] asText() in tools.jackson.databind.JsonNode has been deprecated
[WARNING] /Users/chzhengx/Code/personal/marketops-platform/backend/marketops-server/src/test/java/com/mimococo/marketops/AdvertisingDisclosureIT.java:[431,35] isTextual() in tools.jackson.databind.JsonNode has been deprecated
[WARNING] /Users/chzhengx/Code/personal/marketops-platform/backend/marketops-server/src/test/java/com/mimococo/marketops/AdvertisingDisclosureIT.java:[431,55] asText() in tools.jackson.databind.JsonNode has been deprecated
[WARNING] /Users/chzhengx/Code/personal/marketops-platform/backend/marketops-server/src/test/java/com/mimococo/marketops/AdvertisingDisclosureIT.java:[432,88] asText() in tools.jackson.databind.JsonNode has been deprecated
[WARNING] /Users/chzhengx/Code/personal/marketops-platform/backend/marketops-server/src/test/java/com/mimococo/marketops/AdvertisingHumanWorkflowIT.java:[136,74] asText() in tools.jackson.databind.JsonNode has been deprecated
[WARNING] /Users/chzhengx/Code/personal/marketops-platform/backend/marketops-server/src/test/java/com/mimococo/marketops/AdvertisingHumanWorkflowIT.java:[141,85] asText() in tools.jackson.databind.JsonNode has been deprecated
[WARNING] /Users/chzhengx/Code/personal/marketops-platform/backend/marketops-server/src/test/java/com/mimococo/marketops/AdvertisingHumanWorkflowIT.java:[181,60] asText() in tools.jackson.databind.JsonNode has been deprecated
[WARNING] /Users/chzhengx/Code/personal/marketops-platform/backend/marketops-server/src/test/java/com/mimococo/marketops/AdvertisingManualWorkflowIT.java:[263,69] asText() in tools.jackson.databind.JsonNode has been deprecated
[WARNING] /Users/chzhengx/Code/personal/marketops-platform/backend/marketops-server/src/test/java/com/mimococo/marketops/AdvertisingMaterialityIT.java:[31,46] asText() in tools.jackson.databind.JsonNode has been deprecated
[WARNING] /Users/chzhengx/Code/personal/marketops-platform/backend/marketops-server/src/test/java/com/mimococo/marketops/AdvertisingMaterialityIT.java:[72,40] asText() in tools.jackson.databind.JsonNode has been deprecated
[WARNING] /Users/chzhengx/Code/personal/marketops-platform/backend/marketops-server/src/test/java/com/mimococo/marketops/AdvertisingMaterialityIT.java:[77,46] asText() in tools.jackson.databind.JsonNode has been deprecated
[WARNING] /Users/chzhengx/Code/personal/marketops-platform/backend/marketops-server/src/test/java/com/mimococo/marketops/AdvertisingMaterialityIT.java:[83,40] asText() in tools.jackson.databind.JsonNode has been deprecated
[WARNING] /Users/chzhengx/Code/personal/marketops-platform/backend/marketops-server/src/test/java/com/mimococo/marketops/AdvertisingSealedAuthorityIT.java:[172,64] asText() in tools.jackson.databind.JsonNode has been deprecated
[WARNING] /Users/chzhengx/Code/personal/marketops-platform/backend/marketops-server/src/test/java/com/mimococo/marketops/AdvertisingSealedAuthorityIT.java:[176,72] asText() in tools.jackson.databind.JsonNode has been deprecated
[WARNING] /Users/chzhengx/Code/personal/marketops-platform/backend/marketops-server/src/test/java/com/mimococo/marketops/AdvertisingSealedAuthorityIT.java:[177,49] asText() in tools.jackson.databind.JsonNode has been deprecated
[WARNING] /Users/chzhengx/Code/personal/marketops-platform/backend/marketops-server/src/test/java/com/mimococo/marketops/aicopilot/internal/application/OutputValidatorTest.java:[161,56] redundant cast to java.lang.String
[WARNING] /Users/chzhengx/Code/personal/marketops-platform/backend/marketops-server/src/test/java/com/mimococo/marketops/marketplaceintegration/adapter/http/PlatformHttpAdaptersTest.java:[103,70] unchecked generic array creation for varargs parameter of type java.util.Optional<java.lang.String>[]
[INFO] 
[INFO] --- surefire:3.5.6:test (default-test) @ marketops-server ---
[INFO] Using auto detected provider org.apache.maven.surefire.junitplatform.JUnitPlatformProvider
[INFO] 
[INFO] -------------------------------------------------------
[INFO]  T E S T S
[INFO] -------------------------------------------------------
[INFO] Running com.mimococo.marketops.database.ControlEpochTriggerIT
13:00:40.575 [main] INFO org.testcontainers.images.PullPolicy -- Image pull policy will be performed by: DefaultPullPolicy()
13:00:40.578 [main] INFO org.testcontainers.utility.ImageNameSubstitutor -- Image name substitution will be performed by: DefaultImageNameSubstitutor (composite of 'ConfigurationFileImageNameSubstitutor' and 'PrefixingImageNameSubstitutor')
13:00:40.590 [main] INFO org.testcontainers.DockerClientFactory -- Testcontainers version: 2.0.5
13:00:40.924 [main] INFO org.testcontainers.dockerclient.DockerClientProviderStrategy -- Loaded org.testcontainers.dockerclient.UnixSocketClientProviderStrategy from ~/.testcontainers.properties, will try it first
13:00:41.402 [main] INFO org.testcontainers.dockerclient.DockerClientProviderStrategy -- Found Docker environment with local Unix socket (unix:///var/run/docker.sock)
13:00:41.403 [main] INFO org.testcontainers.DockerClientFactory -- Docker host IP address is localhost
13:00:41.431 [main] INFO org.testcontainers.DockerClientFactory -- Connected to docker: 
  Server Version: 29.7.2
  API Version: 1.55
  Operating System: Docker Desktop
  Total Memory: 5922 MB
  Labels: 
    com.docker.desktop.address=unix:///Users/chzhengx/Library/Containers/com.docker.docker/Data/docker-cli.sock
13:00:41.711 [main] INFO tc.testcontainers/ryuk:0.14.0 -- Creating container for image: testcontainers/ryuk:0.14.0
13:00:41.888 [main] INFO org.testcontainers.utility.RegistryAuthLocator -- Credential helper/store (docker-credential-desktop) does not have credentials for https://index.docker.io/v1/
13:00:42.051 [main] INFO tc.testcontainers/ryuk:0.14.0 -- Container testcontainers/ryuk:0.14.0 is starting: 6554e27f3bddbf72eae2d017c4c72259ad20f0e32f07fbfc9accb36f3f6de934
13:00:42.441 [main] INFO tc.testcontainers/ryuk:0.14.0 -- Container testcontainers/ryuk:0.14.0 started in PT0.730447S
13:00:42.450 [main] INFO org.testcontainers.utility.RyukResourceReaper -- Ryuk started - will monitor and terminate Testcontainers containers on JVM exit
13:00:42.450 [main] INFO org.testcontainers.DockerClientFactory -- Checking the system...
13:00:42.451 [main] INFO org.testcontainers.DockerClientFactory -- ✔︎ Docker server version should be at least 1.6.0
13:00:42.451 [main] INFO tc.postgres:18.4 -- Creating container for image: postgres:18.4
13:00:42.597 [main] INFO tc.postgres:18.4 -- Container postgres:18.4 is starting: b3617d5a50b965a45e69585b0e372e69d7a7b768edad80b29cb4bd70013b31ac
13:00:44.812 [main] INFO tc.postgres:18.4 -- Container postgres:18.4 started in PT2.360953S
13:00:44.824 [main] INFO tc.postgres:18.4 -- Container is started (JDBC URL: jdbc:postgresql://localhost:61273/marketops?loggerLevel=OFF)
13:00:45.413 [main] INFO org.flywaydb.core.FlywayExecutor -- Database: jdbc:postgresql://localhost:61273/marketops?loggerLevel=OFF (PostgreSQL 18.4)
13:00:45.517 [main] INFO org.flywaydb.core.internal.schemahistory.JdbcTableSchemaHistory -- Schema history table "public"."flyway_schema_history" does not exist yet
13:00:45.521 [main] INFO org.flywaydb.core.internal.command.DbValidate -- Successfully validated 65 migrations (execution time 00:00.056s)
13:00:45.537 [main] INFO org.flywaydb.core.internal.schemahistory.JdbcTableSchemaHistory -- Creating Schema History table "public"."flyway_schema_history" ...
13:00:45.613 [main] INFO org.flywaydb.core.internal.command.DbMigrate -- Current version of schema "public": << Empty Schema >>
13:00:45.624 [main] INFO org.flywaydb.core.internal.command.DbMigrate -- Migrating schema "public" to version "0001 - create foundation schemas"
13:00:45.653 [main] INFO org.flywaydb.core.internal.command.DbMigrate -- Migrating schema "public" to version "0002 - enable btree gist extension"
13:00:45.722 [main] INFO org.flywaydb.core.internal.command.DbMigrate -- Migrating schema "public" to version "0003 - create metadata audit event"
13:00:45.767 [main] INFO org.flywaydb.core.internal.command.DbMigrate -- Migrating schema "public" to version "0004 - create core organization metadata"
13:00:45.865 [main] INFO org.flywaydb.core.internal.command.DbMigrate -- Migrating schema "public" to version "0005 - create iam access metadata"
13:00:45.934 [main] INFO org.flywaydb.core.internal.command.DbMigrate -- Migrating schema "public" to version "0006 - create platform registry metadata"
13:00:46.073 [main] INFO org.flywaydb.core.internal.command.DbMigrate -- Migrating schema "public" to version "0007 - create ingestion control plane authority"
13:00:46.134 [main] INFO org.flywaydb.core.internal.command.DbMigrate -- Migrating schema "public" to version "0008 - attach control epoch triggers"
13:00:46.171 [main] INFO org.flywaydb.core.internal.command.DbMigrate -- Migrating schema "public" to version "0009 - create control boundary kinds and decision evidence"
13:00:46.207 [main] INFO org.flywaydb.core.internal.command.DbMigrate -- Migrating schema "public" to version "0010 - create ingestion run checkpoint and raw evidence"
13:00:46.264 [main] INFO org.flywaydb.core.internal.command.DbMigrate -- Migrating schema "public" to version "0011 - create human identity and business authorization"
13:00:46.348 [main] INFO org.flywaydb.core.internal.command.DbMigrate -- Migrating schema "public" to version "0012 - create product listing identity and mapping"
13:00:46.808 [main] INFO org.flywaydb.core.internal.command.DbMigrate -- Migrating schema "public" to version "0013 - create cross domain operating facts"
13:00:46.878 [main] INFO org.flywaydb.core.internal.command.DbMigrate -- Migrating schema "public" to version "0014 - create internal fact intake and file import"
13:00:46.933 [main] INFO org.flywaydb.core.internal.command.DbMigrate -- Migrating schema "public" to version "0015 - create canonical metric definitions and values"
13:00:46.965 [main] INFO org.flywaydb.core.internal.command.DbMigrate -- Migrating schema "public" to version "0016 - create deterministic diagnosis rules and findings"
13:00:46.994 [main] INFO org.flywaydb.core.internal.command.DbMigrate -- Migrating schema "public" to version "0017 - create ai projection invocation and output"
13:00:47.037 [main] INFO org.flywaydb.core.internal.command.DbMigrate -- Migrating schema "public" to version "0018 - create recommendation task and approval workflow"
13:00:47.089 [main] INFO org.flywaydb.core.internal.command.DbMigrate -- Migrating schema "public" to version "0019 - create commercial policy and guardrails"
13:00:47.158 [main] INFO org.flywaydb.core.internal.command.DbMigrate -- Migrating schema "public" to version "0020 - create price command outbox readback and write gate"
13:00:47.226 [main] INFO org.flywaydb.core.internal.command.DbMigrate -- Migrating schema "public" to version "0021 - create platform api profile and request shape"
13:00:47.273 [main] INFO org.flywaydb.core.internal.command.DbMigrate -- Migrating schema "public" to version "0022 - create ingestion run lifecycle and replay guard"
13:00:47.324 [main] INFO org.flywaydb.core.internal.command.DbMigrate -- Migrating schema "public" to version "0023 - create declared normalization and drift observation"
13:00:47.401 [main] INFO org.flywaydb.core.internal.command.DbMigrate -- Migrating schema "public" to version "0024 - create capability write operation shape"
13:00:47.443 [main] INFO org.flywaydb.core.internal.command.DbMigrate -- Migrating schema "public" to version "0025 - create price command attempt completion and lease recovery"
13:00:47.540 [main] INFO org.flywaydb.core.internal.command.DbMigrate -- Migrating schema "public" to version "0026 - rename operational capability column to action kind"
13:00:47.589 [main] INFO org.flywaydb.core.internal.command.DbMigrate -- Migrating schema "public" to version "0027 - create account bound registry verification"
13:00:47.655 [main] INFO org.flywaydb.core.internal.command.DbMigrate -- Migrating schema "public" to version "0028 - create bounded diagnostic export"
13:00:47.782 [main] INFO org.flywaydb.core.internal.command.DbMigrate -- Migrating schema "public" to version "0029 - version profit economics and commercial inputs"
13:00:47.951 [main] INFO org.flywaydb.core.internal.command.DbMigrate -- Migrating schema "public" to version "0030 - create availability risk policy inbound and case"
13:00:48.158 [main] INFO org.flywaydb.core.internal.command.DbMigrate -- Migrating schema "public" to version "0031 - track sustained availability lane"
13:00:48.179 [main] INFO org.flywaydb.core.internal.command.DbMigrate -- Migrating schema "public" to version "0032 - create availability fact feed cursor"
13:00:48.189 [main] INFO org.flywaydb.core.internal.command.DbMigrate -- Migrating schema "public" to version "0033 - track case improvement observation"
13:00:48.201 [main] INFO org.flywaydb.core.internal.command.DbMigrate -- Migrating schema "public" to version "0034 - close availability deep review findings"
13:00:48.262 [main] INFO org.flywaydb.core.internal.command.DbMigrate -- Migrating schema "public" to version "0035 - close availability targeted findings"
13:00:48.310 [main] INFO org.flywaydb.core.internal.command.DbMigrate -- Migrating schema "public" to version "0036 - create advertising identity and official facts"
13:00:48.370 [main] INFO org.flywaydb.core.internal.command.DbMigrate -- Migrating schema "public" to version "0037 - create advertising conversion freshness and qualification"
13:00:48.437 [main] INFO org.flywaydb.core.internal.command.DbMigrate -- Migrating schema "public" to version "0038 - create advertising case projection and orchestration"
13:00:48.550 [main] INFO org.flywaydb.core.internal.command.DbMigrate -- Migrating schema "public" to version "0039 - create advertising target materiality and manual shadow"
13:00:48.610 [main] INFO org.flywaydb.core.internal.command.DbMigrate -- Migrating schema "public" to version "0040 - widen write registry for ad bid capability"
13:00:48.637 [main] INFO org.flywaydb.core.internal.command.DbMigrate -- Migrating schema "public" to version "0041 - create advertising containment and decision bundle"
13:00:48.697 [main] INFO org.flywaydb.core.internal.command.DbMigrate -- Migrating schema "public" to version "0042 - create ad bid command outbox readback and gate"
13:00:48.758 [main] INFO org.flywaydb.core.internal.command.DbMigrate -- Migrating schema "public" to version "0043 - create ad bid attempt lifecycle and readback"
13:00:48.778 [main] INFO org.flywaydb.core.internal.command.DbMigrate -- Migrating schema "public" to version "0044 - supersede advertising cases whose cause no longer holds"
13:00:48.790 [main] INFO org.flywaydb.core.internal.command.DbMigrate -- Migrating schema "public" to version "0045 - create ad bid command from approval"
13:00:48.800 [main] INFO org.flywaydb.core.internal.command.DbMigrate -- Migrating schema "public" to version "0046 - capture ad bid authority for guardrail evaluation"
13:00:48.809 [main] INFO org.flywaydb.core.internal.command.DbMigrate -- Migrating schema "public" to version "0047 - refuse a zero target bid in the parameter contract"
13:00:48.820 [main] INFO org.flywaydb.core.internal.command.DbMigrate -- Migrating schema "public" to version "0048 - serialize advertising reservations against overlap"
13:00:48.839 [main] INFO org.flywaydb.core.internal.command.DbMigrate -- Migrating schema "public" to version "0049 - create advertising outcome plan and lineage"
13:00:48.872 [main] INFO org.flywaydb.core.internal.command.DbMigrate -- Migrating schema "public" to version "0050 - cause specific outcomes and same lineage reopen"
13:00:48.907 [main] INFO org.flywaydb.core.internal.command.DbMigrate -- Migrating schema "public" to version "0051 - bind each decision to its own authority"
13:00:48.920 [main] INFO org.flywaydb.core.internal.command.DbMigrate -- Migrating schema "public" to version "0052 - a guardrail verdict names the policy that authorised it"
13:00:48.943 [main] INFO org.flywaydb.core.internal.command.DbMigrate -- Migrating schema "public" to version "0053 - the write gate must refuse rather than raise"
13:00:48.954 [main] INFO org.flywaydb.core.internal.command.DbMigrate -- Migrating schema "public" to version "0054 - index the demand carry forward lookup"
13:00:48.965 [main] INFO org.flywaydb.core.internal.command.DbMigrate -- Migrating schema "public" to version "0055 - record what happened to a task and who did it"
13:00:49.002 [main] INFO org.flywaydb.core.internal.command.DbMigrate -- Migrating schema "public" to version "0056 - publish the daily brief and weekly review as projections"
13:00:49.048 [main] INFO org.flywaydb.core.internal.command.DbMigrate -- Migrating schema "public" to version "0057 - bind advertising responsibility and human decisions"
13:00:49.102 [main] INFO org.flywaydb.core.internal.command.DbMigrate -- Migrating schema "public" to version "0058 - seal advertising authority and control execution"
13:00:49.245 [main] INFO org.flywaydb.core.internal.command.DbMigrate -- Migrating schema "public" to version "0059 - freeze advertising outcome baselines and critical units"
13:00:49.312 [main] INFO org.flywaydb.core.internal.command.DbMigrate -- Migrating schema "public" to version "0060 - govern manual proposals packets and configuration proof"
13:00:49.349 [main] INFO org.flywaydb.core.internal.command.DbMigrate -- Migrating schema "public" to version "0061 - bind advertising exception risk and preview evidence"
13:00:49.377 [main] INFO org.flywaydb.core.internal.command.DbMigrate -- Migrating schema "public" to version "0062 - share frozen outcome authority with governed manual"
13:00:49.393 [main] INFO org.flywaydb.core.internal.command.DbMigrate -- Migrating schema "public" to version "0063 - wire advertising changes expiries and slo recovery"
13:00:49.429 [main] INFO org.flywaydb.core.internal.command.DbMigrate -- Migrating schema "public" to version "0064 - reconcile expired advertising authority"
13:00:49.457 [main] INFO org.flywaydb.core.internal.command.DbMigrate -- Migrating schema "public" to version "0065 - route settled advertising contradictions to finance review"
13:00:49.487 [main] INFO org.flywaydb.core.internal.command.DbMigrate -- Successfully applied 65 migrations to schema "public", now at version v0065 (execution time 00:02.841s)
[INFO] Tests run: 11, Failures: 0, Errors: 0, Skipped: 0, Time elapsed: 10.09 s -- in com.mimococo.marketops.database.ControlEpochTriggerIT
[INFO] Running com.mimococo.marketops.AdvertisingResponsibilityBoundaryIT
13:00:50.729 [main] INFO org.springframework.test.context.support.AnnotationConfigContextLoaderUtils -- Could not detect default configuration classes for test class [com.mimococo.marketops.AdvertisingResponsibilityBoundaryIT]: AdvertisingResponsibilityBoundaryIT does not declare any static, non-private, non-final, nested classes annotated with @Configuration.
13:00:50.906 [main] INFO org.springframework.boot.test.context.SpringBootTestContextBootstrapper -- Found @SpringBootConfiguration com.mimococo.marketops.MarketOpsServerApplication for test class com.mimococo.marketops.AdvertisingResponsibilityBoundaryIT
13:00:50.998 [main] INFO org.springframework.test.context.support.AnnotationConfigContextLoaderUtils -- Could not detect default configuration classes for test class [com.mimococo.marketops.AdvertisingResponsibilityBoundaryIT]: AdvertisingResponsibilityBoundaryIT does not declare any static, non-private, non-final, nested classes annotated with @Configuration.
13:00:51.001 [main] INFO org.springframework.boot.test.context.SpringBootTestContextBootstrapper -- Found @SpringBootConfiguration com.mimococo.marketops.MarketOpsServerApplication for test class com.mimococo.marketops.AdvertisingResponsibilityBoundaryIT
13:00:51.130 [main] INFO tc.postgres:17.6-bookworm@sha256:f3bd19... -- Creating container for image: postgres:17.6-bookworm@sha256:f3bd19c606e442c3d7bdfa8002e03fe260a1023351e0ea4598032022b68dd6e3
13:00:51.347 [main] INFO tc.postgres:17.6-bookworm@sha256:f3bd19... -- Container postgres:17.6-bookworm@sha256:f3bd19c606e442c3d7bdfa8002e03fe260a1023351e0ea4598032022b68dd6e3 is starting: 8959d4839dd80d1b02d1cc316bb417d0e4cd0a23373a9835343188df3198f57d
13:00:52.900 [main] INFO tc.postgres:17.6-bookworm@sha256:f3bd19... -- Container postgres:17.6-bookworm@sha256:f3bd19c606e442c3d7bdfa8002e03fe260a1023351e0ea4598032022b68dd6e3 started in PT1.769953S
13:00:52.901 [main] INFO tc.postgres:17.6-bookworm@sha256:f3bd19... -- Container is started (JDBC URL: jdbc:postgresql://localhost:61364/marketops?loggerLevel=OFF)
{"@timestamp":"2026-09-05T05:00:53.287551Z","log":{"level":"INFO","logger":"com.mimococo.marketops.AdvertisingResponsibilityBoundaryIT"},"process":{"pid":871,"thread":{"name":"main"}},"service":{"name":"marketops-server","version":"0.1.0-SNAPSHOT","environment":"ci","node":{}},"message":"Starting AdvertisingResponsibilityBoundaryIT v0.1.0-SNAPSHOT using Java 21.0.10 with PID 871 (started by chzhengx in /Users/chzhengx/Code/personal/marketops-platform/backend/marketops-server)","ecs":{"version":"8.11"},"application":"marketops-server","environment":"ci","buildVersion":"0.1.0-SNAPSHOT","correlationId":"none"}
{"@timestamp":"2026-09-05T05:00:53.291900Z","log":{"level":"INFO","logger":"com.mimococo.marketops.AdvertisingResponsibilityBoundaryIT"},"process":{"pid":871,"thread":{"name":"main"}},"service":{"name":"marketops-server","version":"0.1.0-SNAPSHOT","environment":"ci","node":{}},"message":"The following 1 profile is active: \"ci\"","ecs":{"version":"8.11"},"application":"marketops-server","environment":"ci","buildVersion":"0.1.0-SNAPSHOT","correlationId":"none"}
{"@timestamp":"2026-09-05T05:00:58.705944Z","log":{"level":"INFO","logger":"com.mimococo.marketops.AdvertisingResponsibilityBoundaryIT"},"process":{"pid":871,"thread":{"name":"main"}},"service":{"name":"marketops-server","version":"0.1.0-SNAPSHOT","environment":"ci","node":{}},"message":"Started AdvertisingResponsibilityBoundaryIT in 5.749 seconds (process running for 19.25)","ecs":{"version":"8.11"},"application":"marketops-server","environment":"ci","buildVersion":"0.1.0-SNAPSHOT","correlationId":"none"}
{"@timestamp":"2026-09-05T05:01:02.121133Z","log":{"level":"INFO","logger":"com.mimococo.marketops.adminobservability.internal.audit.JdbcMetadataAuditStore"},"process":{"pid":871,"thread":{"name":"main"}},"service":{"name":"marketops-server","version":"0.1.0-SNAPSHOT","environment":"ci","node":{}},"message":"Metadata change recorded","ecs":{"version":"8.11"},"application":"marketops-server","environment":"ci","buildVersion":"0.1.0-SNAPSHOT","correlationId":"none","event":"metadata_change_recorded","sourceDomain":"operationsworkflow","entityType":"work-task","entityId":"c7044e54-d5b9-4ea9-a229-cf7567dccfcd","action":"UPDATE","actorId":"bb29693b-f1b1-4728-8b49-ca6a68d720f6"}
{"@timestamp":"2026-09-05T05:01:02.189832Z","log":{"level":"INFO","logger":"com.mimococo.marketops.adminobservability.internal.audit.JdbcMetadataAuditStore"},"process":{"pid":871,"thread":{"name":"main"}},"service":{"name":"marketops-server","version":"0.1.0-SNAPSHOT","environment":"ci","node":{}},"message":"Metadata change recorded","ecs":{"version":"8.11"},"application":"marketops-server","environment":"ci","buildVersion":"0.1.0-SNAPSHOT","correlationId":"none","event":"metadata_change_recorded","sourceDomain":"operationsworkflow","entityType":"work-task","entityId":"c7044e54-d5b9-4ea9-a229-cf7567dccfcd","action":"UPDATE","actorId":"7264374f-c158-47ab-9383-7fc27117cfe5"}
{"@timestamp":"2026-09-05T05:01:02.496768Z","log":{"level":"INFO","logger":"com.mimococo.marketops.adminobservability.internal.audit.JdbcMetadataAuditStore"},"process":{"pid":871,"thread":{"name":"main"}},"service":{"name":"marketops-server","version":"0.1.0-SNAPSHOT","environment":"ci","node":{}},"message":"Metadata change recorded","ecs":{"version":"8.11"},"application":"marketops-server","environment":"ci","buildVersion":"0.1.0-SNAPSHOT","correlationId":"none","event":"metadata_change_recorded","sourceDomain":"operationsworkflow","entityType":"work-task","entityId":"eb714e8b-9361-48a3-8507-2ed3d6074a4a","action":"UPDATE","actorId":"066d906e-f2ba-44ff-9928-cdee3de0f66f"}
{"@timestamp":"2026-09-05T05:01:02.552857Z","log":{"level":"INFO","logger":"com.mimococo.marketops.adminobservability.internal.audit.JdbcMetadataAuditStore"},"process":{"pid":871,"thread":{"name":"main"}},"service":{"name":"marketops-server","version":"0.1.0-SNAPSHOT","environment":"ci","node":{}},"message":"Metadata change recorded","ecs":{"version":"8.11"},"application":"marketops-server","environment":"ci","buildVersion":"0.1.0-SNAPSHOT","correlationId":"none","event":"metadata_change_recorded","sourceDomain":"operationsworkflow","entityType":"work-task","entityId":"eb714e8b-9361-48a3-8507-2ed3d6074a4a","action":"UPDATE","actorId":"066d906e-f2ba-44ff-9928-cdee3de0f66f"}
[INFO] Tests run: 9, Failures: 0, Errors: 0, Skipped: 0, Time elapsed: 11.96 s -- in com.mimococo.marketops.AdvertisingResponsibilityBoundaryIT
[INFO] Running com.mimococo.marketops.AdvertisingDisclosureIT
{"@timestamp":"2026-09-05T05:01:04.408171Z","log":{"level":"INFO","logger":"com.mimococo.marketops.AdvertisingDisclosureIT"},"process":{"pid":871,"thread":{"name":"main"}},"service":{"name":"marketops-server","version":"0.1.0-SNAPSHOT","environment":"ci","node":{}},"message":"Starting AdvertisingDisclosureIT v0.1.0-SNAPSHOT using Java 21.0.10 with PID 871 (started by chzhengx in /Users/chzhengx/Code/personal/marketops-platform/backend/marketops-server)","ecs":{"version":"8.11"},"application":"marketops-server","environment":"ci","buildVersion":"0.1.0-SNAPSHOT","correlationId":"none"}
{"@timestamp":"2026-09-05T05:01:04.408696Z","log":{"level":"INFO","logger":"com.mimococo.marketops.AdvertisingDisclosureIT"},"process":{"pid":871,"thread":{"name":"main"}},"service":{"name":"marketops-server","version":"0.1.0-SNAPSHOT","environment":"ci","node":{}},"message":"The following 1 profile is active: \"ci\"","ecs":{"version":"8.11"},"application":"marketops-server","environment":"ci","buildVersion":"0.1.0-SNAPSHOT","correlationId":"none"}
{"@timestamp":"2026-09-05T05:01:08.250770Z","log":{"level":"INFO","logger":"com.mimococo.marketops.AdvertisingDisclosureIT"},"process":{"pid":871,"thread":{"name":"main"}},"service":{"name":"marketops-server","version":"0.1.0-SNAPSHOT","environment":"ci","node":{}},"message":"Started AdvertisingDisclosureIT in 3.898 seconds (process running for 28.794)","ecs":{"version":"8.11"},"application":"marketops-server","environment":"ci","buildVersion":"0.1.0-SNAPSHOT","correlationId":"none"}
{"@timestamp":"2026-09-05T05:01:08.457228Z","log":{"level":"INFO","logger":"com.mimococo.marketops.adminobservability.internal.audit.JdbcMetadataAuditStore"},"process":{"pid":871,"thread":{"name":"main"}},"service":{"name":"marketops-server","version":"0.1.0-SNAPSHOT","environment":"ci","node":{}},"message":"Metadata change recorded","ecs":{"version":"8.11"},"application":"marketops-server","environment":"ci","buildVersion":"0.1.0-SNAPSHOT","correlationId":"none","event":"metadata_change_recorded","sourceDomain":"identityaccess","entityType":"user-role-assignment","entityId":"b8afe7bd-09ef-43b1-a520-d62c70db867d","action":"GRANT","actorId":"disclosure-fixture"}
{"@timestamp":"2026-09-05T05:01:08.463832Z","log":{"level":"INFO","logger":"com.mimococo.marketops.adminobservability.internal.audit.JdbcMetadataAuditStore"},"process":{"pid":871,"thread":{"name":"main"}},"service":{"name":"marketops-server","version":"0.1.0-SNAPSHOT","environment":"ci","node":{}},"message":"Metadata change recorded","ecs":{"version":"8.11"},"application":"marketops-server","environment":"ci","buildVersion":"0.1.0-SNAPSHOT","correlationId":"none","event":"metadata_change_recorded","sourceDomain":"identityaccess","entityType":"user-role-assignment","entityId":"97b4020d-fdc1-493d-be99-ad5a719b8347","action":"GRANT","actorId":"disclosure-fixture"}
{"@timestamp":"2026-09-05T05:01:08.470269Z","log":{"level":"INFO","logger":"com.mimococo.marketops.adminobservability.internal.audit.JdbcMetadataAuditStore"},"process":{"pid":871,"thread":{"name":"main"}},"service":{"name":"marketops-server","version":"0.1.0-SNAPSHOT","environment":"ci","node":{}},"message":"Metadata change recorded","ecs":{"version":"8.11"},"application":"marketops-server","environment":"ci","buildVersion":"0.1.0-SNAPSHOT","correlationId":"none","event":"metadata_change_recorded","sourceDomain":"identityaccess","entityType":"user-scope-grant","entityId":"988e9fdb-3628-4f6e-b298-d727b4936a9c","action":"GRANT","actorId":"disclosure-fixture"}
{"@timestamp":"2026-09-05T05:01:08.473469Z","log":{"level":"INFO","logger":"com.mimococo.marketops.adminobservability.internal.audit.JdbcMetadataAuditStore"},"process":{"pid":871,"thread":{"name":"main"}},"service":{"name":"marketops-server","version":"0.1.0-SNAPSHOT","environment":"ci","node":{}},"message":"Metadata change recorded","ecs":{"version":"8.11"},"application":"marketops-server","environment":"ci","buildVersion":"0.1.0-SNAPSHOT","correlationId":"none","event":"metadata_change_recorded","sourceDomain":"identityaccess","entityType":"user-scope-grant","entityId":"559fe848-3e0e-4d00-9bf7-a754d6fcf79d","action":"GRANT","actorId":"disclosure-fixture"}
{"@timestamp":"2026-09-05T05:01:08.795716Z","log":{"level":"INFO","logger":"com.mimococo.marketops.adminobservability.internal.audit.JdbcMetadataAuditStore"},"process":{"pid":871,"thread":{"name":"main"}},"service":{"name":"marketops-server","version":"0.1.0-SNAPSHOT","environment":"ci","node":{}},"message":"Metadata change recorded","ecs":{"version":"8.11"},"application":"marketops-server","environment":"ci","buildVersion":"0.1.0-SNAPSHOT","correlationId":"none","event":"metadata_change_recorded","sourceDomain":"identityaccess","entityType":"user-role-assignment","entityId":"c2163ae8-d995-4097-b2f5-cc1c323112e6","action":"GRANT","actorId":"disclosure-fixture"}
{"@timestamp":"2026-09-05T05:01:08.799740Z","log":{"level":"INFO","logger":"com.mimococo.marketops.adminobservability.internal.audit.JdbcMetadataAuditStore"},"process":{"pid":871,"thread":{"name":"main"}},"service":{"name":"marketops-server","version":"0.1.0-SNAPSHOT","environment":"ci","node":{}},"message":"Metadata change recorded","ecs":{"version":"8.11"},"application":"marketops-server","environment":"ci","buildVersion":"0.1.0-SNAPSHOT","correlationId":"none","event":"metadata_change_recorded","sourceDomain":"identityaccess","entityType":"user-scope-grant","entityId":"a0eab56a-1cb9-43ec-ae0d-e449a348b657","action":"GRANT","actorId":"disclosure-fixture"}
{"@timestamp":"2026-09-05T05:01:08.875259Z","log":{"level":"INFO","logger":"com.mimococo.marketops.adminobservability.internal.audit.JdbcMetadataAuditStore"},"process":{"pid":871,"thread":{"name":"main"}},"service":{"name":"marketops-server","version":"0.1.0-SNAPSHOT","environment":"ci","node":{}},"message":"Metadata change recorded","ecs":{"version":"8.11"},"application":"marketops-server","environment":"ci","buildVersion":"0.1.0-SNAPSHOT","correlationId":"none","event":"metadata_change_recorded","sourceDomain":"identityaccess","entityType":"user-scope-grant","entityId":"a64bff69-7c54-4370-b6c4-dea42b6b22a8","action":"GRANT","actorId":"disclosure-fixture"}
{"@timestamp":"2026-09-05T05:01:09.297417Z","log":{"level":"INFO","logger":"com.mimococo.marketops.shared.internal.errors.ConsoleProblemAdvice"},"process":{"pid":871,"thread":{"name":"http-nio-127.0.0.1-auto-1-exec-1"}},"service":{"name":"marketops-server","version":"0.1.0-SNAPSHOT","environment":"ci","node":{}},"message":"Console request refused","ecs":{"version":"8.11"},"application":"marketops-server","environment":"ci","buildVersion":"0.1.0-SNAPSHOT","correlationId":"569c88d6-53fd-4181-acbc-462f3a531343","event":"console_request_refused","errorCode":"APPROVAL_EVIDENCE_SCOPE_BLOCKED"}
{"@timestamp":"2026-09-05T05:01:09.322972Z","log":{"level":"INFO","logger":"com.mimococo.marketops.shared.internal.correlation.CorrelationIdFilter"},"process":{"pid":871,"thread":{"name":"http-nio-127.0.0.1-auto-1-exec-1"}},"service":{"name":"marketops-server","version":"0.1.0-SNAPSHOT","environment":"ci","node":{}},"message":"Request completed","ecs":{"version":"8.11"},"application":"marketops-server","environment":"ci","buildVersion":"0.1.0-SNAPSHOT","correlationId":"569c88d6-53fd-4181-acbc-462f3a531343","event":"request_completed","status":403}
{"@timestamp":"2026-09-05T05:01:09.383646Z","log":{"level":"INFO","logger":"com.mimococo.marketops.shared.internal.correlation.CorrelationIdFilter"},"process":{"pid":871,"thread":{"name":"http-nio-127.0.0.1-auto-1-exec-2"}},"service":{"name":"marketops-server","version":"0.1.0-SNAPSHOT","environment":"ci","node":{}},"message":"Request completed","ecs":{"version":"8.11"},"application":"marketops-server","environment":"ci","buildVersion":"0.1.0-SNAPSHOT","correlationId":"fdc0f944-c7e6-4e4c-a2bd-e5dd9fb8b0c7","event":"request_completed","status":200}
{"@timestamp":"2026-09-05T05:01:09.404640Z","log":{"level":"INFO","logger":"com.mimococo.marketops.shared.internal.correlation.CorrelationIdFilter"},"process":{"pid":871,"thread":{"name":"http-nio-127.0.0.1-auto-1-exec-3"}},"service":{"name":"marketops-server","version":"0.1.0-SNAPSHOT","environment":"ci","node":{}},"message":"Request completed","ecs":{"version":"8.11"},"application":"marketops-server","environment":"ci","buildVersion":"0.1.0-SNAPSHOT","correlationId":"815af49f-86ab-49f7-820c-652eea9752ed","event":"request_completed","status":200}
{"@timestamp":"2026-09-05T05:01:09.499962Z","log":{"level":"INFO","logger":"com.mimococo.marketops.shared.internal.correlation.CorrelationIdFilter"},"process":{"pid":871,"thread":{"name":"http-nio-127.0.0.1-auto-1-exec-4"}},"service":{"name":"marketops-server","version":"0.1.0-SNAPSHOT","environment":"ci","node":{}},"message":"Request completed","ecs":{"version":"8.11"},"application":"marketops-server","environment":"ci","buildVersion":"0.1.0-SNAPSHOT","correlationId":"daf2edf7-5664-43ee-abaf-610d6ee82c44","event":"request_completed","status":200}
{"@timestamp":"2026-09-05T05:01:09.535310Z","log":{"level":"INFO","logger":"com.mimococo.marketops.shared.internal.errors.ConsoleProblemAdvice"},"process":{"pid":871,"thread":{"name":"http-nio-127.0.0.1-auto-1-exec-5"}},"service":{"name":"marketops-server","version":"0.1.0-SNAPSHOT","environment":"ci","node":{}},"message":"Console request refused","ecs":{"version":"8.11"},"application":"marketops-server","environment":"ci","buildVersion":"0.1.0-SNAPSHOT","correlationId":"ecee7f13-a0a1-43cd-9334-85db4bb167df","event":"console_request_refused","errorCode":"RESOURCE_SCOPE_DENIED"}
{"@timestamp":"2026-09-05T05:01:09.541554Z","log":{"level":"INFO","logger":"com.mimococo.marketops.shared.internal.correlation.CorrelationIdFilter"},"process":{"pid":871,"thread":{"name":"http-nio-127.0.0.1-auto-1-exec-5"}},"service":{"name":"marketops-server","version":"0.1.0-SNAPSHOT","environment":"ci","node":{}},"message":"Request completed","ecs":{"version":"8.11"},"application":"marketops-server","environment":"ci","buildVersion":"0.1.0-SNAPSHOT","correlationId":"ecee7f13-a0a1-43cd-9334-85db4bb167df","event":"request_completed","status":403}
{"@timestamp":"2026-09-05T05:01:09.562983Z","log":{"level":"INFO","logger":"com.mimococo.marketops.shared.internal.errors.ConsoleProblemAdvice"},"process":{"pid":871,"thread":{"name":"http-nio-127.0.0.1-auto-1-exec-6"}},"service":{"name":"marketops-server","version":"0.1.0-SNAPSHOT","environment":"ci","node":{}},"message":"Console request refused","ecs":{"version":"8.11"},"application":"marketops-server","environment":"ci","buildVersion":"0.1.0-SNAPSHOT","correlationId":"916c3556-70b7-49b6-88bf-9bd406edf6b2","event":"console_request_refused","errorCode":"RESOURCE_SCOPE_DENIED"}
{"@timestamp":"2026-09-05T05:01:09.564764Z","log":{"level":"INFO","logger":"com.mimococo.marketops.shared.internal.correlation.CorrelationIdFilter"},"process":{"pid":871,"thread":{"name":"http-nio-127.0.0.1-auto-1-exec-6"}},"service":{"name":"marketops-server","version":"0.1.0-SNAPSHOT","environment":"ci","node":{}},"message":"Request completed","ecs":{"version":"8.11"},"application":"marketops-server","environment":"ci","buildVersion":"0.1.0-SNAPSHOT","correlationId":"916c3556-70b7-49b6-88bf-9bd406edf6b2","event":"request_completed","status":403}
{"@timestamp":"2026-09-05T05:01:09.583122Z","log":{"level":"INFO","logger":"com.mimococo.marketops.shared.internal.errors.ConsoleProblemAdvice"},"process":{"pid":871,"thread":{"name":"http-nio-127.0.0.1-auto-1-exec-7"}},"service":{"name":"marketops-server","version":"0.1.0-SNAPSHOT","environment":"ci","node":{}},"message":"Console request refused","ecs":{"version":"8.11"},"application":"marketops-server","environment":"ci","buildVersion":"0.1.0-SNAPSHOT","correlationId":"9b524c3e-7613-46bf-bfc5-8129a99f01f5","event":"console_request_refused","errorCode":"RESOURCE_SCOPE_DENIED"}
{"@timestamp":"2026-09-05T05:01:09.584444Z","log":{"level":"INFO","logger":"com.mimococo.marketops.shared.internal.correlation.CorrelationIdFilter"},"process":{"pid":871,"thread":{"name":"http-nio-127.0.0.1-auto-1-exec-7"}},"service":{"name":"marketops-server","version":"0.1.0-SNAPSHOT","environment":"ci","node":{}},"message":"Request completed","ecs":{"version":"8.11"},"application":"marketops-server","environment":"ci","buildVersion":"0.1.0-SNAPSHOT","correlationId":"9b524c3e-7613-46bf-bfc5-8129a99f01f5","event":"request_completed","status":403}
{"@timestamp":"2026-09-05T05:01:09.601137Z","log":{"level":"INFO","logger":"com.mimococo.marketops.adminobservability.internal.audit.JdbcMetadataAuditStore"},"process":{"pid":871,"thread":{"name":"http-nio-127.0.0.1-auto-1-exec-8"}},"service":{"name":"marketops-server","version":"0.1.0-SNAPSHOT","environment":"ci","node":{}},"message":"Metadata change recorded","ecs":{"version":"8.11"},"application":"marketops-server","environment":"ci","buildVersion":"0.1.0-SNAPSHOT","correlationId":"d51a2f83-57ca-463d-ae88-f29b58837526","event":"metadata_change_recorded","sourceDomain":"advertisingefficiency","entityType":"advertising_reservations","entityId":"900d46f7-072c-47d0-930d-284ff341fee1","action":"READ","actorId":"9caf279f-f9c2-400f-ba05-53318c101362"}
{"@timestamp":"2026-09-05T05:01:09.612729Z","log":{"level":"INFO","logger":"com.mimococo.marketops.shared.internal.correlation.CorrelationIdFilter"},"process":{"pid":871,"thread":{"name":"http-nio-127.0.0.1-auto-1-exec-8"}},"service":{"name":"marketops-server","version":"0.1.0-SNAPSHOT","environment":"ci","node":{}},"message":"Request completed","ecs":{"version":"8.11"},"application":"marketops-server","environment":"ci","buildVersion":"0.1.0-SNAPSHOT","correlationId":"d51a2f83-57ca-463d-ae88-f29b58837526","event":"request_completed","status":200}
{"@timestamp":"2026-09-05T05:01:09.629423Z","log":{"level":"INFO","logger":"com.mimococo.marketops.adminobservability.internal.audit.JdbcMetadataAuditStore"},"process":{"pid":871,"thread":{"name":"http-nio-127.0.0.1-auto-1-exec-9"}},"service":{"name":"marketops-server","version":"0.1.0-SNAPSHOT","environment":"ci","node":{}},"message":"Metadata change recorded","ecs":{"version":"8.11"},"application":"marketops-server","environment":"ci","buildVersion":"0.1.0-SNAPSHOT","correlationId":"3bae8247-bebd-4944-95e2-f9a99ca8bb0d","event":"metadata_change_recorded","sourceDomain":"advertisingefficiency","entityType":"advertising_manual_packet","entityId":"00846537-5eac-40c8-9392-4eff84f1920e","action":"READ","actorId":"9caf279f-f9c2-400f-ba05-53318c101362"}
{"@timestamp":"2026-09-05T05:01:09.640245Z","log":{"level":"INFO","logger":"com.mimococo.marketops.shared.internal.correlation.CorrelationIdFilter"},"process":{"pid":871,"thread":{"name":"http-nio-127.0.0.1-auto-1-exec-9"}},"service":{"name":"marketops-server","version":"0.1.0-SNAPSHOT","environment":"ci","node":{}},"message":"Request completed","ecs":{"version":"8.11"},"application":"marketops-server","environment":"ci","buildVersion":"0.1.0-SNAPSHOT","correlationId":"3bae8247-bebd-4944-95e2-f9a99ca8bb0d","event":"request_completed","status":200}
{"@timestamp":"2026-09-05T05:01:09.646994Z","log":{"level":"INFO","logger":"com.mimococo.marketops.adminobservability.internal.audit.JdbcMetadataAuditStore"},"process":{"pid":871,"thread":{"name":"main"}},"service":{"name":"marketops-server","version":"0.1.0-SNAPSHOT","environment":"ci","node":{}},"message":"Metadata change recorded","ecs":{"version":"8.11"},"application":"marketops-server","environment":"ci","buildVersion":"0.1.0-SNAPSHOT","correlationId":"none","event":"metadata_change_recorded","sourceDomain":"identityaccess","entityType":"user-scope-grant","entityId":"6881576d-39f0-4767-ac2d-719739b81479","action":"GRANT","actorId":"disclosure-fixture"}
{"@timestamp":"2026-09-05T05:01:09.691740Z","log":{"level":"INFO","logger":"com.mimococo.marketops.shared.internal.correlation.CorrelationIdFilter"},"process":{"pid":871,"thread":{"name":"http-nio-127.0.0.1-auto-1-exec-10"}},"service":{"name":"marketops-server","version":"0.1.0-SNAPSHOT","environment":"ci","node":{}},"message":"Request completed","ecs":{"version":"8.11"},"application":"marketops-server","environment":"ci","buildVersion":"0.1.0-SNAPSHOT","correlationId":"221641fa-237d-492e-bf3e-34b1e5b8d681","event":"request_completed","status":200}
{"@timestamp":"2026-09-05T05:01:09.727706Z","log":{"level":"INFO","logger":"com.mimococo.marketops.shared.internal.correlation.CorrelationIdFilter"},"process":{"pid":871,"thread":{"name":"http-nio-127.0.0.1-auto-1-exec-1"}},"service":{"name":"marketops-server","version":"0.1.0-SNAPSHOT","environment":"ci","node":{}},"message":"Request completed","ecs":{"version":"8.11"},"application":"marketops-server","environment":"ci","buildVersion":"0.1.0-SNAPSHOT","correlationId":"3fcfab6f-0cd3-4cb4-a777-8de67bce3dfa","event":"request_completed","status":200}
{"@timestamp":"2026-09-05T05:01:09.741230Z","log":{"level":"INFO","logger":"com.mimococo.marketops.shared.internal.correlation.CorrelationIdFilter"},"process":{"pid":871,"thread":{"name":"http-nio-127.0.0.1-auto-1-exec-2"}},"service":{"name":"marketops-server","version":"0.1.0-SNAPSHOT","environment":"ci","node":{}},"message":"Request completed","ecs":{"version":"8.11"},"application":"marketops-server","environment":"ci","buildVersion":"0.1.0-SNAPSHOT","correlationId":"b8d3be28-d565-4eb0-94de-396b66c8b3ef","event":"request_completed","status":200}
{"@timestamp":"2026-09-05T05:01:09.833003Z","log":{"level":"INFO","logger":"com.mimococo.marketops.shared.internal.correlation.CorrelationIdFilter"},"process":{"pid":871,"thread":{"name":"http-nio-127.0.0.1-auto-1-exec-3"}},"service":{"name":"marketops-server","version":"0.1.0-SNAPSHOT","environment":"ci","node":{}},"message":"Request completed","ecs":{"version":"8.11"},"application":"marketops-server","environment":"ci","buildVersion":"0.1.0-SNAPSHOT","correlationId":"520a55a0-7233-44e9-9bb1-b2c631e90b58","event":"request_completed","status":200}
{"@timestamp":"2026-09-05T05:01:09.878107Z","log":{"level":"INFO","logger":"com.mimococo.marketops.adminobservability.internal.audit.JdbcMetadataAuditStore"},"process":{"pid":871,"thread":{"name":"http-nio-127.0.0.1-auto-1-exec-4"}},"service":{"name":"marketops-server","version":"0.1.0-SNAPSHOT","environment":"ci","node":{}},"message":"Metadata change recorded","ecs":{"version":"8.11"},"application":"marketops-server","environment":"ci","buildVersion":"0.1.0-SNAPSHOT","correlationId":"1475ebed-faad-47ba-9a9c-802b1d212203","event":"metadata_change_recorded","sourceDomain":"advertisingefficiency","entityType":"advertising_command","entityId":"f87b4842-f54a-4c48-9e48-f087047c2ee8","action":"READ","actorId":"9caf279f-f9c2-400f-ba05-53318c101362"}
{"@timestamp":"2026-09-05T05:01:09.907919Z","log":{"level":"INFO","logger":"com.mimococo.marketops.shared.internal.correlation.CorrelationIdFilter"},"process":{"pid":871,"thread":{"name":"http-nio-127.0.0.1-auto-1-exec-4"}},"service":{"name":"marketops-server","version":"0.1.0-SNAPSHOT","environment":"ci","node":{}},"message":"Request completed","ecs":{"version":"8.11"},"application":"marketops-server","environment":"ci","buildVersion":"0.1.0-SNAPSHOT","correlationId":"1475ebed-faad-47ba-9a9c-802b1d212203","event":"request_completed","status":200}
{"@timestamp":"2026-09-05T05:01:09.930881Z","log":{"level":"INFO","logger":"com.mimococo.marketops.adminobservability.internal.audit.JdbcMetadataAuditStore"},"process":{"pid":871,"thread":{"name":"http-nio-127.0.0.1-auto-1-exec-5"}},"service":{"name":"marketops-server","version":"0.1.0-SNAPSHOT","environment":"ci","node":{}},"message":"Metadata change recorded","ecs":{"version":"8.11"},"application":"marketops-server","environment":"ci","buildVersion":"0.1.0-SNAPSHOT","correlationId":"5ef0a217-69ff-425a-a941-d0e6369e9f6a","event":"metadata_change_recorded","sourceDomain":"advertisingefficiency","entityType":"advertising_outcome","entityId":"f87b4842-f54a-4c48-9e48-f087047c2ee8","action":"READ","actorId":"9caf279f-f9c2-400f-ba05-53318c101362"}
{"@timestamp":"2026-09-05T05:01:09.932738Z","log":{"level":"INFO","logger":"com.mimococo.marketops.shared.internal.correlation.CorrelationIdFilter"},"process":{"pid":871,"thread":{"name":"http-nio-127.0.0.1-auto-1-exec-5"}},"service":{"name":"marketops-server","version":"0.1.0-SNAPSHOT","environment":"ci","node":{}},"message":"Request completed","ecs":{"version":"8.11"},"application":"marketops-server","environment":"ci","buildVersion":"0.1.0-SNAPSHOT","correlationId":"5ef0a217-69ff-425a-a941-d0e6369e9f6a","event":"request_completed","status":200}
{"@timestamp":"2026-09-05T05:01:09.952441Z","log":{"level":"INFO","logger":"com.mimococo.marketops.shared.internal.correlation.CorrelationIdFilter"},"process":{"pid":871,"thread":{"name":"http-nio-127.0.0.1-auto-1-exec-6"}},"service":{"name":"marketops-server","version":"0.1.0-SNAPSHOT","environment":"ci","node":{}},"message":"Request completed","ecs":{"version":"8.11"},"application":"marketops-server","environment":"ci","buildVersion":"0.1.0-SNAPSHOT","correlationId":"dbd56a04-a935-4b6e-9c99-d6eb9c80abc7","event":"request_completed","status":200}
{"@timestamp":"2026-09-05T05:01:09.963973Z","log":{"level":"INFO","logger":"com.mimococo.marketops.adminobservability.internal.audit.JdbcMetadataAuditStore"},"process":{"pid":871,"thread":{"name":"http-nio-127.0.0.1-auto-1-exec-7"}},"service":{"name":"marketops-server","version":"0.1.0-SNAPSHOT","environment":"ci","node":{}},"message":"Metadata change recorded","ecs":{"version":"8.11"},"application":"marketops-server","environment":"ci","buildVersion":"0.1.0-SNAPSHOT","correlationId":"6f67a6f9-2a8a-4c5e-b0a1-fbaff363b910","event":"metadata_change_recorded","sourceDomain":"advertisingefficiency","entityType":"advertising_reservations","entityId":"900d46f7-072c-47d0-930d-284ff341fee1","action":"READ","actorId":"9caf279f-f9c2-400f-ba05-53318c101362"}
{"@timestamp":"2026-09-05T05:01:09.978273Z","log":{"level":"INFO","logger":"com.mimococo.marketops.shared.internal.correlation.CorrelationIdFilter"},"process":{"pid":871,"thread":{"name":"http-nio-127.0.0.1-auto-1-exec-7"}},"service":{"name":"marketops-server","version":"0.1.0-SNAPSHOT","environment":"ci","node":{}},"message":"Request completed","ecs":{"version":"8.11"},"application":"marketops-server","environment":"ci","buildVersion":"0.1.0-SNAPSHOT","correlationId":"6f67a6f9-2a8a-4c5e-b0a1-fbaff363b910","event":"request_completed","status":200}
{"@timestamp":"2026-09-05T05:01:09.995158Z","log":{"level":"INFO","logger":"com.mimococo.marketops.adminobservability.internal.audit.JdbcMetadataAuditStore"},"process":{"pid":871,"thread":{"name":"http-nio-127.0.0.1-auto-1-exec-8"}},"service":{"name":"marketops-server","version":"0.1.0-SNAPSHOT","environment":"ci","node":{}},"message":"Metadata change recorded","ecs":{"version":"8.11"},"application":"marketops-server","environment":"ci","buildVersion":"0.1.0-SNAPSHOT","correlationId":"6a2bfb78-ee5a-4d3a-85cc-057157a0b5da","event":"metadata_change_recorded","sourceDomain":"advertisingefficiency","entityType":"advertising_manual_packet","entityId":"00846537-5eac-40c8-9392-4eff84f1920e","action":"READ","actorId":"9caf279f-f9c2-400f-ba05-53318c101362"}
{"@timestamp":"2026-09-05T05:01:10.025537Z","log":{"level":"INFO","logger":"com.mimococo.marketops.shared.internal.correlation.CorrelationIdFilter"},"process":{"pid":871,"thread":{"name":"http-nio-127.0.0.1-auto-1-exec-8"}},"service":{"name":"marketops-server","version":"0.1.0-SNAPSHOT","environment":"ci","node":{}},"message":"Request completed","ecs":{"version":"8.11"},"application":"marketops-server","environment":"ci","buildVersion":"0.1.0-SNAPSHOT","correlationId":"6a2bfb78-ee5a-4d3a-85cc-057157a0b5da","event":"request_completed","status":200}
{"@timestamp":"2026-09-05T05:01:10.034606Z","log":{"level":"INFO","logger":"com.mimococo.marketops.adminobservability.internal.audit.JdbcMetadataAuditStore"},"process":{"pid":871,"thread":{"name":"main"}},"service":{"name":"marketops-server","version":"0.1.0-SNAPSHOT","environment":"ci","node":{}},"message":"Metadata change recorded","ecs":{"version":"8.11"},"application":"marketops-server","environment":"ci","buildVersion":"0.1.0-SNAPSHOT","correlationId":"none","event":"metadata_change_recorded","sourceDomain":"identityaccess","entityType":"user-scope-grant","entityId":"6881576d-39f0-4767-ac2d-719739b81479","action":"REVOKE","actorId":"disclosure-fixture"}
{"@timestamp":"2026-09-05T05:01:10.057841Z","log":{"level":"INFO","logger":"com.mimococo.marketops.shared.internal.errors.ConsoleProblemAdvice"},"process":{"pid":871,"thread":{"name":"http-nio-127.0.0.1-auto-1-exec-9"}},"service":{"name":"marketops-server","version":"0.1.0-SNAPSHOT","environment":"ci","node":{}},"message":"Console request refused","ecs":{"version":"8.11"},"application":"marketops-server","environment":"ci","buildVersion":"0.1.0-SNAPSHOT","correlationId":"5a257cee-0dc6-4d26-93c8-a6f03c0744ac","event":"console_request_refused","errorCode":"APPROVAL_EVIDENCE_SCOPE_BLOCKED"}
{"@timestamp":"2026-09-05T05:01:10.059487Z","log":{"level":"INFO","logger":"com.mimococo.marketops.shared.internal.correlation.CorrelationIdFilter"},"process":{"pid":871,"thread":{"name":"http-nio-127.0.0.1-auto-1-exec-9"}},"service":{"name":"marketops-server","version":"0.1.0-SNAPSHOT","environment":"ci","node":{}},"message":"Request completed","ecs":{"version":"8.11"},"application":"marketops-server","environment":"ci","buildVersion":"0.1.0-SNAPSHOT","correlationId":"5a257cee-0dc6-4d26-93c8-a6f03c0744ac","event":"request_completed","status":403}
{"@timestamp":"2026-09-05T05:01:10.091556Z","log":{"level":"INFO","logger":"com.mimococo.marketops.shared.internal.correlation.CorrelationIdFilter"},"process":{"pid":871,"thread":{"name":"http-nio-127.0.0.1-auto-1-exec-10"}},"service":{"name":"marketops-server","version":"0.1.0-SNAPSHOT","environment":"ci","node":{}},"message":"Request completed","ecs":{"version":"8.11"},"application":"marketops-server","environment":"ci","buildVersion":"0.1.0-SNAPSHOT","correlationId":"91933b33-6d22-4fd5-b2af-0eb5648791b4","event":"request_completed","status":200}
{"@timestamp":"2026-09-05T05:01:10.143293Z","log":{"level":"INFO","logger":"com.mimococo.marketops.shared.internal.correlation.CorrelationIdFilter"},"process":{"pid":871,"thread":{"name":"http-nio-127.0.0.1-auto-1-exec-1"}},"service":{"name":"marketops-server","version":"0.1.0-SNAPSHOT","environment":"ci","node":{}},"message":"Request completed","ecs":{"version":"8.11"},"application":"marketops-server","environment":"ci","buildVersion":"0.1.0-SNAPSHOT","correlationId":"ffae0e52-0145-49c3-a2a8-af68129bbd47","event":"request_completed","status":200}
{"@timestamp":"2026-09-05T05:01:10.169087Z","log":{"level":"INFO","logger":"com.mimococo.marketops.shared.internal.errors.ConsoleProblemAdvice"},"process":{"pid":871,"thread":{"name":"http-nio-127.0.0.1-auto-1-exec-2"}},"service":{"name":"marketops-server","version":"0.1.0-SNAPSHOT","environment":"ci","node":{}},"message":"Console request refused","ecs":{"version":"8.11"},"application":"marketops-server","environment":"ci","buildVersion":"0.1.0-SNAPSHOT","correlationId":"37eca6c6-e15e-4272-a143-537d9d6cca7a","event":"console_request_refused","errorCode":"RESOURCE_SCOPE_DENIED"}
{"@timestamp":"2026-09-05T05:01:10.169948Z","log":{"level":"INFO","logger":"com.mimococo.marketops.shared.internal.correlation.CorrelationIdFilter"},"process":{"pid":871,"thread":{"name":"http-nio-127.0.0.1-auto-1-exec-2"}},"service":{"name":"marketops-server","version":"0.1.0-SNAPSHOT","environment":"ci","node":{}},"message":"Request completed","ecs":{"version":"8.11"},"application":"marketops-server","environment":"ci","buildVersion":"0.1.0-SNAPSHOT","correlationId":"37eca6c6-e15e-4272-a143-537d9d6cca7a","event":"request_completed","status":403}
{"@timestamp":"2026-09-05T05:01:10.179427Z","log":{"level":"INFO","logger":"com.mimococo.marketops.adminobservability.internal.audit.JdbcMetadataAuditStore"},"process":{"pid":871,"thread":{"name":"http-nio-127.0.0.1-auto-1-exec-3"}},"service":{"name":"marketops-server","version":"0.1.0-SNAPSHOT","environment":"ci","node":{}},"message":"Metadata change recorded","ecs":{"version":"8.11"},"application":"marketops-server","environment":"ci","buildVersion":"0.1.0-SNAPSHOT","correlationId":"dea868de-3263-465b-b1e6-aa3682bdbd4d","event":"metadata_change_recorded","sourceDomain":"advertisingefficiency","entityType":"advertising_reservations","entityId":"900d46f7-072c-47d0-930d-284ff341fee1","action":"READ","actorId":"9caf279f-f9c2-400f-ba05-53318c101362"}
{"@timestamp":"2026-09-05T05:01:10.186249Z","log":{"level":"INFO","logger":"com.mimococo.marketops.shared.internal.correlation.CorrelationIdFilter"},"process":{"pid":871,"thread":{"name":"http-nio-127.0.0.1-auto-1-exec-3"}},"service":{"name":"marketops-server","version":"0.1.0-SNAPSHOT","environment":"ci","node":{}},"message":"Request completed","ecs":{"version":"8.11"},"application":"marketops-server","environment":"ci","buildVersion":"0.1.0-SNAPSHOT","correlationId":"dea868de-3263-465b-b1e6-aa3682bdbd4d","event":"request_completed","status":200}
{"@timestamp":"2026-09-05T05:01:10.374068Z","log":{"level":"INFO","logger":"com.mimococo.marketops.adminobservability.internal.audit.JdbcMetadataAuditStore"},"process":{"pid":871,"thread":{"name":"main"}},"service":{"name":"marketops-server","version":"0.1.0-SNAPSHOT","environment":"ci","node":{}},"message":"Metadata change recorded","ecs":{"version":"8.11"},"application":"marketops-server","environment":"ci","buildVersion":"0.1.0-SNAPSHOT","correlationId":"none","event":"metadata_change_recorded","sourceDomain":"identityaccess","entityType":"user-role-assignment","entityId":"de364274-6ab9-4caf-8e53-6eb034124841","action":"GRANT","actorId":"disclosure-fixture"}
{"@timestamp":"2026-09-05T05:01:10.376692Z","log":{"level":"INFO","logger":"com.mimococo.marketops.adminobservability.internal.audit.JdbcMetadataAuditStore"},"process":{"pid":871,"thread":{"name":"main"}},"service":{"name":"marketops-server","version":"0.1.0-SNAPSHOT","environment":"ci","node":{}},"message":"Metadata change recorded","ecs":{"version":"8.11"},"application":"marketops-server","environment":"ci","buildVersion":"0.1.0-SNAPSHOT","correlationId":"none","event":"metadata_change_recorded","sourceDomain":"identityaccess","entityType":"user-role-assignment","entityId":"44d7b725-aa73-43a7-92ed-b902e1f10ff9","action":"GRANT","actorId":"disclosure-fixture"}
{"@timestamp":"2026-09-05T05:01:10.379496Z","log":{"level":"INFO","logger":"com.mimococo.marketops.adminobservability.internal.audit.JdbcMetadataAuditStore"},"process":{"pid":871,"thread":{"name":"main"}},"service":{"name":"marketops-server","version":"0.1.0-SNAPSHOT","environment":"ci","node":{}},"message":"Metadata change recorded","ecs":{"version":"8.11"},"application":"marketops-server","environment":"ci","buildVersion":"0.1.0-SNAPSHOT","correlationId":"none","event":"metadata_change_recorded","sourceDomain":"identityaccess","entityType":"user-scope-grant","entityId":"1dcae241-e831-4aa9-9ff9-a030911e8de5","action":"GRANT","actorId":"disclosure-fixture"}
{"@timestamp":"2026-09-05T05:01:10.381977Z","log":{"level":"INFO","logger":"com.mimococo.marketops.adminobservability.internal.audit.JdbcMetadataAuditStore"},"process":{"pid":871,"thread":{"name":"main"}},"service":{"name":"marketops-server","version":"0.1.0-SNAPSHOT","environment":"ci","node":{}},"message":"Metadata change recorded","ecs":{"version":"8.11"},"application":"marketops-server","environment":"ci","buildVersion":"0.1.0-SNAPSHOT","correlationId":"none","event":"metadata_change_recorded","sourceDomain":"identityaccess","entityType":"user-scope-grant","entityId":"ba8bdcde-9ebd-48cd-9f6d-b20feea44eeb","action":"GRANT","actorId":"disclosure-fixture"}
{"@timestamp":"2026-09-05T05:01:10.535520Z","log":{"level":"INFO","logger":"com.mimococo.marketops.adminobservability.internal.audit.JdbcMetadataAuditStore"},"process":{"pid":871,"thread":{"name":"main"}},"service":{"name":"marketops-server","version":"0.1.0-SNAPSHOT","environment":"ci","node":{}},"message":"Metadata change recorded","ecs":{"version":"8.11"},"application":"marketops-server","environment":"ci","buildVersion":"0.1.0-SNAPSHOT","correlationId":"none","event":"metadata_change_recorded","sourceDomain":"identityaccess","entityType":"user-scope-grant","entityId":"f52aa646-a722-48d2-a192-c9c7a188d21c","action":"GRANT","actorId":"unknown-disclosure-fixture"}
{"@timestamp":"2026-09-05T05:01:10.538669Z","log":{"level":"INFO","logger":"com.mimococo.marketops.adminobservability.internal.audit.JdbcMetadataAuditStore"},"process":{"pid":871,"thread":{"name":"main"}},"service":{"name":"marketops-server","version":"0.1.0-SNAPSHOT","environment":"ci","node":{}},"message":"Metadata change recorded","ecs":{"version":"8.11"},"application":"marketops-server","environment":"ci","buildVersion":"0.1.0-SNAPSHOT","correlationId":"none","event":"metadata_change_recorded","sourceDomain":"identityaccess","entityType":"user-scope-grant","entityId":"823c0681-236d-4e11-af7d-cd29d094117c","action":"GRANT","actorId":"unknown-disclosure-fixture"}
{"@timestamp":"2026-09-05T05:01:10.819235Z","log":{"level":"INFO","logger":"com.mimococo.marketops.adminobservability.internal.audit.JdbcMetadataAuditStore"},"process":{"pid":871,"thread":{"name":"main"}},"service":{"name":"marketops-server","version":"0.1.0-SNAPSHOT","environment":"ci","node":{}},"message":"Metadata change recorded","ecs":{"version":"8.11"},"application":"marketops-server","environment":"ci","buildVersion":"0.1.0-SNAPSHOT","correlationId":"none","event":"metadata_change_recorded","sourceDomain":"identityaccess","entityType":"user-role-assignment","entityId":"2a74daab-1d60-431f-8587-012e9a253c64","action":"GRANT","actorId":"disclosure-fixture"}
{"@timestamp":"2026-09-05T05:01:10.821807Z","log":{"level":"INFO","logger":"com.mimococo.marketops.adminobservability.internal.audit.JdbcMetadataAuditStore"},"process":{"pid":871,"thread":{"name":"main"}},"service":{"name":"marketops-server","version":"0.1.0-SNAPSHOT","environment":"ci","node":{}},"message":"Metadata change recorded","ecs":{"version":"8.11"},"application":"marketops-server","environment":"ci","buildVersion":"0.1.0-SNAPSHOT","correlationId":"none","event":"metadata_change_recorded","sourceDomain":"identityaccess","entityType":"user-role-assignment","entityId":"7ec77587-74ae-49e9-9b6e-b103aeb09e62","action":"GRANT","actorId":"disclosure-fixture"}
{"@timestamp":"2026-09-05T05:01:10.824271Z","log":{"level":"INFO","logger":"com.mimococo.marketops.adminobservability.internal.audit.JdbcMetadataAuditStore"},"process":{"pid":871,"thread":{"name":"main"}},"service":{"name":"marketops-server","version":"0.1.0-SNAPSHOT","environment":"ci","node":{}},"message":"Metadata change recorded","ecs":{"version":"8.11"},"application":"marketops-server","environment":"ci","buildVersion":"0.1.0-SNAPSHOT","correlationId":"none","event":"metadata_change_recorded","sourceDomain":"identityaccess","entityType":"user-scope-grant","entityId":"e693e956-f5a9-476f-ba65-73d9f540a3ab","action":"GRANT","actorId":"disclosure-fixture"}
{"@timestamp":"2026-09-05T05:01:10.826753Z","log":{"level":"INFO","logger":"com.mimococo.marketops.adminobservability.internal.audit.JdbcMetadataAuditStore"},"process":{"pid":871,"thread":{"name":"main"}},"service":{"name":"marketops-server","version":"0.1.0-SNAPSHOT","environment":"ci","node":{}},"message":"Metadata change recorded","ecs":{"version":"8.11"},"application":"marketops-server","environment":"ci","buildVersion":"0.1.0-SNAPSHOT","correlationId":"none","event":"metadata_change_recorded","sourceDomain":"identityaccess","entityType":"user-scope-grant","entityId":"13e6a02d-8f30-4c86-b072-380aeca2014e","action":"GRANT","actorId":"disclosure-fixture"}
{"@timestamp":"2026-09-05T05:01:10.849918Z","log":{"level":"INFO","logger":"com.mimococo.marketops.adminobservability.internal.audit.JdbcMetadataAuditStore"},"process":{"pid":871,"thread":{"name":"main"}},"service":{"name":"marketops-server","version":"0.1.0-SNAPSHOT","environment":"ci","node":{}},"message":"Metadata change recorded","ecs":{"version":"8.11"},"application":"marketops-server","environment":"ci","buildVersion":"0.1.0-SNAPSHOT","correlationId":"none","event":"metadata_change_recorded","sourceDomain":"identityaccess","entityType":"user-scope-grant","entityId":"2d3d3bd3-72b2-4044-b463-b953dd943b72","action":"GRANT","actorId":"disclosure-fixture"}
{"@timestamp":"2026-09-05T05:01:11.135717Z","log":{"level":"INFO","logger":"com.mimococo.marketops.adminobservability.internal.audit.JdbcMetadataAuditStore"},"process":{"pid":871,"thread":{"name":"main"}},"service":{"name":"marketops-server","version":"0.1.0-SNAPSHOT","environment":"ci","node":{}},"message":"Metadata change recorded","ecs":{"version":"8.11"},"application":"marketops-server","environment":"ci","buildVersion":"0.1.0-SNAPSHOT","correlationId":"none","event":"metadata_change_recorded","sourceDomain":"identityaccess","entityType":"user-role-assignment","entityId":"e64b6faf-77ff-47d0-88a0-0d78d022632c","action":"GRANT","actorId":"disclosure-fixture"}
{"@timestamp":"2026-09-05T05:01:11.138227Z","log":{"level":"INFO","logger":"com.mimococo.marketops.adminobservability.internal.audit.JdbcMetadataAuditStore"},"process":{"pid":871,"thread":{"name":"main"}},"service":{"name":"marketops-server","version":"0.1.0-SNAPSHOT","environment":"ci","node":{}},"message":"Metadata change recorded","ecs":{"version":"8.11"},"application":"marketops-server","environment":"ci","buildVersion":"0.1.0-SNAPSHOT","correlationId":"none","event":"metadata_change_recorded","sourceDomain":"identityaccess","entityType":"user-role-assignment","entityId":"0f9207e9-8fe7-431f-9790-5099ab25886f","action":"GRANT","actorId":"disclosure-fixture"}
{"@timestamp":"2026-09-05T05:01:11.141236Z","log":{"level":"INFO","logger":"com.mimococo.marketops.adminobservability.internal.audit.JdbcMetadataAuditStore"},"process":{"pid":871,"thread":{"name":"main"}},"service":{"name":"marketops-server","version":"0.1.0-SNAPSHOT","environment":"ci","node":{}},"message":"Metadata change recorded","ecs":{"version":"8.11"},"application":"marketops-server","environment":"ci","buildVersion":"0.1.0-SNAPSHOT","correlationId":"none","event":"metadata_change_recorded","sourceDomain":"identityaccess","entityType":"user-scope-grant","entityId":"6b5dac0a-057b-4c71-a204-ad96ff3cb88f","action":"GRANT","actorId":"disclosure-fixture"}
{"@timestamp":"2026-09-05T05:01:11.144136Z","log":{"level":"INFO","logger":"com.mimococo.marketops.adminobservability.internal.audit.JdbcMetadataAuditStore"},"process":{"pid":871,"thread":{"name":"main"}},"service":{"name":"marketops-server","version":"0.1.0-SNAPSHOT","environment":"ci","node":{}},"message":"Metadata change recorded","ecs":{"version":"8.11"},"application":"marketops-server","environment":"ci","buildVersion":"0.1.0-SNAPSHOT","correlationId":"none","event":"metadata_change_recorded","sourceDomain":"identityaccess","entityType":"user-scope-grant","entityId":"d05d3e45-b579-47c4-acc3-6f3c4d6abbdb","action":"GRANT","actorId":"disclosure-fixture"}
{"@timestamp":"2026-09-05T05:01:11.423484Z","log":{"level":"INFO","logger":"com.mimococo.marketops.adminobservability.internal.audit.JdbcMetadataAuditStore"},"process":{"pid":871,"thread":{"name":"main"}},"service":{"name":"marketops-server","version":"0.1.0-SNAPSHOT","environment":"ci","node":{}},"message":"Metadata change recorded","ecs":{"version":"8.11"},"application":"marketops-server","environment":"ci","buildVersion":"0.1.0-SNAPSHOT","correlationId":"none","event":"metadata_change_recorded","sourceDomain":"identityaccess","entityType":"user-role-assignment","entityId":"7c50a764-1663-46a1-acd8-2e6ee7c7c6c9","action":"GRANT","actorId":"disclosure-fixture"}
{"@timestamp":"2026-09-05T05:01:11.425780Z","log":{"level":"INFO","logger":"com.mimococo.marketops.adminobservability.internal.audit.JdbcMetadataAuditStore"},"process":{"pid":871,"thread":{"name":"main"}},"service":{"name":"marketops-server","version":"0.1.0-SNAPSHOT","environment":"ci","node":{}},"message":"Metadata change recorded","ecs":{"version":"8.11"},"application":"marketops-server","environment":"ci","buildVersion":"0.1.0-SNAPSHOT","correlationId":"none","event":"metadata_change_recorded","sourceDomain":"identityaccess","entityType":"user-role-assignment","entityId":"17eeedb9-a2c8-4295-a22e-cecaabe0fea6","action":"GRANT","actorId":"disclosure-fixture"}
{"@timestamp":"2026-09-05T05:01:11.428055Z","log":{"level":"INFO","logger":"com.mimococo.marketops.adminobservability.internal.audit.JdbcMetadataAuditStore"},"process":{"pid":871,"thread":{"name":"main"}},"service":{"name":"marketops-server","version":"0.1.0-SNAPSHOT","environment":"ci","node":{}},"message":"Metadata change recorded","ecs":{"version":"8.11"},"application":"marketops-server","environment":"ci","buildVersion":"0.1.0-SNAPSHOT","correlationId":"none","event":"metadata_change_recorded","sourceDomain":"identityaccess","entityType":"user-scope-grant","entityId":"1c02e987-9057-481b-807b-b37dab095fe1","action":"GRANT","actorId":"disclosure-fixture"}
{"@timestamp":"2026-09-05T05:01:11.430407Z","log":{"level":"INFO","logger":"com.mimococo.marketops.adminobservability.internal.audit.JdbcMetadataAuditStore"},"process":{"pid":871,"thread":{"name":"main"}},"service":{"name":"marketops-server","version":"0.1.0-SNAPSHOT","environment":"ci","node":{}},"message":"Metadata change recorded","ecs":{"version":"8.11"},"application":"marketops-server","environment":"ci","buildVersion":"0.1.0-SNAPSHOT","correlationId":"none","event":"metadata_change_recorded","sourceDomain":"identityaccess","entityType":"user-scope-grant","entityId":"1c8579ba-4255-4b38-bcfb-d9d5474267b7","action":"GRANT","actorId":"disclosure-fixture"}
{"@timestamp":"2026-09-05T05:01:11.605132Z","log":{"level":"INFO","logger":"com.mimococo.marketops.adminobservability.internal.audit.JdbcMetadataAuditStore"},"process":{"pid":871,"thread":{"name":"main"}},"service":{"name":"marketops-server","version":"0.1.0-SNAPSHOT","environment":"ci","node":{}},"message":"Metadata change recorded","ecs":{"version":"8.11"},"application":"marketops-server","environment":"ci","buildVersion":"0.1.0-SNAPSHOT","correlationId":"none","event":"metadata_change_recorded","sourceDomain":"identityaccess","entityType":"user-role-assignment","entityId":"b7c2fe8e-6537-44ba-8d6d-5fc37ad5d308","action":"GRANT","actorId":"disclosure-fixture"}
{"@timestamp":"2026-09-05T05:01:11.607461Z","log":{"level":"INFO","logger":"com.mimococo.marketops.adminobservability.internal.audit.JdbcMetadataAuditStore"},"process":{"pid":871,"thread":{"name":"main"}},"service":{"name":"marketops-server","version":"0.1.0-SNAPSHOT","environment":"ci","node":{}},"message":"Metadata change recorded","ecs":{"version":"8.11"},"application":"marketops-server","environment":"ci","buildVersion":"0.1.0-SNAPSHOT","correlationId":"none","event":"metadata_change_recorded","sourceDomain":"identityaccess","entityType":"user-role-assignment","entityId":"dc2b498f-a062-4361-92e9-c656ad3f5179","action":"GRANT","actorId":"disclosure-fixture"}
{"@timestamp":"2026-09-05T05:01:11.610371Z","log":{"level":"INFO","logger":"com.mimococo.marketops.adminobservability.internal.audit.JdbcMetadataAuditStore"},"process":{"pid":871,"thread":{"name":"main"}},"service":{"name":"marketops-server","version":"0.1.0-SNAPSHOT","environment":"ci","node":{}},"message":"Metadata change recorded","ecs":{"version":"8.11"},"application":"marketops-server","environment":"ci","buildVersion":"0.1.0-SNAPSHOT","correlationId":"none","event":"metadata_change_recorded","sourceDomain":"identityaccess","entityType":"user-scope-grant","entityId":"b860015a-d12a-40f7-ac22-260c7a4acd59","action":"GRANT","actorId":"disclosure-fixture"}
{"@timestamp":"2026-09-05T05:01:11.613049Z","log":{"level":"INFO","logger":"com.mimococo.marketops.adminobservability.internal.audit.JdbcMetadataAuditStore"},"process":{"pid":871,"thread":{"name":"main"}},"service":{"name":"marketops-server","version":"0.1.0-SNAPSHOT","environment":"ci","node":{}},"message":"Metadata change recorded","ecs":{"version":"8.11"},"application":"marketops-server","environment":"ci","buildVersion":"0.1.0-SNAPSHOT","correlationId":"none","event":"metadata_change_recorded","sourceDomain":"identityaccess","entityType":"user-scope-grant","entityId":"764840a9-7f1e-4ca6-b75e-d2379bdbba53","action":"GRANT","actorId":"disclosure-fixture"}
{"@timestamp":"2026-09-05T05:01:11.754574Z","log":{"level":"INFO","logger":"com.mimococo.marketops.adminobservability.internal.audit.JdbcMetadataAuditStore"},"process":{"pid":871,"thread":{"name":"main"}},"service":{"name":"marketops-server","version":"0.1.0-SNAPSHOT","environment":"ci","node":{}},"message":"Metadata change recorded","ecs":{"version":"8.11"},"application":"marketops-server","environment":"ci","buildVersion":"0.1.0-SNAPSHOT","correlationId":"none","event":"metadata_change_recorded","sourceDomain":"identityaccess","entityType":"user-role-assignment","entityId":"8eea3640-4c1f-4082-bdd2-ede89799ab7b","action":"GRANT","actorId":"manual-disclosure-fixture"}
{"@timestamp":"2026-09-05T05:01:11.757587Z","log":{"level":"INFO","logger":"com.mimococo.marketops.adminobservability.internal.audit.JdbcMetadataAuditStore"},"process":{"pid":871,"thread":{"name":"main"}},"service":{"name":"marketops-server","version":"0.1.0-SNAPSHOT","environment":"ci","node":{}},"message":"Metadata change recorded","ecs":{"version":"8.11"},"application":"marketops-server","environment":"ci","buildVersion":"0.1.0-SNAPSHOT","correlationId":"none","event":"metadata_change_recorded","sourceDomain":"identityaccess","entityType":"user-scope-grant","entityId":"a7177662-9810-4334-8d22-1b2a1fb59eb6","action":"GRANT","actorId":"manual-disclosure-fixture"}
{"@timestamp":"2026-09-05T05:01:11.760405Z","log":{"level":"INFO","logger":"com.mimococo.marketops.adminobservability.internal.audit.JdbcMetadataAuditStore"},"process":{"pid":871,"thread":{"name":"main"}},"service":{"name":"marketops-server","version":"0.1.0-SNAPSHOT","environment":"ci","node":{}},"message":"Metadata change recorded","ecs":{"version":"8.11"},"application":"marketops-server","environment":"ci","buildVersion":"0.1.0-SNAPSHOT","correlationId":"none","event":"metadata_change_recorded","sourceDomain":"identityaccess","entityType":"user-scope-grant","entityId":"c295d212-ccd2-4fb0-b358-0a28cafffb7d","action":"GRANT","actorId":"manual-disclosure-fixture"}
{"@timestamp":"2026-09-05T05:01:11.871369Z","log":{"level":"INFO","logger":"com.mimococo.marketops.shared.internal.correlation.CorrelationIdFilter"},"process":{"pid":871,"thread":{"name":"http-nio-127.0.0.1-auto-1-exec-9"}},"service":{"name":"marketops-server","version":"0.1.0-SNAPSHOT","environment":"ci","node":{}},"message":"Request completed","ecs":{"version":"8.11"},"application":"marketops-server","environment":"ci","buildVersion":"0.1.0-SNAPSHOT","correlationId":"25db1027-a7f9-4b2f-87f3-c06d76637bad","event":"request_completed","status":200}
{"@timestamp":"2026-09-05T05:01:11.878738Z","log":{"level":"INFO","logger":"com.mimococo.marketops.adminobservability.internal.audit.JdbcMetadataAuditStore"},"process":{"pid":871,"thread":{"name":"main"}},"service":{"name":"marketops-server","version":"0.1.0-SNAPSHOT","environment":"ci","node":{}},"message":"Metadata change recorded","ecs":{"version":"8.11"},"application":"marketops-server","environment":"ci","buildVersion":"0.1.0-SNAPSHOT","correlationId":"none","event":"metadata_change_recorded","sourceDomain":"identityaccess","entityType":"user-scope-grant","entityId":"1b618425-93dd-4751-829e-96c3b727c955","action":"GRANT","actorId":"manual-disclosure-fixture"}
{"@timestamp":"2026-09-05T05:01:11.908499Z","log":{"level":"INFO","logger":"com.mimococo.marketops.shared.internal.correlation.CorrelationIdFilter"},"process":{"pid":871,"thread":{"name":"http-nio-127.0.0.1-auto-1-exec-10"}},"service":{"name":"marketops-server","version":"0.1.0-SNAPSHOT","environment":"ci","node":{}},"message":"Request completed","ecs":{"version":"8.11"},"application":"marketops-server","environment":"ci","buildVersion":"0.1.0-SNAPSHOT","correlationId":"aac4bb3c-77b2-41da-914b-19be685c3900","event":"request_completed","status":200}
{"@timestamp":"2026-09-05T05:01:11.913044Z","log":{"level":"INFO","logger":"com.mimococo.marketops.adminobservability.internal.audit.JdbcMetadataAuditStore"},"process":{"pid":871,"thread":{"name":"main"}},"service":{"name":"marketops-server","version":"0.1.0-SNAPSHOT","environment":"ci","node":{}},"message":"Metadata change recorded","ecs":{"version":"8.11"},"application":"marketops-server","environment":"ci","buildVersion":"0.1.0-SNAPSHOT","correlationId":"none","event":"metadata_change_recorded","sourceDomain":"identityaccess","entityType":"user-scope-grant","entityId":"1b618425-93dd-4751-829e-96c3b727c955","action":"REVOKE","actorId":"manual-disclosure-fixture"}
{"@timestamp":"2026-09-05T05:01:11.936098Z","log":{"level":"INFO","logger":"com.mimococo.marketops.shared.internal.correlation.CorrelationIdFilter"},"process":{"pid":871,"thread":{"name":"http-nio-127.0.0.1-auto-1-exec-2"}},"service":{"name":"marketops-server","version":"0.1.0-SNAPSHOT","environment":"ci","node":{}},"message":"Request completed","ecs":{"version":"8.11"},"application":"marketops-server","environment":"ci","buildVersion":"0.1.0-SNAPSHOT","correlationId":"3f2833be-f2a6-45bd-b913-15aab989cae9","event":"request_completed","status":200}
{"@timestamp":"2026-09-05T05:01:11.944894Z","log":{"level":"INFO","logger":"com.mimococo.marketops.adminobservability.internal.audit.JdbcMetadataAuditStore"},"process":{"pid":871,"thread":{"name":"main"}},"service":{"name":"marketops-server","version":"0.1.0-SNAPSHOT","environment":"ci","node":{}},"message":"Metadata change recorded","ecs":{"version":"8.11"},"application":"marketops-server","environment":"ci","buildVersion":"0.1.0-SNAPSHOT","correlationId":"none","event":"metadata_change_recorded","sourceDomain":"identityaccess","entityType":"user-scope-grant","entityId":"99201cee-ccc8-4fbb-a5d9-49e08e0a7f35","action":"GRANT","actorId":"manual-disclosure-fixture"}
{"@timestamp":"2026-09-05T05:01:11.995962Z","log":{"level":"INFO","logger":"com.mimococo.marketops.shared.internal.correlation.CorrelationIdFilter"},"process":{"pid":871,"thread":{"name":"http-nio-127.0.0.1-auto-1-exec-1"}},"service":{"name":"marketops-server","version":"0.1.0-SNAPSHOT","environment":"ci","node":{}},"message":"Request completed","ecs":{"version":"8.11"},"application":"marketops-server","environment":"ci","buildVersion":"0.1.0-SNAPSHOT","correlationId":"067ad961-e191-4037-9f17-5c988dfbcffc","event":"request_completed","status":200}
{"@timestamp":"2026-09-05T05:01:12.190749Z","log":{"level":"INFO","logger":"com.mimococo.marketops.adminobservability.internal.audit.JdbcMetadataAuditStore"},"process":{"pid":871,"thread":{"name":"main"}},"service":{"name":"marketops-server","version":"0.1.0-SNAPSHOT","environment":"ci","node":{}},"message":"Metadata change recorded","ecs":{"version":"8.11"},"application":"marketops-server","environment":"ci","buildVersion":"0.1.0-SNAPSHOT","correlationId":"none","event":"metadata_change_recorded","sourceDomain":"identityaccess","entityType":"user-role-assignment","entityId":"70bb7c2b-c0dd-4c3c-a4ce-fe39c982a440","action":"GRANT","actorId":"disclosure-fixture"}
{"@timestamp":"2026-09-05T05:01:12.193589Z","log":{"level":"INFO","logger":"com.mimococo.marketops.adminobservability.internal.audit.JdbcMetadataAuditStore"},"process":{"pid":871,"thread":{"name":"main"}},"service":{"name":"marketops-server","version":"0.1.0-SNAPSHOT","environment":"ci","node":{}},"message":"Metadata change recorded","ecs":{"version":"8.11"},"application":"marketops-server","environment":"ci","buildVersion":"0.1.0-SNAPSHOT","correlationId":"none","event":"metadata_change_recorded","sourceDomain":"identityaccess","entityType":"user-role-assignment","entityId":"6a744b63-411c-4a78-8458-143cfb40bcfb","action":"GRANT","actorId":"disclosure-fixture"}
{"@timestamp":"2026-09-05T05:01:12.196837Z","log":{"level":"INFO","logger":"com.mimococo.marketops.adminobservability.internal.audit.JdbcMetadataAuditStore"},"process":{"pid":871,"thread":{"name":"main"}},"service":{"name":"marketops-server","version":"0.1.0-SNAPSHOT","environment":"ci","node":{}},"message":"Metadata change recorded","ecs":{"version":"8.11"},"application":"marketops-server","environment":"ci","buildVersion":"0.1.0-SNAPSHOT","correlationId":"none","event":"metadata_change_recorded","sourceDomain":"identityaccess","entityType":"user-scope-grant","entityId":"0113dca9-00f7-4772-aff9-6c1513ac3a10","action":"GRANT","actorId":"disclosure-fixture"}
{"@timestamp":"2026-09-05T05:01:12.199446Z","log":{"level":"INFO","logger":"com.mimococo.marketops.adminobservability.internal.audit.JdbcMetadataAuditStore"},"process":{"pid":871,"thread":{"name":"main"}},"service":{"name":"marketops-server","version":"0.1.0-SNAPSHOT","environment":"ci","node":{}},"message":"Metadata change recorded","ecs":{"version":"8.11"},"application":"marketops-server","environment":"ci","buildVersion":"0.1.0-SNAPSHOT","correlationId":"none","event":"metadata_change_recorded","sourceDomain":"identityaccess","entityType":"user-scope-grant","entityId":"6c8df7e4-c998-46bf-ae98-bb053e1cfc90","action":"GRANT","actorId":"disclosure-fixture"}
{"@timestamp":"2026-09-05T05:01:12.219374Z","log":{"level":"INFO","logger":"com.mimococo.marketops.adminobservability.internal.audit.JdbcMetadataAuditStore"},"process":{"pid":871,"thread":{"name":"main"}},"service":{"name":"marketops-server","version":"0.1.0-SNAPSHOT","environment":"ci","node":{}},"message":"Metadata change recorded","ecs":{"version":"8.11"},"application":"marketops-server","environment":"ci","buildVersion":"0.1.0-SNAPSHOT","correlationId":"none","event":"metadata_change_recorded","sourceDomain":"identityaccess","entityType":"user-scope-grant","entityId":"94e0d8dd-e515-4bff-b48d-af4123cde725","action":"GRANT","actorId":"disclosure-fixture"}
{"@timestamp":"2026-09-05T05:01:12.232547Z","log":{"level":"INFO","logger":"com.mimococo.marketops.adminobservability.internal.audit.JdbcMetadataAuditStore"},"process":{"pid":871,"thread":{"name":"main"}},"service":{"name":"marketops-server","version":"0.1.0-SNAPSHOT","environment":"ci","node":{}},"message":"Metadata change recorded","ecs":{"version":"8.11"},"application":"marketops-server","environment":"ci","buildVersion":"0.1.0-SNAPSHOT","correlationId":"none","event":"metadata_change_recorded","sourceDomain":"identityaccess","entityType":"user-scope-grant","entityId":"478303b1-5d18-4731-900f-cc7936e8aafd","action":"GRANT","actorId":"disclosure-fixture"}
{"@timestamp":"2026-09-05T05:01:12.260094Z","log":{"level":"INFO","logger":"com.mimococo.marketops.adminobservability.internal.audit.JdbcMetadataAuditStore"},"process":{"pid":871,"thread":{"name":"main"}},"service":{"name":"marketops-server","version":"0.1.0-SNAPSHOT","environment":"ci","node":{}},"message":"Metadata change recorded","ecs":{"version":"8.11"},"application":"marketops-server","environment":"ci","buildVersion":"0.1.0-SNAPSHOT","correlationId":"none","event":"metadata_change_recorded","sourceDomain":"identityaccess","entityType":"user-scope-grant","entityId":"478303b1-5d18-4731-900f-cc7936e8aafd","action":"REVOKE","actorId":"disclosure-fixture"}
{"@timestamp":"2026-09-05T05:01:12.461972Z","log":{"level":"INFO","logger":"com.mimococo.marketops.adminobservability.internal.audit.JdbcMetadataAuditStore"},"process":{"pid":871,"thread":{"name":"main"}},"service":{"name":"marketops-server","version":"0.1.0-SNAPSHOT","environment":"ci","node":{}},"message":"Metadata change recorded","ecs":{"version":"8.11"},"application":"marketops-server","environment":"ci","buildVersion":"0.1.0-SNAPSHOT","correlationId":"none","event":"metadata_change_recorded","sourceDomain":"identityaccess","entityType":"user-role-assignment","entityId":"94098cfb-3b77-4951-9fd5-4ddac7664961","action":"GRANT","actorId":"disclosure-fixture"}
{"@timestamp":"2026-09-05T05:01:12.465018Z","log":{"level":"INFO","logger":"com.mimococo.marketops.adminobservability.internal.audit.JdbcMetadataAuditStore"},"process":{"pid":871,"thread":{"name":"main"}},"service":{"name":"marketops-server","version":"0.1.0-SNAPSHOT","environment":"ci","node":{}},"message":"Metadata change recorded","ecs":{"version":"8.11"},"application":"marketops-server","environment":"ci","buildVersion":"0.1.0-SNAPSHOT","correlationId":"none","event":"metadata_change_recorded","sourceDomain":"identityaccess","entityType":"user-role-assignment","entityId":"d93363dd-2470-4b1e-a0ff-77dfa995e815","action":"GRANT","actorId":"disclosure-fixture"}
{"@timestamp":"2026-09-05T05:01:12.469226Z","log":{"level":"INFO","logger":"com.mimococo.marketops.adminobservability.internal.audit.JdbcMetadataAuditStore"},"process":{"pid":871,"thread":{"name":"main"}},"service":{"name":"marketops-server","version":"0.1.0-SNAPSHOT","environment":"ci","node":{}},"message":"Metadata change recorded","ecs":{"version":"8.11"},"application":"marketops-server","environment":"ci","buildVersion":"0.1.0-SNAPSHOT","correlationId":"none","event":"metadata_change_recorded","sourceDomain":"identityaccess","entityType":"user-scope-grant","entityId":"4ab45642-4597-4c8b-8ad5-e93e7f28a914","action":"GRANT","actorId":"disclosure-fixture"}
{"@timestamp":"2026-09-05T05:01:12.472474Z","log":{"level":"INFO","logger":"com.mimococo.marketops.adminobservability.internal.audit.JdbcMetadataAuditStore"},"process":{"pid":871,"thread":{"name":"main"}},"service":{"name":"marketops-server","version":"0.1.0-SNAPSHOT","environment":"ci","node":{}},"message":"Metadata change recorded","ecs":{"version":"8.11"},"application":"marketops-server","environment":"ci","buildVersion":"0.1.0-SNAPSHOT","correlationId":"none","event":"metadata_change_recorded","sourceDomain":"identityaccess","entityType":"user-scope-grant","entityId":"9dd75ae1-c8a5-437f-8b16-edf4166961e9","action":"GRANT","actorId":"disclosure-fixture"}
{"@timestamp":"2026-09-05T05:01:12.708425Z","log":{"level":"INFO","logger":"com.mimococo.marketops.adminobservability.internal.audit.JdbcMetadataAuditStore"},"process":{"pid":871,"thread":{"name":"main"}},"service":{"name":"marketops-server","version":"0.1.0-SNAPSHOT","environment":"ci","node":{}},"message":"Metadata change recorded","ecs":{"version":"8.11"},"application":"marketops-server","environment":"ci","buildVersion":"0.1.0-SNAPSHOT","correlationId":"none","event":"metadata_change_recorded","sourceDomain":"identityaccess","entityType":"user-scope-grant","entityId":"de750a53-4160-4a93-841d-cac79859c97c","action":"GRANT","actorId":"disclosure-fixture"}
{"@timestamp":"2026-09-05T05:01:12.710942Z","log":{"level":"INFO","logger":"com.mimococo.marketops.adminobservability.internal.audit.JdbcMetadataAuditStore"},"process":{"pid":871,"thread":{"name":"main"}},"service":{"name":"marketops-server","version":"0.1.0-SNAPSHOT","environment":"ci","node":{}},"message":"Metadata change recorded","ecs":{"version":"8.11"},"application":"marketops-server","environment":"ci","buildVersion":"0.1.0-SNAPSHOT","correlationId":"none","event":"metadata_change_recorded","sourceDomain":"identityaccess","entityType":"user-role-assignment","entityId":"aa733dbf-4516-4e0f-a558-408cb03b2c50","action":"GRANT","actorId":"disclosure-fixture"}
{"@timestamp":"2026-09-05T05:01:12.714483Z","log":{"level":"INFO","logger":"com.mimococo.marketops.adminobservability.internal.audit.JdbcMetadataAuditStore"},"process":{"pid":871,"thread":{"name":"main"}},"service":{"name":"marketops-server","version":"0.1.0-SNAPSHOT","environment":"ci","node":{}},"message":"Metadata change recorded","ecs":{"version":"8.11"},"application":"marketops-server","environment":"ci","buildVersion":"0.1.0-SNAPSHOT","correlationId":"none","event":"metadata_change_recorded","sourceDomain":"identityaccess","entityType":"user-scope-grant","entityId":"b192c99b-ce4f-49f7-89e5-35252ad61322","action":"GRANT","actorId":"disclosure-fixture"}
{"@timestamp":"2026-09-05T05:01:12.717571Z","log":{"level":"INFO","logger":"com.mimococo.marketops.adminobservability.internal.audit.JdbcMetadataAuditStore"},"process":{"pid":871,"thread":{"name":"main"}},"service":{"name":"marketops-server","version":"0.1.0-SNAPSHOT","environment":"ci","node":{}},"message":"Metadata change recorded","ecs":{"version":"8.11"},"application":"marketops-server","environment":"ci","buildVersion":"0.1.0-SNAPSHOT","correlationId":"none","event":"metadata_change_recorded","sourceDomain":"identityaccess","entityType":"user-scope-grant","entityId":"eaf936c6-8701-49ed-aa61-09771c5d0724","action":"GRANT","actorId":"disclosure-fixture"}
[ERROR] Tests run: 8, Failures: 0, Errors: 1, Skipped: 0, Time elapsed: 10.16 s <<< FAILURE! -- in com.mimococo.marketops.AdvertisingDisclosureIT
[ERROR] com.mimococo.marketops.AdvertisingDisclosureIT.anUnknownHistoricalCaseIsReadableWithoutBorrowingFutureMembershipOrGenericPermission -- Time elapsed: 0.425 s <<< ERROR!
org.springframework.dao.DataIntegrityViolationException: 
PreparedStatementCallback; SQL [INSERT INTO mart.ad_case SELECT unknown_case.* FROM mart.ad_case original
JOIN core.ad_affected_set future ON future.id=original.affected_set_id
CROSS JOIN LATERAL jsonb_populate_record(NULL::mart.ad_case,to_jsonb(original)||jsonb_build_object(
  'id',?::text,'case_key',?,'lane','DATA_REPAIR','protection_tier',NULL,
  'cause_code','AFFECTED_SET_UNRESOLVED','affected_set_id',NULL,
  'as_of',future.resolved_at-interval '1 second','calculated_at',clock_timestamp())) unknown_case
WHERE original.id=?
]; ERROR: new row for relation "ad_case" violates check constraint "ad_case_unresolved_affected_set_ck"
  詳細：Failing row contains (f9ed0d5e-933a-4425-971c-ac218244aad0, 34233aba-868f-41ca-8cca-eba39f4b4580, 94d84c5b-c1cd-4db5-8af7-352e6780e49e, FICTIONAL_9FC3BC50EBF3, b4f53df7-4a6c-4452-912b-94f751b4df2a, null, b90affba-52d3-4fa7-b8bd-a7d5f54bb6ee, 1, synthetic-unknown-set-f9ed0d5e-933a-4425-971c-ac218244aad0, DATA_REPAIR, null, AFFECTED_SET_UNRESOLVED, CANONICAL_CONFIRMED, HIGH, {}, AVAILABLE, -1200.0000, NOT_AVAILABLE, null, RUB, AVAILABLE, 4500.0000, NOT_AVAILABLE, null, NOT_AVAILABLE, null, null, AVAILABLE, 22.0000, NOT_AVAILABLE, null, AVAILABLE, 30.0000, null, 700100.0000, aaaaaaaaaaaaaaaaaaaaaaaaaaaaaaaaaaaaaaaaaaaaaaaaaaaaaaaaaaaaaaaa, null, 2026-09-05 13:01:09.406695+08, 2026-09-05 13:01:10.60869+08, TARGETED, cc1aabbb-a540-4f0f-959f-0f34a410d147, null, null, 0, null, 2026-09-05 13:01:10.406695+08, 2026-09-05 13:01:10.406695+08, 0, null, null).
	at org.springframework.jdbc.support.SQLStateSQLExceptionTranslator.doTranslate(SQLStateSQLExceptionTranslator.java:140)
	at org.springframework.jdbc.support.AbstractFallbackSQLExceptionTranslator.translate(AbstractFallbackSQLExceptionTranslator.java:102)
	at org.springframework.jdbc.support.AbstractFallbackSQLExceptionTranslator.translate(AbstractFallbackSQLExceptionTranslator.java:111)
	at org.springframework.jdbc.core.JdbcTemplate.translateException(JdbcTemplate.java:1549)
	at org.springframework.jdbc.core.JdbcTemplate.execute(JdbcTemplate.java:689)
	at org.springframework.jdbc.core.JdbcTemplate.update(JdbcTemplate.java:966)
	at org.springframework.jdbc.core.JdbcTemplate.update(JdbcTemplate.java:987)
	at org.springframework.jdbc.core.namedparam.NamedParameterJdbcTemplate.update(NamedParameterJdbcTemplate.java:339)
	at org.springframework.jdbc.core.simple.DefaultJdbcClient$DefaultStatementSpec.update(DefaultJdbcClient.java:281)
	at com.mimococo.marketops.AdvertisingDisclosureIT.anUnknownHistoricalCaseIsReadableWithoutBorrowingFutureMembershipOrGenericPermission(AdvertisingDisclosureIT.java:401)
Caused by: org.postgresql.util.PSQLException: ERROR: new row for relation "ad_case" violates check constraint "ad_case_unresolved_affected_set_ck"
  詳細：Failing row contains (f9ed0d5e-933a-4425-971c-ac218244aad0, 34233aba-868f-41ca-8cca-eba39f4b4580, 94d84c5b-c1cd-4db5-8af7-352e6780e49e, FICTIONAL_9FC3BC50EBF3, b4f53df7-4a6c-4452-912b-94f751b4df2a, null, b90affba-52d3-4fa7-b8bd-a7d5f54bb6ee, 1, synthetic-unknown-set-f9ed0d5e-933a-4425-971c-ac218244aad0, DATA_REPAIR, null, AFFECTED_SET_UNRESOLVED, CANONICAL_CONFIRMED, HIGH, {}, AVAILABLE, -1200.0000, NOT_AVAILABLE, null, RUB, AVAILABLE, 4500.0000, NOT_AVAILABLE, null, NOT_AVAILABLE, null, null, AVAILABLE, 22.0000, NOT_AVAILABLE, null, AVAILABLE, 30.0000, null, 700100.0000, aaaaaaaaaaaaaaaaaaaaaaaaaaaaaaaaaaaaaaaaaaaaaaaaaaaaaaaaaaaaaaaa, null, 2026-09-05 13:01:09.406695+08, 2026-09-05 13:01:10.60869+08, TARGETED, cc1aabbb-a540-4f0f-959f-0f34a410d147, null, null, 0, null, 2026-09-05 13:01:10.406695+08, 2026-09-05 13:01:10.406695+08, 0, null, null).
	at org.postgresql.core.v3.QueryExecutorImpl.receiveErrorResponse(QueryExecutorImpl.java:2904)
	at org.postgresql.core.v3.QueryExecutorImpl.processResults(QueryExecutorImpl.java:2589)
	at org.postgresql.core.v3.QueryExecutorImpl.execute(QueryExecutorImpl.java:431)
	at org.postgresql.jdbc.PgStatement.executeInternal(PgStatement.java:534)
	at org.postgresql.jdbc.PgStatement.execute(PgStatement.java:437)
	at org.postgresql.jdbc.PgPreparedStatement.executeWithFlags(PgPreparedStatement.java:196)
	at org.postgresql.jdbc.PgPreparedStatement.executeUpdate(PgPreparedStatement.java:157)
	at org.springframework.jdbc.core.JdbcTemplate.lambda$update$0(JdbcTemplate.java:971)
	at org.springframework.jdbc.core.JdbcTemplate.execute(JdbcTemplate.java:670)
	... 5 more

[INFO] Running com.mimococo.marketops.architecture.ModuleBoundaryArchitectureTest
[INFO] Running Additional code-quality architecture safeguards
[INFO] Tests run: 12, Failures: 0, Errors: 0, Skipped: 0, Time elapsed: 0.405 s -- in Additional code-quality architecture safeguards
[INFO] Tests run: 0, Failures: 0, Errors: 0, Skipped: 0, Time elapsed: 3.468 s -- in com.mimococo.marketops.architecture.ModuleBoundaryArchitectureTest
[INFO] Running com.mimococo.marketops.AdvertisingHumanWorkflowIT
{"@timestamp":"2026-09-05T05:01:18.737785Z","log":{"level":"INFO","logger":"com.mimococo.marketops.AdvertisingHumanWorkflowIT"},"process":{"pid":871,"thread":{"name":"main"}},"service":{"name":"marketops-server","version":"0.1.0-SNAPSHOT","environment":"ci","node":{}},"message":"Starting AdvertisingHumanWorkflowIT v0.1.0-SNAPSHOT using Java 21.0.10 with PID 871 (started by chzhengx in /Users/chzhengx/Code/personal/marketops-platform/backend/marketops-server)","ecs":{"version":"8.11"},"application":"marketops-server","environment":"ci","buildVersion":"0.1.0-SNAPSHOT","correlationId":"none"}
{"@timestamp":"2026-09-05T05:01:18.739216Z","log":{"level":"INFO","logger":"com.mimococo.marketops.AdvertisingHumanWorkflowIT"},"process":{"pid":871,"thread":{"name":"main"}},"service":{"name":"marketops-server","version":"0.1.0-SNAPSHOT","environment":"ci","node":{}},"message":"The following 1 profile is active: \"ci\"","ecs":{"version":"8.11"},"application":"marketops-server","environment":"ci","buildVersion":"0.1.0-SNAPSHOT","correlationId":"none"}
{"@timestamp":"2026-09-05T05:01:23.028656Z","log":{"level":"INFO","logger":"com.mimococo.marketops.AdvertisingHumanWorkflowIT"},"process":{"pid":871,"thread":{"name":"main"}},"service":{"name":"marketops-server","version":"0.1.0-SNAPSHOT","environment":"ci","node":{}},"message":"Started AdvertisingHumanWorkflowIT in 4.354 seconds (process running for 43.572)","ecs":{"version":"8.11"},"application":"marketops-server","environment":"ci","buildVersion":"0.1.0-SNAPSHOT","correlationId":"none"}
{"@timestamp":"2026-09-05T05:01:24.228777Z","log":{"level":"INFO","logger":"com.mimococo.marketops.adminobservability.internal.audit.JdbcMetadataAuditStore"},"process":{"pid":871,"thread":{"name":"main"}},"service":{"name":"marketops-server","version":"0.1.0-SNAPSHOT","environment":"ci","node":{}},"message":"Metadata change recorded","ecs":{"version":"8.11"},"application":"marketops-server","environment":"ci","buildVersion":"0.1.0-SNAPSHOT","correlationId":"none","event":"metadata_change_recorded","sourceDomain":"operationsworkflow","entityType":"recommendation","entityId":"b1e715a3-a48a-4758-8312-8a3bef0e1b2f","action":"STATUS_CHANGE","actorId":"dce97738-c727-4ffb-8d6d-2ecd1900b6fb"}
{"@timestamp":"2026-09-05T05:01:24.286484Z","log":{"level":"INFO","logger":"com.mimococo.marketops.adminobservability.internal.audit.JdbcMetadataAuditStore"},"process":{"pid":871,"thread":{"name":"main"}},"service":{"name":"marketops-server","version":"0.1.0-SNAPSHOT","environment":"ci","node":{}},"message":"Metadata change recorded","ecs":{"version":"8.11"},"application":"marketops-server","environment":"ci","buildVersion":"0.1.0-SNAPSHOT","correlationId":"none","event":"metadata_change_recorded","sourceDomain":"operationsworkflow","entityType":"recommendation","entityId":"b1e715a3-a48a-4758-8312-8a3bef0e1b2f","action":"STATUS_CHANGE","actorId":"5421333a-424e-4d63-bb3b-d0b2cf6bb0f6"}
{"@timestamp":"2026-09-05T05:01:24.762872Z","log":{"level":"INFO","logger":"com.mimococo.marketops.adminobservability.internal.audit.JdbcMetadataAuditStore"},"process":{"pid":871,"thread":{"name":"main"}},"service":{"name":"marketops-server","version":"0.1.0-SNAPSHOT","environment":"ci","node":{}},"message":"Metadata change recorded","ecs":{"version":"8.11"},"application":"marketops-server","environment":"ci","buildVersion":"0.1.0-SNAPSHOT","correlationId":"none","event":"metadata_change_recorded","sourceDomain":"operationsworkflow","entityType":"recommendation","entityId":"10e5f060-a6ce-4d31-8b22-12d39a11a9d0","action":"STATUS_CHANGE","actorId":"ce3ae1f6-7091-4af6-af93-d50e26410699"}
{"@timestamp":"2026-09-05T05:01:24.819811Z","log":{"level":"INFO","logger":"com.mimococo.marketops.adminobservability.internal.audit.JdbcMetadataAuditStore"},"process":{"pid":871,"thread":{"name":"main"}},"service":{"name":"marketops-server","version":"0.1.0-SNAPSHOT","environment":"ci","node":{}},"message":"Metadata change recorded","ecs":{"version":"8.11"},"application":"marketops-server","environment":"ci","buildVersion":"0.1.0-SNAPSHOT","correlationId":"none","event":"metadata_change_recorded","sourceDomain":"operationsworkflow","entityType":"recommendation","entityId":"10e5f060-a6ce-4d31-8b22-12d39a11a9d0","action":"STATUS_CHANGE","actorId":"cd876bf4-c677-41ab-9b68-1c4bd0423c5d"}
{"@timestamp":"2026-09-05T05:01:25.865094Z","log":{"level":"INFO","logger":"com.mimococo.marketops.adminobservability.internal.audit.JdbcMetadataAuditStore"},"process":{"pid":871,"thread":{"name":"main"}},"service":{"name":"marketops-server","version":"0.1.0-SNAPSHOT","environment":"ci","node":{}},"message":"Metadata change recorded","ecs":{"version":"8.11"},"application":"marketops-server","environment":"ci","buildVersion":"0.1.0-SNAPSHOT","correlationId":"none","event":"metadata_change_recorded","sourceDomain":"operationsworkflow","entityType":"recommendation","entityId":"09f9bc1b-7310-41ad-8385-c05953415bd3","action":"STATUS_CHANGE","actorId":"e700ca34-58bd-48ff-bb46-8d4856aa10e3"}
{"@timestamp":"2026-09-05T05:01:25.961812Z","log":{"level":"INFO","logger":"com.mimococo.marketops.adminobservability.internal.audit.JdbcMetadataAuditStore"},"process":{"pid":871,"thread":{"name":"main"}},"service":{"name":"marketops-server","version":"0.1.0-SNAPSHOT","environment":"ci","node":{}},"message":"Metadata change recorded","ecs":{"version":"8.11"},"application":"marketops-server","environment":"ci","buildVersion":"0.1.0-SNAPSHOT","correlationId":"none","event":"metadata_change_recorded","sourceDomain":"operationsworkflow","entityType":"recommendation","entityId":"09f9bc1b-7310-41ad-8385-c05953415bd3","action":"STATUS_CHANGE","actorId":"1f6899c6-3d12-42ac-9720-cefe8943d975"}
{"@timestamp":"2026-09-05T05:01:26.073949Z","log":{"level":"INFO","logger":"com.mimococo.marketops.adminobservability.internal.audit.JdbcMetadataAuditStore"},"process":{"pid":871,"thread":{"name":"main"}},"service":{"name":"marketops-server","version":"0.1.0-SNAPSHOT","environment":"ci","node":{}},"message":"Metadata change recorded","ecs":{"version":"8.11"},"application":"marketops-server","environment":"ci","buildVersion":"0.1.0-SNAPSHOT","correlationId":"none","event":"metadata_change_recorded","sourceDomain":"operationsworkflow","entityType":"approval-decision","entityId":"4be46ffa-ccf6-4ece-82fd-4184ef90c0b3","action":"APPROVAL_DECISION","actorId":"3b82a421-d198-459a-987c-5b01b9e0cc13"}
{"@timestamp":"2026-09-05T05:01:26.076326Z","log":{"level":"INFO","logger":"com.mimococo.marketops.adminobservability.internal.audit.JdbcMetadataAuditStore"},"process":{"pid":871,"thread":{"name":"main"}},"service":{"name":"marketops-server","version":"0.1.0-SNAPSHOT","environment":"ci","node":{}},"message":"Metadata change recorded","ecs":{"version":"8.11"},"application":"marketops-server","environment":"ci","buildVersion":"0.1.0-SNAPSHOT","correlationId":"none","event":"metadata_change_recorded","sourceDomain":"operationsworkflow","entityType":"recommendation","entityId":"09f9bc1b-7310-41ad-8385-c05953415bd3","action":"STATUS_CHANGE","actorId":"3b82a421-d198-459a-987c-5b01b9e0cc13"}
{"@timestamp":"2026-09-05T05:01:26.166200Z","log":{"level":"INFO","logger":"com.mimococo.marketops.adminobservability.internal.audit.JdbcMetadataAuditStore"},"process":{"pid":871,"thread":{"name":"main"}},"service":{"name":"marketops-server","version":"0.1.0-SNAPSHOT","environment":"ci","node":{}},"message":"Metadata change recorded","ecs":{"version":"8.11"},"application":"marketops-server","environment":"ci","buildVersion":"0.1.0-SNAPSHOT","correlationId":"none","event":"metadata_change_recorded","sourceDomain":"operationsworkflow","entityType":"recommendation","entityId":"09f9bc1b-7310-41ad-8385-c05953415bd3","action":"STATUS_CHANGE","actorId":"3b82a421-d198-459a-987c-5b01b9e0cc13"}
{"@timestamp":"2026-09-05T05:01:26.167036Z","log":{"level":"INFO","logger":"com.mimococo.marketops.adminobservability.internal.audit.JdbcMetadataAuditStore"},"process":{"pid":871,"thread":{"name":"main"}},"service":{"name":"marketops-server","version":"0.1.0-SNAPSHOT","environment":"ci","node":{}},"message":"Metadata change recorded","ecs":{"version":"8.11"},"application":"marketops-server","environment":"ci","buildVersion":"0.1.0-SNAPSHOT","correlationId":"none","event":"metadata_change_recorded","sourceDomain":"operationsworkflow","entityType":"recommendation","entityId":"09f9bc1b-7310-41ad-8385-c05953415bd3","action":"COMMAND_TRANSITION","actorId":"3b82a421-d198-459a-987c-5b01b9e0cc13"}
{"@timestamp":"2026-09-05T05:01:26.834664Z","log":{"level":"INFO","logger":"com.mimococo.marketops.adminobservability.internal.audit.JdbcMetadataAuditStore"},"process":{"pid":871,"thread":{"name":"main"}},"service":{"name":"marketops-server","version":"0.1.0-SNAPSHOT","environment":"ci","node":{}},"message":"Metadata change recorded","ecs":{"version":"8.11"},"application":"marketops-server","environment":"ci","buildVersion":"0.1.0-SNAPSHOT","correlationId":"none","event":"metadata_change_recorded","sourceDomain":"operationsworkflow","entityType":"recommendation","entityId":"f9f6c069-11e1-4ccc-a094-7dacfc3ee672","action":"STATUS_CHANGE","actorId":"669ac9bb-1f85-4bc3-be35-6ec468a0d2b0"}
{"@timestamp":"2026-09-05T05:01:26.904445Z","log":{"level":"INFO","logger":"com.mimococo.marketops.adminobservability.internal.audit.JdbcMetadataAuditStore"},"process":{"pid":871,"thread":{"name":"main"}},"service":{"name":"marketops-server","version":"0.1.0-SNAPSHOT","environment":"ci","node":{}},"message":"Metadata change recorded","ecs":{"version":"8.11"},"application":"marketops-server","environment":"ci","buildVersion":"0.1.0-SNAPSHOT","correlationId":"none","event":"metadata_change_recorded","sourceDomain":"operationsworkflow","entityType":"recommendation","entityId":"f9f6c069-11e1-4ccc-a094-7dacfc3ee672","action":"STATUS_CHANGE","actorId":"0a926d95-9b35-45ed-b26c-4b0228ad17c0"}
{"@timestamp":"2026-09-05T05:01:27.347629Z","log":{"level":"INFO","logger":"com.mimococo.marketops.adminobservability.internal.audit.JdbcMetadataAuditStore"},"process":{"pid":871,"thread":{"name":"main"}},"service":{"name":"marketops-server","version":"0.1.0-SNAPSHOT","environment":"ci","node":{}},"message":"Metadata change recorded","ecs":{"version":"8.11"},"application":"marketops-server","environment":"ci","buildVersion":"0.1.0-SNAPSHOT","correlationId":"none","event":"metadata_change_recorded","sourceDomain":"operationsworkflow","entityType":"recommendation","entityId":"d929d60e-be1c-4daa-829a-cc0e5bee53eb","action":"STATUS_CHANGE","actorId":"fbcf2c9b-d95c-4691-a52d-d0a4cc292859"}
{"@timestamp":"2026-09-05T05:01:28.606857Z","log":{"level":"INFO","logger":"com.mimococo.marketops.adminobservability.internal.audit.JdbcMetadataAuditStore"},"process":{"pid":871,"thread":{"name":"main"}},"service":{"name":"marketops-server","version":"0.1.0-SNAPSHOT","environment":"ci","node":{}},"message":"Metadata change recorded","ecs":{"version":"8.11"},"application":"marketops-server","environment":"ci","buildVersion":"0.1.0-SNAPSHOT","correlationId":"none","event":"metadata_change_recorded","sourceDomain":"operationsworkflow","entityType":"recommendation","entityId":"075dfcfc-cc9c-473f-a235-613c0c21a575","action":"STATUS_CHANGE","actorId":"f4657e98-b27a-4308-91df-0b2e7d05d50e"}
{"@timestamp":"2026-09-05T05:01:28.647901Z","log":{"level":"INFO","logger":"com.mimococo.marketops.adminobservability.internal.audit.JdbcMetadataAuditStore"},"process":{"pid":871,"thread":{"name":"main"}},"service":{"name":"marketops-server","version":"0.1.0-SNAPSHOT","environment":"ci","node":{}},"message":"Metadata change recorded","ecs":{"version":"8.11"},"application":"marketops-server","environment":"ci","buildVersion":"0.1.0-SNAPSHOT","correlationId":"none","event":"metadata_change_recorded","sourceDomain":"operationsworkflow","entityType":"recommendation","entityId":"075dfcfc-cc9c-473f-a235-613c0c21a575","action":"STATUS_CHANGE","actorId":"514d20e8-6299-4d73-a153-1cf9e79f4ae0"}
{"@timestamp":"2026-09-05T05:01:28.698996Z","log":{"level":"INFO","logger":"com.mimococo.marketops.adminobservability.internal.audit.JdbcMetadataAuditStore"},"process":{"pid":871,"thread":{"name":"main"}},"service":{"name":"marketops-server","version":"0.1.0-SNAPSHOT","environment":"ci","node":{}},"message":"Metadata change recorded","ecs":{"version":"8.11"},"application":"marketops-server","environment":"ci","buildVersion":"0.1.0-SNAPSHOT","correlationId":"none","event":"metadata_change_recorded","sourceDomain":"operationsworkflow","entityType":"approval-decision","entityId":"e777959c-6208-452f-82a0-363a05f6df13","action":"APPROVAL_DECISION","actorId":"59b692d6-8650-459f-a47e-92c2d3d7c30c"}
{"@timestamp":"2026-09-05T05:01:28.701083Z","log":{"level":"INFO","logger":"com.mimococo.marketops.adminobservability.internal.audit.JdbcMetadataAuditStore"},"process":{"pid":871,"thread":{"name":"main"}},"service":{"name":"marketops-server","version":"0.1.0-SNAPSHOT","environment":"ci","node":{}},"message":"Metadata change recorded","ecs":{"version":"8.11"},"application":"marketops-server","environment":"ci","buildVersion":"0.1.0-SNAPSHOT","correlationId":"none","event":"metadata_change_recorded","sourceDomain":"operationsworkflow","entityType":"recommendation","entityId":"075dfcfc-cc9c-473f-a235-613c0c21a575","action":"STATUS_CHANGE","actorId":"59b692d6-8650-459f-a47e-92c2d3d7c30c"}
{"@timestamp":"2026-09-05T05:01:34.128100Z","log":{"level":"INFO","logger":"com.mimococo.marketops.adminobservability.internal.audit.JdbcMetadataAuditStore"},"process":{"pid":871,"thread":{"name":"main"}},"service":{"name":"marketops-server","version":"0.1.0-SNAPSHOT","environment":"ci","node":{}},"message":"Metadata change recorded","ecs":{"version":"8.11"},"application":"marketops-server","environment":"ci","buildVersion":"0.1.0-SNAPSHOT","correlationId":"none","event":"metadata_change_recorded","sourceDomain":"operationsworkflow","entityType":"recommendation","entityId":"07c4af5a-a12e-4f86-bd83-391f254c0611","action":"STATUS_CHANGE","actorId":"2fd54c45-13ed-460a-a9ee-4d38b5ea9a24"}
{"@timestamp":"2026-09-05T05:01:34.218420Z","log":{"level":"INFO","logger":"com.mimococo.marketops.adminobservability.internal.audit.JdbcMetadataAuditStore"},"process":{"pid":871,"thread":{"name":"main"}},"service":{"name":"marketops-server","version":"0.1.0-SNAPSHOT","environment":"ci","node":{}},"message":"Metadata change recorded","ecs":{"version":"8.11"},"application":"marketops-server","environment":"ci","buildVersion":"0.1.0-SNAPSHOT","correlationId":"none","event":"metadata_change_recorded","sourceDomain":"operationsworkflow","entityType":"recommendation","entityId":"07c4af5a-a12e-4f86-bd83-391f254c0611","action":"STATUS_CHANGE","actorId":"1e71e0fd-55be-4535-a16e-bfb7e76ebfd5"}
{"@timestamp":"2026-09-05T05:01:34.597562Z","log":{"level":"INFO","logger":"com.mimococo.marketops.adminobservability.internal.audit.JdbcMetadataAuditStore"},"process":{"pid":871,"thread":{"name":"main"}},"service":{"name":"marketops-server","version":"0.1.0-SNAPSHOT","environment":"ci","node":{}},"message":"Metadata change recorded","ecs":{"version":"8.11"},"application":"marketops-server","environment":"ci","buildVersion":"0.1.0-SNAPSHOT","correlationId":"none","event":"metadata_change_recorded","sourceDomain":"operationsworkflow","entityType":"recommendation","entityId":"ed47fc21-30cb-4197-812d-2a93284b9281","action":"STATUS_CHANGE","actorId":"983f22c1-1d94-4e60-8e5f-20ad9435d071"}
{"@timestamp":"2026-09-05T05:01:34.642566Z","log":{"level":"INFO","logger":"com.mimococo.marketops.adminobservability.internal.audit.JdbcMetadataAuditStore"},"process":{"pid":871,"thread":{"name":"main"}},"service":{"name":"marketops-server","version":"0.1.0-SNAPSHOT","environment":"ci","node":{}},"message":"Metadata change recorded","ecs":{"version":"8.11"},"application":"marketops-server","environment":"ci","buildVersion":"0.1.0-SNAPSHOT","correlationId":"none","event":"metadata_change_recorded","sourceDomain":"operationsworkflow","entityType":"recommendation","entityId":"ed47fc21-30cb-4197-812d-2a93284b9281","action":"STATUS_CHANGE","actorId":"5c0007bb-9f5d-4055-b2ca-36ce25f8b6cd"}
{"@timestamp":"2026-09-05T05:01:34.697632Z","log":{"level":"INFO","logger":"com.mimococo.marketops.adminobservability.internal.audit.JdbcMetadataAuditStore"},"process":{"pid":871,"thread":{"name":"main"}},"service":{"name":"marketops-server","version":"0.1.0-SNAPSHOT","environment":"ci","node":{}},"message":"Metadata change recorded","ecs":{"version":"8.11"},"application":"marketops-server","environment":"ci","buildVersion":"0.1.0-SNAPSHOT","correlationId":"none","event":"metadata_change_recorded","sourceDomain":"operationsworkflow","entityType":"approval-decision","entityId":"629b33b4-c78d-44e0-8f9a-2a4a4acb02c6","action":"APPROVAL_DECISION","actorId":"32de6832-e115-45eb-a857-d733ddfbbe54"}
{"@timestamp":"2026-09-05T05:01:34.701403Z","log":{"level":"INFO","logger":"com.mimococo.marketops.adminobservability.internal.audit.JdbcMetadataAuditStore"},"process":{"pid":871,"thread":{"name":"main"}},"service":{"name":"marketops-server","version":"0.1.0-SNAPSHOT","environment":"ci","node":{}},"message":"Metadata change recorded","ecs":{"version":"8.11"},"application":"marketops-server","environment":"ci","buildVersion":"0.1.0-SNAPSHOT","correlationId":"none","event":"metadata_change_recorded","sourceDomain":"operationsworkflow","entityType":"recommendation","entityId":"ed47fc21-30cb-4197-812d-2a93284b9281","action":"STATUS_CHANGE","actorId":"32de6832-e115-45eb-a857-d733ddfbbe54"}
{"@timestamp":"2026-09-05T05:01:36.607542Z","log":{"level":"INFO","logger":"com.mimococo.marketops.adminobservability.internal.audit.JdbcMetadataAuditStore"},"process":{"pid":871,"thread":{"name":"main"}},"service":{"name":"marketops-server","version":"0.1.0-SNAPSHOT","environment":"ci","node":{}},"message":"Metadata change recorded","ecs":{"version":"8.11"},"application":"marketops-server","environment":"ci","buildVersion":"0.1.0-SNAPSHOT","correlationId":"none","event":"metadata_change_recorded","sourceDomain":"operationsworkflow","entityType":"recommendation","entityId":"bf795cdf-553e-4d0c-a609-f8b2db7cd3d6","action":"CREATE","actorId":"finite-choice-runtime"}
{"@timestamp":"2026-09-05T05:01:36.611731Z","log":{"level":"INFO","logger":"com.mimococo.marketops.adminobservability.internal.audit.JdbcMetadataAuditStore"},"process":{"pid":871,"thread":{"name":"main"}},"service":{"name":"marketops-server","version":"0.1.0-SNAPSHOT","environment":"ci","node":{}},"message":"Metadata change recorded","ecs":{"version":"8.11"},"application":"marketops-server","environment":"ci","buildVersion":"0.1.0-SNAPSHOT","correlationId":"none","event":"metadata_change_recorded","sourceDomain":"operationsworkflow","entityType":"recommendation","entityId":"52f62471-b139-4514-a09f-a315f9de643c","action":"CREATE","actorId":"finite-choice-runtime"}
{"@timestamp":"2026-09-05T05:01:36.615633Z","log":{"level":"INFO","logger":"com.mimococo.marketops.adminobservability.internal.audit.JdbcMetadataAuditStore"},"process":{"pid":871,"thread":{"name":"main"}},"service":{"name":"marketops-server","version":"0.1.0-SNAPSHOT","environment":"ci","node":{}},"message":"Metadata change recorded","ecs":{"version":"8.11"},"application":"marketops-server","environment":"ci","buildVersion":"0.1.0-SNAPSHOT","correlationId":"none","event":"metadata_change_recorded","sourceDomain":"operationsworkflow","entityType":"recommendation","entityId":"27f42b53-b749-438c-a2f4-c1cd19413a5b","action":"CREATE","actorId":"finite-choice-runtime"}
[INFO] Tests run: 16, Failures: 0, Errors: 0, Skipped: 0, Time elapsed: 20.42 s -- in com.mimococo.marketops.AdvertisingHumanWorkflowIT
[INFO] Running com.mimococo.marketops.advertisingefficiency.internal.application.AdvertisingEfficiencyFlowIT
{"@timestamp":"2026-09-05T05:01:38.509461Z","log":{"level":"INFO","logger":"com.mimococo.marketops.advertisingefficiency.internal.application.AdvertisingEfficiencyFlowIT"},"process":{"pid":871,"thread":{"name":"main"}},"service":{"name":"marketops-server","version":"0.1.0-SNAPSHOT","environment":"ci","node":{}},"message":"Starting AdvertisingEfficiencyFlowIT v0.1.0-SNAPSHOT using Java 21.0.10 with PID 871 (started by chzhengx in /Users/chzhengx/Code/personal/marketops-platform/backend/marketops-server)","ecs":{"version":"8.11"},"application":"marketops-server","environment":"ci","buildVersion":"0.1.0-SNAPSHOT","correlationId":"none"}
{"@timestamp":"2026-09-05T05:01:38.510088Z","log":{"level":"INFO","logger":"com.mimococo.marketops.advertisingefficiency.internal.application.AdvertisingEfficiencyFlowIT"},"process":{"pid":871,"thread":{"name":"main"}},"service":{"name":"marketops-server","version":"0.1.0-SNAPSHOT","environment":"ci","node":{}},"message":"The following 1 profile is active: \"ci\"","ecs":{"version":"8.11"},"application":"marketops-server","environment":"ci","buildVersion":"0.1.0-SNAPSHOT","correlationId":"none"}
{"@timestamp":"2026-09-05T05:01:41.911191Z","log":{"level":"INFO","logger":"com.mimococo.marketops.advertisingefficiency.internal.application.AdvertisingEfficiencyFlowIT"},"process":{"pid":871,"thread":{"name":"main"}},"service":{"name":"marketops-server","version":"0.1.0-SNAPSHOT","environment":"ci","node":{}},"message":"Started AdvertisingEfficiencyFlowIT in 3.439 seconds (process running for 62.455)","ecs":{"version":"8.11"},"application":"marketops-server","environment":"ci","buildVersion":"0.1.0-SNAPSHOT","correlationId":"none"}
[ERROR] Tests run: 24, Failures: 1, Errors: 0, Skipped: 0, Time elapsed: 7.136 s <<< FAILURE! -- in com.mimococo.marketops.advertisingefficiency.internal.application.AdvertisingEfficiencyFlowIT
[ERROR] com.mimococo.marketops.advertisingefficiency.internal.application.AdvertisingEfficiencyFlowIT.theTargetedWorkerDrainsAndMeasures -- Time elapsed: 0.010 s <<< FAILURE!
org.opentest4j.AssertionFailedError: 

expected: CREATED
 but was: COALESCED
	at com.mimococo.marketops.advertisingefficiency.internal.application.AdvertisingEfficiencyFlowIT.theTargetedWorkerDrainsAndMeasures(AdvertisingEfficiencyFlowIT.java:393)

[INFO] Running com.mimococo.marketops.advertisingefficiency.internal.application.AdvertisingCanonicalFactsIT
{"@timestamp":"2026-09-05T05:01:45.653744Z","log":{"level":"INFO","logger":"com.mimococo.marketops.advertisingefficiency.internal.application.AdvertisingCanonicalFactsIT"},"process":{"pid":871,"thread":{"name":"main"}},"service":{"name":"marketops-server","version":"0.1.0-SNAPSHOT","environment":"ci","node":{}},"message":"Starting AdvertisingCanonicalFactsIT v0.1.0-SNAPSHOT using Java 21.0.10 with PID 871 (started by chzhengx in /Users/chzhengx/Code/personal/marketops-platform/backend/marketops-server)","ecs":{"version":"8.11"},"application":"marketops-server","environment":"ci","buildVersion":"0.1.0-SNAPSHOT","correlationId":"none"}
{"@timestamp":"2026-09-05T05:01:45.654790Z","log":{"level":"INFO","logger":"com.mimococo.marketops.advertisingefficiency.internal.application.AdvertisingCanonicalFactsIT"},"process":{"pid":871,"thread":{"name":"main"}},"service":{"name":"marketops-server","version":"0.1.0-SNAPSHOT","environment":"ci","node":{}},"message":"The following 1 profile is active: \"ci\"","ecs":{"version":"8.11"},"application":"marketops-server","environment":"ci","buildVersion":"0.1.0-SNAPSHOT","correlationId":"none"}
{"@timestamp":"2026-09-05T05:01:49.517656Z","log":{"level":"INFO","logger":"com.mimococo.marketops.advertisingefficiency.internal.application.AdvertisingCanonicalFactsIT"},"process":{"pid":871,"thread":{"name":"main"}},"service":{"name":"marketops-server","version":"0.1.0-SNAPSHOT","environment":"ci","node":{}},"message":"Started AdvertisingCanonicalFactsIT in 3.901 seconds (process running for 70.061)","ecs":{"version":"8.11"},"application":"marketops-server","environment":"ci","buildVersion":"0.1.0-SNAPSHOT","correlationId":"none"}
[INFO] Tests run: 11, Failures: 0, Errors: 0, Skipped: 0, Time elapsed: 8.494 s -- in com.mimococo.marketops.advertisingefficiency.internal.application.AdvertisingCanonicalFactsIT
[INFO] Running com.mimococo.marketops.operationsworkflow.internal.application.WorkTaskJournalIT
{"@timestamp":"2026-09-05T05:01:54.294653Z","log":{"level":"INFO","logger":"com.mimococo.marketops.operationsworkflow.internal.application.WorkTaskJournalIT"},"process":{"pid":871,"thread":{"name":"main"}},"service":{"name":"marketops-server","version":"0.1.0-SNAPSHOT","environment":"ci","node":{}},"message":"Starting WorkTaskJournalIT v0.1.0-SNAPSHOT using Java 21.0.10 with PID 871 (started by chzhengx in /Users/chzhengx/Code/personal/marketops-platform/backend/marketops-server)","ecs":{"version":"8.11"},"application":"marketops-server","environment":"ci","buildVersion":"0.1.0-SNAPSHOT","correlationId":"none"}
{"@timestamp":"2026-09-05T05:01:54.295890Z","log":{"level":"INFO","logger":"com.mimococo.marketops.operationsworkflow.internal.application.WorkTaskJournalIT"},"process":{"pid":871,"thread":{"name":"main"}},"service":{"name":"marketops-server","version":"0.1.0-SNAPSHOT","environment":"ci","node":{}},"message":"The following 1 profile is active: \"ci\"","ecs":{"version":"8.11"},"application":"marketops-server","environment":"ci","buildVersion":"0.1.0-SNAPSHOT","correlationId":"none"}
{"@timestamp":"2026-09-05T05:01:57.700291Z","log":{"level":"INFO","logger":"com.mimococo.marketops.operationsworkflow.internal.application.WorkTaskJournalIT"},"process":{"pid":871,"thread":{"name":"main"}},"service":{"name":"marketops-server","version":"0.1.0-SNAPSHOT","environment":"ci","node":{}},"message":"Started WorkTaskJournalIT in 3.446 seconds (process running for 78.244)","ecs":{"version":"8.11"},"application":"marketops-server","environment":"ci","buildVersion":"0.1.0-SNAPSHOT","correlationId":"none"}
{"@timestamp":"2026-09-05T05:01:58.157542Z","log":{"level":"INFO","logger":"com.mimococo.marketops.adminobservability.internal.audit.JdbcMetadataAuditStore"},"process":{"pid":871,"thread":{"name":"main"}},"service":{"name":"marketops-server","version":"0.1.0-SNAPSHOT","environment":"ci","node":{}},"message":"Metadata change recorded","ecs":{"version":"8.11"},"application":"marketops-server","environment":"ci","buildVersion":"0.1.0-SNAPSHOT","correlationId":"none","event":"metadata_change_recorded","sourceDomain":"operationsworkflow","entityType":"work-task","entityId":"acc605d3-6f30-4076-a488-509a72cb0e31","action":"UPDATE","actorId":"1f5e67bd-5c2d-4606-ad86-3b700c0894cb"}
{"@timestamp":"2026-09-05T05:01:58.165315Z","log":{"level":"INFO","logger":"com.mimococo.marketops.adminobservability.internal.audit.JdbcMetadataAuditStore"},"process":{"pid":871,"thread":{"name":"main"}},"service":{"name":"marketops-server","version":"0.1.0-SNAPSHOT","environment":"ci","node":{}},"message":"Metadata change recorded","ecs":{"version":"8.11"},"application":"marketops-server","environment":"ci","buildVersion":"0.1.0-SNAPSHOT","correlationId":"none","event":"metadata_change_recorded","sourceDomain":"operationsworkflow","entityType":"work-task","entityId":"acc605d3-6f30-4076-a488-509a72cb0e31","action":"UPDATE","actorId":"1f5e67bd-5c2d-4606-ad86-3b700c0894cb"}
[ERROR] Tests run: 7, Failures: 0, Errors: 1, Skipped: 0, Time elapsed: 5.974 s <<< FAILURE! -- in com.mimococo.marketops.operationsworkflow.internal.application.WorkTaskJournalIT
[ERROR] com.mimococo.marketops.operationsworkflow.internal.application.WorkTaskJournalIT.aViewIsNotAnAcknowledgement -- Time elapsed: 0.354 s <<< ERROR!
org.springframework.dao.DataIntegrityViolationException: 
PreparedStatementCallback; SQL [UPDATE iam.user_scope_grant SET status='REVOKED', updated_at=now() WHERE id=?]; ERROR: new row for relation "user_scope_grant" violates check constraint "user_scope_grant_reason_ck"
  詳細：Failing row contains (2a66793c-a7c0-4f6e-8a22-f3877db3f83a, ac13e2bf-d314-4f33-af77-b9555e82f9bb, 1f5e67bd-5c2d-4606-ad86-3b700c0894cb, DIAGNOSTIC_VIEW, ac13e2bf-d314-4f33-af77-b9555e82f9bb, null, null, null, null, 2026-09-05 12:01:58.02732+08, null, REVOKED, null, 2026-09-05 13:01:58.02732+08, 2026-09-05 13:01:58.048036+08, 0, null).
	at org.springframework.jdbc.support.SQLStateSQLExceptionTranslator.doTranslate(SQLStateSQLExceptionTranslator.java:140)
	at org.springframework.jdbc.support.AbstractFallbackSQLExceptionTranslator.translate(AbstractFallbackSQLExceptionTranslator.java:102)
	at org.springframework.jdbc.support.AbstractFallbackSQLExceptionTranslator.translate(AbstractFallbackSQLExceptionTranslator.java:111)
	at org.springframework.jdbc.core.JdbcTemplate.translateException(JdbcTemplate.java:1549)
	at org.springframework.jdbc.core.JdbcTemplate.execute(JdbcTemplate.java:689)
	at org.springframework.jdbc.core.JdbcTemplate.update(JdbcTemplate.java:966)
	at org.springframework.jdbc.core.JdbcTemplate.update(JdbcTemplate.java:987)
	at org.springframework.jdbc.core.namedparam.NamedParameterJdbcTemplate.update(NamedParameterJdbcTemplate.java:339)
	at org.springframework.jdbc.core.simple.DefaultJdbcClient$DefaultStatementSpec.update(DefaultJdbcClient.java:281)
	at com.mimococo.marketops.operationsworkflow.internal.application.WorkTaskJournalIT.aViewIsNotAnAcknowledgement(WorkTaskJournalIT.java:151)
Caused by: org.postgresql.util.PSQLException: ERROR: new row for relation "user_scope_grant" violates check constraint "user_scope_grant_reason_ck"
  詳細：Failing row contains (2a66793c-a7c0-4f6e-8a22-f3877db3f83a, ac13e2bf-d314-4f33-af77-b9555e82f9bb, 1f5e67bd-5c2d-4606-ad86-3b700c0894cb, DIAGNOSTIC_VIEW, ac13e2bf-d314-4f33-af77-b9555e82f9bb, null, null, null, null, 2026-09-05 12:01:58.02732+08, null, REVOKED, null, 2026-09-05 13:01:58.02732+08, 2026-09-05 13:01:58.048036+08, 0, null).
	at org.postgresql.core.v3.QueryExecutorImpl.receiveErrorResponse(QueryExecutorImpl.java:2904)
	at org.postgresql.core.v3.QueryExecutorImpl.processResults(QueryExecutorImpl.java:2589)
	at org.postgresql.core.v3.QueryExecutorImpl.execute(QueryExecutorImpl.java:431)
	at org.postgresql.jdbc.PgStatement.executeInternal(PgStatement.java:534)
	at org.postgresql.jdbc.PgStatement.execute(PgStatement.java:437)
	at org.postgresql.jdbc.PgPreparedStatement.executeWithFlags(PgPreparedStatement.java:196)
	at org.postgresql.jdbc.PgPreparedStatement.executeUpdate(PgPreparedStatement.java:157)
	at org.springframework.jdbc.core.JdbcTemplate.lambda$update$0(JdbcTemplate.java:971)
	at org.springframework.jdbc.core.JdbcTemplate.execute(JdbcTemplate.java:670)
	... 5 more

[INFO] 
[INFO] Results:
[INFO] 
[ERROR] Failures: 
[ERROR]   AdvertisingEfficiencyFlowIT.theTargetedWorkerDrainsAndMeasures:393 
expected: CREATED
 but was: COALESCED
[ERROR] Errors: 
[ERROR]   AdvertisingDisclosureIT.anUnknownHistoricalCaseIsReadableWithoutBorrowingFutureMembershipOrGenericPermission:401 » DataIntegrityViolation PreparedStatementCallback; SQL [INSERT INTO mart.ad_case SELECT unknown_case.* FROM mart.ad_case original
JOIN core.ad_affected_set future ON future.id=original.affected_set_id
CROSS JOIN LATERAL jsonb_populate_record(NULL::mart.ad_case,to_jsonb(original)||jsonb_build_object(
  'id',?::text,'case_key',?,'lane','DATA_REPAIR','protection_tier',NULL,
  'cause_code','AFFECTED_SET_UNRESOLVED','affected_set_id',NULL,
  'as_of',future.resolved_at-interval '1 second','calculated_at',clock_timestamp())) unknown_case
WHERE original.id=?
]; ERROR: new row for relation "ad_case" violates check constraint "ad_case_unresolved_affected_set_ck"
  詳細：Failing row contains (f9ed0d5e-933a-4425-971c-ac218244aad0, 34233aba-868f-41ca-8cca-eba39f4b4580, 94d84c5b-c1cd-4db5-8af7-352e6780e49e, FICTIONAL_9FC3BC50EBF3, b4f53df7-4a6c-4452-912b-94f751b4df2a, null, b90affba-52d3-4fa7-b8bd-a7d5f54bb6ee, 1, synthetic-unknown-set-f9ed0d5e-933a-4425-971c-ac218244aad0, DATA_REPAIR, null, AFFECTED_SET_UNRESOLVED, CANONICAL_CONFIRMED, HIGH, {}, AVAILABLE, -1200.0000, NOT_AVAILABLE, null, RUB, AVAILABLE, 4500.0000, NOT_AVAILABLE, null, NOT_AVAILABLE, null, null, AVAILABLE, 22.0000, NOT_AVAILABLE, null, AVAILABLE, 30.0000, null, 700100.0000, aaaaaaaaaaaaaaaaaaaaaaaaaaaaaaaaaaaaaaaaaaaaaaaaaaaaaaaaaaaaaaaa, null, 2026-09-05 13:01:09.406695+08, 2026-09-05 13:01:10.60869+08, TARGETED, cc1aabbb-a540-4f0f-959f-0f34a410d147, null, null, 0, null, 2026-09-05 13:01:10.406695+08, 2026-09-05 13:01:10.406695+08, 0, null, null).
[ERROR]   WorkTaskJournalIT.aViewIsNotAnAcknowledgement:151 » DataIntegrityViolation PreparedStatementCallback; SQL [UPDATE iam.user_scope_grant SET status='REVOKED', updated_at=now() WHERE id=?]; ERROR: new row for relation "user_scope_grant" violates check constraint "user_scope_grant_reason_ck"
  詳細：Failing row contains (2a66793c-a7c0-4f6e-8a22-f3877db3f83a, ac13e2bf-d314-4f33-af77-b9555e82f9bb, 1f5e67bd-5c2d-4606-ad86-3b700c0894cb, DIAGNOSTIC_VIEW, ac13e2bf-d314-4f33-af77-b9555e82f9bb, null, null, null, null, 2026-09-05 12:01:58.02732+08, null, REVOKED, null, 2026-09-05 13:01:58.02732+08, 2026-09-05 13:01:58.048036+08, 0, null).
[INFO] 
[ERROR] Tests run: 98, Failures: 1, Errors: 2, Skipped: 0
[INFO] 
[INFO] ------------------------------------------------------------------------
[INFO] BUILD FAILURE
[INFO] ------------------------------------------------------------------------
[INFO] Total time:  01:29 min
[INFO] Finished at: 2026-09-05T13:01:58+08:00
[INFO] ------------------------------------------------------------------------
[ERROR] Failed to execute goal org.apache.maven.plugins:maven-surefire-plugin:3.5.6:test (default-test) on project marketops-server: There are test failures.
[ERROR] 
[ERROR] See /Users/chzhengx/Code/personal/marketops-platform/backend/marketops-server/target/surefire-reports for the individual test results.
[ERROR] See dump files (if any exist) [date].dump, [date]-jvmRun[N].dump and [date].dumpstream.
[ERROR] -> [Help 1]
[ERROR] 
[ERROR] To see the full stack trace of the errors, re-run Maven with the -e switch.
[ERROR] Re-run Maven using the -X switch to enable full debug logging.
[ERROR] 
[ERROR] For more information about the errors and possible solutions, please read the following articles:
[ERROR] [Help 1] http://cwiki.apache.org/confluence/display/MAVEN/MojoFailureException
