[WebServer] Picked up JAVA_TOOL_OPTIONS: -Djava.io.tmpdir=/tmp/slice3-final-browser-work.7TIa4Q/java-tmp
[WebServer] [INFO] Scanning for projects...
[WebServer] [INFO] 
[WebServer] [INFO] --------------< com.mimococo.marketops:marketops-server >---------------
[WebServer] [INFO] Building MarketOps Server 0.1.0-SNAPSHOT
[WebServer] [INFO]   from pom.xml
[WebServer] [INFO] --------------------------------[ jar ]---------------------------------
[WebServer] [INFO] 
[WebServer] [INFO] >>> spring-boot:4.1.0:test-run (browser-fixture) > test-compile @ marketops-server >>>
[WebServer] [INFO] 
[WebServer] [INFO] --- enforcer:3.6.3:enforce (enforce-toolchain-and-dependencies) @ marketops-server ---
[WebServer] [INFO] Rule 0: org.apache.maven.enforcer.rules.version.RequireJavaVersion passed
[WebServer] [INFO] Rule 1: org.apache.maven.enforcer.rules.version.RequireMavenVersion passed
[WebServer] [INFO] Rule 2: org.apache.maven.enforcer.rules.dependency.BannedDependencies passed
[WebServer] [INFO] Rule 3: org.apache.maven.enforcer.rules.dependency.DependencyConvergence passed
[WebServer] [INFO] 
[WebServer] [INFO] --- jacoco:0.8.15:prepare-agent (prepare-coverage) @ marketops-server ---
[WebServer] [INFO] argLine set to -javaagent:/Users/chzhengx/.m2/repository/org/jacoco/org.jacoco.agent/0.8.15/org.jacoco.agent-0.8.15-runtime.jar=destfile=/private/tmp/slice3-final-browser-work.7TIa4Q/source/backend/marketops-server/target/jacoco.exec
[WebServer] [INFO] 
[WebServer] [INFO] --- spring-boot:4.1.0:build-info (build-info) @ marketops-server ---
[WebServer] [INFO] 
[WebServer] [INFO] --- resources:3.5.0:resources (default-resources) @ marketops-server ---
[WebServer] [INFO] Copying 5 resources from src/main/resources to target/classes
[WebServer] [INFO] Copying 74 resources from src/main/resources to target/classes
[WebServer] [INFO] 
[WebServer] [INFO] --- compiler:3.15.0:compile (default-compile) @ marketops-server ---
[WebServer] [INFO] Recompiling the module because of changed source code.
[WebServer] [INFO] Compiling 669 source files with javac [debug deprecation parameters release 21] to target/classes
[WebServer] [WARNING] /private/tmp/slice3-final-browser-work.7TIa4Q/source/backend/marketops-server/src/main/java/com/mimococo/marketops/advertisingefficiency/internal/infrastructure/jdbc/AdvertisingRecalculationRepository.java:[118,25] trailing white space will be removed
[WebServer] [INFO] Extracting Javadoc into /private/tmp/slice3-final-browser-work.7TIa4Q/source/backend/marketops-server/./target/generated-spring-modulith/javadoc.json.
[WebServer] [WARNING] /private/tmp/slice3-final-browser-work.7TIa4Q/source/backend/marketops-server/src/main/java/com/mimococo/marketops/operationsworkflow/internal/application/AdvertisingTaskSloService.java:[55,42] isTextual() in tools.jackson.databind.JsonNode has been deprecated
[WebServer] [WARNING] /private/tmp/slice3-final-browser-work.7TIa4Q/source/backend/marketops-server/src/main/java/com/mimococo/marketops/operationsworkflow/internal/application/AdvertisingTaskSloService.java:[56,78] asText() in tools.jackson.databind.JsonNode has been deprecated
[WebServer] [WARNING] /private/tmp/slice3-final-browser-work.7TIa4Q/source/backend/marketops-server/src/main/java/com/mimococo/marketops/operationsworkflow/internal/application/AdvertisingTaskSloService.java:[60,82] isTextual() in tools.jackson.databind.JsonNode has been deprecated
[WebServer] [WARNING] /private/tmp/slice3-final-browser-work.7TIa4Q/source/backend/marketops-server/src/main/java/com/mimococo/marketops/operationsworkflow/internal/application/AdvertisingTaskSloService.java:[61,82] asText() in tools.jackson.databind.JsonNode has been deprecated[WebServer] 
[WebServer] [WARNING] /private/tmp/slice3-final-browser-work.7TIa4Q/source/backend/marketops-server/src/main/java/com/mimococo/marketops/operationsworkflow/internal/application/AdvertisingTaskSloService.java:[61,123] asText() in tools.jackson.databind.JsonNode has been deprecated
[WebServer] [WARNING] /private/tmp/slice3-final-browser-work.7TIa4Q/source/backend/marketops-server/src/main/java/com/mimococo/marketops/operationsworkflow/internal/application/AdvertisingTaskSloService.java:[67,90] asText() in tools.jackson.databind.JsonNode has been deprecated
[WebServer] [WARNING] /private/tmp/slice3-final-browser-work.7TIa4Q/source/backend/marketops-server/src/main/java/com/mimococo/marketops/shared/internal/errors/ConsoleProblemAdvice.java:[56,61] PAYLOAD_TOO_LARGE in org.springframework.http.HttpStatus has been deprecated
[WebServer] [WARNING] /private/tmp/slice3-final-browser-work.7TIa4Q/source/backend/marketops-server/src/main/java/com/mimococo/marketops/shared/internal/errors/ConsoleProblemAdvice.java:[79,66] UNPROCESSABLE_ENTITY in org.springframework.http.HttpStatus has been deprecated
[WebServer] [WARNING] /private/tmp/slice3-final-browser-work.7TIa4Q/source/backend/marketops-server/src/main/java/com/mimococo/marketops/shared/internal/migration/ManagedMigrationEvidence.java:[22,7] auto-closeable resource com.mimococo.marketops.shared.internal.migration.ManagedMigrationEvidence has a member method close() that could throw InterruptedException
[WebServer] [WARNING] /private/tmp/slice3-final-browser-work.7TIa4Q/source/backend/marketops-server/src/main/java/com/mimococo/marketops/shared/internal/migration/ManagedMigrationRunner.java:[84,18] auto-closeable resource com.mimococo.marketops.shared.internal.migration.ManagedMigrationEvidence has a member method close() that could throw InterruptedException
[WebServer] [WARNING] /private/tmp/slice3-final-browser-work.7TIa4Q/source/backend/marketops-server/src/main/java/com/mimococo/marketops/shared/internal/migration/ManagedMigrationRunner.java:[260,22] auto-closeable resource com.mimococo.marketops.shared.internal.migration.ManagedMigrationEvidence has a member method close() that could throw InterruptedException
[WebServer] [INFO] 
[WebServer] [INFO] --- resources:3.5.0:testResources (default-testResources) @ marketops-server ---
[WebServer] [INFO] Copying 4 resources from src/test/resources to target/test-classes
[WebServer] [INFO] 
[WebServer] [INFO] --- compiler:3.15.0:testCompile (default-testCompile) @ marketops-server ---
[WebServer] [INFO] Recompiling the module because of changed dependency.
[WebServer] [INFO] Compiling 312 source files with javac [debug deprecation parameters release 21] to target/test-classes
[WebServer] [WARNING] /private/tmp/slice3-final-browser-work.7TIa4Q/source/backend/marketops-server/src/test/java/com/mimococo/marketops/AdvertisingAggregateExposureIT.java:[49,81] asText() in tools.jackson.databind.JsonNode has been deprecated
[WebServer] [WARNING] /private/tmp/slice3-final-browser-work.7TIa4Q/source/backend/marketops-server/src/test/java/com/mimococo/marketops/AdvertisingAggregateExposureIT.java:[108,68] asText() in tools.jackson.databind.JsonNode has been deprecated
[WebServer] [WARNING] /private/tmp/slice3-final-browser-work.7TIa4Q/source/backend/marketops-server/src/test/java/com/mimococo/marketops/AdvertisingAggregateExposureIT.java:[162,65] asText() in tools.jackson.databind.JsonNode has been deprecated
[WebServer] [WARNING] /private/tmp/slice3-final-browser-work.7TIa4Q/source/backend/marketops-server/src/test/java/com/mimococo/marketops/AdvertisingAggregateExposureIT.java:[168,65] asText() in tools.jackson.databind.JsonNode has been deprecated
[WebServer] [WARNING] /private/tmp/slice3-final-browser-work.7TIa4Q/source/backend/marketops-server/src/test/java/com/mimococo/marketops/AdvertisingAggregateExposureIT.java:[171,76] asText() in tools.jackson.databind.JsonNode has been deprecated
[WebServer] [WARNING] /private/tmp/slice3-final-browser-work.7TIa4Q/source/backend/marketops-server/src/test/java/com/mimococo/marketops/AdvertisingAggregateExposureIT.java:[250,146] asText() in tools.jackson.databind.JsonNode has been deprecated
[WebServer] [WARNING] /private/tmp/slice3-final-browser-work.7TIa4Q/source/backend/marketops-server/src/test/java/com/mimococo/marketops/AdvertisingAuthorityVersionStopIT.java:[78,94] asText() in tools.jackson.databind.JsonNode has been deprecated
[WebServer] [WARNING] /private/tmp/slice3-final-browser-work.7TIa4Q/source/backend/marketops-server/src/test/java/com/mimococo/marketops/AdvertisingAuthorityVersionStopIT.java:[104,64] asText() in tools.jackson.databind.JsonNode has been deprecated
[WebServer] [WARNING] /private/tmp/slice3-final-browser-work.7TIa4Q/source/backend/marketops-server/src/test/java/com/mimococo/marketops/AdvertisingCrossDomainIsolationIT.java:[60,57] asText() in tools.jackson.databind.JsonNode has been deprecated
[WebServer] [WARNING] /private/tmp/slice3-final-browser-work.7TIa4Q/source/backend/marketops-server/src/test/java/com/mimococo/marketops/AdvertisingCrossDomainIsolationIT.java:[64,60] asText() in tools.jackson.databind.JsonNode has been deprecated
[WebServer] [WARNING] /private/tmp/slice3-final-browser-work.7TIa4Q/source/backend/marketops-server/src/test/java/com/mimococo/marketops/AdvertisingCrossDomainIsolationIT.java:[74,95] asText() in tools.jackson.databind.JsonNode has been deprecated
[WebServer] [WARNING] /private/tmp/slice3-final-browser-work.7TIa4Q/source/backend/marketops-server/src/test/java/com/mimococo/marketops/AdvertisingCrossDomainIsolationIT.java:[104,95] asText() in tools.jackson.databind.JsonNode has been deprecated
[WebServer] [WARNING] /private/tmp/slice3-final-browser-work.7TIa4Q/source/backend/marketops-server/src/test/java/com/mimococo/marketops/AdvertisingCrossDomainIsolationIT.java:[219,57] asText() in tools.jackson.databind.JsonNode has been deprecated
[WebServer] [WARNING] /private/tmp/slice3-final-browser-work.7TIa4Q/source/backend/marketops-server/src/test/java/com/mimococo/marketops/AdvertisingCrossDomainIsolationIT.java:[229,57] asText() in tools.jackson.databind.JsonNode has been deprecated
[WebServer] [WARNING] /private/tmp/slice3-final-browser-work.7TIa4Q/source/backend/marketops-server/src/test/java/com/mimococo/marketops/AdvertisingCrossDomainIsolationIT.java:[244,47] asText() in tools.jackson.databind.JsonNode has been deprecated
[WebServer] [WARNING] /private/tmp/slice3-final-browser-work.7TIa4Q/source/backend/marketops-server/src/test/java/com/mimococo/marketops/AdvertisingDisclosureIT.java:[83,65] asText() in tools.jackson.databind.JsonNode has been deprecated
[WebServer] [WARNING] /private/tmp/slice3-final-browser-work.7TIa4Q/source/backend/marketops-server/src/test/java/com/mimococo/marketops/AdvertisingDisclosureIT.java:[86,74] asText() in tools.jackson.databind.JsonNode has been deprecated
[WebServer] [WARNING] /private/tmp/slice3-final-browser-work.7TIa4Q/source/backend/marketops-server/src/test/java/com/mimococo/marketops/AdvertisingDisclosureIT.java:[95,83] asText() in tools.jackson.databind.JsonNode has been deprecated
[WebServer] [WARNING] /private/tmp/slice3-final-browser-work.7TIa4Q/source/backend/marketops-server/src/test/java/com/mimococo/marketops/AdvertisingDisclosureIT.java:[118,49] asText() in tools.jackson.databind.JsonNode has been deprecated
[WebServer] [WARNING] /private/tmp/slice3-final-browser-work.7TIa4Q/source/backend/marketops-server/src/test/java/com/mimococo/marketops/AdvertisingDisclosureIT.java:[167,53] asText() in tools.jackson.databind.JsonNode has been deprecated
[WebServer] [WARNING] /private/tmp/slice3-final-browser-work.7TIa4Q/source/backend/marketops-server/src/test/java/com/mimococo/marketops/AdvertisingDisclosureIT.java:[211,52] asText() in tools.jackson.databind.JsonNode has been deprecated
[WebServer] [WARNING] /private/tmp/slice3-final-browser-work.7TIa4Q/source/backend/marketops-server/src/test/java/com/mimococo/marketops/AdvertisingDisclosureIT.java:[287,75] asText() in tools.jackson.databind.JsonNode has been deprecated
[WebServer] [WARNING] /private/tmp/slice3-final-browser-work.7TIa4Q/source/backend/marketops-server/src/test/java/com/mimococo/marketops/AdvertisingDisclosureIT.java:[288,79] asText() in tools.jackson.databind.JsonNode has been deprecated
[WebServer] [WARNING] /private/tmp/slice3-final-browser-work.7TIa4Q/source/backend/marketops-server/src/test/java/com/mimococo/marketops/AdvertisingDisclosureIT.java:[291,40] asText() in tools.jackson.databind.JsonNode has been deprecated
[WebServer] [WARNING] /private/tmp/slice3-final-browser-work.7TIa4Q/source/backend/marketops-server/src/test/java/com/mimococo/marketops/AdvertisingDisclosureIT.java:[293,53] asText() in tools.jackson.databind.JsonNode has been deprecated
[WebServer] [WARNING] /private/tmp/slice3-final-browser-work.7TIa4Q/source/backend/marketops-server/src/test/java/com/mimococo/marketops/AdvertisingDisclosureIT.java:[352,57] asText() in tools.jackson.databind.JsonNode has been deprecated
[WebServer] [WARNING] /private/tmp/slice3-final-browser-work.7TIa4Q/source/backend/marketops-server/src/test/java/com/mimococo/marketops/AdvertisingDisclosureIT.java:[354,90] asText() in tools.jackson.databind.JsonNode has been deprecated
[WebServer] [WARNING] /private/tmp/slice3-final-browser-work.7TIa4Q/source/backend/marketops-server/src/test/java/com/mimococo/marketops/AdvertisingDisclosureIT.java:[405,37] asText() in tools.jackson.databind.JsonNode has been deprecated
[WebServer] [WARNING] /private/tmp/slice3-final-browser-work.7TIa4Q/source/backend/marketops-server/src/test/java/com/mimococo/marketops/AdvertisingDisclosureIT.java:[406,54] asText() in tools.jackson.databind.JsonNode has been deprecated
[WebServer] [WARNING] /private/tmp/slice3-final-browser-work.7TIa4Q/source/backend/marketops-server/src/test/java/com/mimococo/marketops/AdvertisingDisclosureIT.java:[410,48] asText() in tools.jackson.databind.JsonNode has been deprecated
[WebServer] [WARNING] /private/tmp/slice3-final-browser-work.7TIa4Q/source/backend/marketops-server/src/test/java/com/mimococo/marketops/AdvertisingDisclosureIT.java:[428,35] isTextual() in tools.jackson.databind.JsonNode has been deprecated
[WebServer] [WARNING] /private/tmp/slice3-final-browser-work.7TIa4Q/source/backend/marketops-server/src/test/java/com/mimococo/marketops/AdvertisingDisclosureIT.java:[428,55] asText() in tools.jackson.databind.JsonNode has been deprecated
[WebServer] [WARNING] /private/tmp/slice3-final-browser-work.7TIa4Q/source/backend/marketops-server/src/test/java/com/mimococo/marketops/AdvertisingDisclosureIT.java:[429,88] asText() in tools.jackson.databind.JsonNode has been deprecated
[WebServer] [WARNING] /private/tmp/slice3-final-browser-work.7TIa4Q/source/backend/marketops-server/src/test/java/com/mimococo/marketops/AdvertisingSealedAuthorityIT.java:[253,64] asText() in tools.jackson.databind.JsonNode has been deprecated
[WebServer] [WARNING] /private/tmp/slice3-final-browser-work.7TIa4Q/source/backend/marketops-server/src/test/java/com/mimococo/marketops/AdvertisingSealedAuthorityIT.java:[257,72] asText() in tools.jackson.databind.JsonNode has been deprecated
[WebServer] [WARNING] /private/tmp/slice3-final-browser-work.7TIa4Q/source/backend/marketops-server/src/test/java/com/mimococo/marketops/AdvertisingSealedAuthorityIT.java:[258,49] asText() in tools.jackson.databind.JsonNode has been deprecated
[WebServer] [WARNING] /private/tmp/slice3-final-browser-work.7TIa4Q/source/backend/marketops-server/src/test/java/com/mimococo/marketops/AdvertisingHumanWorkflowIT.java:[137,74] asText() in tools.jackson.databind.JsonNode has been deprecated
[WebServer] [WARNING] /private/tmp/slice3-final-browser-work.7TIa4Q/source/backend/marketops-server/src/test/java/com/mimococo/marketops/AdvertisingHumanWorkflowIT.java:[142,85] asText() in tools.jackson.databind.JsonNode has been deprecated
[WebServer] [WARNING] /private/tmp/slice3-final-browser-work.7TIa4Q/source/backend/marketops-server/src/test/java/com/mimococo/marketops/AdvertisingHumanWorkflowIT.java:[182,60] asText() in tools.jackson.databind.JsonNode has been deprecated
[WebServer] [WARNING] /private/tmp/slice3-final-browser-work.7TIa4Q/source/backend/marketops-server/src/test/java/com/mimococo/marketops/AdvertisingManualWorkflowIT.java:[811,69] asText() in tools.jackson.databind.JsonNode has been deprecated
[WebServer] [WARNING] /private/tmp/slice3-final-browser-work.7TIa4Q/source/backend/marketops-server/src/test/java/com/mimococo/marketops/AdvertisingMaterialityIT.java:[31,46] asText() in tools.jackson.databind.JsonNode has been deprecated
[WebServer] [WARNING] /private/tmp/slice3-final-browser-work.7TIa4Q/source/backend/marketops-server/src/test/java/com/mimococo/marketops/AdvertisingMaterialityIT.java:[72,40] asText() in tools.jackson.databind.JsonNode has been deprecated
[WebServer] [WARNING] /private/tmp/slice3-final-browser-work.7TIa4Q/source/backend/marketops-server/src/test/java/com/mimococo/marketops/AdvertisingMaterialityIT.java:[77,46] asText() in tools.jackson.databind.JsonNode has been deprecated
[WebServer] [WARNING] /private/tmp/slice3-final-browser-work.7TIa4Q/source/backend/marketops-server/src/test/java/com/mimococo/marketops/AdvertisingMaterialityIT.java:[83,40] asText() in tools.jackson.databind.JsonNode has been deprecated
[WebServer] [WARNING] /private/tmp/slice3-final-browser-work.7TIa4Q/source/backend/marketops-server/src/test/java/com/mimococo/marketops/advertisingefficiency/AdvertisingRankFactorSerializationTest.java:[18,42] asText() in tools.jackson.databind.JsonNode has been deprecated
[WebServer] [WARNING] /private/tmp/slice3-final-browser-work.7TIa4Q/source/backend/marketops-server/src/test/java/com/mimococo/marketops/advertisingefficiency/AdvertisingRankFactorSerializationTest.java:[20,43] asText() in tools.jackson.databind.JsonNode has been deprecated
[WebServer] [WARNING] /private/tmp/slice3-final-browser-work.7TIa4Q/source/backend/marketops-server/src/test/java/com/mimococo/marketops/advertisingefficiency/internal/application/AdvertisingEconomicCauseBoundIT.java:[117,60] asText() in tools.jackson.databind.JsonNode has been deprecated
[WebServer] [WARNING] /private/tmp/slice3-final-browser-work.7TIa4Q/source/backend/marketops-server/src/test/java/com/mimococo/marketops/advertisingefficiency/internal/application/AdvertisingFrozenOutcomeIT.java:[142,89] asText() in tools.jackson.databind.JsonNode has been deprecated
[WebServer] [WARNING] /private/tmp/slice3-final-browser-work.7TIa4Q/source/backend/marketops-server/src/test/java/com/mimococo/marketops/advertisingefficiency/internal/application/AdvertisingMixedPreparationIT.java:[81,50] asText() in tools.jackson.databind.JsonNode has been deprecated
[WebServer] [WARNING] /private/tmp/slice3-final-browser-work.7TIa4Q/source/backend/marketops-server/src/test/java/com/mimococo/marketops/advertisingefficiency/internal/application/AdvertisingMixedPreparationIT.java:[83,88] asText() in tools.jackson.databind.JsonNode has been deprecated
[WebServer] [WARNING] /private/tmp/slice3-final-browser-work.7TIa4Q/source/backend/marketops-server/src/test/java/com/mimococo/marketops/advertisingefficiency/internal/application/AdvertisingOutcomeServiceTest.java:[122,63] asText() in tools.jackson.databind.JsonNode has been deprecated
[WebServer] [WARNING] /private/tmp/slice3-final-browser-work.7TIa4Q/source/backend/marketops-server/src/test/java/com/mimococo/marketops/aicopilot/internal/application/OutputValidatorTest.java:[161,56] redundant cast to java.lang.String
[WebServer] [WARNING] /private/tmp/slice3-final-browser-work.7TIa4Q/source/backend/marketops-server/src/test/java/com/mimococo/marketops/marketplaceintegration/adapter/http/PlatformHttpAdaptersTest.java:[103,70] unchecked generic array creation for varargs parameter of type java.util.Optional<java.lang.String>[]
[WebServer] [INFO] 
[WebServer] [INFO] <<< spring-boot:4.1.0:test-run (browser-fixture) < test-compile @ marketops-server <<<
[WebServer] [INFO] 
[WebServer] [INFO] 
[WebServer] [INFO] --- spring-boot:4.1.0:test-run (browser-fixture) @ marketops-server ---
[WebServer] [INFO] Attaching agents: []
[WebServer] Picked up JAVA_TOOL_OPTIONS: -Djava.io.tmpdir=/tmp/slice3-final-browser-work.7TIa4Q/java-tmp
[WebServer] 2026-09-06T17:33:59.435Z INFO  application=marketops-server environment=local buildVersion=0.1.0-SNAPSHOT correlationId=none c.m.m.BrowserFixtureApplication - Starting BrowserFixtureApplication v0.1.0-SNAPSHOT using Java 21.0.10 with PID 9255 (/private/tmp/slice3-final-browser-work.7TIa4Q/source/backend/marketops-server/target/test-classes started by chzhengx in /private/tmp/slice3-final-browser-work.7TIa4Q/source/backend/marketops-server) 
[WebServer] 2026-09-06T17:33:59.437Z INFO  application=marketops-server environment=local buildVersion=0.1.0-SNAPSHOT correlationId=none c.m.m.BrowserFixtureApplication - The following 1 profile is active: "local" 
[WebServer] 2026-09-06T17:34:01.672Z INFO  application=marketops-server environment=local buildVersion=0.1.0-SNAPSHOT correlationId=none o.s.boot.tomcat.TomcatWebServer - Tomcat initialized with port 8080 (http) 
[WebServer] 2026-09-06T17:34:01.694Z INFO  application=marketops-server environment=local buildVersion=0.1.0-SNAPSHOT correlationId=none o.a.catalina.core.StandardService - Starting service [Tomcat] 
[WebServer] 2026-09-06T17:34:01.694Z INFO  application=marketops-server environment=local buildVersion=0.1.0-SNAPSHOT correlationId=none o.a.catalina.core.StandardEngine - Starting Servlet engine: [Apache Tomcat/11.0.22] 
[WebServer] 2026-09-06T17:34:01.738Z INFO  application=marketops-server environment=local buildVersion=0.1.0-SNAPSHOT correlationId=none o.s.b.w.c.s.WebApplicationContextInitializer - Root WebApplicationContext: initialization completed in 2255 ms 
[WebServer] 2026-09-06T17:34:10.242Z INFO  application=marketops-server environment=local buildVersion=0.1.0-SNAPSHOT correlationId=none o.s.b.a.e.web.EndpointLinksResolver - Exposing 2 endpoints beneath base path '/actuator' 
[WebServer] 2026-09-06T17:34:10.287Z INFO  application=marketops-server environment=local buildVersion=0.1.0-SNAPSHOT correlationId=none o.s.boot.tomcat.TomcatWebServer - Tomcat started on port 8080 (http) with context path '/' 
[WebServer] 2026-09-06T17:34:10.295Z INFO  application=marketops-server environment=local buildVersion=0.1.0-SNAPSHOT correlationId=none c.m.m.BrowserFixtureApplication - Started BrowserFixtureApplication in 12.393 seconds (process running for 12.706) 
[WebServer] 2026-09-06T17:34:11.191Z INFO  application=marketops-server environment=local buildVersion=0.1.0-SNAPSHOT correlationId=none c.m.m.a.i.a.JdbcMetadataAuditStore - Metadata change recorded event="metadata_change_recorded" sourceDomain="identityaccess" entityType="user-role-assignment" entityId="c5c2a0e5-54f5-46d8-b97a-984827056e75" action="GRANT" actorId="synthetic-browser" correlationId="cd331e81-8639-4bc7-9148-e39cebd45131"
[WebServer] 2026-09-06T17:34:11.202Z INFO  application=marketops-server environment=local buildVersion=0.1.0-SNAPSHOT correlationId=none c.m.m.a.i.a.JdbcMetadataAuditStore - Metadata change recorded event="metadata_change_recorded" sourceDomain="identityaccess" entityType="user-scope-grant" entityId="5fc72a19-bc6b-4a40-a7a8-bb10da19949b" action="GRANT" actorId="synthetic-browser" correlationId="2565f3b4-dfaf-4b64-a91c-a569dc976c5c"
[WebServer] 2026-09-06T17:34:11.205Z INFO  application=marketops-server environment=local buildVersion=0.1.0-SNAPSHOT correlationId=none c.m.m.a.i.a.JdbcMetadataAuditStore - Metadata change recorded event="metadata_change_recorded" sourceDomain="identityaccess" entityType="user-scope-grant" entityId="b704cc88-4845-4533-967e-8516bf58b783" action="GRANT" actorId="synthetic-browser" correlationId="004fffc3-8b82-41d4-b425-66a7e1a344fc"
[WebServer] 2026-09-06T17:34:11.209Z INFO  application=marketops-server environment=local buildVersion=0.1.0-SNAPSHOT correlationId=none c.m.m.a.i.a.JdbcMetadataAuditStore - Metadata change recorded event="metadata_change_recorded" sourceDomain="identityaccess" entityType="user-scope-grant" entityId="651534d0-158a-4d3c-a4d6-702907d05a5f" action="GRANT" actorId="synthetic-browser" correlationId="c3d46b17-3784-408c-9809-e1847c97edc8"
[WebServer] 2026-09-06T17:34:11.213Z INFO  application=marketops-server environment=local buildVersion=0.1.0-SNAPSHOT correlationId=none c.m.m.a.i.a.JdbcMetadataAuditStore - Metadata change recorded event="metadata_change_recorded" sourceDomain="identityaccess" entityType="user-scope-grant" entityId="ceade977-4636-470b-95db-1f75d7501da2" action="GRANT" actorId="synthetic-browser" correlationId="9aa834ec-0d70-4f69-bebc-152e930e6c21"
[WebServer] 2026-09-06T17:34:11.216Z INFO  application=marketops-server environment=local buildVersion=0.1.0-SNAPSHOT correlationId=none c.m.m.a.i.a.JdbcMetadataAuditStore - Metadata change recorded event="metadata_change_recorded" sourceDomain="identityaccess" entityType="user-scope-grant" entityId="480cb513-5c4c-4858-90db-468d63d5e444" action="GRANT" actorId="synthetic-browser" correlationId="6db82bc9-fdc6-4ef9-b5d3-6b3570f1f8c0"
[WebServer] 2026-09-06T17:34:11.219Z INFO  application=marketops-server environment=local buildVersion=0.1.0-SNAPSHOT correlationId=none c.m.m.a.i.a.JdbcMetadataAuditStore - Metadata change recorded event="metadata_change_recorded" sourceDomain="identityaccess" entityType="user-scope-grant" entityId="9da31111-3be7-42ad-badb-e2495123b431" action="GRANT" actorId="synthetic-browser" correlationId="7ed0db70-f70e-418a-b7ce-623396ca8827"
[WebServer] 2026-09-06T17:34:11.222Z INFO  application=marketops-server environment=local buildVersion=0.1.0-SNAPSHOT correlationId=none c.m.m.a.i.a.JdbcMetadataAuditStore - Metadata change recorded event="metadata_change_recorded" sourceDomain="identityaccess" entityType="user-scope-grant" entityId="3c59c2bc-42b7-4134-b475-a5206e257e42" action="GRANT" actorId="synthetic-browser" correlationId="e092711b-668a-4431-b7eb-0e50f4361d25"
[WebServer] 2026-09-06T17:34:11.225Z INFO  application=marketops-server environment=local buildVersion=0.1.0-SNAPSHOT correlationId=none c.m.m.a.i.a.JdbcMetadataAuditStore - Metadata change recorded event="metadata_change_recorded" sourceDomain="identityaccess" entityType="user-scope-grant" entityId="22dac161-5285-4a6d-911c-d42f704e10dd" action="GRANT" actorId="synthetic-browser" correlationId="6976ab6f-b345-479f-93ea-ea932f92f235"
[WebServer] 2026-09-06T17:34:11.228Z INFO  application=marketops-server environment=local buildVersion=0.1.0-SNAPSHOT correlationId=none c.m.m.a.i.a.JdbcMetadataAuditStore - Metadata change recorded event="metadata_change_recorded" sourceDomain="identityaccess" entityType="user-scope-grant" entityId="e707bef1-6003-4df2-acad-1dc90fa2ab36" action="GRANT" actorId="synthetic-browser" correlationId="92dd8112-c48e-45b3-83f4-7d46ce73a179"
[WebServer] 2026-09-06T17:34:11.692Z INFO  application=marketops-server environment=local buildVersion=0.1.0-SNAPSHOT correlationId=none c.m.m.a.i.a.JdbcMetadataAuditStore - Metadata change recorded event="metadata_change_recorded" sourceDomain="operationsworkflow" entityType="availability_case" entityId="362e9107-6243-4398-a792-42f488a696e1" action="CREATE" actorId="availability-risk-calculation" correlationId="ad0e8fb0-7fe5-4392-8109-5bfce0ea4026"
[WebServer] 2026-09-06T17:34:11.696Z INFO  application=marketops-server environment=local buildVersion=0.1.0-SNAPSHOT correlationId=none c.m.m.a.i.a.JdbcMetadataAuditStore - Metadata change recorded event="metadata_change_recorded" sourceDomain="operationsworkflow" entityType="availability_case" entityId="1bf89ee4-b1b9-4567-b5d6-64d0f7c8e33a" action="CREATE" actorId="availability-risk-calculation" correlationId="8e308d0a-fff5-4755-8058-42fd4f9418b0"
[WebServer] 2026-09-06T17:34:11.724Z INFO  application=marketops-server environment=local buildVersion=0.1.0-SNAPSHOT correlationId=none c.m.m.a.i.a.JdbcMetadataAuditStore - Metadata change recorded event="metadata_change_recorded" sourceDomain="operationsworkflow" entityType="commercial-policy" entityId="26200f4f-abd8-4561-874d-12bf50cbdcfe" action="POLICY_CHANGE" actorId="1533c257-de0f-4c60-bf50-5f6d98c1ea8e" correlationId="f5fb2dc4-4e79-4470-97aa-d09d2b401ac7"
[WebServer] 2026-09-06T17:34:11.743Z INFO  application=marketops-server environment=local buildVersion=0.1.0-SNAPSHOT correlationId=none c.m.m.a.i.a.JdbcMetadataAuditStore - Metadata change recorded event="metadata_change_recorded" sourceDomain="operationsworkflow" entityType="recommendation" entityId="3b8f145b-c270-4173-ae2d-11d91d7664da" action="CREATE" actorId="1533c257-de0f-4c60-bf50-5f6d98c1ea8e" correlationId="0f215589-e433-4afd-80e3-c4223fb833c3"
[WebServer] 2026-09-06T17:34:11.752Z INFO  application=marketops-server environment=local buildVersion=0.1.0-SNAPSHOT correlationId=none c.m.m.a.i.a.JdbcMetadataAuditStore - Metadata change recorded event="metadata_change_recorded" sourceDomain="operationsworkflow" entityType="recommendation" entityId="3b8f145b-c270-4173-ae2d-11d91d7664da" action="STATUS_CHANGE" actorId="1533c257-de0f-4c60-bf50-5f6d98c1ea8e" correlationId="8d4bb659-7bed-4c86-b9e1-6fcd3da1d820"
[WebServer] 2026-09-06T17:34:11.757Z INFO  application=marketops-server environment=local buildVersion=0.1.0-SNAPSHOT correlationId=none c.m.m.a.i.a.JdbcMetadataAuditStore - Metadata change recorded event="metadata_change_recorded" sourceDomain="operationsworkflow" entityType="recommendation" entityId="3b8f145b-c270-4173-ae2d-11d91d7664da" action="STATUS_CHANGE" actorId="1533c257-de0f-4c60-bf50-5f6d98c1ea8e" correlationId="b47abde6-a189-48fb-83f6-413a8a91ca1c"
[WebServer] 2026-09-06T17:34:11.764Z INFO  application=marketops-server environment=local buildVersion=0.1.0-SNAPSHOT correlationId=none c.m.m.a.i.a.JdbcMetadataAuditStore - Metadata change recorded event="metadata_change_recorded" sourceDomain="operationsworkflow" entityType="pilot-allowlist-entry" entityId="469ffe3d-c4a8-4e73-964e-f55127e13ead" action="GRANT" actorId="1533c257-de0f-4c60-bf50-5f6d98c1ea8e" correlationId="91f44381-531a-40fb-a0ab-a799e29fbf82"

Running 25 tests using 1 worker

[WebServer] 2026-09-06T17:34:19.598Z INFO  application=marketops-server environment=local buildVersion=0.1.0-SNAPSHOT correlationId=none o.a.c.c.C.[Tomcat].[localhost].[/] - Initializing Spring DispatcherServlet 'dispatcherServlet' 
[WebServer] 2026-09-06T17:34:19.599Z INFO  application=marketops-server environment=local buildVersion=0.1.0-SNAPSHOT correlationId=none o.s.web.servlet.DispatcherServlet - Initializing Servlet 'dispatcherServlet' 
[WebServer] 2026-09-06T17:34:19.607Z INFO  application=marketops-server environment=local buildVersion=0.1.0-SNAPSHOT correlationId=none o.s.web.servlet.DispatcherServlet - Completed initialization in 8 ms 
[WebServer] 2026-09-06T17:34:19.651Z INFO  application=marketops-server environment=local buildVersion=0.1.0-SNAPSHOT correlationId=ba77373a-e427-4e15-83cc-e1efc0994e5e c.m.m.s.i.c.CorrelationIdFilter - Request completed event="request_completed" correlationId="ba77373a-e427-4e15-83cc-e1efc0994e5e" status="401"
  ✓   1 tests/browser/advertising-brief.spec.ts:155:5 › TC-BROWSER-017 the brief reads are refused without an authenticated caller › the backend refuses /api/v1/console/advertising/briefs/DAILY_ACTION_BRIEF with no token (502ms)
[WebServer] 2026-09-06T17:34:19.808Z INFO  application=marketops-server environment=local buildVersion=0.1.0-SNAPSHOT correlationId=645fffc6-1634-47c6-bb85-0cfbf91366c7 c.m.m.s.i.c.CorrelationIdFilter - Request completed event="request_completed" correlationId="645fffc6-1634-47c6-bb85-0cfbf91366c7" status="401"
  ✓   2 tests/browser/advertising-brief.spec.ts:155:5 › TC-BROWSER-017 the brief reads are refused without an authenticated caller › the backend refuses /api/v1/console/advertising/briefs/DAILY_ACTION_BRIEF/2026-09-04 with no token (131ms)
[WebServer] 2026-09-06T17:34:19.866Z INFO  application=marketops-server environment=local buildVersion=0.1.0-SNAPSHOT correlationId=fd592c5a-2e90-40ce-9c1e-b024b39c8a37 c.m.m.s.i.c.CorrelationIdFilter - Request completed event="request_completed" correlationId="fd592c5a-2e90-40ce-9c1e-b024b39c8a37" status="200"
[WebServer] 2026-09-06T17:34:19.940Z INFO  application=marketops-server environment=local buildVersion=0.1.0-SNAPSHOT correlationId=7dc40f06-7feb-44fc-b312-42c1ff0b92b2 c.m.m.s.i.c.CorrelationIdFilter - Request completed event="request_completed" correlationId="7dc40f06-7feb-44fc-b312-42c1ff0b92b2" status="401"
[WebServer] 2026-09-06T17:34:19.942Z INFO  application=marketops-server environment=local buildVersion=0.1.0-SNAPSHOT correlationId=c6302fd1-210c-4396-a649-fe5febd672c2 c.m.m.s.i.c.CorrelationIdFilter - Request completed event="request_completed" correlationId="c6302fd1-210c-4396-a649-fe5febd672c2" status="200"
  ✓   3 tests/browser/advertising-brief.spec.ts:155:5 › TC-BROWSER-017 the brief reads are refused without an authenticated caller › the backend refuses /api/v1/console/advertising/briefs/DAILY_ACTION_BRIEF/2026-09-04/history with no token (129ms)
[WebServer] 2026-09-06T17:34:20.043Z INFO  application=marketops-server environment=local buildVersion=0.1.0-SNAPSHOT correlationId=eef3f53c-b2bb-4485-9abe-a3ecc6664b55 c.m.m.s.i.c.CorrelationIdFilter - Request completed event="request_completed" correlationId="eef3f53c-b2bb-4485-9abe-a3ecc6664b55" status="200"
[WebServer] 2026-09-06T17:34:20.171Z INFO  application=marketops-server environment=local buildVersion=0.1.0-SNAPSHOT correlationId=8e1c5bcb-6fba-468f-aa9d-9e197b1325af c.m.m.s.i.c.CorrelationIdFilter - Request completed event="request_completed" correlationId="8e1c5bcb-6fba-468f-aa9d-9e197b1325af" status="200"
[WebServer] 2026-09-06T17:34:20.229Z INFO  application=marketops-server environment=local buildVersion=0.1.0-SNAPSHOT correlationId=c6a451d7-6940-476f-9eb7-7ec43fd252f8 c.m.m.s.i.c.CorrelationIdFilter - Request completed event="request_completed" correlationId="c6a451d7-6940-476f-9eb7-7ec43fd252f8" status="401"
[WebServer] 2026-09-06T17:34:20.229Z INFO  application=marketops-server environment=local buildVersion=0.1.0-SNAPSHOT correlationId=ff28ae5f-91a0-407f-9141-a656819b70d7 c.m.m.s.i.c.CorrelationIdFilter - Request completed event="request_completed" correlationId="ff28ae5f-91a0-407f-9141-a656819b70d7" status="401"
[WebServer] 2026-09-06T17:34:20.230Z INFO  application=marketops-server environment=local buildVersion=0.1.0-SNAPSHOT correlationId=4c2dc96d-ea0f-466b-b89c-87c2ff447102 c.m.m.s.i.c.CorrelationIdFilter - Request completed event="request_completed" correlationId="4c2dc96d-ea0f-466b-b89c-87c2ff447102" status="401"
  ✓   4 tests/browser/advertising-brief.spec.ts:173:3 › TC-BROWSER-018 the brief renders as published › every section is shown, including the ones that found nothing (329ms)
[WebServer] 2026-09-06T17:34:20.328Z INFO  application=marketops-server environment=local buildVersion=0.1.0-SNAPSHOT correlationId=88ad1a87-ce87-47aa-8419-d8d0b3d51fc5 c.m.m.s.i.c.CorrelationIdFilter - Request completed event="request_completed" correlationId="88ad1a87-ce87-47aa-8419-d8d0b3d51fc5" status="200"
[WebServer] 2026-09-06T17:34:20.480Z INFO  application=marketops-server environment=local buildVersion=0.1.0-SNAPSHOT correlationId=a9d893e8-385c-4dad-8588-8d3fc44df5d3 c.m.m.s.i.c.CorrelationIdFilter - Request completed event="request_completed" correlationId="a9d893e8-385c-4dad-8588-8d3fc44df5d3" status="401"
[WebServer] 2026-09-06T17:34:20.480Z INFO  application=marketops-server environment=local buildVersion=0.1.0-SNAPSHOT correlationId=c630e27a-06ac-4839-9e12-b1d1944effd0 c.m.m.s.i.c.CorrelationIdFilter - Request completed event="request_completed" correlationId="c630e27a-06ac-4839-9e12-b1d1944effd0" status="401"
[WebServer] 2026-09-06T17:34:20.482Z INFO  application=marketops-server environment=local buildVersion=0.1.0-SNAPSHOT correlationId=a324800b-54ab-4f15-bd6c-7b2969be10b0 c.m.m.s.i.c.CorrelationIdFilter - Request completed event="request_completed" correlationId="a324800b-54ab-4f15-bd6c-7b2969be10b0" status="401"
[WebServer] 2026-09-06T17:34:20.515Z INFO  application=marketops-server environment=local buildVersion=0.1.0-SNAPSHOT correlationId=861f159b-b5c5-4612-a2d2-6a34b093b2ff c.m.m.s.i.c.CorrelationIdFilter - Request completed event="request_completed" correlationId="861f159b-b5c5-4612-a2d2-6a34b093b2ff" status="200"
[WebServer] 2026-09-06T17:34:20.573Z INFO  application=marketops-server environment=local buildVersion=0.1.0-SNAPSHOT correlationId=d72cf908-01fd-4db5-81e3-c5531fbfa1b3 c.m.m.s.i.c.CorrelationIdFilter - Request completed event="request_completed" correlationId="d72cf908-01fd-4db5-81e3-c5531fbfa1b3" status="200"
  ✓   5 tests/browser/advertising-brief.spec.ts:199:3 › TC-BROWSER-018 the brief renders as published › a restatement keeps the reading somebody acted on (271ms)
[WebServer] 2026-09-06T17:34:20.752Z INFO  application=marketops-server environment=local buildVersion=0.1.0-SNAPSHOT correlationId=52475340-8ce0-407a-92b4-805f2db25c07 c.m.m.s.i.c.CorrelationIdFilter - Request completed event="request_completed" correlationId="52475340-8ce0-407a-92b4-805f2db25c07" status="401"
[WebServer] 2026-09-06T17:34:20.754Z INFO  application=marketops-server environment=local buildVersion=0.1.0-SNAPSHOT correlationId=04623673-278a-4ad1-b7bb-a7de9a1a34a0 c.m.m.s.i.c.CorrelationIdFilter - Request completed event="request_completed" correlationId="04623673-278a-4ad1-b7bb-a7de9a1a34a0" status="401"
[WebServer] 2026-09-06T17:34:20.758Z INFO  application=marketops-server environment=local buildVersion=0.1.0-SNAPSHOT correlationId=bc11992b-ea31-471c-ae06-a82d8eda23f7 c.m.m.s.i.c.CorrelationIdFilter - Request completed event="request_completed" correlationId="bc11992b-ea31-471c-ae06-a82d8eda23f7" status="401"
[WebServer] 2026-09-06T17:34:20.786Z INFO  application=marketops-server environment=local buildVersion=0.1.0-SNAPSHOT correlationId=1b89ff5d-038f-46eb-9c21-6c7147728c4d c.m.m.s.i.c.CorrelationIdFilter - Request completed event="request_completed" correlationId="1b89ff5d-038f-46eb-9c21-6c7147728c4d" status="200"
  ✓   6 tests/browser/advertising-brief.spec.ts:218:3 › TC-BROWSER-018 the brief renders as published › nothing published is stated, not shown as a fault (216ms)
[WebServer] 2026-09-06T17:34:20.842Z INFO  application=marketops-server environment=local buildVersion=0.1.0-SNAPSHOT correlationId=2ea7cb4e-8c7f-41f6-bc93-51d996ffa0dc c.m.m.s.i.c.CorrelationIdFilter - Request completed event="request_completed" correlationId="2ea7cb4e-8c7f-41f6-bc93-51d996ffa0dc" status="200"
[WebServer] 2026-09-06T17:34:20.904Z INFO  application=marketops-server environment=local buildVersion=0.1.0-SNAPSHOT correlationId=7e7ad3a3-66ba-4992-8a3b-0d8e2045ee42 c.m.m.s.i.c.CorrelationIdFilter - Request completed event="request_completed" correlationId="7e7ad3a3-66ba-4992-8a3b-0d8e2045ee42" status="401"
  ✓   7 tests/browser/advertising-execution.spec.ts:169:5 › TC-BROWSER-015 the advertising reads are refused without an authenticated caller › the backend refuses /api/v1/console/advertising/reservations with no token (114ms)
[WebServer] 2026-09-06T17:34:20.999Z INFO  application=marketops-server environment=local buildVersion=0.1.0-SNAPSHOT correlationId=0a31b396-6c7a-4b1c-b3cd-d2d62fbd3ec0 c.m.m.s.i.c.CorrelationIdFilter - Request completed event="request_completed" correlationId="0a31b396-6c7a-4b1c-b3cd-d2d62fbd3ec0" status="200"
[WebServer] 2026-09-06T17:34:21.035Z INFO  application=marketops-server environment=local buildVersion=0.1.0-SNAPSHOT correlationId=228af00c-e07a-4081-9052-fbfc76175660 c.m.m.s.i.c.CorrelationIdFilter - Request completed event="request_completed" correlationId="228af00c-e07a-4081-9052-fbfc76175660" status="401"
  ✓   8 tests/browser/advertising-execution.spec.ts:169:5 › TC-BROWSER-015 the advertising reads are refused without an authenticated caller › the backend refuses /api/v1/console/advertising/exposure with no token (127ms)
[WebServer] 2026-09-06T17:34:21.131Z INFO  application=marketops-server environment=local buildVersion=0.1.0-SNAPSHOT correlationId=ec3b1290-2b00-472a-8c8c-2839fd65ab48 c.m.m.s.i.c.CorrelationIdFilter - Request completed event="request_completed" correlationId="ec3b1290-2b00-472a-8c8c-2839fd65ab48" status="200"
[WebServer] 2026-09-06T17:34:21.171Z INFO  application=marketops-server environment=local buildVersion=0.1.0-SNAPSHOT correlationId=29732495-107b-4822-a05c-495ec6707fc6 c.m.m.s.i.c.CorrelationIdFilter - Request completed event="request_completed" correlationId="29732495-107b-4822-a05c-495ec6707fc6" status="401"
  ✓   9 tests/browser/advertising-execution.spec.ts:169:5 › TC-BROWSER-015 the advertising reads are refused without an authenticated caller › the backend refuses /api/v1/console/advertising/containments with no token (130ms)
[WebServer] 2026-09-06T17:34:21.317Z INFO  application=marketops-server environment=local buildVersion=0.1.0-SNAPSHOT correlationId=db5846ee-85a4-43b4-bc20-d9c803b2245b c.m.m.s.i.c.CorrelationIdFilter - Request completed event="request_completed" correlationId="db5846ee-85a4-43b4-bc20-d9c803b2245b" status="200"
[WebServer] 2026-09-06T17:34:21.319Z INFO  application=marketops-server environment=local buildVersion=0.1.0-SNAPSHOT correlationId=798ddabf-d173-46ee-aa4c-22a481d35a2b c.m.m.s.i.c.CorrelationIdFilter - Request completed event="request_completed" correlationId="798ddabf-d173-46ee-aa4c-22a481d35a2b" status="401"
  ✓  10 tests/browser/advertising-execution.spec.ts:185:3 › TC-BROWSER-015 the advertising reads are refused without an authenticated caller › the backend refuses an advertising read carrying a made-up token (144ms)
[WebServer] 2026-09-06T17:34:21.426Z INFO  application=marketops-server environment=local buildVersion=0.1.0-SNAPSHOT correlationId=f4cfe732-4775-4a0f-87fa-128ed2f4301e c.m.m.s.i.c.CorrelationIdFilter - Request completed event="request_completed" correlationId="f4cfe732-4775-4a0f-87fa-128ed2f4301e" status="200"
[WebServer] 2026-09-06T17:34:21.535Z INFO  application=marketops-server environment=local buildVersion=0.1.0-SNAPSHOT correlationId=1c906fc9-6b84-428a-9737-8135d0f6211d c.m.m.s.i.c.CorrelationIdFilter - Request completed event="request_completed" correlationId="1c906fc9-6b84-428a-9737-8135d0f6211d" status="401"
[WebServer] 2026-09-06T17:34:21.541Z INFO  application=marketops-server environment=local buildVersion=0.1.0-SNAPSHOT correlationId=33b8d4f7-7cbe-4566-b221-6406f7a2b6ef c.m.m.s.i.c.CorrelationIdFilter - Request completed event="request_completed" correlationId="33b8d4f7-7cbe-4566-b221-6406f7a2b6ef" status="401"
[WebServer] 2026-09-06T17:34:21.542Z INFO  application=marketops-server environment=local buildVersion=0.1.0-SNAPSHOT correlationId=43f3cca7-9c76-4d2d-b2a4-70b0742f8195 c.m.m.s.i.c.CorrelationIdFilter - Request completed event="request_completed" correlationId="43f3cca7-9c76-4d2d-b2a4-70b0742f8195" status="401"
[WebServer] 2026-09-06T17:34:21.543Z INFO  application=marketops-server environment=local buildVersion=0.1.0-SNAPSHOT correlationId=87a90a75-8e16-49b4-a173-bda2f2d0712b c.m.m.s.i.c.CorrelationIdFilter - Request completed event="request_completed" correlationId="87a90a75-8e16-49b4-a173-bda2f2d0712b" status="401"
[WebServer] 2026-09-06T17:34:21.552Z INFO  application=marketops-server environment=local buildVersion=0.1.0-SNAPSHOT correlationId=af2bfb46-a381-4a3c-be37-3ff02b293c68 c.m.m.s.i.c.CorrelationIdFilter - Request completed event="request_completed" correlationId="af2bfb46-a381-4a3c-be37-3ff02b293c68" status="401"
[WebServer] 2026-09-06T17:34:21.568Z INFO  application=marketops-server environment=local buildVersion=0.1.0-SNAPSHOT correlationId=2234629e-9eef-4ae7-bfc4-3fa9a96fec24 c.m.m.s.i.c.CorrelationIdFilter - Request completed event="request_completed" correlationId="2234629e-9eef-4ae7-bfc4-3fa9a96fec24" status="200"
[WebServer] 2026-09-06T17:34:21.627Z INFO  application=marketops-server environment=local buildVersion=0.1.0-SNAPSHOT correlationId=f2e7e576-127d-4f77-a7e1-5ea31d6b2d10 c.m.m.s.i.c.CorrelationIdFilter - Request completed event="request_completed" correlationId="f2e7e576-127d-4f77-a7e1-5ea31d6b2d10" status="200"
  ✓  11 tests/browser/advertising-execution.spec.ts:203:3 › TC-BROWSER-016 the execution surfaces render in a real browser › the envelope is shown axis by axis, with no combined figure (356ms)
[WebServer] 2026-09-06T17:34:21.890Z INFO  application=marketops-server environment=local buildVersion=0.1.0-SNAPSHOT correlationId=c32f0540-b230-4502-8636-361f17d468ca c.m.m.s.i.c.CorrelationIdFilter - Request completed event="request_completed" correlationId="c32f0540-b230-4502-8636-361f17d468ca" status="401"
[WebServer] 2026-09-06T17:34:21.891Z INFO  application=marketops-server environment=local buildVersion=0.1.0-SNAPSHOT correlationId=5041fd6d-bb1c-4e42-ad44-0e66ed45bb72 c.m.m.s.i.c.CorrelationIdFilter - Request completed event="request_completed" correlationId="5041fd6d-bb1c-4e42-ad44-0e66ed45bb72" status="401"
[WebServer] 2026-09-06T17:34:21.893Z INFO  application=marketops-server environment=local buildVersion=0.1.0-SNAPSHOT correlationId=945eefda-fa50-420c-b5ba-8f47e1c375c3 c.m.m.s.i.c.CorrelationIdFilter - Request completed event="request_completed" correlationId="945eefda-fa50-420c-b5ba-8f47e1c375c3" status="401"
[WebServer] 2026-09-06T17:34:21.897Z INFO  application=marketops-server environment=local buildVersion=0.1.0-SNAPSHOT correlationId=ca5ea9c9-cd7b-4e71-a98b-0a22003a79ac c.m.m.s.i.c.CorrelationIdFilter - Request completed event="request_completed" correlationId="ca5ea9c9-cd7b-4e71-a98b-0a22003a79ac" status="401"
[WebServer] 2026-09-06T17:34:21.897Z INFO  application=marketops-server environment=local buildVersion=0.1.0-SNAPSHOT correlationId=75bb504a-74d1-469e-a199-9df83128308f c.m.m.s.i.c.CorrelationIdFilter - Request completed event="request_completed" correlationId="75bb504a-74d1-469e-a199-9df83128308f" status="401"
[WebServer] 2026-09-06T17:34:21.908Z INFO  application=marketops-server environment=local buildVersion=0.1.0-SNAPSHOT correlationId=a203683a-06f6-49ab-9f14-6dc515542dba c.m.m.s.i.c.CorrelationIdFilter - Request completed event="request_completed" correlationId="a203683a-06f6-49ab-9f14-6dc515542dba" status="200"
  ✓  12 tests/browser/advertising-execution.spec.ts:257:3 › TC-BROWSER-016 the execution surfaces render in a real browser › a hold names its kind and every condition still outstanding (254ms)
[WebServer] 2026-09-06T17:34:21.982Z INFO  application=marketops-server environment=local buildVersion=0.1.0-SNAPSHOT correlationId=f19986e7-0678-4e5d-b0dc-213964a87178 c.m.m.s.i.c.CorrelationIdFilter - Request completed event="request_completed" correlationId="f19986e7-0678-4e5d-b0dc-213964a87178" status="200"
[WebServer] 2026-09-06T17:34:22.169Z INFO  application=marketops-server environment=local buildVersion=0.1.0-SNAPSHOT correlationId=09181ce8-8dc0-4f13-be03-3c33e4d7c66b c.m.m.s.i.c.CorrelationIdFilter - Request completed event="request_completed" correlationId="09181ce8-8dc0-4f13-be03-3c33e4d7c66b" status="401"
[WebServer] 2026-09-06T17:34:22.169Z INFO  application=marketops-server environment=local buildVersion=0.1.0-SNAPSHOT correlationId=7d39bd1e-d2b1-479b-95d4-cdfdf095f989 c.m.m.s.i.c.CorrelationIdFilter - Request completed event="request_completed" correlationId="7d39bd1e-d2b1-479b-95d4-cdfdf095f989" status="401"
[WebServer] 2026-09-06T17:34:22.175Z INFO  application=marketops-server environment=local buildVersion=0.1.0-SNAPSHOT correlationId=d8cf38a0-2269-4371-9cb0-10e2bd48e7f3 c.m.m.s.i.c.CorrelationIdFilter - Request completed event="request_completed" correlationId="d8cf38a0-2269-4371-9cb0-10e2bd48e7f3" status="401"
[WebServer] 2026-09-06T17:34:22.175Z INFO  application=marketops-server environment=local buildVersion=0.1.0-SNAPSHOT correlationId=63fa26d2-009c-498a-9e38-d470871039a9 c.m.m.s.i.c.CorrelationIdFilter - Request completed event="request_completed" correlationId="63fa26d2-009c-498a-9e38-d470871039a9" status="401"
[WebServer] 2026-09-06T17:34:22.181Z INFO  application=marketops-server environment=local buildVersion=0.1.0-SNAPSHOT correlationId=c03f894a-c152-46b6-a5bb-6cca8ba7eea6 c.m.m.s.i.c.CorrelationIdFilter - Request completed event="request_completed" correlationId="c03f894a-c152-46b6-a5bb-6cca8ba7eea6" status="401"
[WebServer] 2026-09-06T17:34:22.215Z INFO  application=marketops-server environment=local buildVersion=0.1.0-SNAPSHOT correlationId=384d4bd7-f826-4aa1-8232-e92dc6116b6c c.m.m.s.i.c.CorrelationIdFilter - Request completed event="request_completed" correlationId="384d4bd7-f826-4aa1-8232-e92dc6116b6c" status="200"
[WebServer] 2026-09-06T17:34:22.254Z INFO  application=marketops-server environment=local buildVersion=0.1.0-SNAPSHOT correlationId=835ed537-1998-4261-a145-f9c9f4a62f98 c.m.m.s.i.c.CorrelationIdFilter - Request completed event="request_completed" correlationId="835ed537-1998-4261-a145-f9c9f4a62f98" status="200"
  ✓  13 tests/browser/advertising-execution.spec.ts:280:3 › TC-BROWSER-016 the execution surfaces render in a real browser › no envelope is presented as no write at all, not as an empty one (294ms)
[WebServer] 2026-09-06T17:34:22.490Z INFO  application=marketops-server environment=local buildVersion=0.1.0-SNAPSHOT correlationId=85828229-7f9d-4486-b3a5-9e97d155ec71 c.m.m.s.i.c.CorrelationIdFilter - Request completed event="request_completed" correlationId="85828229-7f9d-4486-b3a5-9e97d155ec71" status="200"
[WebServer] 2026-09-06T17:34:22.544Z INFO  application=marketops-server environment=local buildVersion=0.1.0-SNAPSHOT correlationId=9bd764af-bbb4-447c-8738-ce6567f320b0 c.m.m.s.i.c.CorrelationIdFilter - Request completed event="request_completed" correlationId="9bd764af-bbb4-447c-8738-ce6567f320b0" status="200"
[WebServer] 2026-09-06T17:34:22.741Z INFO  application=marketops-server environment=local buildVersion=0.1.0-SNAPSHOT correlationId=2c40f1a0-bef5-48c3-8fb3-d6d0c72dd129 c.m.m.s.i.e.ConsoleProblemAdvice - Console request refused event="console_request_refused" errorCode="RESOURCE_SCOPE_DENIED" correlationId="2c40f1a0-bef5-48c3-8fb3-d6d0c72dd129"
[WebServer] 2026-09-06T17:34:22.741Z INFO  application=marketops-server environment=local buildVersion=0.1.0-SNAPSHOT correlationId=a6c1e217-f047-4bfb-8c87-db9c41898b06 c.m.m.s.i.e.ConsoleProblemAdvice - Console request refused event="console_request_refused" errorCode="RESOURCE_SCOPE_DENIED" correlationId="a6c1e217-f047-4bfb-8c87-db9c41898b06"
[WebServer] 2026-09-06T17:34:22.744Z INFO  application=marketops-server environment=local buildVersion=0.1.0-SNAPSHOT correlationId=a6c1e217-f047-4bfb-8c87-db9c41898b06 c.m.m.s.i.c.CorrelationIdFilter - Request completed event="request_completed" correlationId="a6c1e217-f047-4bfb-8c87-db9c41898b06" status="403"
[WebServer] 2026-09-06T17:34:22.744Z INFO  application=marketops-server environment=local buildVersion=0.1.0-SNAPSHOT correlationId=2c40f1a0-bef5-48c3-8fb3-d6d0c72dd129 c.m.m.s.i.c.CorrelationIdFilter - Request completed event="request_completed" correlationId="2c40f1a0-bef5-48c3-8fb3-d6d0c72dd129" status="403"
[WebServer] 2026-09-06T17:34:22.748Z INFO  application=marketops-server environment=local buildVersion=0.1.0-SNAPSHOT correlationId=77adb4f7-6950-4314-b76c-670c62f456f5 c.m.m.s.i.e.ConsoleProblemAdvice - Console request refused event="console_request_refused" errorCode="RESOURCE_SCOPE_DENIED" correlationId="77adb4f7-6950-4314-b76c-670c62f456f5"
[WebServer] 2026-09-06T17:34:22.748Z INFO  application=marketops-server environment=local buildVersion=0.1.0-SNAPSHOT correlationId=77adb4f7-6950-4314-b76c-670c62f456f5 c.m.m.s.i.c.CorrelationIdFilter - Request completed event="request_completed" correlationId="77adb4f7-6950-4314-b76c-670c62f456f5" status="403"
[WebServer] 2026-09-06T17:34:22.783Z INFO  application=marketops-server environment=local buildVersion=0.1.0-SNAPSHOT correlationId=2d654f01-b5b0-4caa-a332-c7de225d5cd5 c.m.m.s.i.e.ConsoleProblemAdvice - Console request refused event="console_request_refused" errorCode="RESOURCE_SCOPE_DENIED" correlationId="2d654f01-b5b0-4caa-a332-c7de225d5cd5"
[WebServer] 2026-09-06T17:34:22.784Z INFO  application=marketops-server environment=local buildVersion=0.1.0-SNAPSHOT correlationId=2d654f01-b5b0-4caa-a332-c7de225d5cd5 c.m.m.s.i.c.CorrelationIdFilter - Request completed event="request_completed" correlationId="2d654f01-b5b0-4caa-a332-c7de225d5cd5" status="403"
[WebServer] 2026-09-06T17:34:22.799Z INFO  application=marketops-server environment=local buildVersion=0.1.0-SNAPSHOT correlationId=59aa176a-e7b1-479b-8253-6b83c7c253a9 c.m.m.s.i.e.ConsoleProblemAdvice - Console request refused event="console_request_refused" errorCode="RESOURCE_SCOPE_DENIED" correlationId="59aa176a-e7b1-479b-8253-6b83c7c253a9"
[WebServer] 2026-09-06T17:34:22.801Z INFO  application=marketops-server environment=local buildVersion=0.1.0-SNAPSHOT correlationId=59aa176a-e7b1-479b-8253-6b83c7c253a9 c.m.m.s.i.c.CorrelationIdFilter - Request completed event="request_completed" correlationId="59aa176a-e7b1-479b-8253-6b83c7c253a9" status="403"
[WebServer] 2026-09-06T17:34:22.817Z INFO  application=marketops-server environment=local buildVersion=0.1.0-SNAPSHOT correlationId=3eae16d7-db7c-4d89-840b-f7e7352e4b43 c.m.m.a.i.a.JdbcMetadataAuditStore - Metadata change recorded event="metadata_change_recorded" sourceDomain="operationsworkflow" entityType="availability_case_queue" entityId="f1b3d348-10d8-4bfc-8c39-22ec74c1d6ad" action="READ" actorId="1533c257-de0f-4c60-bf50-5f6d98c1ea8e" correlationId="3eae16d7-db7c-4d89-840b-f7e7352e4b43"
[WebServer] 2026-09-06T17:34:22.830Z INFO  application=marketops-server environment=local buildVersion=0.1.0-SNAPSHOT correlationId=3eae16d7-db7c-4d89-840b-f7e7352e4b43 c.m.m.s.i.c.CorrelationIdFilter - Request completed event="request_completed" correlationId="3eae16d7-db7c-4d89-840b-f7e7352e4b43" status="200"
[WebServer] 2026-09-06T17:34:22.834Z INFO  application=marketops-server environment=local buildVersion=0.1.0-SNAPSHOT correlationId=c51fa190-ba4d-4b3b-9fec-9d0dcbb5fbe3 c.m.m.s.i.c.CorrelationIdFilter - Request completed event="request_completed" correlationId="c51fa190-ba4d-4b3b-9fec-9d0dcbb5fbe3" status="200"
[WebServer] 2026-09-06T17:34:22.835Z INFO  application=marketops-server environment=local buildVersion=0.1.0-SNAPSHOT correlationId=02af14c5-07c3-4a3d-bed9-c85a07e22ad8 c.m.m.a.i.a.JdbcMetadataAuditStore - Metadata change recorded event="metadata_change_recorded" sourceDomain="availabilityrisk" entityType="availability_queue" entityId="f1b3d348-10d8-4bfc-8c39-22ec74c1d6ad" action="READ" actorId="1533c257-de0f-4c60-bf50-5f6d98c1ea8e" correlationId="02af14c5-07c3-4a3d-bed9-c85a07e22ad8"
[WebServer] 2026-09-06T17:34:22.850Z INFO  application=marketops-server environment=local buildVersion=0.1.0-SNAPSHOT correlationId=02af14c5-07c3-4a3d-bed9-c85a07e22ad8 c.m.m.s.i.c.CorrelationIdFilter - Request completed event="request_completed" correlationId="02af14c5-07c3-4a3d-bed9-c85a07e22ad8" status="200"
[WebServer] 2026-09-06T17:34:23.408Z INFO  application=marketops-server environment=local buildVersion=0.1.0-SNAPSHOT correlationId=96b26c2a-bec0-41ba-b1ea-d8df26a4c27c c.m.m.a.i.a.JdbcMetadataAuditStore - Metadata change recorded event="metadata_change_recorded" sourceDomain="operationsworkflow" entityType="availability_case" entityId="362e9107-6243-4398-a792-42f488a696e1" action="STATUS_CHANGE" actorId="1533c257-de0f-4c60-bf50-5f6d98c1ea8e" correlationId="96b26c2a-bec0-41ba-b1ea-d8df26a4c27c"
[WebServer] 2026-09-06T17:34:23.411Z INFO  application=marketops-server environment=local buildVersion=0.1.0-SNAPSHOT correlationId=96b26c2a-bec0-41ba-b1ea-d8df26a4c27c c.m.m.s.i.c.CorrelationIdFilter - Request completed event="request_completed" correlationId="96b26c2a-bec0-41ba-b1ea-d8df26a4c27c" status="200"
[WebServer] 2026-09-06T17:34:23.426Z INFO  application=marketops-server environment=local buildVersion=0.1.0-SNAPSHOT correlationId=f4114883-db43-4bf0-8b0a-81fb2c6da5ce c.m.m.a.i.a.JdbcMetadataAuditStore - Metadata change recorded event="metadata_change_recorded" sourceDomain="operationsworkflow" entityType="availability_case_queue" entityId="f1b3d348-10d8-4bfc-8c39-22ec74c1d6ad" action="READ" actorId="1533c257-de0f-4c60-bf50-5f6d98c1ea8e" correlationId="f4114883-db43-4bf0-8b0a-81fb2c6da5ce"
[WebServer] 2026-09-06T17:34:23.428Z INFO  application=marketops-server environment=local buildVersion=0.1.0-SNAPSHOT correlationId=f4114883-db43-4bf0-8b0a-81fb2c6da5ce c.m.m.s.i.c.CorrelationIdFilter - Request completed event="request_completed" correlationId="f4114883-db43-4bf0-8b0a-81fb2c6da5ce" status="200"
[WebServer] 2026-09-06T17:34:23.495Z INFO  application=marketops-server environment=local buildVersion=0.1.0-SNAPSHOT correlationId=daed38ff-1553-4855-a496-635a34e71183 c.m.m.a.i.a.JdbcMetadataAuditStore - Metadata change recorded event="metadata_change_recorded" sourceDomain="operationsworkflow" entityType="availability_case_journal" entityId="362e9107-6243-4398-a792-42f488a696e1" action="READ" actorId="1533c257-de0f-4c60-bf50-5f6d98c1ea8e" correlationId="daed38ff-1553-4855-a496-635a34e71183"
[WebServer] 2026-09-06T17:34:23.496Z INFO  application=marketops-server environment=local buildVersion=0.1.0-SNAPSHOT correlationId=a55deea2-47f4-42a5-9fd3-9062c183802f c.m.m.a.i.a.JdbcMetadataAuditStore - Metadata change recorded event="metadata_change_recorded" sourceDomain="operationsworkflow" entityType="availability_case_exception" entityId="362e9107-6243-4398-a792-42f488a696e1" action="READ" actorId="1533c257-de0f-4c60-bf50-5f6d98c1ea8e" correlationId="a55deea2-47f4-42a5-9fd3-9062c183802f"
[WebServer] 2026-09-06T17:34:23.498Z INFO  application=marketops-server environment=local buildVersion=0.1.0-SNAPSHOT correlationId=daed38ff-1553-4855-a496-635a34e71183 c.m.m.s.i.c.CorrelationIdFilter - Request completed event="request_completed" correlationId="daed38ff-1553-4855-a496-635a34e71183" status="200"
[WebServer] 2026-09-06T17:34:23.499Z INFO  application=marketops-server environment=local buildVersion=0.1.0-SNAPSHOT correlationId=a55deea2-47f4-42a5-9fd3-9062c183802f c.m.m.s.i.c.CorrelationIdFilter - Request completed event="request_completed" correlationId="a55deea2-47f4-42a5-9fd3-9062c183802f" status="200"
[WebServer] 2026-09-06T17:34:23.542Z INFO  application=marketops-server environment=local buildVersion=0.1.0-SNAPSHOT correlationId=none c.m.m.a.i.a.JdbcMetadataAuditStore - Metadata change recorded event="metadata_change_recorded" sourceDomain="operationsworkflow" entityType="availability_case" entityId="362e9107-6243-4398-a792-42f488a696e1" action="STATUS_CHANGE" actorId="availability-outcome-verification" correlationId="e02c0422-a2d3-4034-b788-f96bc6206988"
[WebServer] 2026-09-06T17:34:23.550Z INFO  application=marketops-server environment=local buildVersion=0.1.0-SNAPSHOT correlationId=none c.m.m.a.i.a.JdbcMetadataAuditStore - Metadata change recorded event="metadata_change_recorded" sourceDomain="operationsworkflow" entityType="availability_accepted_exception" entityId="3a820f1b-de3f-4f02-8651-2da1b9033515" action="CREATE" actorId="1533c257-de0f-4c60-bf50-5f6d98c1ea8e" correlationId="2ed9d812-ce4d-4ab0-8be9-427ff67a78d8"
[WebServer] 2026-09-06T17:34:23.682Z INFO  application=marketops-server environment=local buildVersion=0.1.0-SNAPSHOT correlationId=2c781b44-7ace-4c3c-a3c7-0c48f18aa992 c.m.m.s.i.e.ConsoleProblemAdvice - Console request refused event="console_request_refused" errorCode="RESOURCE_SCOPE_DENIED" correlationId="2c781b44-7ace-4c3c-a3c7-0c48f18aa992"
[WebServer] 2026-09-06T17:34:23.682Z INFO  application=marketops-server environment=local buildVersion=0.1.0-SNAPSHOT correlationId=a90ece0a-eb14-42c5-9752-619dedc3a553 c.m.m.s.i.e.ConsoleProblemAdvice - Console request refused event="console_request_refused" errorCode="RESOURCE_SCOPE_DENIED" correlationId="a90ece0a-eb14-42c5-9752-619dedc3a553"
[WebServer] 2026-09-06T17:34:23.683Z INFO  application=marketops-server environment=local buildVersion=0.1.0-SNAPSHOT correlationId=2c781b44-7ace-4c3c-a3c7-0c48f18aa992 c.m.m.s.i.c.CorrelationIdFilter - Request completed event="request_completed" correlationId="2c781b44-7ace-4c3c-a3c7-0c48f18aa992" status="403"
[WebServer] 2026-09-06T17:34:23.683Z INFO  application=marketops-server environment=local buildVersion=0.1.0-SNAPSHOT correlationId=a90ece0a-eb14-42c5-9752-619dedc3a553 c.m.m.s.i.c.CorrelationIdFilter - Request completed event="request_completed" correlationId="a90ece0a-eb14-42c5-9752-619dedc3a553" status="403"
[WebServer] 2026-09-06T17:34:23.684Z INFO  application=marketops-server environment=local buildVersion=0.1.0-SNAPSHOT correlationId=14bc855d-c79a-4c95-806a-cb35bb2b0274 c.m.m.s.i.e.ConsoleProblemAdvice - Console request refused event="console_request_refused" errorCode="RESOURCE_SCOPE_DENIED" correlationId="14bc855d-c79a-4c95-806a-cb35bb2b0274"
[WebServer] 2026-09-06T17:34:23.684Z INFO  application=marketops-server environment=local buildVersion=0.1.0-SNAPSHOT correlationId=7452b7b0-e23f-4572-b730-b6db1050a416 c.m.m.s.i.e.ConsoleProblemAdvice - Console request refused event="console_request_refused" errorCode="RESOURCE_SCOPE_DENIED" correlationId="7452b7b0-e23f-4572-b730-b6db1050a416"
[WebServer] 2026-09-06T17:34:23.685Z INFO  application=marketops-server environment=local buildVersion=0.1.0-SNAPSHOT correlationId=14bc855d-c79a-4c95-806a-cb35bb2b0274 c.m.m.s.i.c.CorrelationIdFilter - Request completed event="request_completed" correlationId="14bc855d-c79a-4c95-806a-cb35bb2b0274" status="403"
[WebServer] 2026-09-06T17:34:23.685Z INFO  application=marketops-server environment=local buildVersion=0.1.0-SNAPSHOT correlationId=7452b7b0-e23f-4572-b730-b6db1050a416 c.m.m.s.i.c.CorrelationIdFilter - Request completed event="request_completed" correlationId="7452b7b0-e23f-4572-b730-b6db1050a416" status="403"
[WebServer] 2026-09-06T17:34:23.693Z INFO  application=marketops-server environment=local buildVersion=0.1.0-SNAPSHOT correlationId=331517e8-c904-43a1-bf31-ce7e153bd257 c.m.m.a.i.a.JdbcMetadataAuditStore - Metadata change recorded event="metadata_change_recorded" sourceDomain="operationsworkflow" entityType="availability_case_queue" entityId="f1b3d348-10d8-4bfc-8c39-22ec74c1d6ad" action="READ" actorId="1533c257-de0f-4c60-bf50-5f6d98c1ea8e" correlationId="331517e8-c904-43a1-bf31-ce7e153bd257"
[WebServer] 2026-09-06T17:34:23.696Z INFO  application=marketops-server environment=local buildVersion=0.1.0-SNAPSHOT correlationId=331517e8-c904-43a1-bf31-ce7e153bd257 c.m.m.s.i.c.CorrelationIdFilter - Request completed event="request_completed" correlationId="331517e8-c904-43a1-bf31-ce7e153bd257" status="200"
[WebServer] 2026-09-06T17:34:23.701Z INFO  application=marketops-server environment=local buildVersion=0.1.0-SNAPSHOT correlationId=6b2ec2dc-5ca3-488d-b2c5-9430614d452a c.m.m.a.i.a.JdbcMetadataAuditStore - Metadata change recorded event="metadata_change_recorded" sourceDomain="availabilityrisk" entityType="availability_queue" entityId="f1b3d348-10d8-4bfc-8c39-22ec74c1d6ad" action="READ" actorId="1533c257-de0f-4c60-bf50-5f6d98c1ea8e" correlationId="6b2ec2dc-5ca3-488d-b2c5-9430614d452a"
[WebServer] 2026-09-06T17:34:23.705Z INFO  application=marketops-server environment=local buildVersion=0.1.0-SNAPSHOT correlationId=6b2ec2dc-5ca3-488d-b2c5-9430614d452a c.m.m.s.i.c.CorrelationIdFilter - Request completed event="request_completed" correlationId="6b2ec2dc-5ca3-488d-b2c5-9430614d452a" status="200"
[WebServer] 2026-09-06T17:34:23.710Z INFO  application=marketops-server environment=local buildVersion=0.1.0-SNAPSHOT correlationId=274d46e8-3398-40df-b4e1-30239e3b8b52 c.m.m.s.i.c.CorrelationIdFilter - Request completed event="request_completed" correlationId="274d46e8-3398-40df-b4e1-30239e3b8b52" status="200"
[WebServer] 2026-09-06T17:34:23.718Z INFO  application=marketops-server environment=local buildVersion=0.1.0-SNAPSHOT correlationId=133f0673-0027-4d19-823c-06cd5a74321f c.m.m.s.i.e.ConsoleProblemAdvice - Console request refused event="console_request_refused" errorCode="RESOURCE_SCOPE_DENIED" correlationId="133f0673-0027-4d19-823c-06cd5a74321f"
[WebServer] 2026-09-06T17:34:23.719Z INFO  application=marketops-server environment=local buildVersion=0.1.0-SNAPSHOT correlationId=133f0673-0027-4d19-823c-06cd5a74321f c.m.m.s.i.c.CorrelationIdFilter - Request completed event="request_completed" correlationId="133f0673-0027-4d19-823c-06cd5a74321f" status="403"
[WebServer] 2026-09-06T17:34:23.727Z INFO  application=marketops-server environment=local buildVersion=0.1.0-SNAPSHOT correlationId=61a616d6-562f-41a9-94c6-e4bc5eb57c7e c.m.m.s.i.c.CorrelationIdFilter - Request completed event="request_completed" correlationId="61a616d6-562f-41a9-94c6-e4bc5eb57c7e" status="200"
[WebServer] 2026-09-06T17:34:23.778Z INFO  application=marketops-server environment=local buildVersion=0.1.0-SNAPSHOT correlationId=f7cb8ac2-3214-478c-9bc6-e1c522b0639c c.m.m.s.i.c.CorrelationIdFilter - Request completed event="request_completed" correlationId="f7cb8ac2-3214-478c-9bc6-e1c522b0639c" status="200"
[WebServer] 2026-09-06T17:34:23.782Z INFO  application=marketops-server environment=local buildVersion=0.1.0-SNAPSHOT correlationId=b73cb3ef-db95-4de6-aa55-9ad97d9aa6bc c.m.m.a.i.a.JdbcMetadataAuditStore - Metadata change recorded event="metadata_change_recorded" sourceDomain="operationsworkflow" entityType="availability_case_journal" entityId="362e9107-6243-4398-a792-42f488a696e1" action="READ" actorId="1533c257-de0f-4c60-bf50-5f6d98c1ea8e" correlationId="b73cb3ef-db95-4de6-aa55-9ad97d9aa6bc"
[WebServer] 2026-09-06T17:34:23.786Z INFO  application=marketops-server environment=local buildVersion=0.1.0-SNAPSHOT correlationId=44641502-f59e-46da-b178-1babd21875fc c.m.m.a.i.a.JdbcMetadataAuditStore - Metadata change recorded event="metadata_change_recorded" sourceDomain="operationsworkflow" entityType="availability_case_exception" entityId="362e9107-6243-4398-a792-42f488a696e1" action="READ" actorId="1533c257-de0f-4c60-bf50-5f6d98c1ea8e" correlationId="44641502-f59e-46da-b178-1babd21875fc"
[WebServer] 2026-09-06T17:34:23.786Z INFO  application=marketops-server environment=local buildVersion=0.1.0-SNAPSHOT correlationId=b73cb3ef-db95-4de6-aa55-9ad97d9aa6bc c.m.m.s.i.c.CorrelationIdFilter - Request completed event="request_completed" correlationId="b73cb3ef-db95-4de6-aa55-9ad97d9aa6bc" status="200"
[WebServer] 2026-09-06T17:34:23.787Z INFO  application=marketops-server environment=local buildVersion=0.1.0-SNAPSHOT correlationId=44641502-f59e-46da-b178-1babd21875fc c.m.m.s.i.c.CorrelationIdFilter - Request completed event="request_completed" correlationId="44641502-f59e-46da-b178-1babd21875fc" status="200"
  ✓  14 tests/browser/availability-journey.spec.ts:11:1 › TC-BROWSER-014 stockout queue, accountable case and structured action (1.6s)
[WebServer] 2026-09-06T17:34:24.038Z INFO  application=marketops-server environment=local buildVersion=0.1.0-SNAPSHOT correlationId=ca668951-cd3a-4301-a85c-dddd6256a3ec c.m.m.s.i.e.ConsoleProblemAdvice - Console request refused event="console_request_refused" errorCode="RESOURCE_SCOPE_DENIED" correlationId="ca668951-cd3a-4301-a85c-dddd6256a3ec"
[WebServer] 2026-09-06T17:34:24.038Z INFO  application=marketops-server environment=local buildVersion=0.1.0-SNAPSHOT correlationId=6ad3418e-5a23-40fb-9c8e-761329cb6160 c.m.m.s.i.e.ConsoleProblemAdvice - Console request refused event="console_request_refused" errorCode="RESOURCE_SCOPE_DENIED" correlationId="6ad3418e-5a23-40fb-9c8e-761329cb6160"
[WebServer] 2026-09-06T17:34:24.039Z INFO  application=marketops-server environment=local buildVersion=0.1.0-SNAPSHOT correlationId=ca668951-cd3a-4301-a85c-dddd6256a3ec c.m.m.s.i.c.CorrelationIdFilter - Request completed event="request_completed" correlationId="ca668951-cd3a-4301-a85c-dddd6256a3ec" status="403"
[WebServer] 2026-09-06T17:34:24.039Z INFO  application=marketops-server environment=local buildVersion=0.1.0-SNAPSHOT correlationId=6ad3418e-5a23-40fb-9c8e-761329cb6160 c.m.m.s.i.c.CorrelationIdFilter - Request completed event="request_completed" correlationId="6ad3418e-5a23-40fb-9c8e-761329cb6160" status="403"
[WebServer] 2026-09-06T17:34:24.041Z INFO  application=marketops-server environment=local buildVersion=0.1.0-SNAPSHOT correlationId=77277bbd-4a50-4348-b400-5c233c268720 c.m.m.s.i.e.ConsoleProblemAdvice - Console request refused event="console_request_refused" errorCode="RESOURCE_SCOPE_DENIED" correlationId="77277bbd-4a50-4348-b400-5c233c268720"
[WebServer] 2026-09-06T17:34:24.041Z INFO  application=marketops-server environment=local buildVersion=0.1.0-SNAPSHOT correlationId=b2554dd7-c66e-4551-8f66-aea4a19f5c18 c.m.m.s.i.e.ConsoleProblemAdvice - Console request refused event="console_request_refused" errorCode="RESOURCE_SCOPE_DENIED" correlationId="b2554dd7-c66e-4551-8f66-aea4a19f5c18"
[WebServer] 2026-09-06T17:34:24.042Z INFO  application=marketops-server environment=local buildVersion=0.1.0-SNAPSHOT correlationId=b2554dd7-c66e-4551-8f66-aea4a19f5c18 c.m.m.s.i.c.CorrelationIdFilter - Request completed event="request_completed" correlationId="b2554dd7-c66e-4551-8f66-aea4a19f5c18" status="403"
[WebServer] 2026-09-06T17:34:24.042Z INFO  application=marketops-server environment=local buildVersion=0.1.0-SNAPSHOT correlationId=77277bbd-4a50-4348-b400-5c233c268720 c.m.m.s.i.c.CorrelationIdFilter - Request completed event="request_completed" correlationId="77277bbd-4a50-4348-b400-5c233c268720" status="403"
[WebServer] 2026-09-06T17:34:24.045Z INFO  application=marketops-server environment=local buildVersion=0.1.0-SNAPSHOT correlationId=2370d2e4-bccf-4879-adde-e57472fe9a26 c.m.m.s.i.c.CorrelationIdFilter - Request completed event="request_completed" correlationId="2370d2e4-bccf-4879-adde-e57472fe9a26" status="200"
[WebServer] 2026-09-06T17:34:24.050Z INFO  application=marketops-server environment=local buildVersion=0.1.0-SNAPSHOT correlationId=785b275e-fd2b-4d0a-8142-7172502b952b c.m.m.a.i.a.JdbcMetadataAuditStore - Metadata change recorded event="metadata_change_recorded" sourceDomain="operationsworkflow" entityType="availability_case_queue" entityId="f1b3d348-10d8-4bfc-8c39-22ec74c1d6ad" action="READ" actorId="1533c257-de0f-4c60-bf50-5f6d98c1ea8e" correlationId="785b275e-fd2b-4d0a-8142-7172502b952b"
[WebServer] 2026-09-06T17:34:24.051Z INFO  application=marketops-server environment=local buildVersion=0.1.0-SNAPSHOT correlationId=e5369522-c5b1-4de8-a6fb-d34608cd31cc c.m.m.a.i.a.JdbcMetadataAuditStore - Metadata change recorded event="metadata_change_recorded" sourceDomain="availabilityrisk" entityType="availability_queue" entityId="f1b3d348-10d8-4bfc-8c39-22ec74c1d6ad" action="READ" actorId="1533c257-de0f-4c60-bf50-5f6d98c1ea8e" correlationId="e5369522-c5b1-4de8-a6fb-d34608cd31cc"
[WebServer] 2026-09-06T17:34:24.052Z INFO  application=marketops-server environment=local buildVersion=0.1.0-SNAPSHOT correlationId=785b275e-fd2b-4d0a-8142-7172502b952b c.m.m.s.i.c.CorrelationIdFilter - Request completed event="request_completed" correlationId="785b275e-fd2b-4d0a-8142-7172502b952b" status="200"
[WebServer] 2026-09-06T17:34:24.053Z INFO  application=marketops-server environment=local buildVersion=0.1.0-SNAPSHOT correlationId=e5369522-c5b1-4de8-a6fb-d34608cd31cc c.m.m.s.i.c.CorrelationIdFilter - Request completed event="request_completed" correlationId="e5369522-c5b1-4de8-a6fb-d34608cd31cc" status="200"
[WebServer] 2026-09-06T17:34:24.058Z INFO  application=marketops-server environment=local buildVersion=0.1.0-SNAPSHOT correlationId=0e748a4f-9bb3-451c-af2f-96dea232cb53 c.m.m.s.i.e.ConsoleProblemAdvice - Console request refused event="console_request_refused" errorCode="RESOURCE_SCOPE_DENIED" correlationId="0e748a4f-9bb3-451c-af2f-96dea232cb53"
[WebServer] 2026-09-06T17:34:24.058Z INFO  application=marketops-server environment=local buildVersion=0.1.0-SNAPSHOT correlationId=0e748a4f-9bb3-451c-af2f-96dea232cb53 c.m.m.s.i.c.CorrelationIdFilter - Request completed event="request_completed" correlationId="0e748a4f-9bb3-451c-af2f-96dea232cb53" status="403"
[WebServer] 2026-09-06T17:34:24.107Z INFO  application=marketops-server environment=local buildVersion=0.1.0-SNAPSHOT correlationId=52f5c1bd-3df9-494a-a382-17c70ec1e5ae c.m.m.s.i.c.CorrelationIdFilter - Request completed event="request_completed" correlationId="52f5c1bd-3df9-494a-a382-17c70ec1e5ae" status="200"
[WebServer] 2026-09-06T17:34:24.199Z INFO  application=marketops-server environment=local buildVersion=0.1.0-SNAPSHOT correlationId=6f606282-dbc4-4128-99be-20ccd311165f c.m.m.s.i.c.CorrelationIdFilter - Request completed event="request_completed" correlationId="6f606282-dbc4-4128-99be-20ccd311165f" status="200"
[WebServer] 2026-09-06T17:34:24.209Z INFO  application=marketops-server environment=local buildVersion=0.1.0-SNAPSHOT correlationId=689910bf-531f-4aa6-b5e0-ad71c01dcf95 c.m.m.s.i.e.ConsoleProblemAdvice - Console request refused event="console_request_refused" errorCode="RESOURCE_SCOPE_DENIED" correlationId="689910bf-531f-4aa6-b5e0-ad71c01dcf95"
[WebServer] 2026-09-06T17:34:24.209Z INFO  application=marketops-server environment=local buildVersion=0.1.0-SNAPSHOT correlationId=60968ae1-2d78-48d2-922a-8e85bb97ecf0 c.m.m.s.i.e.ConsoleProblemAdvice - Console request refused event="console_request_refused" errorCode="RESOURCE_SCOPE_DENIED" correlationId="60968ae1-2d78-48d2-922a-8e85bb97ecf0"
[WebServer] 2026-09-06T17:34:24.210Z INFO  application=marketops-server environment=local buildVersion=0.1.0-SNAPSHOT correlationId=60968ae1-2d78-48d2-922a-8e85bb97ecf0 c.m.m.s.i.c.CorrelationIdFilter - Request completed event="request_completed" correlationId="60968ae1-2d78-48d2-922a-8e85bb97ecf0" status="403"
[WebServer] 2026-09-06T17:34:24.211Z INFO  application=marketops-server environment=local buildVersion=0.1.0-SNAPSHOT correlationId=689910bf-531f-4aa6-b5e0-ad71c01dcf95 c.m.m.s.i.c.CorrelationIdFilter - Request completed event="request_completed" correlationId="689910bf-531f-4aa6-b5e0-ad71c01dcf95" status="403"
[WebServer] 2026-09-06T17:34:24.212Z INFO  application=marketops-server environment=local buildVersion=0.1.0-SNAPSHOT correlationId=29902dd7-2abc-414a-861f-967b4fec0ac0 c.m.m.s.i.e.ConsoleProblemAdvice - Console request refused event="console_request_refused" errorCode="RESOURCE_SCOPE_DENIED" correlationId="29902dd7-2abc-414a-861f-967b4fec0ac0"
[WebServer] 2026-09-06T17:34:24.213Z INFO  application=marketops-server environment=local buildVersion=0.1.0-SNAPSHOT correlationId=29902dd7-2abc-414a-861f-967b4fec0ac0 c.m.m.s.i.c.CorrelationIdFilter - Request completed event="request_completed" correlationId="29902dd7-2abc-414a-861f-967b4fec0ac0" status="403"
[WebServer] 2026-09-06T17:34:24.213Z INFO  application=marketops-server environment=local buildVersion=0.1.0-SNAPSHOT correlationId=e2045d87-aa6e-4c6e-b923-61533da184b4 c.m.m.s.i.e.ConsoleProblemAdvice - Console request refused event="console_request_refused" errorCode="RESOURCE_SCOPE_DENIED" correlationId="e2045d87-aa6e-4c6e-b923-61533da184b4"
[WebServer] 2026-09-06T17:34:24.214Z INFO  application=marketops-server environment=local buildVersion=0.1.0-SNAPSHOT correlationId=e2045d87-aa6e-4c6e-b923-61533da184b4 c.m.m.s.i.c.CorrelationIdFilter - Request completed event="request_completed" correlationId="e2045d87-aa6e-4c6e-b923-61533da184b4" status="403"
[WebServer] 2026-09-06T17:34:24.221Z INFO  application=marketops-server environment=local buildVersion=0.1.0-SNAPSHOT correlationId=338b1d6f-f005-46a4-8137-d7f2fe9758db c.m.m.a.i.a.JdbcMetadataAuditStore - Metadata change recorded event="metadata_change_recorded" sourceDomain="operationsworkflow" entityType="availability_case_queue" entityId="f1b3d348-10d8-4bfc-8c39-22ec74c1d6ad" action="READ" actorId="1533c257-de0f-4c60-bf50-5f6d98c1ea8e" correlationId="338b1d6f-f005-46a4-8137-d7f2fe9758db"
[WebServer] 2026-09-06T17:34:24.228Z INFO  application=marketops-server environment=local buildVersion=0.1.0-SNAPSHOT correlationId=338b1d6f-f005-46a4-8137-d7f2fe9758db c.m.m.s.i.c.CorrelationIdFilter - Request completed event="request_completed" correlationId="338b1d6f-f005-46a4-8137-d7f2fe9758db" status="200"
[WebServer] 2026-09-06T17:34:24.232Z INFO  application=marketops-server environment=local buildVersion=0.1.0-SNAPSHOT correlationId=dded6af4-a56a-464e-b7ce-bdfc04065847 c.m.m.a.i.a.JdbcMetadataAuditStore - Metadata change recorded event="metadata_change_recorded" sourceDomain="availabilityrisk" entityType="availability_queue" entityId="f1b3d348-10d8-4bfc-8c39-22ec74c1d6ad" action="READ" actorId="1533c257-de0f-4c60-bf50-5f6d98c1ea8e" correlationId="dded6af4-a56a-464e-b7ce-bdfc04065847"
[WebServer] 2026-09-06T17:34:24.237Z INFO  application=marketops-server environment=local buildVersion=0.1.0-SNAPSHOT correlationId=a7528dee-2779-4f05-912f-6c61d47cb8b9 c.m.m.s.i.c.CorrelationIdFilter - Request completed event="request_completed" correlationId="a7528dee-2779-4f05-912f-6c61d47cb8b9" status="200"
[WebServer] 2026-09-06T17:34:24.238Z INFO  application=marketops-server environment=local buildVersion=0.1.0-SNAPSHOT correlationId=dded6af4-a56a-464e-b7ce-bdfc04065847 c.m.m.s.i.c.CorrelationIdFilter - Request completed event="request_completed" correlationId="dded6af4-a56a-464e-b7ce-bdfc04065847" status="200"
[WebServer] 2026-09-06T17:34:24.238Z INFO  application=marketops-server environment=local buildVersion=0.1.0-SNAPSHOT correlationId=26559474-38d0-4b59-9e79-bcb9619d32ae c.m.m.s.i.e.ConsoleProblemAdvice - Console request refused event="console_request_refused" errorCode="RESOURCE_SCOPE_DENIED" correlationId="26559474-38d0-4b59-9e79-bcb9619d32ae"
[WebServer] 2026-09-06T17:34:24.238Z INFO  application=marketops-server environment=local buildVersion=0.1.0-SNAPSHOT correlationId=26559474-38d0-4b59-9e79-bcb9619d32ae c.m.m.s.i.c.CorrelationIdFilter - Request completed event="request_completed" correlationId="26559474-38d0-4b59-9e79-bcb9619d32ae" status="403"
[WebServer] 2026-09-06T17:34:24.265Z INFO  application=marketops-server environment=local buildVersion=0.1.0-SNAPSHOT correlationId=08acf5bb-83bd-4db1-88bd-1b04a2e9a624 c.m.m.s.i.c.CorrelationIdFilter - Request completed event="request_completed" correlationId="08acf5bb-83bd-4db1-88bd-1b04a2e9a624" status="202"
[WebServer] 2026-09-06T17:34:24.286Z INFO  application=marketops-server environment=local buildVersion=0.1.0-SNAPSHOT correlationId=e26fc797-b2f6-4b24-84f8-31c7db2e1b92 c.m.m.s.i.c.CorrelationIdFilter - Request completed event="request_completed" correlationId="e26fc797-b2f6-4b24-84f8-31c7db2e1b92" status="200"
[WebServer] 2026-09-06T17:34:26.305Z INFO  application=marketops-server environment=local buildVersion=0.1.0-SNAPSHOT correlationId=487e3e3b-82eb-4887-83ff-cbfa26475568 c.m.m.s.i.c.CorrelationIdFilter - Request completed event="request_completed" correlationId="487e3e3b-82eb-4887-83ff-cbfa26475568" status="200"
[WebServer] 2026-09-06T17:34:26.622Z INFO  application=marketops-server environment=local buildVersion=0.1.0-SNAPSHOT correlationId=64d4ad37-f074-41de-95eb-d548e2bbfaab c.m.m.s.i.c.CorrelationIdFilter - Request completed event="request_completed" correlationId="64d4ad37-f074-41de-95eb-d548e2bbfaab" status="200"
[WebServer] 2026-09-06T17:34:26.661Z INFO  application=marketops-server environment=local buildVersion=0.1.0-SNAPSHOT correlationId=ae879180-2c92-4033-98fa-0091a4141369 c.m.m.s.i.c.CorrelationIdFilter - Request completed event="request_completed" correlationId="ae879180-2c92-4033-98fa-0091a4141369" status="200"
[WebServer] 2026-09-06T17:34:26.741Z INFO  application=marketops-server environment=local buildVersion=0.1.0-SNAPSHOT correlationId=0630f1a6-5b37-41de-ac5b-0878960cb0b9 c.m.m.s.i.c.CorrelationIdFilter - Request completed event="request_completed" correlationId="0630f1a6-5b37-41de-ac5b-0878960cb0b9" status="200"
[WebServer] 2026-09-06T17:34:26.769Z INFO  application=marketops-server environment=local buildVersion=0.1.0-SNAPSHOT correlationId=09764438-0a44-4f6f-8438-500ebf38bc21 c.m.m.s.i.c.CorrelationIdFilter - Request completed event="request_completed" correlationId="09764438-0a44-4f6f-8438-500ebf38bc21" status="200"
[WebServer] 2026-09-06T17:34:26.817Z INFO  application=marketops-server environment=local buildVersion=0.1.0-SNAPSHOT correlationId=007836bd-5012-49c1-b381-355a40ed001d c.m.m.s.i.c.CorrelationIdFilter - Request completed event="request_completed" correlationId="007836bd-5012-49c1-b381-355a40ed001d" status="200"
[WebServer] 2026-09-06T17:34:26.855Z INFO  application=marketops-server environment=local buildVersion=0.1.0-SNAPSHOT correlationId=e2f9ed9c-19c1-47d5-92cd-230b0deee93e c.m.m.s.i.c.CorrelationIdFilter - Request completed event="request_completed" correlationId="e2f9ed9c-19c1-47d5-92cd-230b0deee93e" status="200"
[WebServer] 2026-09-06T17:34:27.004Z INFO  application=marketops-server environment=local buildVersion=0.1.0-SNAPSHOT correlationId=dfd3ead0-82cb-4a60-b568-93eedc7039ec c.m.m.s.i.c.CorrelationIdFilter - Request completed event="request_completed" correlationId="dfd3ead0-82cb-4a60-b568-93eedc7039ec" status="200"
[WebServer] 2026-09-06T17:34:27.215Z INFO  application=marketops-server environment=local buildVersion=0.1.0-SNAPSHOT correlationId=4f63ad12-bc44-4aed-8947-5819f97bfb01 c.m.m.a.i.a.JdbcMetadataAuditStore - Metadata change recorded event="metadata_change_recorded" sourceDomain="operationsworkflow" entityType="approval-decision" entityId="d74f50d0-655a-446a-9585-423eeb02f2bb" action="APPROVAL_DECISION" actorId="1533c257-de0f-4c60-bf50-5f6d98c1ea8e" correlationId="4f63ad12-bc44-4aed-8947-5819f97bfb01"
[WebServer] 2026-09-06T17:34:27.218Z INFO  application=marketops-server environment=local buildVersion=0.1.0-SNAPSHOT correlationId=4f63ad12-bc44-4aed-8947-5819f97bfb01 c.m.m.a.i.a.JdbcMetadataAuditStore - Metadata change recorded event="metadata_change_recorded" sourceDomain="operationsworkflow" entityType="recommendation" entityId="3b8f145b-c270-4173-ae2d-11d91d7664da" action="STATUS_CHANGE" actorId="1533c257-de0f-4c60-bf50-5f6d98c1ea8e" correlationId="4f63ad12-bc44-4aed-8947-5819f97bfb01"
[WebServer] 2026-09-06T17:34:27.221Z INFO  application=marketops-server environment=local buildVersion=0.1.0-SNAPSHOT correlationId=4f63ad12-bc44-4aed-8947-5819f97bfb01 c.m.m.s.i.c.CorrelationIdFilter - Request completed event="request_completed" correlationId="4f63ad12-bc44-4aed-8947-5819f97bfb01" status="200"
[WebServer] 2026-09-06T17:34:27.285Z INFO  application=marketops-server environment=local buildVersion=0.1.0-SNAPSHOT correlationId=4c9ecc53-06c6-414c-9509-8397b1c993e6 c.m.m.a.i.a.JdbcMetadataAuditStore - Metadata change recorded event="metadata_change_recorded" sourceDomain="operationsworkflow" entityType="recommendation" entityId="3b8f145b-c270-4173-ae2d-11d91d7664da" action="STATUS_CHANGE" actorId="1533c257-de0f-4c60-bf50-5f6d98c1ea8e" correlationId="4c9ecc53-06c6-414c-9509-8397b1c993e6"
[WebServer] 2026-09-06T17:34:27.286Z INFO  application=marketops-server environment=local buildVersion=0.1.0-SNAPSHOT correlationId=4c9ecc53-06c6-414c-9509-8397b1c993e6 c.m.m.a.i.a.JdbcMetadataAuditStore - Metadata change recorded event="metadata_change_recorded" sourceDomain="operationsworkflow" entityType="recommendation" entityId="3b8f145b-c270-4173-ae2d-11d91d7664da" action="COMMAND_TRANSITION" actorId="1533c257-de0f-4c60-bf50-5f6d98c1ea8e" correlationId="4c9ecc53-06c6-414c-9509-8397b1c993e6"
[WebServer] 2026-09-06T17:34:27.289Z INFO  application=marketops-server environment=local buildVersion=0.1.0-SNAPSHOT correlationId=4c9ecc53-06c6-414c-9509-8397b1c993e6 c.m.m.s.i.c.CorrelationIdFilter - Request completed event="request_completed" correlationId="4c9ecc53-06c6-414c-9509-8397b1c993e6" status="200"
[WebServer] 2026-09-06T17:34:27.302Z INFO  application=marketops-server environment=local buildVersion=0.1.0-SNAPSHOT correlationId=4d5f8201-e6c6-4d72-b824-a0c11fefd170 c.m.m.s.i.e.ConsoleProblemAdvice - Console request refused event="console_request_refused" errorCode="RESOURCE_SCOPE_DENIED" correlationId="4d5f8201-e6c6-4d72-b824-a0c11fefd170"
[WebServer] 2026-09-06T17:34:27.302Z INFO  application=marketops-server environment=local buildVersion=0.1.0-SNAPSHOT correlationId=4d5f8201-e6c6-4d72-b824-a0c11fefd170 c.m.m.s.i.c.CorrelationIdFilter - Request completed event="request_completed" correlationId="4d5f8201-e6c6-4d72-b824-a0c11fefd170" status="403"
[WebServer] 2026-09-06T17:34:27.312Z INFO  application=marketops-server environment=local buildVersion=0.1.0-SNAPSHOT correlationId=ef826581-06c8-42bc-9f26-f3a78e10df8e c.m.m.s.i.c.CorrelationIdFilter - Request completed event="request_completed" correlationId="ef826581-06c8-42bc-9f26-f3a78e10df8e" status="200"
[WebServer] 2026-09-06T17:34:27.387Z INFO  application=marketops-server environment=local buildVersion=0.1.0-SNAPSHOT correlationId=f0ddacaa-a584-4dc0-bb4e-d2528189206e c.m.m.s.i.c.CorrelationIdFilter - Request completed event="request_completed" correlationId="f0ddacaa-a584-4dc0-bb4e-d2528189206e" status="200"
[WebServer] 2026-09-06T17:34:27.586Z INFO  application=marketops-server environment=local buildVersion=0.1.0-SNAPSHOT correlationId=97f65bc0-9c1a-466b-97ff-f674b266c98c c.m.m.s.i.c.CorrelationIdFilter - Request completed event="request_completed" correlationId="97f65bc0-9c1a-466b-97ff-f674b266c98c" status="200"
[WebServer] 2026-09-06T17:34:27.603Z INFO  application=marketops-server environment=local buildVersion=0.1.0-SNAPSHOT correlationId=a03463c2-4c9b-45ea-8233-2be4a28854f9 c.m.m.s.i.c.CorrelationIdFilter - Request completed event="request_completed" correlationId="a03463c2-4c9b-45ea-8233-2be4a28854f9" status="200"
[WebServer] 2026-09-06T17:34:27.613Z INFO  application=marketops-server environment=local buildVersion=0.1.0-SNAPSHOT correlationId=6d2ae973-2f9d-40b7-a8d6-dd9d10773a25 c.m.m.s.i.e.ConsoleProblemAdvice - Console request refused event="console_request_refused" errorCode="RESOURCE_SCOPE_DENIED" correlationId="6d2ae973-2f9d-40b7-a8d6-dd9d10773a25"
[WebServer] 2026-09-06T17:34:27.614Z INFO  application=marketops-server environment=local buildVersion=0.1.0-SNAPSHOT correlationId=6d2ae973-2f9d-40b7-a8d6-dd9d10773a25 c.m.m.s.i.c.CorrelationIdFilter - Request completed event="request_completed" correlationId="6d2ae973-2f9d-40b7-a8d6-dd9d10773a25" status="403"
[WebServer] 2026-09-06T17:34:27.726Z INFO  application=marketops-server environment=local buildVersion=0.1.0-SNAPSHOT correlationId=5efe9801-1029-435e-9d97-6a0b29414afe c.m.m.s.i.e.ConsoleProblemAdvice - Console request refused event="console_request_refused" errorCode="RESOURCE_SCOPE_DENIED" correlationId="5efe9801-1029-435e-9d97-6a0b29414afe"
[WebServer] 2026-09-06T17:34:27.727Z INFO  application=marketops-server environment=local buildVersion=0.1.0-SNAPSHOT correlationId=5efe9801-1029-435e-9d97-6a0b29414afe c.m.m.s.i.c.CorrelationIdFilter - Request completed event="request_completed" correlationId="5efe9801-1029-435e-9d97-6a0b29414afe" status="403"
[WebServer] 2026-09-06T17:34:27.729Z INFO  application=marketops-server environment=local buildVersion=0.1.0-SNAPSHOT correlationId=9f55199d-2da7-4d43-9640-ff1ad51f7c74 c.m.m.s.i.e.ConsoleProblemAdvice - Console request refused event="console_request_refused" errorCode="RESOURCE_SCOPE_DENIED" correlationId="9f55199d-2da7-4d43-9640-ff1ad51f7c74"
[WebServer] 2026-09-06T17:34:27.730Z INFO  application=marketops-server environment=local buildVersion=0.1.0-SNAPSHOT correlationId=9f55199d-2da7-4d43-9640-ff1ad51f7c74 c.m.m.s.i.c.CorrelationIdFilter - Request completed event="request_completed" correlationId="9f55199d-2da7-4d43-9640-ff1ad51f7c74" status="403"
[WebServer] 2026-09-06T17:34:27.730Z INFO  application=marketops-server environment=local buildVersion=0.1.0-SNAPSHOT correlationId=9692d851-29f4-4ec8-8dc1-2915ff0366b6 c.m.m.s.i.e.ConsoleProblemAdvice - Console request refused event="console_request_refused" errorCode="RESOURCE_SCOPE_DENIED" correlationId="9692d851-29f4-4ec8-8dc1-2915ff0366b6"
[WebServer] 2026-09-06T17:34:27.731Z INFO  application=marketops-server environment=local buildVersion=0.1.0-SNAPSHOT correlationId=b9d7e57e-474e-4adf-9e93-217cd9bf1a10 c.m.m.s.i.e.ConsoleProblemAdvice - Console request refused event="console_request_refused" errorCode="RESOURCE_SCOPE_DENIED" correlationId="b9d7e57e-474e-4adf-9e93-217cd9bf1a10"
[WebServer] 2026-09-06T17:34:27.732Z INFO  application=marketops-server environment=local buildVersion=0.1.0-SNAPSHOT correlationId=9692d851-29f4-4ec8-8dc1-2915ff0366b6 c.m.m.s.i.c.CorrelationIdFilter - Request completed event="request_completed" correlationId="9692d851-29f4-4ec8-8dc1-2915ff0366b6" status="403"
[WebServer] 2026-09-06T17:34:27.732Z INFO  application=marketops-server environment=local buildVersion=0.1.0-SNAPSHOT correlationId=b9d7e57e-474e-4adf-9e93-217cd9bf1a10 c.m.m.s.i.c.CorrelationIdFilter - Request completed event="request_completed" correlationId="b9d7e57e-474e-4adf-9e93-217cd9bf1a10" status="403"
[WebServer] 2026-09-06T17:34:27.739Z INFO  application=marketops-server environment=local buildVersion=0.1.0-SNAPSHOT correlationId=7261c402-b4d7-4ff7-a123-cdf9b4d33577 c.m.m.a.i.a.JdbcMetadataAuditStore - Metadata change recorded event="metadata_change_recorded" sourceDomain="operationsworkflow" entityType="availability_case_queue" entityId="f1b3d348-10d8-4bfc-8c39-22ec74c1d6ad" action="READ" actorId="1533c257-de0f-4c60-bf50-5f6d98c1ea8e" correlationId="7261c402-b4d7-4ff7-a123-cdf9b4d33577"
[WebServer] 2026-09-06T17:34:27.741Z INFO  application=marketops-server environment=local buildVersion=0.1.0-SNAPSHOT correlationId=7261c402-b4d7-4ff7-a123-cdf9b4d33577 c.m.m.s.i.c.CorrelationIdFilter - Request completed event="request_completed" correlationId="7261c402-b4d7-4ff7-a123-cdf9b4d33577" status="200"
[WebServer] 2026-09-06T17:34:27.744Z INFO  application=marketops-server environment=local buildVersion=0.1.0-SNAPSHOT correlationId=0d8127e1-c4c2-478a-80b8-63828e360279 c.m.m.a.i.a.JdbcMetadataAuditStore - Metadata change recorded event="metadata_change_recorded" sourceDomain="availabilityrisk" entityType="availability_queue" entityId="f1b3d348-10d8-4bfc-8c39-22ec74c1d6ad" action="READ" actorId="1533c257-de0f-4c60-bf50-5f6d98c1ea8e" correlationId="0d8127e1-c4c2-478a-80b8-63828e360279"
[WebServer] 2026-09-06T17:34:27.745Z INFO  application=marketops-server environment=local buildVersion=0.1.0-SNAPSHOT correlationId=0d8127e1-c4c2-478a-80b8-63828e360279 c.m.m.s.i.c.CorrelationIdFilter - Request completed event="request_completed" correlationId="0d8127e1-c4c2-478a-80b8-63828e360279" status="200"
[WebServer] 2026-09-06T17:34:27.749Z INFO  application=marketops-server environment=local buildVersion=0.1.0-SNAPSHOT correlationId=18558ee7-ee10-4e9e-a16f-25c62862b45f c.m.m.s.i.e.ConsoleProblemAdvice - Console request refused event="console_request_refused" errorCode="RESOURCE_SCOPE_DENIED" correlationId="18558ee7-ee10-4e9e-a16f-25c62862b45f"
[WebServer] 2026-09-06T17:34:27.751Z INFO  application=marketops-server environment=local buildVersion=0.1.0-SNAPSHOT correlationId=18558ee7-ee10-4e9e-a16f-25c62862b45f c.m.m.s.i.c.CorrelationIdFilter - Request completed event="request_completed" correlationId="18558ee7-ee10-4e9e-a16f-25c62862b45f" status="403"
[WebServer] 2026-09-06T17:34:27.751Z INFO  application=marketops-server environment=local buildVersion=0.1.0-SNAPSHOT correlationId=580926c9-645f-4cab-9e4b-fe4d8e88b87c c.m.m.s.i.c.CorrelationIdFilter - Request completed event="request_completed" correlationId="580926c9-645f-4cab-9e4b-fe4d8e88b87c" status="200"
[WebServer] 2026-09-06T17:34:27.754Z INFO  application=marketops-server environment=local buildVersion=0.1.0-SNAPSHOT correlationId=6e563545-c862-4bb2-9654-73ad012d5a11 c.m.m.s.i.c.CorrelationIdFilter - Request completed event="request_completed" correlationId="6e563545-c862-4bb2-9654-73ad012d5a11" status="200"
[WebServer] 2026-09-06T17:34:27.801Z INFO  application=marketops-server environment=local buildVersion=0.1.0-SNAPSHOT correlationId=1937e9ce-501a-4354-9e7c-c231a5600c3e c.m.m.s.i.c.CorrelationIdFilter - Request completed event="request_completed" correlationId="1937e9ce-501a-4354-9e7c-c231a5600c3e" status="200"
[WebServer] 2026-09-06T17:34:27.884Z INFO  application=marketops-server environment=local buildVersion=0.1.0-SNAPSHOT correlationId=ecaa6c4e-3d49-4e92-9b45-0c2fa51945ad c.m.m.s.i.c.CorrelationIdFilter - Request completed event="request_completed" correlationId="ecaa6c4e-3d49-4e92-9b45-0c2fa51945ad" status="200"
[WebServer] 2026-09-06T17:34:27.906Z INFO  application=marketops-server environment=local buildVersion=0.1.0-SNAPSHOT correlationId=4f909cf0-f5b0-481a-9fd2-b93677c19165 c.m.m.s.i.c.CorrelationIdFilter - Request completed event="request_completed" correlationId="4f909cf0-f5b0-481a-9fd2-b93677c19165" status="200"
[WebServer] 2026-09-06T17:34:27.983Z INFO  application=marketops-server environment=local buildVersion=0.1.0-SNAPSHOT correlationId=42abea60-0ad1-4afc-a3a3-4e9c4fa98a6c c.m.m.s.i.c.CorrelationIdFilter - Request completed event="request_completed" correlationId="42abea60-0ad1-4afc-a3a3-4e9c4fa98a6c" status="200"
[WebServer] 2026-09-06T17:34:27.993Z INFO  application=marketops-server environment=local buildVersion=0.1.0-SNAPSHOT correlationId=3b0dc9c3-c6eb-4521-85fd-ecce401517f4 c.m.m.s.i.e.ConsoleProblemAdvice - Console request refused event="console_request_refused" errorCode="RESOURCE_SCOPE_DENIED" correlationId="3b0dc9c3-c6eb-4521-85fd-ecce401517f4"
[WebServer] 2026-09-06T17:34:27.993Z INFO  application=marketops-server environment=local buildVersion=0.1.0-SNAPSHOT correlationId=3b0dc9c3-c6eb-4521-85fd-ecce401517f4 c.m.m.s.i.c.CorrelationIdFilter - Request completed event="request_completed" correlationId="3b0dc9c3-c6eb-4521-85fd-ecce401517f4" status="403"
[WebServer] 2026-09-06T17:34:27.998Z INFO  application=marketops-server environment=local buildVersion=0.1.0-SNAPSHOT correlationId=07176f00-29d5-4921-a2db-3eb89d4f8b8d c.m.m.s.i.c.CorrelationIdFilter - Request completed event="request_completed" correlationId="07176f00-29d5-4921-a2db-3eb89d4f8b8d" status="200"
[WebServer] 2026-09-06T17:34:28.041Z INFO  application=marketops-server environment=local buildVersion=0.1.0-SNAPSHOT correlationId=e4c134ab-dc64-4f17-a59c-b3cdbefdb338 c.m.m.s.i.c.CorrelationIdFilter - Request completed event="request_completed" correlationId="e4c134ab-dc64-4f17-a59c-b3cdbefdb338" status="200"
  ✓  15 tests/browser/business-journey.spec.ts:4:1 › TC-BROWSER-013 authenticated evidence, approval, command and readback journey (4.2s)
[WebServer] 2026-09-06T17:34:28.149Z INFO  application=marketops-server environment=local buildVersion=0.1.0-SNAPSHOT correlationId=d9b095c6-5fd3-4c23-addb-2cfcddfcd85c c.m.m.s.i.c.CorrelationIdFilter - Request completed event="request_completed" correlationId="d9b095c6-5fd3-4c23-addb-2cfcddfcd85c" status="200"
[WebServer] 2026-09-06T17:34:28.278Z INFO  application=marketops-server environment=local buildVersion=0.1.0-SNAPSHOT correlationId=07cae5f0-899a-4c90-9f93-7d61d04b271f c.m.m.s.i.c.CorrelationIdFilter - Request completed event="request_completed" correlationId="07cae5f0-899a-4c90-9f93-7d61d04b271f" status="200"
[WebServer] 2026-09-06T17:34:29.522Z WARN  application=marketops-server environment=local buildVersion=0.1.0-SNAPSHOT correlationId=none com.zaxxer.hikari.pool.PoolBase - marketops-app-pool - Failed to validate connection org.postgresql.jdbc.PgConnection@1207dc50 (This connection has been closed.). Possibly consider using a shorter maxLifetime value. 
[WebServer] 2026-09-06T17:34:29.523Z WARN  application=marketops-server environment=local buildVersion=0.1.0-SNAPSHOT correlationId=none com.zaxxer.hikari.pool.PoolBase - marketops-app-pool - Failed to validate connection org.postgresql.jdbc.PgConnection@475f9e (This connection has been closed.). Possibly consider using a shorter maxLifetime value. 
[WebServer] 2026-09-06T17:34:29.523Z WARN  application=marketops-server environment=local buildVersion=0.1.0-SNAPSHOT correlationId=none com.zaxxer.hikari.pool.PoolBase - marketops-app-pool - Failed to validate connection org.postgresql.jdbc.PgConnection@2c8ef69a (This connection has been closed.). Possibly consider using a shorter maxLifetime value. 
[WebServer] 2026-09-06T17:34:29.523Z WARN  application=marketops-server environment=local buildVersion=0.1.0-SNAPSHOT correlationId=none com.zaxxer.hikari.pool.PoolBase - marketops-app-pool - Failed to validate connection org.postgresql.jdbc.PgConnection@121aa869 (This connection has been closed.). Possibly consider using a shorter maxLifetime value. 
[WebServer] 2026-09-06T17:34:29.523Z WARN  application=marketops-server environment=local buildVersion=0.1.0-SNAPSHOT correlationId=none com.zaxxer.hikari.pool.PoolBase - marketops-app-pool - Failed to validate connection org.postgresql.jdbc.PgConnection@1e795332 (This connection has been closed.). Possibly consider using a shorter maxLifetime value. 
[WebServer] 2026-09-06T17:34:29.523Z WARN  application=marketops-server environment=local buildVersion=0.1.0-SNAPSHOT correlationId=none com.zaxxer.hikari.pool.PoolBase - marketops-app-pool - Failed to validate connection org.postgresql.jdbc.PgConnection@247844cc (This connection has been closed.). Possibly consider using a shorter maxLifetime value. 
[WebServer] 2026-09-06T17:34:29.523Z WARN  application=marketops-server environment=local buildVersion=0.1.0-SNAPSHOT correlationId=none com.zaxxer.hikari.pool.PoolBase - marketops-app-pool - Failed to validate connection org.postgresql.jdbc.PgConnection@7f994cff (This connection has been closed.). Possibly consider using a shorter maxLifetime value. 
[WebServer] 2026-09-06T17:34:30.531Z ERROR application=marketops-server environment=local buildVersion=0.1.0-SNAPSHOT correlationId=none o.s.s.s.TaskUtils$LoggingErrorHandler - Unexpected error occurred in scheduled task 
[WebServer] org.springframework.transaction.CannotCreateTransactionException: Could not open JDBC Connection for transaction
[WebServer] 	at org.springframework.jdbc.datasource.DataSourceTransactionManager.doBegin(DataSourceTransactionManager.java:319)
[WebServer] 	at org.springframework.transaction.support.AbstractPlatformTransactionManager.startTransaction(AbstractPlatformTransactionManager.java:532)
[WebServer] 	at org.springframework.transaction.support.AbstractPlatformTransactionManager.getTransaction(AbstractPlatformTransactionManager.java:405)
[WebServer] 	at org.springframework.transaction.interceptor.TransactionAspectSupport.createTransactionIfNecessary(TransactionAspectSupport.java:628)
[WebServer] 	at org.springframework.transaction.interceptor.TransactionAspectSupport.invokeWithinTransaction(TransactionAspectSupport.java:365)
[WebServer] 	at org.springframework.transaction.interceptor.TransactionInterceptor.invoke(TransactionInterceptor.java:130)
[WebServer] 	at org.springframework.aop.framework.ReflectiveMethodInvocation.proceed(ReflectiveMethodInvocation.java:179)
[WebServer] 	at org.springframework.aop.framework.CglibAopProxy$DynamicAdvisedInterceptor.intercept(CglibAopProxy.java:719)
[WebServer] 	at com.mimococo.marketops.analyticsdecision.internal.infrastructure.jdbc.DiagnosticExportRepository$$SpringCGLIB$$0.expire(<generated>)
[WebServer] 	at com.mimococo.marketops.analyticsdecision.internal.application.DiagnosticExportWorker.runOnce(DiagnosticExportWorker.java:32)
[WebServer] 	at java.base/jdk.internal.reflect.DirectMethodHandleAccessor.invoke(DirectMethodHandleAccessor.java:103)
[WebServer] 	at java.base/java.lang.reflect.Method.invoke(Method.java:580)
[WebServer] 	at org.springframework.aop.support.AopUtils.invokeJoinpointUsingReflection(AopUtils.java:359)
[WebServer] 	at org.springframework.aop.framework.ReflectiveMethodInvocation.invokeJoinpoint(ReflectiveMethodInvocation.java:190)
[WebServer] 	at org.springframework.aop.framework.ReflectiveMethodInvocation.proceed(ReflectiveMethodInvocation.java:158)
[WebServer] 	at org.springframework.transaction.interceptor.TransactionInterceptor$1.proceedWithInvocation(TransactionInterceptor.java:133)
[WebServer] 	at org.springframework.transaction.interceptor.TransactionAspectSupport.invokeWithinTransaction(TransactionAspectSupport.java:371)
[WebServer] 	at org.springframework.transaction.interceptor.TransactionInterceptor.invoke(TransactionInterceptor.java:130)
[WebServer] 	at org.springframework.aop.framework.ReflectiveMethodInvocation.proceed(ReflectiveMethodInvocation.java:179)
[WebServer] 	at org.springframework.aop.framework.CglibAopProxy$DynamicAdvisedInterceptor.intercept(CglibAopProxy.java:719)
[WebServer] 	at com.mimococo.marketops.analyticsdecision.internal.application.DiagnosticExportWorker$$SpringCGLIB$$0.runOnce(<generated>)
[WebServer] 	at com.mimococo.marketops.analyticsdecision.internal.application.DiagnosticExportScheduling.advance(DiagnosticExportScheduling.java:22)
[WebServer] 	at java.base/jdk.internal.reflect.DirectMethodHandleAccessor.invoke(DirectMethodHandleAccessor.java:103)
[WebServer] 	at java.base/java.lang.reflect.Method.invoke(Method.java:580)
[WebServer] 	at org.springframework.scheduling.support.ScheduledMethodRunnable.runInternal(ScheduledMethodRunnable.java:128)
[WebServer] 	at org.springframework.scheduling.support.ScheduledMethodRunnable.lambda$run$1(ScheduledMethodRunnable.java:122)
[WebServer] 	at io.micrometer.observation.Observation.observe(Observation.java:569)
[WebServer] 	at org.springframework.scheduling.support.ScheduledMethodRunnable.run(ScheduledMethodRunnable.java:122)
[WebServer] 	at org.springframework.scheduling.config.Task$OutcomeTrackingRunnable.run(Task.java:88)
[WebServer] 	at org.springframework.scheduling.support.DelegatingErrorHandlingRunnable.run(DelegatingErrorHandlingRunnable.java:54)
[WebServer] 	at java.base/java.util.concurrent.Executors$RunnableAdapter.call(Executors.java:572)
[WebServer] 	at java.base/java.util.concurrent.FutureTask.runAndReset(FutureTask.java:358)
[WebServer] 	at java.base/java.util.concurrent.ScheduledThreadPoolExecutor$ScheduledFutureTask.run(ScheduledThreadPoolExecutor.java:305)
[WebServer] 	at java.base/java.util.concurrent.ThreadPoolExecutor.runWorker(ThreadPoolExecutor.java:1144)
[WebServer] 	at java.base/java.util.concurrent.ThreadPoolExecutor$Worker.run(ThreadPoolExecutor.java:642)
[WebServer] 	at java.base/java.lang.Thread.run(Thread.java:1583)
[WebServer] Caused by: java.sql.SQLTransientConnectionException: marketops-app-pool - Connection is not available, request timed out after 1007ms (total=0, active=0, idle=0, waiting=1)
[WebServer] 	at com.zaxxer.hikari.pool.HikariPool.createTimeoutException(HikariPool.java:714)
[WebServer] 	at com.zaxxer.hikari.pool.HikariPool.getConnection(HikariPool.java:184)
[WebServer] 	at com.zaxxer.hikari.pool.HikariPool.getConnection(HikariPool.java:142)
[WebServer] 	at com.zaxxer.hikari.HikariDataSource.getConnection(HikariDataSource.java:127)
[WebServer] 	at org.springframework.jdbc.datasource.DataSourceTransactionManager.doBegin(DataSourceTransactionManager.java:270)
[WebServer] 	... 35 common frames omitted
[WebServer] Caused by: org.postgresql.util.PSQLException: Connection to 127.0.0.1:64732 refused. Check that the hostname and port are correct and that the postmaster is accepting TCP/IP connections.
[WebServer] 	at org.postgresql.core.v3.ConnectionFactoryImpl.openConnectionImpl(ConnectionFactoryImpl.java:425)
[WebServer] 	at org.postgresql.core.ConnectionFactory.openConnection(ConnectionFactory.java:52)
[WebServer] 	at org.postgresql.jdbc.PgConnection.<init>(PgConnection.java:290)
[WebServer] 	at org.postgresql.Driver.makeConnection(Driver.java:448)
[WebServer] 	at org.postgresql.Driver.connect(Driver.java:298)
[WebServer] 	at com.zaxxer.hikari.util.DriverDataSource.getConnection(DriverDataSource.java:144)
[WebServer] 	at com.zaxxer.hikari.pool.PoolBase.newConnection(PoolBase.java:373)
[WebServer] 	at com.zaxxer.hikari.pool.PoolBase.newPoolEntry(PoolBase.java:210)
[WebServer] 	at com.zaxxer.hikari.pool.HikariPool.createPoolEntry(HikariPool.java:488)
[WebServer] 	at com.zaxxer.hikari.pool.HikariPool$PoolEntryCreator.call(HikariPool.java:752)
[WebServer] 	at com.zaxxer.hikari.pool.HikariPool$PoolEntryCreator.call(HikariPool.java:731)
[WebServer] 	at java.base/java.util.concurrent.FutureTask.run(FutureTask.java:317)
[WebServer] 	... 3 common frames omitted
[WebServer] Caused by: java.net.ConnectException: Connection refused
[WebServer] 	at java.base/sun.nio.ch.Net.pollConnect(Native Method)
[WebServer] 	at java.base/sun.nio.ch.Net.pollConnectNow(Net.java:694)
[WebServer] 	at java.base/sun.nio.ch.NioSocketImpl.timedFinishConnect(NioSocketImpl.java:549)
[WebServer] 	at java.base/sun.nio.ch.NioSocketImpl.connect(NioSocketImpl.java:592)
[WebServer] 	at java.base/java.net.SocksSocketImpl.connect(SocksSocketImpl.java:327)
[WebServer] 	at java.base/java.net.Socket.connect(Socket.java:757)
[WebServer] 	at org.postgresql.core.PGStream.createSocket(PGStream.java:271)
[WebServer] 	at org.postgresql.core.PGStream.<init>(PGStream.java:132)
[WebServer] 	at org.postgresql.core.v3.ConnectionFactoryImpl.tryConnect(ConnectionFactoryImpl.java:219)
[WebServer] 	at org.postgresql.core.v3.ConnectionFactoryImpl.openConnectionImpl(ConnectionFactoryImpl.java:365)
[WebServer] 	... 14 common frames omitted
[WebServer] 2026-09-06T17:34:31.298Z WARN  application=marketops-server environment=local buildVersion=0.1.0-SNAPSHOT correlationId=0f2db716-da5c-4658-8bc1-ca07f0944a08 c.m.m.a.internal.MetaStatusAssembler - Metadata dependency probe degraded event="database_probe_failed" correlationId="0f2db716-da5c-4658-8bc1-ca07f0944a08" exceptionClass="java.sql.SQLTransientConnectionException"
[WebServer] 2026-09-06T17:34:31.308Z WARN  application=marketops-server environment=local buildVersion=0.1.0-SNAPSHOT correlationId=0f2db716-da5c-4658-8bc1-ca07f0944a08 c.m.m.a.internal.MetaStatusAssembler - Metadata dependency probe degraded event="migration_version_probe_failed" correlationId="0f2db716-da5c-4658-8bc1-ca07f0944a08" exceptionClass="org.flywaydb.core.internal.exception.sqlExceptions.FlywaySqlUnableToConnectToDbException"
[WebServer] 2026-09-06T17:34:31.310Z INFO  application=marketops-server environment=local buildVersion=0.1.0-SNAPSHOT correlationId=0f2db716-da5c-4658-8bc1-ca07f0944a08 c.m.m.s.i.c.CorrelationIdFilter - Request completed event="request_completed" correlationId="0f2db716-da5c-4658-8bc1-ca07f0944a08" status="200"
[WebServer] 2026-09-06T17:34:33.472Z INFO  application=marketops-server environment=local buildVersion=0.1.0-SNAPSHOT correlationId=3c851e71-41f8-4fc5-af13-bffee4f0a1ad c.m.m.s.i.c.CorrelationIdFilter - Request completed event="request_completed" correlationId="3c851e71-41f8-4fc5-af13-bffee4f0a1ad" status="200"
[WebServer] 2026-09-06T17:34:35.599Z INFO  application=marketops-server environment=local buildVersion=0.1.0-SNAPSHOT correlationId=75789c0c-395a-4a17-bde6-e853d21a36de c.m.m.s.i.c.CorrelationIdFilter - Request completed event="request_completed" correlationId="75789c0c-395a-4a17-bde6-e853d21a36de" status="200"
[WebServer] 2026-09-06T17:34:37.687Z INFO  application=marketops-server environment=local buildVersion=0.1.0-SNAPSHOT correlationId=fb39736c-4110-4242-8683-f375ef9eb4d2 c.m.m.s.i.c.CorrelationIdFilter - Request completed event="request_completed" correlationId="fb39736c-4110-4242-8683-f375ef9eb4d2" status="200"
  ✓  16 tests/browser/health-shell.spec.ts:63:1 › the built console recovers across a real database outage (10.1s)
  ✓  17 tests/browser/operating-console.spec.ts:34:3 › TC-BROWSER-010 nothing operational reaches an unauthenticated visitor › shows the platform panel and no operating data (153ms)
[WebServer] 2026-09-06T17:34:38.399Z INFO  application=marketops-server environment=local buildVersion=0.1.0-SNAPSHOT correlationId=aa6f3069-7aca-4c90-ad3e-473da3efcc1e c.m.m.s.i.c.CorrelationIdFilter - Request completed event="request_completed" correlationId="aa6f3069-7aca-4c90-ad3e-473da3efcc1e" status="200"
[WebServer] 2026-09-06T17:34:38.443Z INFO  application=marketops-server environment=local buildVersion=0.1.0-SNAPSHOT correlationId=7da64ae0-24c6-41c2-a378-30ef0c31525b c.m.m.s.i.c.CorrelationIdFilter - Request completed event="request_completed" correlationId="7da64ae0-24c6-41c2-a378-30ef0c31525b" status="401"
  ✓  18 tests/browser/operating-console.spec.ts:44:3 › TC-BROWSER-010 nothing operational reaches an unauthenticated visitor › the backend refuses an operating request that carries no token (119ms)
[WebServer] 2026-09-06T17:34:38.542Z INFO  application=marketops-server environment=local buildVersion=0.1.0-SNAPSHOT correlationId=95396c81-42a2-4a11-9622-69389c698b28 c.m.m.s.i.c.CorrelationIdFilter - Request completed event="request_completed" correlationId="95396c81-42a2-4a11-9622-69389c698b28" status="200"
[WebServer] 2026-09-06T17:34:38.581Z INFO  application=marketops-server environment=local buildVersion=0.1.0-SNAPSHOT correlationId=ba5994cd-55b6-423d-9f0a-a73ad2310d67 c.m.m.s.i.c.CorrelationIdFilter - Request completed event="request_completed" correlationId="ba5994cd-55b6-423d-9f0a-a73ad2310d67" status="401"
  ✓  19 tests/browser/operating-console.spec.ts:58:3 › TC-BROWSER-010 nothing operational reaches an unauthenticated visitor › the backend refuses an operating request that carries a made-up token (131ms)
[WebServer] 2026-09-06T17:34:38.676Z INFO  application=marketops-server environment=local buildVersion=0.1.0-SNAPSHOT correlationId=a76d4fa2-3979-442c-8539-c19588bfa007 c.m.m.s.i.c.CorrelationIdFilter - Request completed event="request_completed" correlationId="a76d4fa2-3979-442c-8539-c19588bfa007" status="200"
  ✓  20 tests/browser/operating-console.spec.ts:79:3 › TC-BROWSER-010 nothing operational reaches an unauthenticated visitor › the built bundle carries no token, password or secret reference (132ms)
[WebServer] 2026-09-06T17:34:38.796Z INFO  application=marketops-server environment=local buildVersion=0.1.0-SNAPSHOT correlationId=1df9d4e2-23dc-4a85-8fb0-b9eb0ae9a72d c.m.m.s.i.c.CorrelationIdFilter - Request completed event="request_completed" correlationId="1df9d4e2-23dc-4a85-8fb0-b9eb0ae9a72d" status="200"
[WebServer] 2026-09-06T17:34:38.955Z INFO  application=marketops-server environment=local buildVersion=0.1.0-SNAPSHOT correlationId=f983c84e-e524-4364-8fde-4efa82beffb1 c.m.m.s.i.c.CorrelationIdFilter - Request completed event="request_completed" correlationId="f983c84e-e524-4364-8fde-4efa82beffb1" status="401"
[WebServer] 2026-09-06T17:34:38.957Z INFO  application=marketops-server environment=local buildVersion=0.1.0-SNAPSHOT correlationId=ac2dec0f-f620-487d-bb79-f9464bd994d4 c.m.m.s.i.c.CorrelationIdFilter - Request completed event="request_completed" correlationId="ac2dec0f-f620-487d-bb79-f9464bd994d4" status="401"
[WebServer] 2026-09-06T17:34:38.959Z INFO  application=marketops-server environment=local buildVersion=0.1.0-SNAPSHOT correlationId=0220646f-0f18-4486-b38c-4cd360897701 c.m.m.s.i.c.CorrelationIdFilter - Request completed event="request_completed" correlationId="0220646f-0f18-4486-b38c-4cd360897701" status="401"
[WebServer] 2026-09-06T17:34:38.960Z INFO  application=marketops-server environment=local buildVersion=0.1.0-SNAPSHOT correlationId=79e81511-80eb-4e05-a53f-650de23d42b0 c.m.m.s.i.c.CorrelationIdFilter - Request completed event="request_completed" correlationId="79e81511-80eb-4e05-a53f-650de23d42b0" status="401"
[WebServer] 2026-09-06T17:34:38.960Z INFO  application=marketops-server environment=local buildVersion=0.1.0-SNAPSHOT correlationId=3db429b1-040f-46fb-a160-1ea0b24e02c4 c.m.m.s.i.c.CorrelationIdFilter - Request completed event="request_completed" correlationId="3db429b1-040f-46fb-a160-1ea0b24e02c4" status="401"
[WebServer] 2026-09-06T17:34:38.962Z INFO  application=marketops-server environment=local buildVersion=0.1.0-SNAPSHOT correlationId=9eea28cb-0a37-4e41-9e12-ee17707c6319 c.m.m.s.i.c.CorrelationIdFilter - Request completed event="request_completed" correlationId="9eea28cb-0a37-4e41-9e12-ee17707c6319" status="401"
[WebServer] 2026-09-06T17:34:38.963Z INFO  application=marketops-server environment=local buildVersion=0.1.0-SNAPSHOT correlationId=f0141c69-d289-4135-a18d-92adf9785169 c.m.m.s.i.c.CorrelationIdFilter - Request completed event="request_completed" correlationId="f0141c69-d289-4135-a18d-92adf9785169" status="401"
[WebServer] 2026-09-06T17:34:38.972Z INFO  application=marketops-server environment=local buildVersion=0.1.0-SNAPSHOT correlationId=7db32c8f-7ff9-4bd1-aa15-4833eedd7859 c.m.m.s.i.c.CorrelationIdFilter - Request completed event="request_completed" correlationId="7db32c8f-7ff9-4bd1-aa15-4833eedd7859" status="200"
[WebServer] 2026-09-06T17:34:39.025Z INFO  application=marketops-server environment=local buildVersion=0.1.0-SNAPSHOT correlationId=dfa5d406-73d2-4b60-bb59-c6095afccde3 c.m.m.s.i.c.CorrelationIdFilter - Request completed event="request_completed" correlationId="dfa5d406-73d2-4b60-bb59-c6095afccde3" status="200"
  ✓  21 tests/browser/operating-console.spec.ts:164:5 › TC-BROWSER-012 asynchronous export presentation and browser download integrity › waits for 202 completion and saves only the verified large export (2.8s)
[WebServer] 2026-09-06T17:34:41.795Z INFO  application=marketops-server environment=local buildVersion=0.1.0-SNAPSHOT correlationId=3b76608d-134d-493c-b78d-082ea7112bd4 c.m.m.s.i.c.CorrelationIdFilter - Request completed event="request_completed" correlationId="3b76608d-134d-493c-b78d-082ea7112bd4" status="401"
[WebServer] 2026-09-06T17:34:41.797Z INFO  application=marketops-server environment=local buildVersion=0.1.0-SNAPSHOT correlationId=d4469c42-4010-45b4-8a0f-4c36778a3e37 c.m.m.s.i.c.CorrelationIdFilter - Request completed event="request_completed" correlationId="d4469c42-4010-45b4-8a0f-4c36778a3e37" status="401"
[WebServer] 2026-09-06T17:34:41.794Z INFO  application=marketops-server environment=local buildVersion=0.1.0-SNAPSHOT correlationId=683d7ebc-4295-4dc4-b4cb-fbab14f12fbd c.m.m.s.i.c.CorrelationIdFilter - Request completed event="request_completed" correlationId="683d7ebc-4295-4dc4-b4cb-fbab14f12fbd" status="401"
[WebServer] 2026-09-06T17:34:41.796Z INFO  application=marketops-server environment=local buildVersion=0.1.0-SNAPSHOT correlationId=f898b8fa-024b-4136-ac9f-475ed19b9a57 c.m.m.s.i.c.CorrelationIdFilter - Request completed event="request_completed" correlationId="f898b8fa-024b-4136-ac9f-475ed19b9a57" status="401"
[WebServer] 2026-09-06T17:34:41.797Z INFO  application=marketops-server environment=local buildVersion=0.1.0-SNAPSHOT correlationId=284da75d-6762-4d7a-8ed1-6457f8413db9 c.m.m.s.i.c.CorrelationIdFilter - Request completed event="request_completed" correlationId="284da75d-6762-4d7a-8ed1-6457f8413db9" status="401"
[WebServer] 2026-09-06T17:34:41.795Z INFO  application=marketops-server environment=local buildVersion=0.1.0-SNAPSHOT correlationId=76bc28dd-05da-4454-ac2e-b2cdb2c45b20 c.m.m.s.i.c.CorrelationIdFilter - Request completed event="request_completed" correlationId="76bc28dd-05da-4454-ac2e-b2cdb2c45b20" status="401"
[WebServer] 2026-09-06T17:34:41.802Z INFO  application=marketops-server environment=local buildVersion=0.1.0-SNAPSHOT correlationId=1f349534-add0-43e4-bb13-a7c6d88b725a c.m.m.s.i.c.CorrelationIdFilter - Request completed event="request_completed" correlationId="1f349534-add0-43e4-bb13-a7c6d88b725a" status="401"
[WebServer] 2026-09-06T17:34:41.857Z INFO  application=marketops-server environment=local buildVersion=0.1.0-SNAPSHOT correlationId=a5a76618-9444-40f6-b7dd-151be24f0250 c.m.m.s.i.c.CorrelationIdFilter - Request completed event="request_completed" correlationId="a5a76618-9444-40f6-b7dd-151be24f0250" status="200"
[WebServer] 2026-09-06T17:34:41.885Z INFO  application=marketops-server environment=local buildVersion=0.1.0-SNAPSHOT correlationId=d45bc382-6a21-466b-b30b-9eb1b45e8441 c.m.m.s.i.c.CorrelationIdFilter - Request completed event="request_completed" correlationId="d45bc382-6a21-466b-b30b-9eb1b45e8441" status="200"
  ✓  22 tests/browser/operating-console.spec.ts:164:5 › TC-BROWSER-012 asynchronous export presentation and browser download integrity › refuses a corrupt final part without offering a partial file (2.8s)
[WebServer] 2026-09-06T17:34:44.629Z INFO  application=marketops-server environment=local buildVersion=0.1.0-SNAPSHOT correlationId=75f1e83b-b4d9-46d8-b2bd-5f74dc9ca077 c.m.m.s.i.c.CorrelationIdFilter - Request completed event="request_completed" correlationId="75f1e83b-b4d9-46d8-b2bd-5f74dc9ca077" status="401"
[WebServer] 2026-09-06T17:34:44.629Z INFO  application=marketops-server environment=local buildVersion=0.1.0-SNAPSHOT correlationId=18b4d11e-6f42-40ca-b66e-723f3c7255aa c.m.m.s.i.c.CorrelationIdFilter - Request completed event="request_completed" correlationId="18b4d11e-6f42-40ca-b66e-723f3c7255aa" status="401"
[WebServer] 2026-09-06T17:34:44.629Z INFO  application=marketops-server environment=local buildVersion=0.1.0-SNAPSHOT correlationId=d00684c5-e280-4c21-afdc-2dad33f157c7 c.m.m.s.i.c.CorrelationIdFilter - Request completed event="request_completed" correlationId="d00684c5-e280-4c21-afdc-2dad33f157c7" status="401"
[WebServer] 2026-09-06T17:34:44.631Z INFO  application=marketops-server environment=local buildVersion=0.1.0-SNAPSHOT correlationId=074b5b4a-6b49-41b6-95b2-4a9b0f571008 c.m.m.s.i.c.CorrelationIdFilter - Request completed event="request_completed" correlationId="074b5b4a-6b49-41b6-95b2-4a9b0f571008" status="401"
[WebServer] 2026-09-06T17:34:44.632Z INFO  application=marketops-server environment=local buildVersion=0.1.0-SNAPSHOT correlationId=27831daa-1a09-40b5-9b79-bcf0b30175d2 c.m.m.s.i.c.CorrelationIdFilter - Request completed event="request_completed" correlationId="27831daa-1a09-40b5-9b79-bcf0b30175d2" status="401"
[WebServer] 2026-09-06T17:34:44.632Z INFO  application=marketops-server environment=local buildVersion=0.1.0-SNAPSHOT correlationId=20767685-1e72-4e5d-9276-4bb51cae24d6 c.m.m.s.i.c.CorrelationIdFilter - Request completed event="request_completed" correlationId="20767685-1e72-4e5d-9276-4bb51cae24d6" status="401"
[WebServer] 2026-09-06T17:34:44.634Z INFO  application=marketops-server environment=local buildVersion=0.1.0-SNAPSHOT correlationId=c893de0c-4edd-4152-8186-90c11d339145 c.m.m.s.i.c.CorrelationIdFilter - Request completed event="request_completed" correlationId="c893de0c-4edd-4152-8186-90c11d339145" status="401"
[WebServer] 2026-09-06T17:34:44.663Z INFO  application=marketops-server environment=local buildVersion=0.1.0-SNAPSHOT correlationId=7ee8f28a-27c4-4a08-b1fc-62ee040d8bc6 c.m.m.s.i.c.CorrelationIdFilter - Request completed event="request_completed" correlationId="7ee8f28a-27c4-4a08-b1fc-62ee040d8bc6" status="200"
[WebServer] 2026-09-06T17:34:44.694Z INFO  application=marketops-server environment=local buildVersion=0.1.0-SNAPSHOT correlationId=988a8146-725c-44f1-b823-53fcbc6cdd1a c.m.m.s.i.c.CorrelationIdFilter - Request completed event="request_completed" correlationId="988a8146-725c-44f1-b823-53fcbc6cdd1a" status="200"
[WebServer] 2026-09-06T17:34:44.698Z INFO  application=marketops-server environment=local buildVersion=0.1.0-SNAPSHOT correlationId=b924649b-a167-491c-b2c0-3c2a8332ddee c.m.m.s.i.c.CorrelationIdFilter - Request completed event="request_completed" correlationId="b924649b-a167-491c-b2c0-3c2a8332ddee" status="401"
  ✓  23 tests/browser/operating-console.spec.ts:316:3 › TC-BROWSER-011 the operator journey runs in a real browser › signs in, reaches the work list, and never labels doubt as certainty (297ms)
[WebServer] 2026-09-06T17:34:44.909Z INFO  application=marketops-server environment=local buildVersion=0.1.0-SNAPSHOT correlationId=7e114c36-9c68-442d-be39-dc6f1368eb6b c.m.m.s.i.c.CorrelationIdFilter - Request completed event="request_completed" correlationId="7e114c36-9c68-442d-be39-dc6f1368eb6b" status="401"
[WebServer] 2026-09-06T17:34:44.910Z INFO  application=marketops-server environment=local buildVersion=0.1.0-SNAPSHOT correlationId=71891d3b-04e7-4cf6-a464-b5c711b22f5d c.m.m.s.i.c.CorrelationIdFilter - Request completed event="request_completed" correlationId="71891d3b-04e7-4cf6-a464-b5c711b22f5d" status="401"
[WebServer] 2026-09-06T17:34:44.912Z INFO  application=marketops-server environment=local buildVersion=0.1.0-SNAPSHOT correlationId=17994441-a201-46f4-b90d-e9809e60a2cf c.m.m.s.i.c.CorrelationIdFilter - Request completed event="request_completed" correlationId="17994441-a201-46f4-b90d-e9809e60a2cf" status="401"
[WebServer] 2026-09-06T17:34:44.913Z INFO  application=marketops-server environment=local buildVersion=0.1.0-SNAPSHOT correlationId=9a71bfb4-8059-46bb-b688-27a75ad1ade9 c.m.m.s.i.c.CorrelationIdFilter - Request completed event="request_completed" correlationId="9a71bfb4-8059-46bb-b688-27a75ad1ade9" status="401"
[WebServer] 2026-09-06T17:34:44.914Z INFO  application=marketops-server environment=local buildVersion=0.1.0-SNAPSHOT correlationId=09656ab1-53b1-433d-be39-3ad4514dc01d c.m.m.s.i.c.CorrelationIdFilter - Request completed event="request_completed" correlationId="09656ab1-53b1-433d-be39-3ad4514dc01d" status="401"
[WebServer] 2026-09-06T17:34:44.915Z INFO  application=marketops-server environment=local buildVersion=0.1.0-SNAPSHOT correlationId=ec540aca-45fa-45d1-8b0e-fe8b5e904dad c.m.m.s.i.c.CorrelationIdFilter - Request completed event="request_completed" correlationId="ec540aca-45fa-45d1-8b0e-fe8b5e904dad" status="401"
[WebServer] 2026-09-06T17:34:44.913Z INFO  application=marketops-server environment=local buildVersion=0.1.0-SNAPSHOT correlationId=bb2b9058-4344-436f-92c1-63ca8bfddcc9 c.m.m.s.i.c.CorrelationIdFilter - Request completed event="request_completed" correlationId="bb2b9058-4344-436f-92c1-63ca8bfddcc9" status="401"
[WebServer] 2026-09-06T17:34:44.928Z INFO  application=marketops-server environment=local buildVersion=0.1.0-SNAPSHOT correlationId=ebdc2491-cd3d-41f4-941f-a9001c643e39 c.m.m.s.i.c.CorrelationIdFilter - Request completed event="request_completed" correlationId="ebdc2491-cd3d-41f4-941f-a9001c643e39" status="200"
[WebServer] 2026-09-06T17:34:44.993Z INFO  application=marketops-server environment=local buildVersion=0.1.0-SNAPSHOT correlationId=b52cfa02-5e9f-4a4f-a8c4-2890f7b4f780 c.m.m.s.i.c.CorrelationIdFilter - Request completed event="request_completed" correlationId="b52cfa02-5e9f-4a4f-a8c4-2890f7b4f780" status="200"
  ✓  24 tests/browser/operating-console.spec.ts:402:3 › TC-BROWSER-011 the operator journey runs in a real browser › an ended session takes the operator back to sign-in with no data left on screen (249ms)
[WebServer] 2026-09-06T17:34:45.026Z INFO  application=marketops-server environment=local buildVersion=0.1.0-SNAPSHOT correlationId=de1e8fa5-f34f-40d6-b6e8-2768369b4253 c.m.m.s.i.c.CorrelationIdFilter - Request completed event="request_completed" correlationId="de1e8fa5-f34f-40d6-b6e8-2768369b4253" status="200"
[WebServer] 2026-09-06T17:34:45.190Z INFO  application=marketops-server environment=local buildVersion=0.1.0-SNAPSHOT correlationId=ae19e2df-b2ec-4775-928b-0e6be905e57d c.m.m.s.i.c.CorrelationIdFilter - Request completed event="request_completed" correlationId="ae19e2df-b2ec-4775-928b-0e6be905e57d" status="200"
  ✓  25 tests/browser/operating-console.spec.ts:418:3 › TC-BROWSER-011 the operator journey runs in a real browser › a refused sign-in leaves the visitor told rather than blank (198ms)
[WebServer] 2026-09-06T17:34:45.240Z INFO  application=marketops-server environment=local buildVersion=0.1.0-SNAPSHOT correlationId=b4f319b9-feed-4053-b44f-4e3ac889a041 c.m.m.s.i.c.CorrelationIdFilter - Request completed event="request_completed" correlationId="b4f319b9-feed-4053-b44f-4e3ac889a041" status="200"

  25 passed (1.2m)
