[WebServer] Picked up JAVA_TOOL_OPTIONS: -Djava.io.tmpdir=/tmp/slice3-final-browser-work.7TIa4Q/java-tmp
[WebServer] [INFO] Scanning for projects...
[WebServer] [INFO] 
[WebServer] [INFO] --------------< com.mimococo.marketops:marketops-server >---------------
[WebServer] [INFO] Building MarketOps Server 0.1.0-SNAPSHOT
[WebServer] [INFO]   from pom.xml
[WebServer] [INFO] --------------------------------[ jar ]---------------------------------
[WebServer] [INFO] 
[WebServer] [INFO] >>> spring-boot:4.1.0:test-run (advertising-browser-fixture) > test-compile @ marketops-server >>>
[WebServer] [INFO] 
[WebServer] [INFO] --- enforcer:3.6.3:enforce (enforce-toolchain-and-dependencies) @ marketops-server ---
[WebServer] [INFO] Rule 0: org.apache.maven.enforcer.rules.version.RequireJavaVersion passed
[WebServer] [INFO] Rule 1: org.apache.maven.enforcer.rules.version.RequireMavenVersion passed
[WebServer] [INFO] Rule 2: org.apache.maven.enforcer.rules.dependency.BannedDependencies passed
[WebServer] [INFO] Rule 3: org.apache.maven.enforcer.rules.dependency.DependencyConvergence passed
[WebServer] [INFO] 
[WebServer] [INFO] --- jacoco:0.8.15:prepare-agent (prepare-coverage) @ marketops-server ---
[WebServer] [INFO] argLine set to -javaagent:/Users/chzhengx/.m2/repository/org/jacoco/org.jacoco.agent/0.8.15/org.jacoco.agent-0.8.15-runtime.jar=destfile=/private/tmp/slice3-final-browser-work.7TIa4Q/source/backend/marketops-server/target/jacoco.exec
[WebServer] [INFO] 
[WebServer] [INFO] --- spring-boot:4.1.0:build-info (build-info) @ marketops-server ---
[WebServer] [INFO] 
[WebServer] [INFO] --- resources:3.5.0:resources (default-resources) @ marketops-server ---
[WebServer] [INFO] Copying 5 resources from src/main/resources to target/classes
[WebServer] [INFO] Copying 74 resources from src/main/resources to target/classes
[WebServer] [INFO] 
[WebServer] [INFO] --- compiler:3.15.0:compile (default-compile) @ marketops-server ---
[WebServer] [INFO] Nothing to compile - all classes are up to date.
[WebServer] [INFO] [WebServer] 
[WebServer] [INFO] --- resources:3.5.0:testResources (default-testResources) @ marketops-server ---
[WebServer] [INFO] Copying 4 resources from src/test/resources to target/test-classes
[WebServer] [INFO] 
[WebServer] [INFO] --- compiler:3.15.0:testCompile (default-testCompile) @ marketops-server ---
[WebServer] [INFO] Recompiling the module because of changed source code.
[WebServer] [INFO] Compiling 312 source files with javac [debug deprecation parameters release 21] to target/test-classes
[WebServer] [WARNING] /private/tmp/slice3-final-browser-work.7TIa4Q/source/backend/marketops-server/src/test/java/com/mimococo/marketops/AdvertisingAggregateExposureIT.java:[49,81] asText() in tools.jackson.databind.JsonNode has been deprecated
[WebServer] [WARNING] /private/tmp/slice3-final-browser-work.7TIa4Q/source/backend/marketops-server/src/test/java/com/mimococo/marketops/AdvertisingAggregateExposureIT.java:[108,68] asText() in tools.jackson.databind.JsonNode has been deprecated
[WebServer] [WARNING] /private/tmp/slice3-final-browser-work.7TIa4Q/source/backend/marketops-server/src/test/java/com/mimococo/marketops/AdvertisingAggregateExposureIT.java:[162,65] asText() in tools.jackson.databind.JsonNode has been deprecated
[WebServer] [WARNING] /private/tmp/slice3-final-browser-work.7TIa4Q/source/backend/marketops-server/src/test/java/com/mimococo/marketops/AdvertisingAggregateExposureIT.java:[168,65] asText() in tools.jackson.databind.JsonNode has been deprecated
[WebServer] [WARNING] /private/tmp/slice3-final-browser-work.7TIa4Q/source/backend/marketops-server/src/test/java/com/mimococo/marketops/AdvertisingAggregateExposureIT.java:[171,76] asText() in tools.jackson.databind.JsonNode has been deprecated
[WebServer] [WARNING] /private/tmp/slice3-final-browser-work.7TIa4Q/source/backend/marketops-server/src/test/java/com/mimococo/marketops/AdvertisingAggregateExposureIT.java:[250,146] asText() in tools.jackson.databind.JsonNode has been deprecated
[WebServer] [WARNING] /private/tmp/slice3-final-browser-work.7TIa4Q/source/backend/marketops-server/src/test/java/com/mimococo/marketops/AdvertisingAuthorityVersionStopIT.java:[78,94] asText() in tools.jackson.databind.JsonNode has been deprecated
[WebServer] [WARNING] /private/tmp/slice3-final-browser-work.7TIa4Q/source/backend/marketops-server/src/test/java/com/mimococo/marketops/AdvertisingAuthorityVersionStopIT.java:[104,64] asText() in tools.jackson.databind.JsonNode has been deprecated
[WebServer] [WARNING] /private/tmp/slice3-final-browser-work.7TIa4Q/source/backend/marketops-server/src/test/java/com/mimococo/marketops/AdvertisingCrossDomainIsolationIT.java:[60,57] asText() in tools.jackson.databind.JsonNode has been deprecated
[WebServer] [WARNING] /private/tmp/slice3-final-browser-work.7TIa4Q/source/backend/marketops-server/src/test/java/com/mimococo/marketops/AdvertisingCrossDomainIsolationIT.java:[64,60] asText() in tools.jackson.databind.JsonNode has been deprecated[WebServer] 
[WebServer] [WARNING] /private/tmp/slice3-final-browser-work.7TIa4Q/source/backend/marketops-server/src/test/java/com/mimococo/marketops/AdvertisingCrossDomainIsolationIT.java:[74,95] asText() in tools.jackson.databind.JsonNode has been deprecated
[WebServer] [WARNING] /private/tmp/slice3-final-browser-work.7TIa4Q/source/backend/marketops-server/src/test/java/com/mimococo/marketops/AdvertisingCrossDomainIsolationIT.java:[104,95] asText() in tools.jackson.databind.JsonNode has been deprecated
[WebServer] [WARNING] /private/tmp/slice3-final-browser-work.7TIa4Q/source/backend/marketops-server/src/test/java/com/mimococo/marketops/AdvertisingCrossDomainIsolationIT.java:[219,57] asText() in tools.jackson.databind.JsonNode has been deprecated
[WebServer] [WARNING] /private/tmp/slice3-final-browser-work.7TIa4Q/source/backend/marketops-server/src/test/java/com/mimococo/marketops/AdvertisingCrossDomainIsolationIT.java:[229,57] asText() in tools.jackson.databind.JsonNode has been deprecated
[WebServer] [WARNING] /private/tmp/slice3-final-browser-work.7TIa4Q/source/backend/marketops-server/src/test/java/com/mimococo/marketops/AdvertisingCrossDomainIsolationIT.java:[244,47] asText() in tools.jackson.databind.JsonNode has been deprecated
[WebServer] [WARNING] /private/tmp/slice3-final-browser-work.7TIa4Q/source/backend/marketops-server/src/test/java/com/mimococo/marketops/AdvertisingDisclosureIT.java:[83,65] asText() in tools.jackson.databind.JsonNode has been deprecated
[WebServer] [WARNING] /private/tmp/slice3-final-browser-work.7TIa4Q/source/backend/marketops-server/src/test/java/com/mimococo/marketops/AdvertisingDisclosureIT.java:[86,74] asText() in tools.jackson.databind.JsonNode has been deprecated
[WebServer] [WARNING] /private/tmp/slice3-final-browser-work.7TIa4Q/source/backend/marketops-server/src/test/java/com/mimococo/marketops/AdvertisingDisclosureIT.java:[95,83] asText() in tools.jackson.databind.JsonNode has been deprecated
[WebServer] [WARNING] /private/tmp/slice3-final-browser-work.7TIa4Q/source/backend/marketops-server/src/test/java/com/mimococo/marketops/AdvertisingDisclosureIT.java:[118,49] asText() in tools.jackson.databind.JsonNode has been deprecated
[WebServer] [WARNING] /private/tmp/slice3-final-browser-work.7TIa4Q/source/backend/marketops-server/src/test/java/com/mimococo/marketops/AdvertisingDisclosureIT.java:[167,53] asText() in tools.jackson.databind.JsonNode has been deprecated
[WebServer] [WARNING] /private/tmp/slice3-final-browser-work.7TIa4Q/source/backend/marketops-server/src/test/java/com/mimococo/marketops/AdvertisingDisclosureIT.java:[211,52] asText() in tools.jackson.databind.JsonNode has been deprecated
[WebServer] [WARNING] /private/tmp/slice3-final-browser-work.7TIa4Q/source/backend/marketops-server/src/test/java/com/mimococo/marketops/AdvertisingDisclosureIT.java:[287,75] asText() in tools.jackson.databind.JsonNode has been deprecated
[WebServer] [WARNING] /private/tmp/slice3-final-browser-work.7TIa4Q/source/backend/marketops-server/src/test/java/com/mimococo/marketops/AdvertisingDisclosureIT.java:[288,79] asText() in tools.jackson.databind.JsonNode has been deprecated
[WebServer] [WARNING] /private/tmp/slice3-final-browser-work.7TIa4Q/source/backend/marketops-server/src/test/java/com/mimococo/marketops/AdvertisingDisclosureIT.java:[291,40] asText() in tools.jackson.databind.JsonNode has been deprecated
[WebServer] [WARNING] /private/tmp/slice3-final-browser-work.7TIa4Q/source/backend/marketops-server/src/test/java/com/mimococo/marketops/AdvertisingDisclosureIT.java:[293,53] asText() in tools.jackson.databind.JsonNode has been deprecated
[WebServer] [WARNING] /private/tmp/slice3-final-browser-work.7TIa4Q/source/backend/marketops-server/src/test/java/com/mimococo/marketops/AdvertisingDisclosureIT.java:[352,57] asText() in tools.jackson.databind.JsonNode has been deprecated
[WebServer] [WARNING] /private/tmp/slice3-final-browser-work.7TIa4Q/source/backend/marketops-server/src/test/java/com/mimococo/marketops/AdvertisingDisclosureIT.java:[354,90] asText() in tools.jackson.databind.JsonNode has been deprecated
[WebServer] [WARNING] /private/tmp/slice3-final-browser-work.7TIa4Q/source/backend/marketops-server/src/test/java/com/mimococo/marketops/AdvertisingDisclosureIT.java:[405,37] asText() in tools.jackson.databind.JsonNode has been deprecated
[WebServer] [WARNING] /private/tmp/slice3-final-browser-work.7TIa4Q/source/backend/marketops-server/src/test/java/com/mimococo/marketops/AdvertisingDisclosureIT.java:[406,54] asText() in tools.jackson.databind.JsonNode has been deprecated
[WebServer] [WARNING] /private/tmp/slice3-final-browser-work.7TIa4Q/source/backend/marketops-server/src/test/java/com/mimococo/marketops/AdvertisingDisclosureIT.java:[410,48] asText() in tools.jackson.databind.JsonNode has been deprecated
[WebServer] [WARNING] /private/tmp/slice3-final-browser-work.7TIa4Q/source/backend/marketops-server/src/test/java/com/mimococo/marketops/AdvertisingDisclosureIT.java:[428,35] isTextual() in tools.jackson.databind.JsonNode has been deprecated
[WebServer] [WARNING] /private/tmp/slice3-final-browser-work.7TIa4Q/source/backend/marketops-server/src/test/java/com/mimococo/marketops/AdvertisingDisclosureIT.java:[428,55] asText() in tools.jackson.databind.JsonNode has been deprecated
[WebServer] [WARNING] /private/tmp/slice3-final-browser-work.7TIa4Q/source/backend/marketops-server/src/test/java/com/mimococo/marketops/AdvertisingDisclosureIT.java:[429,88] asText() in tools.jackson.databind.JsonNode has been deprecated
[WebServer] [WARNING] /private/tmp/slice3-final-browser-work.7TIa4Q/source/backend/marketops-server/src/test/java/com/mimococo/marketops/AdvertisingSealedAuthorityIT.java:[253,64] asText() in tools.jackson.databind.JsonNode has been deprecated
[WebServer] [WARNING] /private/tmp/slice3-final-browser-work.7TIa4Q/source/backend/marketops-server/src/test/java/com/mimococo/marketops/AdvertisingSealedAuthorityIT.java:[257,72] asText() in tools.jackson.databind.JsonNode has been deprecated
[WebServer] [WARNING] /private/tmp/slice3-final-browser-work.7TIa4Q/source/backend/marketops-server/src/test/java/com/mimococo/marketops/AdvertisingSealedAuthorityIT.java:[258,49] asText() in tools.jackson.databind.JsonNode has been deprecated
[WebServer] [WARNING] /private/tmp/slice3-final-browser-work.7TIa4Q/source/backend/marketops-server/src/test/java/com/mimococo/marketops/AdvertisingHumanWorkflowIT.java:[137,74] asText() in tools.jackson.databind.JsonNode has been deprecated
[WebServer] [WARNING] /private/tmp/slice3-final-browser-work.7TIa4Q/source/backend/marketops-server/src/test/java/com/mimococo/marketops/AdvertisingHumanWorkflowIT.java:[142,85] asText() in tools.jackson.databind.JsonNode has been deprecated
[WebServer] [WARNING] /private/tmp/slice3-final-browser-work.7TIa4Q/source/backend/marketops-server/src/test/java/com/mimococo/marketops/AdvertisingHumanWorkflowIT.java:[182,60] asText() in tools.jackson.databind.JsonNode has been deprecated
[WebServer] [WARNING] /private/tmp/slice3-final-browser-work.7TIa4Q/source/backend/marketops-server/src/test/java/com/mimococo/marketops/AdvertisingManualWorkflowIT.java:[811,69] asText() in tools.jackson.databind.JsonNode has been deprecated
[WebServer] [WARNING] /private/tmp/slice3-final-browser-work.7TIa4Q/source/backend/marketops-server/src/test/java/com/mimococo/marketops/AdvertisingMaterialityIT.java:[31,46] asText() in tools.jackson.databind.JsonNode has been deprecated
[WebServer] [WARNING] /private/tmp/slice3-final-browser-work.7TIa4Q/source/backend/marketops-server/src/test/java/com/mimococo/marketops/AdvertisingMaterialityIT.java:[72,40] asText() in tools.jackson.databind.JsonNode has been deprecated
[WebServer] [WARNING] /private/tmp/slice3-final-browser-work.7TIa4Q/source/backend/marketops-server/src/test/java/com/mimococo/marketops/AdvertisingMaterialityIT.java:[77,46] asText() in tools.jackson.databind.JsonNode has been deprecated
[WebServer] [WARNING] /private/tmp/slice3-final-browser-work.7TIa4Q/source/backend/marketops-server/src/test/java/com/mimococo/marketops/AdvertisingMaterialityIT.java:[83,40] asText() in tools.jackson.databind.JsonNode has been deprecated
[WebServer] [WARNING] /private/tmp/slice3-final-browser-work.7TIa4Q/source/backend/marketops-server/src/test/java/com/mimococo/marketops/advertisingefficiency/AdvertisingRankFactorSerializationTest.java:[18,42] asText() in tools.jackson.databind.JsonNode has been deprecated
[WebServer] [WARNING] /private/tmp/slice3-final-browser-work.7TIa4Q/source/backend/marketops-server/src/test/java/com/mimococo/marketops/advertisingefficiency/AdvertisingRankFactorSerializationTest.java:[20,43] asText() in tools.jackson.databind.JsonNode has been deprecated
[WebServer] [WARNING] /private/tmp/slice3-final-browser-work.7TIa4Q/source/backend/marketops-server/src/test/java/com/mimococo/marketops/advertisingefficiency/internal/application/AdvertisingEconomicCauseBoundIT.java:[117,60] asText() in tools.jackson.databind.JsonNode has been deprecated
[WebServer] [WARNING] /private/tmp/slice3-final-browser-work.7TIa4Q/source/backend/marketops-server/src/test/java/com/mimococo/marketops/advertisingefficiency/internal/application/AdvertisingFrozenOutcomeIT.java:[142,89] asText() in tools.jackson.databind.JsonNode has been deprecated
[WebServer] [WARNING] /private/tmp/slice3-final-browser-work.7TIa4Q/source/backend/marketops-server/src/test/java/com/mimococo/marketops/advertisingefficiency/internal/application/AdvertisingMixedPreparationIT.java:[81,50] asText() in tools.jackson.databind.JsonNode has been deprecated
[WebServer] [WARNING] /private/tmp/slice3-final-browser-work.7TIa4Q/source/backend/marketops-server/src/test/java/com/mimococo/marketops/advertisingefficiency/internal/application/AdvertisingMixedPreparationIT.java:[83,88] asText() in tools.jackson.databind.JsonNode has been deprecated
[WebServer] [WARNING] /private/tmp/slice3-final-browser-work.7TIa4Q/source/backend/marketops-server/src/test/java/com/mimococo/marketops/advertisingefficiency/internal/application/AdvertisingOutcomeServiceTest.java:[122,63] asText() in tools.jackson.databind.JsonNode has been deprecated
[WebServer] [WARNING] /private/tmp/slice3-final-browser-work.7TIa4Q/source/backend/marketops-server/src/test/java/com/mimococo/marketops/aicopilot/internal/application/OutputValidatorTest.java:[161,56] redundant cast to java.lang.String
[WebServer] [WARNING] /private/tmp/slice3-final-browser-work.7TIa4Q/source/backend/marketops-server/src/test/java/com/mimococo/marketops/marketplaceintegration/adapter/http/PlatformHttpAdaptersTest.java:[103,70] unchecked generic array creation for varargs parameter of type java.util.Optional<java.lang.String>[]
[WebServer] [INFO] 
[WebServer] [INFO] <<< spring-boot:4.1.0:test-run (advertising-browser-fixture) < test-compile @ marketops-server <<<
[WebServer] [INFO] 
[WebServer] [INFO] 
[WebServer] [INFO] --- spring-boot:4.1.0:test-run (advertising-browser-fixture) @ marketops-server ---
[WebServer] [INFO] Attaching agents: []
[WebServer] Picked up JAVA_TOOL_OPTIONS: -Djava.io.tmpdir=/tmp/slice3-final-browser-work.7TIa4Q/java-tmp
[WebServer] 2026-09-06T17:35:04.081Z INFO  application=marketops-server environment=local buildVersion=0.1.0-SNAPSHOT correlationId=none c.m.m.AdvertisingBrowserFixtureApplication - Starting AdvertisingBrowserFixtureApplication v0.1.0-SNAPSHOT using Java 21.0.10 with PID 9833 (/private/tmp/slice3-final-browser-work.7TIa4Q/source/backend/marketops-server/target/test-classes started by chzhengx in /private/tmp/slice3-final-browser-work.7TIa4Q/source/backend/marketops-server) 
[WebServer] 2026-09-06T17:35:04.088Z DEBUG application=marketops-server environment=local buildVersion=0.1.0-SNAPSHOT correlationId=none c.m.m.AdvertisingBrowserFixtureApplication - Running with Spring Boot v4.1.0, Spring v7.0.8 
[WebServer] 2026-09-06T17:35:04.088Z INFO  application=marketops-server environment=local buildVersion=0.1.0-SNAPSHOT correlationId=none c.m.m.AdvertisingBrowserFixtureApplication - The following 1 profile is active: "local" 
[WebServer] 2026-09-06T17:35:05.908Z INFO  application=marketops-server environment=local buildVersion=0.1.0-SNAPSHOT correlationId=none o.s.boot.tomcat.TomcatWebServer - Tomcat initialized with port 8080 (http) 
[WebServer] 2026-09-06T17:35:05.919Z INFO  application=marketops-server environment=local buildVersion=0.1.0-SNAPSHOT correlationId=none o.a.catalina.core.StandardService - Starting service [Tomcat] 
[WebServer] 2026-09-06T17:35:05.920Z INFO  application=marketops-server environment=local buildVersion=0.1.0-SNAPSHOT correlationId=none o.a.catalina.core.StandardEngine - Starting Servlet engine: [Apache Tomcat/11.0.22] 
[WebServer] 2026-09-06T17:35:05.943Z INFO  application=marketops-server environment=local buildVersion=0.1.0-SNAPSHOT correlationId=none o.s.b.w.c.s.WebApplicationContextInitializer - Root WebApplicationContext: initialization completed in 1817 ms 
[WebServer] 2026-09-06T17:35:06.076Z DEBUG application=marketops-server environment=local buildVersion=0.1.0-SNAPSHOT correlationId=none c.m.m.s.i.c.CorrelationIdFilter - Filter 'correlationIdFilter' configured for use 
[WebServer] 2026-09-06T17:35:15.339Z INFO  application=marketops-server environment=local buildVersion=0.1.0-SNAPSHOT correlationId=none o.s.b.a.e.web.EndpointLinksResolver - Exposing 2 endpoints beneath base path '/actuator' 
[WebServer] 2026-09-06T17:35:15.489Z INFO  application=marketops-server environment=local buildVersion=0.1.0-SNAPSHOT correlationId=none o.s.boot.tomcat.TomcatWebServer - Tomcat started on port 8080 (http) with context path '/' 
[WebServer] 2026-09-06T17:35:15.496Z INFO  application=marketops-server environment=local buildVersion=0.1.0-SNAPSHOT correlationId=none o.s.s.config.TaskSchedulerRouter - No TaskScheduler/ScheduledExecutorService bean found for scheduled processing 
[WebServer] 2026-09-06T17:35:15.501Z INFO  application=marketops-server environment=local buildVersion=0.1.0-SNAPSHOT correlationId=none c.m.m.AdvertisingBrowserFixtureApplication - Started AdvertisingBrowserFixtureApplication in 11.973 seconds (process running for 12.296) 
[WebServer] 2026-09-06T17:35:16.287Z INFO  application=marketops-server environment=local buildVersion=0.1.0-SNAPSHOT correlationId=none c.m.m.a.i.a.JdbcMetadataAuditStore - Metadata change recorded event="metadata_change_recorded" sourceDomain="identityaccess" entityType="user-scope-grant" entityId="9756bb58-147f-4965-b091-f4f9683c2161" action="GRANT" actorId="synthetic-ad-browser" correlationId="a7451b62-6071-4ca2-9efa-7486985526c9"
[WebServer] 2026-09-06T17:35:16.296Z INFO  application=marketops-server environment=local buildVersion=0.1.0-SNAPSHOT correlationId=none c.m.m.a.i.a.JdbcMetadataAuditStore - Metadata change recorded event="metadata_change_recorded" sourceDomain="identityaccess" entityType="user-scope-grant" entityId="994231fa-f79f-482e-9c04-e729b4d5a405" action="GRANT" actorId="synthetic-ad-browser" correlationId="dd63169b-9aed-41ae-81b5-d19216e3ac9c"
[WebServer] 2026-09-06T17:35:16.302Z INFO  application=marketops-server environment=local buildVersion=0.1.0-SNAPSHOT correlationId=none c.m.m.a.i.a.JdbcMetadataAuditStore - Metadata change recorded event="metadata_change_recorded" sourceDomain="identityaccess" entityType="user-scope-grant" entityId="6447f5cb-c8b2-40f9-ba08-8cebb1e86e4f" action="GRANT" actorId="synthetic-ad-browser" correlationId="08177e52-6273-4892-a974-9cdc4165f110"
[WebServer] 2026-09-06T17:35:16.309Z INFO  application=marketops-server environment=local buildVersion=0.1.0-SNAPSHOT correlationId=none c.m.m.a.i.a.JdbcMetadataAuditStore - Metadata change recorded event="metadata_change_recorded" sourceDomain="identityaccess" entityType="user-scope-grant" entityId="4f7ba3c1-22ec-4e3b-8bbc-fd657fae2dd8" action="GRANT" actorId="synthetic-ad-browser" correlationId="3a0210c0-af4e-49db-b44b-3f4016f54210"
[WebServer] 2026-09-06T17:35:16.315Z INFO  application=marketops-server environment=local buildVersion=0.1.0-SNAPSHOT correlationId=none c.m.m.a.i.a.JdbcMetadataAuditStore - Metadata change recorded event="metadata_change_recorded" sourceDomain="identityaccess" entityType="user-scope-grant" entityId="05ef1ab5-abaa-45f3-87a1-f9e3eabc0274" action="GRANT" actorId="synthetic-ad-browser" correlationId="e7875267-d348-4dc7-ab6b-36042ae762ec"
[WebServer] 2026-09-06T17:35:16.321Z INFO  application=marketops-server environment=local buildVersion=0.1.0-SNAPSHOT correlationId=none c.m.m.a.i.a.JdbcMetadataAuditStore - Metadata change recorded event="metadata_change_recorded" sourceDomain="identityaccess" entityType="user-scope-grant" entityId="f08801ec-64c9-45e5-b666-cf41f4461893" action="GRANT" actorId="synthetic-ad-browser" correlationId="63881e60-cc9e-41d1-a764-bebe1563a6e2"
[WebServer] 2026-09-06T17:35:16.326Z INFO  application=marketops-server environment=local buildVersion=0.1.0-SNAPSHOT correlationId=none c.m.m.a.i.a.JdbcMetadataAuditStore - Metadata change recorded event="metadata_change_recorded" sourceDomain="identityaccess" entityType="user-scope-grant" entityId="a4b5a1af-daab-4c6c-9cb1-cca3b07ab77b" action="GRANT" actorId="synthetic-ad-browser" correlationId="502702e5-ed82-438b-b302-05d857e4ddd1"
[WebServer] 2026-09-06T17:35:16.329Z INFO  application=marketops-server environment=local buildVersion=0.1.0-SNAPSHOT correlationId=none c.m.m.a.i.a.JdbcMetadataAuditStore - Metadata change recorded event="metadata_change_recorded" sourceDomain="identityaccess" entityType="user-scope-grant" entityId="c1ab50f8-1aa5-476c-b926-0cbccae584cc" action="GRANT" actorId="synthetic-ad-browser" correlationId="db218ee6-9e70-49f5-8e93-6bc87795300e"
[WebServer] 2026-09-06T17:35:16.332Z INFO  application=marketops-server environment=local buildVersion=0.1.0-SNAPSHOT correlationId=none c.m.m.a.i.a.JdbcMetadataAuditStore - Metadata change recorded event="metadata_change_recorded" sourceDomain="identityaccess" entityType="user-scope-grant" entityId="e97869f4-0f1c-4636-8bab-bb429dc5804d" action="GRANT" actorId="synthetic-ad-browser" correlationId="84f84ae6-44da-4b8a-a140-51509902293b"
[WebServer] 2026-09-06T17:35:16.336Z INFO  application=marketops-server environment=local buildVersion=0.1.0-SNAPSHOT correlationId=none c.m.m.a.i.a.JdbcMetadataAuditStore - Metadata change recorded event="metadata_change_recorded" sourceDomain="identityaccess" entityType="user-scope-grant" entityId="a9cbd4f9-b7b9-4487-b851-ca4df3b74f36" action="GRANT" actorId="synthetic-ad-browser" correlationId="f41b23ac-6a61-40f5-8651-3ddd9bcc57bb"
[WebServer] 2026-09-06T17:35:17.061Z INFO  application=marketops-server environment=local buildVersion=0.1.0-SNAPSHOT correlationId=none c.m.m.a.i.a.JdbcMetadataAuditStore - Metadata change recorded event="metadata_change_recorded" sourceDomain="identityaccess" entityType="user-scope-grant" entityId="f13e0362-dc34-4fd6-996a-cda425a0348b" action="GRANT" actorId="synthetic-manual-browser" correlationId="79f04718-8941-4366-bf3b-60021b31885d"
[WebServer] 2026-09-06T17:35:17.067Z INFO  application=marketops-server environment=local buildVersion=0.1.0-SNAPSHOT correlationId=none c.m.m.a.i.a.JdbcMetadataAuditStore - Metadata change recorded event="metadata_change_recorded" sourceDomain="identityaccess" entityType="user-scope-grant" entityId="7f3c8725-d63f-4044-9b4c-9fffeb3a0d13" action="GRANT" actorId="synthetic-manual-browser" correlationId="4f99ffd9-2831-4a59-9df1-9598c2a1ff6f"
[WebServer] 2026-09-06T17:35:17.079Z INFO  application=marketops-server environment=local buildVersion=0.1.0-SNAPSHOT correlationId=none c.m.m.a.i.a.JdbcMetadataAuditStore - Metadata change recorded event="metadata_change_recorded" sourceDomain="identityaccess" entityType="user-scope-grant" entityId="481d28dd-d026-469c-9cc1-180363f14aee" action="GRANT" actorId="synthetic-manual-browser" correlationId="d6ad197a-4483-4c62-835e-a3a4ae4a8066"
[WebServer] 2026-09-06T17:35:17.134Z INFO  application=marketops-server environment=local buildVersion=0.1.0-SNAPSHOT correlationId=none c.m.m.a.i.a.JdbcMetadataAuditStore - Metadata change recorded event="metadata_change_recorded" sourceDomain="identityaccess" entityType="user-scope-grant" entityId="906fb633-bb50-4164-9cd0-b67733be5bb6" action="GRANT" actorId="synthetic-manual-browser" correlationId="8a3f7b31-71c7-4aec-bc87-523bca8b5b7e"
[WebServer] 2026-09-06T17:35:17.149Z INFO  application=marketops-server environment=local buildVersion=0.1.0-SNAPSHOT correlationId=none c.m.m.a.i.a.JdbcMetadataAuditStore - Metadata change recorded event="metadata_change_recorded" sourceDomain="identityaccess" entityType="user-scope-grant" entityId="a62bf929-5f8f-43a3-82ea-4864b512a10b" action="GRANT" actorId="synthetic-manual-browser" correlationId="36ebc6d3-4d72-4096-b9bf-f168b833e264"
[WebServer] 2026-09-06T17:35:17.163Z INFO  application=marketops-server environment=local buildVersion=0.1.0-SNAPSHOT correlationId=none c.m.m.a.i.a.JdbcMetadataAuditStore - Metadata change recorded event="metadata_change_recorded" sourceDomain="identityaccess" entityType="user-scope-grant" entityId="0b00cdc8-02c4-4cad-8003-d792d4cfca90" action="GRANT" actorId="synthetic-manual-browser" correlationId="e4bde294-78dc-451c-89b9-5efa9ad02959"
[WebServer] 2026-09-06T17:35:17.172Z INFO  application=marketops-server environment=local buildVersion=0.1.0-SNAPSHOT correlationId=none c.m.m.a.i.a.JdbcMetadataAuditStore - Metadata change recorded event="metadata_change_recorded" sourceDomain="identityaccess" entityType="user-scope-grant" entityId="ef7a9646-8748-4652-8e21-1e339a6a2758" action="GRANT" actorId="synthetic-manual-browser" correlationId="1280cf1a-fca0-4196-af19-2d40dfe8443e"
[WebServer] 2026-09-06T17:35:17.180Z INFO  application=marketops-server environment=local buildVersion=0.1.0-SNAPSHOT correlationId=none c.m.m.a.i.a.JdbcMetadataAuditStore - Metadata change recorded event="metadata_change_recorded" sourceDomain="identityaccess" entityType="user-scope-grant" entityId="be523386-d1aa-490c-83b2-d2a7b7553a09" action="GRANT" actorId="synthetic-manual-browser" correlationId="a5539ee7-9ae9-4f18-a5ec-717baccd542f"
[WebServer] 2026-09-06T17:35:17.189Z INFO  application=marketops-server environment=local buildVersion=0.1.0-SNAPSHOT correlationId=none c.m.m.a.i.a.JdbcMetadataAuditStore - Metadata change recorded event="metadata_change_recorded" sourceDomain="identityaccess" entityType="user-scope-grant" entityId="0f927708-4252-4939-b2f5-bf036f605220" action="GRANT" actorId="synthetic-manual-browser" correlationId="6c2ff002-e000-41b3-ac14-882c4fbdff26"
[WebServer] 2026-09-06T17:35:17.232Z INFO  application=marketops-server environment=local buildVersion=0.1.0-SNAPSHOT correlationId=none c.m.m.a.i.a.JdbcMetadataAuditStore - Metadata change recorded event="metadata_change_recorded" sourceDomain="identityaccess" entityType="user-scope-grant" entityId="b1e31133-4145-490a-9162-3a7f4de25555" action="GRANT" actorId="synthetic-manual-browser" correlationId="d10f4d4e-696d-47ba-9a14-994d6fde26de"
[WebServer] 2026-09-06T17:35:17.241Z INFO  application=marketops-server environment=local buildVersion=0.1.0-SNAPSHOT correlationId=none c.m.m.a.i.a.JdbcMetadataAuditStore - Metadata change recorded event="metadata_change_recorded" sourceDomain="identityaccess" entityType="user-scope-grant" entityId="fbc2e6da-7efd-4821-90bc-86904fc7e36e" action="GRANT" actorId="synthetic-manual-browser" correlationId="321b5bca-857d-4e1d-950c-143038c23437"
[WebServer] 2026-09-06T17:35:17.249Z INFO  application=marketops-server environment=local buildVersion=0.1.0-SNAPSHOT correlationId=none c.m.m.a.i.a.JdbcMetadataAuditStore - Metadata change recorded event="metadata_change_recorded" sourceDomain="identityaccess" entityType="user-scope-grant" entityId="617f567a-e28d-4cd3-94cf-1594b68da158" action="GRANT" actorId="synthetic-manual-browser" correlationId="23505aa8-fe12-443a-bd71-41939c4e5c45"
[WebServer] 2026-09-06T17:35:17.260Z INFO  application=marketops-server environment=local buildVersion=0.1.0-SNAPSHOT correlationId=none c.m.m.a.i.a.JdbcMetadataAuditStore - Metadata change recorded event="metadata_change_recorded" sourceDomain="identityaccess" entityType="user-scope-grant" entityId="1ec31f0c-8491-4076-8cf6-185c8cfac926" action="GRANT" actorId="synthetic-manual-browser" correlationId="158233e4-5855-4688-b5de-725eb0538b12"
[WebServer] 2026-09-06T17:35:17.267Z INFO  application=marketops-server environment=local buildVersion=0.1.0-SNAPSHOT correlationId=none c.m.m.a.i.a.JdbcMetadataAuditStore - Metadata change recorded event="metadata_change_recorded" sourceDomain="identityaccess" entityType="user-scope-grant" entityId="c62650df-b240-472b-be43-a383590fa659" action="GRANT" actorId="synthetic-manual-browser" correlationId="ad1980ac-ca2a-4ead-a36d-15389ace2c27"
[WebServer] 2026-09-06T17:35:17.276Z INFO  application=marketops-server environment=local buildVersion=0.1.0-SNAPSHOT correlationId=none c.m.m.a.i.a.JdbcMetadataAuditStore - Metadata change recorded event="metadata_change_recorded" sourceDomain="identityaccess" entityType="user-scope-grant" entityId="f8143770-69b8-4153-84de-7a759342c678" action="GRANT" actorId="synthetic-manual-browser" correlationId="0ce511ca-4366-4b6e-b59e-c895212c4959"
[WebServer] 2026-09-06T17:35:18.168Z INFO  application=marketops-server environment=local buildVersion=0.1.0-SNAPSHOT correlationId=none c.m.m.a.i.a.JdbcMetadataAuditStore - Metadata change recorded event="metadata_change_recorded" sourceDomain="identityaccess" entityType="user-scope-grant" entityId="512bc46e-4eb7-463d-9448-93e546de295f" action="GRANT" actorId="synthetic-manual-browser" correlationId="f900d424-b1d8-4edb-8626-ef4c071ab343"
[WebServer] 2026-09-06T17:35:18.174Z INFO  application=marketops-server environment=local buildVersion=0.1.0-SNAPSHOT correlationId=none c.m.m.a.i.a.JdbcMetadataAuditStore - Metadata change recorded event="metadata_change_recorded" sourceDomain="identityaccess" entityType="user-scope-grant" entityId="cd2f7818-93c5-41e9-a8f1-44a75834e180" action="GRANT" actorId="synthetic-manual-browser" correlationId="382e3a35-b139-4741-9ebd-bb467e903a48"
[WebServer] 2026-09-06T17:35:18.199Z INFO  application=marketops-server environment=local buildVersion=0.1.0-SNAPSHOT correlationId=none c.m.m.a.i.a.JdbcMetadataAuditStore - Metadata change recorded event="metadata_change_recorded" sourceDomain="identityaccess" entityType="user-scope-grant" entityId="a6371e9e-02a6-44ba-92ff-17deb6271b91" action="GRANT" actorId="synthetic-manual-browser" correlationId="aa9efeb3-e371-4ade-b700-4ac1d4925f89"
[WebServer] 2026-09-06T17:35:18.253Z INFO  application=marketops-server environment=local buildVersion=0.1.0-SNAPSHOT correlationId=none c.m.m.a.i.a.JdbcMetadataAuditStore - Metadata change recorded event="metadata_change_recorded" sourceDomain="identityaccess" entityType="user-scope-grant" entityId="99d3f3d7-6992-458d-8850-edf57d9fe207" action="GRANT" actorId="synthetic-manual-browser" correlationId="d68eb554-1eb2-474c-8c74-40c86d6df12c"
[WebServer] 2026-09-06T17:35:18.274Z INFO  application=marketops-server environment=local buildVersion=0.1.0-SNAPSHOT correlationId=none c.m.m.a.i.a.JdbcMetadataAuditStore - Metadata change recorded event="metadata_change_recorded" sourceDomain="identityaccess" entityType="user-scope-grant" entityId="bbe8093a-8081-4011-9589-bda9870547a4" action="GRANT" actorId="synthetic-manual-browser" correlationId="0d28e86f-a0f2-45d5-b0c8-69525cff8576"
[WebServer] 2026-09-06T17:35:18.282Z INFO  application=marketops-server environment=local buildVersion=0.1.0-SNAPSHOT correlationId=none c.m.m.a.i.a.JdbcMetadataAuditStore - Metadata change recorded event="metadata_change_recorded" sourceDomain="identityaccess" entityType="user-scope-grant" entityId="cb81d889-7527-431d-9508-2db06d738928" action="GRANT" actorId="synthetic-manual-browser" correlationId="00e9581f-6df8-4f71-a8b7-687d4cae8adc"
[WebServer] 2026-09-06T17:35:18.299Z INFO  application=marketops-server environment=local buildVersion=0.1.0-SNAPSHOT correlationId=none c.m.m.a.i.a.JdbcMetadataAuditStore - Metadata change recorded event="metadata_change_recorded" sourceDomain="identityaccess" entityType="user-scope-grant" entityId="a703a13f-737c-48a5-aaa1-e7edae75f7da" action="GRANT" actorId="synthetic-manual-browser" correlationId="adc6977a-6e6d-4f79-b48c-81ca066b9ef2"
[WebServer] 2026-09-06T17:35:18.305Z INFO  application=marketops-server environment=local buildVersion=0.1.0-SNAPSHOT correlationId=none c.m.m.a.i.a.JdbcMetadataAuditStore - Metadata change recorded event="metadata_change_recorded" sourceDomain="identityaccess" entityType="user-scope-grant" entityId="fc0a9ba5-3b88-4945-968d-4fc493cc887a" action="GRANT" actorId="synthetic-manual-browser" correlationId="5ccb6d68-8a21-4bc5-b823-3057e2bb37a4"
[WebServer] 2026-09-06T17:35:18.313Z INFO  application=marketops-server environment=local buildVersion=0.1.0-SNAPSHOT correlationId=none c.m.m.a.i.a.JdbcMetadataAuditStore - Metadata change recorded event="metadata_change_recorded" sourceDomain="identityaccess" entityType="user-scope-grant" entityId="c4d3fa2f-704f-43da-a5ad-bec19046d770" action="GRANT" actorId="synthetic-manual-browser" correlationId="159dbefb-4d14-4d37-ba00-697e049a1c51"
[WebServer] 2026-09-06T17:35:18.357Z INFO  application=marketops-server environment=local buildVersion=0.1.0-SNAPSHOT correlationId=none c.m.m.a.i.a.JdbcMetadataAuditStore - Metadata change recorded event="metadata_change_recorded" sourceDomain="identityaccess" entityType="user-scope-grant" entityId="4261f06c-5970-4b0d-b626-4d06067a9a8b" action="GRANT" actorId="synthetic-manual-browser" correlationId="7bbfa206-6336-4709-a407-4ce20cef23f6"
[WebServer] 2026-09-06T17:35:18.362Z INFO  application=marketops-server environment=local buildVersion=0.1.0-SNAPSHOT correlationId=none c.m.m.a.i.a.JdbcMetadataAuditStore - Metadata change recorded event="metadata_change_recorded" sourceDomain="identityaccess" entityType="user-scope-grant" entityId="1ddfeb07-fc47-420b-aec7-af5692a0dc67" action="GRANT" actorId="synthetic-manual-browser" correlationId="e4fafadc-5c44-44c5-812a-6b981e01da86"
[WebServer] 2026-09-06T17:35:18.372Z INFO  application=marketops-server environment=local buildVersion=0.1.0-SNAPSHOT correlationId=none c.m.m.a.i.a.JdbcMetadataAuditStore - Metadata change recorded event="metadata_change_recorded" sourceDomain="identityaccess" entityType="user-scope-grant" entityId="cb89df14-9b2b-4754-86b3-6985edce865f" action="GRANT" actorId="synthetic-manual-browser" correlationId="ed2272c4-8508-4eb3-861d-32c435682ce5"
[WebServer] 2026-09-06T17:35:18.380Z INFO  application=marketops-server environment=local buildVersion=0.1.0-SNAPSHOT correlationId=none c.m.m.a.i.a.JdbcMetadataAuditStore - Metadata change recorded event="metadata_change_recorded" sourceDomain="identityaccess" entityType="user-scope-grant" entityId="921fa01e-019d-40ca-b141-ad69cb211941" action="GRANT" actorId="synthetic-manual-browser" correlationId="db9974f1-2509-4530-bfe2-0f9dd78b36d5"
[WebServer] 2026-09-06T17:35:18.405Z INFO  application=marketops-server environment=local buildVersion=0.1.0-SNAPSHOT correlationId=none c.m.m.a.i.a.JdbcMetadataAuditStore - Metadata change recorded event="metadata_change_recorded" sourceDomain="identityaccess" entityType="user-scope-grant" entityId="3890f3e3-1136-40e9-af05-4e1db68c67ef" action="GRANT" actorId="synthetic-manual-browser" correlationId="5eda75ce-7a28-49aa-abfc-88c500470496"
[WebServer] 2026-09-06T17:35:18.419Z INFO  application=marketops-server environment=local buildVersion=0.1.0-SNAPSHOT correlationId=none c.m.m.a.i.a.JdbcMetadataAuditStore - Metadata change recorded event="metadata_change_recorded" sourceDomain="identityaccess" entityType="user-scope-grant" entityId="6ee7fd27-4418-4a56-8c69-27a64e2b3420" action="GRANT" actorId="synthetic-manual-browser" correlationId="5c880e1b-fd90-4bba-a04e-b92e5e490003"
[WebServer] 2026-09-06T17:35:19.471Z INFO  application=marketops-server environment=local buildVersion=0.1.0-SNAPSHOT correlationId=none c.m.m.a.i.a.JdbcMetadataAuditStore - Metadata change recorded event="metadata_change_recorded" sourceDomain="identityaccess" entityType="user-scope-grant" entityId="c18fcae3-4f71-4836-a471-b1a1a25a28de" action="GRANT" actorId="synthetic-manual-browser" correlationId="957f8bbd-a699-4faf-bfcd-9cadca12e8de"
[WebServer] 2026-09-06T17:35:19.480Z INFO  application=marketops-server environment=local buildVersion=0.1.0-SNAPSHOT correlationId=none c.m.m.a.i.a.JdbcMetadataAuditStore - Metadata change recorded event="metadata_change_recorded" sourceDomain="identityaccess" entityType="user-scope-grant" entityId="9197d36f-9399-4e7f-82a5-10b2472a8a7e" action="GRANT" actorId="synthetic-manual-browser" correlationId="ca287335-502b-4b05-885e-570a5afb6304"
[WebServer] 2026-09-06T17:35:19.487Z INFO  application=marketops-server environment=local buildVersion=0.1.0-SNAPSHOT correlationId=none c.m.m.a.i.a.JdbcMetadataAuditStore - Metadata change recorded event="metadata_change_recorded" sourceDomain="identityaccess" entityType="user-scope-grant" entityId="6606abc4-8add-4675-98ea-5a5a9cbd9f54" action="GRANT" actorId="synthetic-manual-browser" correlationId="d9c97a3d-be9b-4bc7-98f6-42f17cadf6a9"
[WebServer] 2026-09-06T17:35:19.544Z INFO  application=marketops-server environment=local buildVersion=0.1.0-SNAPSHOT correlationId=none c.m.m.a.i.a.JdbcMetadataAuditStore - Metadata change recorded event="metadata_change_recorded" sourceDomain="identityaccess" entityType="user-scope-grant" entityId="177c431e-c9dd-4093-8d3e-d014138d4c74" action="GRANT" actorId="synthetic-manual-browser" correlationId="a403ce8e-34e8-4d76-a888-5f010fd6fcf6"
[WebServer] 2026-09-06T17:35:19.551Z INFO  application=marketops-server environment=local buildVersion=0.1.0-SNAPSHOT correlationId=none c.m.m.a.i.a.JdbcMetadataAuditStore - Metadata change recorded event="metadata_change_recorded" sourceDomain="identityaccess" entityType="user-scope-grant" entityId="b6d75d24-47f3-44eb-b9bb-4032d40f4ddd" action="GRANT" actorId="synthetic-manual-browser" correlationId="9a2bf0ab-9af1-449c-a6a3-07bdd2d0b233"
[WebServer] 2026-09-06T17:35:19.557Z INFO  application=marketops-server environment=local buildVersion=0.1.0-SNAPSHOT correlationId=none c.m.m.a.i.a.JdbcMetadataAuditStore - Metadata change recorded event="metadata_change_recorded" sourceDomain="identityaccess" entityType="user-scope-grant" entityId="35dbb7a1-75d5-4bc0-9a5f-1be7535dfc39" action="GRANT" actorId="synthetic-manual-browser" correlationId="c0348b49-7c91-4528-847b-b6c97a45a498"
[WebServer] 2026-09-06T17:35:19.563Z INFO  application=marketops-server environment=local buildVersion=0.1.0-SNAPSHOT correlationId=none c.m.m.a.i.a.JdbcMetadataAuditStore - Metadata change recorded event="metadata_change_recorded" sourceDomain="identityaccess" entityType="user-scope-grant" entityId="90460854-a5a8-427f-a885-b5ae6f173a7d" action="GRANT" actorId="synthetic-manual-browser" correlationId="2c27cae1-a9b2-4595-afab-bc55600cd542"
[WebServer] 2026-09-06T17:35:19.567Z INFO  application=marketops-server environment=local buildVersion=0.1.0-SNAPSHOT correlationId=none c.m.m.a.i.a.JdbcMetadataAuditStore - Metadata change recorded event="metadata_change_recorded" sourceDomain="identityaccess" entityType="user-scope-grant" entityId="3c7bf38d-0379-48a9-a6f0-4d8e506cd8ee" action="GRANT" actorId="synthetic-manual-browser" correlationId="106f90c7-c661-4734-9a90-d50853a62664"
[WebServer] 2026-09-06T17:35:19.572Z INFO  application=marketops-server environment=local buildVersion=0.1.0-SNAPSHOT correlationId=none c.m.m.a.i.a.JdbcMetadataAuditStore - Metadata change recorded event="metadata_change_recorded" sourceDomain="identityaccess" entityType="user-scope-grant" entityId="bf0756f9-92f1-4d10-8510-1275f24b7fa3" action="GRANT" actorId="synthetic-manual-browser" correlationId="cb14ecd0-000f-4abe-a564-bf9777556aff"
[WebServer] 2026-09-06T17:35:19.608Z INFO  application=marketops-server environment=local buildVersion=0.1.0-SNAPSHOT correlationId=none c.m.m.a.i.a.JdbcMetadataAuditStore - Metadata change recorded event="metadata_change_recorded" sourceDomain="identityaccess" entityType="user-scope-grant" entityId="30368e16-51a1-47b7-83a9-4124ac2f2dae" action="GRANT" actorId="synthetic-manual-browser" correlationId="ad71682e-c6c1-42cf-a814-afa4794e3879"
[WebServer] 2026-09-06T17:35:19.616Z INFO  application=marketops-server environment=local buildVersion=0.1.0-SNAPSHOT correlationId=none c.m.m.a.i.a.JdbcMetadataAuditStore - Metadata change recorded event="metadata_change_recorded" sourceDomain="identityaccess" entityType="user-scope-grant" entityId="88624c61-28ba-4c66-87c0-bed606610235" action="GRANT" actorId="synthetic-manual-browser" correlationId="106e8063-763a-4958-bad4-3a18cd1f629a"
[WebServer] 2026-09-06T17:35:19.624Z INFO  application=marketops-server environment=local buildVersion=0.1.0-SNAPSHOT correlationId=none c.m.m.a.i.a.JdbcMetadataAuditStore - Metadata change recorded event="metadata_change_recorded" sourceDomain="identityaccess" entityType="user-scope-grant" entityId="286c56a7-7832-4d66-b194-af20d0acaa49" action="GRANT" actorId="synthetic-manual-browser" correlationId="c9da3b67-1ee0-4e6d-9b43-a0cf415ef85a"
[WebServer] 2026-09-06T17:35:19.630Z INFO  application=marketops-server environment=local buildVersion=0.1.0-SNAPSHOT correlationId=none c.m.m.a.i.a.JdbcMetadataAuditStore - Metadata change recorded event="metadata_change_recorded" sourceDomain="identityaccess" entityType="user-scope-grant" entityId="642fd8a5-36d1-4829-b8a6-2fdac8fc1ba7" action="GRANT" actorId="synthetic-manual-browser" correlationId="ad96b79b-e09a-47dc-be6f-e02a584847a9"
[WebServer] 2026-09-06T17:35:19.644Z INFO  application=marketops-server environment=local buildVersion=0.1.0-SNAPSHOT correlationId=none c.m.m.a.i.a.JdbcMetadataAuditStore - Metadata change recorded event="metadata_change_recorded" sourceDomain="identityaccess" entityType="user-scope-grant" entityId="79115310-f09e-4a00-a3b2-1b3f00a1e399" action="GRANT" actorId="synthetic-manual-browser" correlationId="7728fee9-f66e-45b5-a109-c04139ffb4c4"
[WebServer] 2026-09-06T17:35:19.653Z INFO  application=marketops-server environment=local buildVersion=0.1.0-SNAPSHOT correlationId=none c.m.m.a.i.a.JdbcMetadataAuditStore - Metadata change recorded event="metadata_change_recorded" sourceDomain="identityaccess" entityType="user-scope-grant" entityId="5d797aa8-8764-41ba-bc83-43c7a017f354" action="GRANT" actorId="synthetic-manual-browser" correlationId="981d029e-29fe-4b6c-9ba8-8fe432b0e4c1"
[WebServer] 2026-09-06T17:35:20.508Z INFO  application=marketops-server environment=local buildVersion=0.1.0-SNAPSHOT correlationId=none c.m.m.a.i.a.JdbcMetadataAuditStore - Metadata change recorded event="metadata_change_recorded" sourceDomain="identityaccess" entityType="user-scope-grant" entityId="209f3b68-1181-4781-b050-75f9eb8da080" action="GRANT" actorId="synthetic-manual-browser" correlationId="9ee24101-3dea-486d-b5df-37e5c200f464"
[WebServer] 2026-09-06T17:35:20.513Z INFO  application=marketops-server environment=local buildVersion=0.1.0-SNAPSHOT correlationId=none c.m.m.a.i.a.JdbcMetadataAuditStore - Metadata change recorded event="metadata_change_recorded" sourceDomain="identityaccess" entityType="user-scope-grant" entityId="c7757bb1-8d05-45a9-beeb-25e46a7f2a07" action="GRANT" actorId="synthetic-manual-browser" correlationId="301595c1-20d4-4e62-a67b-767d61cd0ca2"
[WebServer] 2026-09-06T17:35:20.517Z INFO  application=marketops-server environment=local buildVersion=0.1.0-SNAPSHOT correlationId=none c.m.m.a.i.a.JdbcMetadataAuditStore - Metadata change recorded event="metadata_change_recorded" sourceDomain="identityaccess" entityType="user-scope-grant" entityId="2ed0a4ae-35ca-4770-becb-53487b91e436" action="GRANT" actorId="synthetic-manual-browser" correlationId="d7123af7-81e8-4bd6-a2fa-11912cbfdfa3"
[WebServer] 2026-09-06T17:35:20.565Z INFO  application=marketops-server environment=local buildVersion=0.1.0-SNAPSHOT correlationId=none c.m.m.a.i.a.JdbcMetadataAuditStore - Metadata change recorded event="metadata_change_recorded" sourceDomain="identityaccess" entityType="user-scope-grant" entityId="0e954962-a654-4442-b94f-014165464a46" action="GRANT" actorId="synthetic-manual-browser" correlationId="621fe11f-12d1-45d3-b6bc-271808cf3931"
[WebServer] 2026-09-06T17:35:20.569Z INFO  application=marketops-server environment=local buildVersion=0.1.0-SNAPSHOT correlationId=none c.m.m.a.i.a.JdbcMetadataAuditStore - Metadata change recorded event="metadata_change_recorded" sourceDomain="identityaccess" entityType="user-scope-grant" entityId="e5c40655-a937-4838-aa30-c90e2e1bae48" action="GRANT" actorId="synthetic-manual-browser" correlationId="b68594d8-45ae-47c6-b53b-9e8e9389b125"
[WebServer] 2026-09-06T17:35:20.573Z INFO  application=marketops-server environment=local buildVersion=0.1.0-SNAPSHOT correlationId=none c.m.m.a.i.a.JdbcMetadataAuditStore - Metadata change recorded event="metadata_change_recorded" sourceDomain="identityaccess" entityType="user-scope-grant" entityId="736969f5-8890-4089-b111-c8548df2477b" action="GRANT" actorId="synthetic-manual-browser" correlationId="798941e5-6ffa-4bc1-b145-a3ea444cbbac"
[WebServer] 2026-09-06T17:35:20.578Z INFO  application=marketops-server environment=local buildVersion=0.1.0-SNAPSHOT correlationId=none c.m.m.a.i.a.JdbcMetadataAuditStore - Metadata change recorded event="metadata_change_recorded" sourceDomain="identityaccess" entityType="user-scope-grant" entityId="e59e5dd4-9904-4377-8d24-ea0469c5428c" action="GRANT" actorId="synthetic-manual-browser" correlationId="c80851f3-47b7-4894-92f2-34693dda69bc"
[WebServer] 2026-09-06T17:35:20.582Z INFO  application=marketops-server environment=local buildVersion=0.1.0-SNAPSHOT correlationId=none c.m.m.a.i.a.JdbcMetadataAuditStore - Metadata change recorded event="metadata_change_recorded" sourceDomain="identityaccess" entityType="user-scope-grant" entityId="21502e9c-cd07-4785-937d-3ea5aa0ba57d" action="GRANT" actorId="synthetic-manual-browser" correlationId="58bedb14-8225-4447-b208-f33723c30860"
[WebServer] 2026-09-06T17:35:20.597Z INFO  application=marketops-server environment=local buildVersion=0.1.0-SNAPSHOT correlationId=none c.m.m.a.i.a.JdbcMetadataAuditStore - Metadata change recorded event="metadata_change_recorded" sourceDomain="identityaccess" entityType="user-scope-grant" entityId="a1285992-aa16-47ef-a7ab-5537da0498fb" action="GRANT" actorId="synthetic-manual-browser" correlationId="a463583c-a293-4805-8d6b-906dca1a7acd"
[WebServer] 2026-09-06T17:35:20.646Z INFO  application=marketops-server environment=local buildVersion=0.1.0-SNAPSHOT correlationId=none c.m.m.a.i.a.JdbcMetadataAuditStore - Metadata change recorded event="metadata_change_recorded" sourceDomain="identityaccess" entityType="user-scope-grant" entityId="58ba7c5e-2fd2-4078-83bb-cc3d47afe5aa" action="GRANT" actorId="synthetic-manual-browser" correlationId="7f1a4daf-5f60-468c-8437-4cfdc4c40080"
[WebServer] 2026-09-06T17:35:20.653Z INFO  application=marketops-server environment=local buildVersion=0.1.0-SNAPSHOT correlationId=none c.m.m.a.i.a.JdbcMetadataAuditStore - Metadata change recorded event="metadata_change_recorded" sourceDomain="identityaccess" entityType="user-scope-grant" entityId="65db97ac-e540-4a45-aecc-c78651154236" action="GRANT" actorId="synthetic-manual-browser" correlationId="dc0eac9b-c1ce-42d4-a13d-d1164cf4a299"
[WebServer] 2026-09-06T17:35:20.662Z INFO  application=marketops-server environment=local buildVersion=0.1.0-SNAPSHOT correlationId=none c.m.m.a.i.a.JdbcMetadataAuditStore - Metadata change recorded event="metadata_change_recorded" sourceDomain="identityaccess" entityType="user-scope-grant" entityId="69fbe5db-36eb-4b57-9857-c3e8dd32b47f" action="GRANT" actorId="synthetic-manual-browser" correlationId="ad3fe661-7a13-4572-8245-58ab64a18ad7"
[WebServer] 2026-09-06T17:35:20.671Z INFO  application=marketops-server environment=local buildVersion=0.1.0-SNAPSHOT correlationId=none c.m.m.a.i.a.JdbcMetadataAuditStore - Metadata change recorded event="metadata_change_recorded" sourceDomain="identityaccess" entityType="user-scope-grant" entityId="fc3707f8-b15f-4111-8f36-77106abaf214" action="GRANT" actorId="synthetic-manual-browser" correlationId="5a5c64ef-f58d-49ea-9146-7522a2fc0d46"
[WebServer] 2026-09-06T17:35:20.677Z INFO  application=marketops-server environment=local buildVersion=0.1.0-SNAPSHOT correlationId=none c.m.m.a.i.a.JdbcMetadataAuditStore - Metadata change recorded event="metadata_change_recorded" sourceDomain="identityaccess" entityType="user-scope-grant" entityId="e78319c2-a86d-4b75-bfc6-e17533f8500b" action="GRANT" actorId="synthetic-manual-browser" correlationId="4f211a65-8b2d-443a-8ec4-cecb5451f6fb"
[WebServer] 2026-09-06T17:35:20.681Z INFO  application=marketops-server environment=local buildVersion=0.1.0-SNAPSHOT correlationId=none c.m.m.a.i.a.JdbcMetadataAuditStore - Metadata change recorded event="metadata_change_recorded" sourceDomain="identityaccess" entityType="user-scope-grant" entityId="8ada54b9-4c5d-4d7c-a3a0-c7d8039eeb00" action="GRANT" actorId="synthetic-manual-browser" correlationId="6f3ea3a1-c157-4800-af2c-41ddaa2d45bd"
[WebServer] 2026-09-06T17:35:21.506Z INFO  application=marketops-server environment=local buildVersion=0.1.0-SNAPSHOT correlationId=none c.m.m.a.i.a.JdbcMetadataAuditStore - Metadata change recorded event="metadata_change_recorded" sourceDomain="identityaccess" entityType="user-scope-grant" entityId="4cfb3a55-11c9-4ac4-a67d-d7e7070d2cbe" action="GRANT" actorId="synthetic-manual-browser" correlationId="61688f43-7db7-4654-8972-ae73bdd9860d"
[WebServer] 2026-09-06T17:35:21.510Z INFO  application=marketops-server environment=local buildVersion=0.1.0-SNAPSHOT correlationId=none c.m.m.a.i.a.JdbcMetadataAuditStore - Metadata change recorded event="metadata_change_recorded" sourceDomain="identityaccess" entityType="user-scope-grant" entityId="9039f9c5-9b1b-46c5-bc44-7f71b1ee19ec" action="GRANT" actorId="synthetic-manual-browser" correlationId="48ba88ed-14a0-4b17-9c90-8841ca0d97a1"
[WebServer] 2026-09-06T17:35:21.514Z INFO  application=marketops-server environment=local buildVersion=0.1.0-SNAPSHOT correlationId=none c.m.m.a.i.a.JdbcMetadataAuditStore - Metadata change recorded event="metadata_change_recorded" sourceDomain="identityaccess" entityType="user-scope-grant" entityId="bf6c7465-6522-4579-9e1d-d8409c1bb1f0" action="GRANT" actorId="synthetic-manual-browser" correlationId="bf3e23d7-9eac-4ef8-8e5e-bc134b16ddd9"
[WebServer] 2026-09-06T17:35:21.550Z INFO  application=marketops-server environment=local buildVersion=0.1.0-SNAPSHOT correlationId=none c.m.m.a.i.a.JdbcMetadataAuditStore - Metadata change recorded event="metadata_change_recorded" sourceDomain="identityaccess" entityType="user-scope-grant" entityId="d13f2982-ed97-422f-89bf-cd9c3ed755ed" action="GRANT" actorId="synthetic-manual-browser" correlationId="6b1b549b-33c9-4ce6-b385-0334d29ae723"
[WebServer] 2026-09-06T17:35:21.557Z INFO  application=marketops-server environment=local buildVersion=0.1.0-SNAPSHOT correlationId=none c.m.m.a.i.a.JdbcMetadataAuditStore - Metadata change recorded event="metadata_change_recorded" sourceDomain="identityaccess" entityType="user-scope-grant" entityId="27338bd7-6c7f-4125-a108-bcca2aab97be" action="GRANT" actorId="synthetic-manual-browser" correlationId="2aab624e-efbc-4800-8738-e9b353fcab1a"
[WebServer] 2026-09-06T17:35:21.561Z INFO  application=marketops-server environment=local buildVersion=0.1.0-SNAPSHOT correlationId=none c.m.m.a.i.a.JdbcMetadataAuditStore - Metadata change recorded event="metadata_change_recorded" sourceDomain="identityaccess" entityType="user-scope-grant" entityId="bdc89e69-a9ca-4276-9373-e5d9f523d1d8" action="GRANT" actorId="synthetic-manual-browser" correlationId="73fe2342-eabc-49f5-8706-16a5cd835ea2"
[WebServer] 2026-09-06T17:35:21.567Z INFO  application=marketops-server environment=local buildVersion=0.1.0-SNAPSHOT correlationId=none c.m.m.a.i.a.JdbcMetadataAuditStore - Metadata change recorded event="metadata_change_recorded" sourceDomain="identityaccess" entityType="user-scope-grant" entityId="acee9d16-e61e-4054-bd73-ba4048eb75a6" action="GRANT" actorId="synthetic-manual-browser" correlationId="6fe5035b-5b96-4ada-9a0d-4f47956222ab"
[WebServer] 2026-09-06T17:35:21.573Z INFO  application=marketops-server environment=local buildVersion=0.1.0-SNAPSHOT correlationId=none c.m.m.a.i.a.JdbcMetadataAuditStore - Metadata change recorded event="metadata_change_recorded" sourceDomain="identityaccess" entityType="user-scope-grant" entityId="3ea93216-46a4-448c-bf21-eb395f45d277" action="GRANT" actorId="synthetic-manual-browser" correlationId="a0275357-9f43-470e-92e1-66950a379263"
[WebServer] 2026-09-06T17:35:21.584Z INFO  application=marketops-server environment=local buildVersion=0.1.0-SNAPSHOT correlationId=none c.m.m.a.i.a.JdbcMetadataAuditStore - Metadata change recorded event="metadata_change_recorded" sourceDomain="identityaccess" entityType="user-scope-grant" entityId="2341546c-3777-464e-b58a-1fe5094a5ea7" action="GRANT" actorId="synthetic-manual-browser" correlationId="61f44c62-7448-4697-822e-293c79a95f4b"
[WebServer] 2026-09-06T17:35:21.614Z INFO  application=marketops-server environment=local buildVersion=0.1.0-SNAPSHOT correlationId=none c.m.m.a.i.a.JdbcMetadataAuditStore - Metadata change recorded event="metadata_change_recorded" sourceDomain="identityaccess" entityType="user-scope-grant" entityId="6938819e-37a2-4a9e-9c6d-ff9a0bc2a453" action="GRANT" actorId="synthetic-manual-browser" correlationId="4742893f-c633-4d8e-bdf9-37d31516c4be"
[WebServer] 2026-09-06T17:35:21.620Z INFO  application=marketops-server environment=local buildVersion=0.1.0-SNAPSHOT correlationId=none c.m.m.a.i.a.JdbcMetadataAuditStore - Metadata change recorded event="metadata_change_recorded" sourceDomain="identityaccess" entityType="user-scope-grant" entityId="47cfbf1e-abf4-4ee7-9791-0b8bf82a28aa" action="GRANT" actorId="synthetic-manual-browser" correlationId="10746af0-baeb-4026-9540-dae36a20e677"
[WebServer] 2026-09-06T17:35:21.625Z INFO  application=marketops-server environment=local buildVersion=0.1.0-SNAPSHOT correlationId=none c.m.m.a.i.a.JdbcMetadataAuditStore - Metadata change recorded event="metadata_change_recorded" sourceDomain="identityaccess" entityType="user-scope-grant" entityId="98e13ffa-3ca7-4661-81fb-24115529a8b6" action="GRANT" actorId="synthetic-manual-browser" correlationId="03cc251e-4203-4537-a70d-ed480fe09ca4"
[WebServer] 2026-09-06T17:35:21.630Z INFO  application=marketops-server environment=local buildVersion=0.1.0-SNAPSHOT correlationId=none c.m.m.a.i.a.JdbcMetadataAuditStore - Metadata change recorded event="metadata_change_recorded" sourceDomain="identityaccess" entityType="user-scope-grant" entityId="9f7b549c-43c2-424e-9993-02553e96d148" action="GRANT" actorId="synthetic-manual-browser" correlationId="20c42d47-df38-497f-94a4-3b3f5fecb956"
[WebServer] 2026-09-06T17:35:21.635Z INFO  application=marketops-server environment=local buildVersion=0.1.0-SNAPSHOT correlationId=none c.m.m.a.i.a.JdbcMetadataAuditStore - Metadata change recorded event="metadata_change_recorded" sourceDomain="identityaccess" entityType="user-scope-grant" entityId="fb466091-46d5-4eea-ba49-716aaceca975" action="GRANT" actorId="synthetic-manual-browser" correlationId="ed31254b-fb4b-44c6-8338-e97c0b5bb99a"
[WebServer] 2026-09-06T17:35:21.641Z INFO  application=marketops-server environment=local buildVersion=0.1.0-SNAPSHOT correlationId=none c.m.m.a.i.a.JdbcMetadataAuditStore - Metadata change recorded event="metadata_change_recorded" sourceDomain="identityaccess" entityType="user-scope-grant" entityId="fab7a53b-65b4-4f85-87bd-ba88de8954f8" action="GRANT" actorId="synthetic-manual-browser" correlationId="d882d125-e629-4bde-bc16-3bb3e11eaf28"
[WebServer] 2026-09-06T17:35:22.909Z INFO  application=marketops-server environment=local buildVersion=0.1.0-SNAPSHOT correlationId=none c.m.m.a.i.a.JdbcMetadataAuditStore - Metadata change recorded event="metadata_change_recorded" sourceDomain="identityaccess" entityType="user-scope-grant" entityId="ecba01d8-dc04-4231-ae05-e8b0b5442bb8" action="GRANT" actorId="synthetic-manual-browser" correlationId="0335d892-e830-4068-9d06-33c48730a09f"
[WebServer] 2026-09-06T17:35:22.923Z INFO  application=marketops-server environment=local buildVersion=0.1.0-SNAPSHOT correlationId=none c.m.m.a.i.a.JdbcMetadataAuditStore - Metadata change recorded event="metadata_change_recorded" sourceDomain="identityaccess" entityType="user-scope-grant" entityId="02c4f1c7-e8a3-4748-b20c-16fb5d88049d" action="GRANT" actorId="synthetic-manual-browser" correlationId="7bc11d29-8496-4c3e-95ea-7bd01ed483aa"
[WebServer] 2026-09-06T17:35:22.929Z INFO  application=marketops-server environment=local buildVersion=0.1.0-SNAPSHOT correlationId=none c.m.m.a.i.a.JdbcMetadataAuditStore - Metadata change recorded event="metadata_change_recorded" sourceDomain="identityaccess" entityType="user-scope-grant" entityId="0f1d584c-9721-4520-afcf-71a8425fb9cc" action="GRANT" actorId="synthetic-manual-browser" correlationId="eb516471-338c-41cf-a943-67bef0a90202"
[WebServer] 2026-09-06T17:35:22.962Z INFO  application=marketops-server environment=local buildVersion=0.1.0-SNAPSHOT correlationId=none c.m.m.a.i.a.JdbcMetadataAuditStore - Metadata change recorded event="metadata_change_recorded" sourceDomain="identityaccess" entityType="user-scope-grant" entityId="24fd7ad6-eabc-46d2-97a5-8ab3d06be425" action="GRANT" actorId="synthetic-manual-browser" correlationId="ffaa2116-e3d6-4e8f-8a11-de6658f279af"
[WebServer] 2026-09-06T17:35:22.966Z INFO  application=marketops-server environment=local buildVersion=0.1.0-SNAPSHOT correlationId=none c.m.m.a.i.a.JdbcMetadataAuditStore - Metadata change recorded event="metadata_change_recorded" sourceDomain="identityaccess" entityType="user-scope-grant" entityId="f8a89d7b-0cdd-4939-99d8-6bffa7fb8c5b" action="GRANT" actorId="synthetic-manual-browser" correlationId="88aabdb6-6e9e-42ce-8f88-80ecc0fc34b5"
[WebServer] 2026-09-06T17:35:22.970Z INFO  application=marketops-server environment=local buildVersion=0.1.0-SNAPSHOT correlationId=none c.m.m.a.i.a.JdbcMetadataAuditStore - Metadata change recorded event="metadata_change_recorded" sourceDomain="identityaccess" entityType="user-scope-grant" entityId="39297dd0-3551-4fc9-b674-9be9fcadee4c" action="GRANT" actorId="synthetic-manual-browser" correlationId="d94ae227-bb5f-409a-adb0-5592c95e13b6"
[WebServer] 2026-09-06T17:35:22.977Z INFO  application=marketops-server environment=local buildVersion=0.1.0-SNAPSHOT correlationId=none c.m.m.a.i.a.JdbcMetadataAuditStore - Metadata change recorded event="metadata_change_recorded" sourceDomain="identityaccess" entityType="user-scope-grant" entityId="299d2d8c-7e5a-4679-91a1-ed301ed67387" action="GRANT" actorId="synthetic-manual-browser" correlationId="b6652efa-8a60-4a2e-b0b2-f402e3c7a1eb"
[WebServer] 2026-09-06T17:35:22.982Z INFO  application=marketops-server environment=local buildVersion=0.1.0-SNAPSHOT correlationId=none c.m.m.a.i.a.JdbcMetadataAuditStore - Metadata change recorded event="metadata_change_recorded" sourceDomain="identityaccess" entityType="user-scope-grant" entityId="453f397b-1a66-4f2b-924b-0dea90dbf6af" action="GRANT" actorId="synthetic-manual-browser" correlationId="cd2daf0b-e109-4b68-ae62-a1f032c98a9c"
[WebServer] 2026-09-06T17:35:22.989Z INFO  application=marketops-server environment=local buildVersion=0.1.0-SNAPSHOT correlationId=none c.m.m.a.i.a.JdbcMetadataAuditStore - Metadata change recorded event="metadata_change_recorded" sourceDomain="identityaccess" entityType="user-scope-grant" entityId="5318fcf4-4957-437e-8d10-bcd41538b5ac" action="GRANT" actorId="synthetic-manual-browser" correlationId="ccfd37f8-4ec4-4bd3-a222-83e75fa4d842"
[WebServer] 2026-09-06T17:35:23.021Z INFO  application=marketops-server environment=local buildVersion=0.1.0-SNAPSHOT correlationId=none c.m.m.a.i.a.JdbcMetadataAuditStore - Metadata change recorded event="metadata_change_recorded" sourceDomain="identityaccess" entityType="user-scope-grant" entityId="9f952c49-7b75-47a5-abf4-13d6848f2b80" action="GRANT" actorId="synthetic-manual-browser" correlationId="711b52e6-4103-432e-b757-33bd21844ef5"
[WebServer] 2026-09-06T17:35:23.030Z INFO  application=marketops-server environment=local buildVersion=0.1.0-SNAPSHOT correlationId=none c.m.m.a.i.a.JdbcMetadataAuditStore - Metadata change recorded event="metadata_change_recorded" sourceDomain="identityaccess" entityType="user-scope-grant" entityId="e722e803-7a78-4339-b8be-9beee92f8cb1" action="GRANT" actorId="synthetic-manual-browser" correlationId="694edf44-4042-4691-9a34-ec55696d8f21"
[WebServer] 2026-09-06T17:35:23.037Z INFO  application=marketops-server environment=local buildVersion=0.1.0-SNAPSHOT correlationId=none c.m.m.a.i.a.JdbcMetadataAuditStore - Metadata change recorded event="metadata_change_recorded" sourceDomain="identityaccess" entityType="user-scope-grant" entityId="18f2bd33-6f75-4434-a6c4-3336df04fcf3" action="GRANT" actorId="synthetic-manual-browser" correlationId="9ff06d78-06db-408d-9b5d-cf8ed2824df0"
[WebServer] 2026-09-06T17:35:23.043Z INFO  application=marketops-server environment=local buildVersion=0.1.0-SNAPSHOT correlationId=none c.m.m.a.i.a.JdbcMetadataAuditStore - Metadata change recorded event="metadata_change_recorded" sourceDomain="identityaccess" entityType="user-scope-grant" entityId="450dda2e-40a1-4524-8a17-2941c04cb636" action="GRANT" actorId="synthetic-manual-browser" correlationId="df0c791d-b961-4b66-9acc-564fb41d20d3"
[WebServer] 2026-09-06T17:35:23.050Z INFO  application=marketops-server environment=local buildVersion=0.1.0-SNAPSHOT correlationId=none c.m.m.a.i.a.JdbcMetadataAuditStore - Metadata change recorded event="metadata_change_recorded" sourceDomain="identityaccess" entityType="user-scope-grant" entityId="ba6ab8b2-8148-4b5e-b472-556b70675da1" action="GRANT" actorId="synthetic-manual-browser" correlationId="ab679c18-de59-4b71-9610-c53fcdd136e4"
[WebServer] 2026-09-06T17:35:23.055Z INFO  application=marketops-server environment=local buildVersion=0.1.0-SNAPSHOT correlationId=none c.m.m.a.i.a.JdbcMetadataAuditStore - Metadata change recorded event="metadata_change_recorded" sourceDomain="identityaccess" entityType="user-scope-grant" entityId="653acb83-4a46-4d59-bb04-3a08f10c11ba" action="GRANT" actorId="synthetic-manual-browser" correlationId="8d745fc4-4bb4-4a56-8bb0-5e05779c5969"
[WebServer] 2026-09-06T17:35:23.722Z INFO  application=marketops-server environment=local buildVersion=0.1.0-SNAPSHOT correlationId=none c.m.m.a.i.a.JdbcMetadataAuditStore - Metadata change recorded event="metadata_change_recorded" sourceDomain="identityaccess" entityType="user-scope-grant" entityId="8d8b334e-f614-4486-b8e0-20edfa0e09f0" action="GRANT" actorId="synthetic-manual-browser" correlationId="8e899162-1986-4c1d-b481-f5fa4c1d78ed"
[WebServer] 2026-09-06T17:35:23.728Z INFO  application=marketops-server environment=local buildVersion=0.1.0-SNAPSHOT correlationId=none c.m.m.a.i.a.JdbcMetadataAuditStore - Metadata change recorded event="metadata_change_recorded" sourceDomain="identityaccess" entityType="user-scope-grant" entityId="a8f4a24a-82c1-418e-872f-e18dba049bb0" action="GRANT" actorId="synthetic-manual-browser" correlationId="f946ef54-f48b-40ef-a9ad-0020423e677b"
[WebServer] 2026-09-06T17:35:23.734Z INFO  application=marketops-server environment=local buildVersion=0.1.0-SNAPSHOT correlationId=none c.m.m.a.i.a.JdbcMetadataAuditStore - Metadata change recorded event="metadata_change_recorded" sourceDomain="identityaccess" entityType="user-scope-grant" entityId="1ca7120b-491a-40f5-9278-edad62a3a43b" action="GRANT" actorId="synthetic-manual-browser" correlationId="b6d6a4e7-b58d-4570-9973-1bb3761f107e"
[WebServer] 2026-09-06T17:35:23.790Z INFO  application=marketops-server environment=local buildVersion=0.1.0-SNAPSHOT correlationId=none c.m.m.a.i.a.JdbcMetadataAuditStore - Metadata change recorded event="metadata_change_recorded" sourceDomain="identityaccess" entityType="user-scope-grant" entityId="ec7c0d3f-5840-40e9-84e9-5c7d2474e20e" action="GRANT" actorId="synthetic-manual-browser" correlationId="7ffb228b-c7c0-48a9-bb5b-0d70105bc1a2"
[WebServer] 2026-09-06T17:35:23.795Z INFO  application=marketops-server environment=local buildVersion=0.1.0-SNAPSHOT correlationId=none c.m.m.a.i.a.JdbcMetadataAuditStore - Metadata change recorded event="metadata_change_recorded" sourceDomain="identityaccess" entityType="user-scope-grant" entityId="6f6b742d-bc9b-493d-8d14-0af1ae01d26e" action="GRANT" actorId="synthetic-manual-browser" correlationId="c0d375ba-b8d5-4039-befa-651759135184"
[WebServer] 2026-09-06T17:35:23.800Z INFO  application=marketops-server environment=local buildVersion=0.1.0-SNAPSHOT correlationId=none c.m.m.a.i.a.JdbcMetadataAuditStore - Metadata change recorded event="metadata_change_recorded" sourceDomain="identityaccess" entityType="user-scope-grant" entityId="8e965d27-9dc3-4fdb-8ba5-1555964c43f6" action="GRANT" actorId="synthetic-manual-browser" correlationId="76124a64-5a76-43a6-979b-3d2ecfe94589"
[WebServer] 2026-09-06T17:35:23.807Z INFO  application=marketops-server environment=local buildVersion=0.1.0-SNAPSHOT correlationId=none c.m.m.a.i.a.JdbcMetadataAuditStore - Metadata change recorded event="metadata_change_recorded" sourceDomain="identityaccess" entityType="user-scope-grant" entityId="3c23f9ad-3a66-4b89-852d-b05b77f0d906" action="GRANT" actorId="synthetic-manual-browser" correlationId="123995be-72e2-48e5-90e2-6bf1f3808a70"
[WebServer] 2026-09-06T17:35:23.823Z INFO  application=marketops-server environment=local buildVersion=0.1.0-SNAPSHOT correlationId=none c.m.m.a.i.a.JdbcMetadataAuditStore - Metadata change recorded event="metadata_change_recorded" sourceDomain="identityaccess" entityType="user-scope-grant" entityId="1fd9adfe-adee-49e1-b0f7-a73f95ff87b4" action="GRANT" actorId="synthetic-manual-browser" correlationId="314f4753-c65c-4f85-996f-7a58d15af076"
[WebServer] 2026-09-06T17:35:23.844Z INFO  application=marketops-server environment=local buildVersion=0.1.0-SNAPSHOT correlationId=none c.m.m.a.i.a.JdbcMetadataAuditStore - Metadata change recorded event="metadata_change_recorded" sourceDomain="identityaccess" entityType="user-scope-grant" entityId="f011f2a9-b0bd-4623-9ee4-fb6055d1c1a6" action="GRANT" actorId="synthetic-manual-browser" correlationId="5c7f76a5-f30c-4200-bc6b-100fdb0ea728"
[WebServer] 2026-09-06T17:35:23.896Z INFO  application=marketops-server environment=local buildVersion=0.1.0-SNAPSHOT correlationId=none c.m.m.a.i.a.JdbcMetadataAuditStore - Metadata change recorded event="metadata_change_recorded" sourceDomain="identityaccess" entityType="user-scope-grant" entityId="f17af7e7-0a3f-4c39-8c0c-b70334010011" action="GRANT" actorId="synthetic-manual-browser" correlationId="9ac704c1-689a-4bfc-b6b4-60e5d3d5c84f"
[WebServer] 2026-09-06T17:35:23.902Z INFO  application=marketops-server environment=local buildVersion=0.1.0-SNAPSHOT correlationId=none c.m.m.a.i.a.JdbcMetadataAuditStore - Metadata change recorded event="metadata_change_recorded" sourceDomain="identityaccess" entityType="user-scope-grant" entityId="1f5995ac-cf72-45e3-a14a-1c4fd6067d33" action="GRANT" actorId="synthetic-manual-browser" correlationId="291e45bd-cec3-445e-b44a-b33df2704ba1"
[WebServer] 2026-09-06T17:35:23.913Z INFO  application=marketops-server environment=local buildVersion=0.1.0-SNAPSHOT correlationId=none c.m.m.a.i.a.JdbcMetadataAuditStore - Metadata change recorded event="metadata_change_recorded" sourceDomain="identityaccess" entityType="user-scope-grant" entityId="a3bf2f9e-2d7a-4761-b445-defcd78e5f12" action="GRANT" actorId="synthetic-manual-browser" correlationId="b3b96469-fd86-487c-82a2-17dc6f933de5"
[WebServer] 2026-09-06T17:35:23.919Z INFO  application=marketops-server environment=local buildVersion=0.1.0-SNAPSHOT correlationId=none c.m.m.a.i.a.JdbcMetadataAuditStore - Metadata change recorded event="metadata_change_recorded" sourceDomain="identityaccess" entityType="user-scope-grant" entityId="a82e7855-73fc-434a-9d1f-bd98f07473d9" action="GRANT" actorId="synthetic-manual-browser" correlationId="0f92910d-9a24-4b01-ad90-e8f60b5ca6c3"
[WebServer] 2026-09-06T17:35:23.926Z INFO  application=marketops-server environment=local buildVersion=0.1.0-SNAPSHOT correlationId=none c.m.m.a.i.a.JdbcMetadataAuditStore - Metadata change recorded event="metadata_change_recorded" sourceDomain="identityaccess" entityType="user-scope-grant" entityId="8e3e3295-7c92-4357-8da6-37bf5b7aa6e2" action="GRANT" actorId="synthetic-manual-browser" correlationId="f452bcef-9a45-4189-8e97-d463ec95586b"
[WebServer] 2026-09-06T17:35:23.932Z INFO  application=marketops-server environment=local buildVersion=0.1.0-SNAPSHOT correlationId=none c.m.m.a.i.a.JdbcMetadataAuditStore - Metadata change recorded event="metadata_change_recorded" sourceDomain="identityaccess" entityType="user-scope-grant" entityId="f3e3c457-b877-46e3-aea1-de59c2fc7e98" action="GRANT" actorId="synthetic-manual-browser" correlationId="e47805ff-7494-41e4-af13-6f8d8e118897"
[WebServer] 2026-09-06T17:35:24.362Z INFO  application=marketops-server environment=local buildVersion=0.1.0-SNAPSHOT correlationId=none c.m.m.a.i.a.JdbcMetadataAuditStore - Metadata change recorded event="metadata_change_recorded" sourceDomain="identityaccess" entityType="user-scope-grant" entityId="58783d00-d584-4879-bec8-2bbcce0b42c5" action="REVOKE" actorId="synthetic-pagination-browser" correlationId="f0d8924e-6ca7-466d-9680-a5e5be1a24f5"
[WebServer] 2026-09-06T17:35:24.368Z INFO  application=marketops-server environment=local buildVersion=0.1.0-SNAPSHOT correlationId=none c.m.m.a.i.a.JdbcMetadataAuditStore - Metadata change recorded event="metadata_change_recorded" sourceDomain="identityaccess" entityType="user-scope-grant" entityId="89969b02-80b0-432b-9774-75f5b9986dc0" action="GRANT" actorId="synthetic-pagination-browser" correlationId="0cf08737-0ba1-4b2a-b26e-342a676518e6"
[WebServer] 2026-09-06T17:35:24.376Z INFO  application=marketops-server environment=local buildVersion=0.1.0-SNAPSHOT correlationId=none c.m.m.a.i.a.JdbcMetadataAuditStore - Metadata change recorded event="metadata_change_recorded" sourceDomain="identityaccess" entityType="user-scope-grant" entityId="f0499440-25a7-49f9-9ea9-c9abadd04171" action="GRANT" actorId="synthetic-pagination-browser" correlationId="f99d1503-0032-4c5d-a671-4b0ef64cec4e"
[WebServer] 2026-09-06T17:35:24.381Z INFO  application=marketops-server environment=local buildVersion=0.1.0-SNAPSHOT correlationId=none c.m.m.a.i.a.JdbcMetadataAuditStore - Metadata change recorded event="metadata_change_recorded" sourceDomain="identityaccess" entityType="user-scope-grant" entityId="e7474a35-1a8f-4a9c-94a9-9c97c74c1948" action="GRANT" actorId="synthetic-pagination-browser" correlationId="75c6f2da-bfd6-4a95-843d-82a8dbde9c20"
[WebServer] 2026-09-06T17:35:24.389Z INFO  application=marketops-server environment=local buildVersion=0.1.0-SNAPSHOT correlationId=none c.m.m.a.i.a.JdbcMetadataAuditStore - Metadata change recorded event="metadata_change_recorded" sourceDomain="identityaccess" entityType="user-scope-grant" entityId="0f50a528-87db-4d64-b1fa-5ef64f196396" action="GRANT" actorId="synthetic-pagination-browser" correlationId="537171a9-032a-4485-8543-f3b914ade60c"
[WebServer] 2026-09-06T17:35:24.439Z INFO  application=marketops-server environment=local buildVersion=0.1.0-SNAPSHOT correlationId=none c.m.m.a.i.a.JdbcMetadataAuditStore - Metadata change recorded event="metadata_change_recorded" sourceDomain="identityaccess" entityType="user-scope-grant" entityId="a8ad24da-a3c7-43d0-990c-5c9a2ad0958e" action="GRANT" actorId="synthetic-pagination-browser" correlationId="7a8b28c3-90c4-47d1-9a0b-466f392191bd"
[WebServer] 2026-09-06T17:35:24.445Z INFO  application=marketops-server environment=local buildVersion=0.1.0-SNAPSHOT correlationId=none c.m.m.a.i.a.JdbcMetadataAuditStore - Metadata change recorded event="metadata_change_recorded" sourceDomain="identityaccess" entityType="user-scope-grant" entityId="e5a179d8-4bde-463c-8db9-61fea4ba1826" action="GRANT" actorId="synthetic-pagination-browser" correlationId="a3bb42bc-fd25-4519-9614-4f94c9af2a2c"
[WebServer] 2026-09-06T17:35:24.451Z INFO  application=marketops-server environment=local buildVersion=0.1.0-SNAPSHOT correlationId=none c.m.m.a.i.a.JdbcMetadataAuditStore - Metadata change recorded event="metadata_change_recorded" sourceDomain="identityaccess" entityType="user-scope-grant" entityId="97688b87-0690-421e-b445-81e4bd722750" action="GRANT" actorId="synthetic-pagination-browser" correlationId="8130643a-7e9e-4ad8-98d4-225ce7732728"
[WebServer] 2026-09-06T17:35:24.456Z INFO  application=marketops-server environment=local buildVersion=0.1.0-SNAPSHOT correlationId=none c.m.m.a.i.a.JdbcMetadataAuditStore - Metadata change recorded event="metadata_change_recorded" sourceDomain="identityaccess" entityType="user-scope-grant" entityId="9409a60b-e1bc-4548-9787-0396d4bc993b" action="GRANT" actorId="synthetic-pagination-browser" correlationId="6feecdd5-0b7f-4ac3-8661-25ad301b1d33"
[WebServer] 2026-09-06T17:35:24.502Z INFO  application=marketops-server environment=local buildVersion=0.1.0-SNAPSHOT correlationId=none c.m.m.a.i.a.JdbcMetadataAuditStore - Metadata change recorded event="metadata_change_recorded" sourceDomain="identityaccess" entityType="user-scope-grant" entityId="f16d27df-c949-4b53-a814-e09d1b6f6f23" action="GRANT" actorId="synthetic-pagination-browser" correlationId="270d65a0-af09-4dab-aa33-428254ccca4f"
[WebServer] 2026-09-06T17:35:24.516Z INFO  application=marketops-server environment=local buildVersion=0.1.0-SNAPSHOT correlationId=none c.m.m.a.i.a.JdbcMetadataAuditStore - Metadata change recorded event="metadata_change_recorded" sourceDomain="identityaccess" entityType="user-scope-grant" entityId="e2e8e881-aa5a-4a37-843d-e1e3778d6aa9" action="GRANT" actorId="synthetic-pagination-browser" correlationId="5ec737e8-ecf2-461c-97ff-aecc411b9156"
[WebServer] 2026-09-06T17:35:24.521Z INFO  application=marketops-server environment=local buildVersion=0.1.0-SNAPSHOT correlationId=none c.m.m.a.i.a.JdbcMetadataAuditStore - Metadata change recorded event="metadata_change_recorded" sourceDomain="identityaccess" entityType="user-scope-grant" entityId="20e6f5eb-5c86-47ed-a685-ae974f28ef7d" action="GRANT" actorId="synthetic-pagination-browser" correlationId="cbe367ad-3f0a-4bd4-ae7a-ff40d256b392"
[WebServer] 2026-09-06T17:35:24.530Z INFO  application=marketops-server environment=local buildVersion=0.1.0-SNAPSHOT correlationId=none c.m.m.a.i.a.JdbcMetadataAuditStore - Metadata change recorded event="metadata_change_recorded" sourceDomain="identityaccess" entityType="user-scope-grant" entityId="3c57620a-9654-4862-8376-a83d315eb48c" action="GRANT" actorId="synthetic-pagination-browser" correlationId="18a53a7b-caca-4f86-a2c9-003b5d5229ea"
[WebServer] 2026-09-06T17:35:31.067Z INFO  application=marketops-server environment=local buildVersion=0.1.0-SNAPSHOT correlationId=none c.m.m.a.i.a.JdbcMetadataAuditStore - Metadata change recorded event="metadata_change_recorded" sourceDomain="identityaccess" entityType="user-scope-grant" entityId="6423a533-7b5e-452b-8af7-58def207a0da" action="GRANT" actorId="synthetic-ad-browser" correlationId="14e9c1ba-37d4-43c2-99fb-4d8c92f51a2c"

Running 12 tests using 1 worker

[WebServer] 2026-09-06T17:35:37.616Z INFO  application=marketops-server environment=local buildVersion=0.1.0-SNAPSHOT correlationId=none o.a.c.c.C.[Tomcat].[localhost].[/] - Initializing Spring DispatcherServlet 'dispatcherServlet' 
[WebServer] 2026-09-06T17:35:37.616Z INFO  application=marketops-server environment=local buildVersion=0.1.0-SNAPSHOT correlationId=none o.s.web.servlet.DispatcherServlet - Initializing Servlet 'dispatcherServlet' 
[WebServer] 2026-09-06T17:35:37.628Z INFO  application=marketops-server environment=local buildVersion=0.1.0-SNAPSHOT correlationId=none o.s.web.servlet.DispatcherServlet - Completed initialization in 12 ms 
[WebServer] 2026-09-06T17:35:37.852Z INFO  application=marketops-server environment=local buildVersion=0.1.0-SNAPSHOT correlationId=25507f5d-1da3-4072-87cf-95d83d8f31c0 c.m.m.s.i.c.CorrelationIdFilter - Request completed event="request_completed" correlationId="25507f5d-1da3-4072-87cf-95d83d8f31c0" status="200"
[WebServer] 2026-09-06T17:35:37.852Z INFO  application=marketops-server environment=local buildVersion=0.1.0-SNAPSHOT correlationId=e9f6b917-aef0-4f4a-ba86-219e6e7a4e46 c.m.m.s.i.c.CorrelationIdFilter - Request completed event="request_completed" correlationId="e9f6b917-aef0-4f4a-ba86-219e6e7a4e46" status="200"
[WebServer] 2026-09-06T17:35:37.980Z INFO  application=marketops-server environment=local buildVersion=0.1.0-SNAPSHOT correlationId=52f2ef20-3b6f-4168-a959-d8fc6078ca4f c.m.m.a.i.a.JdbcMetadataAuditStore - Metadata change recorded event="metadata_change_recorded" sourceDomain="advertisingefficiency" entityType="advertising_reservations" entityId="33edaf00-a9ad-4467-850d-6a4dec48054e" action="READ" actorId="02dd476f-12e7-4fc5-9fcc-d79e794f9f80" correlationId="52f2ef20-3b6f-4168-a959-d8fc6078ca4f"
[WebServer] 2026-09-06T17:35:37.985Z INFO  application=marketops-server environment=local buildVersion=0.1.0-SNAPSHOT correlationId=52f2ef20-3b6f-4168-a959-d8fc6078ca4f c.m.m.s.i.c.CorrelationIdFilter - Request completed event="request_completed" correlationId="52f2ef20-3b6f-4168-a959-d8fc6078ca4f" status="200"
[WebServer] 2026-09-06T17:35:37.991Z INFO  application=marketops-server environment=local buildVersion=0.1.0-SNAPSHOT correlationId=da62947c-320d-424e-a90c-2a14b6a4bef5 c.m.m.a.i.a.JdbcMetadataAuditStore - Metadata change recorded event="metadata_change_recorded" sourceDomain="availabilityrisk" entityType="availability_queue" entityId="33edaf00-a9ad-4467-850d-6a4dec48054e" action="READ" actorId="02dd476f-12e7-4fc5-9fcc-d79e794f9f80" correlationId="da62947c-320d-424e-a90c-2a14b6a4bef5"
[WebServer] 2026-09-06T17:35:37.998Z INFO  application=marketops-server environment=local buildVersion=0.1.0-SNAPSHOT correlationId=36b9d6d1-9b6e-44cc-88af-87290ce939c3 c.m.m.a.i.a.JdbcMetadataAuditStore - Metadata change recorded event="metadata_change_recorded" sourceDomain="advertisingefficiency" entityType="advertising_containments" entityId="33edaf00-a9ad-4467-850d-6a4dec48054e" action="READ" actorId="02dd476f-12e7-4fc5-9fcc-d79e794f9f80" correlationId="36b9d6d1-9b6e-44cc-88af-87290ce939c3"
[WebServer] 2026-09-06T17:35:38.000Z INFO  application=marketops-server environment=local buildVersion=0.1.0-SNAPSHOT correlationId=da62947c-320d-424e-a90c-2a14b6a4bef5 c.m.m.s.i.c.CorrelationIdFilter - Request completed event="request_completed" correlationId="da62947c-320d-424e-a90c-2a14b6a4bef5" status="200"
[WebServer] 2026-09-06T17:35:38.015Z INFO  application=marketops-server environment=local buildVersion=0.1.0-SNAPSHOT correlationId=36b9d6d1-9b6e-44cc-88af-87290ce939c3 c.m.m.s.i.c.CorrelationIdFilter - Request completed event="request_completed" correlationId="36b9d6d1-9b6e-44cc-88af-87290ce939c3" status="200"
[WebServer] 2026-09-06T17:35:38.015Z INFO  application=marketops-server environment=local buildVersion=0.1.0-SNAPSHOT correlationId=862c0049-c640-477d-a29d-7ada4e70f147 c.m.m.s.i.e.ConsoleProblemAdvice - Console request refused event="console_request_refused" errorCode="RESOURCE_SCOPE_DENIED" correlationId="862c0049-c640-477d-a29d-7ada4e70f147"
[WebServer] 2026-09-06T17:35:38.015Z INFO  application=marketops-server environment=local buildVersion=0.1.0-SNAPSHOT correlationId=b58bb50b-ddde-4d25-934c-f9bc04877698 c.m.m.s.i.e.ConsoleProblemAdvice - Console request refused event="console_request_refused" errorCode="RESOURCE_NOT_FOUND" correlationId="b58bb50b-ddde-4d25-934c-f9bc04877698"
[WebServer] 2026-09-06T17:35:38.015Z INFO  application=marketops-server environment=local buildVersion=0.1.0-SNAPSHOT correlationId=c5ba8686-0d85-43ae-b871-72653d5c4e67 c.m.m.a.i.a.JdbcMetadataAuditStore - Metadata change recorded event="metadata_change_recorded" sourceDomain="advertisingefficiency" entityType="advertising_exposure" entityId="33edaf00-a9ad-4467-850d-6a4dec48054e" action="READ" actorId="02dd476f-12e7-4fc5-9fcc-d79e794f9f80" correlationId="c5ba8686-0d85-43ae-b871-72653d5c4e67"
[WebServer] 2026-09-06T17:35:38.019Z INFO  application=marketops-server environment=local buildVersion=0.1.0-SNAPSHOT correlationId=c5ba8686-0d85-43ae-b871-72653d5c4e67 c.m.m.s.i.c.CorrelationIdFilter - Request completed event="request_completed" correlationId="c5ba8686-0d85-43ae-b871-72653d5c4e67" status="200"
[WebServer] 2026-09-06T17:35:38.021Z INFO  application=marketops-server environment=local buildVersion=0.1.0-SNAPSHOT correlationId=862c0049-c640-477d-a29d-7ada4e70f147 c.m.m.s.i.c.CorrelationIdFilter - Request completed event="request_completed" correlationId="862c0049-c640-477d-a29d-7ada4e70f147" status="403"
[WebServer] 2026-09-06T17:35:38.021Z INFO  application=marketops-server environment=local buildVersion=0.1.0-SNAPSHOT correlationId=b58bb50b-ddde-4d25-934c-f9bc04877698 c.m.m.s.i.c.CorrelationIdFilter - Request completed event="request_completed" correlationId="b58bb50b-ddde-4d25-934c-f9bc04877698" status="404"
[WebServer] 2026-09-06T17:35:38.026Z INFO  application=marketops-server environment=local buildVersion=0.1.0-SNAPSHOT correlationId=3d5b8189-7123-4d27-87cb-ebafb17fad41 c.m.m.s.i.e.ConsoleProblemAdvice - Console request refused event="console_request_refused" errorCode="RESOURCE_SCOPE_DENIED" correlationId="3d5b8189-7123-4d27-87cb-ebafb17fad41"
[WebServer] 2026-09-06T17:35:38.028Z INFO  application=marketops-server environment=local buildVersion=0.1.0-SNAPSHOT correlationId=3d5b8189-7123-4d27-87cb-ebafb17fad41 c.m.m.s.i.c.CorrelationIdFilter - Request completed event="request_completed" correlationId="3d5b8189-7123-4d27-87cb-ebafb17fad41" status="403"
[WebServer] 2026-09-06T17:35:38.033Z INFO  application=marketops-server environment=local buildVersion=0.1.0-SNAPSHOT correlationId=28fd590f-f1f9-4a98-8b2c-3ec18b9a74cc c.m.m.a.i.a.JdbcMetadataAuditStore - Metadata change recorded event="metadata_change_recorded" sourceDomain="advertisingefficiency" entityType="advertising_queue" entityId="33edaf00-a9ad-4467-850d-6a4dec48054e" action="READ" actorId="02dd476f-12e7-4fc5-9fcc-d79e794f9f80" correlationId="28fd590f-f1f9-4a98-8b2c-3ec18b9a74cc"
[WebServer] 2026-09-06T17:35:38.049Z INFO  application=marketops-server environment=local buildVersion=0.1.0-SNAPSHOT correlationId=6f591c0d-6071-4b0f-bcd5-9696fc398ea4 c.m.m.a.i.a.JdbcMetadataAuditStore - Metadata change recorded event="metadata_change_recorded" sourceDomain="advertisingefficiency" entityType="advertising_orchestration" entityId="33edaf00-a9ad-4467-850d-6a4dec48054e" action="READ" actorId="02dd476f-12e7-4fc5-9fcc-d79e794f9f80" correlationId="6f591c0d-6071-4b0f-bcd5-9696fc398ea4"
[WebServer] 2026-09-06T17:35:38.053Z INFO  application=marketops-server environment=local buildVersion=0.1.0-SNAPSHOT correlationId=6f591c0d-6071-4b0f-bcd5-9696fc398ea4 c.m.m.s.i.c.CorrelationIdFilter - Request completed event="request_completed" correlationId="6f591c0d-6071-4b0f-bcd5-9696fc398ea4" status="200"
[WebServer] 2026-09-06T17:35:38.132Z INFO  application=marketops-server environment=local buildVersion=0.1.0-SNAPSHOT correlationId=28fd590f-f1f9-4a98-8b2c-3ec18b9a74cc c.m.m.s.i.c.CorrelationIdFilter - Request completed event="request_completed" correlationId="28fd590f-f1f9-4a98-8b2c-3ec18b9a74cc" status="200"
[WebServer] 2026-09-06T17:35:38.534Z INFO  application=marketops-server environment=local buildVersion=0.1.0-SNAPSHOT correlationId=4548be17-dd74-4b29-95fa-25099f10386e c.m.m.a.i.a.JdbcMetadataAuditStore - Metadata change recorded event="metadata_change_recorded" sourceDomain="advertisingefficiency" entityType="advertising_case" entityId="78e0d77c-b9aa-4a1d-ab22-2a7d23dda3ed" action="READ" actorId="02dd476f-12e7-4fc5-9fcc-d79e794f9f80" correlationId="4548be17-dd74-4b29-95fa-25099f10386e"
[WebServer] 2026-09-06T17:35:38.553Z INFO  application=marketops-server environment=local buildVersion=0.1.0-SNAPSHOT correlationId=4548be17-dd74-4b29-95fa-25099f10386e c.m.m.s.i.c.CorrelationIdFilter - Request completed event="request_completed" correlationId="4548be17-dd74-4b29-95fa-25099f10386e" status="200"
[WebServer] 2026-09-06T17:35:38.596Z INFO  application=marketops-server environment=local buildVersion=0.1.0-SNAPSHOT correlationId=5f20741b-19d6-4e1a-9382-a4187c6980be c.m.m.a.i.a.JdbcMetadataAuditStore - Metadata change recorded event="metadata_change_recorded" sourceDomain="advertisingefficiency" entityType="advertising_manual_packet" entityId="3267ce40-c16f-4d32-ab27-451347201a82" action="READ" actorId="02dd476f-12e7-4fc5-9fcc-d79e794f9f80" correlationId="5f20741b-19d6-4e1a-9382-a4187c6980be"
[WebServer] 2026-09-06T17:35:38.598Z INFO  application=marketops-server environment=local buildVersion=0.1.0-SNAPSHOT correlationId=5f20741b-19d6-4e1a-9382-a4187c6980be c.m.m.s.i.c.CorrelationIdFilter - Request completed event="request_completed" correlationId="5f20741b-19d6-4e1a-9382-a4187c6980be" status="200"
[WebServer] 2026-09-06T17:35:38.631Z INFO  application=marketops-server environment=local buildVersion=0.1.0-SNAPSHOT correlationId=e08d0fe2-2968-4899-a9d7-d58129d527fd c.m.m.s.i.c.CorrelationIdFilter - Request completed event="request_completed" correlationId="e08d0fe2-2968-4899-a9d7-d58129d527fd" status="200"
[WebServer] 2026-09-06T17:35:38.649Z INFO  application=marketops-server environment=local buildVersion=0.1.0-SNAPSHOT correlationId=d10da19f-dca6-4420-9edb-5145d07afb26 c.m.m.s.i.c.CorrelationIdFilter - Request completed event="request_completed" correlationId="d10da19f-dca6-4420-9edb-5145d07afb26" status="200"
[WebServer] 2026-09-06T17:35:38.676Z INFO  application=marketops-server environment=local buildVersion=0.1.0-SNAPSHOT correlationId=16fa7173-a17f-4d2c-98ae-7d047d8f5364 c.m.m.s.i.c.CorrelationIdFilter - Request completed event="request_completed" correlationId="16fa7173-a17f-4d2c-98ae-7d047d8f5364" status="200"
[WebServer] 2026-09-06T17:35:38.793Z INFO  application=marketops-server environment=local buildVersion=0.1.0-SNAPSHOT correlationId=b950a512-b961-41e8-8075-23802f73bf7c c.m.m.s.i.c.CorrelationIdFilter - Request completed event="request_completed" correlationId="b950a512-b961-41e8-8075-23802f73bf7c" status="204"
[WebServer] 2026-09-06T17:35:38.863Z INFO  application=marketops-server environment=local buildVersion=0.1.0-SNAPSHOT correlationId=edbcb157-1c81-43c4-9263-08a465751485 c.m.m.s.i.c.CorrelationIdFilter - Request completed event="request_completed" correlationId="edbcb157-1c81-43c4-9263-08a465751485" status="200"
[WebServer] 2026-09-06T17:35:38.883Z INFO  application=marketops-server environment=local buildVersion=0.1.0-SNAPSHOT correlationId=551053fe-dbd1-418b-af43-c6b87f3391eb c.m.m.s.i.c.CorrelationIdFilter - Request completed event="request_completed" correlationId="551053fe-dbd1-418b-af43-c6b87f3391eb" status="200"
[WebServer] 2026-09-06T17:35:38.988Z INFO  application=marketops-server environment=local buildVersion=0.1.0-SNAPSHOT correlationId=14f87d6f-f01a-49bd-8e4a-38e456a65f93 c.m.m.a.i.a.JdbcMetadataAuditStore - Metadata change recorded event="metadata_change_recorded" sourceDomain="operationsworkflow" entityType="recommendation" entityId="b84ee450-529d-4e0f-8888-ff492ff40f0d" action="STATUS_CHANGE" actorId="02dd476f-12e7-4fc5-9fcc-d79e794f9f80" correlationId="14f87d6f-f01a-49bd-8e4a-38e456a65f93"
[WebServer] 2026-09-06T17:35:39.043Z INFO  application=marketops-server environment=local buildVersion=0.1.0-SNAPSHOT correlationId=14f87d6f-f01a-49bd-8e4a-38e456a65f93 c.m.m.s.i.c.CorrelationIdFilter - Request completed event="request_completed" correlationId="14f87d6f-f01a-49bd-8e4a-38e456a65f93" status="200"
[WebServer] 2026-09-06T17:35:39.117Z INFO  application=marketops-server environment=local buildVersion=0.1.0-SNAPSHOT correlationId=9cd0c58b-5b5d-4061-ae65-43f614c2250f c.m.m.s.i.c.CorrelationIdFilter - Request completed event="request_completed" correlationId="9cd0c58b-5b5d-4061-ae65-43f614c2250f" status="200"
[WebServer] 2026-09-06T17:35:39.142Z INFO  application=marketops-server environment=local buildVersion=0.1.0-SNAPSHOT correlationId=833b6644-6997-42a1-a2bd-4eca92b82748 c.m.m.s.i.c.CorrelationIdFilter - Request completed event="request_completed" correlationId="833b6644-6997-42a1-a2bd-4eca92b82748" status="200"
[WebServer] 2026-09-06T17:35:39.613Z DEBUG application=marketops-server environment=local buildVersion=0.1.0-SNAPSHOT correlationId=0c3960ae-d41c-4b68-8ae0-3296c4e360c5 c.m.m.s.i.c.CorrelationIdFilter - Inbound correlation identifier replaced event="correlation_identifier_replaced" correlationId="0c3960ae-d41c-4b68-8ae0-3296c4e360c5" rejectionCategory="MISSING"
[WebServer] 2026-09-06T17:35:39.652Z INFO  application=marketops-server environment=local buildVersion=0.1.0-SNAPSHOT correlationId=0c3960ae-d41c-4b68-8ae0-3296c4e360c5 c.m.m.s.i.e.ConsoleProblemAdvice - Console request refused event="console_request_refused" errorCode="VERSION_CONFLICT" correlationId="0c3960ae-d41c-4b68-8ae0-3296c4e360c5"
[WebServer] 2026-09-06T17:35:39.654Z INFO  application=marketops-server environment=local buildVersion=0.1.0-SNAPSHOT correlationId=0c3960ae-d41c-4b68-8ae0-3296c4e360c5 c.m.m.s.i.c.CorrelationIdFilter - Request completed event="request_completed" correlationId="0c3960ae-d41c-4b68-8ae0-3296c4e360c5" status="409"
[WebServer] 2026-09-06T17:35:40.082Z INFO  application=marketops-server environment=local buildVersion=0.1.0-SNAPSHOT correlationId=d43a4ee6-f6f0-48ed-93ee-92bd1aae50ab c.m.m.a.i.a.JdbcMetadataAuditStore - Metadata change recorded event="metadata_change_recorded" sourceDomain="advertisingefficiency" entityType="advertising_containments" entityId="33edaf00-a9ad-4467-850d-6a4dec48054e" action="READ" actorId="3edb0936-a3ef-4226-a6e7-4847b7572d37" correlationId="d43a4ee6-f6f0-48ed-93ee-92bd1aae50ab"
[WebServer] 2026-09-06T17:35:40.088Z INFO  application=marketops-server environment=local buildVersion=0.1.0-SNAPSHOT correlationId=903916b5-cee5-4a58-92ac-65a90157400a c.m.m.s.i.c.CorrelationIdFilter - Request completed event="request_completed" correlationId="903916b5-cee5-4a58-92ac-65a90157400a" status="200"
[WebServer] 2026-09-06T17:35:40.090Z INFO  application=marketops-server environment=local buildVersion=0.1.0-SNAPSHOT correlationId=48816563-8520-46ce-a2ac-31fbc599a827 c.m.m.a.i.a.JdbcMetadataAuditStore - Metadata change recorded event="metadata_change_recorded" sourceDomain="advertisingefficiency" entityType="advertising_reservations" entityId="33edaf00-a9ad-4467-850d-6a4dec48054e" action="READ" actorId="3edb0936-a3ef-4226-a6e7-4847b7572d37" correlationId="48816563-8520-46ce-a2ac-31fbc599a827"
[WebServer] 2026-09-06T17:35:40.091Z INFO  application=marketops-server environment=local buildVersion=0.1.0-SNAPSHOT correlationId=e3aec327-72b1-44c8-8674-c40a110a5afe c.m.m.s.i.e.ConsoleProblemAdvice - Console request refused event="console_request_refused" errorCode="RESOURCE_SCOPE_DENIED" correlationId="e3aec327-72b1-44c8-8674-c40a110a5afe"
[WebServer] 2026-09-06T17:35:40.092Z INFO  application=marketops-server environment=local buildVersion=0.1.0-SNAPSHOT correlationId=48816563-8520-46ce-a2ac-31fbc599a827 c.m.m.s.i.c.CorrelationIdFilter - Request completed event="request_completed" correlationId="48816563-8520-46ce-a2ac-31fbc599a827" status="200"
[WebServer] 2026-09-06T17:35:40.092Z INFO  application=marketops-server environment=local buildVersion=0.1.0-SNAPSHOT correlationId=e3aec327-72b1-44c8-8674-c40a110a5afe c.m.m.s.i.c.CorrelationIdFilter - Request completed event="request_completed" correlationId="e3aec327-72b1-44c8-8674-c40a110a5afe" status="403"
[WebServer] 2026-09-06T17:35:40.096Z INFO  application=marketops-server environment=local buildVersion=0.1.0-SNAPSHOT correlationId=8af929b7-6afb-4a3f-9f69-1a6b5d39d9ef c.m.m.s.i.e.ConsoleProblemAdvice - Console request refused event="console_request_refused" errorCode="RESOURCE_NOT_FOUND" correlationId="8af929b7-6afb-4a3f-9f69-1a6b5d39d9ef"
[WebServer] 2026-09-06T17:35:40.097Z INFO  application=marketops-server environment=local buildVersion=0.1.0-SNAPSHOT correlationId=8af929b7-6afb-4a3f-9f69-1a6b5d39d9ef c.m.m.s.i.c.CorrelationIdFilter - Request completed event="request_completed" correlationId="8af929b7-6afb-4a3f-9f69-1a6b5d39d9ef" status="404"
[WebServer] 2026-09-06T17:35:40.097Z INFO  application=marketops-server environment=local buildVersion=0.1.0-SNAPSHOT correlationId=d43a4ee6-f6f0-48ed-93ee-92bd1aae50ab c.m.m.s.i.c.CorrelationIdFilter - Request completed event="request_completed" correlationId="d43a4ee6-f6f0-48ed-93ee-92bd1aae50ab" status="200"
[WebServer] 2026-09-06T17:35:40.098Z INFO  application=marketops-server environment=local buildVersion=0.1.0-SNAPSHOT correlationId=070081e3-0a40-4301-a754-c98163811a49 c.m.m.a.i.a.JdbcMetadataAuditStore - Metadata change recorded event="metadata_change_recorded" sourceDomain="availabilityrisk" entityType="availability_queue" entityId="33edaf00-a9ad-4467-850d-6a4dec48054e" action="READ" actorId="3edb0936-a3ef-4226-a6e7-4847b7572d37" correlationId="070081e3-0a40-4301-a754-c98163811a49"
[WebServer] 2026-09-06T17:35:40.101Z INFO  application=marketops-server environment=local buildVersion=0.1.0-SNAPSHOT correlationId=070081e3-0a40-4301-a754-c98163811a49 c.m.m.s.i.c.CorrelationIdFilter - Request completed event="request_completed" correlationId="070081e3-0a40-4301-a754-c98163811a49" status="200"
[WebServer] 2026-09-06T17:35:40.109Z INFO  application=marketops-server environment=local buildVersion=0.1.0-SNAPSHOT correlationId=6ca94e71-da9d-4663-803e-707660a52003 c.m.m.s.i.e.ConsoleProblemAdvice - Console request refused event="console_request_refused" errorCode="RESOURCE_SCOPE_DENIED" correlationId="6ca94e71-da9d-4663-803e-707660a52003"
[WebServer] 2026-09-06T17:35:40.111Z INFO  application=marketops-server environment=local buildVersion=0.1.0-SNAPSHOT correlationId=6ca94e71-da9d-4663-803e-707660a52003 c.m.m.s.i.c.CorrelationIdFilter - Request completed event="request_completed" correlationId="6ca94e71-da9d-4663-803e-707660a52003" status="403"
[WebServer] 2026-09-06T17:35:40.120Z INFO  application=marketops-server environment=local buildVersion=0.1.0-SNAPSHOT correlationId=246783df-b98a-4e8e-b504-81510446d397 c.m.m.a.i.a.JdbcMetadataAuditStore - Metadata change recorded event="metadata_change_recorded" sourceDomain="advertisingefficiency" entityType="advertising_queue" entityId="33edaf00-a9ad-4467-850d-6a4dec48054e" action="READ" actorId="3edb0936-a3ef-4226-a6e7-4847b7572d37" correlationId="246783df-b98a-4e8e-b504-81510446d397"
[WebServer] 2026-09-06T17:35:40.129Z INFO  application=marketops-server environment=local buildVersion=0.1.0-SNAPSHOT correlationId=9d87f03c-d794-4cc3-a094-c5ab53dedcc3 c.m.m.a.i.a.JdbcMetadataAuditStore - Metadata change recorded event="metadata_change_recorded" sourceDomain="advertisingefficiency" entityType="advertising_exposure" entityId="33edaf00-a9ad-4467-850d-6a4dec48054e" action="READ" actorId="3edb0936-a3ef-4226-a6e7-4847b7572d37" correlationId="9d87f03c-d794-4cc3-a094-c5ab53dedcc3"
[WebServer] 2026-09-06T17:35:40.131Z INFO  application=marketops-server environment=local buildVersion=0.1.0-SNAPSHOT correlationId=9d87f03c-d794-4cc3-a094-c5ab53dedcc3 c.m.m.s.i.c.CorrelationIdFilter - Request completed event="request_completed" correlationId="9d87f03c-d794-4cc3-a094-c5ab53dedcc3" status="200"
[WebServer] 2026-09-06T17:35:40.146Z INFO  application=marketops-server environment=local buildVersion=0.1.0-SNAPSHOT correlationId=9d34976f-f200-4280-b82f-32c00f85d204 c.m.m.s.i.c.CorrelationIdFilter - Request completed event="request_completed" correlationId="9d34976f-f200-4280-b82f-32c00f85d204" status="200"
[WebServer] 2026-09-06T17:35:40.159Z INFO  application=marketops-server environment=local buildVersion=0.1.0-SNAPSHOT correlationId=5d2f42bb-0220-47d9-ad7b-565c619e38e4 c.m.m.a.i.a.JdbcMetadataAuditStore - Metadata change recorded event="metadata_change_recorded" sourceDomain="advertisingefficiency" entityType="advertising_orchestration" entityId="33edaf00-a9ad-4467-850d-6a4dec48054e" action="READ" actorId="3edb0936-a3ef-4226-a6e7-4847b7572d37" correlationId="5d2f42bb-0220-47d9-ad7b-565c619e38e4"
[WebServer] 2026-09-06T17:35:40.160Z INFO  application=marketops-server environment=local buildVersion=0.1.0-SNAPSHOT correlationId=5d2f42bb-0220-47d9-ad7b-565c619e38e4 c.m.m.s.i.c.CorrelationIdFilter - Request completed event="request_completed" correlationId="5d2f42bb-0220-47d9-ad7b-565c619e38e4" status="200"
[WebServer] 2026-09-06T17:35:40.191Z INFO  application=marketops-server environment=local buildVersion=0.1.0-SNAPSHOT correlationId=246783df-b98a-4e8e-b504-81510446d397 c.m.m.s.i.c.CorrelationIdFilter - Request completed event="request_completed" correlationId="246783df-b98a-4e8e-b504-81510446d397" status="200"
[WebServer] 2026-09-06T17:35:40.258Z INFO  application=marketops-server environment=local buildVersion=0.1.0-SNAPSHOT correlationId=35656584-bbeb-4828-afc2-ec40dfacdca2 c.m.m.a.i.a.JdbcMetadataAuditStore - Metadata change recorded event="metadata_change_recorded" sourceDomain="advertisingefficiency" entityType="advertising_case" entityId="78e0d77c-b9aa-4a1d-ab22-2a7d23dda3ed" action="READ" actorId="3edb0936-a3ef-4226-a6e7-4847b7572d37" correlationId="35656584-bbeb-4828-afc2-ec40dfacdca2"
[WebServer] 2026-09-06T17:35:40.279Z INFO  application=marketops-server environment=local buildVersion=0.1.0-SNAPSHOT correlationId=35656584-bbeb-4828-afc2-ec40dfacdca2 c.m.m.s.i.c.CorrelationIdFilter - Request completed event="request_completed" correlationId="35656584-bbeb-4828-afc2-ec40dfacdca2" status="200"
[WebServer] 2026-09-06T17:35:40.301Z INFO  application=marketops-server environment=local buildVersion=0.1.0-SNAPSHOT correlationId=59deaaf5-ea29-4547-ad33-4d5774f49646 c.m.m.a.i.a.JdbcMetadataAuditStore - Metadata change recorded event="metadata_change_recorded" sourceDomain="advertisingefficiency" entityType="advertising_manual_packet" entityId="3267ce40-c16f-4d32-ab27-451347201a82" action="READ" actorId="3edb0936-a3ef-4226-a6e7-4847b7572d37" correlationId="59deaaf5-ea29-4547-ad33-4d5774f49646"
[WebServer] 2026-09-06T17:35:40.303Z INFO  application=marketops-server environment=local buildVersion=0.1.0-SNAPSHOT correlationId=59deaaf5-ea29-4547-ad33-4d5774f49646 c.m.m.s.i.c.CorrelationIdFilter - Request completed event="request_completed" correlationId="59deaaf5-ea29-4547-ad33-4d5774f49646" status="200"
[WebServer] 2026-09-06T17:35:40.324Z INFO  application=marketops-server environment=local buildVersion=0.1.0-SNAPSHOT correlationId=00e545a8-9bf9-49b8-bc88-d2b16c8a5856 c.m.m.s.i.c.CorrelationIdFilter - Request completed event="request_completed" correlationId="00e545a8-9bf9-49b8-bc88-d2b16c8a5856" status="200"
[WebServer] 2026-09-06T17:35:40.344Z INFO  application=marketops-server environment=local buildVersion=0.1.0-SNAPSHOT correlationId=817e8555-90d7-4060-9350-8eb875ca1e14 c.m.m.s.i.c.CorrelationIdFilter - Request completed event="request_completed" correlationId="817e8555-90d7-4060-9350-8eb875ca1e14" status="200"
[WebServer] 2026-09-06T17:35:40.369Z INFO  application=marketops-server environment=local buildVersion=0.1.0-SNAPSHOT correlationId=7638186e-047c-4b44-8be3-a83eb048ef6a c.m.m.s.i.c.CorrelationIdFilter - Request completed event="request_completed" correlationId="7638186e-047c-4b44-8be3-a83eb048ef6a" status="200"
[WebServer] 2026-09-06T17:35:40.643Z INFO  application=marketops-server environment=local buildVersion=0.1.0-SNAPSHOT correlationId=48c9a78a-96e2-4fc4-9a90-96501e51a749 c.m.m.a.i.a.JdbcMetadataAuditStore - Metadata change recorded event="metadata_change_recorded" sourceDomain="operationsworkflow" entityType="recommendation" entityId="b84ee450-529d-4e0f-8888-ff492ff40f0d" action="STATUS_CHANGE" actorId="3edb0936-a3ef-4226-a6e7-4847b7572d37" correlationId="48c9a78a-96e2-4fc4-9a90-96501e51a749"
[WebServer] 2026-09-06T17:35:40.662Z INFO  application=marketops-server environment=local buildVersion=0.1.0-SNAPSHOT correlationId=48c9a78a-96e2-4fc4-9a90-96501e51a749 c.m.m.s.i.c.CorrelationIdFilter - Request completed event="request_completed" correlationId="48c9a78a-96e2-4fc4-9a90-96501e51a749" status="200"
[WebServer] 2026-09-06T17:35:40.712Z INFO  application=marketops-server environment=local buildVersion=0.1.0-SNAPSHOT correlationId=25b0f79c-21c4-4014-8545-bf09c835d31f c.m.m.s.i.c.CorrelationIdFilter - Request completed event="request_completed" correlationId="25b0f79c-21c4-4014-8545-bf09c835d31f" status="200"
[WebServer] 2026-09-06T17:35:40.731Z INFO  application=marketops-server environment=local buildVersion=0.1.0-SNAPSHOT correlationId=111d2767-d641-462b-833f-a9aaa18b5b7d c.m.m.s.i.c.CorrelationIdFilter - Request completed event="request_completed" correlationId="111d2767-d641-462b-833f-a9aaa18b5b7d" status="200"
[WebServer] 2026-09-06T17:35:41.159Z INFO  application=marketops-server environment=local buildVersion=0.1.0-SNAPSHOT correlationId=597b84cb-7612-4965-a3b9-45b3ffc04882 c.m.m.a.i.a.JdbcMetadataAuditStore - Metadata change recorded event="metadata_change_recorded" sourceDomain="advertisingefficiency" entityType="advertising_containments" entityId="33edaf00-a9ad-4467-850d-6a4dec48054e" action="READ" actorId="e408f9e6-3d0e-4369-8628-96b64d2d6338" correlationId="597b84cb-7612-4965-a3b9-45b3ffc04882"
[WebServer] 2026-09-06T17:35:41.164Z INFO  application=marketops-server environment=local buildVersion=0.1.0-SNAPSHOT correlationId=c45a52e9-5657-455e-a2f5-ddcb8b560b3e c.m.m.a.i.a.JdbcMetadataAuditStore - Metadata change recorded event="metadata_change_recorded" sourceDomain="advertisingefficiency" entityType="advertising_reservations" entityId="33edaf00-a9ad-4467-850d-6a4dec48054e" action="READ" actorId="e408f9e6-3d0e-4369-8628-96b64d2d6338" correlationId="c45a52e9-5657-455e-a2f5-ddcb8b560b3e"
[WebServer] 2026-09-06T17:35:41.165Z INFO  application=marketops-server environment=local buildVersion=0.1.0-SNAPSHOT correlationId=c45a52e9-5657-455e-a2f5-ddcb8b560b3e c.m.m.s.i.c.CorrelationIdFilter - Request completed event="request_completed" correlationId="c45a52e9-5657-455e-a2f5-ddcb8b560b3e" status="200"
[WebServer] 2026-09-06T17:35:41.168Z INFO  application=marketops-server environment=local buildVersion=0.1.0-SNAPSHOT correlationId=26bab410-12f1-44c8-b40c-c1d525b2bb0f c.m.m.s.i.e.ConsoleProblemAdvice - Console request refused event="console_request_refused" errorCode="RESOURCE_NOT_FOUND" correlationId="26bab410-12f1-44c8-b40c-c1d525b2bb0f"
[WebServer] 2026-09-06T17:35:41.169Z INFO  application=marketops-server environment=local buildVersion=0.1.0-SNAPSHOT correlationId=597b84cb-7612-4965-a3b9-45b3ffc04882 c.m.m.s.i.c.CorrelationIdFilter - Request completed event="request_completed" correlationId="597b84cb-7612-4965-a3b9-45b3ffc04882" status="200"
[WebServer] 2026-09-06T17:35:41.169Z INFO  application=marketops-server environment=local buildVersion=0.1.0-SNAPSHOT correlationId=26bab410-12f1-44c8-b40c-c1d525b2bb0f c.m.m.s.i.c.CorrelationIdFilter - Request completed event="request_completed" correlationId="26bab410-12f1-44c8-b40c-c1d525b2bb0f" status="404"
[WebServer] 2026-09-06T17:35:41.174Z INFO  application=marketops-server environment=local buildVersion=0.1.0-SNAPSHOT correlationId=66bbe870-2e9d-495d-acb9-577d5ac9ae6c c.m.m.s.i.c.CorrelationIdFilter - Request completed event="request_completed" correlationId="66bbe870-2e9d-495d-acb9-577d5ac9ae6c" status="200"
[WebServer] 2026-09-06T17:35:41.176Z INFO  application=marketops-server environment=local buildVersion=0.1.0-SNAPSHOT correlationId=b62c1ed6-d996-4eb8-97ad-9fc76f2a18f5 c.m.m.s.i.e.ConsoleProblemAdvice - Console request refused event="console_request_refused" errorCode="RESOURCE_SCOPE_DENIED" correlationId="b62c1ed6-d996-4eb8-97ad-9fc76f2a18f5"
[WebServer] 2026-09-06T17:35:41.177Z INFO  application=marketops-server environment=local buildVersion=0.1.0-SNAPSHOT correlationId=b62c1ed6-d996-4eb8-97ad-9fc76f2a18f5 c.m.m.s.i.c.CorrelationIdFilter - Request completed event="request_completed" correlationId="b62c1ed6-d996-4eb8-97ad-9fc76f2a18f5" status="403"
[WebServer] 2026-09-06T17:35:41.179Z INFO  application=marketops-server environment=local buildVersion=0.1.0-SNAPSHOT correlationId=2f93bd2b-33b4-4500-b444-32c10884accf c.m.m.a.i.a.JdbcMetadataAuditStore - Metadata change recorded event="metadata_change_recorded" sourceDomain="availabilityrisk" entityType="availability_queue" entityId="33edaf00-a9ad-4467-850d-6a4dec48054e" action="READ" actorId="e408f9e6-3d0e-4369-8628-96b64d2d6338" correlationId="2f93bd2b-33b4-4500-b444-32c10884accf"
[WebServer] 2026-09-06T17:35:41.183Z INFO  application=marketops-server environment=local buildVersion=0.1.0-SNAPSHOT correlationId=2f93bd2b-33b4-4500-b444-32c10884accf c.m.m.s.i.c.CorrelationIdFilter - Request completed event="request_completed" correlationId="2f93bd2b-33b4-4500-b444-32c10884accf" status="200"
[WebServer] 2026-09-06T17:35:41.188Z INFO  application=marketops-server environment=local buildVersion=0.1.0-SNAPSHOT correlationId=e83630c8-c8f2-49bb-970a-515c0122ed90 c.m.m.s.i.e.ConsoleProblemAdvice - Console request refused event="console_request_refused" errorCode="RESOURCE_SCOPE_DENIED" correlationId="e83630c8-c8f2-49bb-970a-515c0122ed90"
[WebServer] 2026-09-06T17:35:41.191Z INFO  application=marketops-server environment=local buildVersion=0.1.0-SNAPSHOT correlationId=e83630c8-c8f2-49bb-970a-515c0122ed90 c.m.m.s.i.c.CorrelationIdFilter - Request completed event="request_completed" correlationId="e83630c8-c8f2-49bb-970a-515c0122ed90" status="403"
[WebServer] 2026-09-06T17:35:41.194Z INFO  application=marketops-server environment=local buildVersion=0.1.0-SNAPSHOT correlationId=ff73c2ef-7fe2-416d-973e-6cd0fa75c33e c.m.m.a.i.a.JdbcMetadataAuditStore - Metadata change recorded event="metadata_change_recorded" sourceDomain="advertisingefficiency" entityType="advertising_exposure" entityId="33edaf00-a9ad-4467-850d-6a4dec48054e" action="READ" actorId="e408f9e6-3d0e-4369-8628-96b64d2d6338" correlationId="ff73c2ef-7fe2-416d-973e-6cd0fa75c33e"
[WebServer] 2026-09-06T17:35:41.194Z INFO  application=marketops-server environment=local buildVersion=0.1.0-SNAPSHOT correlationId=30491c5f-1011-4c07-8bd2-0f7a1ebb8306 c.m.m.a.i.a.JdbcMetadataAuditStore - Metadata change recorded event="metadata_change_recorded" sourceDomain="advertisingefficiency" entityType="advertising_queue" entityId="33edaf00-a9ad-4467-850d-6a4dec48054e" action="READ" actorId="e408f9e6-3d0e-4369-8628-96b64d2d6338" correlationId="30491c5f-1011-4c07-8bd2-0f7a1ebb8306"
[WebServer] 2026-09-06T17:35:41.195Z INFO  application=marketops-server environment=local buildVersion=0.1.0-SNAPSHOT correlationId=ff73c2ef-7fe2-416d-973e-6cd0fa75c33e c.m.m.s.i.c.CorrelationIdFilter - Request completed event="request_completed" correlationId="ff73c2ef-7fe2-416d-973e-6cd0fa75c33e" status="200"
[WebServer] 2026-09-06T17:35:41.213Z INFO  application=marketops-server environment=local buildVersion=0.1.0-SNAPSHOT correlationId=2c240555-c0ba-4897-a4dc-18c9b8015a19 c.m.m.a.i.a.JdbcMetadataAuditStore - Metadata change recorded event="metadata_change_recorded" sourceDomain="advertisingefficiency" entityType="advertising_orchestration" entityId="33edaf00-a9ad-4467-850d-6a4dec48054e" action="READ" actorId="e408f9e6-3d0e-4369-8628-96b64d2d6338" correlationId="2c240555-c0ba-4897-a4dc-18c9b8015a19"
[WebServer] 2026-09-06T17:35:41.214Z INFO  application=marketops-server environment=local buildVersion=0.1.0-SNAPSHOT correlationId=2c240555-c0ba-4897-a4dc-18c9b8015a19 c.m.m.s.i.c.CorrelationIdFilter - Request completed event="request_completed" correlationId="2c240555-c0ba-4897-a4dc-18c9b8015a19" status="200"
[WebServer] 2026-09-06T17:35:41.237Z INFO  application=marketops-server environment=local buildVersion=0.1.0-SNAPSHOT correlationId=5516ce49-c789-4ab8-ab3c-1c3f3689e1da c.m.m.s.i.c.CorrelationIdFilter - Request completed event="request_completed" correlationId="5516ce49-c789-4ab8-ab3c-1c3f3689e1da" status="200"
[WebServer] 2026-09-06T17:35:41.246Z INFO  application=marketops-server environment=local buildVersion=0.1.0-SNAPSHOT correlationId=30491c5f-1011-4c07-8bd2-0f7a1ebb8306 c.m.m.s.i.c.CorrelationIdFilter - Request completed event="request_completed" correlationId="30491c5f-1011-4c07-8bd2-0f7a1ebb8306" status="200"
[WebServer] 2026-09-06T17:35:41.320Z INFO  application=marketops-server environment=local buildVersion=0.1.0-SNAPSHOT correlationId=616d0541-b53a-48a7-acac-f4f524d184f6 c.m.m.a.i.a.JdbcMetadataAuditStore - Metadata change recorded event="metadata_change_recorded" sourceDomain="advertisingefficiency" entityType="advertising_case" entityId="78e0d77c-b9aa-4a1d-ab22-2a7d23dda3ed" action="READ" actorId="e408f9e6-3d0e-4369-8628-96b64d2d6338" correlationId="616d0541-b53a-48a7-acac-f4f524d184f6"
[WebServer] 2026-09-06T17:35:41.332Z INFO  application=marketops-server environment=local buildVersion=0.1.0-SNAPSHOT correlationId=616d0541-b53a-48a7-acac-f4f524d184f6 c.m.m.s.i.c.CorrelationIdFilter - Request completed event="request_completed" correlationId="616d0541-b53a-48a7-acac-f4f524d184f6" status="200"
[WebServer] 2026-09-06T17:35:41.354Z INFO  application=marketops-server environment=local buildVersion=0.1.0-SNAPSHOT correlationId=4b15239a-57f5-4b58-86e8-aafa677345cf c.m.m.a.i.a.JdbcMetadataAuditStore - Metadata change recorded event="metadata_change_recorded" sourceDomain="advertisingefficiency" entityType="advertising_manual_packet" entityId="3267ce40-c16f-4d32-ab27-451347201a82" action="READ" actorId="e408f9e6-3d0e-4369-8628-96b64d2d6338" correlationId="4b15239a-57f5-4b58-86e8-aafa677345cf"
[WebServer] 2026-09-06T17:35:41.355Z INFO  application=marketops-server environment=local buildVersion=0.1.0-SNAPSHOT correlationId=4b15239a-57f5-4b58-86e8-aafa677345cf c.m.m.s.i.c.CorrelationIdFilter - Request completed event="request_completed" correlationId="4b15239a-57f5-4b58-86e8-aafa677345cf" status="200"
[WebServer] 2026-09-06T17:35:41.382Z INFO  application=marketops-server environment=local buildVersion=0.1.0-SNAPSHOT correlationId=1449eac2-48a5-4083-9942-8a5863b9f615 c.m.m.s.i.c.CorrelationIdFilter - Request completed event="request_completed" correlationId="1449eac2-48a5-4083-9942-8a5863b9f615" status="200"
[WebServer] 2026-09-06T17:35:41.394Z INFO  application=marketops-server environment=local buildVersion=0.1.0-SNAPSHOT correlationId=c535c781-7f99-4a00-a929-9032977902a6 c.m.m.s.i.c.CorrelationIdFilter - Request completed event="request_completed" correlationId="c535c781-7f99-4a00-a929-9032977902a6" status="200"
[WebServer] 2026-09-06T17:35:41.415Z INFO  application=marketops-server environment=local buildVersion=0.1.0-SNAPSHOT correlationId=4dcc7f9e-183f-4ba8-8d9d-600655bb9b49 c.m.m.s.i.c.CorrelationIdFilter - Request completed event="request_completed" correlationId="4dcc7f9e-183f-4ba8-8d9d-600655bb9b49" status="200"
[WebServer] 2026-09-06T17:35:41.638Z INFO  application=marketops-server environment=local buildVersion=0.1.0-SNAPSHOT correlationId=af91e7cb-390f-4f3c-b78f-077c9b2e522f c.m.m.s.i.c.CorrelationIdFilter - Request completed event="request_completed" correlationId="af91e7cb-390f-4f3c-b78f-077c9b2e522f" status="200"
[WebServer] 2026-09-06T17:35:45.593Z INFO  application=marketops-server environment=local buildVersion=0.1.0-SNAPSHOT correlationId=8c55d305-cc91-4e7b-890d-a759fe85a184 c.m.m.a.i.a.JdbcMetadataAuditStore - Metadata change recorded event="metadata_change_recorded" sourceDomain="operationsworkflow" entityType="approval-decision" entityId="5e299631-ef53-434e-8567-a0ed39e61e7c" action="APPROVAL_DECISION" actorId="e408f9e6-3d0e-4369-8628-96b64d2d6338" correlationId="8c55d305-cc91-4e7b-890d-a759fe85a184"
[WebServer] 2026-09-06T17:35:45.596Z INFO  application=marketops-server environment=local buildVersion=0.1.0-SNAPSHOT correlationId=8c55d305-cc91-4e7b-890d-a759fe85a184 c.m.m.a.i.a.JdbcMetadataAuditStore - Metadata change recorded event="metadata_change_recorded" sourceDomain="operationsworkflow" entityType="recommendation" entityId="b84ee450-529d-4e0f-8888-ff492ff40f0d" action="STATUS_CHANGE" actorId="e408f9e6-3d0e-4369-8628-96b64d2d6338" correlationId="8c55d305-cc91-4e7b-890d-a759fe85a184"
[WebServer] 2026-09-06T17:35:45.670Z INFO  application=marketops-server environment=local buildVersion=0.1.0-SNAPSHOT correlationId=8c55d305-cc91-4e7b-890d-a759fe85a184 c.m.m.s.i.c.CorrelationIdFilter - Request completed event="request_completed" correlationId="8c55d305-cc91-4e7b-890d-a759fe85a184" status="200"
[WebServer] 2026-09-06T17:35:45.745Z INFO  application=marketops-server environment=local buildVersion=0.1.0-SNAPSHOT correlationId=2f1b3af5-65e1-4794-919e-9a387b5e84b2 c.m.m.s.i.c.CorrelationIdFilter - Request completed event="request_completed" correlationId="2f1b3af5-65e1-4794-919e-9a387b5e84b2" status="200"
[WebServer] 2026-09-06T17:35:45.775Z INFO  application=marketops-server environment=local buildVersion=0.1.0-SNAPSHOT correlationId=71187432-9ac0-477d-920a-2e56eb2eb122 c.m.m.s.i.c.CorrelationIdFilter - Request completed event="request_completed" correlationId="71187432-9ac0-477d-920a-2e56eb2eb122" status="200"
[WebServer] 2026-09-06T17:35:46.406Z INFO  application=marketops-server environment=local buildVersion=0.1.0-SNAPSHOT correlationId=a0ffd563-4235-43b4-91a9-fea3cc99e737 c.m.m.a.i.a.JdbcMetadataAuditStore - Metadata change recorded event="metadata_change_recorded" sourceDomain="operationsworkflow" entityType="recommendation" entityId="b84ee450-529d-4e0f-8888-ff492ff40f0d" action="STATUS_CHANGE" actorId="e408f9e6-3d0e-4369-8628-96b64d2d6338" correlationId="a0ffd563-4235-43b4-91a9-fea3cc99e737"
[WebServer] 2026-09-06T17:35:46.407Z INFO  application=marketops-server environment=local buildVersion=0.1.0-SNAPSHOT correlationId=a0ffd563-4235-43b4-91a9-fea3cc99e737 c.m.m.a.i.a.JdbcMetadataAuditStore - Metadata change recorded event="metadata_change_recorded" sourceDomain="operationsworkflow" entityType="recommendation" entityId="b84ee450-529d-4e0f-8888-ff492ff40f0d" action="COMMAND_TRANSITION" actorId="e408f9e6-3d0e-4369-8628-96b64d2d6338" correlationId="a0ffd563-4235-43b4-91a9-fea3cc99e737"
[WebServer] 2026-09-06T17:35:46.409Z INFO  application=marketops-server environment=local buildVersion=0.1.0-SNAPSHOT correlationId=a0ffd563-4235-43b4-91a9-fea3cc99e737 c.m.m.s.i.c.CorrelationIdFilter - Request completed event="request_completed" correlationId="a0ffd563-4235-43b4-91a9-fea3cc99e737" status="200"
[WebServer] 2026-09-06T17:35:46.491Z INFO  application=marketops-server environment=local buildVersion=0.1.0-SNAPSHOT correlationId=fc88f476-26b3-46fd-8c42-422da6bf29d6 c.m.m.s.i.c.CorrelationIdFilter - Request completed event="request_completed" correlationId="fc88f476-26b3-46fd-8c42-422da6bf29d6" status="200"
[WebServer] 2026-09-06T17:35:46.514Z INFO  application=marketops-server environment=local buildVersion=0.1.0-SNAPSHOT correlationId=204d6c2f-c313-4ddc-8d7a-d082324eb7c8 c.m.m.s.i.c.CorrelationIdFilter - Request completed event="request_completed" correlationId="204d6c2f-c313-4ddc-8d7a-d082324eb7c8" status="200"
[WebServer] 2026-09-06T17:35:46.526Z INFO  application=marketops-server environment=local buildVersion=0.1.0-SNAPSHOT correlationId=48922189-6791-4095-94d3-ce9de5be0d81 c.m.m.a.i.a.JdbcMetadataAuditStore - Metadata change recorded event="metadata_change_recorded" sourceDomain="advertisingefficiency" entityType="advertising_command" entityId="9568df0d-9950-4e10-9c04-d8163456ad0d" action="READ" actorId="e408f9e6-3d0e-4369-8628-96b64d2d6338" correlationId="48922189-6791-4095-94d3-ce9de5be0d81"
[WebServer] 2026-09-06T17:35:46.551Z INFO  application=marketops-server environment=local buildVersion=0.1.0-SNAPSHOT correlationId=48922189-6791-4095-94d3-ce9de5be0d81 c.m.m.s.i.c.CorrelationIdFilter - Request completed event="request_completed" correlationId="48922189-6791-4095-94d3-ce9de5be0d81" status="200"
[WebServer] 2026-09-06T17:35:46.582Z INFO  application=marketops-server environment=local buildVersion=0.1.0-SNAPSHOT correlationId=e58183ef-6e5a-4014-a01b-d070bbaac770 c.m.m.s.i.c.CorrelationIdFilter - Request completed event="request_completed" correlationId="e58183ef-6e5a-4014-a01b-d070bbaac770" status="200"
[WebServer] 2026-09-06T17:35:46.583Z INFO  application=marketops-server environment=local buildVersion=0.1.0-SNAPSHOT correlationId=d05941bf-9d18-44d1-9328-c68e8513fd3e c.m.m.a.i.a.JdbcMetadataAuditStore - Metadata change recorded event="metadata_change_recorded" sourceDomain="advertisingefficiency" entityType="advertising_outcome" entityId="9568df0d-9950-4e10-9c04-d8163456ad0d" action="READ" actorId="e408f9e6-3d0e-4369-8628-96b64d2d6338" correlationId="d05941bf-9d18-44d1-9328-c68e8513fd3e"
[WebServer] 2026-09-06T17:35:46.586Z INFO  application=marketops-server environment=local buildVersion=0.1.0-SNAPSHOT correlationId=d05941bf-9d18-44d1-9328-c68e8513fd3e c.m.m.s.i.c.CorrelationIdFilter - Request completed event="request_completed" correlationId="d05941bf-9d18-44d1-9328-c68e8513fd3e" status="200"
  ✓   1 tests/advertising-browser/governed-advertising.spec.ts:121:1 › real Maker, Ops Lead and Owner decisions preserve minimum disclosure and exact versions (10.1s)
[WebServer] 2026-09-06T17:35:47.126Z DEBUG application=marketops-server environment=local buildVersion=0.1.0-SNAPSHOT correlationId=835709c2-fe1f-47b4-9b67-c8ab0e89500d c.m.m.s.i.c.CorrelationIdFilter - Inbound correlation identifier replaced event="correlation_identifier_replaced" correlationId="835709c2-fe1f-47b4-9b67-c8ab0e89500d" rejectionCategory="MISSING"
[WebServer] 2026-09-06T17:35:47.131Z INFO  application=marketops-server environment=local buildVersion=0.1.0-SNAPSHOT correlationId=835709c2-fe1f-47b4-9b67-c8ab0e89500d c.m.m.s.i.c.CorrelationIdFilter - Request completed event="request_completed" correlationId="835709c2-fe1f-47b4-9b67-c8ab0e89500d" status="401"
[WebServer] 2026-09-06T17:35:47.134Z DEBUG application=marketops-server environment=local buildVersion=0.1.0-SNAPSHOT correlationId=2f4e490e-e2f5-431e-accf-019f71821528 c.m.m.s.i.c.CorrelationIdFilter - Inbound correlation identifier replaced event="correlation_identifier_replaced" correlationId="2f4e490e-e2f5-431e-accf-019f71821528" rejectionCategory="MISSING"
[WebServer] 2026-09-06T17:35:47.136Z INFO  application=marketops-server environment=local buildVersion=0.1.0-SNAPSHOT correlationId=2f4e490e-e2f5-431e-accf-019f71821528 c.m.m.s.i.c.CorrelationIdFilter - Request completed event="request_completed" correlationId="2f4e490e-e2f5-431e-accf-019f71821528" status="401"
  ✓   2 tests/advertising-browser/governed-advertising.spec.ts:199:1 › real backend denies absent and forged credentials before advertising data is disclosed (16ms)
[WebServer] 2026-09-06T17:35:47.436Z INFO  application=marketops-server environment=local buildVersion=0.1.0-SNAPSHOT correlationId=93a6fcc0-32e8-496f-9228-21ac4428d751 c.m.m.s.i.e.ConsoleProblemAdvice - Console request refused event="console_request_refused" errorCode="RESOURCE_NOT_FOUND" correlationId="93a6fcc0-32e8-496f-9228-21ac4428d751"
[WebServer] 2026-09-06T17:35:47.437Z INFO  application=marketops-server environment=local buildVersion=0.1.0-SNAPSHOT correlationId=93a6fcc0-32e8-496f-9228-21ac4428d751 c.m.m.s.i.c.CorrelationIdFilter - Request completed event="request_completed" correlationId="93a6fcc0-32e8-496f-9228-21ac4428d751" status="404"
[WebServer] 2026-09-06T17:35:47.440Z INFO  application=marketops-server environment=local buildVersion=0.1.0-SNAPSHOT correlationId=4896bb6e-c23a-4981-ba29-abe595e930e4 c.m.m.a.i.a.JdbcMetadataAuditStore - Metadata change recorded event="metadata_change_recorded" sourceDomain="advertisingefficiency" entityType="advertising_exposure" entityId="c96d1519-4407-4d05-b5d1-fecda61bbbf5" action="READ" actorId="29a1866b-b12d-4de8-9b9e-eca9e6e2ef8b" correlationId="4896bb6e-c23a-4981-ba29-abe595e930e4"
[WebServer] 2026-09-06T17:35:47.441Z INFO  application=marketops-server environment=local buildVersion=0.1.0-SNAPSHOT correlationId=b166b8b2-b9fa-451d-923b-d2b87ef90073 c.m.m.s.i.c.CorrelationIdFilter - Request completed event="request_completed" correlationId="b166b8b2-b9fa-451d-923b-d2b87ef90073" status="200"
[WebServer] 2026-09-06T17:35:47.441Z INFO  application=marketops-server environment=local buildVersion=0.1.0-SNAPSHOT correlationId=c0f625fc-752c-447a-b531-93c78d1ce254 c.m.m.a.i.a.JdbcMetadataAuditStore - Metadata change recorded event="metadata_change_recorded" sourceDomain="advertisingefficiency" entityType="advertising_reservations" entityId="c96d1519-4407-4d05-b5d1-fecda61bbbf5" action="READ" actorId="29a1866b-b12d-4de8-9b9e-eca9e6e2ef8b" correlationId="c0f625fc-752c-447a-b531-93c78d1ce254"
[WebServer] 2026-09-06T17:35:47.442Z INFO  application=marketops-server environment=local buildVersion=0.1.0-SNAPSHOT correlationId=4896bb6e-c23a-4981-ba29-abe595e930e4 c.m.m.s.i.c.CorrelationIdFilter - Request completed event="request_completed" correlationId="4896bb6e-c23a-4981-ba29-abe595e930e4" status="200"
[WebServer] 2026-09-06T17:35:47.444Z INFO  application=marketops-server environment=local buildVersion=0.1.0-SNAPSHOT correlationId=c0f625fc-752c-447a-b531-93c78d1ce254 c.m.m.s.i.c.CorrelationIdFilter - Request completed event="request_completed" correlationId="c0f625fc-752c-447a-b531-93c78d1ce254" status="200"
[WebServer] 2026-09-06T17:35:47.444Z INFO  application=marketops-server environment=local buildVersion=0.1.0-SNAPSHOT correlationId=df3142ac-8372-4f0a-bf9b-4703b29601f3 c.m.m.s.i.e.ConsoleProblemAdvice - Console request refused event="console_request_refused" errorCode="RESOURCE_SCOPE_DENIED" correlationId="df3142ac-8372-4f0a-bf9b-4703b29601f3"
[WebServer] 2026-09-06T17:35:47.445Z INFO  application=marketops-server environment=local buildVersion=0.1.0-SNAPSHOT correlationId=df3142ac-8372-4f0a-bf9b-4703b29601f3 c.m.m.s.i.c.CorrelationIdFilter - Request completed event="request_completed" correlationId="df3142ac-8372-4f0a-bf9b-4703b29601f3" status="403"
[WebServer] 2026-09-06T17:35:47.448Z INFO  application=marketops-server environment=local buildVersion=0.1.0-SNAPSHOT correlationId=044859cc-c9e6-4958-b1d2-62d5460d60c7 c.m.m.a.i.a.JdbcMetadataAuditStore - Metadata change recorded event="metadata_change_recorded" sourceDomain="advertisingefficiency" entityType="advertising_containments" entityId="c96d1519-4407-4d05-b5d1-fecda61bbbf5" action="READ" actorId="29a1866b-b12d-4de8-9b9e-eca9e6e2ef8b" correlationId="044859cc-c9e6-4958-b1d2-62d5460d60c7"
[WebServer] 2026-09-06T17:35:47.454Z INFO  application=marketops-server environment=local buildVersion=0.1.0-SNAPSHOT correlationId=f61c2f21-2f58-493c-9d43-ff1e056b9167 c.m.m.a.i.a.JdbcMetadataAuditStore - Metadata change recorded event="metadata_change_recorded" sourceDomain="availabilityrisk" entityType="availability_queue" entityId="c96d1519-4407-4d05-b5d1-fecda61bbbf5" action="READ" actorId="29a1866b-b12d-4de8-9b9e-eca9e6e2ef8b" correlationId="f61c2f21-2f58-493c-9d43-ff1e056b9167"
[WebServer] 2026-09-06T17:35:47.455Z INFO  application=marketops-server environment=local buildVersion=0.1.0-SNAPSHOT correlationId=f61c2f21-2f58-493c-9d43-ff1e056b9167 c.m.m.s.i.c.CorrelationIdFilter - Request completed event="request_completed" correlationId="f61c2f21-2f58-493c-9d43-ff1e056b9167" status="200"
[WebServer] 2026-09-06T17:35:47.456Z INFO  application=marketops-server environment=local buildVersion=0.1.0-SNAPSHOT correlationId=044859cc-c9e6-4958-b1d2-62d5460d60c7 c.m.m.s.i.c.CorrelationIdFilter - Request completed event="request_completed" correlationId="044859cc-c9e6-4958-b1d2-62d5460d60c7" status="200"
[WebServer] 2026-09-06T17:35:47.458Z INFO  application=marketops-server environment=local buildVersion=0.1.0-SNAPSHOT correlationId=6a7f9def-ef0f-47f7-bd79-eb0b3244e906 c.m.m.s.i.e.ConsoleProblemAdvice - Console request refused event="console_request_refused" errorCode="RESOURCE_SCOPE_DENIED" correlationId="6a7f9def-ef0f-47f7-bd79-eb0b3244e906"
[WebServer] 2026-09-06T17:35:47.459Z INFO  application=marketops-server environment=local buildVersion=0.1.0-SNAPSHOT correlationId=6a7f9def-ef0f-47f7-bd79-eb0b3244e906 c.m.m.s.i.c.CorrelationIdFilter - Request completed event="request_completed" correlationId="6a7f9def-ef0f-47f7-bd79-eb0b3244e906" status="403"
[WebServer] 2026-09-06T17:35:47.466Z INFO  application=marketops-server environment=local buildVersion=0.1.0-SNAPSHOT correlationId=6bb75894-e7c0-4249-97ad-149036e94bb2 c.m.m.a.i.a.JdbcMetadataAuditStore - Metadata change recorded event="metadata_change_recorded" sourceDomain="advertisingefficiency" entityType="advertising_queue" entityId="c96d1519-4407-4d05-b5d1-fecda61bbbf5" action="READ" actorId="29a1866b-b12d-4de8-9b9e-eca9e6e2ef8b" correlationId="6bb75894-e7c0-4249-97ad-149036e94bb2"
[WebServer] 2026-09-06T17:35:47.480Z INFO  application=marketops-server environment=local buildVersion=0.1.0-SNAPSHOT correlationId=f67dd7d6-c722-4000-b2ae-3da046c5b3e4 c.m.m.a.i.a.JdbcMetadataAuditStore - Metadata change recorded event="metadata_change_recorded" sourceDomain="advertisingefficiency" entityType="advertising_orchestration" entityId="c96d1519-4407-4d05-b5d1-fecda61bbbf5" action="READ" actorId="29a1866b-b12d-4de8-9b9e-eca9e6e2ef8b" correlationId="f67dd7d6-c722-4000-b2ae-3da046c5b3e4"
[WebServer] 2026-09-06T17:35:47.483Z INFO  application=marketops-server environment=local buildVersion=0.1.0-SNAPSHOT correlationId=f67dd7d6-c722-4000-b2ae-3da046c5b3e4 c.m.m.s.i.c.CorrelationIdFilter - Request completed event="request_completed" correlationId="f67dd7d6-c722-4000-b2ae-3da046c5b3e4" status="200"
[WebServer] 2026-09-06T17:35:47.505Z INFO  application=marketops-server environment=local buildVersion=0.1.0-SNAPSHOT correlationId=6bb75894-e7c0-4249-97ad-149036e94bb2 c.m.m.s.i.c.CorrelationIdFilter - Request completed event="request_completed" correlationId="6bb75894-e7c0-4249-97ad-149036e94bb2" status="200"
[WebServer] 2026-09-06T17:35:47.519Z INFO  application=marketops-server environment=local buildVersion=0.1.0-SNAPSHOT correlationId=417f2e1b-41ad-4f5a-a8a5-e1bf71bddd0f c.m.m.s.i.c.CorrelationIdFilter - Request completed event="request_completed" correlationId="417f2e1b-41ad-4f5a-a8a5-e1bf71bddd0f" status="200"
[WebServer] 2026-09-06T17:35:47.627Z INFO  application=marketops-server environment=local buildVersion=0.1.0-SNAPSHOT correlationId=ad5e8400-bc5a-4933-823c-b944dc2ca3c4 c.m.m.a.i.a.JdbcMetadataAuditStore - Metadata change recorded event="metadata_change_recorded" sourceDomain="advertisingefficiency" entityType="advertising_case" entityId="6327ce4a-1d64-4c7b-a3c8-8eef7c47678b" action="READ" actorId="29a1866b-b12d-4de8-9b9e-eca9e6e2ef8b" correlationId="ad5e8400-bc5a-4933-823c-b944dc2ca3c4"
[WebServer] 2026-09-06T17:35:47.658Z INFO  application=marketops-server environment=local buildVersion=0.1.0-SNAPSHOT correlationId=ad5e8400-bc5a-4933-823c-b944dc2ca3c4 c.m.m.s.i.c.CorrelationIdFilter - Request completed event="request_completed" correlationId="ad5e8400-bc5a-4933-823c-b944dc2ca3c4" status="200"
[WebServer] 2026-09-06T17:35:47.681Z INFO  application=marketops-server environment=local buildVersion=0.1.0-SNAPSHOT correlationId=dab7ec32-3d57-4bd4-90d9-84b2c08baeee c.m.m.a.i.a.JdbcMetadataAuditStore - Metadata change recorded event="metadata_change_recorded" sourceDomain="advertisingefficiency" entityType="advertising_manual_packet" entityId="fe487802-c5d5-4b0a-b524-a1483a40b6fa" action="READ" actorId="29a1866b-b12d-4de8-9b9e-eca9e6e2ef8b" correlationId="dab7ec32-3d57-4bd4-90d9-84b2c08baeee"
[WebServer] 2026-09-06T17:35:47.682Z INFO  application=marketops-server environment=local buildVersion=0.1.0-SNAPSHOT correlationId=dab7ec32-3d57-4bd4-90d9-84b2c08baeee c.m.m.s.i.c.CorrelationIdFilter - Request completed event="request_completed" correlationId="dab7ec32-3d57-4bd4-90d9-84b2c08baeee" status="200"
[WebServer] 2026-09-06T17:35:47.710Z INFO  application=marketops-server environment=local buildVersion=0.1.0-SNAPSHOT correlationId=d2921305-0a56-40dd-92a7-b4df19d1a092 c.m.m.s.i.c.CorrelationIdFilter - Request completed event="request_completed" correlationId="d2921305-0a56-40dd-92a7-b4df19d1a092" status="200"
[WebServer] 2026-09-06T17:35:47.726Z INFO  application=marketops-server environment=local buildVersion=0.1.0-SNAPSHOT correlationId=588b1669-c390-43c1-b8b3-a9b7b7c34e77 c.m.m.s.i.c.CorrelationIdFilter - Request completed event="request_completed" correlationId="588b1669-c390-43c1-b8b3-a9b7b7c34e77" status="200"
[WebServer] 2026-09-06T17:35:47.743Z INFO  application=marketops-server environment=local buildVersion=0.1.0-SNAPSHOT correlationId=e909d50a-c973-4097-a817-88712039d3b5 c.m.m.s.i.c.CorrelationIdFilter - Request completed event="request_completed" correlationId="e909d50a-c973-4097-a817-88712039d3b5" status="200"
[WebServer] 2026-09-06T17:35:48.150Z INFO  application=marketops-server environment=local buildVersion=0.1.0-SNAPSHOT correlationId=fc03b38d-e30c-4a56-b501-4be4705777f7 c.m.m.s.i.c.CorrelationIdFilter - Request completed event="request_completed" correlationId="fc03b38d-e30c-4a56-b501-4be4705777f7" status="200"
[WebServer] 2026-09-06T17:35:48.171Z INFO  application=marketops-server environment=local buildVersion=0.1.0-SNAPSHOT correlationId=ab7f21af-8584-4eb9-8fd7-dfad7d7e5197 c.m.m.a.i.a.JdbcMetadataAuditStore - Metadata change recorded event="metadata_change_recorded" sourceDomain="advertisingefficiency" entityType="advertising_manual_packet" entityId="fe487802-c5d5-4b0a-b524-a1483a40b6fa" action="READ" actorId="29a1866b-b12d-4de8-9b9e-eca9e6e2ef8b" correlationId="ab7f21af-8584-4eb9-8fd7-dfad7d7e5197"
[WebServer] 2026-09-06T17:35:48.207Z INFO  application=marketops-server environment=local buildVersion=0.1.0-SNAPSHOT correlationId=ab7f21af-8584-4eb9-8fd7-dfad7d7e5197 c.m.m.s.i.c.CorrelationIdFilter - Request completed event="request_completed" correlationId="ab7f21af-8584-4eb9-8fd7-dfad7d7e5197" status="200"
[WebServer] 2026-09-06T17:35:48.620Z INFO  application=marketops-server environment=local buildVersion=0.1.0-SNAPSHOT correlationId=cb09b02f-03ee-47d0-b2a6-3f8e83465fac c.m.m.s.i.c.CorrelationIdFilter - Request completed event="request_completed" correlationId="cb09b02f-03ee-47d0-b2a6-3f8e83465fac" status="200"
[WebServer] 2026-09-06T17:35:48.624Z INFO  application=marketops-server environment=local buildVersion=0.1.0-SNAPSHOT correlationId=dc2846e2-d051-4835-92f2-466bedbc47c6 c.m.m.a.i.a.JdbcMetadataAuditStore - Metadata change recorded event="metadata_change_recorded" sourceDomain="advertisingefficiency" entityType="advertising_reservations" entityId="c96d1519-4407-4d05-b5d1-fecda61bbbf5" action="READ" actorId="2240b9f4-6f15-4a69-b300-dae3221dbd3f" correlationId="dc2846e2-d051-4835-92f2-466bedbc47c6"
[WebServer] 2026-09-06T17:35:48.626Z INFO  application=marketops-server environment=local buildVersion=0.1.0-SNAPSHOT correlationId=dc2846e2-d051-4835-92f2-466bedbc47c6 c.m.m.s.i.c.CorrelationIdFilter - Request completed event="request_completed" correlationId="dc2846e2-d051-4835-92f2-466bedbc47c6" status="200"
[WebServer] 2026-09-06T17:35:48.627Z INFO  application=marketops-server environment=local buildVersion=0.1.0-SNAPSHOT correlationId=b2e113b4-50da-4184-9bde-a9a84b989a29 c.m.m.s.i.e.ConsoleProblemAdvice - Console request refused event="console_request_refused" errorCode="RESOURCE_SCOPE_DENIED" correlationId="b2e113b4-50da-4184-9bde-a9a84b989a29"
[WebServer] 2026-09-06T17:35:48.628Z INFO  application=marketops-server environment=local buildVersion=0.1.0-SNAPSHOT correlationId=b2e113b4-50da-4184-9bde-a9a84b989a29 c.m.m.s.i.c.CorrelationIdFilter - Request completed event="request_completed" correlationId="b2e113b4-50da-4184-9bde-a9a84b989a29" status="403"
[WebServer] 2026-09-06T17:35:48.630Z INFO  application=marketops-server environment=local buildVersion=0.1.0-SNAPSHOT correlationId=c0ae5342-884c-40d3-aabe-42a128547b76 c.m.m.s.i.e.ConsoleProblemAdvice - Console request refused event="console_request_refused" errorCode="RESOURCE_NOT_FOUND" correlationId="c0ae5342-884c-40d3-aabe-42a128547b76"
[WebServer] 2026-09-06T17:35:48.631Z INFO  application=marketops-server environment=local buildVersion=0.1.0-SNAPSHOT correlationId=c0ae5342-884c-40d3-aabe-42a128547b76 c.m.m.s.i.c.CorrelationIdFilter - Request completed event="request_completed" correlationId="c0ae5342-884c-40d3-aabe-42a128547b76" status="404"
[WebServer] 2026-09-06T17:35:48.633Z INFO  application=marketops-server environment=local buildVersion=0.1.0-SNAPSHOT correlationId=cbc40b2d-47f6-4ffd-924b-cf78bfe1afe0 c.m.m.a.i.a.JdbcMetadataAuditStore - Metadata change recorded event="metadata_change_recorded" sourceDomain="advertisingefficiency" entityType="advertising_containments" entityId="c96d1519-4407-4d05-b5d1-fecda61bbbf5" action="READ" actorId="2240b9f4-6f15-4a69-b300-dae3221dbd3f" correlationId="cbc40b2d-47f6-4ffd-924b-cf78bfe1afe0"
[WebServer] 2026-09-06T17:35:48.638Z INFO  application=marketops-server environment=local buildVersion=0.1.0-SNAPSHOT correlationId=8694b471-1a8e-4973-8c0e-bb0727fda83c c.m.m.a.i.a.JdbcMetadataAuditStore - Metadata change recorded event="metadata_change_recorded" sourceDomain="availabilityrisk" entityType="availability_queue" entityId="c96d1519-4407-4d05-b5d1-fecda61bbbf5" action="READ" actorId="2240b9f4-6f15-4a69-b300-dae3221dbd3f" correlationId="8694b471-1a8e-4973-8c0e-bb0727fda83c"
[WebServer] 2026-09-06T17:35:48.639Z INFO  application=marketops-server environment=local buildVersion=0.1.0-SNAPSHOT correlationId=8694b471-1a8e-4973-8c0e-bb0727fda83c c.m.m.s.i.c.CorrelationIdFilter - Request completed event="request_completed" correlationId="8694b471-1a8e-4973-8c0e-bb0727fda83c" status="200"
[WebServer] 2026-09-06T17:35:48.643Z INFO  application=marketops-server environment=local buildVersion=0.1.0-SNAPSHOT correlationId=cbc40b2d-47f6-4ffd-924b-cf78bfe1afe0 c.m.m.s.i.c.CorrelationIdFilter - Request completed event="request_completed" correlationId="cbc40b2d-47f6-4ffd-924b-cf78bfe1afe0" status="200"
[WebServer] 2026-09-06T17:35:48.643Z INFO  application=marketops-server environment=local buildVersion=0.1.0-SNAPSHOT correlationId=3fad439b-27b2-4bbd-a5f1-60b042b15fd1 c.m.m.a.i.a.JdbcMetadataAuditStore - Metadata change recorded event="metadata_change_recorded" sourceDomain="advertisingefficiency" entityType="advertising_exposure" entityId="c96d1519-4407-4d05-b5d1-fecda61bbbf5" action="READ" actorId="2240b9f4-6f15-4a69-b300-dae3221dbd3f" correlationId="3fad439b-27b2-4bbd-a5f1-60b042b15fd1"
[WebServer] 2026-09-06T17:35:48.647Z INFO  application=marketops-server environment=local buildVersion=0.1.0-SNAPSHOT correlationId=3fad439b-27b2-4bbd-a5f1-60b042b15fd1 c.m.m.s.i.c.CorrelationIdFilter - Request completed event="request_completed" correlationId="3fad439b-27b2-4bbd-a5f1-60b042b15fd1" status="200"
[WebServer] 2026-09-06T17:35:48.647Z INFO  application=marketops-server environment=local buildVersion=0.1.0-SNAPSHOT correlationId=296c8703-4bbd-4a49-9e3b-efd5e04c4536 c.m.m.s.i.e.ConsoleProblemAdvice - Console request refused event="console_request_refused" errorCode="RESOURCE_SCOPE_DENIED" correlationId="296c8703-4bbd-4a49-9e3b-efd5e04c4536"
[WebServer] 2026-09-06T17:35:48.652Z INFO  application=marketops-server environment=local buildVersion=0.1.0-SNAPSHOT correlationId=296c8703-4bbd-4a49-9e3b-efd5e04c4536 c.m.m.s.i.c.CorrelationIdFilter - Request completed event="request_completed" correlationId="296c8703-4bbd-4a49-9e3b-efd5e04c4536" status="403"
[WebServer] 2026-09-06T17:35:48.660Z INFO  application=marketops-server environment=local buildVersion=0.1.0-SNAPSHOT correlationId=bb76547b-fb55-4ca8-9215-2a485cf4a0a7 c.m.m.a.i.a.JdbcMetadataAuditStore - Metadata change recorded event="metadata_change_recorded" sourceDomain="advertisingefficiency" entityType="advertising_queue" entityId="c96d1519-4407-4d05-b5d1-fecda61bbbf5" action="READ" actorId="2240b9f4-6f15-4a69-b300-dae3221dbd3f" correlationId="bb76547b-fb55-4ca8-9215-2a485cf4a0a7"
[WebServer] 2026-09-06T17:35:48.668Z INFO  application=marketops-server environment=local buildVersion=0.1.0-SNAPSHOT correlationId=38bbc602-4a42-4bb5-80e3-23c4cc73e943 c.m.m.a.i.a.JdbcMetadataAuditStore - Metadata change recorded event="metadata_change_recorded" sourceDomain="advertisingefficiency" entityType="advertising_orchestration" entityId="c96d1519-4407-4d05-b5d1-fecda61bbbf5" action="READ" actorId="2240b9f4-6f15-4a69-b300-dae3221dbd3f" correlationId="38bbc602-4a42-4bb5-80e3-23c4cc73e943"
[WebServer] 2026-09-06T17:35:48.670Z INFO  application=marketops-server environment=local buildVersion=0.1.0-SNAPSHOT correlationId=38bbc602-4a42-4bb5-80e3-23c4cc73e943 c.m.m.s.i.c.CorrelationIdFilter - Request completed event="request_completed" correlationId="38bbc602-4a42-4bb5-80e3-23c4cc73e943" status="200"
[WebServer] 2026-09-06T17:35:48.680Z INFO  application=marketops-server environment=local buildVersion=0.1.0-SNAPSHOT correlationId=bb76547b-fb55-4ca8-9215-2a485cf4a0a7 c.m.m.s.i.c.CorrelationIdFilter - Request completed event="request_completed" correlationId="bb76547b-fb55-4ca8-9215-2a485cf4a0a7" status="200"
[WebServer] 2026-09-06T17:35:48.692Z INFO  application=marketops-server environment=local buildVersion=0.1.0-SNAPSHOT correlationId=26763132-41e0-4a06-aa91-f959f2c7a306 c.m.m.s.i.c.CorrelationIdFilter - Request completed event="request_completed" correlationId="26763132-41e0-4a06-aa91-f959f2c7a306" status="200"
[WebServer] 2026-09-06T17:35:48.803Z INFO  application=marketops-server environment=local buildVersion=0.1.0-SNAPSHOT correlationId=42ff3f9d-4dd0-4339-a830-0a9d9fe4589f c.m.m.a.i.a.JdbcMetadataAuditStore - Metadata change recorded event="metadata_change_recorded" sourceDomain="advertisingefficiency" entityType="advertising_case" entityId="6327ce4a-1d64-4c7b-a3c8-8eef7c47678b" action="READ" actorId="2240b9f4-6f15-4a69-b300-dae3221dbd3f" correlationId="42ff3f9d-4dd0-4339-a830-0a9d9fe4589f"
[WebServer] 2026-09-06T17:35:48.821Z INFO  application=marketops-server environment=local buildVersion=0.1.0-SNAPSHOT correlationId=42ff3f9d-4dd0-4339-a830-0a9d9fe4589f c.m.m.s.i.c.CorrelationIdFilter - Request completed event="request_completed" correlationId="42ff3f9d-4dd0-4339-a830-0a9d9fe4589f" status="200"
[WebServer] 2026-09-06T17:35:48.845Z INFO  application=marketops-server environment=local buildVersion=0.1.0-SNAPSHOT correlationId=5d95f729-ed1e-4e06-9029-55c6c09af9f3 c.m.m.a.i.a.JdbcMetadataAuditStore - Metadata change recorded event="metadata_change_recorded" sourceDomain="advertisingefficiency" entityType="advertising_manual_packet" entityId="fe487802-c5d5-4b0a-b524-a1483a40b6fa" action="READ" actorId="2240b9f4-6f15-4a69-b300-dae3221dbd3f" correlationId="5d95f729-ed1e-4e06-9029-55c6c09af9f3"
[WebServer] 2026-09-06T17:35:48.887Z INFO  application=marketops-server environment=local buildVersion=0.1.0-SNAPSHOT correlationId=e7ea1a31-2cec-4c7a-9b58-aaa25d62b42f c.m.m.s.i.c.CorrelationIdFilter - Request completed event="request_completed" correlationId="e7ea1a31-2cec-4c7a-9b58-aaa25d62b42f" status="200"
[WebServer] 2026-09-06T17:35:48.895Z INFO  application=marketops-server environment=local buildVersion=0.1.0-SNAPSHOT correlationId=5d95f729-ed1e-4e06-9029-55c6c09af9f3 c.m.m.s.i.c.CorrelationIdFilter - Request completed event="request_completed" correlationId="5d95f729-ed1e-4e06-9029-55c6c09af9f3" status="200"
[WebServer] 2026-09-06T17:35:48.910Z INFO  application=marketops-server environment=local buildVersion=0.1.0-SNAPSHOT correlationId=24d4f0b0-48eb-42ec-9cca-0eaa00b4a9e0 c.m.m.s.i.c.CorrelationIdFilter - Request completed event="request_completed" correlationId="24d4f0b0-48eb-42ec-9cca-0eaa00b4a9e0" status="200"
[WebServer] 2026-09-06T17:35:48.926Z INFO  application=marketops-server environment=local buildVersion=0.1.0-SNAPSHOT correlationId=b7e4ac54-ec06-4a40-acfc-45084d1a85de c.m.m.s.i.c.CorrelationIdFilter - Request completed event="request_completed" correlationId="b7e4ac54-ec06-4a40-acfc-45084d1a85de" status="200"
[WebServer] 2026-09-06T17:35:49.169Z INFO  application=marketops-server environment=local buildVersion=0.1.0-SNAPSHOT correlationId=6e805bfe-6db6-45da-b313-755523af2003 c.m.m.s.i.c.CorrelationIdFilter - Request completed event="request_completed" correlationId="6e805bfe-6db6-45da-b313-755523af2003" status="200"
[WebServer] 2026-09-06T17:35:49.188Z INFO  application=marketops-server environment=local buildVersion=0.1.0-SNAPSHOT correlationId=cb8365f6-493b-4a0a-bc82-bb1156298bbe c.m.m.a.i.a.JdbcMetadataAuditStore - Metadata change recorded event="metadata_change_recorded" sourceDomain="advertisingefficiency" entityType="advertising_manual_packet" entityId="fe487802-c5d5-4b0a-b524-a1483a40b6fa" action="READ" actorId="2240b9f4-6f15-4a69-b300-dae3221dbd3f" correlationId="cb8365f6-493b-4a0a-bc82-bb1156298bbe"
[WebServer] 2026-09-06T17:35:49.244Z INFO  application=marketops-server environment=local buildVersion=0.1.0-SNAPSHOT correlationId=cb8365f6-493b-4a0a-bc82-bb1156298bbe c.m.m.s.i.c.CorrelationIdFilter - Request completed event="request_completed" correlationId="cb8365f6-493b-4a0a-bc82-bb1156298bbe" status="200"
[WebServer] 2026-09-06T17:35:49.688Z INFO  application=marketops-server environment=local buildVersion=0.1.0-SNAPSHOT correlationId=2df4ab2e-85cf-4657-8ffa-623195ecd2cd c.m.m.s.i.c.CorrelationIdFilter - Request completed event="request_completed" correlationId="2df4ab2e-85cf-4657-8ffa-623195ecd2cd" status="200"
[WebServer] 2026-09-06T17:35:49.695Z INFO  application=marketops-server environment=local buildVersion=0.1.0-SNAPSHOT correlationId=4f2e2291-329f-4dbb-b453-1197a7ce2067 c.m.m.s.i.e.ConsoleProblemAdvice - Console request refused event="console_request_refused" errorCode="RESOURCE_NOT_FOUND" correlationId="4f2e2291-329f-4dbb-b453-1197a7ce2067"
[WebServer] 2026-09-06T17:35:49.696Z INFO  application=marketops-server environment=local buildVersion=0.1.0-SNAPSHOT correlationId=4f2e2291-329f-4dbb-b453-1197a7ce2067 c.m.m.s.i.c.CorrelationIdFilter - Request completed event="request_completed" correlationId="4f2e2291-329f-4dbb-b453-1197a7ce2067" status="404"
[WebServer] 2026-09-06T17:35:49.698Z INFO  application=marketops-server environment=local buildVersion=0.1.0-SNAPSHOT correlationId=93daa93b-7371-45a6-bea9-6a49c79adc74 c.m.m.s.i.e.ConsoleProblemAdvice - Console request refused event="console_request_refused" errorCode="RESOURCE_SCOPE_DENIED" correlationId="93daa93b-7371-45a6-bea9-6a49c79adc74"
[WebServer] 2026-09-06T17:35:49.699Z INFO  application=marketops-server environment=local buildVersion=0.1.0-SNAPSHOT correlationId=93daa93b-7371-45a6-bea9-6a49c79adc74 c.m.m.s.i.c.CorrelationIdFilter - Request completed event="request_completed" correlationId="93daa93b-7371-45a6-bea9-6a49c79adc74" status="403"
[WebServer] 2026-09-06T17:35:49.714Z INFO  application=marketops-server environment=local buildVersion=0.1.0-SNAPSHOT correlationId=092b5014-b2b0-4ea2-9694-8781d4ed3632 c.m.m.a.i.a.JdbcMetadataAuditStore - Metadata change recorded event="metadata_change_recorded" sourceDomain="advertisingefficiency" entityType="advertising_reservations" entityId="c96d1519-4407-4d05-b5d1-fecda61bbbf5" action="READ" actorId="5b3dc8f9-3387-46a8-ac0d-a6189f3356de" correlationId="092b5014-b2b0-4ea2-9694-8781d4ed3632"
[WebServer] 2026-09-06T17:35:49.722Z INFO  application=marketops-server environment=local buildVersion=0.1.0-SNAPSHOT correlationId=092b5014-b2b0-4ea2-9694-8781d4ed3632 c.m.m.s.i.c.CorrelationIdFilter - Request completed event="request_completed" correlationId="092b5014-b2b0-4ea2-9694-8781d4ed3632" status="200"
[WebServer] 2026-09-06T17:35:49.724Z INFO  application=marketops-server environment=local buildVersion=0.1.0-SNAPSHOT correlationId=5a303cd4-bdf0-4015-a427-23cfce32cc66 c.m.m.a.i.a.JdbcMetadataAuditStore - Metadata change recorded event="metadata_change_recorded" sourceDomain="advertisingefficiency" entityType="advertising_containments" entityId="c96d1519-4407-4d05-b5d1-fecda61bbbf5" action="READ" actorId="5b3dc8f9-3387-46a8-ac0d-a6189f3356de" correlationId="5a303cd4-bdf0-4015-a427-23cfce32cc66"
[WebServer] 2026-09-06T17:35:49.735Z INFO  application=marketops-server environment=local buildVersion=0.1.0-SNAPSHOT correlationId=780e253a-dc05-416a-b2cd-2c56ed0159c5 c.m.m.a.i.a.JdbcMetadataAuditStore - Metadata change recorded event="metadata_change_recorded" sourceDomain="availabilityrisk" entityType="availability_queue" entityId="c96d1519-4407-4d05-b5d1-fecda61bbbf5" action="READ" actorId="5b3dc8f9-3387-46a8-ac0d-a6189f3356de" correlationId="780e253a-dc05-416a-b2cd-2c56ed0159c5"
[WebServer] 2026-09-06T17:35:49.740Z INFO  application=marketops-server environment=local buildVersion=0.1.0-SNAPSHOT correlationId=780e253a-dc05-416a-b2cd-2c56ed0159c5 c.m.m.s.i.c.CorrelationIdFilter - Request completed event="request_completed" correlationId="780e253a-dc05-416a-b2cd-2c56ed0159c5" status="200"
[WebServer] 2026-09-06T17:35:49.754Z INFO  application=marketops-server environment=local buildVersion=0.1.0-SNAPSHOT correlationId=5a303cd4-bdf0-4015-a427-23cfce32cc66 c.m.m.s.i.c.CorrelationIdFilter - Request completed event="request_completed" correlationId="5a303cd4-bdf0-4015-a427-23cfce32cc66" status="200"
[WebServer] 2026-09-06T17:35:49.755Z INFO  application=marketops-server environment=local buildVersion=0.1.0-SNAPSHOT correlationId=bca443ac-a8df-4cd8-b4d0-ff8f672edf1f c.m.m.s.i.e.ConsoleProblemAdvice - Console request refused event="console_request_refused" errorCode="RESOURCE_SCOPE_DENIED" correlationId="bca443ac-a8df-4cd8-b4d0-ff8f672edf1f"
[WebServer] 2026-09-06T17:35:49.756Z INFO  application=marketops-server environment=local buildVersion=0.1.0-SNAPSHOT correlationId=bca443ac-a8df-4cd8-b4d0-ff8f672edf1f c.m.m.s.i.c.CorrelationIdFilter - Request completed event="request_completed" correlationId="bca443ac-a8df-4cd8-b4d0-ff8f672edf1f" status="403"
[WebServer] 2026-09-06T17:35:49.772Z INFO  application=marketops-server environment=local buildVersion=0.1.0-SNAPSHOT correlationId=3d400e3a-d52f-4ca3-bc83-6053b01eb5b9 c.m.m.a.i.a.JdbcMetadataAuditStore - Metadata change recorded event="metadata_change_recorded" sourceDomain="advertisingefficiency" entityType="advertising_queue" entityId="c96d1519-4407-4d05-b5d1-fecda61bbbf5" action="READ" actorId="5b3dc8f9-3387-46a8-ac0d-a6189f3356de" correlationId="3d400e3a-d52f-4ca3-bc83-6053b01eb5b9"
[WebServer] 2026-09-06T17:35:49.774Z INFO  application=marketops-server environment=local buildVersion=0.1.0-SNAPSHOT correlationId=c333e419-4b81-4431-9de7-bb234aaf4f2b c.m.m.a.i.a.JdbcMetadataAuditStore - Metadata change recorded event="metadata_change_recorded" sourceDomain="advertisingefficiency" entityType="advertising_exposure" entityId="c96d1519-4407-4d05-b5d1-fecda61bbbf5" action="READ" actorId="5b3dc8f9-3387-46a8-ac0d-a6189f3356de" correlationId="c333e419-4b81-4431-9de7-bb234aaf4f2b"
[WebServer] 2026-09-06T17:35:49.782Z INFO  application=marketops-server environment=local buildVersion=0.1.0-SNAPSHOT correlationId=c333e419-4b81-4431-9de7-bb234aaf4f2b c.m.m.s.i.c.CorrelationIdFilter - Request completed event="request_completed" correlationId="c333e419-4b81-4431-9de7-bb234aaf4f2b" status="200"
[WebServer] 2026-09-06T17:35:49.822Z INFO  application=marketops-server environment=local buildVersion=0.1.0-SNAPSHOT correlationId=b146ea50-f782-47b6-af44-59d193c98802 c.m.m.a.i.a.JdbcMetadataAuditStore - Metadata change recorded event="metadata_change_recorded" sourceDomain="advertisingefficiency" entityType="advertising_orchestration" entityId="c96d1519-4407-4d05-b5d1-fecda61bbbf5" action="READ" actorId="5b3dc8f9-3387-46a8-ac0d-a6189f3356de" correlationId="b146ea50-f782-47b6-af44-59d193c98802"
[WebServer] 2026-09-06T17:35:49.827Z INFO  application=marketops-server environment=local buildVersion=0.1.0-SNAPSHOT correlationId=3d400e3a-d52f-4ca3-bc83-6053b01eb5b9 c.m.m.s.i.c.CorrelationIdFilter - Request completed event="request_completed" correlationId="3d400e3a-d52f-4ca3-bc83-6053b01eb5b9" status="200"
[WebServer] 2026-09-06T17:35:49.828Z INFO  application=marketops-server environment=local buildVersion=0.1.0-SNAPSHOT correlationId=b146ea50-f782-47b6-af44-59d193c98802 c.m.m.s.i.c.CorrelationIdFilter - Request completed event="request_completed" correlationId="b146ea50-f782-47b6-af44-59d193c98802" status="200"
[WebServer] 2026-09-06T17:35:49.850Z INFO  application=marketops-server environment=local buildVersion=0.1.0-SNAPSHOT correlationId=81469ce9-d0b4-407f-8fe1-47c2a449bbd2 c.m.m.s.i.c.CorrelationIdFilter - Request completed event="request_completed" correlationId="81469ce9-d0b4-407f-8fe1-47c2a449bbd2" status="200"
[WebServer] 2026-09-06T17:35:49.915Z INFO  application=marketops-server environment=local buildVersion=0.1.0-SNAPSHOT correlationId=63dbd72c-8ef8-4e8a-903d-7807850b806d c.m.m.a.i.a.JdbcMetadataAuditStore - Metadata change recorded event="metadata_change_recorded" sourceDomain="advertisingefficiency" entityType="advertising_case" entityId="6327ce4a-1d64-4c7b-a3c8-8eef7c47678b" action="READ" actorId="5b3dc8f9-3387-46a8-ac0d-a6189f3356de" correlationId="63dbd72c-8ef8-4e8a-903d-7807850b806d"
[WebServer] 2026-09-06T17:35:49.934Z INFO  application=marketops-server environment=local buildVersion=0.1.0-SNAPSHOT correlationId=63dbd72c-8ef8-4e8a-903d-7807850b806d c.m.m.s.i.c.CorrelationIdFilter - Request completed event="request_completed" correlationId="63dbd72c-8ef8-4e8a-903d-7807850b806d" status="200"
[WebServer] 2026-09-06T17:35:49.957Z INFO  application=marketops-server environment=local buildVersion=0.1.0-SNAPSHOT correlationId=9c6a31b6-ac9a-4c2a-b934-f52a0e1a7dbe c.m.m.a.i.a.JdbcMetadataAuditStore - Metadata change recorded event="metadata_change_recorded" sourceDomain="advertisingefficiency" entityType="advertising_manual_packet" entityId="fe487802-c5d5-4b0a-b524-a1483a40b6fa" action="READ" actorId="5b3dc8f9-3387-46a8-ac0d-a6189f3356de" correlationId="9c6a31b6-ac9a-4c2a-b934-f52a0e1a7dbe"
[WebServer] 2026-09-06T17:35:49.998Z INFO  application=marketops-server environment=local buildVersion=0.1.0-SNAPSHOT correlationId=4897807d-9fd6-4b8f-91f8-3d7897445708 c.m.m.s.i.c.CorrelationIdFilter - Request completed event="request_completed" correlationId="4897807d-9fd6-4b8f-91f8-3d7897445708" status="200"
[WebServer] 2026-09-06T17:35:50.012Z INFO  application=marketops-server environment=local buildVersion=0.1.0-SNAPSHOT correlationId=9c6a31b6-ac9a-4c2a-b934-f52a0e1a7dbe c.m.m.s.i.c.CorrelationIdFilter - Request completed event="request_completed" correlationId="9c6a31b6-ac9a-4c2a-b934-f52a0e1a7dbe" status="200"
[WebServer] 2026-09-06T17:35:50.022Z INFO  application=marketops-server environment=local buildVersion=0.1.0-SNAPSHOT correlationId=c53b4aab-84c4-4207-a271-d70be3ada5f3 c.m.m.s.i.c.CorrelationIdFilter - Request completed event="request_completed" correlationId="c53b4aab-84c4-4207-a271-d70be3ada5f3" status="200"
[WebServer] 2026-09-06T17:35:50.055Z INFO  application=marketops-server environment=local buildVersion=0.1.0-SNAPSHOT correlationId=5eac0b26-3e8c-4fc4-bc9a-c8a5e85b4f02 c.m.m.s.i.c.CorrelationIdFilter - Request completed event="request_completed" correlationId="5eac0b26-3e8c-4fc4-bc9a-c8a5e85b4f02" status="200"
[WebServer] 2026-09-06T17:35:50.174Z INFO  application=marketops-server environment=local buildVersion=0.1.0-SNAPSHOT correlationId=701d9c88-ed8b-4ff1-ad9c-918ed70536c0 c.m.m.s.i.c.CorrelationIdFilter - Request completed event="request_completed" correlationId="701d9c88-ed8b-4ff1-ad9c-918ed70536c0" status="200"
[WebServer] 2026-09-06T17:35:50.189Z INFO  application=marketops-server environment=local buildVersion=0.1.0-SNAPSHOT correlationId=d0bc8be0-6485-4132-9643-5e4bf1f29cfa c.m.m.a.i.a.JdbcMetadataAuditStore - Metadata change recorded event="metadata_change_recorded" sourceDomain="advertisingefficiency" entityType="advertising_manual_packet" entityId="fe487802-c5d5-4b0a-b524-a1483a40b6fa" action="READ" actorId="5b3dc8f9-3387-46a8-ac0d-a6189f3356de" correlationId="d0bc8be0-6485-4132-9643-5e4bf1f29cfa"
[WebServer] 2026-09-06T17:35:50.232Z INFO  application=marketops-server environment=local buildVersion=0.1.0-SNAPSHOT correlationId=d0bc8be0-6485-4132-9643-5e4bf1f29cfa c.m.m.s.i.c.CorrelationIdFilter - Request completed event="request_completed" correlationId="d0bc8be0-6485-4132-9643-5e4bf1f29cfa" status="200"
[WebServer] 2026-09-06T17:35:50.881Z INFO  application=marketops-server environment=local buildVersion=0.1.0-SNAPSHOT correlationId=ca9eca8f-2590-455f-b170-f538d4f87add c.m.m.a.i.a.JdbcMetadataAuditStore - Metadata change recorded event="metadata_change_recorded" sourceDomain="advertisingefficiency" entityType="advertising_reservations" entityId="c96d1519-4407-4d05-b5d1-fecda61bbbf5" action="READ" actorId="29a1866b-b12d-4de8-9b9e-eca9e6e2ef8b" correlationId="ca9eca8f-2590-455f-b170-f538d4f87add"
[WebServer] 2026-09-06T17:35:50.882Z INFO  application=marketops-server environment=local buildVersion=0.1.0-SNAPSHOT correlationId=c7cb7406-9a40-484d-be1a-bd0face0f1c9 c.m.m.s.i.e.ConsoleProblemAdvice - Console request refused event="console_request_refused" errorCode="RESOURCE_NOT_FOUND" correlationId="c7cb7406-9a40-484d-be1a-bd0face0f1c9"
[WebServer] 2026-09-06T17:35:50.883Z INFO  application=marketops-server environment=local buildVersion=0.1.0-SNAPSHOT correlationId=ca9eca8f-2590-455f-b170-f538d4f87add c.m.m.s.i.c.CorrelationIdFilter - Request completed event="request_completed" correlationId="ca9eca8f-2590-455f-b170-f538d4f87add" status="200"
[WebServer] 2026-09-06T17:35:50.883Z INFO  application=marketops-server environment=local buildVersion=0.1.0-SNAPSHOT correlationId=c7cb7406-9a40-484d-be1a-bd0face0f1c9 c.m.m.s.i.c.CorrelationIdFilter - Request completed event="request_completed" correlationId="c7cb7406-9a40-484d-be1a-bd0face0f1c9" status="404"
[WebServer] 2026-09-06T17:35:50.885Z INFO  application=marketops-server environment=local buildVersion=0.1.0-SNAPSHOT correlationId=8fa479e4-1e40-4b25-8f08-7dd148bb6267 c.m.m.a.i.a.JdbcMetadataAuditStore - Metadata change recorded event="metadata_change_recorded" sourceDomain="advertisingefficiency" entityType="advertising_containments" entityId="c96d1519-4407-4d05-b5d1-fecda61bbbf5" action="READ" actorId="29a1866b-b12d-4de8-9b9e-eca9e6e2ef8b" correlationId="8fa479e4-1e40-4b25-8f08-7dd148bb6267"
[WebServer] 2026-09-06T17:35:50.888Z INFO  application=marketops-server environment=local buildVersion=0.1.0-SNAPSHOT correlationId=d3f1614d-3cf9-4f3f-bdcf-8e64d6101504 c.m.m.s.i.c.CorrelationIdFilter - Request completed event="request_completed" correlationId="d3f1614d-3cf9-4f3f-bdcf-8e64d6101504" status="200"
[WebServer] 2026-09-06T17:35:50.889Z INFO  application=marketops-server environment=local buildVersion=0.1.0-SNAPSHOT correlationId=c50bc4bc-40ac-4de8-b91b-66b4ca126d38 c.m.m.s.i.e.ConsoleProblemAdvice - Console request refused event="console_request_refused" errorCode="RESOURCE_SCOPE_DENIED" correlationId="c50bc4bc-40ac-4de8-b91b-66b4ca126d38"
[WebServer] 2026-09-06T17:35:50.890Z INFO  application=marketops-server environment=local buildVersion=0.1.0-SNAPSHOT correlationId=c50bc4bc-40ac-4de8-b91b-66b4ca126d38 c.m.m.s.i.c.CorrelationIdFilter - Request completed event="request_completed" correlationId="c50bc4bc-40ac-4de8-b91b-66b4ca126d38" status="403"
[WebServer] 2026-09-06T17:35:50.890Z INFO  application=marketops-server environment=local buildVersion=0.1.0-SNAPSHOT correlationId=8395bcaf-f09d-4c39-b136-fda29a8ace46 c.m.m.a.i.a.JdbcMetadataAuditStore - Metadata change recorded event="metadata_change_recorded" sourceDomain="availabilityrisk" entityType="availability_queue" entityId="c96d1519-4407-4d05-b5d1-fecda61bbbf5" action="READ" actorId="29a1866b-b12d-4de8-9b9e-eca9e6e2ef8b" correlationId="8395bcaf-f09d-4c39-b136-fda29a8ace46"
[WebServer] 2026-09-06T17:35:50.893Z INFO  application=marketops-server environment=local buildVersion=0.1.0-SNAPSHOT correlationId=8395bcaf-f09d-4c39-b136-fda29a8ace46 c.m.m.s.i.c.CorrelationIdFilter - Request completed event="request_completed" correlationId="8395bcaf-f09d-4c39-b136-fda29a8ace46" status="200"
[WebServer] 2026-09-06T17:35:50.895Z INFO  application=marketops-server environment=local buildVersion=0.1.0-SNAPSHOT correlationId=8fa479e4-1e40-4b25-8f08-7dd148bb6267 c.m.m.s.i.c.CorrelationIdFilter - Request completed event="request_completed" correlationId="8fa479e4-1e40-4b25-8f08-7dd148bb6267" status="200"
[WebServer] 2026-09-06T17:35:50.898Z INFO  application=marketops-server environment=local buildVersion=0.1.0-SNAPSHOT correlationId=efa37af6-cae3-4af2-b88e-3931d0843f06 c.m.m.a.i.a.JdbcMetadataAuditStore - Metadata change recorded event="metadata_change_recorded" sourceDomain="advertisingefficiency" entityType="advertising_exposure" entityId="c96d1519-4407-4d05-b5d1-fecda61bbbf5" action="READ" actorId="29a1866b-b12d-4de8-9b9e-eca9e6e2ef8b" correlationId="efa37af6-cae3-4af2-b88e-3931d0843f06"
[WebServer] 2026-09-06T17:35:50.899Z INFO  application=marketops-server environment=local buildVersion=0.1.0-SNAPSHOT correlationId=efa37af6-cae3-4af2-b88e-3931d0843f06 c.m.m.s.i.c.CorrelationIdFilter - Request completed event="request_completed" correlationId="efa37af6-cae3-4af2-b88e-3931d0843f06" status="200"
[WebServer] 2026-09-06T17:35:50.900Z INFO  application=marketops-server environment=local buildVersion=0.1.0-SNAPSHOT correlationId=641fc8cb-a650-46a1-be5e-d580b32de90e c.m.m.s.i.e.ConsoleProblemAdvice - Console request refused event="console_request_refused" errorCode="RESOURCE_SCOPE_DENIED" correlationId="641fc8cb-a650-46a1-be5e-d580b32de90e"
[WebServer] 2026-09-06T17:35:50.901Z INFO  application=marketops-server environment=local buildVersion=0.1.0-SNAPSHOT correlationId=641fc8cb-a650-46a1-be5e-d580b32de90e c.m.m.s.i.c.CorrelationIdFilter - Request completed event="request_completed" correlationId="641fc8cb-a650-46a1-be5e-d580b32de90e" status="403"
[WebServer] 2026-09-06T17:35:50.909Z INFO  application=marketops-server environment=local buildVersion=0.1.0-SNAPSHOT correlationId=d6b4ba55-ebb9-4cb9-b4a0-95138071bd8c c.m.m.a.i.a.JdbcMetadataAuditStore - Metadata change recorded event="metadata_change_recorded" sourceDomain="advertisingefficiency" entityType="advertising_queue" entityId="c96d1519-4407-4d05-b5d1-fecda61bbbf5" action="READ" actorId="29a1866b-b12d-4de8-9b9e-eca9e6e2ef8b" correlationId="d6b4ba55-ebb9-4cb9-b4a0-95138071bd8c"
[WebServer] 2026-09-06T17:35:50.917Z INFO  application=marketops-server environment=local buildVersion=0.1.0-SNAPSHOT correlationId=370660ed-e357-4d07-b5c4-05d69faf5146 c.m.m.a.i.a.JdbcMetadataAuditStore - Metadata change recorded event="metadata_change_recorded" sourceDomain="advertisingefficiency" entityType="advertising_orchestration" entityId="c96d1519-4407-4d05-b5d1-fecda61bbbf5" action="READ" actorId="29a1866b-b12d-4de8-9b9e-eca9e6e2ef8b" correlationId="370660ed-e357-4d07-b5c4-05d69faf5146"
[WebServer] 2026-09-06T17:35:50.918Z INFO  application=marketops-server environment=local buildVersion=0.1.0-SNAPSHOT correlationId=370660ed-e357-4d07-b5c4-05d69faf5146 c.m.m.s.i.c.CorrelationIdFilter - Request completed event="request_completed" correlationId="370660ed-e357-4d07-b5c4-05d69faf5146" status="200"
[WebServer] 2026-09-06T17:35:50.927Z INFO  application=marketops-server environment=local buildVersion=0.1.0-SNAPSHOT correlationId=d6b4ba55-ebb9-4cb9-b4a0-95138071bd8c c.m.m.s.i.c.CorrelationIdFilter - Request completed event="request_completed" correlationId="d6b4ba55-ebb9-4cb9-b4a0-95138071bd8c" status="200"
[WebServer] 2026-09-06T17:35:50.957Z INFO  application=marketops-server environment=local buildVersion=0.1.0-SNAPSHOT correlationId=529b75b2-1dd4-4b97-922a-a28ca204a0ed c.m.m.s.i.c.CorrelationIdFilter - Request completed event="request_completed" correlationId="529b75b2-1dd4-4b97-922a-a28ca204a0ed" status="200"
[WebServer] 2026-09-06T17:35:51.064Z INFO  application=marketops-server environment=local buildVersion=0.1.0-SNAPSHOT correlationId=20166cee-4394-4e75-ada5-b6098deca022 c.m.m.a.i.a.JdbcMetadataAuditStore - Metadata change recorded event="metadata_change_recorded" sourceDomain="advertisingefficiency" entityType="advertising_case" entityId="6327ce4a-1d64-4c7b-a3c8-8eef7c47678b" action="READ" actorId="29a1866b-b12d-4de8-9b9e-eca9e6e2ef8b" correlationId="20166cee-4394-4e75-ada5-b6098deca022"
[WebServer] 2026-09-06T17:35:51.082Z INFO  application=marketops-server environment=local buildVersion=0.1.0-SNAPSHOT correlationId=20166cee-4394-4e75-ada5-b6098deca022 c.m.m.s.i.c.CorrelationIdFilter - Request completed event="request_completed" correlationId="20166cee-4394-4e75-ada5-b6098deca022" status="200"
[WebServer] 2026-09-06T17:35:51.105Z INFO  application=marketops-server environment=local buildVersion=0.1.0-SNAPSHOT correlationId=f923d720-63fc-44b1-b0bc-23fb58d702bd c.m.m.a.i.a.JdbcMetadataAuditStore - Metadata change recorded event="metadata_change_recorded" sourceDomain="advertisingefficiency" entityType="advertising_manual_packet" entityId="fe487802-c5d5-4b0a-b524-a1483a40b6fa" action="READ" actorId="29a1866b-b12d-4de8-9b9e-eca9e6e2ef8b" correlationId="f923d720-63fc-44b1-b0bc-23fb58d702bd"
[WebServer] 2026-09-06T17:35:51.148Z INFO  application=marketops-server environment=local buildVersion=0.1.0-SNAPSHOT correlationId=7fad9605-881e-41e5-87ab-7c83cf82a769 c.m.m.s.i.c.CorrelationIdFilter - Request completed event="request_completed" correlationId="7fad9605-881e-41e5-87ab-7c83cf82a769" status="200"
[WebServer] 2026-09-06T17:35:51.166Z INFO  application=marketops-server environment=local buildVersion=0.1.0-SNAPSHOT correlationId=f923d720-63fc-44b1-b0bc-23fb58d702bd c.m.m.s.i.c.CorrelationIdFilter - Request completed event="request_completed" correlationId="f923d720-63fc-44b1-b0bc-23fb58d702bd" status="200"
[WebServer] 2026-09-06T17:35:51.170Z INFO  application=marketops-server environment=local buildVersion=0.1.0-SNAPSHOT correlationId=d82878f9-e3ce-4b0e-9325-563c84cb066d c.m.m.s.i.c.CorrelationIdFilter - Request completed event="request_completed" correlationId="d82878f9-e3ce-4b0e-9325-563c84cb066d" status="200"
[WebServer] 2026-09-06T17:35:51.201Z INFO  application=marketops-server environment=local buildVersion=0.1.0-SNAPSHOT correlationId=e1ea7477-febc-46fd-90db-af61ceb7c533 c.m.m.s.i.c.CorrelationIdFilter - Request completed event="request_completed" correlationId="e1ea7477-febc-46fd-90db-af61ceb7c533" status="200"
[WebServer] 2026-09-06T17:35:51.340Z INFO  application=marketops-server environment=local buildVersion=0.1.0-SNAPSHOT correlationId=72d2e0ec-818b-430c-80af-10373a3e1c08 c.m.m.s.i.c.CorrelationIdFilter - Request completed event="request_completed" correlationId="72d2e0ec-818b-430c-80af-10373a3e1c08" status="200"
[WebServer] 2026-09-06T17:35:51.359Z INFO  application=marketops-server environment=local buildVersion=0.1.0-SNAPSHOT correlationId=00c3f75c-2f31-4b6c-997a-4f5bb206dee5 c.m.m.a.i.a.JdbcMetadataAuditStore - Metadata change recorded event="metadata_change_recorded" sourceDomain="advertisingefficiency" entityType="advertising_manual_packet" entityId="fe487802-c5d5-4b0a-b524-a1483a40b6fa" action="READ" actorId="29a1866b-b12d-4de8-9b9e-eca9e6e2ef8b" correlationId="00c3f75c-2f31-4b6c-997a-4f5bb206dee5"
[WebServer] 2026-09-06T17:35:51.410Z INFO  application=marketops-server environment=local buildVersion=0.1.0-SNAPSHOT correlationId=00c3f75c-2f31-4b6c-997a-4f5bb206dee5 c.m.m.s.i.c.CorrelationIdFilter - Request completed event="request_completed" correlationId="00c3f75c-2f31-4b6c-997a-4f5bb206dee5" status="200"
[WebServer] 2026-09-06T17:35:51.579Z INFO  application=marketops-server environment=local buildVersion=0.1.0-SNAPSHOT correlationId=cc82d33a-2d65-46e5-ae34-3bd77eb8d430 c.m.m.s.i.c.CorrelationIdFilter - Request completed event="request_completed" correlationId="cc82d33a-2d65-46e5-ae34-3bd77eb8d430" status="200"
[WebServer] 2026-09-06T17:35:51.601Z INFO  application=marketops-server environment=local buildVersion=0.1.0-SNAPSHOT correlationId=dde6ab20-2fb5-4198-838e-97962f99219e c.m.m.a.i.a.JdbcMetadataAuditStore - Metadata change recorded event="metadata_change_recorded" sourceDomain="advertisingefficiency" entityType="advertising_manual_packet" entityId="fe487802-c5d5-4b0a-b524-a1483a40b6fa" action="READ" actorId="29a1866b-b12d-4de8-9b9e-eca9e6e2ef8b" correlationId="dde6ab20-2fb5-4198-838e-97962f99219e"
[WebServer] 2026-09-06T17:35:51.629Z INFO  application=marketops-server environment=local buildVersion=0.1.0-SNAPSHOT correlationId=dde6ab20-2fb5-4198-838e-97962f99219e c.m.m.s.i.c.CorrelationIdFilter - Request completed event="request_completed" correlationId="dde6ab20-2fb5-4198-838e-97962f99219e" status="200"
[WebServer] 2026-09-06T17:35:51.673Z DEBUG application=marketops-server environment=local buildVersion=0.1.0-SNAPSHOT correlationId=59dfada8-5533-4f25-b8e8-8d2b3daeb100 c.m.m.s.i.c.CorrelationIdFilter - Inbound correlation identifier replaced event="correlation_identifier_replaced" correlationId="59dfada8-5533-4f25-b8e8-8d2b3daeb100" rejectionCategory="MISSING"
[WebServer] 2026-09-06T17:35:51.697Z INFO  application=marketops-server environment=local buildVersion=0.1.0-SNAPSHOT correlationId=59dfada8-5533-4f25-b8e8-8d2b3daeb100 c.m.m.s.i.e.ConsoleProblemAdvice - Console request refused event="console_request_refused" errorCode="ACTION_NOT_PERMITTED" correlationId="59dfada8-5533-4f25-b8e8-8d2b3daeb100"
[WebServer] 2026-09-06T17:35:51.698Z INFO  application=marketops-server environment=local buildVersion=0.1.0-SNAPSHOT correlationId=59dfada8-5533-4f25-b8e8-8d2b3daeb100 c.m.m.s.i.c.CorrelationIdFilter - Request completed event="request_completed" correlationId="59dfada8-5533-4f25-b8e8-8d2b3daeb100" status="403"
[WebServer] 2026-09-06T17:35:52.003Z INFO  application=marketops-server environment=local buildVersion=0.1.0-SNAPSHOT correlationId=1e50bc87-3317-46e1-a363-eb1169a32f9d c.m.m.a.i.a.JdbcMetadataAuditStore - Metadata change recorded event="metadata_change_recorded" sourceDomain="advertisingefficiency" entityType="advertising_reservations" entityId="c96d1519-4407-4d05-b5d1-fecda61bbbf5" action="READ" actorId="2240b9f4-6f15-4a69-b300-dae3221dbd3f" correlationId="1e50bc87-3317-46e1-a363-eb1169a32f9d"
[WebServer] 2026-09-06T17:35:52.003Z INFO  application=marketops-server environment=local buildVersion=0.1.0-SNAPSHOT correlationId=a3a16d58-cee3-4c61-9fa2-1744da80b582 c.m.m.s.i.e.ConsoleProblemAdvice - Console request refused event="console_request_refused" errorCode="RESOURCE_NOT_FOUND" correlationId="a3a16d58-cee3-4c61-9fa2-1744da80b582"
[WebServer] 2026-09-06T17:35:52.003Z INFO  application=marketops-server environment=local buildVersion=0.1.0-SNAPSHOT correlationId=dbce4529-d670-4c5c-a413-d0207bda28c2 c.m.m.a.i.a.JdbcMetadataAuditStore - Metadata change recorded event="metadata_change_recorded" sourceDomain="advertisingefficiency" entityType="advertising_containments" entityId="c96d1519-4407-4d05-b5d1-fecda61bbbf5" action="READ" actorId="2240b9f4-6f15-4a69-b300-dae3221dbd3f" correlationId="dbce4529-d670-4c5c-a413-d0207bda28c2"
[WebServer] 2026-09-06T17:35:52.004Z INFO  application=marketops-server environment=local buildVersion=0.1.0-SNAPSHOT correlationId=a3a16d58-cee3-4c61-9fa2-1744da80b582 c.m.m.s.i.c.CorrelationIdFilter - Request completed event="request_completed" correlationId="a3a16d58-cee3-4c61-9fa2-1744da80b582" status="404"
[WebServer] 2026-09-06T17:35:52.006Z INFO  application=marketops-server environment=local buildVersion=0.1.0-SNAPSHOT correlationId=ca474fcc-4002-4bca-a0ab-42f5df33f275 c.m.m.s.i.e.ConsoleProblemAdvice - Console request refused event="console_request_refused" errorCode="RESOURCE_SCOPE_DENIED" correlationId="ca474fcc-4002-4bca-a0ab-42f5df33f275"
[WebServer] 2026-09-06T17:35:52.008Z INFO  application=marketops-server environment=local buildVersion=0.1.0-SNAPSHOT correlationId=ca474fcc-4002-4bca-a0ab-42f5df33f275 c.m.m.s.i.c.CorrelationIdFilter - Request completed event="request_completed" correlationId="ca474fcc-4002-4bca-a0ab-42f5df33f275" status="403"
[WebServer] 2026-09-06T17:35:52.008Z INFO  application=marketops-server environment=local buildVersion=0.1.0-SNAPSHOT correlationId=d5976ff1-3dd4-4246-a729-f1043bd7b5d4 c.m.m.a.i.a.JdbcMetadataAuditStore - Metadata change recorded event="metadata_change_recorded" sourceDomain="availabilityrisk" entityType="availability_queue" entityId="c96d1519-4407-4d05-b5d1-fecda61bbbf5" action="READ" actorId="2240b9f4-6f15-4a69-b300-dae3221dbd3f" correlationId="d5976ff1-3dd4-4246-a729-f1043bd7b5d4"
[WebServer] 2026-09-06T17:35:52.010Z INFO  application=marketops-server environment=local buildVersion=0.1.0-SNAPSHOT correlationId=d5976ff1-3dd4-4246-a729-f1043bd7b5d4 c.m.m.s.i.c.CorrelationIdFilter - Request completed event="request_completed" correlationId="d5976ff1-3dd4-4246-a729-f1043bd7b5d4" status="200"
[WebServer] 2026-09-06T17:35:52.015Z INFO  application=marketops-server environment=local buildVersion=0.1.0-SNAPSHOT correlationId=dbce4529-d670-4c5c-a413-d0207bda28c2 c.m.m.s.i.c.CorrelationIdFilter - Request completed event="request_completed" correlationId="dbce4529-d670-4c5c-a413-d0207bda28c2" status="200"
[WebServer] 2026-09-06T17:35:52.025Z INFO  application=marketops-server environment=local buildVersion=0.1.0-SNAPSHOT correlationId=34d5a70f-1892-4744-b18a-aa3598b41a06 c.m.m.s.i.c.CorrelationIdFilter - Request completed event="request_completed" correlationId="34d5a70f-1892-4744-b18a-aa3598b41a06" status="200"
[WebServer] 2026-09-06T17:35:52.030Z INFO  application=marketops-server environment=local buildVersion=0.1.0-SNAPSHOT correlationId=04b18621-fdba-43f5-8d01-b07699720fed c.m.m.a.i.a.JdbcMetadataAuditStore - Metadata change recorded event="metadata_change_recorded" sourceDomain="advertisingefficiency" entityType="advertising_exposure" entityId="c96d1519-4407-4d05-b5d1-fecda61bbbf5" action="READ" actorId="2240b9f4-6f15-4a69-b300-dae3221dbd3f" correlationId="04b18621-fdba-43f5-8d01-b07699720fed"
[WebServer] 2026-09-06T17:35:52.032Z INFO  application=marketops-server environment=local buildVersion=0.1.0-SNAPSHOT correlationId=04b18621-fdba-43f5-8d01-b07699720fed c.m.m.s.i.c.CorrelationIdFilter - Request completed event="request_completed" correlationId="04b18621-fdba-43f5-8d01-b07699720fed" status="200"
[WebServer] 2026-09-06T17:35:52.033Z INFO  application=marketops-server environment=local buildVersion=0.1.0-SNAPSHOT correlationId=0eeb2d05-88ef-48c9-92b0-5ca4b659daa2 c.m.m.s.i.e.ConsoleProblemAdvice - Console request refused event="console_request_refused" errorCode="RESOURCE_SCOPE_DENIED" correlationId="0eeb2d05-88ef-48c9-92b0-5ca4b659daa2"
[WebServer] 2026-09-06T17:35:52.034Z INFO  application=marketops-server environment=local buildVersion=0.1.0-SNAPSHOT correlationId=0eeb2d05-88ef-48c9-92b0-5ca4b659daa2 c.m.m.s.i.c.CorrelationIdFilter - Request completed event="request_completed" correlationId="0eeb2d05-88ef-48c9-92b0-5ca4b659daa2" status="403"
[WebServer] 2026-09-06T17:35:52.038Z INFO  application=marketops-server environment=local buildVersion=0.1.0-SNAPSHOT correlationId=e42d2267-9423-4f37-98b3-1066b4d4d67c c.m.m.a.i.a.JdbcMetadataAuditStore - Metadata change recorded event="metadata_change_recorded" sourceDomain="advertisingefficiency" entityType="advertising_queue" entityId="c96d1519-4407-4d05-b5d1-fecda61bbbf5" action="READ" actorId="2240b9f4-6f15-4a69-b300-dae3221dbd3f" correlationId="e42d2267-9423-4f37-98b3-1066b4d4d67c"
[WebServer] 2026-09-06T17:35:52.038Z INFO  application=marketops-server environment=local buildVersion=0.1.0-SNAPSHOT correlationId=1e50bc87-3317-46e1-a363-eb1169a32f9d c.m.m.s.i.c.CorrelationIdFilter - Request completed event="request_completed" correlationId="1e50bc87-3317-46e1-a363-eb1169a32f9d" status="200"
[WebServer] 2026-09-06T17:35:52.058Z INFO  application=marketops-server environment=local buildVersion=0.1.0-SNAPSHOT correlationId=351b851e-c777-4467-a8a4-c13b79ec0b34 c.m.m.a.i.a.JdbcMetadataAuditStore - Metadata change recorded event="metadata_change_recorded" sourceDomain="advertisingefficiency" entityType="advertising_orchestration" entityId="c96d1519-4407-4d05-b5d1-fecda61bbbf5" action="READ" actorId="2240b9f4-6f15-4a69-b300-dae3221dbd3f" correlationId="351b851e-c777-4467-a8a4-c13b79ec0b34"
[WebServer] 2026-09-06T17:35:52.059Z INFO  application=marketops-server environment=local buildVersion=0.1.0-SNAPSHOT correlationId=e42d2267-9423-4f37-98b3-1066b4d4d67c c.m.m.s.i.c.CorrelationIdFilter - Request completed event="request_completed" correlationId="e42d2267-9423-4f37-98b3-1066b4d4d67c" status="200"
[WebServer] 2026-09-06T17:35:52.059Z INFO  application=marketops-server environment=local buildVersion=0.1.0-SNAPSHOT correlationId=351b851e-c777-4467-a8a4-c13b79ec0b34 c.m.m.s.i.c.CorrelationIdFilter - Request completed event="request_completed" correlationId="351b851e-c777-4467-a8a4-c13b79ec0b34" status="200"
[WebServer] 2026-09-06T17:35:52.080Z INFO  application=marketops-server environment=local buildVersion=0.1.0-SNAPSHOT correlationId=10a8a1c6-d7a2-4845-92a1-b11fd9688950 c.m.m.s.i.c.CorrelationIdFilter - Request completed event="request_completed" correlationId="10a8a1c6-d7a2-4845-92a1-b11fd9688950" status="200"
[WebServer] 2026-09-06T17:35:52.168Z INFO  application=marketops-server environment=local buildVersion=0.1.0-SNAPSHOT correlationId=d439a30a-ed6c-40d7-b4f4-9c5b3e5e3403 c.m.m.a.i.a.JdbcMetadataAuditStore - Metadata change recorded event="metadata_change_recorded" sourceDomain="advertisingefficiency" entityType="advertising_case" entityId="6327ce4a-1d64-4c7b-a3c8-8eef7c47678b" action="READ" actorId="2240b9f4-6f15-4a69-b300-dae3221dbd3f" correlationId="d439a30a-ed6c-40d7-b4f4-9c5b3e5e3403"
[WebServer] 2026-09-06T17:35:52.191Z INFO  application=marketops-server environment=local buildVersion=0.1.0-SNAPSHOT correlationId=d439a30a-ed6c-40d7-b4f4-9c5b3e5e3403 c.m.m.s.i.c.CorrelationIdFilter - Request completed event="request_completed" correlationId="d439a30a-ed6c-40d7-b4f4-9c5b3e5e3403" status="200"
[WebServer] 2026-09-06T17:35:52.216Z INFO  application=marketops-server environment=local buildVersion=0.1.0-SNAPSHOT correlationId=04acc3a1-087b-42f6-85d8-f087482d79f9 c.m.m.a.i.a.JdbcMetadataAuditStore - Metadata change recorded event="metadata_change_recorded" sourceDomain="advertisingefficiency" entityType="advertising_manual_packet" entityId="fe487802-c5d5-4b0a-b524-a1483a40b6fa" action="READ" actorId="2240b9f4-6f15-4a69-b300-dae3221dbd3f" correlationId="04acc3a1-087b-42f6-85d8-f087482d79f9"
[WebServer] 2026-09-06T17:35:52.253Z INFO  application=marketops-server environment=local buildVersion=0.1.0-SNAPSHOT correlationId=04acc3a1-087b-42f6-85d8-f087482d79f9 c.m.m.s.i.c.CorrelationIdFilter - Request completed event="request_completed" correlationId="04acc3a1-087b-42f6-85d8-f087482d79f9" status="200"
[WebServer] 2026-09-06T17:35:52.264Z INFO  application=marketops-server environment=local buildVersion=0.1.0-SNAPSHOT correlationId=78c37986-cec1-4093-9c6f-f00d64f9aad5 c.m.m.s.i.c.CorrelationIdFilter - Request completed event="request_completed" correlationId="78c37986-cec1-4093-9c6f-f00d64f9aad5" status="200"
[WebServer] 2026-09-06T17:35:52.284Z INFO  application=marketops-server environment=local buildVersion=0.1.0-SNAPSHOT correlationId=085f8e2e-711a-4ee4-95cc-d6dbf20f8e53 c.m.m.s.i.c.CorrelationIdFilter - Request completed event="request_completed" correlationId="085f8e2e-711a-4ee4-95cc-d6dbf20f8e53" status="200"
[WebServer] 2026-09-06T17:35:52.290Z INFO  application=marketops-server environment=local buildVersion=0.1.0-SNAPSHOT correlationId=3ed9f808-ff03-46a7-aa4b-cc58e1e85d68 c.m.m.s.i.c.CorrelationIdFilter - Request completed event="request_completed" correlationId="3ed9f808-ff03-46a7-aa4b-cc58e1e85d68" status="200"
[WebServer] 2026-09-06T17:35:52.575Z INFO  application=marketops-server environment=local buildVersion=0.1.0-SNAPSHOT correlationId=0b2f118a-e2c8-4db8-887a-3c41795996c9 c.m.m.s.i.c.CorrelationIdFilter - Request completed event="request_completed" correlationId="0b2f118a-e2c8-4db8-887a-3c41795996c9" status="200"
[WebServer] 2026-09-06T17:35:52.597Z INFO  application=marketops-server environment=local buildVersion=0.1.0-SNAPSHOT correlationId=379c9bfb-41b6-49da-8168-900761422bd6 c.m.m.a.i.a.JdbcMetadataAuditStore - Metadata change recorded event="metadata_change_recorded" sourceDomain="advertisingefficiency" entityType="advertising_manual_packet" entityId="fe487802-c5d5-4b0a-b524-a1483a40b6fa" action="READ" actorId="2240b9f4-6f15-4a69-b300-dae3221dbd3f" correlationId="379c9bfb-41b6-49da-8168-900761422bd6"
[WebServer] 2026-09-06T17:35:52.634Z INFO  application=marketops-server environment=local buildVersion=0.1.0-SNAPSHOT correlationId=379c9bfb-41b6-49da-8168-900761422bd6 c.m.m.s.i.c.CorrelationIdFilter - Request completed event="request_completed" correlationId="379c9bfb-41b6-49da-8168-900761422bd6" status="200"
[WebServer] 2026-09-06T17:35:52.651Z DEBUG application=marketops-server environment=local buildVersion=0.1.0-SNAPSHOT correlationId=d85c2aa5-012d-478f-80a4-85a562cf9ba0 c.m.m.s.i.c.CorrelationIdFilter - Inbound correlation identifier replaced event="correlation_identifier_replaced" correlationId="d85c2aa5-012d-478f-80a4-85a562cf9ba0" rejectionCategory="MISSING"
[WebServer] 2026-09-06T17:35:52.660Z INFO  application=marketops-server environment=local buildVersion=0.1.0-SNAPSHOT correlationId=d85c2aa5-012d-478f-80a4-85a562cf9ba0 c.m.m.a.i.a.JdbcMetadataAuditStore - Metadata change recorded event="metadata_change_recorded" sourceDomain="advertisingefficiency" entityType="advertising_reservations" entityId="c96d1519-4407-4d05-b5d1-fecda61bbbf5" action="READ" actorId="2240b9f4-6f15-4a69-b300-dae3221dbd3f" correlationId="d85c2aa5-012d-478f-80a4-85a562cf9ba0"
[WebServer] 2026-09-06T17:35:52.676Z INFO  application=marketops-server environment=local buildVersion=0.1.0-SNAPSHOT correlationId=d85c2aa5-012d-478f-80a4-85a562cf9ba0 c.m.m.s.i.c.CorrelationIdFilter - Request completed event="request_completed" correlationId="d85c2aa5-012d-478f-80a4-85a562cf9ba0" status="200"
[WebServer] 2026-09-06T17:35:53.224Z INFO  application=marketops-server environment=local buildVersion=0.1.0-SNAPSHOT correlationId=16d3dfa4-afbc-40b4-8c43-39dc2ab79750 c.m.m.s.i.c.CorrelationIdFilter - Request completed event="request_completed" correlationId="16d3dfa4-afbc-40b4-8c43-39dc2ab79750" status="200"
[WebServer] 2026-09-06T17:35:53.248Z INFO  application=marketops-server environment=local buildVersion=0.1.0-SNAPSHOT correlationId=af88808f-58c4-4466-a005-bc594260d493 c.m.m.a.i.a.JdbcMetadataAuditStore - Metadata change recorded event="metadata_change_recorded" sourceDomain="advertisingefficiency" entityType="advertising_manual_packet" entityId="fe487802-c5d5-4b0a-b524-a1483a40b6fa" action="READ" actorId="2240b9f4-6f15-4a69-b300-dae3221dbd3f" correlationId="af88808f-58c4-4466-a005-bc594260d493"
[WebServer] 2026-09-06T17:35:53.292Z INFO  application=marketops-server environment=local buildVersion=0.1.0-SNAPSHOT correlationId=af88808f-58c4-4466-a005-bc594260d493 c.m.m.s.i.c.CorrelationIdFilter - Request completed event="request_completed" correlationId="af88808f-58c4-4466-a005-bc594260d493" status="200"
[WebServer] 2026-09-06T17:35:53.322Z INFO  application=marketops-server environment=local buildVersion=0.1.0-SNAPSHOT correlationId=942253c4-27cd-4855-aaa8-db88ef096346 c.m.m.s.i.c.CorrelationIdFilter - Request completed event="request_completed" correlationId="942253c4-27cd-4855-aaa8-db88ef096346" status="200"
[WebServer] 2026-09-06T17:35:53.352Z DEBUG application=marketops-server environment=local buildVersion=0.1.0-SNAPSHOT correlationId=247b16ee-9f12-4017-a4f5-c10481934769 c.m.m.s.i.c.CorrelationIdFilter - Inbound correlation identifier replaced event="correlation_identifier_replaced" correlationId="247b16ee-9f12-4017-a4f5-c10481934769" rejectionCategory="MISSING"
[WebServer] 2026-09-06T17:35:53.363Z INFO  application=marketops-server environment=local buildVersion=0.1.0-SNAPSHOT correlationId=247b16ee-9f12-4017-a4f5-c10481934769 c.m.m.a.i.a.JdbcMetadataAuditStore - Metadata change recorded event="metadata_change_recorded" sourceDomain="advertisingefficiency" entityType="advertising_reservations" entityId="c96d1519-4407-4d05-b5d1-fecda61bbbf5" action="READ" actorId="2240b9f4-6f15-4a69-b300-dae3221dbd3f" correlationId="247b16ee-9f12-4017-a4f5-c10481934769"
[WebServer] 2026-09-06T17:35:53.380Z INFO  application=marketops-server environment=local buildVersion=0.1.0-SNAPSHOT correlationId=247b16ee-9f12-4017-a4f5-c10481934769 c.m.m.s.i.c.CorrelationIdFilter - Request completed event="request_completed" correlationId="247b16ee-9f12-4017-a4f5-c10481934769" status="200"
[WebServer] 2026-09-06T17:35:53.386Z DEBUG application=marketops-server environment=local buildVersion=0.1.0-SNAPSHOT correlationId=83fc40f4-8879-4c0e-8204-f66538818c0b c.m.m.s.i.c.CorrelationIdFilter - Inbound correlation identifier replaced event="correlation_identifier_replaced" correlationId="83fc40f4-8879-4c0e-8204-f66538818c0b" rejectionCategory="MISSING"
[WebServer] 2026-09-06T17:35:53.396Z INFO  application=marketops-server environment=local buildVersion=0.1.0-SNAPSHOT correlationId=83fc40f4-8879-4c0e-8204-f66538818c0b c.m.m.a.i.a.JdbcMetadataAuditStore - Metadata change recorded event="metadata_change_recorded" sourceDomain="advertisingefficiency" entityType="advertising_manual_packet" entityId="fe487802-c5d5-4b0a-b524-a1483a40b6fa" action="READ" actorId="2240b9f4-6f15-4a69-b300-dae3221dbd3f" correlationId="83fc40f4-8879-4c0e-8204-f66538818c0b"
[WebServer] 2026-09-06T17:35:53.426Z INFO  application=marketops-server environment=local buildVersion=0.1.0-SNAPSHOT correlationId=83fc40f4-8879-4c0e-8204-f66538818c0b c.m.m.s.i.c.CorrelationIdFilter - Request completed event="request_completed" correlationId="83fc40f4-8879-4c0e-8204-f66538818c0b" status="200"
[WebServer] 2026-09-06T17:35:53.599Z INFO  application=marketops-server environment=local buildVersion=0.1.0-SNAPSHOT correlationId=4c08f467-168b-4db0-9c19-a8f2f8c8c2b0 c.m.m.s.i.c.CorrelationIdFilter - Request completed event="request_completed" correlationId="4c08f467-168b-4db0-9c19-a8f2f8c8c2b0" status="200"
[WebServer] 2026-09-06T17:35:53.614Z INFO  application=marketops-server environment=local buildVersion=0.1.0-SNAPSHOT correlationId=a6e54402-3860-4d64-b05e-165b2f234289 c.m.m.a.i.a.JdbcMetadataAuditStore - Metadata change recorded event="metadata_change_recorded" sourceDomain="advertisingefficiency" entityType="advertising_manual_packet" entityId="fe487802-c5d5-4b0a-b524-a1483a40b6fa" action="READ" actorId="2240b9f4-6f15-4a69-b300-dae3221dbd3f" correlationId="a6e54402-3860-4d64-b05e-165b2f234289"
[WebServer] 2026-09-06T17:35:53.633Z INFO  application=marketops-server environment=local buildVersion=0.1.0-SNAPSHOT correlationId=d63e74be-6ccb-451c-8880-740da2dfc914 c.m.m.s.i.c.CorrelationIdFilter - Request completed event="request_completed" correlationId="d63e74be-6ccb-451c-8880-740da2dfc914" status="200"
[WebServer] 2026-09-06T17:35:53.650Z INFO  application=marketops-server environment=local buildVersion=0.1.0-SNAPSHOT correlationId=a6e54402-3860-4d64-b05e-165b2f234289 c.m.m.s.i.c.CorrelationIdFilter - Request completed event="request_completed" correlationId="a6e54402-3860-4d64-b05e-165b2f234289" status="200"
  ✓   3 tests/advertising-browser/governed-advertising.spec.ts:209:3 › OZON actual governed manual path stays UNVERIFIED and requires an independent observer (8.4s)
[WebServer] 2026-09-06T17:35:55.796Z INFO  application=marketops-server environment=local buildVersion=0.1.0-SNAPSHOT correlationId=848556e8-a6f0-4942-bd45-ab4ba902ff67 c.m.m.a.i.a.JdbcMetadataAuditStore - Metadata change recorded event="metadata_change_recorded" sourceDomain="advertisingefficiency" entityType="advertising_containments" entityId="91f28012-1989-422e-8baa-b6533df6e867" action="READ" actorId="63ba8af2-d98d-4033-8ed4-9fd297a114ec" correlationId="848556e8-a6f0-4942-bd45-ab4ba902ff67"
[WebServer] 2026-09-06T17:35:55.803Z INFO  application=marketops-server environment=local buildVersion=0.1.0-SNAPSHOT correlationId=c0362669-67e4-4712-881c-b7faa07cdec9 c.m.m.a.i.a.JdbcMetadataAuditStore - Metadata change recorded event="metadata_change_recorded" sourceDomain="advertisingefficiency" entityType="advertising_reservations" entityId="91f28012-1989-422e-8baa-b6533df6e867" action="READ" actorId="63ba8af2-d98d-4033-8ed4-9fd297a114ec" correlationId="c0362669-67e4-4712-881c-b7faa07cdec9"
[WebServer] 2026-09-06T17:35:55.805Z INFO  application=marketops-server environment=local buildVersion=0.1.0-SNAPSHOT correlationId=c0362669-67e4-4712-881c-b7faa07cdec9 c.m.m.s.i.c.CorrelationIdFilter - Request completed event="request_completed" correlationId="c0362669-67e4-4712-881c-b7faa07cdec9" status="200"
[WebServer] 2026-09-06T17:35:55.806Z INFO  application=marketops-server environment=local buildVersion=0.1.0-SNAPSHOT correlationId=326f4c01-3315-4c02-8024-d347baf27b02 c.m.m.a.i.a.JdbcMetadataAuditStore - Metadata change recorded event="metadata_change_recorded" sourceDomain="availabilityrisk" entityType="availability_queue" entityId="91f28012-1989-422e-8baa-b6533df6e867" action="READ" actorId="63ba8af2-d98d-4033-8ed4-9fd297a114ec" correlationId="326f4c01-3315-4c02-8024-d347baf27b02"
[WebServer] 2026-09-06T17:35:55.807Z INFO  application=marketops-server environment=local buildVersion=0.1.0-SNAPSHOT correlationId=848556e8-a6f0-4942-bd45-ab4ba902ff67 c.m.m.s.i.c.CorrelationIdFilter - Request completed event="request_completed" correlationId="848556e8-a6f0-4942-bd45-ab4ba902ff67" status="200"
[WebServer] 2026-09-06T17:35:55.809Z INFO  application=marketops-server environment=local buildVersion=0.1.0-SNAPSHOT correlationId=326f4c01-3315-4c02-8024-d347baf27b02 c.m.m.s.i.c.CorrelationIdFilter - Request completed event="request_completed" correlationId="326f4c01-3315-4c02-8024-d347baf27b02" status="200"
[WebServer] 2026-09-06T17:35:55.811Z INFO  application=marketops-server environment=local buildVersion=0.1.0-SNAPSHOT correlationId=c81667ec-851c-446d-9161-7c59b11334a5 c.m.m.s.i.e.ConsoleProblemAdvice - Console request refused event="console_request_refused" errorCode="RESOURCE_NOT_FOUND" correlationId="c81667ec-851c-446d-9161-7c59b11334a5"
[WebServer] 2026-09-06T17:35:55.812Z INFO  application=marketops-server environment=local buildVersion=0.1.0-SNAPSHOT correlationId=d06741f3-1701-47d1-8db2-82f95047c70b c.m.m.s.i.c.CorrelationIdFilter - Request completed event="request_completed" correlationId="d06741f3-1701-47d1-8db2-82f95047c70b" status="200"
[WebServer] 2026-09-06T17:35:55.813Z INFO  application=marketops-server environment=local buildVersion=0.1.0-SNAPSHOT correlationId=c81667ec-851c-446d-9161-7c59b11334a5 c.m.m.s.i.c.CorrelationIdFilter - Request completed event="request_completed" correlationId="c81667ec-851c-446d-9161-7c59b11334a5" status="404"
[WebServer] 2026-09-06T17:35:55.818Z INFO  application=marketops-server environment=local buildVersion=0.1.0-SNAPSHOT correlationId=15cafd76-8154-4c9d-b2ba-3cf6998fb5e9 c.m.m.s.i.e.ConsoleProblemAdvice - Console request refused event="console_request_refused" errorCode="RESOURCE_SCOPE_DENIED" correlationId="15cafd76-8154-4c9d-b2ba-3cf6998fb5e9"
[WebServer] 2026-09-06T17:35:55.819Z INFO  application=marketops-server environment=local buildVersion=0.1.0-SNAPSHOT correlationId=15cafd76-8154-4c9d-b2ba-3cf6998fb5e9 c.m.m.s.i.c.CorrelationIdFilter - Request completed event="request_completed" correlationId="15cafd76-8154-4c9d-b2ba-3cf6998fb5e9" status="403"
[WebServer] 2026-09-06T17:35:55.823Z INFO  application=marketops-server environment=local buildVersion=0.1.0-SNAPSHOT correlationId=4c97decc-d8d8-4ee9-8e68-a842905dd1fb c.m.m.a.i.a.JdbcMetadataAuditStore - Metadata change recorded event="metadata_change_recorded" sourceDomain="advertisingefficiency" entityType="advertising_exposure" entityId="91f28012-1989-422e-8baa-b6533df6e867" action="READ" actorId="63ba8af2-d98d-4033-8ed4-9fd297a114ec" correlationId="4c97decc-d8d8-4ee9-8e68-a842905dd1fb"
[WebServer] 2026-09-06T17:35:55.824Z INFO  application=marketops-server environment=local buildVersion=0.1.0-SNAPSHOT correlationId=f6dbe9ba-f8d5-4dac-87df-79e11d61f13c c.m.m.s.i.e.ConsoleProblemAdvice - Console request refused event="console_request_refused" errorCode="RESOURCE_SCOPE_DENIED" correlationId="f6dbe9ba-f8d5-4dac-87df-79e11d61f13c"
[WebServer] 2026-09-06T17:35:55.824Z INFO  application=marketops-server environment=local buildVersion=0.1.0-SNAPSHOT correlationId=4c97decc-d8d8-4ee9-8e68-a842905dd1fb c.m.m.s.i.c.CorrelationIdFilter - Request completed event="request_completed" correlationId="4c97decc-d8d8-4ee9-8e68-a842905dd1fb" status="200"
[WebServer] 2026-09-06T17:35:55.824Z INFO  application=marketops-server environment=local buildVersion=0.1.0-SNAPSHOT correlationId=f6dbe9ba-f8d5-4dac-87df-79e11d61f13c c.m.m.s.i.c.CorrelationIdFilter - Request completed event="request_completed" correlationId="f6dbe9ba-f8d5-4dac-87df-79e11d61f13c" status="403"
[WebServer] 2026-09-06T17:35:55.832Z INFO  application=marketops-server environment=local buildVersion=0.1.0-SNAPSHOT correlationId=4b4adc91-1ee2-42ba-a951-d6262b6db629 c.m.m.a.i.a.JdbcMetadataAuditStore - Metadata change recorded event="metadata_change_recorded" sourceDomain="advertisingefficiency" entityType="advertising_queue" entityId="91f28012-1989-422e-8baa-b6533df6e867" action="READ" actorId="63ba8af2-d98d-4033-8ed4-9fd297a114ec" correlationId="4b4adc91-1ee2-42ba-a951-d6262b6db629"
[WebServer] 2026-09-06T17:35:55.841Z INFO  application=marketops-server environment=local buildVersion=0.1.0-SNAPSHOT correlationId=93b01d02-3f94-4b3d-9f9a-9d05a64b2651 c.m.m.a.i.a.JdbcMetadataAuditStore - Metadata change recorded event="metadata_change_recorded" sourceDomain="advertisingefficiency" entityType="advertising_orchestration" entityId="91f28012-1989-422e-8baa-b6533df6e867" action="READ" actorId="63ba8af2-d98d-4033-8ed4-9fd297a114ec" correlationId="93b01d02-3f94-4b3d-9f9a-9d05a64b2651"
[WebServer] 2026-09-06T17:35:55.843Z INFO  application=marketops-server environment=local buildVersion=0.1.0-SNAPSHOT correlationId=93b01d02-3f94-4b3d-9f9a-9d05a64b2651 c.m.m.s.i.c.CorrelationIdFilter - Request completed event="request_completed" correlationId="93b01d02-3f94-4b3d-9f9a-9d05a64b2651" status="200"
[WebServer] 2026-09-06T17:35:55.847Z INFO  application=marketops-server environment=local buildVersion=0.1.0-SNAPSHOT correlationId=4b4adc91-1ee2-42ba-a951-d6262b6db629 c.m.m.s.i.c.CorrelationIdFilter - Request completed event="request_completed" correlationId="4b4adc91-1ee2-42ba-a951-d6262b6db629" status="200"
[WebServer] 2026-09-06T17:35:55.858Z INFO  application=marketops-server environment=local buildVersion=0.1.0-SNAPSHOT correlationId=a6cae591-4d15-4006-8870-d141c966a947 c.m.m.s.i.c.CorrelationIdFilter - Request completed event="request_completed" correlationId="a6cae591-4d15-4006-8870-d141c966a947" status="200"
[WebServer] 2026-09-06T17:35:55.966Z INFO  application=marketops-server environment=local buildVersion=0.1.0-SNAPSHOT correlationId=57b8b6f7-246c-437f-8fcb-0cf252f1b77d c.m.m.a.i.a.JdbcMetadataAuditStore - Metadata change recorded event="metadata_change_recorded" sourceDomain="advertisingefficiency" entityType="advertising_case" entityId="f93ac062-c62f-4740-91d3-a51c330007a4" action="READ" actorId="63ba8af2-d98d-4033-8ed4-9fd297a114ec" correlationId="57b8b6f7-246c-437f-8fcb-0cf252f1b77d"
[WebServer] 2026-09-06T17:35:55.978Z INFO  application=marketops-server environment=local buildVersion=0.1.0-SNAPSHOT correlationId=57b8b6f7-246c-437f-8fcb-0cf252f1b77d c.m.m.s.i.c.CorrelationIdFilter - Request completed event="request_completed" correlationId="57b8b6f7-246c-437f-8fcb-0cf252f1b77d" status="200"
[WebServer] 2026-09-06T17:35:56.011Z INFO  application=marketops-server environment=local buildVersion=0.1.0-SNAPSHOT correlationId=ae77dc76-f7b4-45a9-ae24-6ae0a93d774b c.m.m.a.i.a.JdbcMetadataAuditStore - Metadata change recorded event="metadata_change_recorded" sourceDomain="advertisingefficiency" entityType="advertising_manual_packet" entityId="983308d7-b5c3-4a60-9b53-2493d4eae163" action="READ" actorId="63ba8af2-d98d-4033-8ed4-9fd297a114ec" correlationId="ae77dc76-f7b4-45a9-ae24-6ae0a93d774b"
[WebServer] 2026-09-06T17:35:56.013Z INFO  application=marketops-server environment=local buildVersion=0.1.0-SNAPSHOT correlationId=ae77dc76-f7b4-45a9-ae24-6ae0a93d774b c.m.m.s.i.c.CorrelationIdFilter - Request completed event="request_completed" correlationId="ae77dc76-f7b4-45a9-ae24-6ae0a93d774b" status="200"
[WebServer] 2026-09-06T17:35:56.051Z INFO  application=marketops-server environment=local buildVersion=0.1.0-SNAPSHOT correlationId=0206bd39-841a-4f63-90e3-36f83d3031dd c.m.m.s.i.c.CorrelationIdFilter - Request completed event="request_completed" correlationId="0206bd39-841a-4f63-90e3-36f83d3031dd" status="200"
[WebServer] 2026-09-06T17:35:56.071Z INFO  application=marketops-server environment=local buildVersion=0.1.0-SNAPSHOT correlationId=0bd561d7-2b8c-40c4-815b-cf83954fb3ba c.m.m.s.i.c.CorrelationIdFilter - Request completed event="request_completed" correlationId="0bd561d7-2b8c-40c4-815b-cf83954fb3ba" status="200"
[WebServer] 2026-09-06T17:35:56.090Z INFO  application=marketops-server environment=local buildVersion=0.1.0-SNAPSHOT correlationId=a4e74af7-a119-46c9-ab4e-ff90412bd775 c.m.m.s.i.c.CorrelationIdFilter - Request completed event="request_completed" correlationId="a4e74af7-a119-46c9-ab4e-ff90412bd775" status="200"
[WebServer] 2026-09-06T17:35:56.493Z INFO  application=marketops-server environment=local buildVersion=0.1.0-SNAPSHOT correlationId=b9a14023-a902-46a2-93bf-87958f21f81f c.m.m.s.i.c.CorrelationIdFilter - Request completed event="request_completed" correlationId="b9a14023-a902-46a2-93bf-87958f21f81f" status="200"
[WebServer] 2026-09-06T17:35:56.509Z INFO  application=marketops-server environment=local buildVersion=0.1.0-SNAPSHOT correlationId=6dd45ddb-d469-4ff0-b055-963f4bd76a4b c.m.m.a.i.a.JdbcMetadataAuditStore - Metadata change recorded event="metadata_change_recorded" sourceDomain="advertisingefficiency" entityType="advertising_manual_packet" entityId="983308d7-b5c3-4a60-9b53-2493d4eae163" action="READ" actorId="63ba8af2-d98d-4033-8ed4-9fd297a114ec" correlationId="6dd45ddb-d469-4ff0-b055-963f4bd76a4b"
[WebServer] 2026-09-06T17:35:56.554Z INFO  application=marketops-server environment=local buildVersion=0.1.0-SNAPSHOT correlationId=6dd45ddb-d469-4ff0-b055-963f4bd76a4b c.m.m.s.i.c.CorrelationIdFilter - Request completed event="request_completed" correlationId="6dd45ddb-d469-4ff0-b055-963f4bd76a4b" status="200"
[WebServer] 2026-09-06T17:35:56.969Z INFO  application=marketops-server environment=local buildVersion=0.1.0-SNAPSHOT correlationId=3b5186bd-a1be-40f2-b05c-b27b6a02d468 c.m.m.a.i.a.JdbcMetadataAuditStore - Metadata change recorded event="metadata_change_recorded" sourceDomain="advertisingefficiency" entityType="advertising_reservations" entityId="91f28012-1989-422e-8baa-b6533df6e867" action="READ" actorId="622f58fa-7cd7-408d-97ce-3363982f7c14" correlationId="3b5186bd-a1be-40f2-b05c-b27b6a02d468"
[WebServer] 2026-09-06T17:35:56.971Z INFO  application=marketops-server environment=local buildVersion=0.1.0-SNAPSHOT correlationId=3b5186bd-a1be-40f2-b05c-b27b6a02d468 c.m.m.s.i.c.CorrelationIdFilter - Request completed event="request_completed" correlationId="3b5186bd-a1be-40f2-b05c-b27b6a02d468" status="200"
[WebServer] 2026-09-06T17:35:56.973Z INFO  application=marketops-server environment=local buildVersion=0.1.0-SNAPSHOT correlationId=b8f1f5ab-aada-4eee-bf52-bfde79760e88 c.m.m.s.i.e.ConsoleProblemAdvice - Console request refused event="console_request_refused" errorCode="RESOURCE_NOT_FOUND" correlationId="b8f1f5ab-aada-4eee-bf52-bfde79760e88"
[WebServer] 2026-09-06T17:35:56.973Z INFO  application=marketops-server environment=local buildVersion=0.1.0-SNAPSHOT correlationId=b8f1f5ab-aada-4eee-bf52-bfde79760e88 c.m.m.s.i.c.CorrelationIdFilter - Request completed event="request_completed" correlationId="b8f1f5ab-aada-4eee-bf52-bfde79760e88" status="404"
[WebServer] 2026-09-06T17:35:56.979Z INFO  application=marketops-server environment=local buildVersion=0.1.0-SNAPSHOT correlationId=707c51ef-af77-4c9b-9a97-d37165d96a34 c.m.m.s.i.c.CorrelationIdFilter - Request completed event="request_completed" correlationId="707c51ef-af77-4c9b-9a97-d37165d96a34" status="200"
[WebServer] 2026-09-06T17:35:56.980Z INFO  application=marketops-server environment=local buildVersion=0.1.0-SNAPSHOT correlationId=79b1a698-7f95-4da2-b99b-f8e4ba84cd3e c.m.m.a.i.a.JdbcMetadataAuditStore - Metadata change recorded event="metadata_change_recorded" sourceDomain="advertisingefficiency" entityType="advertising_containments" entityId="91f28012-1989-422e-8baa-b6533df6e867" action="READ" actorId="622f58fa-7cd7-408d-97ce-3363982f7c14" correlationId="79b1a698-7f95-4da2-b99b-f8e4ba84cd3e"
[WebServer] 2026-09-06T17:35:56.984Z INFO  application=marketops-server environment=local buildVersion=0.1.0-SNAPSHOT correlationId=3ea3f89d-d150-4083-86ad-e28907000592 c.m.m.a.i.a.JdbcMetadataAuditStore - Metadata change recorded event="metadata_change_recorded" sourceDomain="availabilityrisk" entityType="availability_queue" entityId="91f28012-1989-422e-8baa-b6533df6e867" action="READ" actorId="622f58fa-7cd7-408d-97ce-3363982f7c14" correlationId="3ea3f89d-d150-4083-86ad-e28907000592"
[WebServer] 2026-09-06T17:35:56.985Z INFO  application=marketops-server environment=local buildVersion=0.1.0-SNAPSHOT correlationId=3ea3f89d-d150-4083-86ad-e28907000592 c.m.m.s.i.c.CorrelationIdFilter - Request completed event="request_completed" correlationId="3ea3f89d-d150-4083-86ad-e28907000592" status="200"
[WebServer] 2026-09-06T17:35:56.986Z INFO  application=marketops-server environment=local buildVersion=0.1.0-SNAPSHOT correlationId=15ad9a24-677d-4f69-85c1-cb6d7b48b402 c.m.m.s.i.e.ConsoleProblemAdvice - Console request refused event="console_request_refused" errorCode="RESOURCE_SCOPE_DENIED" correlationId="15ad9a24-677d-4f69-85c1-cb6d7b48b402"
[WebServer] 2026-09-06T17:35:56.987Z INFO  application=marketops-server environment=local buildVersion=0.1.0-SNAPSHOT correlationId=15ad9a24-677d-4f69-85c1-cb6d7b48b402 c.m.m.s.i.c.CorrelationIdFilter - Request completed event="request_completed" correlationId="15ad9a24-677d-4f69-85c1-cb6d7b48b402" status="403"
[WebServer] 2026-09-06T17:35:56.989Z INFO  application=marketops-server environment=local buildVersion=0.1.0-SNAPSHOT correlationId=79b1a698-7f95-4da2-b99b-f8e4ba84cd3e c.m.m.s.i.c.CorrelationIdFilter - Request completed event="request_completed" correlationId="79b1a698-7f95-4da2-b99b-f8e4ba84cd3e" status="200"
[WebServer] 2026-09-06T17:35:56.990Z INFO  application=marketops-server environment=local buildVersion=0.1.0-SNAPSHOT correlationId=72904438-899d-4a29-9c23-c1ea694ab078 c.m.m.s.i.e.ConsoleProblemAdvice - Console request refused event="console_request_refused" errorCode="RESOURCE_SCOPE_DENIED" correlationId="72904438-899d-4a29-9c23-c1ea694ab078"
[WebServer] 2026-09-06T17:35:56.991Z INFO  application=marketops-server environment=local buildVersion=0.1.0-SNAPSHOT correlationId=72904438-899d-4a29-9c23-c1ea694ab078 c.m.m.s.i.c.CorrelationIdFilter - Request completed event="request_completed" correlationId="72904438-899d-4a29-9c23-c1ea694ab078" status="403"
[WebServer] 2026-09-06T17:35:57.004Z INFO  application=marketops-server environment=local buildVersion=0.1.0-SNAPSHOT correlationId=6654a0f4-bdf8-4107-8ce5-07bf9f18f4bc c.m.m.a.i.a.JdbcMetadataAuditStore - Metadata change recorded event="metadata_change_recorded" sourceDomain="advertisingefficiency" entityType="advertising_queue" entityId="91f28012-1989-422e-8baa-b6533df6e867" action="READ" actorId="622f58fa-7cd7-408d-97ce-3363982f7c14" correlationId="6654a0f4-bdf8-4107-8ce5-07bf9f18f4bc"
[WebServer] 2026-09-06T17:35:57.004Z INFO  application=marketops-server environment=local buildVersion=0.1.0-SNAPSHOT correlationId=d543562d-95c6-417b-be80-56ab21349596 c.m.m.a.i.a.JdbcMetadataAuditStore - Metadata change recorded event="metadata_change_recorded" sourceDomain="advertisingefficiency" entityType="advertising_exposure" entityId="91f28012-1989-422e-8baa-b6533df6e867" action="READ" actorId="622f58fa-7cd7-408d-97ce-3363982f7c14" correlationId="d543562d-95c6-417b-be80-56ab21349596"
[WebServer] 2026-09-06T17:35:57.006Z INFO  application=marketops-server environment=local buildVersion=0.1.0-SNAPSHOT correlationId=d543562d-95c6-417b-be80-56ab21349596 c.m.m.s.i.c.CorrelationIdFilter - Request completed event="request_completed" correlationId="d543562d-95c6-417b-be80-56ab21349596" status="200"
[WebServer] 2026-09-06T17:35:57.027Z INFO  application=marketops-server environment=local buildVersion=0.1.0-SNAPSHOT correlationId=ee458d15-4667-4d6a-96ef-bf23046025df c.m.m.a.i.a.JdbcMetadataAuditStore - Metadata change recorded event="metadata_change_recorded" sourceDomain="advertisingefficiency" entityType="advertising_orchestration" entityId="91f28012-1989-422e-8baa-b6533df6e867" action="READ" actorId="622f58fa-7cd7-408d-97ce-3363982f7c14" correlationId="ee458d15-4667-4d6a-96ef-bf23046025df"
[WebServer] 2026-09-06T17:35:57.027Z INFO  application=marketops-server environment=local buildVersion=0.1.0-SNAPSHOT correlationId=6654a0f4-bdf8-4107-8ce5-07bf9f18f4bc c.m.m.s.i.c.CorrelationIdFilter - Request completed event="request_completed" correlationId="6654a0f4-bdf8-4107-8ce5-07bf9f18f4bc" status="200"
[WebServer] 2026-09-06T17:35:57.028Z INFO  application=marketops-server environment=local buildVersion=0.1.0-SNAPSHOT correlationId=ee458d15-4667-4d6a-96ef-bf23046025df c.m.m.s.i.c.CorrelationIdFilter - Request completed event="request_completed" correlationId="ee458d15-4667-4d6a-96ef-bf23046025df" status="200"
[WebServer] 2026-09-06T17:35:57.034Z INFO  application=marketops-server environment=local buildVersion=0.1.0-SNAPSHOT correlationId=586fd0da-88b5-4216-9e24-d9dc46c51054 c.m.m.s.i.c.CorrelationIdFilter - Request completed event="request_completed" correlationId="586fd0da-88b5-4216-9e24-d9dc46c51054" status="200"
[WebServer] 2026-09-06T17:35:57.156Z INFO  application=marketops-server environment=local buildVersion=0.1.0-SNAPSHOT correlationId=2b96a8f6-3583-4ddd-bccb-bfe9c9cd16c6 c.m.m.a.i.a.JdbcMetadataAuditStore - Metadata change recorded event="metadata_change_recorded" sourceDomain="advertisingefficiency" entityType="advertising_case" entityId="f93ac062-c62f-4740-91d3-a51c330007a4" action="READ" actorId="622f58fa-7cd7-408d-97ce-3363982f7c14" correlationId="2b96a8f6-3583-4ddd-bccb-bfe9c9cd16c6"
[WebServer] 2026-09-06T17:35:57.176Z INFO  application=marketops-server environment=local buildVersion=0.1.0-SNAPSHOT correlationId=2b96a8f6-3583-4ddd-bccb-bfe9c9cd16c6 c.m.m.s.i.c.CorrelationIdFilter - Request completed event="request_completed" correlationId="2b96a8f6-3583-4ddd-bccb-bfe9c9cd16c6" status="200"
[WebServer] 2026-09-06T17:35:57.205Z INFO  application=marketops-server environment=local buildVersion=0.1.0-SNAPSHOT correlationId=47d317b9-68e0-4808-bfb6-6d483466643a c.m.m.a.i.a.JdbcMetadataAuditStore - Metadata change recorded event="metadata_change_recorded" sourceDomain="advertisingefficiency" entityType="advertising_manual_packet" entityId="983308d7-b5c3-4a60-9b53-2493d4eae163" action="READ" actorId="622f58fa-7cd7-408d-97ce-3363982f7c14" correlationId="47d317b9-68e0-4808-bfb6-6d483466643a"
[WebServer] 2026-09-06T17:35:57.247Z INFO  application=marketops-server environment=local buildVersion=0.1.0-SNAPSHOT correlationId=0e6b3db8-66ea-4181-8bc7-63c36768dd72 c.m.m.s.i.c.CorrelationIdFilter - Request completed event="request_completed" correlationId="0e6b3db8-66ea-4181-8bc7-63c36768dd72" status="200"
[WebServer] 2026-09-06T17:35:57.267Z INFO  application=marketops-server environment=local buildVersion=0.1.0-SNAPSHOT correlationId=81a4b496-ffd6-46dc-bf11-71e1d1f3ebdc c.m.m.s.i.c.CorrelationIdFilter - Request completed event="request_completed" correlationId="81a4b496-ffd6-46dc-bf11-71e1d1f3ebdc" status="200"
[WebServer] 2026-09-06T17:35:57.269Z INFO  application=marketops-server environment=local buildVersion=0.1.0-SNAPSHOT correlationId=47d317b9-68e0-4808-bfb6-6d483466643a c.m.m.s.i.c.CorrelationIdFilter - Request completed event="request_completed" correlationId="47d317b9-68e0-4808-bfb6-6d483466643a" status="200"
[WebServer] 2026-09-06T17:35:57.296Z INFO  application=marketops-server environment=local buildVersion=0.1.0-SNAPSHOT correlationId=dc860dfb-9cee-4d5c-bd72-770484ffc596 c.m.m.s.i.c.CorrelationIdFilter - Request completed event="request_completed" correlationId="dc860dfb-9cee-4d5c-bd72-770484ffc596" status="200"
[WebServer] 2026-09-06T17:35:57.488Z INFO  application=marketops-server environment=local buildVersion=0.1.0-SNAPSHOT correlationId=5eb8e8cc-54d7-46c7-9e3b-5899b4d75d07 c.m.m.s.i.c.CorrelationIdFilter - Request completed event="request_completed" correlationId="5eb8e8cc-54d7-46c7-9e3b-5899b4d75d07" status="200"
[WebServer] 2026-09-06T17:35:57.502Z INFO  application=marketops-server environment=local buildVersion=0.1.0-SNAPSHOT correlationId=50c389f8-d6a4-43f8-82c4-47cbf6a2ab09 c.m.m.a.i.a.JdbcMetadataAuditStore - Metadata change recorded event="metadata_change_recorded" sourceDomain="advertisingefficiency" entityType="advertising_manual_packet" entityId="983308d7-b5c3-4a60-9b53-2493d4eae163" action="READ" actorId="622f58fa-7cd7-408d-97ce-3363982f7c14" correlationId="50c389f8-d6a4-43f8-82c4-47cbf6a2ab09"
[WebServer] 2026-09-06T17:35:57.544Z INFO  application=marketops-server environment=local buildVersion=0.1.0-SNAPSHOT correlationId=50c389f8-d6a4-43f8-82c4-47cbf6a2ab09 c.m.m.s.i.c.CorrelationIdFilter - Request completed event="request_completed" correlationId="50c389f8-d6a4-43f8-82c4-47cbf6a2ab09" status="200"
[WebServer] 2026-09-06T17:35:57.878Z INFO  application=marketops-server environment=local buildVersion=0.1.0-SNAPSHOT correlationId=bd4817a1-8cce-42e3-8a05-637982b71341 c.m.m.s.i.c.CorrelationIdFilter - Request completed event="request_completed" correlationId="bd4817a1-8cce-42e3-8a05-637982b71341" status="200"
[WebServer] 2026-09-06T17:35:57.881Z INFO  application=marketops-server environment=local buildVersion=0.1.0-SNAPSHOT correlationId=f6dff8c2-43dd-4fe4-b7dd-7a829b281e86 c.m.m.a.i.a.JdbcMetadataAuditStore - Metadata change recorded event="metadata_change_recorded" sourceDomain="advertisingefficiency" entityType="advertising_reservations" entityId="91f28012-1989-422e-8baa-b6533df6e867" action="READ" actorId="79dcef64-c4b3-4b4a-98b3-01f3513bd815" correlationId="f6dff8c2-43dd-4fe4-b7dd-7a829b281e86"
[WebServer] 2026-09-06T17:35:57.883Z INFO  application=marketops-server environment=local buildVersion=0.1.0-SNAPSHOT correlationId=f6dff8c2-43dd-4fe4-b7dd-7a829b281e86 c.m.m.s.i.c.CorrelationIdFilter - Request completed event="request_completed" correlationId="f6dff8c2-43dd-4fe4-b7dd-7a829b281e86" status="200"
[WebServer] 2026-09-06T17:35:57.886Z INFO  application=marketops-server environment=local buildVersion=0.1.0-SNAPSHOT correlationId=212c191b-5efb-4a65-aace-94740966b3f9 c.m.m.a.i.a.JdbcMetadataAuditStore - Metadata change recorded event="metadata_change_recorded" sourceDomain="advertisingefficiency" entityType="advertising_containments" entityId="91f28012-1989-422e-8baa-b6533df6e867" action="READ" actorId="79dcef64-c4b3-4b4a-98b3-01f3513bd815" correlationId="212c191b-5efb-4a65-aace-94740966b3f9"
[WebServer] 2026-09-06T17:35:57.886Z INFO  application=marketops-server environment=local buildVersion=0.1.0-SNAPSHOT correlationId=ef40d11b-6b13-4ee3-a6f0-c887ff69ec4e c.m.m.s.i.e.ConsoleProblemAdvice - Console request refused event="console_request_refused" errorCode="RESOURCE_NOT_FOUND" correlationId="ef40d11b-6b13-4ee3-a6f0-c887ff69ec4e"
[WebServer] 2026-09-06T17:35:57.886Z INFO  application=marketops-server environment=local buildVersion=0.1.0-SNAPSHOT correlationId=97406841-238e-4ded-bcb6-54e04e0353ec c.m.m.a.i.a.JdbcMetadataAuditStore - Metadata change recorded event="metadata_change_recorded" sourceDomain="availabilityrisk" entityType="availability_queue" entityId="91f28012-1989-422e-8baa-b6533df6e867" action="READ" actorId="79dcef64-c4b3-4b4a-98b3-01f3513bd815" correlationId="97406841-238e-4ded-bcb6-54e04e0353ec"
[WebServer] 2026-09-06T17:35:57.887Z INFO  application=marketops-server environment=local buildVersion=0.1.0-SNAPSHOT correlationId=ef40d11b-6b13-4ee3-a6f0-c887ff69ec4e c.m.m.s.i.c.CorrelationIdFilter - Request completed event="request_completed" correlationId="ef40d11b-6b13-4ee3-a6f0-c887ff69ec4e" status="404"
[WebServer] 2026-09-06T17:35:57.889Z INFO  application=marketops-server environment=local buildVersion=0.1.0-SNAPSHOT correlationId=97406841-238e-4ded-bcb6-54e04e0353ec c.m.m.s.i.c.CorrelationIdFilter - Request completed event="request_completed" correlationId="97406841-238e-4ded-bcb6-54e04e0353ec" status="200"
[WebServer] 2026-09-06T17:35:57.891Z INFO  application=marketops-server environment=local buildVersion=0.1.0-SNAPSHOT correlationId=811cf987-2b29-4a08-96d4-b1802eba0b1e c.m.m.s.i.e.ConsoleProblemAdvice - Console request refused event="console_request_refused" errorCode="RESOURCE_SCOPE_DENIED" correlationId="811cf987-2b29-4a08-96d4-b1802eba0b1e"
[WebServer] 2026-09-06T17:35:57.892Z INFO  application=marketops-server environment=local buildVersion=0.1.0-SNAPSHOT correlationId=811cf987-2b29-4a08-96d4-b1802eba0b1e c.m.m.s.i.c.CorrelationIdFilter - Request completed event="request_completed" correlationId="811cf987-2b29-4a08-96d4-b1802eba0b1e" status="403"
[WebServer] 2026-09-06T17:35:57.895Z INFO  application=marketops-server environment=local buildVersion=0.1.0-SNAPSHOT correlationId=212c191b-5efb-4a65-aace-94740966b3f9 c.m.m.s.i.c.CorrelationIdFilter - Request completed event="request_completed" correlationId="212c191b-5efb-4a65-aace-94740966b3f9" status="200"
[WebServer] 2026-09-06T17:35:57.903Z INFO  application=marketops-server environment=local buildVersion=0.1.0-SNAPSHOT correlationId=50bbc99a-692a-4139-8d0d-b395e061ab1b c.m.m.s.i.e.ConsoleProblemAdvice - Console request refused event="console_request_refused" errorCode="RESOURCE_SCOPE_DENIED" correlationId="50bbc99a-692a-4139-8d0d-b395e061ab1b"
[WebServer] 2026-09-06T17:35:57.903Z INFO  application=marketops-server environment=local buildVersion=0.1.0-SNAPSHOT correlationId=50bbc99a-692a-4139-8d0d-b395e061ab1b c.m.m.s.i.c.CorrelationIdFilter - Request completed event="request_completed" correlationId="50bbc99a-692a-4139-8d0d-b395e061ab1b" status="403"
[WebServer] 2026-09-06T17:35:57.907Z INFO  application=marketops-server environment=local buildVersion=0.1.0-SNAPSHOT correlationId=c6ed2a8e-8447-4505-832e-50d95192a28b c.m.m.a.i.a.JdbcMetadataAuditStore - Metadata change recorded event="metadata_change_recorded" sourceDomain="advertisingefficiency" entityType="advertising_queue" entityId="91f28012-1989-422e-8baa-b6533df6e867" action="READ" actorId="79dcef64-c4b3-4b4a-98b3-01f3513bd815" correlationId="c6ed2a8e-8447-4505-832e-50d95192a28b"
[WebServer] 2026-09-06T17:35:57.920Z INFO  application=marketops-server environment=local buildVersion=0.1.0-SNAPSHOT correlationId=c6ed2a8e-8447-4505-832e-50d95192a28b c.m.m.s.i.c.CorrelationIdFilter - Request completed event="request_completed" correlationId="c6ed2a8e-8447-4505-832e-50d95192a28b" status="200"
[WebServer] 2026-09-06T17:35:57.929Z INFO  application=marketops-server environment=local buildVersion=0.1.0-SNAPSHOT correlationId=436d6565-26d6-4d06-aa1c-db8d345db1b5 c.m.m.a.i.a.JdbcMetadataAuditStore - Metadata change recorded event="metadata_change_recorded" sourceDomain="advertisingefficiency" entityType="advertising_exposure" entityId="91f28012-1989-422e-8baa-b6533df6e867" action="READ" actorId="79dcef64-c4b3-4b4a-98b3-01f3513bd815" correlationId="436d6565-26d6-4d06-aa1c-db8d345db1b5"
[WebServer] 2026-09-06T17:35:57.930Z INFO  application=marketops-server environment=local buildVersion=0.1.0-SNAPSHOT correlationId=436d6565-26d6-4d06-aa1c-db8d345db1b5 c.m.m.s.i.c.CorrelationIdFilter - Request completed event="request_completed" correlationId="436d6565-26d6-4d06-aa1c-db8d345db1b5" status="200"
[WebServer] 2026-09-06T17:35:57.940Z INFO  application=marketops-server environment=local buildVersion=0.1.0-SNAPSHOT correlationId=6285d631-c2d8-42b3-ad23-34c910cdcfb6 c.m.m.s.i.c.CorrelationIdFilter - Request completed event="request_completed" correlationId="6285d631-c2d8-42b3-ad23-34c910cdcfb6" status="200"
[WebServer] 2026-09-06T17:35:57.947Z INFO  application=marketops-server environment=local buildVersion=0.1.0-SNAPSHOT correlationId=b9f1c298-bfd3-4569-bdad-a301f807482a c.m.m.a.i.a.JdbcMetadataAuditStore - Metadata change recorded event="metadata_change_recorded" sourceDomain="advertisingefficiency" entityType="advertising_orchestration" entityId="91f28012-1989-422e-8baa-b6533df6e867" action="READ" actorId="79dcef64-c4b3-4b4a-98b3-01f3513bd815" correlationId="b9f1c298-bfd3-4569-bdad-a301f807482a"
[WebServer] 2026-09-06T17:35:57.948Z INFO  application=marketops-server environment=local buildVersion=0.1.0-SNAPSHOT correlationId=b9f1c298-bfd3-4569-bdad-a301f807482a c.m.m.s.i.c.CorrelationIdFilter - Request completed event="request_completed" correlationId="b9f1c298-bfd3-4569-bdad-a301f807482a" status="200"
[WebServer] 2026-09-06T17:35:58.056Z INFO  application=marketops-server environment=local buildVersion=0.1.0-SNAPSHOT correlationId=955db9de-e2b7-4d6b-8fe6-42069e0ab6b8 c.m.m.a.i.a.JdbcMetadataAuditStore - Metadata change recorded event="metadata_change_recorded" sourceDomain="advertisingefficiency" entityType="advertising_case" entityId="f93ac062-c62f-4740-91d3-a51c330007a4" action="READ" actorId="79dcef64-c4b3-4b4a-98b3-01f3513bd815" correlationId="955db9de-e2b7-4d6b-8fe6-42069e0ab6b8"
[WebServer] 2026-09-06T17:35:58.066Z INFO  application=marketops-server environment=local buildVersion=0.1.0-SNAPSHOT correlationId=955db9de-e2b7-4d6b-8fe6-42069e0ab6b8 c.m.m.s.i.c.CorrelationIdFilter - Request completed event="request_completed" correlationId="955db9de-e2b7-4d6b-8fe6-42069e0ab6b8" status="200"
[WebServer] 2026-09-06T17:35:58.091Z INFO  application=marketops-server environment=local buildVersion=0.1.0-SNAPSHOT correlationId=05f86551-f078-4ecd-a040-86f36972fe24 c.m.m.a.i.a.JdbcMetadataAuditStore - Metadata change recorded event="metadata_change_recorded" sourceDomain="advertisingefficiency" entityType="advertising_manual_packet" entityId="983308d7-b5c3-4a60-9b53-2493d4eae163" action="READ" actorId="79dcef64-c4b3-4b4a-98b3-01f3513bd815" correlationId="05f86551-f078-4ecd-a040-86f36972fe24"
[WebServer] 2026-09-06T17:35:58.127Z INFO  application=marketops-server environment=local buildVersion=0.1.0-SNAPSHOT correlationId=2821dcf1-3951-4aeb-949f-c3a123554707 c.m.m.s.i.c.CorrelationIdFilter - Request completed event="request_completed" correlationId="2821dcf1-3951-4aeb-949f-c3a123554707" status="200"
[WebServer] 2026-09-06T17:35:58.146Z INFO  application=marketops-server environment=local buildVersion=0.1.0-SNAPSHOT correlationId=4942c800-7230-4cbd-9c7a-de81ea8bc308 c.m.m.s.i.c.CorrelationIdFilter - Request completed event="request_completed" correlationId="4942c800-7230-4cbd-9c7a-de81ea8bc308" status="200"
[WebServer] 2026-09-06T17:35:58.146Z INFO  application=marketops-server environment=local buildVersion=0.1.0-SNAPSHOT correlationId=05f86551-f078-4ecd-a040-86f36972fe24 c.m.m.s.i.c.CorrelationIdFilter - Request completed event="request_completed" correlationId="05f86551-f078-4ecd-a040-86f36972fe24" status="200"
[WebServer] 2026-09-06T17:35:58.188Z INFO  application=marketops-server environment=local buildVersion=0.1.0-SNAPSHOT correlationId=eae5996d-f305-4416-a075-083e1d98a62a c.m.m.s.i.c.CorrelationIdFilter - Request completed event="request_completed" correlationId="eae5996d-f305-4416-a075-083e1d98a62a" status="200"
[WebServer] 2026-09-06T17:35:58.354Z INFO  application=marketops-server environment=local buildVersion=0.1.0-SNAPSHOT correlationId=16327981-ab07-456f-9be2-74311881ec86 c.m.m.s.i.c.CorrelationIdFilter - Request completed event="request_completed" correlationId="16327981-ab07-456f-9be2-74311881ec86" status="200"
[WebServer] 2026-09-06T17:35:58.374Z INFO  application=marketops-server environment=local buildVersion=0.1.0-SNAPSHOT correlationId=87ed5a37-4047-457e-85ad-d42609f258a9 c.m.m.a.i.a.JdbcMetadataAuditStore - Metadata change recorded event="metadata_change_recorded" sourceDomain="advertisingefficiency" entityType="advertising_manual_packet" entityId="983308d7-b5c3-4a60-9b53-2493d4eae163" action="READ" actorId="79dcef64-c4b3-4b4a-98b3-01f3513bd815" correlationId="87ed5a37-4047-457e-85ad-d42609f258a9"
[WebServer] 2026-09-06T17:35:58.416Z INFO  application=marketops-server environment=local buildVersion=0.1.0-SNAPSHOT correlationId=87ed5a37-4047-457e-85ad-d42609f258a9 c.m.m.s.i.c.CorrelationIdFilter - Request completed event="request_completed" correlationId="87ed5a37-4047-457e-85ad-d42609f258a9" status="200"
[WebServer] 2026-09-06T17:35:59.036Z INFO  application=marketops-server environment=local buildVersion=0.1.0-SNAPSHOT correlationId=994c2bd3-9a37-40db-9fc3-fc9135e66019 c.m.m.a.i.a.JdbcMetadataAuditStore - Metadata change recorded event="metadata_change_recorded" sourceDomain="advertisingefficiency" entityType="advertising_reservations" entityId="91f28012-1989-422e-8baa-b6533df6e867" action="READ" actorId="63ba8af2-d98d-4033-8ed4-9fd297a114ec" correlationId="994c2bd3-9a37-40db-9fc3-fc9135e66019"
[WebServer] 2026-09-06T17:35:59.037Z INFO  application=marketops-server environment=local buildVersion=0.1.0-SNAPSHOT correlationId=6e159ffe-2690-47bd-9572-6b1a54138609 c.m.m.a.i.a.JdbcMetadataAuditStore - Metadata change recorded event="metadata_change_recorded" sourceDomain="advertisingefficiency" entityType="advertising_containments" entityId="91f28012-1989-422e-8baa-b6533df6e867" action="READ" actorId="63ba8af2-d98d-4033-8ed4-9fd297a114ec" correlationId="6e159ffe-2690-47bd-9572-6b1a54138609"
[WebServer] 2026-09-06T17:35:59.037Z INFO  application=marketops-server environment=local buildVersion=0.1.0-SNAPSHOT correlationId=0db2f30b-6cdb-4dfc-8df0-b7af7ecb6a2c c.m.m.s.i.e.ConsoleProblemAdvice - Console request refused event="console_request_refused" errorCode="RESOURCE_SCOPE_DENIED" correlationId="0db2f30b-6cdb-4dfc-8df0-b7af7ecb6a2c"
[WebServer] 2026-09-06T17:35:59.038Z INFO  application=marketops-server environment=local buildVersion=0.1.0-SNAPSHOT correlationId=994c2bd3-9a37-40db-9fc3-fc9135e66019 c.m.m.s.i.c.CorrelationIdFilter - Request completed event="request_completed" correlationId="994c2bd3-9a37-40db-9fc3-fc9135e66019" status="200"
[WebServer] 2026-09-06T17:35:59.038Z INFO  application=marketops-server environment=local buildVersion=0.1.0-SNAPSHOT correlationId=0db2f30b-6cdb-4dfc-8df0-b7af7ecb6a2c c.m.m.s.i.c.CorrelationIdFilter - Request completed event="request_completed" correlationId="0db2f30b-6cdb-4dfc-8df0-b7af7ecb6a2c" status="403"
[WebServer] 2026-09-06T17:35:59.041Z INFO  application=marketops-server environment=local buildVersion=0.1.0-SNAPSHOT correlationId=110868c4-55ce-4b5f-9293-90bd067f3f7c c.m.m.a.i.a.JdbcMetadataAuditStore - Metadata change recorded event="metadata_change_recorded" sourceDomain="availabilityrisk" entityType="availability_queue" entityId="91f28012-1989-422e-8baa-b6533df6e867" action="READ" actorId="63ba8af2-d98d-4033-8ed4-9fd297a114ec" correlationId="110868c4-55ce-4b5f-9293-90bd067f3f7c"
[WebServer] 2026-09-06T17:35:59.042Z INFO  application=marketops-server environment=local buildVersion=0.1.0-SNAPSHOT correlationId=5393ac16-8658-495d-b22c-38b66a44f2cb c.m.m.s.i.e.ConsoleProblemAdvice - Console request refused event="console_request_refused" errorCode="RESOURCE_NOT_FOUND" correlationId="5393ac16-8658-495d-b22c-38b66a44f2cb"
[WebServer] 2026-09-06T17:35:59.042Z INFO  application=marketops-server environment=local buildVersion=0.1.0-SNAPSHOT correlationId=5393ac16-8658-495d-b22c-38b66a44f2cb c.m.m.s.i.c.CorrelationIdFilter - Request completed event="request_completed" correlationId="5393ac16-8658-495d-b22c-38b66a44f2cb" status="404"
[WebServer] 2026-09-06T17:35:59.043Z INFO  application=marketops-server environment=local buildVersion=0.1.0-SNAPSHOT correlationId=110868c4-55ce-4b5f-9293-90bd067f3f7c c.m.m.s.i.c.CorrelationIdFilter - Request completed event="request_completed" correlationId="110868c4-55ce-4b5f-9293-90bd067f3f7c" status="200"
[WebServer] 2026-09-06T17:35:59.044Z INFO  application=marketops-server environment=local buildVersion=0.1.0-SNAPSHOT correlationId=1131baeb-1f70-4c3a-99a2-ef833119f6a2 c.m.m.s.i.c.CorrelationIdFilter - Request completed event="request_completed" correlationId="1131baeb-1f70-4c3a-99a2-ef833119f6a2" status="200"
[WebServer] 2026-09-06T17:35:59.049Z INFO  application=marketops-server environment=local buildVersion=0.1.0-SNAPSHOT correlationId=6e159ffe-2690-47bd-9572-6b1a54138609 c.m.m.s.i.c.CorrelationIdFilter - Request completed event="request_completed" correlationId="6e159ffe-2690-47bd-9572-6b1a54138609" status="200"
[WebServer] 2026-09-06T17:35:59.051Z INFO  application=marketops-server environment=local buildVersion=0.1.0-SNAPSHOT correlationId=7cc77b95-82ec-4163-bc8c-f5e0cae8ed70 c.m.m.a.i.a.JdbcMetadataAuditStore - Metadata change recorded event="metadata_change_recorded" sourceDomain="advertisingefficiency" entityType="advertising_exposure" entityId="91f28012-1989-422e-8baa-b6533df6e867" action="READ" actorId="63ba8af2-d98d-4033-8ed4-9fd297a114ec" correlationId="7cc77b95-82ec-4163-bc8c-f5e0cae8ed70"
[WebServer] 2026-09-06T17:35:59.052Z INFO  application=marketops-server environment=local buildVersion=0.1.0-SNAPSHOT correlationId=7cc77b95-82ec-4163-bc8c-f5e0cae8ed70 c.m.m.s.i.c.CorrelationIdFilter - Request completed event="request_completed" correlationId="7cc77b95-82ec-4163-bc8c-f5e0cae8ed70" status="200"
[WebServer] 2026-09-06T17:35:59.056Z INFO  application=marketops-server environment=local buildVersion=0.1.0-SNAPSHOT correlationId=7a5d029f-c426-46f4-8703-9064ae6dd358 c.m.m.s.i.e.ConsoleProblemAdvice - Console request refused event="console_request_refused" errorCode="RESOURCE_SCOPE_DENIED" correlationId="7a5d029f-c426-46f4-8703-9064ae6dd358"
[WebServer] 2026-09-06T17:35:59.057Z INFO  application=marketops-server environment=local buildVersion=0.1.0-SNAPSHOT correlationId=7a5d029f-c426-46f4-8703-9064ae6dd358 c.m.m.s.i.c.CorrelationIdFilter - Request completed event="request_completed" correlationId="7a5d029f-c426-46f4-8703-9064ae6dd358" status="403"
[WebServer] 2026-09-06T17:35:59.061Z INFO  application=marketops-server environment=local buildVersion=0.1.0-SNAPSHOT correlationId=2bb8f7e5-2736-43b4-b5e7-75f8095f2a39 c.m.m.a.i.a.JdbcMetadataAuditStore - Metadata change recorded event="metadata_change_recorded" sourceDomain="advertisingefficiency" entityType="advertising_queue" entityId="91f28012-1989-422e-8baa-b6533df6e867" action="READ" actorId="63ba8af2-d98d-4033-8ed4-9fd297a114ec" correlationId="2bb8f7e5-2736-43b4-b5e7-75f8095f2a39"
[WebServer] 2026-09-06T17:35:59.066Z INFO  application=marketops-server environment=local buildVersion=0.1.0-SNAPSHOT correlationId=4313d1aa-653a-4a0f-8ee7-6baa9ecacbe2 c.m.m.a.i.a.JdbcMetadataAuditStore - Metadata change recorded event="metadata_change_recorded" sourceDomain="advertisingefficiency" entityType="advertising_orchestration" entityId="91f28012-1989-422e-8baa-b6533df6e867" action="READ" actorId="63ba8af2-d98d-4033-8ed4-9fd297a114ec" correlationId="4313d1aa-653a-4a0f-8ee7-6baa9ecacbe2"
[WebServer] 2026-09-06T17:35:59.067Z INFO  application=marketops-server environment=local buildVersion=0.1.0-SNAPSHOT correlationId=4313d1aa-653a-4a0f-8ee7-6baa9ecacbe2 c.m.m.s.i.c.CorrelationIdFilter - Request completed event="request_completed" correlationId="4313d1aa-653a-4a0f-8ee7-6baa9ecacbe2" status="200"
[WebServer] 2026-09-06T17:35:59.074Z INFO  application=marketops-server environment=local buildVersion=0.1.0-SNAPSHOT correlationId=2bb8f7e5-2736-43b4-b5e7-75f8095f2a39 c.m.m.s.i.c.CorrelationIdFilter - Request completed event="request_completed" correlationId="2bb8f7e5-2736-43b4-b5e7-75f8095f2a39" status="200"
[WebServer] 2026-09-06T17:35:59.100Z INFO  application=marketops-server environment=local buildVersion=0.1.0-SNAPSHOT correlationId=930c82db-deb9-4772-80c6-422621f7a8c9 c.m.m.s.i.c.CorrelationIdFilter - Request completed event="request_completed" correlationId="930c82db-deb9-4772-80c6-422621f7a8c9" status="200"
[WebServer] 2026-09-06T17:35:59.215Z INFO  application=marketops-server environment=local buildVersion=0.1.0-SNAPSHOT correlationId=6011ac07-e838-4e26-a3d9-18cabb31cd92 c.m.m.a.i.a.JdbcMetadataAuditStore - Metadata change recorded event="metadata_change_recorded" sourceDomain="advertisingefficiency" entityType="advertising_case" entityId="f93ac062-c62f-4740-91d3-a51c330007a4" action="READ" actorId="63ba8af2-d98d-4033-8ed4-9fd297a114ec" correlationId="6011ac07-e838-4e26-a3d9-18cabb31cd92"
[WebServer] 2026-09-06T17:35:59.229Z INFO  application=marketops-server environment=local buildVersion=0.1.0-SNAPSHOT correlationId=6011ac07-e838-4e26-a3d9-18cabb31cd92 c.m.m.s.i.c.CorrelationIdFilter - Request completed event="request_completed" correlationId="6011ac07-e838-4e26-a3d9-18cabb31cd92" status="200"
[WebServer] 2026-09-06T17:35:59.253Z INFO  application=marketops-server environment=local buildVersion=0.1.0-SNAPSHOT correlationId=1c1383b7-06ae-42bd-98a1-2250c85a8600 c.m.m.a.i.a.JdbcMetadataAuditStore - Metadata change recorded event="metadata_change_recorded" sourceDomain="advertisingefficiency" entityType="advertising_manual_packet" entityId="983308d7-b5c3-4a60-9b53-2493d4eae163" action="READ" actorId="63ba8af2-d98d-4033-8ed4-9fd297a114ec" correlationId="1c1383b7-06ae-42bd-98a1-2250c85a8600"
[WebServer] 2026-09-06T17:35:59.286Z INFO  application=marketops-server environment=local buildVersion=0.1.0-SNAPSHOT correlationId=c00ef8d6-4dc1-4bbf-a47d-49e161ca9c47 c.m.m.s.i.c.CorrelationIdFilter - Request completed event="request_completed" correlationId="c00ef8d6-4dc1-4bbf-a47d-49e161ca9c47" status="200"
[WebServer] 2026-09-06T17:35:59.316Z INFO  application=marketops-server environment=local buildVersion=0.1.0-SNAPSHOT correlationId=60db2fed-c711-4c0c-986e-2476a7e902ba c.m.m.s.i.c.CorrelationIdFilter - Request completed event="request_completed" correlationId="60db2fed-c711-4c0c-986e-2476a7e902ba" status="200"
[WebServer] 2026-09-06T17:35:59.333Z INFO  application=marketops-server environment=local buildVersion=0.1.0-SNAPSHOT correlationId=1c1383b7-06ae-42bd-98a1-2250c85a8600 c.m.m.s.i.c.CorrelationIdFilter - Request completed event="request_completed" correlationId="1c1383b7-06ae-42bd-98a1-2250c85a8600" status="200"
[WebServer] 2026-09-06T17:35:59.357Z INFO  application=marketops-server environment=local buildVersion=0.1.0-SNAPSHOT correlationId=8ab9531f-a81c-4c37-8aa0-511da3aadc39 c.m.m.s.i.c.CorrelationIdFilter - Request completed event="request_completed" correlationId="8ab9531f-a81c-4c37-8aa0-511da3aadc39" status="200"
[WebServer] 2026-09-06T17:35:59.492Z INFO  application=marketops-server environment=local buildVersion=0.1.0-SNAPSHOT correlationId=fe03a5b9-18d1-4650-adf1-48de2f7d19f6 c.m.m.s.i.c.CorrelationIdFilter - Request completed event="request_completed" correlationId="fe03a5b9-18d1-4650-adf1-48de2f7d19f6" status="200"
[WebServer] 2026-09-06T17:35:59.505Z INFO  application=marketops-server environment=local buildVersion=0.1.0-SNAPSHOT correlationId=709a72e8-c0f8-4d98-b893-0704c93cec25 c.m.m.a.i.a.JdbcMetadataAuditStore - Metadata change recorded event="metadata_change_recorded" sourceDomain="advertisingefficiency" entityType="advertising_manual_packet" entityId="983308d7-b5c3-4a60-9b53-2493d4eae163" action="READ" actorId="63ba8af2-d98d-4033-8ed4-9fd297a114ec" correlationId="709a72e8-c0f8-4d98-b893-0704c93cec25"
[WebServer] 2026-09-06T17:35:59.536Z INFO  application=marketops-server environment=local buildVersion=0.1.0-SNAPSHOT correlationId=709a72e8-c0f8-4d98-b893-0704c93cec25 c.m.m.s.i.c.CorrelationIdFilter - Request completed event="request_completed" correlationId="709a72e8-c0f8-4d98-b893-0704c93cec25" status="200"
[WebServer] 2026-09-06T17:35:59.655Z INFO  application=marketops-server environment=local buildVersion=0.1.0-SNAPSHOT correlationId=dda2aa2f-440e-4a6d-b4fe-0d900129a60a c.m.m.s.i.c.CorrelationIdFilter - Request completed event="request_completed" correlationId="dda2aa2f-440e-4a6d-b4fe-0d900129a60a" status="200"
[WebServer] 2026-09-06T17:35:59.671Z INFO  application=marketops-server environment=local buildVersion=0.1.0-SNAPSHOT correlationId=61e21628-b298-4be2-b269-61866cb98ef0 c.m.m.a.i.a.JdbcMetadataAuditStore - Metadata change recorded event="metadata_change_recorded" sourceDomain="advertisingefficiency" entityType="advertising_manual_packet" entityId="983308d7-b5c3-4a60-9b53-2493d4eae163" action="READ" actorId="63ba8af2-d98d-4033-8ed4-9fd297a114ec" correlationId="61e21628-b298-4be2-b269-61866cb98ef0"
[WebServer] 2026-09-06T17:35:59.695Z INFO  application=marketops-server environment=local buildVersion=0.1.0-SNAPSHOT correlationId=61e21628-b298-4be2-b269-61866cb98ef0 c.m.m.s.i.c.CorrelationIdFilter - Request completed event="request_completed" correlationId="61e21628-b298-4be2-b269-61866cb98ef0" status="200"
[WebServer] 2026-09-06T17:35:59.747Z DEBUG application=marketops-server environment=local buildVersion=0.1.0-SNAPSHOT correlationId=0e4325f8-b161-4acd-8753-02c7df044089 c.m.m.s.i.c.CorrelationIdFilter - Inbound correlation identifier replaced event="correlation_identifier_replaced" correlationId="0e4325f8-b161-4acd-8753-02c7df044089" rejectionCategory="MISSING"
[WebServer] 2026-09-06T17:35:59.760Z INFO  application=marketops-server environment=local buildVersion=0.1.0-SNAPSHOT correlationId=0e4325f8-b161-4acd-8753-02c7df044089 c.m.m.s.i.e.ConsoleProblemAdvice - Console request refused event="console_request_refused" errorCode="ACTION_NOT_PERMITTED" correlationId="0e4325f8-b161-4acd-8753-02c7df044089"
[WebServer] 2026-09-06T17:35:59.760Z INFO  application=marketops-server environment=local buildVersion=0.1.0-SNAPSHOT correlationId=0e4325f8-b161-4acd-8753-02c7df044089 c.m.m.s.i.c.CorrelationIdFilter - Request completed event="request_completed" correlationId="0e4325f8-b161-4acd-8753-02c7df044089" status="403"
[WebServer] 2026-09-06T17:36:00.031Z INFO  application=marketops-server environment=local buildVersion=0.1.0-SNAPSHOT correlationId=b487dd3b-83f4-4e3b-aad5-5148b152680f c.m.m.s.i.e.ConsoleProblemAdvice - Console request refused event="console_request_refused" errorCode="RESOURCE_NOT_FOUND" correlationId="b487dd3b-83f4-4e3b-aad5-5148b152680f"
[WebServer] 2026-09-06T17:36:00.031Z INFO  application=marketops-server environment=local buildVersion=0.1.0-SNAPSHOT correlationId=58cc4c22-3b53-44c8-a02b-2a93313b3a75 c.m.m.a.i.a.JdbcMetadataAuditStore - Metadata change recorded event="metadata_change_recorded" sourceDomain="advertisingefficiency" entityType="advertising_containments" entityId="91f28012-1989-422e-8baa-b6533df6e867" action="READ" actorId="622f58fa-7cd7-408d-97ce-3363982f7c14" correlationId="58cc4c22-3b53-44c8-a02b-2a93313b3a75"
[WebServer] 2026-09-06T17:36:00.031Z INFO  application=marketops-server environment=local buildVersion=0.1.0-SNAPSHOT correlationId=b487dd3b-83f4-4e3b-aad5-5148b152680f c.m.m.s.i.c.CorrelationIdFilter - Request completed event="request_completed" correlationId="b487dd3b-83f4-4e3b-aad5-5148b152680f" status="404"
[WebServer] 2026-09-06T17:36:00.033Z INFO  application=marketops-server environment=local buildVersion=0.1.0-SNAPSHOT correlationId=15c44247-931d-4dce-a348-e72d03a826d4 c.m.m.s.i.c.CorrelationIdFilter - Request completed event="request_completed" correlationId="15c44247-931d-4dce-a348-e72d03a826d4" status="200"
[WebServer] 2026-09-06T17:36:00.034Z INFO  application=marketops-server environment=local buildVersion=0.1.0-SNAPSHOT correlationId=60715bea-d4aa-44f6-9f3e-a2d0167a8bb1 c.m.m.s.i.e.ConsoleProblemAdvice - Console request refused event="console_request_refused" errorCode="RESOURCE_SCOPE_DENIED" correlationId="60715bea-d4aa-44f6-9f3e-a2d0167a8bb1"
[WebServer] 2026-09-06T17:36:00.034Z INFO  application=marketops-server environment=local buildVersion=0.1.0-SNAPSHOT correlationId=60715bea-d4aa-44f6-9f3e-a2d0167a8bb1 c.m.m.s.i.c.CorrelationIdFilter - Request completed event="request_completed" correlationId="60715bea-d4aa-44f6-9f3e-a2d0167a8bb1" status="403"
[WebServer] 2026-09-06T17:36:00.043Z INFO  application=marketops-server environment=local buildVersion=0.1.0-SNAPSHOT correlationId=da995784-1b86-4938-aab6-8b1d3db13506 c.m.m.a.i.a.JdbcMetadataAuditStore - Metadata change recorded event="metadata_change_recorded" sourceDomain="advertisingefficiency" entityType="advertising_reservations" entityId="91f28012-1989-422e-8baa-b6533df6e867" action="READ" actorId="622f58fa-7cd7-408d-97ce-3363982f7c14" correlationId="da995784-1b86-4938-aab6-8b1d3db13506"
[WebServer] 2026-09-06T17:36:00.047Z INFO  application=marketops-server environment=local buildVersion=0.1.0-SNAPSHOT correlationId=e2fb8281-49c0-4ad2-aa4e-55b5aff7381b c.m.m.a.i.a.JdbcMetadataAuditStore - Metadata change recorded event="metadata_change_recorded" sourceDomain="availabilityrisk" entityType="availability_queue" entityId="91f28012-1989-422e-8baa-b6533df6e867" action="READ" actorId="622f58fa-7cd7-408d-97ce-3363982f7c14" correlationId="e2fb8281-49c0-4ad2-aa4e-55b5aff7381b"
[WebServer] 2026-09-06T17:36:00.049Z INFO  application=marketops-server environment=local buildVersion=0.1.0-SNAPSHOT correlationId=e2fb8281-49c0-4ad2-aa4e-55b5aff7381b c.m.m.s.i.c.CorrelationIdFilter - Request completed event="request_completed" correlationId="e2fb8281-49c0-4ad2-aa4e-55b5aff7381b" status="200"
[WebServer] 2026-09-06T17:36:00.050Z INFO  application=marketops-server environment=local buildVersion=0.1.0-SNAPSHOT correlationId=58cc4c22-3b53-44c8-a02b-2a93313b3a75 c.m.m.s.i.c.CorrelationIdFilter - Request completed event="request_completed" correlationId="58cc4c22-3b53-44c8-a02b-2a93313b3a75" status="200"
[WebServer] 2026-09-06T17:36:00.060Z INFO  application=marketops-server environment=local buildVersion=0.1.0-SNAPSHOT correlationId=fe9e02c8-50b5-4530-acb2-6283c395c6fe c.m.m.s.i.e.ConsoleProblemAdvice - Console request refused event="console_request_refused" errorCode="RESOURCE_SCOPE_DENIED" correlationId="fe9e02c8-50b5-4530-acb2-6283c395c6fe"
[WebServer] 2026-09-06T17:36:00.061Z INFO  application=marketops-server environment=local buildVersion=0.1.0-SNAPSHOT correlationId=fe9e02c8-50b5-4530-acb2-6283c395c6fe c.m.m.s.i.c.CorrelationIdFilter - Request completed event="request_completed" correlationId="fe9e02c8-50b5-4530-acb2-6283c395c6fe" status="403"
[WebServer] 2026-09-06T17:36:00.066Z INFO  application=marketops-server environment=local buildVersion=0.1.0-SNAPSHOT correlationId=7b4fe6b0-9ec9-4adf-9c00-2162303262d5 c.m.m.a.i.a.JdbcMetadataAuditStore - Metadata change recorded event="metadata_change_recorded" sourceDomain="advertisingefficiency" entityType="advertising_queue" entityId="91f28012-1989-422e-8baa-b6533df6e867" action="READ" actorId="622f58fa-7cd7-408d-97ce-3363982f7c14" correlationId="7b4fe6b0-9ec9-4adf-9c00-2162303262d5"
[WebServer] 2026-09-06T17:36:00.068Z INFO  application=marketops-server environment=local buildVersion=0.1.0-SNAPSHOT correlationId=da995784-1b86-4938-aab6-8b1d3db13506 c.m.m.s.i.c.CorrelationIdFilter - Request completed event="request_completed" correlationId="da995784-1b86-4938-aab6-8b1d3db13506" status="200"
[WebServer] 2026-09-06T17:36:00.089Z INFO  application=marketops-server environment=local buildVersion=0.1.0-SNAPSHOT correlationId=cc84b54e-7c8f-48bf-8393-1730b100ce86 c.m.m.a.i.a.JdbcMetadataAuditStore - Metadata change recorded event="metadata_change_recorded" sourceDomain="advertisingefficiency" entityType="advertising_exposure" entityId="91f28012-1989-422e-8baa-b6533df6e867" action="READ" actorId="622f58fa-7cd7-408d-97ce-3363982f7c14" correlationId="cc84b54e-7c8f-48bf-8393-1730b100ce86"
[WebServer] 2026-09-06T17:36:00.091Z INFO  application=marketops-server environment=local buildVersion=0.1.0-SNAPSHOT correlationId=cc84b54e-7c8f-48bf-8393-1730b100ce86 c.m.m.s.i.c.CorrelationIdFilter - Request completed event="request_completed" correlationId="cc84b54e-7c8f-48bf-8393-1730b100ce86" status="200"
[WebServer] 2026-09-06T17:36:00.109Z INFO  application=marketops-server environment=local buildVersion=0.1.0-SNAPSHOT correlationId=7b4fe6b0-9ec9-4adf-9c00-2162303262d5 c.m.m.s.i.c.CorrelationIdFilter - Request completed event="request_completed" correlationId="7b4fe6b0-9ec9-4adf-9c00-2162303262d5" status="200"
[WebServer] 2026-09-06T17:36:00.124Z INFO  application=marketops-server environment=local buildVersion=0.1.0-SNAPSHOT correlationId=6ab455af-dd85-495c-bd23-1671c8312722 c.m.m.s.i.c.CorrelationIdFilter - Request completed event="request_completed" correlationId="6ab455af-dd85-495c-bd23-1671c8312722" status="200"
[WebServer] 2026-09-06T17:36:00.127Z INFO  application=marketops-server environment=local buildVersion=0.1.0-SNAPSHOT correlationId=814609a6-7586-4b24-adbe-eba93eac352f c.m.m.a.i.a.JdbcMetadataAuditStore - Metadata change recorded event="metadata_change_recorded" sourceDomain="advertisingefficiency" entityType="advertising_orchestration" entityId="91f28012-1989-422e-8baa-b6533df6e867" action="READ" actorId="622f58fa-7cd7-408d-97ce-3363982f7c14" correlationId="814609a6-7586-4b24-adbe-eba93eac352f"
[WebServer] 2026-09-06T17:36:00.129Z INFO  application=marketops-server environment=local buildVersion=0.1.0-SNAPSHOT correlationId=814609a6-7586-4b24-adbe-eba93eac352f c.m.m.s.i.c.CorrelationIdFilter - Request completed event="request_completed" correlationId="814609a6-7586-4b24-adbe-eba93eac352f" status="200"
[WebServer] 2026-09-06T17:36:00.225Z INFO  application=marketops-server environment=local buildVersion=0.1.0-SNAPSHOT correlationId=6562ca51-a8e7-49fe-a80d-959de92e5d5f c.m.m.a.i.a.JdbcMetadataAuditStore - Metadata change recorded event="metadata_change_recorded" sourceDomain="advertisingefficiency" entityType="advertising_case" entityId="f93ac062-c62f-4740-91d3-a51c330007a4" action="READ" actorId="622f58fa-7cd7-408d-97ce-3363982f7c14" correlationId="6562ca51-a8e7-49fe-a80d-959de92e5d5f"
[WebServer] 2026-09-06T17:36:00.255Z INFO  application=marketops-server environment=local buildVersion=0.1.0-SNAPSHOT correlationId=6562ca51-a8e7-49fe-a80d-959de92e5d5f c.m.m.s.i.c.CorrelationIdFilter - Request completed event="request_completed" correlationId="6562ca51-a8e7-49fe-a80d-959de92e5d5f" status="200"
[WebServer] 2026-09-06T17:36:00.288Z INFO  application=marketops-server environment=local buildVersion=0.1.0-SNAPSHOT correlationId=9640d883-5f1c-449a-a115-6f4c64cc59dd c.m.m.a.i.a.JdbcMetadataAuditStore - Metadata change recorded event="metadata_change_recorded" sourceDomain="advertisingefficiency" entityType="advertising_manual_packet" entityId="983308d7-b5c3-4a60-9b53-2493d4eae163" action="READ" actorId="622f58fa-7cd7-408d-97ce-3363982f7c14" correlationId="9640d883-5f1c-449a-a115-6f4c64cc59dd"
[WebServer] 2026-09-06T17:36:00.325Z INFO  application=marketops-server environment=local buildVersion=0.1.0-SNAPSHOT correlationId=9640d883-5f1c-449a-a115-6f4c64cc59dd c.m.m.s.i.c.CorrelationIdFilter - Request completed event="request_completed" correlationId="9640d883-5f1c-449a-a115-6f4c64cc59dd" status="200"
[WebServer] 2026-09-06T17:36:00.332Z INFO  application=marketops-server environment=local buildVersion=0.1.0-SNAPSHOT correlationId=3e707d6f-0357-4a71-befc-5a84f6117ccd c.m.m.s.i.c.CorrelationIdFilter - Request completed event="request_completed" correlationId="3e707d6f-0357-4a71-befc-5a84f6117ccd" status="200"
[WebServer] 2026-09-06T17:36:00.353Z INFO  application=marketops-server environment=local buildVersion=0.1.0-SNAPSHOT correlationId=2b0f3f32-e325-47db-a1f0-d483cf530a03 c.m.m.s.i.c.CorrelationIdFilter - Request completed event="request_completed" correlationId="2b0f3f32-e325-47db-a1f0-d483cf530a03" status="200"
[WebServer] 2026-09-06T17:36:00.357Z INFO  application=marketops-server environment=local buildVersion=0.1.0-SNAPSHOT correlationId=6d899707-b89d-4d89-ad6f-f7697111c293 c.m.m.s.i.c.CorrelationIdFilter - Request completed event="request_completed" correlationId="6d899707-b89d-4d89-ad6f-f7697111c293" status="200"
[WebServer] 2026-09-06T17:36:00.616Z INFO  application=marketops-server environment=local buildVersion=0.1.0-SNAPSHOT correlationId=e4fbb82b-1d56-4e22-8328-ef897d8feac0 c.m.m.s.i.c.CorrelationIdFilter - Request completed event="request_completed" correlationId="e4fbb82b-1d56-4e22-8328-ef897d8feac0" status="200"
[WebServer] 2026-09-06T17:36:00.636Z INFO  application=marketops-server environment=local buildVersion=0.1.0-SNAPSHOT correlationId=7567756a-5197-41b4-97ed-8456e323c2bb c.m.m.a.i.a.JdbcMetadataAuditStore - Metadata change recorded event="metadata_change_recorded" sourceDomain="advertisingefficiency" entityType="advertising_manual_packet" entityId="983308d7-b5c3-4a60-9b53-2493d4eae163" action="READ" actorId="622f58fa-7cd7-408d-97ce-3363982f7c14" correlationId="7567756a-5197-41b4-97ed-8456e323c2bb"
[WebServer] 2026-09-06T17:36:00.673Z INFO  application=marketops-server environment=local buildVersion=0.1.0-SNAPSHOT correlationId=7567756a-5197-41b4-97ed-8456e323c2bb c.m.m.s.i.c.CorrelationIdFilter - Request completed event="request_completed" correlationId="7567756a-5197-41b4-97ed-8456e323c2bb" status="200"
[WebServer] 2026-09-06T17:36:00.691Z DEBUG application=marketops-server environment=local buildVersion=0.1.0-SNAPSHOT correlationId=aa286ae0-8763-49ed-a1eb-605dead5a3fd c.m.m.s.i.c.CorrelationIdFilter - Inbound correlation identifier replaced event="correlation_identifier_replaced" correlationId="aa286ae0-8763-49ed-a1eb-605dead5a3fd" rejectionCategory="MISSING"
[WebServer] 2026-09-06T17:36:00.699Z INFO  application=marketops-server environment=local buildVersion=0.1.0-SNAPSHOT correlationId=aa286ae0-8763-49ed-a1eb-605dead5a3fd c.m.m.a.i.a.JdbcMetadataAuditStore - Metadata change recorded event="metadata_change_recorded" sourceDomain="advertisingefficiency" entityType="advertising_reservations" entityId="91f28012-1989-422e-8baa-b6533df6e867" action="READ" actorId="622f58fa-7cd7-408d-97ce-3363982f7c14" correlationId="aa286ae0-8763-49ed-a1eb-605dead5a3fd"
[WebServer] 2026-09-06T17:36:00.711Z INFO  application=marketops-server environment=local buildVersion=0.1.0-SNAPSHOT correlationId=aa286ae0-8763-49ed-a1eb-605dead5a3fd c.m.m.s.i.c.CorrelationIdFilter - Request completed event="request_completed" correlationId="aa286ae0-8763-49ed-a1eb-605dead5a3fd" status="200"
[WebServer] 2026-09-06T17:36:01.258Z INFO  application=marketops-server environment=local buildVersion=0.1.0-SNAPSHOT correlationId=73f789d9-294f-4684-91c7-4b28b4e2eca8 c.m.m.s.i.c.CorrelationIdFilter - Request completed event="request_completed" correlationId="73f789d9-294f-4684-91c7-4b28b4e2eca8" status="200"
[WebServer] 2026-09-06T17:36:01.276Z INFO  application=marketops-server environment=local buildVersion=0.1.0-SNAPSHOT correlationId=b15b57a4-840a-407c-8f5c-2440044aa139 c.m.m.a.i.a.JdbcMetadataAuditStore - Metadata change recorded event="metadata_change_recorded" sourceDomain="advertisingefficiency" entityType="advertising_manual_packet" entityId="983308d7-b5c3-4a60-9b53-2493d4eae163" action="READ" actorId="622f58fa-7cd7-408d-97ce-3363982f7c14" correlationId="b15b57a4-840a-407c-8f5c-2440044aa139"
[WebServer] 2026-09-06T17:36:01.309Z INFO  application=marketops-server environment=local buildVersion=0.1.0-SNAPSHOT correlationId=b15b57a4-840a-407c-8f5c-2440044aa139 c.m.m.s.i.c.CorrelationIdFilter - Request completed event="request_completed" correlationId="b15b57a4-840a-407c-8f5c-2440044aa139" status="200"
[WebServer] 2026-09-06T17:36:01.334Z INFO  application=marketops-server environment=local buildVersion=0.1.0-SNAPSHOT correlationId=7b7fd92c-3c1f-48a2-9657-82cc07ad112f c.m.m.s.i.c.CorrelationIdFilter - Request completed event="request_completed" correlationId="7b7fd92c-3c1f-48a2-9657-82cc07ad112f" status="200"
[WebServer] 2026-09-06T17:36:01.377Z DEBUG application=marketops-server environment=local buildVersion=0.1.0-SNAPSHOT correlationId=4f229539-296a-49df-9466-ef938445cecf c.m.m.s.i.c.CorrelationIdFilter - Inbound correlation identifier replaced event="correlation_identifier_replaced" correlationId="4f229539-296a-49df-9466-ef938445cecf" rejectionCategory="MISSING"
[WebServer] 2026-09-06T17:36:01.384Z INFO  application=marketops-server environment=local buildVersion=0.1.0-SNAPSHOT correlationId=4f229539-296a-49df-9466-ef938445cecf c.m.m.a.i.a.JdbcMetadataAuditStore - Metadata change recorded event="metadata_change_recorded" sourceDomain="advertisingefficiency" entityType="advertising_reservations" entityId="91f28012-1989-422e-8baa-b6533df6e867" action="READ" actorId="622f58fa-7cd7-408d-97ce-3363982f7c14" correlationId="4f229539-296a-49df-9466-ef938445cecf"
[WebServer] 2026-09-06T17:36:01.397Z INFO  application=marketops-server environment=local buildVersion=0.1.0-SNAPSHOT correlationId=4f229539-296a-49df-9466-ef938445cecf c.m.m.s.i.c.CorrelationIdFilter - Request completed event="request_completed" correlationId="4f229539-296a-49df-9466-ef938445cecf" status="200"
[WebServer] 2026-09-06T17:36:01.400Z DEBUG application=marketops-server environment=local buildVersion=0.1.0-SNAPSHOT correlationId=9a96e364-0a9e-4004-ba85-cec679ca8d22 c.m.m.s.i.c.CorrelationIdFilter - Inbound correlation identifier replaced event="correlation_identifier_replaced" correlationId="9a96e364-0a9e-4004-ba85-cec679ca8d22" rejectionCategory="MISSING"
[WebServer] 2026-09-06T17:36:01.409Z INFO  application=marketops-server environment=local buildVersion=0.1.0-SNAPSHOT correlationId=9a96e364-0a9e-4004-ba85-cec679ca8d22 c.m.m.a.i.a.JdbcMetadataAuditStore - Metadata change recorded event="metadata_change_recorded" sourceDomain="advertisingefficiency" entityType="advertising_manual_packet" entityId="983308d7-b5c3-4a60-9b53-2493d4eae163" action="READ" actorId="622f58fa-7cd7-408d-97ce-3363982f7c14" correlationId="9a96e364-0a9e-4004-ba85-cec679ca8d22"
[WebServer] 2026-09-06T17:36:01.443Z INFO  application=marketops-server environment=local buildVersion=0.1.0-SNAPSHOT correlationId=9a96e364-0a9e-4004-ba85-cec679ca8d22 c.m.m.s.i.c.CorrelationIdFilter - Request completed event="request_completed" correlationId="9a96e364-0a9e-4004-ba85-cec679ca8d22" status="200"
[WebServer] 2026-09-06T17:36:01.598Z INFO  application=marketops-server environment=local buildVersion=0.1.0-SNAPSHOT correlationId=54668b59-f295-4599-a530-6d855c1d9c23 c.m.m.s.i.c.CorrelationIdFilter - Request completed event="request_completed" correlationId="54668b59-f295-4599-a530-6d855c1d9c23" status="200"
[WebServer] 2026-09-06T17:36:01.618Z INFO  application=marketops-server environment=local buildVersion=0.1.0-SNAPSHOT correlationId=9d6e60c4-6ee4-4568-afdb-8294a3ab3ee2 c.m.m.a.i.a.JdbcMetadataAuditStore - Metadata change recorded event="metadata_change_recorded" sourceDomain="advertisingefficiency" entityType="advertising_manual_packet" entityId="983308d7-b5c3-4a60-9b53-2493d4eae163" action="READ" actorId="622f58fa-7cd7-408d-97ce-3363982f7c14" correlationId="9d6e60c4-6ee4-4568-afdb-8294a3ab3ee2"
[WebServer] 2026-09-06T17:36:01.636Z INFO  application=marketops-server environment=local buildVersion=0.1.0-SNAPSHOT correlationId=b29dce13-d8d0-424d-ad0e-d25e94b1a341 c.m.m.s.i.c.CorrelationIdFilter - Request completed event="request_completed" correlationId="b29dce13-d8d0-424d-ad0e-d25e94b1a341" status="200"
[WebServer] 2026-09-06T17:36:01.656Z INFO  application=marketops-server environment=local buildVersion=0.1.0-SNAPSHOT correlationId=9d6e60c4-6ee4-4568-afdb-8294a3ab3ee2 c.m.m.s.i.c.CorrelationIdFilter - Request completed event="request_completed" correlationId="9d6e60c4-6ee4-4568-afdb-8294a3ab3ee2" status="200"
  ✓   4 tests/advertising-browser/governed-advertising.spec.ts:209:3 › WILDBERRIES actual governed manual path stays UNVERIFIED and requires an independent observer (8.1s)
[WebServer] 2026-09-06T17:36:03.932Z INFO  application=marketops-server environment=local buildVersion=0.1.0-SNAPSHOT correlationId=1f51ccb6-7223-4088-9659-3abb6ec5a4b2 c.m.m.a.i.a.JdbcMetadataAuditStore - Metadata change recorded event="metadata_change_recorded" sourceDomain="advertisingefficiency" entityType="advertising_reservations" entityId="33edaf00-a9ad-4467-850d-6a4dec48054e" action="READ" actorId="e408f9e6-3d0e-4369-8628-96b64d2d6338" correlationId="1f51ccb6-7223-4088-9659-3abb6ec5a4b2"
[WebServer] 2026-09-06T17:36:03.932Z INFO  application=marketops-server environment=local buildVersion=0.1.0-SNAPSHOT correlationId=1c8237a8-cb0e-4020-842e-2ab0e0f09616 c.m.m.a.i.a.JdbcMetadataAuditStore - Metadata change recorded event="metadata_change_recorded" sourceDomain="advertisingefficiency" entityType="advertising_containments" entityId="33edaf00-a9ad-4467-850d-6a4dec48054e" action="READ" actorId="e408f9e6-3d0e-4369-8628-96b64d2d6338" correlationId="1c8237a8-cb0e-4020-842e-2ab0e0f09616"
[WebServer] 2026-09-06T17:36:03.933Z INFO  application=marketops-server environment=local buildVersion=0.1.0-SNAPSHOT correlationId=d1e8967d-b818-45e4-a3dc-2e2cca944a1c c.m.m.s.i.e.ConsoleProblemAdvice - Console request refused event="console_request_refused" errorCode="RESOURCE_NOT_FOUND" correlationId="d1e8967d-b818-45e4-a3dc-2e2cca944a1c"
[WebServer] 2026-09-06T17:36:03.934Z INFO  application=marketops-server environment=local buildVersion=0.1.0-SNAPSHOT correlationId=d1e8967d-b818-45e4-a3dc-2e2cca944a1c c.m.m.s.i.c.CorrelationIdFilter - Request completed event="request_completed" correlationId="d1e8967d-b818-45e4-a3dc-2e2cca944a1c" status="404"
[WebServer] 2026-09-06T17:36:03.936Z INFO  application=marketops-server environment=local buildVersion=0.1.0-SNAPSHOT correlationId=9440ba00-04af-4d7d-8c36-4b74a1b50c30 c.m.m.s.i.e.ConsoleProblemAdvice - Console request refused event="console_request_refused" errorCode="RESOURCE_SCOPE_DENIED" correlationId="9440ba00-04af-4d7d-8c36-4b74a1b50c30"
[WebServer] 2026-09-06T17:36:03.936Z INFO  application=marketops-server environment=local buildVersion=0.1.0-SNAPSHOT correlationId=9440ba00-04af-4d7d-8c36-4b74a1b50c30 c.m.m.s.i.c.CorrelationIdFilter - Request completed event="request_completed" correlationId="9440ba00-04af-4d7d-8c36-4b74a1b50c30" status="403"
[WebServer] 2026-09-06T17:36:03.940Z INFO  application=marketops-server environment=local buildVersion=0.1.0-SNAPSHOT correlationId=a8e3c4de-90f9-4ddd-9780-c2c42cb761f0 c.m.m.a.i.a.JdbcMetadataAuditStore - Metadata change recorded event="metadata_change_recorded" sourceDomain="availabilityrisk" entityType="availability_queue" entityId="33edaf00-a9ad-4467-850d-6a4dec48054e" action="READ" actorId="e408f9e6-3d0e-4369-8628-96b64d2d6338" correlationId="a8e3c4de-90f9-4ddd-9780-c2c42cb761f0"
[WebServer] 2026-09-06T17:36:03.942Z INFO  application=marketops-server environment=local buildVersion=0.1.0-SNAPSHOT correlationId=a8e3c4de-90f9-4ddd-9780-c2c42cb761f0 c.m.m.s.i.c.CorrelationIdFilter - Request completed event="request_completed" correlationId="a8e3c4de-90f9-4ddd-9780-c2c42cb761f0" status="200"
[WebServer] 2026-09-06T17:36:03.945Z INFO  application=marketops-server environment=local buildVersion=0.1.0-SNAPSHOT correlationId=1c8237a8-cb0e-4020-842e-2ab0e0f09616 c.m.m.s.i.c.CorrelationIdFilter - Request completed event="request_completed" correlationId="1c8237a8-cb0e-4020-842e-2ab0e0f09616" status="200"
[WebServer] 2026-09-06T17:36:03.949Z INFO  application=marketops-server environment=local buildVersion=0.1.0-SNAPSHOT correlationId=10c0cdc9-c5e3-4ca6-8efa-ef6ec47919a0 c.m.m.s.i.c.CorrelationIdFilter - Request completed event="request_completed" correlationId="10c0cdc9-c5e3-4ca6-8efa-ef6ec47919a0" status="200"
[WebServer] 2026-09-06T17:36:03.956Z INFO  application=marketops-server environment=local buildVersion=0.1.0-SNAPSHOT correlationId=8404048a-dac6-471f-9bc6-392807b99f40 c.m.m.s.i.e.ConsoleProblemAdvice - Console request refused event="console_request_refused" errorCode="RESOURCE_SCOPE_DENIED" correlationId="8404048a-dac6-471f-9bc6-392807b99f40"
[WebServer] 2026-09-06T17:36:03.956Z INFO  application=marketops-server environment=local buildVersion=0.1.0-SNAPSHOT correlationId=8404048a-dac6-471f-9bc6-392807b99f40 c.m.m.s.i.c.CorrelationIdFilter - Request completed event="request_completed" correlationId="8404048a-dac6-471f-9bc6-392807b99f40" status="403"
[WebServer] 2026-09-06T17:36:03.962Z INFO  application=marketops-server environment=local buildVersion=0.1.0-SNAPSHOT correlationId=1f51ccb6-7223-4088-9659-3abb6ec5a4b2 c.m.m.s.i.c.CorrelationIdFilter - Request completed event="request_completed" correlationId="1f51ccb6-7223-4088-9659-3abb6ec5a4b2" status="200"
[WebServer] 2026-09-06T17:36:03.966Z INFO  application=marketops-server environment=local buildVersion=0.1.0-SNAPSHOT correlationId=e4e3a710-41d5-473e-93ef-8e4053a62338 c.m.m.a.i.a.JdbcMetadataAuditStore - Metadata change recorded event="metadata_change_recorded" sourceDomain="advertisingefficiency" entityType="advertising_queue" entityId="33edaf00-a9ad-4467-850d-6a4dec48054e" action="READ" actorId="e408f9e6-3d0e-4369-8628-96b64d2d6338" correlationId="e4e3a710-41d5-473e-93ef-8e4053a62338"
[WebServer] 2026-09-06T17:36:03.968Z INFO  application=marketops-server environment=local buildVersion=0.1.0-SNAPSHOT correlationId=6b6a2eb5-1f88-4c93-8046-d4d064a4afca c.m.m.a.i.a.JdbcMetadataAuditStore - Metadata change recorded event="metadata_change_recorded" sourceDomain="advertisingefficiency" entityType="advertising_exposure" entityId="33edaf00-a9ad-4467-850d-6a4dec48054e" action="READ" actorId="e408f9e6-3d0e-4369-8628-96b64d2d6338" correlationId="6b6a2eb5-1f88-4c93-8046-d4d064a4afca"
[WebServer] 2026-09-06T17:36:03.969Z INFO  application=marketops-server environment=local buildVersion=0.1.0-SNAPSHOT correlationId=6b6a2eb5-1f88-4c93-8046-d4d064a4afca c.m.m.s.i.c.CorrelationIdFilter - Request completed event="request_completed" correlationId="6b6a2eb5-1f88-4c93-8046-d4d064a4afca" status="200"
[WebServer] 2026-09-06T17:36:03.988Z INFO  application=marketops-server environment=local buildVersion=0.1.0-SNAPSHOT correlationId=31659e56-2c50-4c79-8110-7398f6176219 c.m.m.a.i.a.JdbcMetadataAuditStore - Metadata change recorded event="metadata_change_recorded" sourceDomain="advertisingefficiency" entityType="advertising_orchestration" entityId="33edaf00-a9ad-4467-850d-6a4dec48054e" action="READ" actorId="e408f9e6-3d0e-4369-8628-96b64d2d6338" correlationId="31659e56-2c50-4c79-8110-7398f6176219"
[WebServer] 2026-09-06T17:36:03.989Z INFO  application=marketops-server environment=local buildVersion=0.1.0-SNAPSHOT correlationId=31659e56-2c50-4c79-8110-7398f6176219 c.m.m.s.i.c.CorrelationIdFilter - Request completed event="request_completed" correlationId="31659e56-2c50-4c79-8110-7398f6176219" status="200"
[WebServer] 2026-09-06T17:36:04.002Z INFO  application=marketops-server environment=local buildVersion=0.1.0-SNAPSHOT correlationId=b9d676a0-2695-4946-b4c8-d408116a12c4 c.m.m.s.i.c.CorrelationIdFilter - Request completed event="request_completed" correlationId="b9d676a0-2695-4946-b4c8-d408116a12c4" status="200"
[WebServer] 2026-09-06T17:36:04.014Z INFO  application=marketops-server environment=local buildVersion=0.1.0-SNAPSHOT correlationId=e4e3a710-41d5-473e-93ef-8e4053a62338 c.m.m.s.i.c.CorrelationIdFilter - Request completed event="request_completed" correlationId="e4e3a710-41d5-473e-93ef-8e4053a62338" status="200"
[WebServer] 2026-09-06T17:36:04.112Z INFO  application=marketops-server environment=local buildVersion=0.1.0-SNAPSHOT correlationId=3c193d18-a53c-44d0-a084-91376f37120f c.m.m.a.i.a.JdbcMetadataAuditStore - Metadata change recorded event="metadata_change_recorded" sourceDomain="advertisingefficiency" entityType="advertising_case" entityId="78e0d77c-b9aa-4a1d-ab22-2a7d23dda3ed" action="READ" actorId="e408f9e6-3d0e-4369-8628-96b64d2d6338" correlationId="3c193d18-a53c-44d0-a084-91376f37120f"
[WebServer] 2026-09-06T17:36:04.123Z INFO  application=marketops-server environment=local buildVersion=0.1.0-SNAPSHOT correlationId=3c193d18-a53c-44d0-a084-91376f37120f c.m.m.s.i.c.CorrelationIdFilter - Request completed event="request_completed" correlationId="3c193d18-a53c-44d0-a084-91376f37120f" status="200"
[WebServer] 2026-09-06T17:36:04.150Z INFO  application=marketops-server environment=local buildVersion=0.1.0-SNAPSHOT correlationId=5ad85aee-d8d8-400d-a63e-ebecd4ad2fd5 c.m.m.a.i.a.JdbcMetadataAuditStore - Metadata change recorded event="metadata_change_recorded" sourceDomain="advertisingefficiency" entityType="advertising_manual_packet" entityId="3267ce40-c16f-4d32-ab27-451347201a82" action="READ" actorId="e408f9e6-3d0e-4369-8628-96b64d2d6338" correlationId="5ad85aee-d8d8-400d-a63e-ebecd4ad2fd5"
[WebServer] 2026-09-06T17:36:04.151Z INFO  application=marketops-server environment=local buildVersion=0.1.0-SNAPSHOT correlationId=5ad85aee-d8d8-400d-a63e-ebecd4ad2fd5 c.m.m.s.i.c.CorrelationIdFilter - Request completed event="request_completed" correlationId="5ad85aee-d8d8-400d-a63e-ebecd4ad2fd5" status="200"
[WebServer] 2026-09-06T17:36:04.173Z INFO  application=marketops-server environment=local buildVersion=0.1.0-SNAPSHOT correlationId=ad4e2ecc-1ea8-4049-a44f-0561a82976ad c.m.m.s.i.c.CorrelationIdFilter - Request completed event="request_completed" correlationId="ad4e2ecc-1ea8-4049-a44f-0561a82976ad" status="200"
[WebServer] 2026-09-06T17:36:04.191Z INFO  application=marketops-server environment=local buildVersion=0.1.0-SNAPSHOT correlationId=479e3d16-a565-4b66-b805-e5a269aa6bc3 c.m.m.s.i.c.CorrelationIdFilter - Request completed event="request_completed" correlationId="479e3d16-a565-4b66-b805-e5a269aa6bc3" status="200"
[WebServer] 2026-09-06T17:36:04.224Z INFO  application=marketops-server environment=local buildVersion=0.1.0-SNAPSHOT correlationId=55d2881a-acba-486c-953c-8c34ef094c8a c.m.m.s.i.c.CorrelationIdFilter - Request completed event="request_completed" correlationId="55d2881a-acba-486c-953c-8c34ef094c8a" status="200"
[WebServer] 2026-09-06T17:36:04.227Z INFO  application=marketops-server environment=local buildVersion=0.1.0-SNAPSHOT correlationId=e2f322b4-5eb5-4379-88a8-38b14fa2a97e c.m.m.a.i.a.JdbcMetadataAuditStore - Metadata change recorded event="metadata_change_recorded" sourceDomain="advertisingefficiency" entityType="advertising_command" entityId="9568df0d-9950-4e10-9c04-d8163456ad0d" action="READ" actorId="e408f9e6-3d0e-4369-8628-96b64d2d6338" correlationId="e2f322b4-5eb5-4379-88a8-38b14fa2a97e"
[WebServer] 2026-09-06T17:36:04.254Z INFO  application=marketops-server environment=local buildVersion=0.1.0-SNAPSHOT correlationId=e2f322b4-5eb5-4379-88a8-38b14fa2a97e c.m.m.s.i.c.CorrelationIdFilter - Request completed event="request_completed" correlationId="e2f322b4-5eb5-4379-88a8-38b14fa2a97e" status="200"
[WebServer] 2026-09-06T17:36:04.261Z INFO  application=marketops-server environment=local buildVersion=0.1.0-SNAPSHOT correlationId=99349ecf-c27b-47c9-8555-6606d6984af1 c.m.m.a.i.a.JdbcMetadataAuditStore - Metadata change recorded event="metadata_change_recorded" sourceDomain="advertisingefficiency" entityType="advertising_containments" entityId="33edaf00-a9ad-4467-850d-6a4dec48054e" action="READ" actorId="e408f9e6-3d0e-4369-8628-96b64d2d6338" correlationId="99349ecf-c27b-47c9-8555-6606d6984af1"
[WebServer] 2026-09-06T17:36:04.262Z INFO  application=marketops-server environment=local buildVersion=0.1.0-SNAPSHOT correlationId=8e6d4886-8166-4c2a-812a-296368153ab8 c.m.m.a.i.a.JdbcMetadataAuditStore - Metadata change recorded event="metadata_change_recorded" sourceDomain="advertisingefficiency" entityType="advertising_reservations" entityId="33edaf00-a9ad-4467-850d-6a4dec48054e" action="READ" actorId="e408f9e6-3d0e-4369-8628-96b64d2d6338" correlationId="8e6d4886-8166-4c2a-812a-296368153ab8"
[WebServer] 2026-09-06T17:36:04.268Z INFO  application=marketops-server environment=local buildVersion=0.1.0-SNAPSHOT correlationId=e5da2e7b-d57a-4d59-9f6b-1399ac789fe7 c.m.m.s.i.e.ConsoleProblemAdvice - Console request refused event="console_request_refused" errorCode="RESOURCE_SCOPE_DENIED" correlationId="e5da2e7b-d57a-4d59-9f6b-1399ac789fe7"
[WebServer] 2026-09-06T17:36:04.268Z INFO  application=marketops-server environment=local buildVersion=0.1.0-SNAPSHOT correlationId=e5da2e7b-d57a-4d59-9f6b-1399ac789fe7 c.m.m.s.i.c.CorrelationIdFilter - Request completed event="request_completed" correlationId="e5da2e7b-d57a-4d59-9f6b-1399ac789fe7" status="403"
[WebServer] 2026-09-06T17:36:04.270Z INFO  application=marketops-server environment=local buildVersion=0.1.0-SNAPSHOT correlationId=25a15d0e-cb0e-4a88-a93d-664cd0facdca c.m.m.a.i.a.JdbcMetadataAuditStore - Metadata change recorded event="metadata_change_recorded" sourceDomain="availabilityrisk" entityType="availability_queue" entityId="33edaf00-a9ad-4467-850d-6a4dec48054e" action="READ" actorId="e408f9e6-3d0e-4369-8628-96b64d2d6338" correlationId="25a15d0e-cb0e-4a88-a93d-664cd0facdca"
[WebServer] 2026-09-06T17:36:04.273Z INFO  application=marketops-server environment=local buildVersion=0.1.0-SNAPSHOT correlationId=25a15d0e-cb0e-4a88-a93d-664cd0facdca c.m.m.s.i.c.CorrelationIdFilter - Request completed event="request_completed" correlationId="25a15d0e-cb0e-4a88-a93d-664cd0facdca" status="200"
[WebServer] 2026-09-06T17:36:04.274Z INFO  application=marketops-server environment=local buildVersion=0.1.0-SNAPSHOT correlationId=99349ecf-c27b-47c9-8555-6606d6984af1 c.m.m.s.i.c.CorrelationIdFilter - Request completed event="request_completed" correlationId="99349ecf-c27b-47c9-8555-6606d6984af1" status="200"
[WebServer] 2026-09-06T17:36:04.279Z INFO  application=marketops-server environment=local buildVersion=0.1.0-SNAPSHOT correlationId=0de0738e-06e2-4696-9f0e-7c16b47c1def c.m.m.s.i.e.ConsoleProblemAdvice - Console request refused event="console_request_refused" errorCode="RESOURCE_NOT_FOUND" correlationId="0de0738e-06e2-4696-9f0e-7c16b47c1def"
[WebServer] 2026-09-06T17:36:04.280Z INFO  application=marketops-server environment=local buildVersion=0.1.0-SNAPSHOT correlationId=0de0738e-06e2-4696-9f0e-7c16b47c1def c.m.m.s.i.c.CorrelationIdFilter - Request completed event="request_completed" correlationId="0de0738e-06e2-4696-9f0e-7c16b47c1def" status="404"
[WebServer] 2026-09-06T17:36:04.287Z INFO  application=marketops-server environment=local buildVersion=0.1.0-SNAPSHOT correlationId=81b4ead0-2a52-4d99-8315-ec0ff938337d c.m.m.s.i.e.ConsoleProblemAdvice - Console request refused event="console_request_refused" errorCode="RESOURCE_SCOPE_DENIED" correlationId="81b4ead0-2a52-4d99-8315-ec0ff938337d"
[WebServer] 2026-09-06T17:36:04.287Z INFO  application=marketops-server environment=local buildVersion=0.1.0-SNAPSHOT correlationId=81b4ead0-2a52-4d99-8315-ec0ff938337d c.m.m.s.i.c.CorrelationIdFilter - Request completed event="request_completed" correlationId="81b4ead0-2a52-4d99-8315-ec0ff938337d" status="403"
[WebServer] 2026-09-06T17:36:04.290Z INFO  application=marketops-server environment=local buildVersion=0.1.0-SNAPSHOT correlationId=1eb59c4c-2167-4f05-821c-7928c1502533 c.m.m.a.i.a.JdbcMetadataAuditStore - Metadata change recorded event="metadata_change_recorded" sourceDomain="advertisingefficiency" entityType="advertising_exposure" entityId="33edaf00-a9ad-4467-850d-6a4dec48054e" action="READ" actorId="e408f9e6-3d0e-4369-8628-96b64d2d6338" correlationId="1eb59c4c-2167-4f05-821c-7928c1502533"
[WebServer] 2026-09-06T17:36:04.290Z INFO  application=marketops-server environment=local buildVersion=0.1.0-SNAPSHOT correlationId=8e6d4886-8166-4c2a-812a-296368153ab8 c.m.m.s.i.c.CorrelationIdFilter - Request completed event="request_completed" correlationId="8e6d4886-8166-4c2a-812a-296368153ab8" status="200"
[WebServer] 2026-09-06T17:36:04.291Z INFO  application=marketops-server environment=local buildVersion=0.1.0-SNAPSHOT correlationId=1eb59c4c-2167-4f05-821c-7928c1502533 c.m.m.s.i.c.CorrelationIdFilter - Request completed event="request_completed" correlationId="1eb59c4c-2167-4f05-821c-7928c1502533" status="200"
[WebServer] 2026-09-06T17:36:04.297Z INFO  application=marketops-server environment=local buildVersion=0.1.0-SNAPSHOT correlationId=3771d6dd-6c00-4e97-a0b2-d989b0198fc9 c.m.m.a.i.a.JdbcMetadataAuditStore - Metadata change recorded event="metadata_change_recorded" sourceDomain="advertisingefficiency" entityType="advertising_queue" entityId="33edaf00-a9ad-4467-850d-6a4dec48054e" action="READ" actorId="e408f9e6-3d0e-4369-8628-96b64d2d6338" correlationId="3771d6dd-6c00-4e97-a0b2-d989b0198fc9"
[WebServer] 2026-09-06T17:36:04.303Z INFO  application=marketops-server environment=local buildVersion=0.1.0-SNAPSHOT correlationId=994029df-a2d6-465b-95b5-58e3711413c7 c.m.m.a.i.a.JdbcMetadataAuditStore - Metadata change recorded event="metadata_change_recorded" sourceDomain="advertisingefficiency" entityType="advertising_orchestration" entityId="33edaf00-a9ad-4467-850d-6a4dec48054e" action="READ" actorId="e408f9e6-3d0e-4369-8628-96b64d2d6338" correlationId="994029df-a2d6-465b-95b5-58e3711413c7"
[WebServer] 2026-09-06T17:36:04.304Z INFO  application=marketops-server environment=local buildVersion=0.1.0-SNAPSHOT correlationId=994029df-a2d6-465b-95b5-58e3711413c7 c.m.m.s.i.c.CorrelationIdFilter - Request completed event="request_completed" correlationId="994029df-a2d6-465b-95b5-58e3711413c7" status="200"
[WebServer] 2026-09-06T17:36:04.338Z INFO  application=marketops-server environment=local buildVersion=0.1.0-SNAPSHOT correlationId=3771d6dd-6c00-4e97-a0b2-d989b0198fc9 c.m.m.s.i.c.CorrelationIdFilter - Request completed event="request_completed" correlationId="3771d6dd-6c00-4e97-a0b2-d989b0198fc9" status="200"
[WebServer] 2026-09-06T17:36:04.461Z INFO  application=marketops-server environment=local buildVersion=0.1.0-SNAPSHOT correlationId=30d4fd3c-c3d0-4103-9d6e-cea36249bc08 c.m.m.a.i.a.JdbcMetadataAuditStore - Metadata change recorded event="metadata_change_recorded" sourceDomain="advertisingefficiency" entityType="advertising_case" entityId="78e0d77c-b9aa-4a1d-ab22-2a7d23dda3ed" action="READ" actorId="e408f9e6-3d0e-4369-8628-96b64d2d6338" correlationId="30d4fd3c-c3d0-4103-9d6e-cea36249bc08"
[WebServer] 2026-09-06T17:36:04.471Z INFO  application=marketops-server environment=local buildVersion=0.1.0-SNAPSHOT correlationId=30d4fd3c-c3d0-4103-9d6e-cea36249bc08 c.m.m.s.i.c.CorrelationIdFilter - Request completed event="request_completed" correlationId="30d4fd3c-c3d0-4103-9d6e-cea36249bc08" status="200"
[WebServer] 2026-09-06T17:36:04.485Z INFO  application=marketops-server environment=local buildVersion=0.1.0-SNAPSHOT correlationId=05e41d38-e7e0-4661-8e46-8294a6239d60 c.m.m.a.i.a.JdbcMetadataAuditStore - Metadata change recorded event="metadata_change_recorded" sourceDomain="advertisingefficiency" entityType="advertising_manual_packet" entityId="3267ce40-c16f-4d32-ab27-451347201a82" action="READ" actorId="e408f9e6-3d0e-4369-8628-96b64d2d6338" correlationId="05e41d38-e7e0-4661-8e46-8294a6239d60"
[WebServer] 2026-09-06T17:36:04.486Z INFO  application=marketops-server environment=local buildVersion=0.1.0-SNAPSHOT correlationId=05e41d38-e7e0-4661-8e46-8294a6239d60 c.m.m.s.i.c.CorrelationIdFilter - Request completed event="request_completed" correlationId="05e41d38-e7e0-4661-8e46-8294a6239d60" status="200"
[WebServer] 2026-09-06T17:36:04.505Z INFO  application=marketops-server environment=local buildVersion=0.1.0-SNAPSHOT correlationId=464e8ee6-b7f6-4fe4-b46a-b31b8916b86c c.m.m.s.i.c.CorrelationIdFilter - Request completed event="request_completed" correlationId="464e8ee6-b7f6-4fe4-b46a-b31b8916b86c" status="200"
[WebServer] 2026-09-06T17:36:04.527Z INFO  application=marketops-server environment=local buildVersion=0.1.0-SNAPSHOT correlationId=a090de84-f86b-4a5d-873a-37e76acab014 c.m.m.s.i.c.CorrelationIdFilter - Request completed event="request_completed" correlationId="a090de84-f86b-4a5d-873a-37e76acab014" status="200"
[WebServer] 2026-09-06T17:36:04.548Z INFO  application=marketops-server environment=local buildVersion=0.1.0-SNAPSHOT correlationId=01c325c5-8478-40e4-b874-f3acd4f5bc3f c.m.m.s.i.c.CorrelationIdFilter - Request completed event="request_completed" correlationId="01c325c5-8478-40e4-b874-f3acd4f5bc3f" status="200"
[WebServer] 2026-09-06T17:36:04.550Z INFO  application=marketops-server environment=local buildVersion=0.1.0-SNAPSHOT correlationId=eba4c20a-e12f-4b8f-9db7-f3778d42c1c4 c.m.m.a.i.a.JdbcMetadataAuditStore - Metadata change recorded event="metadata_change_recorded" sourceDomain="advertisingefficiency" entityType="advertising_command" entityId="9568df0d-9950-4e10-9c04-d8163456ad0d" action="READ" actorId="e408f9e6-3d0e-4369-8628-96b64d2d6338" correlationId="eba4c20a-e12f-4b8f-9db7-f3778d42c1c4"
[WebServer] 2026-09-06T17:36:04.566Z INFO  application=marketops-server environment=local buildVersion=0.1.0-SNAPSHOT correlationId=eba4c20a-e12f-4b8f-9db7-f3778d42c1c4 c.m.m.s.i.c.CorrelationIdFilter - Request completed event="request_completed" correlationId="eba4c20a-e12f-4b8f-9db7-f3778d42c1c4" status="200"
[WebServer] 2026-09-06T17:36:04.623Z INFO  application=marketops-server environment=local buildVersion=0.1.0-SNAPSHOT correlationId=6ec0840e-22e5-41b3-aa77-9739b360a06e c.m.m.s.i.c.CorrelationIdFilter - Request completed event="request_completed" correlationId="6ec0840e-22e5-41b3-aa77-9739b360a06e" status="200"
[WebServer] 2026-09-06T17:36:04.626Z INFO  application=marketops-server environment=local buildVersion=0.1.0-SNAPSHOT correlationId=c8ce27c4-b62e-43ee-9f55-7715dc2898a7 c.m.m.a.i.a.JdbcMetadataAuditStore - Metadata change recorded event="metadata_change_recorded" sourceDomain="advertisingefficiency" entityType="advertising_reservations" entityId="33edaf00-a9ad-4467-850d-6a4dec48054e" action="READ" actorId="e408f9e6-3d0e-4369-8628-96b64d2d6338" correlationId="c8ce27c4-b62e-43ee-9f55-7715dc2898a7"
[WebServer] 2026-09-06T17:36:04.629Z INFO  application=marketops-server environment=local buildVersion=0.1.0-SNAPSHOT correlationId=d6de3318-5c0d-4314-b674-a6bee8e79ed9 c.m.m.a.i.a.JdbcMetadataAuditStore - Metadata change recorded event="metadata_change_recorded" sourceDomain="advertisingefficiency" entityType="advertising_outcome" entityId="9568df0d-9950-4e10-9c04-d8163456ad0d" action="READ" actorId="e408f9e6-3d0e-4369-8628-96b64d2d6338" correlationId="d6de3318-5c0d-4314-b674-a6bee8e79ed9"
[WebServer] 2026-09-06T17:36:04.629Z INFO  application=marketops-server environment=local buildVersion=0.1.0-SNAPSHOT correlationId=2ba33d38-5105-442b-b46b-9a3f5d65141b c.m.m.a.i.a.JdbcMetadataAuditStore - Metadata change recorded event="metadata_change_recorded" sourceDomain="availabilityrisk" entityType="availability_queue" entityId="33edaf00-a9ad-4467-850d-6a4dec48054e" action="READ" actorId="e408f9e6-3d0e-4369-8628-96b64d2d6338" correlationId="2ba33d38-5105-442b-b46b-9a3f5d65141b"
[WebServer] 2026-09-06T17:36:04.630Z INFO  application=marketops-server environment=local buildVersion=0.1.0-SNAPSHOT correlationId=1f38c31d-5433-45ac-81de-92b52c334569 c.m.m.s.i.e.ConsoleProblemAdvice - Console request refused event="console_request_refused" errorCode="RESOURCE_SCOPE_DENIED" correlationId="1f38c31d-5433-45ac-81de-92b52c334569"
[WebServer] 2026-09-06T17:36:04.630Z INFO  application=marketops-server environment=local buildVersion=0.1.0-SNAPSHOT correlationId=1f38c31d-5433-45ac-81de-92b52c334569 c.m.m.s.i.c.CorrelationIdFilter - Request completed event="request_completed" correlationId="1f38c31d-5433-45ac-81de-92b52c334569" status="403"
[WebServer] 2026-09-06T17:36:04.631Z INFO  application=marketops-server environment=local buildVersion=0.1.0-SNAPSHOT correlationId=2ba33d38-5105-442b-b46b-9a3f5d65141b c.m.m.s.i.c.CorrelationIdFilter - Request completed event="request_completed" correlationId="2ba33d38-5105-442b-b46b-9a3f5d65141b" status="200"
[WebServer] 2026-09-06T17:36:04.633Z INFO  application=marketops-server environment=local buildVersion=0.1.0-SNAPSHOT correlationId=d6de3318-5c0d-4314-b674-a6bee8e79ed9 c.m.m.s.i.c.CorrelationIdFilter - Request completed event="request_completed" correlationId="d6de3318-5c0d-4314-b674-a6bee8e79ed9" status="200"
[WebServer] 2026-09-06T17:36:04.651Z INFO  application=marketops-server environment=local buildVersion=0.1.0-SNAPSHOT correlationId=3f0f973c-73fb-4ff6-b13e-cf3aedcc8e3c c.m.m.a.i.a.JdbcMetadataAuditStore - Metadata change recorded event="metadata_change_recorded" sourceDomain="advertisingefficiency" entityType="advertising_containments" entityId="33edaf00-a9ad-4467-850d-6a4dec48054e" action="READ" actorId="e408f9e6-3d0e-4369-8628-96b64d2d6338" correlationId="3f0f973c-73fb-4ff6-b13e-cf3aedcc8e3c"
[WebServer] 2026-09-06T17:36:04.662Z INFO  application=marketops-server environment=local buildVersion=0.1.0-SNAPSHOT correlationId=64df8804-5320-4c1d-a9ba-5a645c2e9e0e c.m.m.a.i.a.JdbcMetadataAuditStore - Metadata change recorded event="metadata_change_recorded" sourceDomain="advertisingefficiency" entityType="advertising_exposure" entityId="33edaf00-a9ad-4467-850d-6a4dec48054e" action="READ" actorId="e408f9e6-3d0e-4369-8628-96b64d2d6338" correlationId="64df8804-5320-4c1d-a9ba-5a645c2e9e0e"
[WebServer] 2026-09-06T17:36:04.664Z INFO  application=marketops-server environment=local buildVersion=0.1.0-SNAPSHOT correlationId=5158555e-4e73-46ae-83ab-33bd685f41aa c.m.m.s.i.e.ConsoleProblemAdvice - Console request refused event="console_request_refused" errorCode="RESOURCE_NOT_FOUND" correlationId="5158555e-4e73-46ae-83ab-33bd685f41aa"
[WebServer] 2026-09-06T17:36:04.665Z INFO  application=marketops-server environment=local buildVersion=0.1.0-SNAPSHOT correlationId=5158555e-4e73-46ae-83ab-33bd685f41aa c.m.m.s.i.c.CorrelationIdFilter - Request completed event="request_completed" correlationId="5158555e-4e73-46ae-83ab-33bd685f41aa" status="404"
[WebServer] 2026-09-06T17:36:04.667Z INFO  application=marketops-server environment=local buildVersion=0.1.0-SNAPSHOT correlationId=3f0f973c-73fb-4ff6-b13e-cf3aedcc8e3c c.m.m.s.i.c.CorrelationIdFilter - Request completed event="request_completed" correlationId="3f0f973c-73fb-4ff6-b13e-cf3aedcc8e3c" status="200"
[WebServer] 2026-09-06T17:36:04.669Z INFO  application=marketops-server environment=local buildVersion=0.1.0-SNAPSHOT correlationId=64df8804-5320-4c1d-a9ba-5a645c2e9e0e c.m.m.s.i.c.CorrelationIdFilter - Request completed event="request_completed" correlationId="64df8804-5320-4c1d-a9ba-5a645c2e9e0e" status="200"
[WebServer] 2026-09-06T17:36:04.672Z INFO  application=marketops-server environment=local buildVersion=0.1.0-SNAPSHOT correlationId=8038caeb-f19d-48f5-b851-b734ca34bd96 c.m.m.s.i.e.ConsoleProblemAdvice - Console request refused event="console_request_refused" errorCode="RESOURCE_SCOPE_DENIED" correlationId="8038caeb-f19d-48f5-b851-b734ca34bd96"
[WebServer] 2026-09-06T17:36:04.672Z INFO  application=marketops-server environment=local buildVersion=0.1.0-SNAPSHOT correlationId=8038caeb-f19d-48f5-b851-b734ca34bd96 c.m.m.s.i.c.CorrelationIdFilter - Request completed event="request_completed" correlationId="8038caeb-f19d-48f5-b851-b734ca34bd96" status="403"
[WebServer] 2026-09-06T17:36:04.681Z INFO  application=marketops-server environment=local buildVersion=0.1.0-SNAPSHOT correlationId=5bceff09-fccc-488c-86d8-1d05d9846081 c.m.m.a.i.a.JdbcMetadataAuditStore - Metadata change recorded event="metadata_change_recorded" sourceDomain="advertisingefficiency" entityType="advertising_queue" entityId="33edaf00-a9ad-4467-850d-6a4dec48054e" action="READ" actorId="e408f9e6-3d0e-4369-8628-96b64d2d6338" correlationId="5bceff09-fccc-488c-86d8-1d05d9846081"
[WebServer] 2026-09-06T17:36:04.687Z INFO  application=marketops-server environment=local buildVersion=0.1.0-SNAPSHOT correlationId=c8ce27c4-b62e-43ee-9f55-7715dc2898a7 c.m.m.s.i.c.CorrelationIdFilter - Request completed event="request_completed" correlationId="c8ce27c4-b62e-43ee-9f55-7715dc2898a7" status="200"
[WebServer] 2026-09-06T17:36:04.707Z INFO  application=marketops-server environment=local buildVersion=0.1.0-SNAPSHOT correlationId=3f441a47-605b-45db-a315-6a5519272f6e c.m.m.a.i.a.JdbcMetadataAuditStore - Metadata change recorded event="metadata_change_recorded" sourceDomain="advertisingefficiency" entityType="advertising_orchestration" entityId="33edaf00-a9ad-4467-850d-6a4dec48054e" action="READ" actorId="e408f9e6-3d0e-4369-8628-96b64d2d6338" correlationId="3f441a47-605b-45db-a315-6a5519272f6e"
[WebServer] 2026-09-06T17:36:04.709Z INFO  application=marketops-server environment=local buildVersion=0.1.0-SNAPSHOT correlationId=3f441a47-605b-45db-a315-6a5519272f6e c.m.m.s.i.c.CorrelationIdFilter - Request completed event="request_completed" correlationId="3f441a47-605b-45db-a315-6a5519272f6e" status="200"
[WebServer] 2026-09-06T17:36:04.744Z INFO  application=marketops-server environment=local buildVersion=0.1.0-SNAPSHOT correlationId=5bceff09-fccc-488c-86d8-1d05d9846081 c.m.m.s.i.c.CorrelationIdFilter - Request completed event="request_completed" correlationId="5bceff09-fccc-488c-86d8-1d05d9846081" status="200"
[WebServer] 2026-09-06T17:36:04.846Z INFO  application=marketops-server environment=local buildVersion=0.1.0-SNAPSHOT correlationId=974be35b-cb23-4562-a79a-c98db18c07f9 c.m.m.a.i.a.JdbcMetadataAuditStore - Metadata change recorded event="metadata_change_recorded" sourceDomain="advertisingefficiency" entityType="advertising_case" entityId="d5ae6b30-3ab7-41f2-9775-1343b4774fcc" action="READ" actorId="e408f9e6-3d0e-4369-8628-96b64d2d6338" correlationId="974be35b-cb23-4562-a79a-c98db18c07f9"
[WebServer] 2026-09-06T17:36:04.862Z INFO  application=marketops-server environment=local buildVersion=0.1.0-SNAPSHOT correlationId=974be35b-cb23-4562-a79a-c98db18c07f9 c.m.m.s.i.c.CorrelationIdFilter - Request completed event="request_completed" correlationId="974be35b-cb23-4562-a79a-c98db18c07f9" status="200"
[WebServer] 2026-09-06T17:36:04.878Z INFO  application=marketops-server environment=local buildVersion=0.1.0-SNAPSHOT correlationId=fb6258d0-c9f3-44fa-9670-6b958b8678cb c.m.m.a.i.a.JdbcMetadataAuditStore - Metadata change recorded event="metadata_change_recorded" sourceDomain="advertisingefficiency" entityType="advertising_manual_packet" entityId="d23fc03b-a650-4e65-9177-b0b9d531b875" action="READ" actorId="e408f9e6-3d0e-4369-8628-96b64d2d6338" correlationId="fb6258d0-c9f3-44fa-9670-6b958b8678cb"
[WebServer] 2026-09-06T17:36:04.879Z INFO  application=marketops-server environment=local buildVersion=0.1.0-SNAPSHOT correlationId=fb6258d0-c9f3-44fa-9670-6b958b8678cb c.m.m.s.i.c.CorrelationIdFilter - Request completed event="request_completed" correlationId="fb6258d0-c9f3-44fa-9670-6b958b8678cb" status="200"
[WebServer] 2026-09-06T17:36:04.899Z INFO  application=marketops-server environment=local buildVersion=0.1.0-SNAPSHOT correlationId=51cf48eb-0ca7-4a86-9f9b-5b8ec8d832c0 c.m.m.s.i.c.CorrelationIdFilter - Request completed event="request_completed" correlationId="51cf48eb-0ca7-4a86-9f9b-5b8ec8d832c0" status="200"
[WebServer] 2026-09-06T17:36:04.903Z INFO  application=marketops-server environment=local buildVersion=0.1.0-SNAPSHOT correlationId=3bac1811-2f08-4d60-b816-0a1df1f00113 c.m.m.s.i.c.CorrelationIdFilter - Request completed event="request_completed" correlationId="3bac1811-2f08-4d60-b816-0a1df1f00113" status="200"
[WebServer] 2026-09-06T17:36:04.925Z DEBUG application=marketops-server environment=local buildVersion=0.1.0-SNAPSHOT correlationId=bb8592e5-4431-4599-91a0-439d8a2c0377 c.m.m.s.i.c.CorrelationIdFilter - Inbound correlation identifier replaced event="correlation_identifier_replaced" correlationId="bb8592e5-4431-4599-91a0-439d8a2c0377" rejectionCategory="MISSING"
[WebServer] 2026-09-06T17:36:04.927Z INFO  application=marketops-server environment=local buildVersion=0.1.0-SNAPSHOT correlationId=f59bcedd-8245-4d1b-a255-a5b91181a529 c.m.m.s.i.c.CorrelationIdFilter - Request completed event="request_completed" correlationId="f59bcedd-8245-4d1b-a255-a5b91181a529" status="200"
[WebServer] 2026-09-06T17:36:04.951Z INFO  application=marketops-server environment=local buildVersion=0.1.0-SNAPSHOT correlationId=bb8592e5-4431-4599-91a0-439d8a2c0377 c.m.m.s.i.c.CorrelationIdFilter - Request completed event="request_completed" correlationId="bb8592e5-4431-4599-91a0-439d8a2c0377" status="200"
[WebServer] 2026-09-06T17:36:05.111Z INFO  application=marketops-server environment=local buildVersion=0.1.0-SNAPSHOT correlationId=6d214974-5f69-4d4e-994d-95932af0c058 c.m.m.a.i.a.JdbcMetadataAuditStore - Metadata change recorded event="metadata_change_recorded" sourceDomain="advertisingefficiency" entityType="advertising_reservations" entityId="33edaf00-a9ad-4467-850d-6a4dec48054e" action="READ" actorId="e408f9e6-3d0e-4369-8628-96b64d2d6338" correlationId="6d214974-5f69-4d4e-994d-95932af0c058"
[WebServer] 2026-09-06T17:36:05.112Z INFO  application=marketops-server environment=local buildVersion=0.1.0-SNAPSHOT correlationId=05e043a1-7450-4743-9c6a-1634f3ee8cbc c.m.m.s.i.e.ConsoleProblemAdvice - Console request refused event="console_request_refused" errorCode="RESOURCE_NOT_FOUND" correlationId="05e043a1-7450-4743-9c6a-1634f3ee8cbc"
[WebServer] 2026-09-06T17:36:05.112Z INFO  application=marketops-server environment=local buildVersion=0.1.0-SNAPSHOT correlationId=5afdcab6-215d-48e0-a96e-a5af45b03c9b c.m.m.a.i.a.JdbcMetadataAuditStore - Metadata change recorded event="metadata_change_recorded" sourceDomain="advertisingefficiency" entityType="advertising_containments" entityId="33edaf00-a9ad-4467-850d-6a4dec48054e" action="READ" actorId="e408f9e6-3d0e-4369-8628-96b64d2d6338" correlationId="5afdcab6-215d-48e0-a96e-a5af45b03c9b"
[WebServer] 2026-09-06T17:36:05.112Z INFO  application=marketops-server environment=local buildVersion=0.1.0-SNAPSHOT correlationId=05e043a1-7450-4743-9c6a-1634f3ee8cbc c.m.m.s.i.c.CorrelationIdFilter - Request completed event="request_completed" correlationId="05e043a1-7450-4743-9c6a-1634f3ee8cbc" status="404"
[WebServer] 2026-09-06T17:36:05.115Z INFO  application=marketops-server environment=local buildVersion=0.1.0-SNAPSHOT correlationId=fe9cf261-1e43-44d5-bff3-f7a0c529a61c c.m.m.s.i.e.ConsoleProblemAdvice - Console request refused event="console_request_refused" errorCode="RESOURCE_SCOPE_DENIED" correlationId="fe9cf261-1e43-44d5-bff3-f7a0c529a61c"
[WebServer] 2026-09-06T17:36:05.115Z INFO  application=marketops-server environment=local buildVersion=0.1.0-SNAPSHOT correlationId=fe9cf261-1e43-44d5-bff3-f7a0c529a61c c.m.m.s.i.c.CorrelationIdFilter - Request completed event="request_completed" correlationId="fe9cf261-1e43-44d5-bff3-f7a0c529a61c" status="403"
[WebServer] 2026-09-06T17:36:05.116Z INFO  application=marketops-server environment=local buildVersion=0.1.0-SNAPSHOT correlationId=7e123bf4-d8d0-408b-84bc-b921fb884993 c.m.m.a.i.a.JdbcMetadataAuditStore - Metadata change recorded event="metadata_change_recorded" sourceDomain="availabilityrisk" entityType="availability_queue" entityId="33edaf00-a9ad-4467-850d-6a4dec48054e" action="READ" actorId="e408f9e6-3d0e-4369-8628-96b64d2d6338" correlationId="7e123bf4-d8d0-408b-84bc-b921fb884993"
[WebServer] 2026-09-06T17:36:05.118Z INFO  application=marketops-server environment=local buildVersion=0.1.0-SNAPSHOT correlationId=7e123bf4-d8d0-408b-84bc-b921fb884993 c.m.m.s.i.c.CorrelationIdFilter - Request completed event="request_completed" correlationId="7e123bf4-d8d0-408b-84bc-b921fb884993" status="200"
[WebServer] 2026-09-06T17:36:05.119Z INFO  application=marketops-server environment=local buildVersion=0.1.0-SNAPSHOT correlationId=5afdcab6-215d-48e0-a96e-a5af45b03c9b c.m.m.s.i.c.CorrelationIdFilter - Request completed event="request_completed" correlationId="5afdcab6-215d-48e0-a96e-a5af45b03c9b" status="200"
[WebServer] 2026-09-06T17:36:05.125Z INFO  application=marketops-server environment=local buildVersion=0.1.0-SNAPSHOT correlationId=cddab56f-fbdf-4c32-9dba-d14e5af85f3a c.m.m.a.i.a.JdbcMetadataAuditStore - Metadata change recorded event="metadata_change_recorded" sourceDomain="advertisingefficiency" entityType="advertising_exposure" entityId="33edaf00-a9ad-4467-850d-6a4dec48054e" action="READ" actorId="e408f9e6-3d0e-4369-8628-96b64d2d6338" correlationId="cddab56f-fbdf-4c32-9dba-d14e5af85f3a"
[WebServer] 2026-09-06T17:36:05.126Z INFO  application=marketops-server environment=local buildVersion=0.1.0-SNAPSHOT correlationId=cddab56f-fbdf-4c32-9dba-d14e5af85f3a c.m.m.s.i.c.CorrelationIdFilter - Request completed event="request_completed" correlationId="cddab56f-fbdf-4c32-9dba-d14e5af85f3a" status="200"
[WebServer] 2026-09-06T17:36:05.126Z INFO  application=marketops-server environment=local buildVersion=0.1.0-SNAPSHOT correlationId=d6c65672-2488-461e-921c-47ef48c186a3 c.m.m.s.i.e.ConsoleProblemAdvice - Console request refused event="console_request_refused" errorCode="RESOURCE_SCOPE_DENIED" correlationId="d6c65672-2488-461e-921c-47ef48c186a3"
[WebServer] 2026-09-06T17:36:05.126Z INFO  application=marketops-server environment=local buildVersion=0.1.0-SNAPSHOT correlationId=d6c65672-2488-461e-921c-47ef48c186a3 c.m.m.s.i.c.CorrelationIdFilter - Request completed event="request_completed" correlationId="d6c65672-2488-461e-921c-47ef48c186a3" status="403"
[WebServer] 2026-09-06T17:36:05.130Z INFO  application=marketops-server environment=local buildVersion=0.1.0-SNAPSHOT correlationId=6d214974-5f69-4d4e-994d-95932af0c058 c.m.m.s.i.c.CorrelationIdFilter - Request completed event="request_completed" correlationId="6d214974-5f69-4d4e-994d-95932af0c058" status="200"
[WebServer] 2026-09-06T17:36:05.130Z INFO  application=marketops-server environment=local buildVersion=0.1.0-SNAPSHOT correlationId=be456b03-9b25-481a-bf7c-9d0cacb4a47f c.m.m.a.i.a.JdbcMetadataAuditStore - Metadata change recorded event="metadata_change_recorded" sourceDomain="advertisingefficiency" entityType="advertising_queue" entityId="33edaf00-a9ad-4467-850d-6a4dec48054e" action="READ" actorId="e408f9e6-3d0e-4369-8628-96b64d2d6338" correlationId="be456b03-9b25-481a-bf7c-9d0cacb4a47f"
[WebServer] 2026-09-06T17:36:05.143Z INFO  application=marketops-server environment=local buildVersion=0.1.0-SNAPSHOT correlationId=bd8e9b21-e2ab-442e-af16-056ef296b926 c.m.m.a.i.a.JdbcMetadataAuditStore - Metadata change recorded event="metadata_change_recorded" sourceDomain="advertisingefficiency" entityType="advertising_orchestration" entityId="33edaf00-a9ad-4467-850d-6a4dec48054e" action="READ" actorId="e408f9e6-3d0e-4369-8628-96b64d2d6338" correlationId="bd8e9b21-e2ab-442e-af16-056ef296b926"
[WebServer] 2026-09-06T17:36:05.144Z INFO  application=marketops-server environment=local buildVersion=0.1.0-SNAPSHOT correlationId=bd8e9b21-e2ab-442e-af16-056ef296b926 c.m.m.s.i.c.CorrelationIdFilter - Request completed event="request_completed" correlationId="bd8e9b21-e2ab-442e-af16-056ef296b926" status="200"
[WebServer] 2026-09-06T17:36:05.170Z INFO  application=marketops-server environment=local buildVersion=0.1.0-SNAPSHOT correlationId=be456b03-9b25-481a-bf7c-9d0cacb4a47f c.m.m.s.i.c.CorrelationIdFilter - Request completed event="request_completed" correlationId="be456b03-9b25-481a-bf7c-9d0cacb4a47f" status="200"
[WebServer] 2026-09-06T17:36:05.209Z INFO  application=marketops-server environment=local buildVersion=0.1.0-SNAPSHOT correlationId=c0b0d1f9-4a50-4dea-a4af-727739b3bdcd c.m.m.a.i.a.JdbcMetadataAuditStore - Metadata change recorded event="metadata_change_recorded" sourceDomain="advertisingefficiency" entityType="advertising_case" entityId="47f857b4-5f61-4aef-9bd1-c7f2db5cda96" action="READ" actorId="e408f9e6-3d0e-4369-8628-96b64d2d6338" correlationId="c0b0d1f9-4a50-4dea-a4af-727739b3bdcd"
[WebServer] 2026-09-06T17:36:05.219Z INFO  application=marketops-server environment=local buildVersion=0.1.0-SNAPSHOT correlationId=c0b0d1f9-4a50-4dea-a4af-727739b3bdcd c.m.m.s.i.c.CorrelationIdFilter - Request completed event="request_completed" correlationId="c0b0d1f9-4a50-4dea-a4af-727739b3bdcd" status="200"
[WebServer] 2026-09-06T17:36:05.230Z INFO  application=marketops-server environment=local buildVersion=0.1.0-SNAPSHOT correlationId=88efb102-10c4-448e-8804-3460c34371c1 c.m.m.a.i.a.JdbcMetadataAuditStore - Metadata change recorded event="metadata_change_recorded" sourceDomain="advertisingefficiency" entityType="advertising_manual_packet" entityId="0684549b-90d4-4298-b9e7-fd8905f4db0e" action="READ" actorId="e408f9e6-3d0e-4369-8628-96b64d2d6338" correlationId="88efb102-10c4-448e-8804-3460c34371c1"
[WebServer] 2026-09-06T17:36:05.231Z INFO  application=marketops-server environment=local buildVersion=0.1.0-SNAPSHOT correlationId=88efb102-10c4-448e-8804-3460c34371c1 c.m.m.s.i.c.CorrelationIdFilter - Request completed event="request_completed" correlationId="88efb102-10c4-448e-8804-3460c34371c1" status="200"
[WebServer] 2026-09-06T17:36:05.259Z INFO  application=marketops-server environment=local buildVersion=0.1.0-SNAPSHOT correlationId=fa4a6416-fedb-4c10-b958-c34f29fe039d c.m.m.s.i.c.CorrelationIdFilter - Request completed event="request_completed" correlationId="fa4a6416-fedb-4c10-b958-c34f29fe039d" status="200"
[WebServer] 2026-09-06T17:36:05.264Z INFO  application=marketops-server environment=local buildVersion=0.1.0-SNAPSHOT correlationId=c4f4da04-3783-4440-8c24-4fb7bddd9500 c.m.m.s.i.c.CorrelationIdFilter - Request completed event="request_completed" correlationId="c4f4da04-3783-4440-8c24-4fb7bddd9500" status="200"
[WebServer] 2026-09-06T17:36:05.283Z DEBUG application=marketops-server environment=local buildVersion=0.1.0-SNAPSHOT correlationId=3a2362d7-2d6f-4327-9b9f-00849c9f5a10 c.m.m.s.i.c.CorrelationIdFilter - Inbound correlation identifier replaced event="correlation_identifier_replaced" correlationId="3a2362d7-2d6f-4327-9b9f-00849c9f5a10" rejectionCategory="MISSING"
[WebServer] 2026-09-06T17:36:05.290Z INFO  application=marketops-server environment=local buildVersion=0.1.0-SNAPSHOT correlationId=d80b70cb-8159-40ae-8529-3757aac82148 c.m.m.s.i.c.CorrelationIdFilter - Request completed event="request_completed" correlationId="d80b70cb-8159-40ae-8529-3757aac82148" status="200"
[WebServer] 2026-09-06T17:36:05.311Z INFO  application=marketops-server environment=local buildVersion=0.1.0-SNAPSHOT correlationId=3a2362d7-2d6f-4327-9b9f-00849c9f5a10 c.m.m.s.i.c.CorrelationIdFilter - Request completed event="request_completed" correlationId="3a2362d7-2d6f-4327-9b9f-00849c9f5a10" status="200"
[WebServer] 2026-09-06T17:36:05.451Z INFO  application=marketops-server environment=local buildVersion=0.1.0-SNAPSHOT correlationId=7fc32d0a-58fc-4da0-892e-7d004ea7898e c.m.m.s.i.e.ConsoleProblemAdvice - Console request refused event="console_request_refused" errorCode="RESOURCE_NOT_FOUND" correlationId="7fc32d0a-58fc-4da0-892e-7d004ea7898e"
[WebServer] 2026-09-06T17:36:05.451Z INFO  application=marketops-server environment=local buildVersion=0.1.0-SNAPSHOT correlationId=eed2b159-a752-4d4c-ab1c-d9bc7aab46f1 c.m.m.a.i.a.JdbcMetadataAuditStore - Metadata change recorded event="metadata_change_recorded" sourceDomain="advertisingefficiency" entityType="advertising_containments" entityId="33edaf00-a9ad-4467-850d-6a4dec48054e" action="READ" actorId="e408f9e6-3d0e-4369-8628-96b64d2d6338" correlationId="eed2b159-a752-4d4c-ab1c-d9bc7aab46f1"
[WebServer] 2026-09-06T17:36:05.451Z INFO  application=marketops-server environment=local buildVersion=0.1.0-SNAPSHOT correlationId=7fc32d0a-58fc-4da0-892e-7d004ea7898e c.m.m.s.i.c.CorrelationIdFilter - Request completed event="request_completed" correlationId="7fc32d0a-58fc-4da0-892e-7d004ea7898e" status="404"
[WebServer] 2026-09-06T17:36:05.452Z INFO  application=marketops-server environment=local buildVersion=0.1.0-SNAPSHOT correlationId=b17f8c1c-aaf5-4de9-80ef-5d44fbe34304 c.m.m.a.i.a.JdbcMetadataAuditStore - Metadata change recorded event="metadata_change_recorded" sourceDomain="advertisingefficiency" entityType="advertising_reservations" entityId="33edaf00-a9ad-4467-850d-6a4dec48054e" action="READ" actorId="e408f9e6-3d0e-4369-8628-96b64d2d6338" correlationId="b17f8c1c-aaf5-4de9-80ef-5d44fbe34304"
[WebServer] 2026-09-06T17:36:05.454Z INFO  application=marketops-server environment=local buildVersion=0.1.0-SNAPSHOT correlationId=0c7f1d53-c6e6-422a-a218-2cb589dbd8ab c.m.m.s.i.e.ConsoleProblemAdvice - Console request refused event="console_request_refused" errorCode="RESOURCE_SCOPE_DENIED" correlationId="0c7f1d53-c6e6-422a-a218-2cb589dbd8ab"
[WebServer] 2026-09-06T17:36:05.455Z INFO  application=marketops-server environment=local buildVersion=0.1.0-SNAPSHOT correlationId=0c7f1d53-c6e6-422a-a218-2cb589dbd8ab c.m.m.s.i.c.CorrelationIdFilter - Request completed event="request_completed" correlationId="0c7f1d53-c6e6-422a-a218-2cb589dbd8ab" status="403"
[WebServer] 2026-09-06T17:36:05.457Z INFO  application=marketops-server environment=local buildVersion=0.1.0-SNAPSHOT correlationId=d4d96d33-48fa-4f61-8958-51222c0bc4ac c.m.m.a.i.a.JdbcMetadataAuditStore - Metadata change recorded event="metadata_change_recorded" sourceDomain="availabilityrisk" entityType="availability_queue" entityId="33edaf00-a9ad-4467-850d-6a4dec48054e" action="READ" actorId="e408f9e6-3d0e-4369-8628-96b64d2d6338" correlationId="d4d96d33-48fa-4f61-8958-51222c0bc4ac"
[WebServer] 2026-09-06T17:36:05.459Z INFO  application=marketops-server environment=local buildVersion=0.1.0-SNAPSHOT correlationId=d4d96d33-48fa-4f61-8958-51222c0bc4ac c.m.m.s.i.c.CorrelationIdFilter - Request completed event="request_completed" correlationId="d4d96d33-48fa-4f61-8958-51222c0bc4ac" status="200"
[WebServer] 2026-09-06T17:36:05.461Z INFO  application=marketops-server environment=local buildVersion=0.1.0-SNAPSHOT correlationId=eed2b159-a752-4d4c-ab1c-d9bc7aab46f1 c.m.m.s.i.c.CorrelationIdFilter - Request completed event="request_completed" correlationId="eed2b159-a752-4d4c-ab1c-d9bc7aab46f1" status="200"
[WebServer] 2026-09-06T17:36:05.466Z INFO  application=marketops-server environment=local buildVersion=0.1.0-SNAPSHOT correlationId=a5e4eff3-574a-4a2a-8d6c-0d5ac4bd6bd8 c.m.m.a.i.a.JdbcMetadataAuditStore - Metadata change recorded event="metadata_change_recorded" sourceDomain="advertisingefficiency" entityType="advertising_exposure" entityId="33edaf00-a9ad-4467-850d-6a4dec48054e" action="READ" actorId="e408f9e6-3d0e-4369-8628-96b64d2d6338" correlationId="a5e4eff3-574a-4a2a-8d6c-0d5ac4bd6bd8"
[WebServer] 2026-09-06T17:36:05.468Z INFO  application=marketops-server environment=local buildVersion=0.1.0-SNAPSHOT correlationId=a5e4eff3-574a-4a2a-8d6c-0d5ac4bd6bd8 c.m.m.s.i.c.CorrelationIdFilter - Request completed event="request_completed" correlationId="a5e4eff3-574a-4a2a-8d6c-0d5ac4bd6bd8" status="200"
[WebServer] 2026-09-06T17:36:05.472Z INFO  application=marketops-server environment=local buildVersion=0.1.0-SNAPSHOT correlationId=af9f2e32-58ca-4ef7-bf2d-0f71a3768d16 c.m.m.s.i.e.ConsoleProblemAdvice - Console request refused event="console_request_refused" errorCode="RESOURCE_SCOPE_DENIED" correlationId="af9f2e32-58ca-4ef7-bf2d-0f71a3768d16"
[WebServer] 2026-09-06T17:36:05.473Z INFO  application=marketops-server environment=local buildVersion=0.1.0-SNAPSHOT correlationId=af9f2e32-58ca-4ef7-bf2d-0f71a3768d16 c.m.m.s.i.c.CorrelationIdFilter - Request completed event="request_completed" correlationId="af9f2e32-58ca-4ef7-bf2d-0f71a3768d16" status="403"
[WebServer] 2026-09-06T17:36:05.477Z INFO  application=marketops-server environment=local buildVersion=0.1.0-SNAPSHOT correlationId=cc8b92dc-9b16-434d-92c2-465e68bcf32d c.m.m.a.i.a.JdbcMetadataAuditStore - Metadata change recorded event="metadata_change_recorded" sourceDomain="advertisingefficiency" entityType="advertising_queue" entityId="33edaf00-a9ad-4467-850d-6a4dec48054e" action="READ" actorId="e408f9e6-3d0e-4369-8628-96b64d2d6338" correlationId="cc8b92dc-9b16-434d-92c2-465e68bcf32d"
[WebServer] 2026-09-06T17:36:05.477Z INFO  application=marketops-server environment=local buildVersion=0.1.0-SNAPSHOT correlationId=b17f8c1c-aaf5-4de9-80ef-5d44fbe34304 c.m.m.s.i.c.CorrelationIdFilter - Request completed event="request_completed" correlationId="b17f8c1c-aaf5-4de9-80ef-5d44fbe34304" status="200"
[WebServer] 2026-09-06T17:36:05.490Z INFO  application=marketops-server environment=local buildVersion=0.1.0-SNAPSHOT correlationId=b814f1a5-fa22-483f-a4a2-aac8e7956d57 c.m.m.a.i.a.JdbcMetadataAuditStore - Metadata change recorded event="metadata_change_recorded" sourceDomain="advertisingefficiency" entityType="advertising_orchestration" entityId="33edaf00-a9ad-4467-850d-6a4dec48054e" action="READ" actorId="e408f9e6-3d0e-4369-8628-96b64d2d6338" correlationId="b814f1a5-fa22-483f-a4a2-aac8e7956d57"
[WebServer] 2026-09-06T17:36:05.491Z INFO  application=marketops-server environment=local buildVersion=0.1.0-SNAPSHOT correlationId=b814f1a5-fa22-483f-a4a2-aac8e7956d57 c.m.m.s.i.c.CorrelationIdFilter - Request completed event="request_completed" correlationId="b814f1a5-fa22-483f-a4a2-aac8e7956d57" status="200"
[WebServer] 2026-09-06T17:36:05.520Z INFO  application=marketops-server environment=local buildVersion=0.1.0-SNAPSHOT correlationId=cc8b92dc-9b16-434d-92c2-465e68bcf32d c.m.m.s.i.c.CorrelationIdFilter - Request completed event="request_completed" correlationId="cc8b92dc-9b16-434d-92c2-465e68bcf32d" status="200"
[WebServer] 2026-09-06T17:36:05.558Z INFO  application=marketops-server environment=local buildVersion=0.1.0-SNAPSHOT correlationId=8d162ad2-ae1c-4446-beff-df644172f018 c.m.m.a.i.a.JdbcMetadataAuditStore - Metadata change recorded event="metadata_change_recorded" sourceDomain="advertisingefficiency" entityType="advertising_case" entityId="096382c4-f9a0-4de6-9483-4784040eb535" action="READ" actorId="e408f9e6-3d0e-4369-8628-96b64d2d6338" correlationId="8d162ad2-ae1c-4446-beff-df644172f018"
[WebServer] 2026-09-06T17:36:05.566Z INFO  application=marketops-server environment=local buildVersion=0.1.0-SNAPSHOT correlationId=8d162ad2-ae1c-4446-beff-df644172f018 c.m.m.s.i.c.CorrelationIdFilter - Request completed event="request_completed" correlationId="8d162ad2-ae1c-4446-beff-df644172f018" status="200"
[WebServer] 2026-09-06T17:36:05.577Z INFO  application=marketops-server environment=local buildVersion=0.1.0-SNAPSHOT correlationId=09005cf1-38cd-449d-aaa0-3a1bfa86e716 c.m.m.a.i.a.JdbcMetadataAuditStore - Metadata change recorded event="metadata_change_recorded" sourceDomain="advertisingefficiency" entityType="advertising_manual_packet" entityId="57ec97bf-79ef-4caa-b0e2-dd6b64711cc2" action="READ" actorId="e408f9e6-3d0e-4369-8628-96b64d2d6338" correlationId="09005cf1-38cd-449d-aaa0-3a1bfa86e716"
[WebServer] 2026-09-06T17:36:05.578Z INFO  application=marketops-server environment=local buildVersion=0.1.0-SNAPSHOT correlationId=09005cf1-38cd-449d-aaa0-3a1bfa86e716 c.m.m.s.i.c.CorrelationIdFilter - Request completed event="request_completed" correlationId="09005cf1-38cd-449d-aaa0-3a1bfa86e716" status="200"
[WebServer] 2026-09-06T17:36:05.591Z INFO  application=marketops-server environment=local buildVersion=0.1.0-SNAPSHOT correlationId=57c62816-3cbe-4f1f-94e8-e46645d6e130 c.m.m.s.i.c.CorrelationIdFilter - Request completed event="request_completed" correlationId="57c62816-3cbe-4f1f-94e8-e46645d6e130" status="200"
[WebServer] 2026-09-06T17:36:05.597Z INFO  application=marketops-server environment=local buildVersion=0.1.0-SNAPSHOT correlationId=8784cb40-e612-4b61-8fdf-66004600ce8f c.m.m.s.i.c.CorrelationIdFilter - Request completed event="request_completed" correlationId="8784cb40-e612-4b61-8fdf-66004600ce8f" status="200"
[WebServer] 2026-09-06T17:36:05.601Z INFO  application=marketops-server environment=local buildVersion=0.1.0-SNAPSHOT correlationId=89b619d4-755f-4030-b9f6-c7a39140589c c.m.m.s.i.e.ConsoleProblemAdvice - Console request refused event="console_request_refused" errorCode="RESOURCE_NOT_FOUND" correlationId="89b619d4-755f-4030-b9f6-c7a39140589c"
[WebServer] 2026-09-06T17:36:05.602Z INFO  application=marketops-server environment=local buildVersion=0.1.0-SNAPSHOT correlationId=89b619d4-755f-4030-b9f6-c7a39140589c c.m.m.s.i.c.CorrelationIdFilter - Request completed event="request_completed" correlationId="89b619d4-755f-4030-b9f6-c7a39140589c" status="404"
[WebServer] 2026-09-06T17:36:05.740Z INFO  application=marketops-server environment=local buildVersion=0.1.0-SNAPSHOT correlationId=e8dc5d26-53dc-4dff-a3b8-f6cf449c59c5 c.m.m.s.i.e.ConsoleProblemAdvice - Console request refused event="console_request_refused" errorCode="RESOURCE_NOT_FOUND" correlationId="e8dc5d26-53dc-4dff-a3b8-f6cf449c59c5"
[WebServer] 2026-09-06T17:36:05.741Z INFO  application=marketops-server environment=local buildVersion=0.1.0-SNAPSHOT correlationId=fe9f23d3-5621-42c2-ad01-1630498e5b2b c.m.m.a.i.a.JdbcMetadataAuditStore - Metadata change recorded event="metadata_change_recorded" sourceDomain="advertisingefficiency" entityType="advertising_reservations" entityId="33edaf00-a9ad-4467-850d-6a4dec48054e" action="READ" actorId="e408f9e6-3d0e-4369-8628-96b64d2d6338" correlationId="fe9f23d3-5621-42c2-ad01-1630498e5b2b"
[WebServer] 2026-09-06T17:36:05.741Z INFO  application=marketops-server environment=local buildVersion=0.1.0-SNAPSHOT correlationId=51ea7478-0319-4e9b-9875-df2f282ebe9f c.m.m.a.i.a.JdbcMetadataAuditStore - Metadata change recorded event="metadata_change_recorded" sourceDomain="advertisingefficiency" entityType="advertising_containments" entityId="33edaf00-a9ad-4467-850d-6a4dec48054e" action="READ" actorId="e408f9e6-3d0e-4369-8628-96b64d2d6338" correlationId="51ea7478-0319-4e9b-9875-df2f282ebe9f"
[WebServer] 2026-09-06T17:36:05.741Z INFO  application=marketops-server environment=local buildVersion=0.1.0-SNAPSHOT correlationId=e8dc5d26-53dc-4dff-a3b8-f6cf449c59c5 c.m.m.s.i.c.CorrelationIdFilter - Request completed event="request_completed" correlationId="e8dc5d26-53dc-4dff-a3b8-f6cf449c59c5" status="404"
[WebServer] 2026-09-06T17:36:05.745Z INFO  application=marketops-server environment=local buildVersion=0.1.0-SNAPSHOT correlationId=19416363-6d7f-40e0-9680-55f21bb946d5 c.m.m.s.i.e.ConsoleProblemAdvice - Console request refused event="console_request_refused" errorCode="RESOURCE_SCOPE_DENIED" correlationId="19416363-6d7f-40e0-9680-55f21bb946d5"
[WebServer] 2026-09-06T17:36:05.745Z INFO  application=marketops-server environment=local buildVersion=0.1.0-SNAPSHOT correlationId=19416363-6d7f-40e0-9680-55f21bb946d5 c.m.m.s.i.c.CorrelationIdFilter - Request completed event="request_completed" correlationId="19416363-6d7f-40e0-9680-55f21bb946d5" status="403"
[WebServer] 2026-09-06T17:36:05.747Z INFO  application=marketops-server environment=local buildVersion=0.1.0-SNAPSHOT correlationId=232f3191-b150-42a2-b318-0889a09c24d5 c.m.m.a.i.a.JdbcMetadataAuditStore - Metadata change recorded event="metadata_change_recorded" sourceDomain="availabilityrisk" entityType="availability_queue" entityId="33edaf00-a9ad-4467-850d-6a4dec48054e" action="READ" actorId="e408f9e6-3d0e-4369-8628-96b64d2d6338" correlationId="232f3191-b150-42a2-b318-0889a09c24d5"
[WebServer] 2026-09-06T17:36:05.749Z INFO  application=marketops-server environment=local buildVersion=0.1.0-SNAPSHOT correlationId=232f3191-b150-42a2-b318-0889a09c24d5 c.m.m.s.i.c.CorrelationIdFilter - Request completed event="request_completed" correlationId="232f3191-b150-42a2-b318-0889a09c24d5" status="200"
[WebServer] 2026-09-06T17:36:05.749Z INFO  application=marketops-server environment=local buildVersion=0.1.0-SNAPSHOT correlationId=51ea7478-0319-4e9b-9875-df2f282ebe9f c.m.m.s.i.c.CorrelationIdFilter - Request completed event="request_completed" correlationId="51ea7478-0319-4e9b-9875-df2f282ebe9f" status="200"
[WebServer] 2026-09-06T17:36:05.760Z INFO  application=marketops-server environment=local buildVersion=0.1.0-SNAPSHOT correlationId=ce834c13-e6c2-4db9-a963-32d991339408 c.m.m.s.i.e.ConsoleProblemAdvice - Console request refused event="console_request_refused" errorCode="RESOURCE_SCOPE_DENIED" correlationId="ce834c13-e6c2-4db9-a963-32d991339408"
[WebServer] 2026-09-06T17:36:05.760Z INFO  application=marketops-server environment=local buildVersion=0.1.0-SNAPSHOT correlationId=82fad89f-543f-4054-8cde-c8117a8b8299 c.m.m.a.i.a.JdbcMetadataAuditStore - Metadata change recorded event="metadata_change_recorded" sourceDomain="advertisingefficiency" entityType="advertising_exposure" entityId="33edaf00-a9ad-4467-850d-6a4dec48054e" action="READ" actorId="e408f9e6-3d0e-4369-8628-96b64d2d6338" correlationId="82fad89f-543f-4054-8cde-c8117a8b8299"
[WebServer] 2026-09-06T17:36:05.760Z INFO  application=marketops-server environment=local buildVersion=0.1.0-SNAPSHOT correlationId=ce834c13-e6c2-4db9-a963-32d991339408 c.m.m.s.i.c.CorrelationIdFilter - Request completed event="request_completed" correlationId="ce834c13-e6c2-4db9-a963-32d991339408" status="403"
[WebServer] 2026-09-06T17:36:05.762Z INFO  application=marketops-server environment=local buildVersion=0.1.0-SNAPSHOT correlationId=82fad89f-543f-4054-8cde-c8117a8b8299 c.m.m.s.i.c.CorrelationIdFilter - Request completed event="request_completed" correlationId="82fad89f-543f-4054-8cde-c8117a8b8299" status="200"
[WebServer] 2026-09-06T17:36:05.764Z INFO  application=marketops-server environment=local buildVersion=0.1.0-SNAPSHOT correlationId=9c117238-f8c6-476d-b66d-e14ca7f024ed c.m.m.a.i.a.JdbcMetadataAuditStore - Metadata change recorded event="metadata_change_recorded" sourceDomain="advertisingefficiency" entityType="advertising_queue" entityId="33edaf00-a9ad-4467-850d-6a4dec48054e" action="READ" actorId="e408f9e6-3d0e-4369-8628-96b64d2d6338" correlationId="9c117238-f8c6-476d-b66d-e14ca7f024ed"
[WebServer] 2026-09-06T17:36:05.765Z INFO  application=marketops-server environment=local buildVersion=0.1.0-SNAPSHOT correlationId=fe9f23d3-5621-42c2-ad01-1630498e5b2b c.m.m.s.i.c.CorrelationIdFilter - Request completed event="request_completed" correlationId="fe9f23d3-5621-42c2-ad01-1630498e5b2b" status="200"
[WebServer] 2026-09-06T17:36:05.778Z INFO  application=marketops-server environment=local buildVersion=0.1.0-SNAPSHOT correlationId=b3b24fbc-b44d-432f-8227-8746680077d1 c.m.m.a.i.a.JdbcMetadataAuditStore - Metadata change recorded event="metadata_change_recorded" sourceDomain="advertisingefficiency" entityType="advertising_orchestration" entityId="33edaf00-a9ad-4467-850d-6a4dec48054e" action="READ" actorId="e408f9e6-3d0e-4369-8628-96b64d2d6338" correlationId="b3b24fbc-b44d-432f-8227-8746680077d1"
[WebServer] 2026-09-06T17:36:05.779Z INFO  application=marketops-server environment=local buildVersion=0.1.0-SNAPSHOT correlationId=b3b24fbc-b44d-432f-8227-8746680077d1 c.m.m.s.i.c.CorrelationIdFilter - Request completed event="request_completed" correlationId="b3b24fbc-b44d-432f-8227-8746680077d1" status="200"
[WebServer] 2026-09-06T17:36:05.816Z INFO  application=marketops-server environment=local buildVersion=0.1.0-SNAPSHOT correlationId=9c117238-f8c6-476d-b66d-e14ca7f024ed c.m.m.s.i.c.CorrelationIdFilter - Request completed event="request_completed" correlationId="9c117238-f8c6-476d-b66d-e14ca7f024ed" status="200"
  ✓   5 tests/advertising-browser/governed-advertising.spec.ts:534:1 › all four real HTTP lane projections preserve unknown values and expose no invented action (2.2s)
[WebServer] 2026-09-06T17:36:06.104Z INFO  application=marketops-server environment=local buildVersion=0.1.0-SNAPSHOT correlationId=210d3cb7-ca52-488a-9dbb-9be1cccad610 c.m.m.s.i.c.CorrelationIdFilter - Request completed event="request_completed" correlationId="210d3cb7-ca52-488a-9dbb-9be1cccad610" status="200"
[WebServer] 2026-09-06T17:36:06.109Z INFO  application=marketops-server environment=local buildVersion=0.1.0-SNAPSHOT correlationId=8ad8f694-f5de-4d5b-9514-105e4a2f2488 c.m.m.s.i.e.ConsoleProblemAdvice - Console request refused event="console_request_refused" errorCode="RESOURCE_NOT_FOUND" correlationId="8ad8f694-f5de-4d5b-9514-105e4a2f2488"
[WebServer] 2026-09-06T17:36:06.109Z INFO  application=marketops-server environment=local buildVersion=0.1.0-SNAPSHOT correlationId=8ad8f694-f5de-4d5b-9514-105e4a2f2488 c.m.m.s.i.c.CorrelationIdFilter - Request completed event="request_completed" correlationId="8ad8f694-f5de-4d5b-9514-105e4a2f2488" status="404"
[WebServer] 2026-09-06T17:36:06.112Z INFO  application=marketops-server environment=local buildVersion=0.1.0-SNAPSHOT correlationId=e011a1f7-489e-4c02-834d-b21b2b6bc15d c.m.m.a.i.a.JdbcMetadataAuditStore - Metadata change recorded event="metadata_change_recorded" sourceDomain="advertisingefficiency" entityType="advertising_containments" entityId="c1a97422-97f8-4342-935c-45d11cf37ba2" action="READ" actorId="b9ff49ef-e1db-441b-87a3-356c7e297370" correlationId="e011a1f7-489e-4c02-834d-b21b2b6bc15d"
[WebServer] 2026-09-06T17:36:06.116Z INFO  application=marketops-server environment=local buildVersion=0.1.0-SNAPSHOT correlationId=8d09613f-575a-40b2-be01-19c8544c9f5e c.m.m.s.i.e.ConsoleProblemAdvice - Console request refused event="console_request_refused" errorCode="RESOURCE_SCOPE_DENIED" correlationId="8d09613f-575a-40b2-be01-19c8544c9f5e"
[WebServer] 2026-09-06T17:36:06.116Z INFO  application=marketops-server environment=local buildVersion=0.1.0-SNAPSHOT correlationId=8d09613f-575a-40b2-be01-19c8544c9f5e c.m.m.s.i.c.CorrelationIdFilter - Request completed event="request_completed" correlationId="8d09613f-575a-40b2-be01-19c8544c9f5e" status="403"
[WebServer] 2026-09-06T17:36:06.117Z INFO  application=marketops-server environment=local buildVersion=0.1.0-SNAPSHOT correlationId=70b4cf43-abc7-415b-99a3-1f8ce3cd8830 c.m.m.a.i.a.JdbcMetadataAuditStore - Metadata change recorded event="metadata_change_recorded" sourceDomain="advertisingefficiency" entityType="advertising_reservations" entityId="c1a97422-97f8-4342-935c-45d11cf37ba2" action="READ" actorId="b9ff49ef-e1db-441b-87a3-356c7e297370" correlationId="70b4cf43-abc7-415b-99a3-1f8ce3cd8830"
[WebServer] 2026-09-06T17:36:06.119Z INFO  application=marketops-server environment=local buildVersion=0.1.0-SNAPSHOT correlationId=6de7d97f-16d0-4786-864c-e3cc367ec7bd c.m.m.a.i.a.JdbcMetadataAuditStore - Metadata change recorded event="metadata_change_recorded" sourceDomain="availabilityrisk" entityType="availability_queue" entityId="c1a97422-97f8-4342-935c-45d11cf37ba2" action="READ" actorId="b9ff49ef-e1db-441b-87a3-356c7e297370" correlationId="6de7d97f-16d0-4786-864c-e3cc367ec7bd"
[WebServer] 2026-09-06T17:36:06.119Z INFO  application=marketops-server environment=local buildVersion=0.1.0-SNAPSHOT correlationId=70b4cf43-abc7-415b-99a3-1f8ce3cd8830 c.m.m.s.i.c.CorrelationIdFilter - Request completed event="request_completed" correlationId="70b4cf43-abc7-415b-99a3-1f8ce3cd8830" status="200"
[WebServer] 2026-09-06T17:36:06.121Z INFO  application=marketops-server environment=local buildVersion=0.1.0-SNAPSHOT correlationId=e011a1f7-489e-4c02-834d-b21b2b6bc15d c.m.m.s.i.c.CorrelationIdFilter - Request completed event="request_completed" correlationId="e011a1f7-489e-4c02-834d-b21b2b6bc15d" status="200"
[WebServer] 2026-09-06T17:36:06.121Z INFO  application=marketops-server environment=local buildVersion=0.1.0-SNAPSHOT correlationId=6de7d97f-16d0-4786-864c-e3cc367ec7bd c.m.m.s.i.c.CorrelationIdFilter - Request completed event="request_completed" correlationId="6de7d97f-16d0-4786-864c-e3cc367ec7bd" status="200"
[WebServer] 2026-09-06T17:36:06.139Z INFO  application=marketops-server environment=local buildVersion=0.1.0-SNAPSHOT correlationId=bbeaa4ea-cd2d-4d6d-b9e4-81c6d93a0558 c.m.m.a.i.a.JdbcMetadataAuditStore - Metadata change recorded event="metadata_change_recorded" sourceDomain="advertisingefficiency" entityType="advertising_exposure" entityId="c1a97422-97f8-4342-935c-45d11cf37ba2" action="READ" actorId="b9ff49ef-e1db-441b-87a3-356c7e297370" correlationId="bbeaa4ea-cd2d-4d6d-b9e4-81c6d93a0558"
[WebServer] 2026-09-06T17:36:06.139Z INFO  application=marketops-server environment=local buildVersion=0.1.0-SNAPSHOT correlationId=19cf5c40-3181-4921-bd87-b89cfd03b40c c.m.m.a.i.a.JdbcMetadataAuditStore - Metadata change recorded event="metadata_change_recorded" sourceDomain="advertisingefficiency" entityType="advertising_queue" entityId="c1a97422-97f8-4342-935c-45d11cf37ba2" action="READ" actorId="b9ff49ef-e1db-441b-87a3-356c7e297370" correlationId="19cf5c40-3181-4921-bd87-b89cfd03b40c"
[WebServer] 2026-09-06T17:36:06.141Z INFO  application=marketops-server environment=local buildVersion=0.1.0-SNAPSHOT correlationId=2dd33d28-ca07-4e1e-b78e-eb06d49f8bd0 c.m.m.s.i.e.ConsoleProblemAdvice - Console request refused event="console_request_refused" errorCode="RESOURCE_SCOPE_DENIED" correlationId="2dd33d28-ca07-4e1e-b78e-eb06d49f8bd0"
[WebServer] 2026-09-06T17:36:06.141Z INFO  application=marketops-server environment=local buildVersion=0.1.0-SNAPSHOT correlationId=bbeaa4ea-cd2d-4d6d-b9e4-81c6d93a0558 c.m.m.s.i.c.CorrelationIdFilter - Request completed event="request_completed" correlationId="bbeaa4ea-cd2d-4d6d-b9e4-81c6d93a0558" status="200"
[WebServer] 2026-09-06T17:36:06.142Z INFO  application=marketops-server environment=local buildVersion=0.1.0-SNAPSHOT correlationId=2dd33d28-ca07-4e1e-b78e-eb06d49f8bd0 c.m.m.s.i.c.CorrelationIdFilter - Request completed event="request_completed" correlationId="2dd33d28-ca07-4e1e-b78e-eb06d49f8bd0" status="403"
[WebServer] 2026-09-06T17:36:06.160Z INFO  application=marketops-server environment=local buildVersion=0.1.0-SNAPSHOT correlationId=4a99299c-b981-477e-8268-8c11ad022332 c.m.m.a.i.a.JdbcMetadataAuditStore - Metadata change recorded event="metadata_change_recorded" sourceDomain="advertisingefficiency" entityType="advertising_orchestration" entityId="c1a97422-97f8-4342-935c-45d11cf37ba2" action="READ" actorId="b9ff49ef-e1db-441b-87a3-356c7e297370" correlationId="4a99299c-b981-477e-8268-8c11ad022332"
[WebServer] 2026-09-06T17:36:06.161Z INFO  application=marketops-server environment=local buildVersion=0.1.0-SNAPSHOT correlationId=19cf5c40-3181-4921-bd87-b89cfd03b40c c.m.m.s.i.c.CorrelationIdFilter - Request completed event="request_completed" correlationId="19cf5c40-3181-4921-bd87-b89cfd03b40c" status="200"
[WebServer] 2026-09-06T17:36:06.161Z INFO  application=marketops-server environment=local buildVersion=0.1.0-SNAPSHOT correlationId=4a99299c-b981-477e-8268-8c11ad022332 c.m.m.s.i.c.CorrelationIdFilter - Request completed event="request_completed" correlationId="4a99299c-b981-477e-8268-8c11ad022332" status="200"
[WebServer] 2026-09-06T17:36:06.188Z INFO  application=marketops-server environment=local buildVersion=0.1.0-SNAPSHOT correlationId=4b485c24-df8f-4db5-8ce0-431a8228d8e3 c.m.m.s.i.c.CorrelationIdFilter - Request completed event="request_completed" correlationId="4b485c24-df8f-4db5-8ce0-431a8228d8e3" status="200"
[WebServer] 2026-09-06T17:36:06.294Z INFO  application=marketops-server environment=local buildVersion=0.1.0-SNAPSHOT correlationId=fbe646dc-8ea5-44ed-a765-54f9ca970eaa c.m.m.a.i.a.JdbcMetadataAuditStore - Metadata change recorded event="metadata_change_recorded" sourceDomain="advertisingefficiency" entityType="advertising_case" entityId="c346a801-cd53-4282-b0b4-4b6d111bd2bd" action="READ" actorId="b9ff49ef-e1db-441b-87a3-356c7e297370" correlationId="fbe646dc-8ea5-44ed-a765-54f9ca970eaa"
[WebServer] 2026-09-06T17:36:06.306Z INFO  application=marketops-server environment=local buildVersion=0.1.0-SNAPSHOT correlationId=fbe646dc-8ea5-44ed-a765-54f9ca970eaa c.m.m.s.i.c.CorrelationIdFilter - Request completed event="request_completed" correlationId="fbe646dc-8ea5-44ed-a765-54f9ca970eaa" status="200"
[WebServer] 2026-09-06T17:36:06.329Z INFO  application=marketops-server environment=local buildVersion=0.1.0-SNAPSHOT correlationId=155f7c5d-7c28-448f-b764-770d33232be8 c.m.m.a.i.a.JdbcMetadataAuditStore - Metadata change recorded event="metadata_change_recorded" sourceDomain="advertisingefficiency" entityType="advertising_manual_packet" entityId="a6662a95-ec33-4d47-805b-7e7ecb714383" action="READ" actorId="b9ff49ef-e1db-441b-87a3-356c7e297370" correlationId="155f7c5d-7c28-448f-b764-770d33232be8"
[WebServer] 2026-09-06T17:36:06.330Z INFO  application=marketops-server environment=local buildVersion=0.1.0-SNAPSHOT correlationId=155f7c5d-7c28-448f-b764-770d33232be8 c.m.m.s.i.c.CorrelationIdFilter - Request completed event="request_completed" correlationId="155f7c5d-7c28-448f-b764-770d33232be8" status="200"
[WebServer] 2026-09-06T17:36:06.351Z INFO  application=marketops-server environment=local buildVersion=0.1.0-SNAPSHOT correlationId=78225905-28f0-4f27-bbd6-866f2bf63925 c.m.m.s.i.c.CorrelationIdFilter - Request completed event="request_completed" correlationId="78225905-28f0-4f27-bbd6-866f2bf63925" status="200"
[WebServer] 2026-09-06T17:36:06.369Z INFO  application=marketops-server environment=local buildVersion=0.1.0-SNAPSHOT correlationId=4671206f-d1e9-40ec-8f30-5af1063a7864 c.m.m.s.i.c.CorrelationIdFilter - Request completed event="request_completed" correlationId="4671206f-d1e9-40ec-8f30-5af1063a7864" status="200"
[WebServer] 2026-09-06T17:36:06.406Z INFO  application=marketops-server environment=local buildVersion=0.1.0-SNAPSHOT correlationId=4ce490ab-2acc-45d8-9342-506d2ad305c3 c.m.m.s.i.c.CorrelationIdFilter - Request completed event="request_completed" correlationId="4ce490ab-2acc-45d8-9342-506d2ad305c3" status="200"
[WebServer] 2026-09-06T17:36:06.523Z INFO  application=marketops-server environment=local buildVersion=0.1.0-SNAPSHOT correlationId=bdeb9503-abfd-40a3-9edf-48f63d5ff23d c.m.m.s.i.c.CorrelationIdFilter - Request completed event="request_completed" correlationId="bdeb9503-abfd-40a3-9edf-48f63d5ff23d" status="200"
[WebServer] 2026-09-06T17:36:06.593Z INFO  application=marketops-server environment=local buildVersion=0.1.0-SNAPSHOT correlationId=b543e17a-2963-4272-a3eb-4be6e4855ee9 c.m.m.s.i.c.CorrelationIdFilter - Request completed event="request_completed" correlationId="b543e17a-2963-4272-a3eb-4be6e4855ee9" status="200"
[WebServer] 2026-09-06T17:36:06.636Z INFO  application=marketops-server environment=local buildVersion=0.1.0-SNAPSHOT correlationId=460a48ca-9597-4485-ac5c-f3f5f035b69b c.m.m.s.i.c.CorrelationIdFilter - Request completed event="request_completed" correlationId="460a48ca-9597-4485-ac5c-f3f5f035b69b" status="200"
[WebServer] 2026-09-06T17:36:06.777Z INFO  application=marketops-server environment=local buildVersion=0.1.0-SNAPSHOT correlationId=b58d01b6-8021-4d34-9d53-ce3d787748fe c.m.m.s.i.c.CorrelationIdFilter - Request completed event="request_completed" correlationId="b58d01b6-8021-4d34-9d53-ce3d787748fe" status="200"
[WebServer] 2026-09-06T17:36:07.100Z INFO  application=marketops-server environment=local buildVersion=0.1.0-SNAPSHOT correlationId=f9ba2c46-4789-4ad5-bdfc-92bc7a1ba73c c.m.m.s.i.c.CorrelationIdFilter - Request completed event="request_completed" correlationId="f9ba2c46-4789-4ad5-bdfc-92bc7a1ba73c" status="200"
[WebServer] 2026-09-06T17:36:07.104Z INFO  application=marketops-server environment=local buildVersion=0.1.0-SNAPSHOT correlationId=5be57aec-eaee-4451-8034-fe99957a8603 c.m.m.s.i.e.ConsoleProblemAdvice - Console request refused event="console_request_refused" errorCode="RESOURCE_NOT_FOUND" correlationId="5be57aec-eaee-4451-8034-fe99957a8603"
[WebServer] 2026-09-06T17:36:07.104Z INFO  application=marketops-server environment=local buildVersion=0.1.0-SNAPSHOT correlationId=5be57aec-eaee-4451-8034-fe99957a8603 c.m.m.s.i.c.CorrelationIdFilter - Request completed event="request_completed" correlationId="5be57aec-eaee-4451-8034-fe99957a8603" status="404"
[WebServer] 2026-09-06T17:36:07.107Z INFO  application=marketops-server environment=local buildVersion=0.1.0-SNAPSHOT correlationId=c2c33aec-86be-4a2c-8318-7ec49ca19174 c.m.m.a.i.a.JdbcMetadataAuditStore - Metadata change recorded event="metadata_change_recorded" sourceDomain="advertisingefficiency" entityType="advertising_containments" entityId="c1a97422-97f8-4342-935c-45d11cf37ba2" action="READ" actorId="74e94038-795e-4ec9-8719-43818b155d81" correlationId="c2c33aec-86be-4a2c-8318-7ec49ca19174"
[WebServer] 2026-09-06T17:36:07.110Z INFO  application=marketops-server environment=local buildVersion=0.1.0-SNAPSHOT correlationId=b3e3cd8f-1147-41f7-8319-12c2d6f92405 c.m.m.a.i.a.JdbcMetadataAuditStore - Metadata change recorded event="metadata_change_recorded" sourceDomain="advertisingefficiency" entityType="advertising_reservations" entityId="c1a97422-97f8-4342-935c-45d11cf37ba2" action="READ" actorId="74e94038-795e-4ec9-8719-43818b155d81" correlationId="b3e3cd8f-1147-41f7-8319-12c2d6f92405"
[WebServer] 2026-09-06T17:36:07.111Z INFO  application=marketops-server environment=local buildVersion=0.1.0-SNAPSHOT correlationId=b3e3cd8f-1147-41f7-8319-12c2d6f92405 c.m.m.s.i.c.CorrelationIdFilter - Request completed event="request_completed" correlationId="b3e3cd8f-1147-41f7-8319-12c2d6f92405" status="200"
[WebServer] 2026-09-06T17:36:07.112Z INFO  application=marketops-server environment=local buildVersion=0.1.0-SNAPSHOT correlationId=1c385819-53c6-44d8-bce7-4ea7c4cd0c2a c.m.m.a.i.a.JdbcMetadataAuditStore - Metadata change recorded event="metadata_change_recorded" sourceDomain="availabilityrisk" entityType="availability_queue" entityId="c1a97422-97f8-4342-935c-45d11cf37ba2" action="READ" actorId="74e94038-795e-4ec9-8719-43818b155d81" correlationId="1c385819-53c6-44d8-bce7-4ea7c4cd0c2a"
[WebServer] 2026-09-06T17:36:07.112Z INFO  application=marketops-server environment=local buildVersion=0.1.0-SNAPSHOT correlationId=878c9a35-2980-4b56-8095-25f0eb8de4e0 c.m.m.s.i.e.ConsoleProblemAdvice - Console request refused event="console_request_refused" errorCode="RESOURCE_SCOPE_DENIED" correlationId="878c9a35-2980-4b56-8095-25f0eb8de4e0"
[WebServer] 2026-09-06T17:36:07.113Z INFO  application=marketops-server environment=local buildVersion=0.1.0-SNAPSHOT correlationId=878c9a35-2980-4b56-8095-25f0eb8de4e0 c.m.m.s.i.c.CorrelationIdFilter - Request completed event="request_completed" correlationId="878c9a35-2980-4b56-8095-25f0eb8de4e0" status="403"
[WebServer] 2026-09-06T17:36:07.114Z INFO  application=marketops-server environment=local buildVersion=0.1.0-SNAPSHOT correlationId=1c385819-53c6-44d8-bce7-4ea7c4cd0c2a c.m.m.s.i.c.CorrelationIdFilter - Request completed event="request_completed" correlationId="1c385819-53c6-44d8-bce7-4ea7c4cd0c2a" status="200"
[WebServer] 2026-09-06T17:36:07.115Z INFO  application=marketops-server environment=local buildVersion=0.1.0-SNAPSHOT correlationId=c2c33aec-86be-4a2c-8318-7ec49ca19174 c.m.m.s.i.c.CorrelationIdFilter - Request completed event="request_completed" correlationId="c2c33aec-86be-4a2c-8318-7ec49ca19174" status="200"
[WebServer] 2026-09-06T17:36:07.126Z INFO  application=marketops-server environment=local buildVersion=0.1.0-SNAPSHOT correlationId=dfabfc6c-0966-48f7-a40d-b790bec5abfb c.m.m.a.i.a.JdbcMetadataAuditStore - Metadata change recorded event="metadata_change_recorded" sourceDomain="advertisingefficiency" entityType="advertising_queue" entityId="c1a97422-97f8-4342-935c-45d11cf37ba2" action="READ" actorId="74e94038-795e-4ec9-8719-43818b155d81" correlationId="dfabfc6c-0966-48f7-a40d-b790bec5abfb"
[WebServer] 2026-09-06T17:36:07.127Z INFO  application=marketops-server environment=local buildVersion=0.1.0-SNAPSHOT correlationId=e6b20046-543a-4929-af04-1c135756df12 c.m.m.s.i.e.ConsoleProblemAdvice - Console request refused event="console_request_refused" errorCode="RESOURCE_SCOPE_DENIED" correlationId="e6b20046-543a-4929-af04-1c135756df12"
[WebServer] 2026-09-06T17:36:07.128Z INFO  application=marketops-server environment=local buildVersion=0.1.0-SNAPSHOT correlationId=e6b20046-543a-4929-af04-1c135756df12 c.m.m.s.i.c.CorrelationIdFilter - Request completed event="request_completed" correlationId="e6b20046-543a-4929-af04-1c135756df12" status="403"
[WebServer] 2026-09-06T17:36:07.129Z INFO  application=marketops-server environment=local buildVersion=0.1.0-SNAPSHOT correlationId=f519e20b-7d43-439f-baa0-cb9bf239f80c c.m.m.a.i.a.JdbcMetadataAuditStore - Metadata change recorded event="metadata_change_recorded" sourceDomain="advertisingefficiency" entityType="advertising_exposure" entityId="c1a97422-97f8-4342-935c-45d11cf37ba2" action="READ" actorId="74e94038-795e-4ec9-8719-43818b155d81" correlationId="f519e20b-7d43-439f-baa0-cb9bf239f80c"
[WebServer] 2026-09-06T17:36:07.131Z INFO  application=marketops-server environment=local buildVersion=0.1.0-SNAPSHOT correlationId=f519e20b-7d43-439f-baa0-cb9bf239f80c c.m.m.s.i.c.CorrelationIdFilter - Request completed event="request_completed" correlationId="f519e20b-7d43-439f-baa0-cb9bf239f80c" status="200"
[WebServer] 2026-09-06T17:36:07.145Z INFO  application=marketops-server environment=local buildVersion=0.1.0-SNAPSHOT correlationId=949aad2a-dc28-4b30-aa89-8d08f6f7d130 c.m.m.a.i.a.JdbcMetadataAuditStore - Metadata change recorded event="metadata_change_recorded" sourceDomain="advertisingefficiency" entityType="advertising_orchestration" entityId="c1a97422-97f8-4342-935c-45d11cf37ba2" action="READ" actorId="74e94038-795e-4ec9-8719-43818b155d81" correlationId="949aad2a-dc28-4b30-aa89-8d08f6f7d130"
[WebServer] 2026-09-06T17:36:07.147Z INFO  application=marketops-server environment=local buildVersion=0.1.0-SNAPSHOT correlationId=949aad2a-dc28-4b30-aa89-8d08f6f7d130 c.m.m.s.i.c.CorrelationIdFilter - Request completed event="request_completed" correlationId="949aad2a-dc28-4b30-aa89-8d08f6f7d130" status="200"
[WebServer] 2026-09-06T17:36:07.149Z INFO  application=marketops-server environment=local buildVersion=0.1.0-SNAPSHOT correlationId=dfabfc6c-0966-48f7-a40d-b790bec5abfb c.m.m.s.i.c.CorrelationIdFilter - Request completed event="request_completed" correlationId="dfabfc6c-0966-48f7-a40d-b790bec5abfb" status="200"
[WebServer] 2026-09-06T17:36:07.169Z INFO  application=marketops-server environment=local buildVersion=0.1.0-SNAPSHOT correlationId=00112444-f0e7-411f-aabc-0a42e5f053c1 c.m.m.s.i.c.CorrelationIdFilter - Request completed event="request_completed" correlationId="00112444-f0e7-411f-aabc-0a42e5f053c1" status="200"
[WebServer] 2026-09-06T17:36:07.288Z INFO  application=marketops-server environment=local buildVersion=0.1.0-SNAPSHOT correlationId=2bf5cb7f-a1d7-4371-9615-62ebe0888e1a c.m.m.a.i.a.JdbcMetadataAuditStore - Metadata change recorded event="metadata_change_recorded" sourceDomain="advertisingefficiency" entityType="advertising_case" entityId="c346a801-cd53-4282-b0b4-4b6d111bd2bd" action="READ" actorId="74e94038-795e-4ec9-8719-43818b155d81" correlationId="2bf5cb7f-a1d7-4371-9615-62ebe0888e1a"
[WebServer] 2026-09-06T17:36:07.305Z INFO  application=marketops-server environment=local buildVersion=0.1.0-SNAPSHOT correlationId=2bf5cb7f-a1d7-4371-9615-62ebe0888e1a c.m.m.s.i.c.CorrelationIdFilter - Request completed event="request_completed" correlationId="2bf5cb7f-a1d7-4371-9615-62ebe0888e1a" status="200"
[WebServer] 2026-09-06T17:36:07.326Z INFO  application=marketops-server environment=local buildVersion=0.1.0-SNAPSHOT correlationId=13195ba7-db52-496e-be12-6ca371a1e474 c.m.m.a.i.a.JdbcMetadataAuditStore - Metadata change recorded event="metadata_change_recorded" sourceDomain="advertisingefficiency" entityType="advertising_manual_packet" entityId="a6662a95-ec33-4d47-805b-7e7ecb714383" action="READ" actorId="74e94038-795e-4ec9-8719-43818b155d81" correlationId="13195ba7-db52-496e-be12-6ca371a1e474"
[WebServer] 2026-09-06T17:36:07.327Z INFO  application=marketops-server environment=local buildVersion=0.1.0-SNAPSHOT correlationId=13195ba7-db52-496e-be12-6ca371a1e474 c.m.m.s.i.c.CorrelationIdFilter - Request completed event="request_completed" correlationId="13195ba7-db52-496e-be12-6ca371a1e474" status="200"
[WebServer] 2026-09-06T17:36:07.349Z INFO  application=marketops-server environment=local buildVersion=0.1.0-SNAPSHOT correlationId=8a3db0da-a1c9-4b78-94df-97a5c9f45d94 c.m.m.s.i.c.CorrelationIdFilter - Request completed event="request_completed" correlationId="8a3db0da-a1c9-4b78-94df-97a5c9f45d94" status="200"
[WebServer] 2026-09-06T17:36:07.387Z INFO  application=marketops-server environment=local buildVersion=0.1.0-SNAPSHOT correlationId=c1304624-3115-4285-a58b-64befe899351 c.m.m.s.i.c.CorrelationIdFilter - Request completed event="request_completed" correlationId="c1304624-3115-4285-a58b-64befe899351" status="200"
[WebServer] 2026-09-06T17:36:07.442Z INFO  application=marketops-server environment=local buildVersion=0.1.0-SNAPSHOT correlationId=ec229178-aa2e-403f-a580-e49b4c592310 c.m.m.s.i.c.CorrelationIdFilter - Request completed event="request_completed" correlationId="ec229178-aa2e-403f-a580-e49b4c592310" status="200"
[WebServer] 2026-09-06T17:36:07.593Z INFO  application=marketops-server environment=local buildVersion=0.1.0-SNAPSHOT correlationId=4c66daf8-a41a-4141-84b1-c69d8363f984 c.m.m.s.i.c.CorrelationIdFilter - Request completed event="request_completed" correlationId="4c66daf8-a41a-4141-84b1-c69d8363f984" status="200"
[WebServer] 2026-09-06T17:36:07.681Z INFO  application=marketops-server environment=local buildVersion=0.1.0-SNAPSHOT correlationId=abd5dec6-4a17-422b-907f-9b7e045646fa c.m.m.s.i.c.CorrelationIdFilter - Request completed event="request_completed" correlationId="abd5dec6-4a17-422b-907f-9b7e045646fa" status="200"
[WebServer] 2026-09-06T17:36:07.724Z INFO  application=marketops-server environment=local buildVersion=0.1.0-SNAPSHOT correlationId=ea906371-5e9f-499d-9930-16d7c2a3c814 c.m.m.s.i.c.CorrelationIdFilter - Request completed event="request_completed" correlationId="ea906371-5e9f-499d-9930-16d7c2a3c814" status="200"
[WebServer] 2026-09-06T17:36:08.061Z INFO  application=marketops-server environment=local buildVersion=0.1.0-SNAPSHOT correlationId=2ee7e149-a2e7-45aa-984c-3e8596516432 c.m.m.s.i.c.CorrelationIdFilter - Request completed event="request_completed" correlationId="2ee7e149-a2e7-45aa-984c-3e8596516432" status="200"
[WebServer] 2026-09-06T17:36:08.068Z INFO  application=marketops-server environment=local buildVersion=0.1.0-SNAPSHOT correlationId=aec846c3-9ad1-4f5d-946d-555140372f4c c.m.m.a.i.a.JdbcMetadataAuditStore - Metadata change recorded event="metadata_change_recorded" sourceDomain="advertisingefficiency" entityType="advertising_containments" entityId="c1a97422-97f8-4342-935c-45d11cf37ba2" action="READ" actorId="7bc6f005-8d4c-4c91-a476-ecd7714ff34e" correlationId="aec846c3-9ad1-4f5d-946d-555140372f4c"
[WebServer] 2026-09-06T17:36:08.069Z INFO  application=marketops-server environment=local buildVersion=0.1.0-SNAPSHOT correlationId=f4d81a14-2206-41d7-8698-c595a617faf2 c.m.m.s.i.e.ConsoleProblemAdvice - Console request refused event="console_request_refused" errorCode="RESOURCE_SCOPE_DENIED" correlationId="f4d81a14-2206-41d7-8698-c595a617faf2"
[WebServer] 2026-09-06T17:36:08.069Z INFO  application=marketops-server environment=local buildVersion=0.1.0-SNAPSHOT correlationId=f4d81a14-2206-41d7-8698-c595a617faf2 c.m.m.s.i.c.CorrelationIdFilter - Request completed event="request_completed" correlationId="f4d81a14-2206-41d7-8698-c595a617faf2" status="403"
[WebServer] 2026-09-06T17:36:08.070Z INFO  application=marketops-server environment=local buildVersion=0.1.0-SNAPSHOT correlationId=3e01365e-8545-41ea-a953-7662a90db7ae c.m.m.a.i.a.JdbcMetadataAuditStore - Metadata change recorded event="metadata_change_recorded" sourceDomain="availabilityrisk" entityType="availability_queue" entityId="c1a97422-97f8-4342-935c-45d11cf37ba2" action="READ" actorId="7bc6f005-8d4c-4c91-a476-ecd7714ff34e" correlationId="3e01365e-8545-41ea-a953-7662a90db7ae"
[WebServer] 2026-09-06T17:36:08.072Z INFO  application=marketops-server environment=local buildVersion=0.1.0-SNAPSHOT correlationId=3e01365e-8545-41ea-a953-7662a90db7ae c.m.m.s.i.c.CorrelationIdFilter - Request completed event="request_completed" correlationId="3e01365e-8545-41ea-a953-7662a90db7ae" status="200"
[WebServer] 2026-09-06T17:36:08.073Z INFO  application=marketops-server environment=local buildVersion=0.1.0-SNAPSHOT correlationId=1e5dad86-111e-4a9c-b1f3-f3a914d0c6ea c.m.m.s.i.e.ConsoleProblemAdvice - Console request refused event="console_request_refused" errorCode="RESOURCE_NOT_FOUND" correlationId="1e5dad86-111e-4a9c-b1f3-f3a914d0c6ea"
[WebServer] 2026-09-06T17:36:08.073Z INFO  application=marketops-server environment=local buildVersion=0.1.0-SNAPSHOT correlationId=1e5dad86-111e-4a9c-b1f3-f3a914d0c6ea c.m.m.s.i.c.CorrelationIdFilter - Request completed event="request_completed" correlationId="1e5dad86-111e-4a9c-b1f3-f3a914d0c6ea" status="404"
[WebServer] 2026-09-06T17:36:08.076Z INFO  application=marketops-server environment=local buildVersion=0.1.0-SNAPSHOT correlationId=023a9973-7b1f-4633-9421-1698d5311a86 c.m.m.a.i.a.JdbcMetadataAuditStore - Metadata change recorded event="metadata_change_recorded" sourceDomain="advertisingefficiency" entityType="advertising_reservations" entityId="c1a97422-97f8-4342-935c-45d11cf37ba2" action="READ" actorId="7bc6f005-8d4c-4c91-a476-ecd7714ff34e" correlationId="023a9973-7b1f-4633-9421-1698d5311a86"
[WebServer] 2026-09-06T17:36:08.078Z INFO  application=marketops-server environment=local buildVersion=0.1.0-SNAPSHOT correlationId=023a9973-7b1f-4633-9421-1698d5311a86 c.m.m.s.i.c.CorrelationIdFilter - Request completed event="request_completed" correlationId="023a9973-7b1f-4633-9421-1698d5311a86" status="200"
[WebServer] 2026-09-06T17:36:08.078Z INFO  application=marketops-server environment=local buildVersion=0.1.0-SNAPSHOT correlationId=aec846c3-9ad1-4f5d-946d-555140372f4c c.m.m.s.i.c.CorrelationIdFilter - Request completed event="request_completed" correlationId="aec846c3-9ad1-4f5d-946d-555140372f4c" status="200"
[WebServer] 2026-09-06T17:36:08.088Z INFO  application=marketops-server environment=local buildVersion=0.1.0-SNAPSHOT correlationId=c9dd1d5c-28eb-4d3a-9e69-bc01a2e75093 c.m.m.s.i.e.ConsoleProblemAdvice - Console request refused event="console_request_refused" errorCode="RESOURCE_SCOPE_DENIED" correlationId="c9dd1d5c-28eb-4d3a-9e69-bc01a2e75093"
[WebServer] 2026-09-06T17:36:08.088Z INFO  application=marketops-server environment=local buildVersion=0.1.0-SNAPSHOT correlationId=c9dd1d5c-28eb-4d3a-9e69-bc01a2e75093 c.m.m.s.i.c.CorrelationIdFilter - Request completed event="request_completed" correlationId="c9dd1d5c-28eb-4d3a-9e69-bc01a2e75093" status="403"
[WebServer] 2026-09-06T17:36:08.092Z INFO  application=marketops-server environment=local buildVersion=0.1.0-SNAPSHOT correlationId=f178faee-c960-40b2-b000-c701c253a671 c.m.m.a.i.a.JdbcMetadataAuditStore - Metadata change recorded event="metadata_change_recorded" sourceDomain="advertisingefficiency" entityType="advertising_queue" entityId="c1a97422-97f8-4342-935c-45d11cf37ba2" action="READ" actorId="7bc6f005-8d4c-4c91-a476-ecd7714ff34e" correlationId="f178faee-c960-40b2-b000-c701c253a671"
[WebServer] 2026-09-06T17:36:08.096Z INFO  application=marketops-server environment=local buildVersion=0.1.0-SNAPSHOT correlationId=7879dc3e-83dd-48a5-a963-2bcf0107ba36 c.m.m.a.i.a.JdbcMetadataAuditStore - Metadata change recorded event="metadata_change_recorded" sourceDomain="advertisingefficiency" entityType="advertising_exposure" entityId="c1a97422-97f8-4342-935c-45d11cf37ba2" action="READ" actorId="7bc6f005-8d4c-4c91-a476-ecd7714ff34e" correlationId="7879dc3e-83dd-48a5-a963-2bcf0107ba36"
[WebServer] 2026-09-06T17:36:08.097Z INFO  application=marketops-server environment=local buildVersion=0.1.0-SNAPSHOT correlationId=7879dc3e-83dd-48a5-a963-2bcf0107ba36 c.m.m.s.i.c.CorrelationIdFilter - Request completed event="request_completed" correlationId="7879dc3e-83dd-48a5-a963-2bcf0107ba36" status="200"
[WebServer] 2026-09-06T17:36:08.106Z INFO  application=marketops-server environment=local buildVersion=0.1.0-SNAPSHOT correlationId=f178faee-c960-40b2-b000-c701c253a671 c.m.m.s.i.c.CorrelationIdFilter - Request completed event="request_completed" correlationId="f178faee-c960-40b2-b000-c701c253a671" status="200"
[WebServer] 2026-09-06T17:36:08.115Z INFO  application=marketops-server environment=local buildVersion=0.1.0-SNAPSHOT correlationId=7f1b4d85-99a4-43a9-bb86-943d24136371 c.m.m.a.i.a.JdbcMetadataAuditStore - Metadata change recorded event="metadata_change_recorded" sourceDomain="advertisingefficiency" entityType="advertising_orchestration" entityId="c1a97422-97f8-4342-935c-45d11cf37ba2" action="READ" actorId="7bc6f005-8d4c-4c91-a476-ecd7714ff34e" correlationId="7f1b4d85-99a4-43a9-bb86-943d24136371"
[WebServer] 2026-09-06T17:36:08.118Z INFO  application=marketops-server environment=local buildVersion=0.1.0-SNAPSHOT correlationId=7f1b4d85-99a4-43a9-bb86-943d24136371 c.m.m.s.i.c.CorrelationIdFilter - Request completed event="request_completed" correlationId="7f1b4d85-99a4-43a9-bb86-943d24136371" status="200"
[WebServer] 2026-09-06T17:36:08.122Z INFO  application=marketops-server environment=local buildVersion=0.1.0-SNAPSHOT correlationId=f7794a0c-9684-4aa6-b401-91dc42c1e35b c.m.m.s.i.c.CorrelationIdFilter - Request completed event="request_completed" correlationId="f7794a0c-9684-4aa6-b401-91dc42c1e35b" status="200"
[WebServer] 2026-09-06T17:36:08.240Z INFO  application=marketops-server environment=local buildVersion=0.1.0-SNAPSHOT correlationId=4897cc6f-0186-4141-b0e0-8af80a23509f c.m.m.a.i.a.JdbcMetadataAuditStore - Metadata change recorded event="metadata_change_recorded" sourceDomain="advertisingefficiency" entityType="advertising_case" entityId="c346a801-cd53-4282-b0b4-4b6d111bd2bd" action="READ" actorId="7bc6f005-8d4c-4c91-a476-ecd7714ff34e" correlationId="4897cc6f-0186-4141-b0e0-8af80a23509f"
[WebServer] 2026-09-06T17:36:08.253Z INFO  application=marketops-server environment=local buildVersion=0.1.0-SNAPSHOT correlationId=4897cc6f-0186-4141-b0e0-8af80a23509f c.m.m.s.i.c.CorrelationIdFilter - Request completed event="request_completed" correlationId="4897cc6f-0186-4141-b0e0-8af80a23509f" status="200"
[WebServer] 2026-09-06T17:36:08.274Z INFO  application=marketops-server environment=local buildVersion=0.1.0-SNAPSHOT correlationId=9b6614f8-f2b2-492b-a068-1d8bdec2b660 c.m.m.a.i.a.JdbcMetadataAuditStore - Metadata change recorded event="metadata_change_recorded" sourceDomain="advertisingefficiency" entityType="advertising_manual_packet" entityId="a6662a95-ec33-4d47-805b-7e7ecb714383" action="READ" actorId="7bc6f005-8d4c-4c91-a476-ecd7714ff34e" correlationId="9b6614f8-f2b2-492b-a068-1d8bdec2b660"
[WebServer] 2026-09-06T17:36:08.275Z INFO  application=marketops-server environment=local buildVersion=0.1.0-SNAPSHOT correlationId=9b6614f8-f2b2-492b-a068-1d8bdec2b660 c.m.m.s.i.c.CorrelationIdFilter - Request completed event="request_completed" correlationId="9b6614f8-f2b2-492b-a068-1d8bdec2b660" status="200"
[WebServer] 2026-09-06T17:36:08.293Z INFO  application=marketops-server environment=local buildVersion=0.1.0-SNAPSHOT correlationId=82073536-1f5b-4db9-a0bf-1485290933b0 c.m.m.s.i.c.CorrelationIdFilter - Request completed event="request_completed" correlationId="82073536-1f5b-4db9-a0bf-1485290933b0" status="200"
[WebServer] 2026-09-06T17:36:08.327Z INFO  application=marketops-server environment=local buildVersion=0.1.0-SNAPSHOT correlationId=a1195493-8dbf-421b-a02f-b08d44876160 c.m.m.s.i.c.CorrelationIdFilter - Request completed event="request_completed" correlationId="a1195493-8dbf-421b-a02f-b08d44876160" status="200"
[WebServer] 2026-09-06T17:36:08.380Z INFO  application=marketops-server environment=local buildVersion=0.1.0-SNAPSHOT correlationId=1e10e053-359a-4c77-971b-a57bdb03704a c.m.m.s.i.c.CorrelationIdFilter - Request completed event="request_completed" correlationId="1e10e053-359a-4c77-971b-a57bdb03704a" status="200"
[WebServer] 2026-09-06T17:36:08.490Z INFO  application=marketops-server environment=local buildVersion=0.1.0-SNAPSHOT correlationId=29c0d653-1ccb-4b48-9568-fd983c28a5d7 c.m.m.s.i.c.CorrelationIdFilter - Request completed event="request_completed" correlationId="29c0d653-1ccb-4b48-9568-fd983c28a5d7" status="200"
[WebServer] 2026-09-06T17:36:08.654Z INFO  application=marketops-server environment=local buildVersion=0.1.0-SNAPSHOT correlationId=9dbc7598-36aa-4995-b7d3-36982fabcf63 c.m.m.s.i.c.CorrelationIdFilter - Request completed event="request_completed" correlationId="9dbc7598-36aa-4995-b7d3-36982fabcf63" status="200"
[WebServer] 2026-09-06T17:36:08.726Z INFO  application=marketops-server environment=local buildVersion=0.1.0-SNAPSHOT correlationId=0db61677-e94c-41d2-8a89-5760fa2ca24e c.m.m.s.i.c.CorrelationIdFilter - Request completed event="request_completed" correlationId="0db61677-e94c-41d2-8a89-5760fa2ca24e" status="200"
[WebServer] 2026-09-06T17:36:08.790Z INFO  application=marketops-server environment=local buildVersion=0.1.0-SNAPSHOT correlationId=020f8a1d-671e-4130-9002-fc65ed7a409a c.m.m.s.i.c.CorrelationIdFilter - Request completed event="request_completed" correlationId="020f8a1d-671e-4130-9002-fc65ed7a409a" status="200"
[WebServer] 2026-09-06T17:36:08.935Z INFO  application=marketops-server environment=local buildVersion=0.1.0-SNAPSHOT correlationId=05c6f799-4cba-4032-a6ec-36b5cb6aa699 c.m.m.s.i.c.CorrelationIdFilter - Request completed event="request_completed" correlationId="05c6f799-4cba-4032-a6ec-36b5cb6aa699" status="200"
[WebServer] 2026-09-06T17:36:08.974Z INFO  application=marketops-server environment=local buildVersion=0.1.0-SNAPSHOT correlationId=537e4020-3c9e-40ea-aa32-2caf6fb6b07a c.m.m.s.i.c.CorrelationIdFilter - Request completed event="request_completed" correlationId="537e4020-3c9e-40ea-aa32-2caf6fb6b07a" status="200"
[WebServer] 2026-09-06T17:36:09.000Z INFO  application=marketops-server environment=local buildVersion=0.1.0-SNAPSHOT correlationId=7799ae86-210c-42ba-bef8-adf20bbb1be0 c.m.m.s.i.c.CorrelationIdFilter - Request completed event="request_completed" correlationId="7799ae86-210c-42ba-bef8-adf20bbb1be0" status="200"
  ✓   6 tests/advertising-browser/governed-advertising.spec.ts:617:1 › three distinct people accept an exact temporary exception, block actions, and end it (3.5s)
[WebServer] 2026-09-06T17:36:09.627Z INFO  application=marketops-server environment=local buildVersion=0.1.0-SNAPSHOT correlationId=042f418c-5970-432d-89e9-2f668b9117f6 c.m.m.a.i.a.JdbcMetadataAuditStore - Metadata change recorded event="metadata_change_recorded" sourceDomain="advertisingefficiency" entityType="advertising_reservations" entityId="33edaf00-a9ad-4467-850d-6a4dec48054e" action="READ" actorId="02dd476f-12e7-4fc5-9fcc-d79e794f9f80" correlationId="042f418c-5970-432d-89e9-2f668b9117f6"
[WebServer] 2026-09-06T17:36:09.628Z INFO  application=marketops-server environment=local buildVersion=0.1.0-SNAPSHOT correlationId=976cfc2b-65d4-4464-9f85-c20ca1511ddf c.m.m.s.i.c.CorrelationIdFilter - Request completed event="request_completed" correlationId="976cfc2b-65d4-4464-9f85-c20ca1511ddf" status="200"
[WebServer] 2026-09-06T17:36:09.628Z INFO  application=marketops-server environment=local buildVersion=0.1.0-SNAPSHOT correlationId=63301333-f79d-4d04-bb4d-12e5f56a47e5 c.m.m.a.i.a.JdbcMetadataAuditStore - Metadata change recorded event="metadata_change_recorded" sourceDomain="advertisingefficiency" entityType="advertising_containments" entityId="33edaf00-a9ad-4467-850d-6a4dec48054e" action="READ" actorId="02dd476f-12e7-4fc5-9fcc-d79e794f9f80" correlationId="63301333-f79d-4d04-bb4d-12e5f56a47e5"
[WebServer] 2026-09-06T17:36:09.629Z INFO  application=marketops-server environment=local buildVersion=0.1.0-SNAPSHOT correlationId=de4efc54-9ad8-42bf-830a-f4ec6f6fee1e c.m.m.s.i.e.ConsoleProblemAdvice - Console request refused event="console_request_refused" errorCode="RESOURCE_NOT_FOUND" correlationId="de4efc54-9ad8-42bf-830a-f4ec6f6fee1e"
[WebServer] 2026-09-06T17:36:09.630Z INFO  application=marketops-server environment=local buildVersion=0.1.0-SNAPSHOT correlationId=de4efc54-9ad8-42bf-830a-f4ec6f6fee1e c.m.m.s.i.c.CorrelationIdFilter - Request completed event="request_completed" correlationId="de4efc54-9ad8-42bf-830a-f4ec6f6fee1e" status="404"
[WebServer] 2026-09-06T17:36:09.630Z INFO  application=marketops-server environment=local buildVersion=0.1.0-SNAPSHOT correlationId=fb9336e8-f042-4e64-a0a9-afc47b9d3e0d c.m.m.s.i.e.ConsoleProblemAdvice - Console request refused event="console_request_refused" errorCode="RESOURCE_SCOPE_DENIED" correlationId="fb9336e8-f042-4e64-a0a9-afc47b9d3e0d"
[WebServer] 2026-09-06T17:36:09.631Z INFO  application=marketops-server environment=local buildVersion=0.1.0-SNAPSHOT correlationId=fb9336e8-f042-4e64-a0a9-afc47b9d3e0d c.m.m.s.i.c.CorrelationIdFilter - Request completed event="request_completed" correlationId="fb9336e8-f042-4e64-a0a9-afc47b9d3e0d" status="403"
[WebServer] 2026-09-06T17:36:09.636Z INFO  application=marketops-server environment=local buildVersion=0.1.0-SNAPSHOT correlationId=c9c53b32-d617-4020-aeb0-761d4e8e78d1 c.m.m.a.i.a.JdbcMetadataAuditStore - Metadata change recorded event="metadata_change_recorded" sourceDomain="availabilityrisk" entityType="availability_queue" entityId="33edaf00-a9ad-4467-850d-6a4dec48054e" action="READ" actorId="02dd476f-12e7-4fc5-9fcc-d79e794f9f80" correlationId="c9c53b32-d617-4020-aeb0-761d4e8e78d1"
[WebServer] 2026-09-06T17:36:09.644Z INFO  application=marketops-server environment=local buildVersion=0.1.0-SNAPSHOT correlationId=c9c53b32-d617-4020-aeb0-761d4e8e78d1 c.m.m.s.i.c.CorrelationIdFilter - Request completed event="request_completed" correlationId="c9c53b32-d617-4020-aeb0-761d4e8e78d1" status="200"
[WebServer] 2026-09-06T17:36:09.647Z INFO  application=marketops-server environment=local buildVersion=0.1.0-SNAPSHOT correlationId=205b4136-5413-4c28-9717-9bfe31564374 c.m.m.a.i.a.JdbcMetadataAuditStore - Metadata change recorded event="metadata_change_recorded" sourceDomain="advertisingefficiency" entityType="advertising_exposure" entityId="33edaf00-a9ad-4467-850d-6a4dec48054e" action="READ" actorId="02dd476f-12e7-4fc5-9fcc-d79e794f9f80" correlationId="205b4136-5413-4c28-9717-9bfe31564374"
[WebServer] 2026-09-06T17:36:09.649Z INFO  application=marketops-server environment=local buildVersion=0.1.0-SNAPSHOT correlationId=205b4136-5413-4c28-9717-9bfe31564374 c.m.m.s.i.c.CorrelationIdFilter - Request completed event="request_completed" correlationId="205b4136-5413-4c28-9717-9bfe31564374" status="200"
[WebServer] 2026-09-06T17:36:09.650Z INFO  application=marketops-server environment=local buildVersion=0.1.0-SNAPSHOT correlationId=63301333-f79d-4d04-bb4d-12e5f56a47e5 c.m.m.s.i.c.CorrelationIdFilter - Request completed event="request_completed" correlationId="63301333-f79d-4d04-bb4d-12e5f56a47e5" status="200"
[WebServer] 2026-09-06T17:36:09.659Z INFO  application=marketops-server environment=local buildVersion=0.1.0-SNAPSHOT correlationId=0f372092-67c8-4faf-99ca-c44b0b1d082a c.m.m.s.i.e.ConsoleProblemAdvice - Console request refused event="console_request_refused" errorCode="RESOURCE_SCOPE_DENIED" correlationId="0f372092-67c8-4faf-99ca-c44b0b1d082a"
[WebServer] 2026-09-06T17:36:09.660Z INFO  application=marketops-server environment=local buildVersion=0.1.0-SNAPSHOT correlationId=0f372092-67c8-4faf-99ca-c44b0b1d082a c.m.m.s.i.c.CorrelationIdFilter - Request completed event="request_completed" correlationId="0f372092-67c8-4faf-99ca-c44b0b1d082a" status="403"
[WebServer] 2026-09-06T17:36:09.662Z INFO  application=marketops-server environment=local buildVersion=0.1.0-SNAPSHOT correlationId=042f418c-5970-432d-89e9-2f668b9117f6 c.m.m.s.i.c.CorrelationIdFilter - Request completed event="request_completed" correlationId="042f418c-5970-432d-89e9-2f668b9117f6" status="200"
[WebServer] 2026-09-06T17:36:09.664Z INFO  application=marketops-server environment=local buildVersion=0.1.0-SNAPSHOT correlationId=ddd87981-8e2d-4c0e-a7e5-706dcee45c77 c.m.m.a.i.a.JdbcMetadataAuditStore - Metadata change recorded event="metadata_change_recorded" sourceDomain="advertisingefficiency" entityType="advertising_queue" entityId="33edaf00-a9ad-4467-850d-6a4dec48054e" action="READ" actorId="02dd476f-12e7-4fc5-9fcc-d79e794f9f80" correlationId="ddd87981-8e2d-4c0e-a7e5-706dcee45c77"
[WebServer] 2026-09-06T17:36:09.676Z INFO  application=marketops-server environment=local buildVersion=0.1.0-SNAPSHOT correlationId=382541a6-d00e-4aa7-aa57-7635ab0f437e c.m.m.a.i.a.JdbcMetadataAuditStore - Metadata change recorded event="metadata_change_recorded" sourceDomain="advertisingefficiency" entityType="advertising_orchestration" entityId="33edaf00-a9ad-4467-850d-6a4dec48054e" action="READ" actorId="02dd476f-12e7-4fc5-9fcc-d79e794f9f80" correlationId="382541a6-d00e-4aa7-aa57-7635ab0f437e"
[WebServer] 2026-09-06T17:36:09.677Z INFO  application=marketops-server environment=local buildVersion=0.1.0-SNAPSHOT correlationId=382541a6-d00e-4aa7-aa57-7635ab0f437e c.m.m.s.i.c.CorrelationIdFilter - Request completed event="request_completed" correlationId="382541a6-d00e-4aa7-aa57-7635ab0f437e" status="200"
[WebServer] 2026-09-06T17:36:09.691Z INFO  application=marketops-server environment=local buildVersion=0.1.0-SNAPSHOT correlationId=354ce228-cda2-40a4-b327-78bf1032306f c.m.m.s.i.c.CorrelationIdFilter - Request completed event="request_completed" correlationId="354ce228-cda2-40a4-b327-78bf1032306f" status="200"
[WebServer] 2026-09-06T17:36:09.709Z INFO  application=marketops-server environment=local buildVersion=0.1.0-SNAPSHOT correlationId=ddd87981-8e2d-4c0e-a7e5-706dcee45c77 c.m.m.s.i.c.CorrelationIdFilter - Request completed event="request_completed" correlationId="ddd87981-8e2d-4c0e-a7e5-706dcee45c77" status="200"
[WebServer] 2026-09-06T17:36:09.807Z INFO  application=marketops-server environment=local buildVersion=0.1.0-SNAPSHOT correlationId=3f28ebfc-0880-4967-8d15-a7632a9bba8e c.m.m.a.i.a.JdbcMetadataAuditStore - Metadata change recorded event="metadata_change_recorded" sourceDomain="advertisingefficiency" entityType="advertising_case" entityId="78e0d77c-b9aa-4a1d-ab22-2a7d23dda3ed" action="READ" actorId="02dd476f-12e7-4fc5-9fcc-d79e794f9f80" correlationId="3f28ebfc-0880-4967-8d15-a7632a9bba8e"
[WebServer] 2026-09-06T17:36:09.822Z INFO  application=marketops-server environment=local buildVersion=0.1.0-SNAPSHOT correlationId=3f28ebfc-0880-4967-8d15-a7632a9bba8e c.m.m.s.i.c.CorrelationIdFilter - Request completed event="request_completed" correlationId="3f28ebfc-0880-4967-8d15-a7632a9bba8e" status="200"
[WebServer] 2026-09-06T17:36:09.846Z INFO  application=marketops-server environment=local buildVersion=0.1.0-SNAPSHOT correlationId=ca885d87-23a8-46cb-be21-7df342e21b96 c.m.m.a.i.a.JdbcMetadataAuditStore - Metadata change recorded event="metadata_change_recorded" sourceDomain="advertisingefficiency" entityType="advertising_manual_packet" entityId="3267ce40-c16f-4d32-ab27-451347201a82" action="READ" actorId="02dd476f-12e7-4fc5-9fcc-d79e794f9f80" correlationId="ca885d87-23a8-46cb-be21-7df342e21b96"
[WebServer] 2026-09-06T17:36:09.847Z INFO  application=marketops-server environment=local buildVersion=0.1.0-SNAPSHOT correlationId=ca885d87-23a8-46cb-be21-7df342e21b96 c.m.m.s.i.c.CorrelationIdFilter - Request completed event="request_completed" correlationId="ca885d87-23a8-46cb-be21-7df342e21b96" status="200"
[WebServer] 2026-09-06T17:36:09.867Z INFO  application=marketops-server environment=local buildVersion=0.1.0-SNAPSHOT correlationId=a4f8305d-fa3d-4f7a-958d-d92d630c5902 c.m.m.s.i.c.CorrelationIdFilter - Request completed event="request_completed" correlationId="a4f8305d-fa3d-4f7a-958d-d92d630c5902" status="200"
[WebServer] 2026-09-06T17:36:09.883Z INFO  application=marketops-server environment=local buildVersion=0.1.0-SNAPSHOT correlationId=dd12047a-9195-48ac-a6ed-1f5cba608c5c c.m.m.s.i.c.CorrelationIdFilter - Request completed event="request_completed" correlationId="dd12047a-9195-48ac-a6ed-1f5cba608c5c" status="200"
[WebServer] 2026-09-06T17:36:09.912Z INFO  application=marketops-server environment=local buildVersion=0.1.0-SNAPSHOT correlationId=3c8cf441-972c-4cae-b2b8-69ad1b4b9034 c.m.m.s.i.c.CorrelationIdFilter - Request completed event="request_completed" correlationId="3c8cf441-972c-4cae-b2b8-69ad1b4b9034" status="200"
[WebServer] 2026-09-06T17:36:09.914Z INFO  application=marketops-server environment=local buildVersion=0.1.0-SNAPSHOT correlationId=c001b1a9-c6ca-4e76-8b83-8393a08b38dc c.m.m.a.i.a.JdbcMetadataAuditStore - Metadata change recorded event="metadata_change_recorded" sourceDomain="advertisingefficiency" entityType="advertising_command" entityId="9568df0d-9950-4e10-9c04-d8163456ad0d" action="READ" actorId="02dd476f-12e7-4fc5-9fcc-d79e794f9f80" correlationId="c001b1a9-c6ca-4e76-8b83-8393a08b38dc"
[WebServer] 2026-09-06T17:36:09.924Z INFO  application=marketops-server environment=local buildVersion=0.1.0-SNAPSHOT correlationId=c001b1a9-c6ca-4e76-8b83-8393a08b38dc c.m.m.s.i.c.CorrelationIdFilter - Request completed event="request_completed" correlationId="c001b1a9-c6ca-4e76-8b83-8393a08b38dc" status="200"
[WebServer] 2026-09-06T17:36:09.941Z INFO  application=marketops-server environment=local buildVersion=0.1.0-SNAPSHOT correlationId=ba7b5c88-bfec-4108-9e9b-109e337b6b92 c.m.m.s.i.c.CorrelationIdFilter - Request completed event="request_completed" correlationId="ba7b5c88-bfec-4108-9e9b-109e337b6b92" status="200"
[WebServer] 2026-09-06T17:36:09.945Z INFO  application=marketops-server environment=local buildVersion=0.1.0-SNAPSHOT correlationId=4a10b1b9-d32f-423b-8a0a-3ee8c0df88d6 c.m.m.a.i.a.JdbcMetadataAuditStore - Metadata change recorded event="metadata_change_recorded" sourceDomain="advertisingefficiency" entityType="advertising_outcome" entityId="9568df0d-9950-4e10-9c04-d8163456ad0d" action="READ" actorId="02dd476f-12e7-4fc5-9fcc-d79e794f9f80" correlationId="4a10b1b9-d32f-423b-8a0a-3ee8c0df88d6"
[WebServer] 2026-09-06T17:36:09.947Z INFO  application=marketops-server environment=local buildVersion=0.1.0-SNAPSHOT correlationId=4a10b1b9-d32f-423b-8a0a-3ee8c0df88d6 c.m.m.s.i.c.CorrelationIdFilter - Request completed event="request_completed" correlationId="4a10b1b9-d32f-423b-8a0a-3ee8c0df88d6" status="200"
[WebServer] 2026-09-06T17:36:10.047Z INFO  application=marketops-server environment=local buildVersion=0.1.0-SNAPSHOT correlationId=405efce7-5796-4466-b7a6-20f8fc00970f c.m.m.s.i.c.CorrelationIdFilter - Request completed event="request_completed" correlationId="405efce7-5796-4466-b7a6-20f8fc00970f" status="200"
[WebServer] 2026-09-06T17:36:10.113Z INFO  application=marketops-server environment=local buildVersion=0.1.0-SNAPSHOT correlationId=6916e87c-ebc7-4182-96ce-ad1adeeba2d9 c.m.m.a.i.a.JdbcMetadataAuditStore - Metadata change recorded event="metadata_change_recorded" sourceDomain="advertisingefficiency" entityType="advertising_reservations" entityId="33edaf00-a9ad-4467-850d-6a4dec48054e" action="READ" actorId="02dd476f-12e7-4fc5-9fcc-d79e794f9f80" correlationId="6916e87c-ebc7-4182-96ce-ad1adeeba2d9"
[WebServer] 2026-09-06T17:36:10.113Z INFO  application=marketops-server environment=local buildVersion=0.1.0-SNAPSHOT correlationId=fdf40310-654d-4112-a0d7-50163fda75aa c.m.m.s.i.e.ConsoleProblemAdvice - Console request refused event="console_request_refused" errorCode="RESOURCE_NOT_FOUND" correlationId="fdf40310-654d-4112-a0d7-50163fda75aa"
[WebServer] 2026-09-06T17:36:10.113Z INFO  application=marketops-server environment=local buildVersion=0.1.0-SNAPSHOT correlationId=fdf40310-654d-4112-a0d7-50163fda75aa c.m.m.s.i.c.CorrelationIdFilter - Request completed event="request_completed" correlationId="fdf40310-654d-4112-a0d7-50163fda75aa" status="404"
[WebServer] 2026-09-06T17:36:10.115Z INFO  application=marketops-server environment=local buildVersion=0.1.0-SNAPSHOT correlationId=fa15d159-2d8a-47f1-8882-4c77302b2fe8 c.m.m.a.i.a.JdbcMetadataAuditStore - Metadata change recorded event="metadata_change_recorded" sourceDomain="advertisingefficiency" entityType="advertising_containments" entityId="33edaf00-a9ad-4467-850d-6a4dec48054e" action="READ" actorId="02dd476f-12e7-4fc5-9fcc-d79e794f9f80" correlationId="fa15d159-2d8a-47f1-8882-4c77302b2fe8"
[WebServer] 2026-09-06T17:36:10.115Z INFO  application=marketops-server environment=local buildVersion=0.1.0-SNAPSHOT correlationId=74867869-0c7d-47a3-84b1-f33a5346dd3c c.m.m.s.i.e.ConsoleProblemAdvice - Console request refused event="console_request_refused" errorCode="RESOURCE_SCOPE_DENIED" correlationId="74867869-0c7d-47a3-84b1-f33a5346dd3c"
[WebServer] 2026-09-06T17:36:10.116Z INFO  application=marketops-server environment=local buildVersion=0.1.0-SNAPSHOT correlationId=74867869-0c7d-47a3-84b1-f33a5346dd3c c.m.m.s.i.c.CorrelationIdFilter - Request completed event="request_completed" correlationId="74867869-0c7d-47a3-84b1-f33a5346dd3c" status="403"
[WebServer] 2026-09-06T17:36:10.119Z INFO  application=marketops-server environment=local buildVersion=0.1.0-SNAPSHOT correlationId=4248898a-5f1b-4b7c-af59-262d09275a18 c.m.m.a.i.a.JdbcMetadataAuditStore - Metadata change recorded event="metadata_change_recorded" sourceDomain="availabilityrisk" entityType="availability_queue" entityId="33edaf00-a9ad-4467-850d-6a4dec48054e" action="READ" actorId="02dd476f-12e7-4fc5-9fcc-d79e794f9f80" correlationId="4248898a-5f1b-4b7c-af59-262d09275a18"
[WebServer] 2026-09-06T17:36:10.120Z INFO  application=marketops-server environment=local buildVersion=0.1.0-SNAPSHOT correlationId=4248898a-5f1b-4b7c-af59-262d09275a18 c.m.m.s.i.c.CorrelationIdFilter - Request completed event="request_completed" correlationId="4248898a-5f1b-4b7c-af59-262d09275a18" status="200"
[WebServer] 2026-09-06T17:36:10.123Z INFO  application=marketops-server environment=local buildVersion=0.1.0-SNAPSHOT correlationId=b012ae37-ff55-4b6b-8491-ed7393408994 c.m.m.a.i.a.JdbcMetadataAuditStore - Metadata change recorded event="metadata_change_recorded" sourceDomain="advertisingefficiency" entityType="advertising_exposure" entityId="33edaf00-a9ad-4467-850d-6a4dec48054e" action="READ" actorId="02dd476f-12e7-4fc5-9fcc-d79e794f9f80" correlationId="b012ae37-ff55-4b6b-8491-ed7393408994"
[WebServer] 2026-09-06T17:36:10.125Z INFO  application=marketops-server environment=local buildVersion=0.1.0-SNAPSHOT correlationId=b012ae37-ff55-4b6b-8491-ed7393408994 c.m.m.s.i.c.CorrelationIdFilter - Request completed event="request_completed" correlationId="b012ae37-ff55-4b6b-8491-ed7393408994" status="200"
[WebServer] 2026-09-06T17:36:10.129Z INFO  application=marketops-server environment=local buildVersion=0.1.0-SNAPSHOT correlationId=fa15d159-2d8a-47f1-8882-4c77302b2fe8 c.m.m.s.i.c.CorrelationIdFilter - Request completed event="request_completed" correlationId="fa15d159-2d8a-47f1-8882-4c77302b2fe8" status="200"
[WebServer] 2026-09-06T17:36:10.129Z INFO  application=marketops-server environment=local buildVersion=0.1.0-SNAPSHOT correlationId=4f702492-d659-458d-aa95-f526586c0767 c.m.m.s.i.e.ConsoleProblemAdvice - Console request refused event="console_request_refused" errorCode="RESOURCE_SCOPE_DENIED" correlationId="4f702492-d659-458d-aa95-f526586c0767"
[WebServer] 2026-09-06T17:36:10.129Z INFO  application=marketops-server environment=local buildVersion=0.1.0-SNAPSHOT correlationId=4f702492-d659-458d-aa95-f526586c0767 c.m.m.s.i.c.CorrelationIdFilter - Request completed event="request_completed" correlationId="4f702492-d659-458d-aa95-f526586c0767" status="403"
[WebServer] 2026-09-06T17:36:10.133Z INFO  application=marketops-server environment=local buildVersion=0.1.0-SNAPSHOT correlationId=6916e87c-ebc7-4182-96ce-ad1adeeba2d9 c.m.m.s.i.c.CorrelationIdFilter - Request completed event="request_completed" correlationId="6916e87c-ebc7-4182-96ce-ad1adeeba2d9" status="200"
[WebServer] 2026-09-06T17:36:10.136Z INFO  application=marketops-server environment=local buildVersion=0.1.0-SNAPSHOT correlationId=23486ecb-d185-4cbe-bf39-4192057de837 c.m.m.a.i.a.JdbcMetadataAuditStore - Metadata change recorded event="metadata_change_recorded" sourceDomain="advertisingefficiency" entityType="advertising_queue" entityId="33edaf00-a9ad-4467-850d-6a4dec48054e" action="READ" actorId="02dd476f-12e7-4fc5-9fcc-d79e794f9f80" correlationId="23486ecb-d185-4cbe-bf39-4192057de837"
[WebServer] 2026-09-06T17:36:10.146Z INFO  application=marketops-server environment=local buildVersion=0.1.0-SNAPSHOT correlationId=fbdf130e-bd61-4530-af7b-26d5b17bd083 c.m.m.a.i.a.JdbcMetadataAuditStore - Metadata change recorded event="metadata_change_recorded" sourceDomain="advertisingefficiency" entityType="advertising_orchestration" entityId="33edaf00-a9ad-4467-850d-6a4dec48054e" action="READ" actorId="02dd476f-12e7-4fc5-9fcc-d79e794f9f80" correlationId="fbdf130e-bd61-4530-af7b-26d5b17bd083"
[WebServer] 2026-09-06T17:36:10.147Z INFO  application=marketops-server environment=local buildVersion=0.1.0-SNAPSHOT correlationId=fbdf130e-bd61-4530-af7b-26d5b17bd083 c.m.m.s.i.c.CorrelationIdFilter - Request completed event="request_completed" correlationId="fbdf130e-bd61-4530-af7b-26d5b17bd083" status="200"
[WebServer] 2026-09-06T17:36:10.180Z INFO  application=marketops-server environment=local buildVersion=0.1.0-SNAPSHOT correlationId=23486ecb-d185-4cbe-bf39-4192057de837 c.m.m.s.i.c.CorrelationIdFilter - Request completed event="request_completed" correlationId="23486ecb-d185-4cbe-bf39-4192057de837" status="200"
[WebServer] 2026-09-06T17:36:10.604Z INFO  application=marketops-server environment=local buildVersion=0.1.0-SNAPSHOT correlationId=da95aada-0f7f-46dd-96bd-4bdef9c3dbc5 c.m.m.a.i.a.JdbcMetadataAuditStore - Metadata change recorded event="metadata_change_recorded" sourceDomain="advertisingefficiency" entityType="advertising_reservations" entityId="33edaf00-a9ad-4467-850d-6a4dec48054e" action="READ" actorId="3edb0936-a3ef-4226-a6e7-4847b7572d37" correlationId="da95aada-0f7f-46dd-96bd-4bdef9c3dbc5"
[WebServer] 2026-09-06T17:36:10.605Z INFO  application=marketops-server environment=local buildVersion=0.1.0-SNAPSHOT correlationId=dfc3010a-00b2-4685-a568-61360c8a92ed c.m.m.a.i.a.JdbcMetadataAuditStore - Metadata change recorded event="metadata_change_recorded" sourceDomain="advertisingefficiency" entityType="advertising_containments" entityId="33edaf00-a9ad-4467-850d-6a4dec48054e" action="READ" actorId="3edb0936-a3ef-4226-a6e7-4847b7572d37" correlationId="dfc3010a-00b2-4685-a568-61360c8a92ed"
[WebServer] 2026-09-06T17:36:10.605Z INFO  application=marketops-server environment=local buildVersion=0.1.0-SNAPSHOT correlationId=5fbd69d7-9d06-4d04-98e9-3941dd1dbf55 c.m.m.s.i.e.ConsoleProblemAdvice - Console request refused event="console_request_refused" errorCode="RESOURCE_NOT_FOUND" correlationId="5fbd69d7-9d06-4d04-98e9-3941dd1dbf55"
[WebServer] 2026-09-06T17:36:10.606Z INFO  application=marketops-server environment=local buildVersion=0.1.0-SNAPSHOT correlationId=5fbd69d7-9d06-4d04-98e9-3941dd1dbf55 c.m.m.s.i.c.CorrelationIdFilter - Request completed event="request_completed" correlationId="5fbd69d7-9d06-4d04-98e9-3941dd1dbf55" status="404"
[WebServer] 2026-09-06T17:36:10.617Z INFO  application=marketops-server environment=local buildVersion=0.1.0-SNAPSHOT correlationId=e04b41bc-9e69-46e5-9f4b-4466a36b4e02 c.m.m.s.i.e.ConsoleProblemAdvice - Console request refused event="console_request_refused" errorCode="RESOURCE_SCOPE_DENIED" correlationId="e04b41bc-9e69-46e5-9f4b-4466a36b4e02"
[WebServer] 2026-09-06T17:36:10.617Z INFO  application=marketops-server environment=local buildVersion=0.1.0-SNAPSHOT correlationId=e04b41bc-9e69-46e5-9f4b-4466a36b4e02 c.m.m.s.i.c.CorrelationIdFilter - Request completed event="request_completed" correlationId="e04b41bc-9e69-46e5-9f4b-4466a36b4e02" status="403"
[WebServer] 2026-09-06T17:36:10.621Z INFO  application=marketops-server environment=local buildVersion=0.1.0-SNAPSHOT correlationId=183f46bb-3f06-4ccc-9080-704ba16457dd c.m.m.a.i.a.JdbcMetadataAuditStore - Metadata change recorded event="metadata_change_recorded" sourceDomain="availabilityrisk" entityType="availability_queue" entityId="33edaf00-a9ad-4467-850d-6a4dec48054e" action="READ" actorId="3edb0936-a3ef-4226-a6e7-4847b7572d37" correlationId="183f46bb-3f06-4ccc-9080-704ba16457dd"
[WebServer] 2026-09-06T17:36:10.622Z INFO  application=marketops-server environment=local buildVersion=0.1.0-SNAPSHOT correlationId=183f46bb-3f06-4ccc-9080-704ba16457dd c.m.m.s.i.c.CorrelationIdFilter - Request completed event="request_completed" correlationId="183f46bb-3f06-4ccc-9080-704ba16457dd" status="200"
[WebServer] 2026-09-06T17:36:10.635Z INFO  application=marketops-server environment=local buildVersion=0.1.0-SNAPSHOT correlationId=0c1660fc-4be8-4b46-b3a7-8db175307a52 c.m.m.s.i.c.CorrelationIdFilter - Request completed event="request_completed" correlationId="0c1660fc-4be8-4b46-b3a7-8db175307a52" status="200"
[WebServer] 2026-09-06T17:36:10.636Z INFO  application=marketops-server environment=local buildVersion=0.1.0-SNAPSHOT correlationId=dfc3010a-00b2-4685-a568-61360c8a92ed c.m.m.s.i.c.CorrelationIdFilter - Request completed event="request_completed" correlationId="dfc3010a-00b2-4685-a568-61360c8a92ed" status="200"
[WebServer] 2026-09-06T17:36:10.639Z INFO  application=marketops-server environment=local buildVersion=0.1.0-SNAPSHOT correlationId=b0b37920-c4fe-4a80-897a-f9d97aa0aafe c.m.m.s.i.e.ConsoleProblemAdvice - Console request refused event="console_request_refused" errorCode="RESOURCE_SCOPE_DENIED" correlationId="b0b37920-c4fe-4a80-897a-f9d97aa0aafe"
[WebServer] 2026-09-06T17:36:10.639Z INFO  application=marketops-server environment=local buildVersion=0.1.0-SNAPSHOT correlationId=b0b37920-c4fe-4a80-897a-f9d97aa0aafe c.m.m.s.i.c.CorrelationIdFilter - Request completed event="request_completed" correlationId="b0b37920-c4fe-4a80-897a-f9d97aa0aafe" status="403"
[WebServer] 2026-09-06T17:36:10.644Z INFO  application=marketops-server environment=local buildVersion=0.1.0-SNAPSHOT correlationId=710757cc-db88-4237-a223-983c750a7ac9 c.m.m.a.i.a.JdbcMetadataAuditStore - Metadata change recorded event="metadata_change_recorded" sourceDomain="advertisingefficiency" entityType="advertising_queue" entityId="33edaf00-a9ad-4467-850d-6a4dec48054e" action="READ" actorId="3edb0936-a3ef-4226-a6e7-4847b7572d37" correlationId="710757cc-db88-4237-a223-983c750a7ac9"
[WebServer] 2026-09-06T17:36:10.647Z INFO  application=marketops-server environment=local buildVersion=0.1.0-SNAPSHOT correlationId=da95aada-0f7f-46dd-96bd-4bdef9c3dbc5 c.m.m.s.i.c.CorrelationIdFilter - Request completed event="request_completed" correlationId="da95aada-0f7f-46dd-96bd-4bdef9c3dbc5" status="200"
[WebServer] 2026-09-06T17:36:10.648Z INFO  application=marketops-server environment=local buildVersion=0.1.0-SNAPSHOT correlationId=ebe34a66-c0b8-49bf-ba73-8638b2c39dc0 c.m.m.a.i.a.JdbcMetadataAuditStore - Metadata change recorded event="metadata_change_recorded" sourceDomain="advertisingefficiency" entityType="advertising_exposure" entityId="33edaf00-a9ad-4467-850d-6a4dec48054e" action="READ" actorId="3edb0936-a3ef-4226-a6e7-4847b7572d37" correlationId="ebe34a66-c0b8-49bf-ba73-8638b2c39dc0"
[WebServer] 2026-09-06T17:36:10.649Z INFO  application=marketops-server environment=local buildVersion=0.1.0-SNAPSHOT correlationId=ebe34a66-c0b8-49bf-ba73-8638b2c39dc0 c.m.m.s.i.c.CorrelationIdFilter - Request completed event="request_completed" correlationId="ebe34a66-c0b8-49bf-ba73-8638b2c39dc0" status="200"
[WebServer] 2026-09-06T17:36:10.668Z INFO  application=marketops-server environment=local buildVersion=0.1.0-SNAPSHOT correlationId=8ca5e655-5ec4-4120-a00c-130321683a90 c.m.m.a.i.a.JdbcMetadataAuditStore - Metadata change recorded event="metadata_change_recorded" sourceDomain="advertisingefficiency" entityType="advertising_orchestration" entityId="33edaf00-a9ad-4467-850d-6a4dec48054e" action="READ" actorId="3edb0936-a3ef-4226-a6e7-4847b7572d37" correlationId="8ca5e655-5ec4-4120-a00c-130321683a90"
[WebServer] 2026-09-06T17:36:10.672Z INFO  application=marketops-server environment=local buildVersion=0.1.0-SNAPSHOT correlationId=8ca5e655-5ec4-4120-a00c-130321683a90 c.m.m.s.i.c.CorrelationIdFilter - Request completed event="request_completed" correlationId="8ca5e655-5ec4-4120-a00c-130321683a90" status="200"
[WebServer] 2026-09-06T17:36:10.692Z INFO  application=marketops-server environment=local buildVersion=0.1.0-SNAPSHOT correlationId=aaa91da0-88ce-4e52-9e3b-8f0800b5e8af c.m.m.s.i.c.CorrelationIdFilter - Request completed event="request_completed" correlationId="aaa91da0-88ce-4e52-9e3b-8f0800b5e8af" status="200"
[WebServer] 2026-09-06T17:36:10.708Z INFO  application=marketops-server environment=local buildVersion=0.1.0-SNAPSHOT correlationId=710757cc-db88-4237-a223-983c750a7ac9 c.m.m.s.i.c.CorrelationIdFilter - Request completed event="request_completed" correlationId="710757cc-db88-4237-a223-983c750a7ac9" status="200"
[WebServer] 2026-09-06T17:36:10.755Z INFO  application=marketops-server environment=local buildVersion=0.1.0-SNAPSHOT correlationId=c73dc85e-b7ac-47e9-9a82-91863423ef0c c.m.m.a.i.a.JdbcMetadataAuditStore - Metadata change recorded event="metadata_change_recorded" sourceDomain="advertisingefficiency" entityType="advertising_case" entityId="78e0d77c-b9aa-4a1d-ab22-2a7d23dda3ed" action="READ" actorId="3edb0936-a3ef-4226-a6e7-4847b7572d37" correlationId="c73dc85e-b7ac-47e9-9a82-91863423ef0c"
[WebServer] 2026-09-06T17:36:10.773Z INFO  application=marketops-server environment=local buildVersion=0.1.0-SNAPSHOT correlationId=c73dc85e-b7ac-47e9-9a82-91863423ef0c c.m.m.s.i.c.CorrelationIdFilter - Request completed event="request_completed" correlationId="c73dc85e-b7ac-47e9-9a82-91863423ef0c" status="200"
[WebServer] 2026-09-06T17:36:10.795Z INFO  application=marketops-server environment=local buildVersion=0.1.0-SNAPSHOT correlationId=1d5dfa41-ae02-4ea5-8ea1-73aeb5ef8d63 c.m.m.a.i.a.JdbcMetadataAuditStore - Metadata change recorded event="metadata_change_recorded" sourceDomain="advertisingefficiency" entityType="advertising_manual_packet" entityId="3267ce40-c16f-4d32-ab27-451347201a82" action="READ" actorId="3edb0936-a3ef-4226-a6e7-4847b7572d37" correlationId="1d5dfa41-ae02-4ea5-8ea1-73aeb5ef8d63"
[WebServer] 2026-09-06T17:36:10.796Z INFO  application=marketops-server environment=local buildVersion=0.1.0-SNAPSHOT correlationId=1d5dfa41-ae02-4ea5-8ea1-73aeb5ef8d63 c.m.m.s.i.c.CorrelationIdFilter - Request completed event="request_completed" correlationId="1d5dfa41-ae02-4ea5-8ea1-73aeb5ef8d63" status="200"
[WebServer] 2026-09-06T17:36:10.820Z INFO  application=marketops-server environment=local buildVersion=0.1.0-SNAPSHOT correlationId=1a316f50-7d34-47fd-8af4-ad39c660dd91 c.m.m.s.i.c.CorrelationIdFilter - Request completed event="request_completed" correlationId="1a316f50-7d34-47fd-8af4-ad39c660dd91" status="200"
[WebServer] 2026-09-06T17:36:10.877Z INFO  application=marketops-server environment=local buildVersion=0.1.0-SNAPSHOT correlationId=2fa6f693-59d4-42c4-a597-5e6cb4fd03d5 c.m.m.s.i.c.CorrelationIdFilter - Request completed event="request_completed" correlationId="2fa6f693-59d4-42c4-a597-5e6cb4fd03d5" status="200"
[WebServer] 2026-09-06T17:36:10.896Z INFO  application=marketops-server environment=local buildVersion=0.1.0-SNAPSHOT correlationId=5915b554-fa97-4727-80fa-23c64ad305a1 c.m.m.s.i.c.CorrelationIdFilter - Request completed event="request_completed" correlationId="5915b554-fa97-4727-80fa-23c64ad305a1" status="200"
[WebServer] 2026-09-06T17:36:10.898Z INFO  application=marketops-server environment=local buildVersion=0.1.0-SNAPSHOT correlationId=25a942d3-46b7-48a3-b8de-e795b56ac804 c.m.m.a.i.a.JdbcMetadataAuditStore - Metadata change recorded event="metadata_change_recorded" sourceDomain="advertisingefficiency" entityType="advertising_command" entityId="9568df0d-9950-4e10-9c04-d8163456ad0d" action="READ" actorId="3edb0936-a3ef-4226-a6e7-4847b7572d37" correlationId="25a942d3-46b7-48a3-b8de-e795b56ac804"
[WebServer] 2026-09-06T17:36:10.910Z INFO  application=marketops-server environment=local buildVersion=0.1.0-SNAPSHOT correlationId=25a942d3-46b7-48a3-b8de-e795b56ac804 c.m.m.s.i.c.CorrelationIdFilter - Request completed event="request_completed" correlationId="25a942d3-46b7-48a3-b8de-e795b56ac804" status="200"
[WebServer] 2026-09-06T17:36:10.926Z INFO  application=marketops-server environment=local buildVersion=0.1.0-SNAPSHOT correlationId=41f9b0c8-95a1-4e05-a250-e1051d428f8b c.m.m.s.i.c.CorrelationIdFilter - Request completed event="request_completed" correlationId="41f9b0c8-95a1-4e05-a250-e1051d428f8b" status="200"
[WebServer] 2026-09-06T17:36:10.929Z INFO  application=marketops-server environment=local buildVersion=0.1.0-SNAPSHOT correlationId=71adbf2d-69fe-4361-9000-d64c32d85b63 c.m.m.a.i.a.JdbcMetadataAuditStore - Metadata change recorded event="metadata_change_recorded" sourceDomain="advertisingefficiency" entityType="advertising_outcome" entityId="9568df0d-9950-4e10-9c04-d8163456ad0d" action="READ" actorId="3edb0936-a3ef-4226-a6e7-4847b7572d37" correlationId="71adbf2d-69fe-4361-9000-d64c32d85b63"
[WebServer] 2026-09-06T17:36:10.930Z INFO  application=marketops-server environment=local buildVersion=0.1.0-SNAPSHOT correlationId=71adbf2d-69fe-4361-9000-d64c32d85b63 c.m.m.s.i.c.CorrelationIdFilter - Request completed event="request_completed" correlationId="71adbf2d-69fe-4361-9000-d64c32d85b63" status="200"
[WebServer] 2026-09-06T17:36:10.985Z INFO  application=marketops-server environment=local buildVersion=0.1.0-SNAPSHOT correlationId=f22bba50-27d7-4d85-a222-20a64248a8bb c.m.m.a.i.a.JdbcMetadataAuditStore - Metadata change recorded event="metadata_change_recorded" sourceDomain="advertisingefficiency" entityType="advertising_reservations" entityId="33edaf00-a9ad-4467-850d-6a4dec48054e" action="READ" actorId="3edb0936-a3ef-4226-a6e7-4847b7572d37" correlationId="f22bba50-27d7-4d85-a222-20a64248a8bb"
[WebServer] 2026-09-06T17:36:10.986Z INFO  application=marketops-server environment=local buildVersion=0.1.0-SNAPSHOT correlationId=d10e805e-c684-4c90-8791-69faf2dd27f2 c.m.m.s.i.e.ConsoleProblemAdvice - Console request refused event="console_request_refused" errorCode="RESOURCE_NOT_FOUND" correlationId="d10e805e-c684-4c90-8791-69faf2dd27f2"
[WebServer] 2026-09-06T17:36:10.986Z INFO  application=marketops-server environment=local buildVersion=0.1.0-SNAPSHOT correlationId=d10e805e-c684-4c90-8791-69faf2dd27f2 c.m.m.s.i.c.CorrelationIdFilter - Request completed event="request_completed" correlationId="d10e805e-c684-4c90-8791-69faf2dd27f2" status="404"
[WebServer] 2026-09-06T17:36:10.987Z INFO  application=marketops-server environment=local buildVersion=0.1.0-SNAPSHOT correlationId=ae00b709-0493-428c-bf3a-82c10f83feaf c.m.m.a.i.a.JdbcMetadataAuditStore - Metadata change recorded event="metadata_change_recorded" sourceDomain="advertisingefficiency" entityType="advertising_containments" entityId="33edaf00-a9ad-4467-850d-6a4dec48054e" action="READ" actorId="3edb0936-a3ef-4226-a6e7-4847b7572d37" correlationId="ae00b709-0493-428c-bf3a-82c10f83feaf"
[WebServer] 2026-09-06T17:36:10.988Z INFO  application=marketops-server environment=local buildVersion=0.1.0-SNAPSHOT correlationId=070d37e9-c5df-4770-bef1-4d295391111a c.m.m.s.i.e.ConsoleProblemAdvice - Console request refused event="console_request_refused" errorCode="RESOURCE_SCOPE_DENIED" correlationId="070d37e9-c5df-4770-bef1-4d295391111a"
[WebServer] 2026-09-06T17:36:10.988Z INFO  application=marketops-server environment=local buildVersion=0.1.0-SNAPSHOT correlationId=070d37e9-c5df-4770-bef1-4d295391111a c.m.m.s.i.c.CorrelationIdFilter - Request completed event="request_completed" correlationId="070d37e9-c5df-4770-bef1-4d295391111a" status="403"
[WebServer] 2026-09-06T17:36:10.990Z INFO  application=marketops-server environment=local buildVersion=0.1.0-SNAPSHOT correlationId=655f12af-e52d-45d1-ae34-00234b3a633b c.m.m.a.i.a.JdbcMetadataAuditStore - Metadata change recorded event="metadata_change_recorded" sourceDomain="availabilityrisk" entityType="availability_queue" entityId="33edaf00-a9ad-4467-850d-6a4dec48054e" action="READ" actorId="3edb0936-a3ef-4226-a6e7-4847b7572d37" correlationId="655f12af-e52d-45d1-ae34-00234b3a633b"
[WebServer] 2026-09-06T17:36:10.991Z INFO  application=marketops-server environment=local buildVersion=0.1.0-SNAPSHOT correlationId=655f12af-e52d-45d1-ae34-00234b3a633b c.m.m.s.i.c.CorrelationIdFilter - Request completed event="request_completed" correlationId="655f12af-e52d-45d1-ae34-00234b3a633b" status="200"
[WebServer] 2026-09-06T17:36:10.999Z INFO  application=marketops-server environment=local buildVersion=0.1.0-SNAPSHOT correlationId=ae00b709-0493-428c-bf3a-82c10f83feaf c.m.m.s.i.c.CorrelationIdFilter - Request completed event="request_completed" correlationId="ae00b709-0493-428c-bf3a-82c10f83feaf" status="200"
[WebServer] 2026-09-06T17:36:10.999Z INFO  application=marketops-server environment=local buildVersion=0.1.0-SNAPSHOT correlationId=83a1e024-cf5d-4532-8fd1-1494053f4521 c.m.m.a.i.a.JdbcMetadataAuditStore - Metadata change recorded event="metadata_change_recorded" sourceDomain="advertisingefficiency" entityType="advertising_exposure" entityId="33edaf00-a9ad-4467-850d-6a4dec48054e" action="READ" actorId="3edb0936-a3ef-4226-a6e7-4847b7572d37" correlationId="83a1e024-cf5d-4532-8fd1-1494053f4521"
[WebServer] 2026-09-06T17:36:11.001Z INFO  application=marketops-server environment=local buildVersion=0.1.0-SNAPSHOT correlationId=83a1e024-cf5d-4532-8fd1-1494053f4521 c.m.m.s.i.c.CorrelationIdFilter - Request completed event="request_completed" correlationId="83a1e024-cf5d-4532-8fd1-1494053f4521" status="200"
[WebServer] 2026-09-06T17:36:11.002Z INFO  application=marketops-server environment=local buildVersion=0.1.0-SNAPSHOT correlationId=56c6d747-9245-4058-8cb0-6585a746ae8c c.m.m.s.i.e.ConsoleProblemAdvice - Console request refused event="console_request_refused" errorCode="RESOURCE_SCOPE_DENIED" correlationId="56c6d747-9245-4058-8cb0-6585a746ae8c"
[WebServer] 2026-09-06T17:36:11.002Z INFO  application=marketops-server environment=local buildVersion=0.1.0-SNAPSHOT correlationId=56c6d747-9245-4058-8cb0-6585a746ae8c c.m.m.s.i.c.CorrelationIdFilter - Request completed event="request_completed" correlationId="56c6d747-9245-4058-8cb0-6585a746ae8c" status="403"
[WebServer] 2026-09-06T17:36:11.007Z INFO  application=marketops-server environment=local buildVersion=0.1.0-SNAPSHOT correlationId=791525ea-188b-4a50-8368-d6c9522b0034 c.m.m.a.i.a.JdbcMetadataAuditStore - Metadata change recorded event="metadata_change_recorded" sourceDomain="advertisingefficiency" entityType="advertising_queue" entityId="33edaf00-a9ad-4467-850d-6a4dec48054e" action="READ" actorId="3edb0936-a3ef-4226-a6e7-4847b7572d37" correlationId="791525ea-188b-4a50-8368-d6c9522b0034"
[WebServer] 2026-09-06T17:36:11.007Z INFO  application=marketops-server environment=local buildVersion=0.1.0-SNAPSHOT correlationId=f22bba50-27d7-4d85-a222-20a64248a8bb c.m.m.s.i.c.CorrelationIdFilter - Request completed event="request_completed" correlationId="f22bba50-27d7-4d85-a222-20a64248a8bb" status="200"
[WebServer] 2026-09-06T17:36:11.021Z INFO  application=marketops-server environment=local buildVersion=0.1.0-SNAPSHOT correlationId=0ecbcf72-02da-424e-85b4-3226dddec03a c.m.m.a.i.a.JdbcMetadataAuditStore - Metadata change recorded event="metadata_change_recorded" sourceDomain="advertisingefficiency" entityType="advertising_orchestration" entityId="33edaf00-a9ad-4467-850d-6a4dec48054e" action="READ" actorId="3edb0936-a3ef-4226-a6e7-4847b7572d37" correlationId="0ecbcf72-02da-424e-85b4-3226dddec03a"
[WebServer] 2026-09-06T17:36:11.022Z INFO  application=marketops-server environment=local buildVersion=0.1.0-SNAPSHOT correlationId=0ecbcf72-02da-424e-85b4-3226dddec03a c.m.m.s.i.c.CorrelationIdFilter - Request completed event="request_completed" correlationId="0ecbcf72-02da-424e-85b4-3226dddec03a" status="200"
[WebServer] 2026-09-06T17:36:11.059Z INFO  application=marketops-server environment=local buildVersion=0.1.0-SNAPSHOT correlationId=791525ea-188b-4a50-8368-d6c9522b0034 c.m.m.s.i.c.CorrelationIdFilter - Request completed event="request_completed" correlationId="791525ea-188b-4a50-8368-d6c9522b0034" status="200"
[WebServer] 2026-09-06T17:36:11.117Z INFO  application=marketops-server environment=local buildVersion=0.1.0-SNAPSHOT correlationId=5d30cf48-a3b3-49a4-b75d-599ca70be42c c.m.m.s.i.c.CorrelationIdFilter - Request completed event="request_completed" correlationId="5d30cf48-a3b3-49a4-b75d-599ca70be42c" status="200"
[WebServer] 2026-09-06T17:36:11.128Z INFO  application=marketops-server environment=local buildVersion=0.1.0-SNAPSHOT correlationId=cee34e8d-5cb1-4889-b9f6-362360fe2d81 c.m.m.a.i.a.JdbcMetadataAuditStore - Metadata change recorded event="metadata_change_recorded" sourceDomain="advertisingefficiency" entityType="advertising_reservations" entityId="33edaf00-a9ad-4467-850d-6a4dec48054e" action="READ" actorId="3edb0936-a3ef-4226-a6e7-4847b7572d37" correlationId="cee34e8d-5cb1-4889-b9f6-362360fe2d81"
[WebServer] 2026-09-06T17:36:11.129Z INFO  application=marketops-server environment=local buildVersion=0.1.0-SNAPSHOT correlationId=860e315b-b91a-4a09-bf4d-3df1ed696180 c.m.m.a.i.a.JdbcMetadataAuditStore - Metadata change recorded event="metadata_change_recorded" sourceDomain="advertisingefficiency" entityType="advertising_containments" entityId="33edaf00-a9ad-4467-850d-6a4dec48054e" action="READ" actorId="3edb0936-a3ef-4226-a6e7-4847b7572d37" correlationId="860e315b-b91a-4a09-bf4d-3df1ed696180"
[WebServer] 2026-09-06T17:36:11.140Z INFO  application=marketops-server environment=local buildVersion=0.1.0-SNAPSHOT correlationId=860e315b-b91a-4a09-bf4d-3df1ed696180 c.m.m.s.i.c.CorrelationIdFilter - Request completed event="request_completed" correlationId="860e315b-b91a-4a09-bf4d-3df1ed696180" status="200"
[WebServer] 2026-09-06T17:36:11.140Z INFO  application=marketops-server environment=local buildVersion=0.1.0-SNAPSHOT correlationId=60fa65c5-e02e-4947-9e1b-6af895a9e7aa c.m.m.a.i.a.JdbcMetadataAuditStore - Metadata change recorded event="metadata_change_recorded" sourceDomain="advertisingefficiency" entityType="advertising_exposure" entityId="33edaf00-a9ad-4467-850d-6a4dec48054e" action="READ" actorId="3edb0936-a3ef-4226-a6e7-4847b7572d37" correlationId="60fa65c5-e02e-4947-9e1b-6af895a9e7aa"
[WebServer] 2026-09-06T17:36:11.141Z INFO  application=marketops-server environment=local buildVersion=0.1.0-SNAPSHOT correlationId=60fa65c5-e02e-4947-9e1b-6af895a9e7aa c.m.m.s.i.c.CorrelationIdFilter - Request completed event="request_completed" correlationId="60fa65c5-e02e-4947-9e1b-6af895a9e7aa" status="200"
[WebServer] 2026-09-06T17:36:11.145Z INFO  application=marketops-server environment=local buildVersion=0.1.0-SNAPSHOT correlationId=cee34e8d-5cb1-4889-b9f6-362360fe2d81 c.m.m.s.i.c.CorrelationIdFilter - Request completed event="request_completed" correlationId="cee34e8d-5cb1-4889-b9f6-362360fe2d81" status="200"
  ✓   7 tests/advertising-browser/governed-advertising.spec.ts:676:1 › scoped emergency hold remains active until independent recovery conditions are established (2.1s)
[WebServer] 2026-09-06T17:36:11.682Z INFO  application=marketops-server environment=local buildVersion=0.1.0-SNAPSHOT correlationId=4195a481-8b49-41da-8be3-73fe630998a3 c.m.m.s.i.c.CorrelationIdFilter - Request completed event="request_completed" correlationId="4195a481-8b49-41da-8be3-73fe630998a3" status="200"
[WebServer] 2026-09-06T17:36:11.688Z INFO  application=marketops-server environment=local buildVersion=0.1.0-SNAPSHOT correlationId=574612c7-770d-4f24-8dae-09c38e1d97d7 c.m.m.a.i.a.JdbcMetadataAuditStore - Metadata change recorded event="metadata_change_recorded" sourceDomain="advertisingefficiency" entityType="advertising_containments" entityId="18e4753c-54a8-4bc8-9834-e40fba57ffd8" action="READ" actorId="77215840-84be-4cc5-a0b4-0b3518d9a0e2" correlationId="574612c7-770d-4f24-8dae-09c38e1d97d7"
[WebServer] 2026-09-06T17:36:11.690Z INFO  application=marketops-server environment=local buildVersion=0.1.0-SNAPSHOT correlationId=3ff2378f-40d4-4119-be79-3055428780ee c.m.m.s.i.e.ConsoleProblemAdvice - Console request refused event="console_request_refused" errorCode="RESOURCE_NOT_FOUND" correlationId="3ff2378f-40d4-4119-be79-3055428780ee"
[WebServer] 2026-09-06T17:36:11.691Z INFO  application=marketops-server environment=local buildVersion=0.1.0-SNAPSHOT correlationId=3ff2378f-40d4-4119-be79-3055428780ee c.m.m.s.i.c.CorrelationIdFilter - Request completed event="request_completed" correlationId="3ff2378f-40d4-4119-be79-3055428780ee" status="404"
[WebServer] 2026-09-06T17:36:11.696Z INFO  application=marketops-server environment=local buildVersion=0.1.0-SNAPSHOT correlationId=574612c7-770d-4f24-8dae-09c38e1d97d7 c.m.m.s.i.c.CorrelationIdFilter - Request completed event="request_completed" correlationId="574612c7-770d-4f24-8dae-09c38e1d97d7" status="200"
[WebServer] 2026-09-06T17:36:11.698Z INFO  application=marketops-server environment=local buildVersion=0.1.0-SNAPSHOT correlationId=729fec1e-5b75-4173-bda1-1c29b856aab3 c.m.m.s.i.e.ConsoleProblemAdvice - Console request refused event="console_request_refused" errorCode="RESOURCE_SCOPE_DENIED" correlationId="729fec1e-5b75-4173-bda1-1c29b856aab3"
[WebServer] 2026-09-06T17:36:11.698Z INFO  application=marketops-server environment=local buildVersion=0.1.0-SNAPSHOT correlationId=99f4cf62-ea65-417b-bcf3-5ceeb7549497 c.m.m.a.i.a.JdbcMetadataAuditStore - Metadata change recorded event="metadata_change_recorded" sourceDomain="advertisingefficiency" entityType="advertising_reservations" entityId="18e4753c-54a8-4bc8-9834-e40fba57ffd8" action="READ" actorId="77215840-84be-4cc5-a0b4-0b3518d9a0e2" correlationId="99f4cf62-ea65-417b-bcf3-5ceeb7549497"
[WebServer] 2026-09-06T17:36:11.698Z INFO  application=marketops-server environment=local buildVersion=0.1.0-SNAPSHOT correlationId=729fec1e-5b75-4173-bda1-1c29b856aab3 c.m.m.s.i.c.CorrelationIdFilter - Request completed event="request_completed" correlationId="729fec1e-5b75-4173-bda1-1c29b856aab3" status="403"
[WebServer] 2026-09-06T17:36:11.699Z INFO  application=marketops-server environment=local buildVersion=0.1.0-SNAPSHOT correlationId=87eeb7e2-fc9b-48a3-9e62-a1fae65c8b39 c.m.m.a.i.a.JdbcMetadataAuditStore - Metadata change recorded event="metadata_change_recorded" sourceDomain="availabilityrisk" entityType="availability_queue" entityId="18e4753c-54a8-4bc8-9834-e40fba57ffd8" action="READ" actorId="77215840-84be-4cc5-a0b4-0b3518d9a0e2" correlationId="87eeb7e2-fc9b-48a3-9e62-a1fae65c8b39"
[WebServer] 2026-09-06T17:36:11.700Z INFO  application=marketops-server environment=local buildVersion=0.1.0-SNAPSHOT correlationId=87eeb7e2-fc9b-48a3-9e62-a1fae65c8b39 c.m.m.s.i.c.CorrelationIdFilter - Request completed event="request_completed" correlationId="87eeb7e2-fc9b-48a3-9e62-a1fae65c8b39" status="200"
[WebServer] 2026-09-06T17:36:11.707Z INFO  application=marketops-server environment=local buildVersion=0.1.0-SNAPSHOT correlationId=13fd04b4-3bb7-4b1d-a90b-fec9b7e8fd88 c.m.m.a.i.a.JdbcMetadataAuditStore - Metadata change recorded event="metadata_change_recorded" sourceDomain="advertisingefficiency" entityType="advertising_exposure" entityId="18e4753c-54a8-4bc8-9834-e40fba57ffd8" action="READ" actorId="77215840-84be-4cc5-a0b4-0b3518d9a0e2" correlationId="13fd04b4-3bb7-4b1d-a90b-fec9b7e8fd88"
[WebServer] 2026-09-06T17:36:11.708Z INFO  application=marketops-server environment=local buildVersion=0.1.0-SNAPSHOT correlationId=13fd04b4-3bb7-4b1d-a90b-fec9b7e8fd88 c.m.m.s.i.c.CorrelationIdFilter - Request completed event="request_completed" correlationId="13fd04b4-3bb7-4b1d-a90b-fec9b7e8fd88" status="200"
[WebServer] 2026-09-06T17:36:11.709Z INFO  application=marketops-server environment=local buildVersion=0.1.0-SNAPSHOT correlationId=ef096f5c-3eb7-4da4-b376-8a1eb537edb0 c.m.m.s.i.e.ConsoleProblemAdvice - Console request refused event="console_request_refused" errorCode="RESOURCE_SCOPE_DENIED" correlationId="ef096f5c-3eb7-4da4-b376-8a1eb537edb0"
[WebServer] 2026-09-06T17:36:11.709Z INFO  application=marketops-server environment=local buildVersion=0.1.0-SNAPSHOT correlationId=ef096f5c-3eb7-4da4-b376-8a1eb537edb0 c.m.m.s.i.c.CorrelationIdFilter - Request completed event="request_completed" correlationId="ef096f5c-3eb7-4da4-b376-8a1eb537edb0" status="403"
[WebServer] 2026-09-06T17:36:11.710Z INFO  application=marketops-server environment=local buildVersion=0.1.0-SNAPSHOT correlationId=ff134437-81ac-4401-82d5-42522886c6ee c.m.m.a.i.a.JdbcMetadataAuditStore - Metadata change recorded event="metadata_change_recorded" sourceDomain="advertisingefficiency" entityType="advertising_queue" entityId="18e4753c-54a8-4bc8-9834-e40fba57ffd8" action="READ" actorId="77215840-84be-4cc5-a0b4-0b3518d9a0e2" correlationId="ff134437-81ac-4401-82d5-42522886c6ee"
[WebServer] 2026-09-06T17:36:11.717Z INFO  application=marketops-server environment=local buildVersion=0.1.0-SNAPSHOT correlationId=99f4cf62-ea65-417b-bcf3-5ceeb7549497 c.m.m.s.i.c.CorrelationIdFilter - Request completed event="request_completed" correlationId="99f4cf62-ea65-417b-bcf3-5ceeb7549497" status="200"
[WebServer] 2026-09-06T17:36:11.725Z INFO  application=marketops-server environment=local buildVersion=0.1.0-SNAPSHOT correlationId=ff134437-81ac-4401-82d5-42522886c6ee c.m.m.s.i.c.CorrelationIdFilter - Request completed event="request_completed" correlationId="ff134437-81ac-4401-82d5-42522886c6ee" status="200"
[WebServer] 2026-09-06T17:36:11.730Z INFO  application=marketops-server environment=local buildVersion=0.1.0-SNAPSHOT correlationId=0921d552-9bd1-4a90-9de5-592ba2937734 c.m.m.a.i.a.JdbcMetadataAuditStore - Metadata change recorded event="metadata_change_recorded" sourceDomain="advertisingefficiency" entityType="advertising_orchestration" entityId="18e4753c-54a8-4bc8-9834-e40fba57ffd8" action="READ" actorId="77215840-84be-4cc5-a0b4-0b3518d9a0e2" correlationId="0921d552-9bd1-4a90-9de5-592ba2937734"
[WebServer] 2026-09-06T17:36:11.731Z INFO  application=marketops-server environment=local buildVersion=0.1.0-SNAPSHOT correlationId=0921d552-9bd1-4a90-9de5-592ba2937734 c.m.m.s.i.c.CorrelationIdFilter - Request completed event="request_completed" correlationId="0921d552-9bd1-4a90-9de5-592ba2937734" status="200"
[WebServer] 2026-09-06T17:36:11.745Z INFO  application=marketops-server environment=local buildVersion=0.1.0-SNAPSHOT correlationId=22554239-5316-43b5-8db3-6a050b3ce3a1 c.m.m.s.i.c.CorrelationIdFilter - Request completed event="request_completed" correlationId="22554239-5316-43b5-8db3-6a050b3ce3a1" status="200"
[WebServer] 2026-09-06T17:36:11.771Z INFO  application=marketops-server environment=local buildVersion=0.1.0-SNAPSHOT correlationId=c80293e0-b9b5-4821-8f1b-7d173d4f2126 c.m.m.a.i.a.JdbcMetadataAuditStore - Metadata change recorded event="metadata_change_recorded" sourceDomain="advertisingefficiency" entityType="advertising_case" entityId="f365df0d-7cbe-40fe-9035-abb3d966c8f9" action="READ" actorId="77215840-84be-4cc5-a0b4-0b3518d9a0e2" correlationId="c80293e0-b9b5-4821-8f1b-7d173d4f2126"
[WebServer] 2026-09-06T17:36:11.783Z INFO  application=marketops-server environment=local buildVersion=0.1.0-SNAPSHOT correlationId=c80293e0-b9b5-4821-8f1b-7d173d4f2126 c.m.m.s.i.c.CorrelationIdFilter - Request completed event="request_completed" correlationId="c80293e0-b9b5-4821-8f1b-7d173d4f2126" status="200"
[WebServer] 2026-09-06T17:36:11.805Z INFO  application=marketops-server environment=local buildVersion=0.1.0-SNAPSHOT correlationId=6a33d777-92ca-4347-8bfb-b1fec92137ec c.m.m.a.i.a.JdbcMetadataAuditStore - Metadata change recorded event="metadata_change_recorded" sourceDomain="advertisingefficiency" entityType="advertising_manual_packet" entityId="2608e57a-2ae6-43bd-880a-3fce919ce263" action="READ" actorId="77215840-84be-4cc5-a0b4-0b3518d9a0e2" correlationId="6a33d777-92ca-4347-8bfb-b1fec92137ec"
[WebServer] 2026-09-06T17:36:11.806Z INFO  application=marketops-server environment=local buildVersion=0.1.0-SNAPSHOT correlationId=6a33d777-92ca-4347-8bfb-b1fec92137ec c.m.m.s.i.c.CorrelationIdFilter - Request completed event="request_completed" correlationId="6a33d777-92ca-4347-8bfb-b1fec92137ec" status="200"
[WebServer] 2026-09-06T17:36:11.824Z INFO  application=marketops-server environment=local buildVersion=0.1.0-SNAPSHOT correlationId=acfa6ca3-9128-4b97-aa3c-3e2b2844084a c.m.m.s.i.c.CorrelationIdFilter - Request completed event="request_completed" correlationId="acfa6ca3-9128-4b97-aa3c-3e2b2844084a" status="200"
[WebServer] 2026-09-06T17:36:11.844Z INFO  application=marketops-server environment=local buildVersion=0.1.0-SNAPSHOT correlationId=22908217-4f84-429c-ab41-07e9942c8146 c.m.m.s.i.c.CorrelationIdFilter - Request completed event="request_completed" correlationId="22908217-4f84-429c-ab41-07e9942c8146" status="200"
[WebServer] 2026-09-06T17:36:11.862Z INFO  application=marketops-server environment=local buildVersion=0.1.0-SNAPSHOT correlationId=fb8fbaf3-449e-4cae-a8dc-207aa338e25c c.m.m.s.i.c.CorrelationIdFilter - Request completed event="request_completed" correlationId="fb8fbaf3-449e-4cae-a8dc-207aa338e25c" status="200"
[WebServer] 2026-09-06T17:36:11.865Z INFO  application=marketops-server environment=local buildVersion=0.1.0-SNAPSHOT correlationId=de9c2368-20d5-4e0a-8918-9b6ddacffa5a c.m.m.a.i.a.JdbcMetadataAuditStore - Metadata change recorded event="metadata_change_recorded" sourceDomain="advertisingefficiency" entityType="advertising_command" entityId="e5089f79-4472-4d2e-8d8a-5f745abe26ac" action="READ" actorId="77215840-84be-4cc5-a0b4-0b3518d9a0e2" correlationId="de9c2368-20d5-4e0a-8918-9b6ddacffa5a"
[WebServer] 2026-09-06T17:36:11.878Z INFO  application=marketops-server environment=local buildVersion=0.1.0-SNAPSHOT correlationId=de9c2368-20d5-4e0a-8918-9b6ddacffa5a c.m.m.s.i.c.CorrelationIdFilter - Request completed event="request_completed" correlationId="de9c2368-20d5-4e0a-8918-9b6ddacffa5a" status="200"
[WebServer] 2026-09-06T17:36:11.895Z INFO  application=marketops-server environment=local buildVersion=0.1.0-SNAPSHOT correlationId=cdd4d156-5461-4985-b494-1bb43325d94c c.m.m.s.i.c.CorrelationIdFilter - Request completed event="request_completed" correlationId="cdd4d156-5461-4985-b494-1bb43325d94c" status="200"
[WebServer] 2026-09-06T17:36:11.898Z INFO  application=marketops-server environment=local buildVersion=0.1.0-SNAPSHOT correlationId=d7a51a7d-face-49c4-ac07-dbedd8e0c318 c.m.m.a.i.a.JdbcMetadataAuditStore - Metadata change recorded event="metadata_change_recorded" sourceDomain="advertisingefficiency" entityType="advertising_outcome" entityId="e5089f79-4472-4d2e-8d8a-5f745abe26ac" action="READ" actorId="77215840-84be-4cc5-a0b4-0b3518d9a0e2" correlationId="d7a51a7d-face-49c4-ac07-dbedd8e0c318"
[WebServer] 2026-09-06T17:36:11.899Z INFO  application=marketops-server environment=local buildVersion=0.1.0-SNAPSHOT correlationId=d7a51a7d-face-49c4-ac07-dbedd8e0c318 c.m.m.s.i.c.CorrelationIdFilter - Request completed event="request_completed" correlationId="d7a51a7d-face-49c4-ac07-dbedd8e0c318" status="200"
[WebServer] 2026-09-06T17:36:12.247Z INFO  application=marketops-server environment=local buildVersion=0.1.0-SNAPSHOT correlationId=d462b343-e682-487d-94df-3bc3d586077c c.m.m.s.i.c.CorrelationIdFilter - Request completed event="request_completed" correlationId="d462b343-e682-487d-94df-3bc3d586077c" status="200"
[WebServer] 2026-09-06T17:36:12.253Z INFO  application=marketops-server environment=local buildVersion=0.1.0-SNAPSHOT correlationId=5b1d6039-a78e-4bbb-9f73-b9d4fe51b404 c.m.m.a.i.a.JdbcMetadataAuditStore - Metadata change recorded event="metadata_change_recorded" sourceDomain="advertisingefficiency" entityType="advertising_reservations" entityId="18e4753c-54a8-4bc8-9834-e40fba57ffd8" action="READ" actorId="8fdcf41e-e6e5-41a7-857b-ab18d4a53126" correlationId="5b1d6039-a78e-4bbb-9f73-b9d4fe51b404"
[WebServer] 2026-09-06T17:36:12.257Z INFO  application=marketops-server environment=local buildVersion=0.1.0-SNAPSHOT correlationId=3e08a563-52d3-4789-aac8-55e8ad4d68f1 c.m.m.s.i.e.ConsoleProblemAdvice - Console request refused event="console_request_refused" errorCode="RESOURCE_NOT_FOUND" correlationId="3e08a563-52d3-4789-aac8-55e8ad4d68f1"
[WebServer] 2026-09-06T17:36:12.258Z INFO  application=marketops-server environment=local buildVersion=0.1.0-SNAPSHOT correlationId=3e08a563-52d3-4789-aac8-55e8ad4d68f1 c.m.m.s.i.c.CorrelationIdFilter - Request completed event="request_completed" correlationId="3e08a563-52d3-4789-aac8-55e8ad4d68f1" status="404"
[WebServer] 2026-09-06T17:36:12.259Z INFO  application=marketops-server environment=local buildVersion=0.1.0-SNAPSHOT correlationId=65f317ad-a751-42bc-8ed5-9a6fe5da2e87 c.m.m.a.i.a.JdbcMetadataAuditStore - Metadata change recorded event="metadata_change_recorded" sourceDomain="availabilityrisk" entityType="availability_queue" entityId="18e4753c-54a8-4bc8-9834-e40fba57ffd8" action="READ" actorId="8fdcf41e-e6e5-41a7-857b-ab18d4a53126" correlationId="65f317ad-a751-42bc-8ed5-9a6fe5da2e87"
[WebServer] 2026-09-06T17:36:12.259Z INFO  application=marketops-server environment=local buildVersion=0.1.0-SNAPSHOT correlationId=aa462190-6133-4437-985d-adf86802bb59 c.m.m.s.i.e.ConsoleProblemAdvice - Console request refused event="console_request_refused" errorCode="RESOURCE_SCOPE_DENIED" correlationId="aa462190-6133-4437-985d-adf86802bb59"
[WebServer] 2026-09-06T17:36:12.259Z INFO  application=marketops-server environment=local buildVersion=0.1.0-SNAPSHOT correlationId=04dab662-7c55-43e8-bfdd-82ea99d7b904 c.m.m.a.i.a.JdbcMetadataAuditStore - Metadata change recorded event="metadata_change_recorded" sourceDomain="advertisingefficiency" entityType="advertising_containments" entityId="18e4753c-54a8-4bc8-9834-e40fba57ffd8" action="READ" actorId="8fdcf41e-e6e5-41a7-857b-ab18d4a53126" correlationId="04dab662-7c55-43e8-bfdd-82ea99d7b904"
[WebServer] 2026-09-06T17:36:12.260Z INFO  application=marketops-server environment=local buildVersion=0.1.0-SNAPSHOT correlationId=aa462190-6133-4437-985d-adf86802bb59 c.m.m.s.i.c.CorrelationIdFilter - Request completed event="request_completed" correlationId="aa462190-6133-4437-985d-adf86802bb59" status="403"
[WebServer] 2026-09-06T17:36:12.262Z INFO  application=marketops-server environment=local buildVersion=0.1.0-SNAPSHOT correlationId=65f317ad-a751-42bc-8ed5-9a6fe5da2e87 c.m.m.s.i.c.CorrelationIdFilter - Request completed event="request_completed" correlationId="65f317ad-a751-42bc-8ed5-9a6fe5da2e87" status="200"
[WebServer] 2026-09-06T17:36:12.262Z INFO  application=marketops-server environment=local buildVersion=0.1.0-SNAPSHOT correlationId=eb1dc6b4-1995-4449-a24d-6a7c866a9a6a c.m.m.a.i.a.JdbcMetadataAuditStore - Metadata change recorded event="metadata_change_recorded" sourceDomain="advertisingefficiency" entityType="advertising_exposure" entityId="18e4753c-54a8-4bc8-9834-e40fba57ffd8" action="READ" actorId="8fdcf41e-e6e5-41a7-857b-ab18d4a53126" correlationId="eb1dc6b4-1995-4449-a24d-6a7c866a9a6a"
[WebServer] 2026-09-06T17:36:12.263Z INFO  application=marketops-server environment=local buildVersion=0.1.0-SNAPSHOT correlationId=eb1dc6b4-1995-4449-a24d-6a7c866a9a6a c.m.m.s.i.c.CorrelationIdFilter - Request completed event="request_completed" correlationId="eb1dc6b4-1995-4449-a24d-6a7c866a9a6a" status="200"
[WebServer] 2026-09-06T17:36:12.267Z INFO  application=marketops-server environment=local buildVersion=0.1.0-SNAPSHOT correlationId=04dab662-7c55-43e8-bfdd-82ea99d7b904 c.m.m.s.i.c.CorrelationIdFilter - Request completed event="request_completed" correlationId="04dab662-7c55-43e8-bfdd-82ea99d7b904" status="200"
[WebServer] 2026-09-06T17:36:12.272Z INFO  application=marketops-server environment=local buildVersion=0.1.0-SNAPSHOT correlationId=5b1d6039-a78e-4bbb-9f73-b9d4fe51b404 c.m.m.s.i.c.CorrelationIdFilter - Request completed event="request_completed" correlationId="5b1d6039-a78e-4bbb-9f73-b9d4fe51b404" status="200"
[WebServer] 2026-09-06T17:36:12.274Z INFO  application=marketops-server environment=local buildVersion=0.1.0-SNAPSHOT correlationId=71c45d57-e505-4c79-8f2e-3c6215fad191 c.m.m.s.i.e.ConsoleProblemAdvice - Console request refused event="console_request_refused" errorCode="RESOURCE_SCOPE_DENIED" correlationId="71c45d57-e505-4c79-8f2e-3c6215fad191"
[WebServer] 2026-09-06T17:36:12.274Z INFO  application=marketops-server environment=local buildVersion=0.1.0-SNAPSHOT correlationId=71c45d57-e505-4c79-8f2e-3c6215fad191 c.m.m.s.i.c.CorrelationIdFilter - Request completed event="request_completed" correlationId="71c45d57-e505-4c79-8f2e-3c6215fad191" status="403"
[WebServer] 2026-09-06T17:36:12.279Z INFO  application=marketops-server environment=local buildVersion=0.1.0-SNAPSHOT correlationId=35e0a115-d2a1-479a-a785-ecbe8e7c084d c.m.m.a.i.a.JdbcMetadataAuditStore - Metadata change recorded event="metadata_change_recorded" sourceDomain="advertisingefficiency" entityType="advertising_queue" entityId="18e4753c-54a8-4bc8-9834-e40fba57ffd8" action="READ" actorId="8fdcf41e-e6e5-41a7-857b-ab18d4a53126" correlationId="35e0a115-d2a1-479a-a785-ecbe8e7c084d"
[WebServer] 2026-09-06T17:36:12.286Z INFO  application=marketops-server environment=local buildVersion=0.1.0-SNAPSHOT correlationId=4931ef9e-827a-4691-b6d3-e964b3bdc23b c.m.m.a.i.a.JdbcMetadataAuditStore - Metadata change recorded event="metadata_change_recorded" sourceDomain="advertisingefficiency" entityType="advertising_orchestration" entityId="18e4753c-54a8-4bc8-9834-e40fba57ffd8" action="READ" actorId="8fdcf41e-e6e5-41a7-857b-ab18d4a53126" correlationId="4931ef9e-827a-4691-b6d3-e964b3bdc23b"
[WebServer] 2026-09-06T17:36:12.287Z INFO  application=marketops-server environment=local buildVersion=0.1.0-SNAPSHOT correlationId=4931ef9e-827a-4691-b6d3-e964b3bdc23b c.m.m.s.i.c.CorrelationIdFilter - Request completed event="request_completed" correlationId="4931ef9e-827a-4691-b6d3-e964b3bdc23b" status="200"
[WebServer] 2026-09-06T17:36:12.292Z INFO  application=marketops-server environment=local buildVersion=0.1.0-SNAPSHOT correlationId=35e0a115-d2a1-479a-a785-ecbe8e7c084d c.m.m.s.i.c.CorrelationIdFilter - Request completed event="request_completed" correlationId="35e0a115-d2a1-479a-a785-ecbe8e7c084d" status="200"
[WebServer] 2026-09-06T17:36:12.308Z INFO  application=marketops-server environment=local buildVersion=0.1.0-SNAPSHOT correlationId=8438e32b-8a0e-4251-ace1-8771d87b7bd5 c.m.m.s.i.c.CorrelationIdFilter - Request completed event="request_completed" correlationId="8438e32b-8a0e-4251-ace1-8771d87b7bd5" status="200"
[WebServer] 2026-09-06T17:36:12.329Z INFO  application=marketops-server environment=local buildVersion=0.1.0-SNAPSHOT correlationId=adc1712c-c88c-4e58-aa91-2cd1d9b55e8c c.m.m.a.i.a.JdbcMetadataAuditStore - Metadata change recorded event="metadata_change_recorded" sourceDomain="advertisingefficiency" entityType="advertising_case" entityId="f365df0d-7cbe-40fe-9035-abb3d966c8f9" action="READ" actorId="8fdcf41e-e6e5-41a7-857b-ab18d4a53126" correlationId="adc1712c-c88c-4e58-aa91-2cd1d9b55e8c"
[WebServer] 2026-09-06T17:36:12.342Z INFO  application=marketops-server environment=local buildVersion=0.1.0-SNAPSHOT correlationId=adc1712c-c88c-4e58-aa91-2cd1d9b55e8c c.m.m.s.i.c.CorrelationIdFilter - Request completed event="request_completed" correlationId="adc1712c-c88c-4e58-aa91-2cd1d9b55e8c" status="200"
[WebServer] 2026-09-06T17:36:12.364Z INFO  application=marketops-server environment=local buildVersion=0.1.0-SNAPSHOT correlationId=bd07ea89-c0d8-4035-948a-739df02ec36f c.m.m.a.i.a.JdbcMetadataAuditStore - Metadata change recorded event="metadata_change_recorded" sourceDomain="advertisingefficiency" entityType="advertising_manual_packet" entityId="2608e57a-2ae6-43bd-880a-3fce919ce263" action="READ" actorId="8fdcf41e-e6e5-41a7-857b-ab18d4a53126" correlationId="bd07ea89-c0d8-4035-948a-739df02ec36f"
[WebServer] 2026-09-06T17:36:12.365Z INFO  application=marketops-server environment=local buildVersion=0.1.0-SNAPSHOT correlationId=bd07ea89-c0d8-4035-948a-739df02ec36f c.m.m.s.i.c.CorrelationIdFilter - Request completed event="request_completed" correlationId="bd07ea89-c0d8-4035-948a-739df02ec36f" status="200"
[WebServer] 2026-09-06T17:36:12.384Z INFO  application=marketops-server environment=local buildVersion=0.1.0-SNAPSHOT correlationId=6b5a1f8d-e8a6-4f7c-9392-c98c203be1f9 c.m.m.s.i.c.CorrelationIdFilter - Request completed event="request_completed" correlationId="6b5a1f8d-e8a6-4f7c-9392-c98c203be1f9" status="200"
[WebServer] 2026-09-06T17:36:12.402Z INFO  application=marketops-server environment=local buildVersion=0.1.0-SNAPSHOT correlationId=32340e52-4b75-49f1-a745-7c5d7f139d62 c.m.m.s.i.c.CorrelationIdFilter - Request completed event="request_completed" correlationId="32340e52-4b75-49f1-a745-7c5d7f139d62" status="200"
[WebServer] 2026-09-06T17:36:12.420Z INFO  application=marketops-server environment=local buildVersion=0.1.0-SNAPSHOT correlationId=7d61ae66-539c-454b-be40-7e198c3bc9d8 c.m.m.s.i.c.CorrelationIdFilter - Request completed event="request_completed" correlationId="7d61ae66-539c-454b-be40-7e198c3bc9d8" status="200"
[WebServer] 2026-09-06T17:36:12.422Z INFO  application=marketops-server environment=local buildVersion=0.1.0-SNAPSHOT correlationId=734882dd-3f07-465c-b705-336921a45faf c.m.m.a.i.a.JdbcMetadataAuditStore - Metadata change recorded event="metadata_change_recorded" sourceDomain="advertisingefficiency" entityType="advertising_command" entityId="e5089f79-4472-4d2e-8d8a-5f745abe26ac" action="READ" actorId="8fdcf41e-e6e5-41a7-857b-ab18d4a53126" correlationId="734882dd-3f07-465c-b705-336921a45faf"
[WebServer] 2026-09-06T17:36:12.428Z DEBUG application=marketops-server environment=local buildVersion=0.1.0-SNAPSHOT correlationId=ffa15baa-cd4a-4c96-a281-9a68055c838c c.m.m.s.i.c.CorrelationIdFilter - Inbound correlation identifier replaced event="correlation_identifier_replaced" correlationId="ffa15baa-cd4a-4c96-a281-9a68055c838c" rejectionCategory="MISSING"
[WebServer] 2026-09-06T17:36:12.434Z INFO  application=marketops-server environment=local buildVersion=0.1.0-SNAPSHOT correlationId=734882dd-3f07-465c-b705-336921a45faf c.m.m.s.i.c.CorrelationIdFilter - Request completed event="request_completed" correlationId="734882dd-3f07-465c-b705-336921a45faf" status="200"
[WebServer] 2026-09-06T17:36:12.443Z INFO  application=marketops-server environment=local buildVersion=0.1.0-SNAPSHOT correlationId=ffa15baa-cd4a-4c96-a281-9a68055c838c c.m.m.a.i.a.JdbcMetadataAuditStore - Metadata change recorded event="metadata_change_recorded" sourceDomain="advertisingefficiency" entityType="advertising_command" entityId="e5089f79-4472-4d2e-8d8a-5f745abe26ac" action="READ" actorId="8fdcf41e-e6e5-41a7-857b-ab18d4a53126" correlationId="ffa15baa-cd4a-4c96-a281-9a68055c838c"
[WebServer] 2026-09-06T17:36:12.449Z INFO  application=marketops-server environment=local buildVersion=0.1.0-SNAPSHOT correlationId=f9cf1b67-3632-4f50-8920-af7ac5681ccb c.m.m.s.i.c.CorrelationIdFilter - Request completed event="request_completed" correlationId="f9cf1b67-3632-4f50-8920-af7ac5681ccb" status="200"
[WebServer] 2026-09-06T17:36:12.453Z INFO  application=marketops-server environment=local buildVersion=0.1.0-SNAPSHOT correlationId=19a04c81-cb2f-4162-bc8f-ace6fad35186 c.m.m.a.i.a.JdbcMetadataAuditStore - Metadata change recorded event="metadata_change_recorded" sourceDomain="advertisingefficiency" entityType="advertising_outcome" entityId="e5089f79-4472-4d2e-8d8a-5f745abe26ac" action="READ" actorId="8fdcf41e-e6e5-41a7-857b-ab18d4a53126" correlationId="19a04c81-cb2f-4162-bc8f-ace6fad35186"
[WebServer] 2026-09-06T17:36:12.454Z INFO  application=marketops-server environment=local buildVersion=0.1.0-SNAPSHOT correlationId=19a04c81-cb2f-4162-bc8f-ace6fad35186 c.m.m.s.i.c.CorrelationIdFilter - Request completed event="request_completed" correlationId="19a04c81-cb2f-4162-bc8f-ace6fad35186" status="200"
[WebServer] 2026-09-06T17:36:12.454Z INFO  application=marketops-server environment=local buildVersion=0.1.0-SNAPSHOT correlationId=ffa15baa-cd4a-4c96-a281-9a68055c838c c.m.m.s.i.c.CorrelationIdFilter - Request completed event="request_completed" correlationId="ffa15baa-cd4a-4c96-a281-9a68055c838c" status="200"
  ✓   8 tests/advertising-browser/governed-advertising.spec.ts:726:3 › HISTORY_UNKNOWN preserves actual HTTP command history, unresolved state and separate outcomes (1.2s)
[WebServer] 2026-09-06T17:36:12.934Z INFO  application=marketops-server environment=local buildVersion=0.1.0-SNAPSHOT correlationId=a46b3a49-bb6b-4b30-83c9-a0ce064c8479 c.m.m.s.i.c.CorrelationIdFilter - Request completed event="request_completed" correlationId="a46b3a49-bb6b-4b30-83c9-a0ce064c8479" status="200"
[WebServer] 2026-09-06T17:36:12.943Z INFO  application=marketops-server environment=local buildVersion=0.1.0-SNAPSHOT correlationId=7a0ce550-973d-4e55-9865-0bf9641ea2c0 c.m.m.a.i.a.JdbcMetadataAuditStore - Metadata change recorded event="metadata_change_recorded" sourceDomain="advertisingefficiency" entityType="advertising_reservations" entityId="625133b6-1d33-44bc-aa75-3e5f0129f9c9" action="READ" actorId="78581708-e1d2-4db4-8635-c7fe8bfe48b1" correlationId="7a0ce550-973d-4e55-9865-0bf9641ea2c0"
[WebServer] 2026-09-06T17:36:12.948Z INFO  application=marketops-server environment=local buildVersion=0.1.0-SNAPSHOT correlationId=5b1cce99-d575-44bd-9374-456fd38f2f42 c.m.m.a.i.a.JdbcMetadataAuditStore - Metadata change recorded event="metadata_change_recorded" sourceDomain="availabilityrisk" entityType="availability_queue" entityId="625133b6-1d33-44bc-aa75-3e5f0129f9c9" action="READ" actorId="78581708-e1d2-4db4-8635-c7fe8bfe48b1" correlationId="5b1cce99-d575-44bd-9374-456fd38f2f42"
[WebServer] 2026-09-06T17:36:12.949Z INFO  application=marketops-server environment=local buildVersion=0.1.0-SNAPSHOT correlationId=5b1cce99-d575-44bd-9374-456fd38f2f42 c.m.m.s.i.c.CorrelationIdFilter - Request completed event="request_completed" correlationId="5b1cce99-d575-44bd-9374-456fd38f2f42" status="200"
[WebServer] 2026-09-06T17:36:12.950Z INFO  application=marketops-server environment=local buildVersion=0.1.0-SNAPSHOT correlationId=aa5410ef-3a48-4ca1-9e6a-b477f1d7b87c c.m.m.a.i.a.JdbcMetadataAuditStore - Metadata change recorded event="metadata_change_recorded" sourceDomain="advertisingefficiency" entityType="advertising_containments" entityId="625133b6-1d33-44bc-aa75-3e5f0129f9c9" action="READ" actorId="78581708-e1d2-4db4-8635-c7fe8bfe48b1" correlationId="aa5410ef-3a48-4ca1-9e6a-b477f1d7b87c"
[WebServer] 2026-09-06T17:36:12.952Z INFO  application=marketops-server environment=local buildVersion=0.1.0-SNAPSHOT correlationId=10b79875-3557-4238-b3cb-181a5bdd9b96 c.m.m.s.i.e.ConsoleProblemAdvice - Console request refused event="console_request_refused" errorCode="RESOURCE_NOT_FOUND" correlationId="10b79875-3557-4238-b3cb-181a5bdd9b96"
[WebServer] 2026-09-06T17:36:12.952Z INFO  application=marketops-server environment=local buildVersion=0.1.0-SNAPSHOT correlationId=0529ab46-48ba-4ff9-a7e2-8fdf15d40d0e c.m.m.s.i.e.ConsoleProblemAdvice - Console request refused event="console_request_refused" errorCode="RESOURCE_SCOPE_DENIED" correlationId="0529ab46-48ba-4ff9-a7e2-8fdf15d40d0e"
[WebServer] 2026-09-06T17:36:12.952Z INFO  application=marketops-server environment=local buildVersion=0.1.0-SNAPSHOT correlationId=10b79875-3557-4238-b3cb-181a5bdd9b96 c.m.m.s.i.c.CorrelationIdFilter - Request completed event="request_completed" correlationId="10b79875-3557-4238-b3cb-181a5bdd9b96" status="404"
[WebServer] 2026-09-06T17:36:12.952Z INFO  application=marketops-server environment=local buildVersion=0.1.0-SNAPSHOT correlationId=0529ab46-48ba-4ff9-a7e2-8fdf15d40d0e c.m.m.s.i.c.CorrelationIdFilter - Request completed event="request_completed" correlationId="0529ab46-48ba-4ff9-a7e2-8fdf15d40d0e" status="403"
[WebServer] 2026-09-06T17:36:12.959Z INFO  application=marketops-server environment=local buildVersion=0.1.0-SNAPSHOT correlationId=aa5410ef-3a48-4ca1-9e6a-b477f1d7b87c c.m.m.s.i.c.CorrelationIdFilter - Request completed event="request_completed" correlationId="aa5410ef-3a48-4ca1-9e6a-b477f1d7b87c" status="200"
[WebServer] 2026-09-06T17:36:12.964Z INFO  application=marketops-server environment=local buildVersion=0.1.0-SNAPSHOT correlationId=c797b434-898d-4725-abd3-46930919e1c9 c.m.m.s.i.e.ConsoleProblemAdvice - Console request refused event="console_request_refused" errorCode="RESOURCE_SCOPE_DENIED" correlationId="c797b434-898d-4725-abd3-46930919e1c9"
[WebServer] 2026-09-06T17:36:12.965Z INFO  application=marketops-server environment=local buildVersion=0.1.0-SNAPSHOT correlationId=c797b434-898d-4725-abd3-46930919e1c9 c.m.m.s.i.c.CorrelationIdFilter - Request completed event="request_completed" correlationId="c797b434-898d-4725-abd3-46930919e1c9" status="403"
[WebServer] 2026-09-06T17:36:12.967Z INFO  application=marketops-server environment=local buildVersion=0.1.0-SNAPSHOT correlationId=3454fe92-d2df-4660-bd09-1f4b8eeb72d3 c.m.m.a.i.a.JdbcMetadataAuditStore - Metadata change recorded event="metadata_change_recorded" sourceDomain="advertisingefficiency" entityType="advertising_exposure" entityId="625133b6-1d33-44bc-aa75-3e5f0129f9c9" action="READ" actorId="78581708-e1d2-4db4-8635-c7fe8bfe48b1" correlationId="3454fe92-d2df-4660-bd09-1f4b8eeb72d3"
[WebServer] 2026-09-06T17:36:12.967Z INFO  application=marketops-server environment=local buildVersion=0.1.0-SNAPSHOT correlationId=7a0ce550-973d-4e55-9865-0bf9641ea2c0 c.m.m.s.i.c.CorrelationIdFilter - Request completed event="request_completed" correlationId="7a0ce550-973d-4e55-9865-0bf9641ea2c0" status="200"
[WebServer] 2026-09-06T17:36:12.968Z INFO  application=marketops-server environment=local buildVersion=0.1.0-SNAPSHOT correlationId=3454fe92-d2df-4660-bd09-1f4b8eeb72d3 c.m.m.s.i.c.CorrelationIdFilter - Request completed event="request_completed" correlationId="3454fe92-d2df-4660-bd09-1f4b8eeb72d3" status="200"
[WebServer] 2026-09-06T17:36:12.969Z INFO  application=marketops-server environment=local buildVersion=0.1.0-SNAPSHOT correlationId=51cce647-606e-4f3f-bcdf-debf067b4d40 c.m.m.a.i.a.JdbcMetadataAuditStore - Metadata change recorded event="metadata_change_recorded" sourceDomain="advertisingefficiency" entityType="advertising_queue" entityId="625133b6-1d33-44bc-aa75-3e5f0129f9c9" action="READ" actorId="78581708-e1d2-4db4-8635-c7fe8bfe48b1" correlationId="51cce647-606e-4f3f-bcdf-debf067b4d40"
[WebServer] 2026-09-06T17:36:12.983Z INFO  application=marketops-server environment=local buildVersion=0.1.0-SNAPSHOT correlationId=b8c9d8ab-bb46-40a7-8908-e4978495f642 c.m.m.a.i.a.JdbcMetadataAuditStore - Metadata change recorded event="metadata_change_recorded" sourceDomain="advertisingefficiency" entityType="advertising_orchestration" entityId="625133b6-1d33-44bc-aa75-3e5f0129f9c9" action="READ" actorId="78581708-e1d2-4db4-8635-c7fe8bfe48b1" correlationId="b8c9d8ab-bb46-40a7-8908-e4978495f642"
[WebServer] 2026-09-06T17:36:12.984Z INFO  application=marketops-server environment=local buildVersion=0.1.0-SNAPSHOT correlationId=51cce647-606e-4f3f-bcdf-debf067b4d40 c.m.m.s.i.c.CorrelationIdFilter - Request completed event="request_completed" correlationId="51cce647-606e-4f3f-bcdf-debf067b4d40" status="200"
[WebServer] 2026-09-06T17:36:12.984Z INFO  application=marketops-server environment=local buildVersion=0.1.0-SNAPSHOT correlationId=b8c9d8ab-bb46-40a7-8908-e4978495f642 c.m.m.s.i.c.CorrelationIdFilter - Request completed event="request_completed" correlationId="b8c9d8ab-bb46-40a7-8908-e4978495f642" status="200"
[WebServer] 2026-09-06T17:36:13.002Z INFO  application=marketops-server environment=local buildVersion=0.1.0-SNAPSHOT correlationId=15788aff-0ab8-4127-9c47-ce6fdb179873 c.m.m.s.i.c.CorrelationIdFilter - Request completed event="request_completed" correlationId="15788aff-0ab8-4127-9c47-ce6fdb179873" status="200"
[WebServer] 2026-09-06T17:36:13.026Z INFO  application=marketops-server environment=local buildVersion=0.1.0-SNAPSHOT correlationId=42fbfed1-8d84-4785-b0d2-e56d29c8db8b c.m.m.a.i.a.JdbcMetadataAuditStore - Metadata change recorded event="metadata_change_recorded" sourceDomain="advertisingefficiency" entityType="advertising_case" entityId="a0a49fa0-e6b6-46e0-abd6-341efe79ca50" action="READ" actorId="78581708-e1d2-4db4-8635-c7fe8bfe48b1" correlationId="42fbfed1-8d84-4785-b0d2-e56d29c8db8b"
[WebServer] 2026-09-06T17:36:13.038Z INFO  application=marketops-server environment=local buildVersion=0.1.0-SNAPSHOT correlationId=42fbfed1-8d84-4785-b0d2-e56d29c8db8b c.m.m.s.i.c.CorrelationIdFilter - Request completed event="request_completed" correlationId="42fbfed1-8d84-4785-b0d2-e56d29c8db8b" status="200"
[WebServer] 2026-09-06T17:36:13.062Z INFO  application=marketops-server environment=local buildVersion=0.1.0-SNAPSHOT correlationId=004fdb74-deb4-4c86-9fbd-8805644abfa4 c.m.m.a.i.a.JdbcMetadataAuditStore - Metadata change recorded event="metadata_change_recorded" sourceDomain="advertisingefficiency" entityType="advertising_manual_packet" entityId="687ac259-8471-4fe7-9a32-4d614ad26a0c" action="READ" actorId="78581708-e1d2-4db4-8635-c7fe8bfe48b1" correlationId="004fdb74-deb4-4c86-9fbd-8805644abfa4"
[WebServer] 2026-09-06T17:36:13.063Z INFO  application=marketops-server environment=local buildVersion=0.1.0-SNAPSHOT correlationId=004fdb74-deb4-4c86-9fbd-8805644abfa4 c.m.m.s.i.c.CorrelationIdFilter - Request completed event="request_completed" correlationId="004fdb74-deb4-4c86-9fbd-8805644abfa4" status="200"
[WebServer] 2026-09-06T17:36:13.080Z INFO  application=marketops-server environment=local buildVersion=0.1.0-SNAPSHOT correlationId=8ed5297b-fc22-40e3-bde8-27beb3a2bf27 c.m.m.s.i.c.CorrelationIdFilter - Request completed event="request_completed" correlationId="8ed5297b-fc22-40e3-bde8-27beb3a2bf27" status="200"
[WebServer] 2026-09-06T17:36:13.105Z INFO  application=marketops-server environment=local buildVersion=0.1.0-SNAPSHOT correlationId=408f7996-1c47-4a6b-b5eb-8cb99ad0910a c.m.m.s.i.c.CorrelationIdFilter - Request completed event="request_completed" correlationId="408f7996-1c47-4a6b-b5eb-8cb99ad0910a" status="200"
[WebServer] 2026-09-06T17:36:13.124Z INFO  application=marketops-server environment=local buildVersion=0.1.0-SNAPSHOT correlationId=f9b5be13-af0f-43b0-b359-921645e51011 c.m.m.s.i.c.CorrelationIdFilter - Request completed event="request_completed" correlationId="f9b5be13-af0f-43b0-b359-921645e51011" status="200"
[WebServer] 2026-09-06T17:36:13.125Z INFO  application=marketops-server environment=local buildVersion=0.1.0-SNAPSHOT correlationId=3da729e5-ce48-46d6-b9ad-ec6a19ce8e18 c.m.m.a.i.a.JdbcMetadataAuditStore - Metadata change recorded event="metadata_change_recorded" sourceDomain="advertisingefficiency" entityType="advertising_command" entityId="8726e2a0-b334-4f9c-9dd7-7c99173a65cb" action="READ" actorId="78581708-e1d2-4db4-8635-c7fe8bfe48b1" correlationId="3da729e5-ce48-46d6-b9ad-ec6a19ce8e18"
[WebServer] 2026-09-06T17:36:13.137Z INFO  application=marketops-server environment=local buildVersion=0.1.0-SNAPSHOT correlationId=3da729e5-ce48-46d6-b9ad-ec6a19ce8e18 c.m.m.s.i.c.CorrelationIdFilter - Request completed event="request_completed" correlationId="3da729e5-ce48-46d6-b9ad-ec6a19ce8e18" status="200"
[WebServer] 2026-09-06T17:36:13.153Z INFO  application=marketops-server environment=local buildVersion=0.1.0-SNAPSHOT correlationId=89b70d9a-4feb-4a47-8b39-0ea2b208d460 c.m.m.s.i.c.CorrelationIdFilter - Request completed event="request_completed" correlationId="89b70d9a-4feb-4a47-8b39-0ea2b208d460" status="200"
[WebServer] 2026-09-06T17:36:13.155Z INFO  application=marketops-server environment=local buildVersion=0.1.0-SNAPSHOT correlationId=24d231cc-adff-40c9-903a-809b5bf68057 c.m.m.a.i.a.JdbcMetadataAuditStore - Metadata change recorded event="metadata_change_recorded" sourceDomain="advertisingefficiency" entityType="advertising_outcome" entityId="8726e2a0-b334-4f9c-9dd7-7c99173a65cb" action="READ" actorId="78581708-e1d2-4db4-8635-c7fe8bfe48b1" correlationId="24d231cc-adff-40c9-903a-809b5bf68057"
[WebServer] 2026-09-06T17:36:13.156Z INFO  application=marketops-server environment=local buildVersion=0.1.0-SNAPSHOT correlationId=24d231cc-adff-40c9-903a-809b5bf68057 c.m.m.s.i.c.CorrelationIdFilter - Request completed event="request_completed" correlationId="24d231cc-adff-40c9-903a-809b5bf68057" status="200"
  ✓   9 tests/advertising-browser/governed-advertising.spec.ts:726:3 › HISTORY_MISMATCH preserves actual HTTP command history, unresolved state and separate outcomes (742ms)
[WebServer] 2026-09-06T17:36:13.694Z INFO  application=marketops-server environment=local buildVersion=0.1.0-SNAPSHOT correlationId=9542925c-17e3-462f-bd1d-7fe98b507fc7 c.m.m.a.i.a.JdbcMetadataAuditStore - Metadata change recorded event="metadata_change_recorded" sourceDomain="advertisingefficiency" entityType="advertising_containments" entityId="dfcc3949-d160-41b1-a90f-5f2136c22880" action="READ" actorId="c5f317c0-1073-4012-870d-15d0fdf97e14" correlationId="9542925c-17e3-462f-bd1d-7fe98b507fc7"
[WebServer] 2026-09-06T17:36:13.697Z INFO  application=marketops-server environment=local buildVersion=0.1.0-SNAPSHOT correlationId=b578649a-6800-4149-b716-d25ea3b2f2d8 c.m.m.s.i.c.CorrelationIdFilter - Request completed event="request_completed" correlationId="b578649a-6800-4149-b716-d25ea3b2f2d8" status="200"
[WebServer] 2026-09-06T17:36:13.699Z INFO  application=marketops-server environment=local buildVersion=0.1.0-SNAPSHOT correlationId=33a4cfd0-aa1e-46dd-bb21-addfab5cbe06 c.m.m.a.i.a.JdbcMetadataAuditStore - Metadata change recorded event="metadata_change_recorded" sourceDomain="availabilityrisk" entityType="availability_queue" entityId="dfcc3949-d160-41b1-a90f-5f2136c22880" action="READ" actorId="c5f317c0-1073-4012-870d-15d0fdf97e14" correlationId="33a4cfd0-aa1e-46dd-bb21-addfab5cbe06"
[WebServer] 2026-09-06T17:36:13.700Z INFO  application=marketops-server environment=local buildVersion=0.1.0-SNAPSHOT correlationId=d61d20c2-1d33-4ff8-9696-8d25e714954c c.m.m.s.i.e.ConsoleProblemAdvice - Console request refused event="console_request_refused" errorCode="RESOURCE_NOT_FOUND" correlationId="d61d20c2-1d33-4ff8-9696-8d25e714954c"
[WebServer] 2026-09-06T17:36:13.700Z INFO  application=marketops-server environment=local buildVersion=0.1.0-SNAPSHOT correlationId=d61d20c2-1d33-4ff8-9696-8d25e714954c c.m.m.s.i.c.CorrelationIdFilter - Request completed event="request_completed" correlationId="d61d20c2-1d33-4ff8-9696-8d25e714954c" status="404"
[WebServer] 2026-09-06T17:36:13.701Z INFO  application=marketops-server environment=local buildVersion=0.1.0-SNAPSHOT correlationId=33a4cfd0-aa1e-46dd-bb21-addfab5cbe06 c.m.m.s.i.c.CorrelationIdFilter - Request completed event="request_completed" correlationId="33a4cfd0-aa1e-46dd-bb21-addfab5cbe06" status="200"
[WebServer] 2026-09-06T17:36:13.704Z INFO  application=marketops-server environment=local buildVersion=0.1.0-SNAPSHOT correlationId=d121507d-f5a7-4e62-a3e4-26a091339fef c.m.m.a.i.a.JdbcMetadataAuditStore - Metadata change recorded event="metadata_change_recorded" sourceDomain="advertisingefficiency" entityType="advertising_reservations" entityId="dfcc3949-d160-41b1-a90f-5f2136c22880" action="READ" actorId="c5f317c0-1073-4012-870d-15d0fdf97e14" correlationId="d121507d-f5a7-4e62-a3e4-26a091339fef"
[WebServer] 2026-09-06T17:36:13.704Z INFO  application=marketops-server environment=local buildVersion=0.1.0-SNAPSHOT correlationId=497141dc-43aa-4efc-b696-c4d58feb5f83 c.m.m.s.i.e.ConsoleProblemAdvice - Console request refused event="console_request_refused" errorCode="RESOURCE_SCOPE_DENIED" correlationId="497141dc-43aa-4efc-b696-c4d58feb5f83"
[WebServer] 2026-09-06T17:36:13.704Z INFO  application=marketops-server environment=local buildVersion=0.1.0-SNAPSHOT correlationId=497141dc-43aa-4efc-b696-c4d58feb5f83 c.m.m.s.i.c.CorrelationIdFilter - Request completed event="request_completed" correlationId="497141dc-43aa-4efc-b696-c4d58feb5f83" status="403"
[WebServer] 2026-09-06T17:36:13.718Z INFO  application=marketops-server environment=local buildVersion=0.1.0-SNAPSHOT correlationId=29742766-8d78-4758-8764-e53753c92eea c.m.m.a.i.a.JdbcMetadataAuditStore - Metadata change recorded event="metadata_change_recorded" sourceDomain="advertisingefficiency" entityType="advertising_exposure" entityId="dfcc3949-d160-41b1-a90f-5f2136c22880" action="READ" actorId="c5f317c0-1073-4012-870d-15d0fdf97e14" correlationId="29742766-8d78-4758-8764-e53753c92eea"
[WebServer] 2026-09-06T17:36:13.720Z INFO  application=marketops-server environment=local buildVersion=0.1.0-SNAPSHOT correlationId=29742766-8d78-4758-8764-e53753c92eea c.m.m.s.i.c.CorrelationIdFilter - Request completed event="request_completed" correlationId="29742766-8d78-4758-8764-e53753c92eea" status="200"
[WebServer] 2026-09-06T17:36:13.722Z INFO  application=marketops-server environment=local buildVersion=0.1.0-SNAPSHOT correlationId=9542925c-17e3-462f-bd1d-7fe98b507fc7 c.m.m.s.i.c.CorrelationIdFilter - Request completed event="request_completed" correlationId="9542925c-17e3-462f-bd1d-7fe98b507fc7" status="200"
[WebServer] 2026-09-06T17:36:13.725Z INFO  application=marketops-server environment=local buildVersion=0.1.0-SNAPSHOT correlationId=2001468d-0479-4cde-ac6b-1b7acdc5ef44 c.m.m.s.i.e.ConsoleProblemAdvice - Console request refused event="console_request_refused" errorCode="RESOURCE_SCOPE_DENIED" correlationId="2001468d-0479-4cde-ac6b-1b7acdc5ef44"
[WebServer] 2026-09-06T17:36:13.725Z INFO  application=marketops-server environment=local buildVersion=0.1.0-SNAPSHOT correlationId=2001468d-0479-4cde-ac6b-1b7acdc5ef44 c.m.m.s.i.c.CorrelationIdFilter - Request completed event="request_completed" correlationId="2001468d-0479-4cde-ac6b-1b7acdc5ef44" status="403"
[WebServer] 2026-09-06T17:36:13.730Z INFO  application=marketops-server environment=local buildVersion=0.1.0-SNAPSHOT correlationId=84f85ea5-41d5-4b87-88d3-ab60f18d833d c.m.m.a.i.a.JdbcMetadataAuditStore - Metadata change recorded event="metadata_change_recorded" sourceDomain="advertisingefficiency" entityType="advertising_queue" entityId="dfcc3949-d160-41b1-a90f-5f2136c22880" action="READ" actorId="c5f317c0-1073-4012-870d-15d0fdf97e14" correlationId="84f85ea5-41d5-4b87-88d3-ab60f18d833d"
[WebServer] 2026-09-06T17:36:13.734Z INFO  application=marketops-server environment=local buildVersion=0.1.0-SNAPSHOT correlationId=d121507d-f5a7-4e62-a3e4-26a091339fef c.m.m.s.i.c.CorrelationIdFilter - Request completed event="request_completed" correlationId="d121507d-f5a7-4e62-a3e4-26a091339fef" status="200"
[WebServer] 2026-09-06T17:36:13.744Z INFO  application=marketops-server environment=local buildVersion=0.1.0-SNAPSHOT correlationId=84f85ea5-41d5-4b87-88d3-ab60f18d833d c.m.m.s.i.c.CorrelationIdFilter - Request completed event="request_completed" correlationId="84f85ea5-41d5-4b87-88d3-ab60f18d833d" status="200"
[WebServer] 2026-09-06T17:36:13.748Z INFO  application=marketops-server environment=local buildVersion=0.1.0-SNAPSHOT correlationId=db37e5be-f14c-4949-905a-6aa3bbe66c28 c.m.m.a.i.a.JdbcMetadataAuditStore - Metadata change recorded event="metadata_change_recorded" sourceDomain="advertisingefficiency" entityType="advertising_orchestration" entityId="dfcc3949-d160-41b1-a90f-5f2136c22880" action="READ" actorId="c5f317c0-1073-4012-870d-15d0fdf97e14" correlationId="db37e5be-f14c-4949-905a-6aa3bbe66c28"
[WebServer] 2026-09-06T17:36:13.750Z INFO  application=marketops-server environment=local buildVersion=0.1.0-SNAPSHOT correlationId=db37e5be-f14c-4949-905a-6aa3bbe66c28 c.m.m.s.i.c.CorrelationIdFilter - Request completed event="request_completed" correlationId="db37e5be-f14c-4949-905a-6aa3bbe66c28" status="200"
[WebServer] 2026-09-06T17:36:13.757Z INFO  application=marketops-server environment=local buildVersion=0.1.0-SNAPSHOT correlationId=58efa13b-73db-46a8-977c-ee782b62a9fb c.m.m.s.i.c.CorrelationIdFilter - Request completed event="request_completed" correlationId="58efa13b-73db-46a8-977c-ee782b62a9fb" status="200"
[WebServer] 2026-09-06T17:36:13.855Z INFO  application=marketops-server environment=local buildVersion=0.1.0-SNAPSHOT correlationId=78fc4171-655f-4d76-b8a8-4860489ce566 c.m.m.a.i.a.JdbcMetadataAuditStore - Metadata change recorded event="metadata_change_recorded" sourceDomain="advertisingefficiency" entityType="advertising_case" entityId="4087273a-da19-4ece-ac1b-64d8018a0083" action="READ" actorId="c5f317c0-1073-4012-870d-15d0fdf97e14" correlationId="78fc4171-655f-4d76-b8a8-4860489ce566"
[WebServer] 2026-09-06T17:36:13.873Z INFO  application=marketops-server environment=local buildVersion=0.1.0-SNAPSHOT correlationId=78fc4171-655f-4d76-b8a8-4860489ce566 c.m.m.s.i.c.CorrelationIdFilter - Request completed event="request_completed" correlationId="78fc4171-655f-4d76-b8a8-4860489ce566" status="200"
[WebServer] 2026-09-06T17:36:13.896Z INFO  application=marketops-server environment=local buildVersion=0.1.0-SNAPSHOT correlationId=6df63fab-80d9-43bc-9e6d-1851d93504e7 c.m.m.a.i.a.JdbcMetadataAuditStore - Metadata change recorded event="metadata_change_recorded" sourceDomain="advertisingefficiency" entityType="advertising_manual_packet" entityId="5c784f89-8951-46d0-aaad-e269a2ef6716" action="READ" actorId="c5f317c0-1073-4012-870d-15d0fdf97e14" correlationId="6df63fab-80d9-43bc-9e6d-1851d93504e7"
[WebServer] 2026-09-06T17:36:13.898Z INFO  application=marketops-server environment=local buildVersion=0.1.0-SNAPSHOT correlationId=6df63fab-80d9-43bc-9e6d-1851d93504e7 c.m.m.s.i.c.CorrelationIdFilter - Request completed event="request_completed" correlationId="6df63fab-80d9-43bc-9e6d-1851d93504e7" status="200"
[WebServer] 2026-09-06T17:36:13.916Z INFO  application=marketops-server environment=local buildVersion=0.1.0-SNAPSHOT correlationId=491f4e52-9727-4393-af6c-970d64342128 c.m.m.s.i.c.CorrelationIdFilter - Request completed event="request_completed" correlationId="491f4e52-9727-4393-af6c-970d64342128" status="200"
[WebServer] 2026-09-06T17:36:13.936Z INFO  application=marketops-server environment=local buildVersion=0.1.0-SNAPSHOT correlationId=31873886-8ae5-480e-8f1c-8482fd0ecc5f c.m.m.s.i.c.CorrelationIdFilter - Request completed event="request_completed" correlationId="31873886-8ae5-480e-8f1c-8482fd0ecc5f" status="200"
[WebServer] 2026-09-06T17:36:13.957Z INFO  application=marketops-server environment=local buildVersion=0.1.0-SNAPSHOT correlationId=0112c4e9-4cbf-437e-8605-d4f057c90243 c.m.m.s.i.c.CorrelationIdFilter - Request completed event="request_completed" correlationId="0112c4e9-4cbf-437e-8605-d4f057c90243" status="200"
[WebServer] 2026-09-06T17:36:13.959Z INFO  application=marketops-server environment=local buildVersion=0.1.0-SNAPSHOT correlationId=42ea6b1f-0e72-47c6-9f46-878d75d0bf67 c.m.m.a.i.a.JdbcMetadataAuditStore - Metadata change recorded event="metadata_change_recorded" sourceDomain="advertisingefficiency" entityType="advertising_command" entityId="280c5f15-da0e-47b7-8f66-42d803e8eeca" action="READ" actorId="c5f317c0-1073-4012-870d-15d0fdf97e14" correlationId="42ea6b1f-0e72-47c6-9f46-878d75d0bf67"
[WebServer] 2026-09-06T17:36:13.979Z INFO  application=marketops-server environment=local buildVersion=0.1.0-SNAPSHOT correlationId=42ea6b1f-0e72-47c6-9f46-878d75d0bf67 c.m.m.s.i.c.CorrelationIdFilter - Request completed event="request_completed" correlationId="42ea6b1f-0e72-47c6-9f46-878d75d0bf67" status="200"
[WebServer] 2026-09-06T17:36:14.007Z INFO  application=marketops-server environment=local buildVersion=0.1.0-SNAPSHOT correlationId=23184d14-940a-4456-9247-e83198d8caac c.m.m.s.i.c.CorrelationIdFilter - Request completed event="request_completed" correlationId="23184d14-940a-4456-9247-e83198d8caac" status="200"
[WebServer] 2026-09-06T17:36:14.014Z INFO  application=marketops-server environment=local buildVersion=0.1.0-SNAPSHOT correlationId=8995024b-3850-464d-bdad-2a0698ff48bc c.m.m.a.i.a.JdbcMetadataAuditStore - Metadata change recorded event="metadata_change_recorded" sourceDomain="advertisingefficiency" entityType="advertising_outcome" entityId="280c5f15-da0e-47b7-8f66-42d803e8eeca" action="READ" actorId="c5f317c0-1073-4012-870d-15d0fdf97e14" correlationId="8995024b-3850-464d-bdad-2a0698ff48bc"
[WebServer] 2026-09-06T17:36:14.045Z INFO  application=marketops-server environment=local buildVersion=0.1.0-SNAPSHOT correlationId=8995024b-3850-464d-bdad-2a0698ff48bc c.m.m.s.i.c.CorrelationIdFilter - Request completed event="request_completed" correlationId="8995024b-3850-464d-bdad-2a0698ff48bc" status="200"
  ✓  10 tests/advertising-browser/governed-advertising.spec.ts:726:3 › HISTORY_REGRESSION preserves actual HTTP command history, unresolved state and separate outcomes (959ms)
[WebServer] 2026-09-06T17:36:14.655Z INFO  application=marketops-server environment=local buildVersion=0.1.0-SNAPSHOT correlationId=53878caf-8495-48dd-ba5e-3b3daf710d87 c.m.m.s.i.c.CorrelationIdFilter - Request completed event="request_completed" correlationId="53878caf-8495-48dd-ba5e-3b3daf710d87" status="200"
[WebServer] 2026-09-06T17:36:14.663Z INFO  application=marketops-server environment=local buildVersion=0.1.0-SNAPSHOT correlationId=9d9ac0bd-c7e9-4e59-ac4a-ce5e00851e3e c.m.m.a.i.a.JdbcMetadataAuditStore - Metadata change recorded event="metadata_change_recorded" sourceDomain="advertisingefficiency" entityType="advertising_reservations" entityId="063a776a-d560-4444-92cf-7585713cb8cf" action="READ" actorId="f3ce336f-afad-4184-9451-38b496f4a957" correlationId="9d9ac0bd-c7e9-4e59-ac4a-ce5e00851e3e"
[WebServer] 2026-09-06T17:36:14.663Z INFO  application=marketops-server environment=local buildVersion=0.1.0-SNAPSHOT correlationId=ac4ad814-0882-4c1b-aa1e-b4005e86c0f1 c.m.m.s.i.e.ConsoleProblemAdvice - Console request refused event="console_request_refused" errorCode="RESOURCE_NOT_FOUND" correlationId="ac4ad814-0882-4c1b-aa1e-b4005e86c0f1"
[WebServer] 2026-09-06T17:36:14.664Z INFO  application=marketops-server environment=local buildVersion=0.1.0-SNAPSHOT correlationId=ac4ad814-0882-4c1b-aa1e-b4005e86c0f1 c.m.m.s.i.c.CorrelationIdFilter - Request completed event="request_completed" correlationId="ac4ad814-0882-4c1b-aa1e-b4005e86c0f1" status="404"
[WebServer] 2026-09-06T17:36:14.668Z INFO  application=marketops-server environment=local buildVersion=0.1.0-SNAPSHOT correlationId=081e5fa2-7f56-4c20-8d8c-8e61414a4353 c.m.m.a.i.a.JdbcMetadataAuditStore - Metadata change recorded event="metadata_change_recorded" sourceDomain="advertisingefficiency" entityType="advertising_containments" entityId="063a776a-d560-4444-92cf-7585713cb8cf" action="READ" actorId="f3ce336f-afad-4184-9451-38b496f4a957" correlationId="081e5fa2-7f56-4c20-8d8c-8e61414a4353"
[WebServer] 2026-09-06T17:36:14.682Z INFO  application=marketops-server environment=local buildVersion=0.1.0-SNAPSHOT correlationId=ef32c28e-df9d-4cfd-9a3a-0ded261598f3 c.m.m.a.i.a.JdbcMetadataAuditStore - Metadata change recorded event="metadata_change_recorded" sourceDomain="availabilityrisk" entityType="availability_queue" entityId="063a776a-d560-4444-92cf-7585713cb8cf" action="READ" actorId="f3ce336f-afad-4184-9451-38b496f4a957" correlationId="ef32c28e-df9d-4cfd-9a3a-0ded261598f3"
[WebServer] 2026-09-06T17:36:14.685Z INFO  application=marketops-server environment=local buildVersion=0.1.0-SNAPSHOT correlationId=501b4dc7-c690-4a29-9ed9-3a9e9a2eb52a c.m.m.s.i.e.ConsoleProblemAdvice - Console request refused event="console_request_refused" errorCode="RESOURCE_SCOPE_DENIED" correlationId="501b4dc7-c690-4a29-9ed9-3a9e9a2eb52a"
[WebServer] 2026-09-06T17:36:14.685Z INFO  application=marketops-server environment=local buildVersion=0.1.0-SNAPSHOT correlationId=ef32c28e-df9d-4cfd-9a3a-0ded261598f3 c.m.m.s.i.c.CorrelationIdFilter - Request completed event="request_completed" correlationId="ef32c28e-df9d-4cfd-9a3a-0ded261598f3" status="200"
[WebServer] 2026-09-06T17:36:14.686Z INFO  application=marketops-server environment=local buildVersion=0.1.0-SNAPSHOT correlationId=501b4dc7-c690-4a29-9ed9-3a9e9a2eb52a c.m.m.s.i.c.CorrelationIdFilter - Request completed event="request_completed" correlationId="501b4dc7-c690-4a29-9ed9-3a9e9a2eb52a" status="403"
[WebServer] 2026-09-06T17:36:14.692Z INFO  application=marketops-server environment=local buildVersion=0.1.0-SNAPSHOT correlationId=081e5fa2-7f56-4c20-8d8c-8e61414a4353 c.m.m.s.i.c.CorrelationIdFilter - Request completed event="request_completed" correlationId="081e5fa2-7f56-4c20-8d8c-8e61414a4353" status="200"
[WebServer] 2026-09-06T17:36:14.711Z INFO  application=marketops-server environment=local buildVersion=0.1.0-SNAPSHOT correlationId=28a1fc15-2e60-42ef-97b5-6f7ab52d9ae8 c.m.m.s.i.e.ConsoleProblemAdvice - Console request refused event="console_request_refused" errorCode="RESOURCE_SCOPE_DENIED" correlationId="28a1fc15-2e60-42ef-97b5-6f7ab52d9ae8"
[WebServer] 2026-09-06T17:36:14.711Z INFO  application=marketops-server environment=local buildVersion=0.1.0-SNAPSHOT correlationId=28a1fc15-2e60-42ef-97b5-6f7ab52d9ae8 c.m.m.s.i.c.CorrelationIdFilter - Request completed event="request_completed" correlationId="28a1fc15-2e60-42ef-97b5-6f7ab52d9ae8" status="403"
[WebServer] 2026-09-06T17:36:14.712Z INFO  application=marketops-server environment=local buildVersion=0.1.0-SNAPSHOT correlationId=b458482f-5cc4-495c-aad0-dab4ef836344 c.m.m.a.i.a.JdbcMetadataAuditStore - Metadata change recorded event="metadata_change_recorded" sourceDomain="advertisingefficiency" entityType="advertising_queue" entityId="063a776a-d560-4444-92cf-7585713cb8cf" action="READ" actorId="f3ce336f-afad-4184-9451-38b496f4a957" correlationId="b458482f-5cc4-495c-aad0-dab4ef836344"
[WebServer] 2026-09-06T17:36:14.716Z INFO  application=marketops-server environment=local buildVersion=0.1.0-SNAPSHOT correlationId=fbefaba0-76f0-41cb-b744-8947ed52195c c.m.m.a.i.a.JdbcMetadataAuditStore - Metadata change recorded event="metadata_change_recorded" sourceDomain="advertisingefficiency" entityType="advertising_exposure" entityId="063a776a-d560-4444-92cf-7585713cb8cf" action="READ" actorId="f3ce336f-afad-4184-9451-38b496f4a957" correlationId="fbefaba0-76f0-41cb-b744-8947ed52195c"
[WebServer] 2026-09-06T17:36:14.717Z INFO  application=marketops-server environment=local buildVersion=0.1.0-SNAPSHOT correlationId=9d9ac0bd-c7e9-4e59-ac4a-ce5e00851e3e c.m.m.s.i.c.CorrelationIdFilter - Request completed event="request_completed" correlationId="9d9ac0bd-c7e9-4e59-ac4a-ce5e00851e3e" status="200"
[WebServer] 2026-09-06T17:36:14.718Z INFO  application=marketops-server environment=local buildVersion=0.1.0-SNAPSHOT correlationId=fbefaba0-76f0-41cb-b744-8947ed52195c c.m.m.s.i.c.CorrelationIdFilter - Request completed event="request_completed" correlationId="fbefaba0-76f0-41cb-b744-8947ed52195c" status="200"
[WebServer] 2026-09-06T17:36:14.726Z INFO  application=marketops-server environment=local buildVersion=0.1.0-SNAPSHOT correlationId=b458482f-5cc4-495c-aad0-dab4ef836344 c.m.m.s.i.c.CorrelationIdFilter - Request completed event="request_completed" correlationId="b458482f-5cc4-495c-aad0-dab4ef836344" status="200"
[WebServer] 2026-09-06T17:36:14.734Z INFO  application=marketops-server environment=local buildVersion=0.1.0-SNAPSHOT correlationId=111be37a-fa90-4bec-b289-2d1083dbe4b9 c.m.m.a.i.a.JdbcMetadataAuditStore - Metadata change recorded event="metadata_change_recorded" sourceDomain="advertisingefficiency" entityType="advertising_orchestration" entityId="063a776a-d560-4444-92cf-7585713cb8cf" action="READ" actorId="f3ce336f-afad-4184-9451-38b496f4a957" correlationId="111be37a-fa90-4bec-b289-2d1083dbe4b9"
[WebServer] 2026-09-06T17:36:14.735Z INFO  application=marketops-server environment=local buildVersion=0.1.0-SNAPSHOT correlationId=111be37a-fa90-4bec-b289-2d1083dbe4b9 c.m.m.s.i.c.CorrelationIdFilter - Request completed event="request_completed" correlationId="111be37a-fa90-4bec-b289-2d1083dbe4b9" status="200"
[WebServer] 2026-09-06T17:36:14.736Z INFO  application=marketops-server environment=local buildVersion=0.1.0-SNAPSHOT correlationId=01f0894c-7254-4619-aadf-9776c14d5c5a c.m.m.s.i.c.CorrelationIdFilter - Request completed event="request_completed" correlationId="01f0894c-7254-4619-aadf-9776c14d5c5a" status="200"
[WebServer] 2026-09-06T17:36:14.826Z INFO  application=marketops-server environment=local buildVersion=0.1.0-SNAPSHOT correlationId=f405896d-7dcb-4c9a-841a-02fd3f14826f c.m.m.a.i.a.JdbcMetadataAuditStore - Metadata change recorded event="metadata_change_recorded" sourceDomain="advertisingefficiency" entityType="advertising_case" entityId="0eeaddbd-1f22-4643-aae9-fd141a4a8b75" action="READ" actorId="f3ce336f-afad-4184-9451-38b496f4a957" correlationId="f405896d-7dcb-4c9a-841a-02fd3f14826f"
[WebServer] 2026-09-06T17:36:14.839Z INFO  application=marketops-server environment=local buildVersion=0.1.0-SNAPSHOT correlationId=f405896d-7dcb-4c9a-841a-02fd3f14826f c.m.m.s.i.c.CorrelationIdFilter - Request completed event="request_completed" correlationId="f405896d-7dcb-4c9a-841a-02fd3f14826f" status="200"
[WebServer] 2026-09-06T17:36:14.868Z INFO  application=marketops-server environment=local buildVersion=0.1.0-SNAPSHOT correlationId=d8b0ed9a-9bff-4033-901c-fc308d64a171 c.m.m.a.i.a.JdbcMetadataAuditStore - Metadata change recorded event="metadata_change_recorded" sourceDomain="advertisingefficiency" entityType="advertising_manual_packet" entityId="862a2939-2186-49d1-a007-cd2d2f2c136d" action="READ" actorId="f3ce336f-afad-4184-9451-38b496f4a957" correlationId="d8b0ed9a-9bff-4033-901c-fc308d64a171"
[WebServer] 2026-09-06T17:36:14.871Z INFO  application=marketops-server environment=local buildVersion=0.1.0-SNAPSHOT correlationId=d8b0ed9a-9bff-4033-901c-fc308d64a171 c.m.m.s.i.c.CorrelationIdFilter - Request completed event="request_completed" correlationId="d8b0ed9a-9bff-4033-901c-fc308d64a171" status="200"
[WebServer] 2026-09-06T17:36:14.898Z INFO  application=marketops-server environment=local buildVersion=0.1.0-SNAPSHOT correlationId=92dced58-50c6-45cd-96a6-04fa18f19bce c.m.m.s.i.c.CorrelationIdFilter - Request completed event="request_completed" correlationId="92dced58-50c6-45cd-96a6-04fa18f19bce" status="200"
[WebServer] 2026-09-06T17:36:14.921Z INFO  application=marketops-server environment=local buildVersion=0.1.0-SNAPSHOT correlationId=427823b4-101c-4633-a4ff-0942a7177485 c.m.m.s.i.c.CorrelationIdFilter - Request completed event="request_completed" correlationId="427823b4-101c-4633-a4ff-0942a7177485" status="200"
[WebServer] 2026-09-06T17:36:14.944Z INFO  application=marketops-server environment=local buildVersion=0.1.0-SNAPSHOT correlationId=6419813a-144d-4b2f-9fb0-01243ba76e79 c.m.m.s.i.c.CorrelationIdFilter - Request completed event="request_completed" correlationId="6419813a-144d-4b2f-9fb0-01243ba76e79" status="200"
[WebServer] 2026-09-06T17:36:14.945Z INFO  application=marketops-server environment=local buildVersion=0.1.0-SNAPSHOT correlationId=527c0224-8561-4109-af7a-4f9353f36f4b c.m.m.a.i.a.JdbcMetadataAuditStore - Metadata change recorded event="metadata_change_recorded" sourceDomain="advertisingefficiency" entityType="advertising_command" entityId="614d8f5d-750b-4dc6-93ac-0840c0fb516a" action="READ" actorId="f3ce336f-afad-4184-9451-38b496f4a957" correlationId="527c0224-8561-4109-af7a-4f9353f36f4b"
[WebServer] 2026-09-06T17:36:14.956Z INFO  application=marketops-server environment=local buildVersion=0.1.0-SNAPSHOT correlationId=527c0224-8561-4109-af7a-4f9353f36f4b c.m.m.s.i.c.CorrelationIdFilter - Request completed event="request_completed" correlationId="527c0224-8561-4109-af7a-4f9353f36f4b" status="200"
[WebServer] 2026-09-06T17:36:14.980Z INFO  application=marketops-server environment=local buildVersion=0.1.0-SNAPSHOT correlationId=e0adf478-c0f1-47eb-b46c-0d2a2199b1d8 c.m.m.s.i.c.CorrelationIdFilter - Request completed event="request_completed" correlationId="e0adf478-c0f1-47eb-b46c-0d2a2199b1d8" status="200"
[WebServer] 2026-09-06T17:36:14.982Z INFO  application=marketops-server environment=local buildVersion=0.1.0-SNAPSHOT correlationId=08be105a-e766-47d0-a4b1-028df8d2ee58 c.m.m.a.i.a.JdbcMetadataAuditStore - Metadata change recorded event="metadata_change_recorded" sourceDomain="advertisingefficiency" entityType="advertising_outcome" entityId="614d8f5d-750b-4dc6-93ac-0840c0fb516a" action="READ" actorId="f3ce336f-afad-4184-9451-38b496f4a957" correlationId="08be105a-e766-47d0-a4b1-028df8d2ee58"
[WebServer] 2026-09-06T17:36:14.983Z INFO  application=marketops-server environment=local buildVersion=0.1.0-SNAPSHOT correlationId=08be105a-e766-47d0-a4b1-028df8d2ee58 c.m.m.s.i.c.CorrelationIdFilter - Request completed event="request_completed" correlationId="08be105a-e766-47d0-a4b1-028df8d2ee58" status="200"
[WebServer] 2026-09-06T17:36:15.027Z INFO  application=marketops-server environment=local buildVersion=0.1.0-SNAPSHOT correlationId=76ba00e0-5b0c-403b-9fcc-9f4a4f3c574e c.m.m.s.i.c.CorrelationIdFilter - Request completed event="request_completed" correlationId="76ba00e0-5b0c-403b-9fcc-9f4a4f3c574e" status="200"
[WebServer] 2026-09-06T17:36:15.027Z INFO  application=marketops-server environment=local buildVersion=0.1.0-SNAPSHOT correlationId=b93401bf-93d0-469b-a8f6-6edfadf99183 c.m.m.a.i.a.JdbcMetadataAuditStore - Metadata change recorded event="metadata_change_recorded" sourceDomain="advertisingefficiency" entityType="advertising_command" entityId="614d8f5d-750b-4dc6-93ac-0840c0fb516a" action="READ" actorId="f3ce336f-afad-4184-9451-38b496f4a957" correlationId="b93401bf-93d0-469b-a8f6-6edfadf99183"
[WebServer] 2026-09-06T17:36:15.033Z INFO  application=marketops-server environment=local buildVersion=0.1.0-SNAPSHOT correlationId=480369f8-5a50-4e4a-88d8-ea789f086b1b c.m.m.a.i.a.JdbcMetadataAuditStore - Metadata change recorded event="metadata_change_recorded" sourceDomain="advertisingefficiency" entityType="advertising_outcome" entityId="614d8f5d-750b-4dc6-93ac-0840c0fb516a" action="READ" actorId="f3ce336f-afad-4184-9451-38b496f4a957" correlationId="480369f8-5a50-4e4a-88d8-ea789f086b1b"
[WebServer] 2026-09-06T17:36:15.035Z INFO  application=marketops-server environment=local buildVersion=0.1.0-SNAPSHOT correlationId=480369f8-5a50-4e4a-88d8-ea789f086b1b c.m.m.s.i.c.CorrelationIdFilter - Request completed event="request_completed" correlationId="480369f8-5a50-4e4a-88d8-ea789f086b1b" status="200"
[WebServer] 2026-09-06T17:36:15.049Z INFO  application=marketops-server environment=local buildVersion=0.1.0-SNAPSHOT correlationId=b93401bf-93d0-469b-a8f6-6edfadf99183 c.m.m.s.i.c.CorrelationIdFilter - Request completed event="request_completed" correlationId="b93401bf-93d0-469b-a8f6-6edfadf99183" status="200"
  ✓  11 tests/advertising-browser/governed-advertising.spec.ts:726:3 › HISTORY_EXPIRED preserves actual HTTP command history, unresolved state and separate outcomes (783ms)
[WebServer] 2026-09-06T17:36:15.439Z INFO  application=marketops-server environment=local buildVersion=0.1.0-SNAPSHOT correlationId=05585879-f7db-4840-87ee-c47f36159494 c.m.m.s.i.c.CorrelationIdFilter - Request completed event="request_completed" correlationId="05585879-f7db-4840-87ee-c47f36159494" status="200"
[WebServer] 2026-09-06T17:36:15.469Z INFO  application=marketops-server environment=local buildVersion=0.1.0-SNAPSHOT correlationId=ae236879-288f-43ea-adf1-6c9af8bfa107 c.m.m.a.i.a.JdbcMetadataAuditStore - Metadata change recorded event="metadata_change_recorded" sourceDomain="advertisingefficiency" entityType="advertising_reservations" entityId="0accaa4e-2638-40c4-b191-1380008d06c5" action="READ" actorId="97181c81-ecfd-4548-840e-036fe80c78b8" correlationId="ae236879-288f-43ea-adf1-6c9af8bfa107"
[WebServer] 2026-09-06T17:36:15.470Z INFO  application=marketops-server environment=local buildVersion=0.1.0-SNAPSHOT correlationId=ae236879-288f-43ea-adf1-6c9af8bfa107 c.m.m.s.i.c.CorrelationIdFilter - Request completed event="request_completed" correlationId="ae236879-288f-43ea-adf1-6c9af8bfa107" status="200"
[WebServer] 2026-09-06T17:36:15.473Z INFO  application=marketops-server environment=local buildVersion=0.1.0-SNAPSHOT correlationId=eda32d43-c7d1-4677-beb4-eb98c68905cf c.m.m.s.i.e.ConsoleProblemAdvice - Console request refused event="console_request_refused" errorCode="RESOURCE_SCOPE_DENIED" correlationId="eda32d43-c7d1-4677-beb4-eb98c68905cf"
[WebServer] 2026-09-06T17:36:15.474Z INFO  application=marketops-server environment=local buildVersion=0.1.0-SNAPSHOT correlationId=eda32d43-c7d1-4677-beb4-eb98c68905cf c.m.m.s.i.c.CorrelationIdFilter - Request completed event="request_completed" correlationId="eda32d43-c7d1-4677-beb4-eb98c68905cf" status="403"
[WebServer] 2026-09-06T17:36:15.477Z INFO  application=marketops-server environment=local buildVersion=0.1.0-SNAPSHOT correlationId=f2afc802-8802-4d11-b32e-4b16180c6c49 c.m.m.s.i.e.ConsoleProblemAdvice - Console request refused event="console_request_refused" errorCode="RESOURCE_NOT_FOUND" correlationId="f2afc802-8802-4d11-b32e-4b16180c6c49"
[WebServer] 2026-09-06T17:36:15.478Z INFO  application=marketops-server environment=local buildVersion=0.1.0-SNAPSHOT correlationId=f2afc802-8802-4d11-b32e-4b16180c6c49 c.m.m.s.i.c.CorrelationIdFilter - Request completed event="request_completed" correlationId="f2afc802-8802-4d11-b32e-4b16180c6c49" status="404"
[WebServer] 2026-09-06T17:36:15.479Z INFO  application=marketops-server environment=local buildVersion=0.1.0-SNAPSHOT correlationId=a3f057ca-8550-4e6d-aa09-5c385715a739 c.m.m.a.i.a.JdbcMetadataAuditStore - Metadata change recorded event="metadata_change_recorded" sourceDomain="availabilityrisk" entityType="availability_queue" entityId="0accaa4e-2638-40c4-b191-1380008d06c5" action="READ" actorId="97181c81-ecfd-4548-840e-036fe80c78b8" correlationId="a3f057ca-8550-4e6d-aa09-5c385715a739"
[WebServer] 2026-09-06T17:36:15.485Z INFO  application=marketops-server environment=local buildVersion=0.1.0-SNAPSHOT correlationId=a3f057ca-8550-4e6d-aa09-5c385715a739 c.m.m.s.i.c.CorrelationIdFilter - Request completed event="request_completed" correlationId="a3f057ca-8550-4e6d-aa09-5c385715a739" status="200"
[WebServer] 2026-09-06T17:36:15.486Z INFO  application=marketops-server environment=local buildVersion=0.1.0-SNAPSHOT correlationId=74df986f-de7f-45f4-9b1f-dfd965f5be1a c.m.m.a.i.a.JdbcMetadataAuditStore - Metadata change recorded event="metadata_change_recorded" sourceDomain="advertisingefficiency" entityType="advertising_containments" entityId="0accaa4e-2638-40c4-b191-1380008d06c5" action="READ" actorId="97181c81-ecfd-4548-840e-036fe80c78b8" correlationId="74df986f-de7f-45f4-9b1f-dfd965f5be1a"
[WebServer] 2026-09-06T17:36:15.487Z INFO  application=marketops-server environment=local buildVersion=0.1.0-SNAPSHOT correlationId=3b137b2b-a57d-48a6-94d3-b21759e5127f c.m.m.a.i.a.JdbcMetadataAuditStore - Metadata change recorded event="metadata_change_recorded" sourceDomain="advertisingefficiency" entityType="advertising_exposure" entityId="0accaa4e-2638-40c4-b191-1380008d06c5" action="READ" actorId="97181c81-ecfd-4548-840e-036fe80c78b8" correlationId="3b137b2b-a57d-48a6-94d3-b21759e5127f"
[WebServer] 2026-09-06T17:36:15.490Z INFO  application=marketops-server environment=local buildVersion=0.1.0-SNAPSHOT correlationId=3b137b2b-a57d-48a6-94d3-b21759e5127f c.m.m.s.i.c.CorrelationIdFilter - Request completed event="request_completed" correlationId="3b137b2b-a57d-48a6-94d3-b21759e5127f" status="200"
[WebServer] 2026-09-06T17:36:15.501Z INFO  application=marketops-server environment=local buildVersion=0.1.0-SNAPSHOT correlationId=b649cfac-c11c-4bb9-850d-bf47fec28317 c.m.m.s.i.e.ConsoleProblemAdvice - Console request refused event="console_request_refused" errorCode="RESOURCE_SCOPE_DENIED" correlationId="b649cfac-c11c-4bb9-850d-bf47fec28317"
[WebServer] 2026-09-06T17:36:15.501Z INFO  application=marketops-server environment=local buildVersion=0.1.0-SNAPSHOT correlationId=b649cfac-c11c-4bb9-850d-bf47fec28317 c.m.m.s.i.c.CorrelationIdFilter - Request completed event="request_completed" correlationId="b649cfac-c11c-4bb9-850d-bf47fec28317" status="403"
[WebServer] 2026-09-06T17:36:15.501Z INFO  application=marketops-server environment=local buildVersion=0.1.0-SNAPSHOT correlationId=74df986f-de7f-45f4-9b1f-dfd965f5be1a c.m.m.s.i.c.CorrelationIdFilter - Request completed event="request_completed" correlationId="74df986f-de7f-45f4-9b1f-dfd965f5be1a" status="200"
[WebServer] 2026-09-06T17:36:15.506Z INFO  application=marketops-server environment=local buildVersion=0.1.0-SNAPSHOT correlationId=2a4be212-e9da-4fec-bcd0-7a64a32229a4 c.m.m.a.i.a.JdbcMetadataAuditStore - Metadata change recorded event="metadata_change_recorded" sourceDomain="advertisingefficiency" entityType="advertising_queue" entityId="0accaa4e-2638-40c4-b191-1380008d06c5" action="READ" actorId="97181c81-ecfd-4548-840e-036fe80c78b8" correlationId="2a4be212-e9da-4fec-bcd0-7a64a32229a4"
[WebServer] 2026-09-06T17:36:15.526Z INFO  application=marketops-server environment=local buildVersion=0.1.0-SNAPSHOT correlationId=36cac4d6-9308-448d-9086-0104cba817d0 c.m.m.a.i.a.JdbcMetadataAuditStore - Metadata change recorded event="metadata_change_recorded" sourceDomain="advertisingefficiency" entityType="advertising_orchestration" entityId="0accaa4e-2638-40c4-b191-1380008d06c5" action="READ" actorId="97181c81-ecfd-4548-840e-036fe80c78b8" correlationId="36cac4d6-9308-448d-9086-0104cba817d0"
[WebServer] 2026-09-06T17:36:15.534Z INFO  application=marketops-server environment=local buildVersion=0.1.0-SNAPSHOT correlationId=36cac4d6-9308-448d-9086-0104cba817d0 c.m.m.s.i.c.CorrelationIdFilter - Request completed event="request_completed" correlationId="36cac4d6-9308-448d-9086-0104cba817d0" status="200"
[WebServer] 2026-09-06T17:36:15.555Z INFO  application=marketops-server environment=local buildVersion=0.1.0-SNAPSHOT correlationId=9f38fe42-e7d7-414a-b736-97cbab0daffd c.m.m.s.i.c.CorrelationIdFilter - Request completed event="request_completed" correlationId="9f38fe42-e7d7-414a-b736-97cbab0daffd" status="200"
[WebServer] 2026-09-06T17:36:15.995Z INFO  application=marketops-server environment=local buildVersion=0.1.0-SNAPSHOT correlationId=2a4be212-e9da-4fec-bcd0-7a64a32229a4 c.m.m.s.i.c.CorrelationIdFilter - Request completed event="request_completed" correlationId="2a4be212-e9da-4fec-bcd0-7a64a32229a4" status="200"
[WebServer] 2026-09-06T17:36:16.759Z INFO  application=marketops-server environment=local buildVersion=0.1.0-SNAPSHOT correlationId=c41f7ede-112e-401e-8042-b04068abd68c c.m.m.a.i.a.JdbcMetadataAuditStore - Metadata change recorded event="metadata_change_recorded" sourceDomain="advertisingefficiency" entityType="advertising_case" entityId="e080a1d2-d26e-41b1-86e8-f1b48bac321f" action="READ" actorId="97181c81-ecfd-4548-840e-036fe80c78b8" correlationId="c41f7ede-112e-401e-8042-b04068abd68c"
[WebServer] 2026-09-06T17:36:16.772Z INFO  application=marketops-server environment=local buildVersion=0.1.0-SNAPSHOT correlationId=c41f7ede-112e-401e-8042-b04068abd68c c.m.m.s.i.c.CorrelationIdFilter - Request completed event="request_completed" correlationId="c41f7ede-112e-401e-8042-b04068abd68c" status="200"
[WebServer] 2026-09-06T17:36:16.794Z INFO  application=marketops-server environment=local buildVersion=0.1.0-SNAPSHOT correlationId=f7af4936-67e5-45c0-b6db-a57222470412 c.m.m.a.i.a.JdbcMetadataAuditStore - Metadata change recorded event="metadata_change_recorded" sourceDomain="advertisingefficiency" entityType="advertising_manual_packet" entityId="0373d89a-cece-4837-95a2-c78e8b3d6773" action="READ" actorId="97181c81-ecfd-4548-840e-036fe80c78b8" correlationId="f7af4936-67e5-45c0-b6db-a57222470412"
[WebServer] 2026-09-06T17:36:16.795Z INFO  application=marketops-server environment=local buildVersion=0.1.0-SNAPSHOT correlationId=f7af4936-67e5-45c0-b6db-a57222470412 c.m.m.s.i.c.CorrelationIdFilter - Request completed event="request_completed" correlationId="f7af4936-67e5-45c0-b6db-a57222470412" status="200"
[WebServer] 2026-09-06T17:36:16.815Z INFO  application=marketops-server environment=local buildVersion=0.1.0-SNAPSHOT correlationId=f3c0736c-1909-4f57-8561-cea941302fec c.m.m.s.i.c.CorrelationIdFilter - Request completed event="request_completed" correlationId="f3c0736c-1909-4f57-8561-cea941302fec" status="200"
[WebServer] 2026-09-06T17:36:16.830Z INFO  application=marketops-server environment=local buildVersion=0.1.0-SNAPSHOT correlationId=96636c4b-ef18-48e7-92ae-6f3e1368658c c.m.m.s.i.c.CorrelationIdFilter - Request completed event="request_completed" correlationId="96636c4b-ef18-48e7-92ae-6f3e1368658c" status="200"
[WebServer] 2026-09-06T17:36:16.853Z INFO  application=marketops-server environment=local buildVersion=0.1.0-SNAPSHOT correlationId=9f3ed2c8-08b8-4646-88cc-7a596000b3e2 c.m.m.s.i.c.CorrelationIdFilter - Request completed event="request_completed" correlationId="9f3ed2c8-08b8-4646-88cc-7a596000b3e2" status="200"
[WebServer] 2026-09-06T17:36:16.997Z INFO  application=marketops-server environment=local buildVersion=0.1.0-SNAPSHOT correlationId=50012a82-2800-4031-a3fc-9de41bfdcaa4 c.m.m.s.i.c.CorrelationIdFilter - Request completed event="request_completed" correlationId="50012a82-2800-4031-a3fc-9de41bfdcaa4" status="204"
[WebServer] 2026-09-06T17:36:17.002Z DEBUG application=marketops-server environment=local buildVersion=0.1.0-SNAPSHOT correlationId=7d6b0258-2b49-430a-88a2-add05d5a8bdc c.m.m.s.i.c.CorrelationIdFilter - Inbound correlation identifier replaced event="correlation_identifier_replaced" correlationId="7d6b0258-2b49-430a-88a2-add05d5a8bdc" rejectionCategory="MISSING"
[WebServer] 2026-09-06T17:36:17.058Z INFO  application=marketops-server environment=local buildVersion=0.1.0-SNAPSHOT correlationId=d5d2ac2b-78a9-4ed3-9971-2527e28b87df c.m.m.s.i.c.CorrelationIdFilter - Request completed event="request_completed" correlationId="d5d2ac2b-78a9-4ed3-9971-2527e28b87df" status="200"
[WebServer] 2026-09-06T17:36:17.058Z INFO  application=marketops-server environment=local buildVersion=0.1.0-SNAPSHOT correlationId=7d6b0258-2b49-430a-88a2-add05d5a8bdc c.m.m.s.i.c.CorrelationIdFilter - Request completed event="request_completed" correlationId="7d6b0258-2b49-430a-88a2-add05d5a8bdc" status="200"
[WebServer] 2026-09-06T17:36:17.077Z INFO  application=marketops-server environment=local buildVersion=0.1.0-SNAPSHOT correlationId=0cf8b2de-0868-4355-a457-8b7f9fa33cb3 c.m.m.s.i.c.CorrelationIdFilter - Request completed event="request_completed" correlationId="0cf8b2de-0868-4355-a457-8b7f9fa33cb3" status="200"
[WebServer] 2026-09-06T17:36:17.238Z INFO  application=marketops-server environment=local buildVersion=0.1.0-SNAPSHOT correlationId=26e72f47-5708-4e73-9368-33930af8258a c.m.m.s.i.e.ConsoleProblemAdvice - Console request refused event="console_request_refused" errorCode="RESOURCE_NOT_FOUND" correlationId="26e72f47-5708-4e73-9368-33930af8258a"
[WebServer] 2026-09-06T17:36:17.239Z INFO  application=marketops-server environment=local buildVersion=0.1.0-SNAPSHOT correlationId=480abed1-ddc2-4af1-9ef2-3ea365e18b7e c.m.m.a.i.a.JdbcMetadataAuditStore - Metadata change recorded event="metadata_change_recorded" sourceDomain="advertisingefficiency" entityType="advertising_reservations" entityId="0accaa4e-2638-40c4-b191-1380008d06c5" action="READ" actorId="97181c81-ecfd-4548-840e-036fe80c78b8" correlationId="480abed1-ddc2-4af1-9ef2-3ea365e18b7e"
[WebServer] 2026-09-06T17:36:17.239Z INFO  application=marketops-server environment=local buildVersion=0.1.0-SNAPSHOT correlationId=f7d9b385-69ee-40e2-a628-24169650b1bd c.m.m.a.i.a.JdbcMetadataAuditStore - Metadata change recorded event="metadata_change_recorded" sourceDomain="advertisingefficiency" entityType="advertising_containments" entityId="0accaa4e-2638-40c4-b191-1380008d06c5" action="READ" actorId="97181c81-ecfd-4548-840e-036fe80c78b8" correlationId="f7d9b385-69ee-40e2-a628-24169650b1bd"
[WebServer] 2026-09-06T17:36:17.239Z INFO  application=marketops-server environment=local buildVersion=0.1.0-SNAPSHOT correlationId=26e72f47-5708-4e73-9368-33930af8258a c.m.m.s.i.c.CorrelationIdFilter - Request completed event="request_completed" correlationId="26e72f47-5708-4e73-9368-33930af8258a" status="404"
[WebServer] 2026-09-06T17:36:17.241Z INFO  application=marketops-server environment=local buildVersion=0.1.0-SNAPSHOT correlationId=722fb2b7-a86e-4282-8d55-5d32b4b1dbf6 c.m.m.s.i.e.ConsoleProblemAdvice - Console request refused event="console_request_refused" errorCode="RESOURCE_SCOPE_DENIED" correlationId="722fb2b7-a86e-4282-8d55-5d32b4b1dbf6"
[WebServer] 2026-09-06T17:36:17.241Z INFO  application=marketops-server environment=local buildVersion=0.1.0-SNAPSHOT correlationId=480abed1-ddc2-4af1-9ef2-3ea365e18b7e c.m.m.s.i.c.CorrelationIdFilter - Request completed event="request_completed" correlationId="480abed1-ddc2-4af1-9ef2-3ea365e18b7e" status="200"
[WebServer] 2026-09-06T17:36:17.241Z INFO  application=marketops-server environment=local buildVersion=0.1.0-SNAPSHOT correlationId=722fb2b7-a86e-4282-8d55-5d32b4b1dbf6 c.m.m.s.i.c.CorrelationIdFilter - Request completed event="request_completed" correlationId="722fb2b7-a86e-4282-8d55-5d32b4b1dbf6" status="403"
[WebServer] 2026-09-06T17:36:17.243Z INFO  application=marketops-server environment=local buildVersion=0.1.0-SNAPSHOT correlationId=dc295e52-acba-47e9-bf81-58df4405f9c6 c.m.m.a.i.a.JdbcMetadataAuditStore - Metadata change recorded event="metadata_change_recorded" sourceDomain="availabilityrisk" entityType="availability_queue" entityId="0accaa4e-2638-40c4-b191-1380008d06c5" action="READ" actorId="97181c81-ecfd-4548-840e-036fe80c78b8" correlationId="dc295e52-acba-47e9-bf81-58df4405f9c6"
[WebServer] 2026-09-06T17:36:17.244Z INFO  application=marketops-server environment=local buildVersion=0.1.0-SNAPSHOT correlationId=dc295e52-acba-47e9-bf81-58df4405f9c6 c.m.m.s.i.c.CorrelationIdFilter - Request completed event="request_completed" correlationId="dc295e52-acba-47e9-bf81-58df4405f9c6" status="200"
[WebServer] 2026-09-06T17:36:17.244Z INFO  application=marketops-server environment=local buildVersion=0.1.0-SNAPSHOT correlationId=9a90bde8-8d94-423b-af29-a28f4c75972f c.m.m.a.i.a.JdbcMetadataAuditStore - Metadata change recorded event="metadata_change_recorded" sourceDomain="advertisingefficiency" entityType="advertising_exposure" entityId="0accaa4e-2638-40c4-b191-1380008d06c5" action="READ" actorId="97181c81-ecfd-4548-840e-036fe80c78b8" correlationId="9a90bde8-8d94-423b-af29-a28f4c75972f"
[WebServer] 2026-09-06T17:36:17.246Z INFO  application=marketops-server environment=local buildVersion=0.1.0-SNAPSHOT correlationId=9a90bde8-8d94-423b-af29-a28f4c75972f c.m.m.s.i.c.CorrelationIdFilter - Request completed event="request_completed" correlationId="9a90bde8-8d94-423b-af29-a28f4c75972f" status="200"
[WebServer] 2026-09-06T17:36:17.246Z INFO  application=marketops-server environment=local buildVersion=0.1.0-SNAPSHOT correlationId=f7d9b385-69ee-40e2-a628-24169650b1bd c.m.m.s.i.c.CorrelationIdFilter - Request completed event="request_completed" correlationId="f7d9b385-69ee-40e2-a628-24169650b1bd" status="200"
[WebServer] 2026-09-06T17:36:17.252Z INFO  application=marketops-server environment=local buildVersion=0.1.0-SNAPSHOT correlationId=a9fae983-2ad4-48b1-a4b6-272ce040e744 c.m.m.s.i.e.ConsoleProblemAdvice - Console request refused event="console_request_refused" errorCode="RESOURCE_SCOPE_DENIED" correlationId="a9fae983-2ad4-48b1-a4b6-272ce040e744"
[WebServer] 2026-09-06T17:36:17.252Z INFO  application=marketops-server environment=local buildVersion=0.1.0-SNAPSHOT correlationId=a9fae983-2ad4-48b1-a4b6-272ce040e744 c.m.m.s.i.c.CorrelationIdFilter - Request completed event="request_completed" correlationId="a9fae983-2ad4-48b1-a4b6-272ce040e744" status="403"
[WebServer] 2026-09-06T17:36:17.264Z INFO  application=marketops-server environment=local buildVersion=0.1.0-SNAPSHOT correlationId=efeb3d3a-0d51-40dc-b58c-42407ad54d07 c.m.m.a.i.a.JdbcMetadataAuditStore - Metadata change recorded event="metadata_change_recorded" sourceDomain="advertisingefficiency" entityType="advertising_queue" entityId="0accaa4e-2638-40c4-b191-1380008d06c5" action="READ" actorId="97181c81-ecfd-4548-840e-036fe80c78b8" correlationId="efeb3d3a-0d51-40dc-b58c-42407ad54d07"
[WebServer] 2026-09-06T17:36:17.268Z INFO  application=marketops-server environment=local buildVersion=0.1.0-SNAPSHOT correlationId=e195bea0-3e77-4651-bb9f-f03ac9964ad9 c.m.m.a.i.a.JdbcMetadataAuditStore - Metadata change recorded event="metadata_change_recorded" sourceDomain="advertisingefficiency" entityType="advertising_orchestration" entityId="0accaa4e-2638-40c4-b191-1380008d06c5" action="READ" actorId="97181c81-ecfd-4548-840e-036fe80c78b8" correlationId="e195bea0-3e77-4651-bb9f-f03ac9964ad9"
[WebServer] 2026-09-06T17:36:17.269Z INFO  application=marketops-server environment=local buildVersion=0.1.0-SNAPSHOT correlationId=e195bea0-3e77-4651-bb9f-f03ac9964ad9 c.m.m.s.i.c.CorrelationIdFilter - Request completed event="request_completed" correlationId="e195bea0-3e77-4651-bb9f-f03ac9964ad9" status="200"
[WebServer] 2026-09-06T17:36:17.710Z INFO  application=marketops-server environment=local buildVersion=0.1.0-SNAPSHOT correlationId=efeb3d3a-0d51-40dc-b58c-42407ad54d07 c.m.m.s.i.c.CorrelationIdFilter - Request completed event="request_completed" correlationId="efeb3d3a-0d51-40dc-b58c-42407ad54d07" status="200"
[WebServer] 2026-09-06T17:36:18.615Z INFO  application=marketops-server environment=local buildVersion=0.1.0-SNAPSHOT correlationId=71cf3362-128b-4f6b-8316-5495771b9171 c.m.m.a.i.a.JdbcMetadataAuditStore - Metadata change recorded event="metadata_change_recorded" sourceDomain="advertisingefficiency" entityType="advertising_queue" entityId="0accaa4e-2638-40c4-b191-1380008d06c5" action="READ" actorId="97181c81-ecfd-4548-840e-036fe80c78b8" correlationId="71cf3362-128b-4f6b-8316-5495771b9171"
[WebServer] 2026-09-06T17:36:18.712Z INFO  application=marketops-server environment=local buildVersion=0.1.0-SNAPSHOT correlationId=71cf3362-128b-4f6b-8316-5495771b9171 c.m.m.s.i.c.CorrelationIdFilter - Request completed event="request_completed" correlationId="71cf3362-128b-4f6b-8316-5495771b9171" status="200"
[WebServer] 2026-09-06T17:36:19.188Z INFO  application=marketops-server environment=local buildVersion=0.1.0-SNAPSHOT correlationId=a6240692-a82e-4424-a3b5-bc8492dfb500 c.m.m.a.i.a.JdbcMetadataAuditStore - Metadata change recorded event="metadata_change_recorded" sourceDomain="advertisingefficiency" entityType="advertising_queue" entityId="0accaa4e-2638-40c4-b191-1380008d06c5" action="READ" actorId="97181c81-ecfd-4548-840e-036fe80c78b8" correlationId="a6240692-a82e-4424-a3b5-bc8492dfb500"
[WebServer] 2026-09-06T17:36:19.628Z INFO  application=marketops-server environment=local buildVersion=0.1.0-SNAPSHOT correlationId=a6240692-a82e-4424-a3b5-bc8492dfb500 c.m.m.s.i.c.CorrelationIdFilter - Request completed event="request_completed" correlationId="a6240692-a82e-4424-a3b5-bc8492dfb500" status="200"
[WebServer] 2026-09-06T17:36:19.702Z INFO  application=marketops-server environment=local buildVersion=0.1.0-SNAPSHOT correlationId=7048e9ff-2c23-4762-9971-3970f37b1af3 c.m.m.a.i.a.JdbcMetadataAuditStore - Metadata change recorded event="metadata_change_recorded" sourceDomain="advertisingefficiency" entityType="advertising_queue" entityId="0accaa4e-2638-40c4-b191-1380008d06c5" action="READ" actorId="97181c81-ecfd-4548-840e-036fe80c78b8" correlationId="7048e9ff-2c23-4762-9971-3970f37b1af3"
[WebServer] 2026-09-06T17:36:19.768Z INFO  application=marketops-server environment=local buildVersion=0.1.0-SNAPSHOT correlationId=7048e9ff-2c23-4762-9971-3970f37b1af3 c.m.m.s.i.c.CorrelationIdFilter - Request completed event="request_completed" correlationId="7048e9ff-2c23-4762-9971-3970f37b1af3" status="200"
[WebServer] 2026-09-06T17:36:20.173Z INFO  application=marketops-server environment=local buildVersion=0.1.0-SNAPSHOT correlationId=fb6b1dd9-5511-41dd-bfb9-f12459837ac6 c.m.m.a.i.a.JdbcMetadataAuditStore - Metadata change recorded event="metadata_change_recorded" sourceDomain="advertisingefficiency" entityType="advertising_queue" entityId="0accaa4e-2638-40c4-b191-1380008d06c5" action="READ" actorId="97181c81-ecfd-4548-840e-036fe80c78b8" correlationId="fb6b1dd9-5511-41dd-bfb9-f12459837ac6"
[WebServer] 2026-09-06T17:36:20.613Z INFO  application=marketops-server environment=local buildVersion=0.1.0-SNAPSHOT correlationId=fb6b1dd9-5511-41dd-bfb9-f12459837ac6 c.m.m.s.i.c.CorrelationIdFilter - Request completed event="request_completed" correlationId="fb6b1dd9-5511-41dd-bfb9-f12459837ac6" status="200"
[WebServer] 2026-09-06T17:36:20.685Z INFO  application=marketops-server environment=local buildVersion=0.1.0-SNAPSHOT correlationId=da779e47-3f85-41aa-b664-d4d7eab52982 c.m.m.a.i.a.JdbcMetadataAuditStore - Metadata change recorded event="metadata_change_recorded" sourceDomain="advertisingefficiency" entityType="advertising_queue" entityId="0accaa4e-2638-40c4-b191-1380008d06c5" action="READ" actorId="97181c81-ecfd-4548-840e-036fe80c78b8" correlationId="da779e47-3f85-41aa-b664-d4d7eab52982"
[WebServer] 2026-09-06T17:36:20.712Z INFO  application=marketops-server environment=local buildVersion=0.1.0-SNAPSHOT correlationId=da779e47-3f85-41aa-b664-d4d7eab52982 c.m.m.s.i.c.CorrelationIdFilter - Request completed event="request_completed" correlationId="da779e47-3f85-41aa-b664-d4d7eab52982" status="200"
[WebServer] 2026-09-06T17:36:21.140Z INFO  application=marketops-server environment=local buildVersion=0.1.0-SNAPSHOT correlationId=3c313953-5218-4573-9587-d8635fb064c9 c.m.m.a.i.a.JdbcMetadataAuditStore - Metadata change recorded event="metadata_change_recorded" sourceDomain="advertisingefficiency" entityType="advertising_queue" entityId="0accaa4e-2638-40c4-b191-1380008d06c5" action="READ" actorId="97181c81-ecfd-4548-840e-036fe80c78b8" correlationId="3c313953-5218-4573-9587-d8635fb064c9"
[WebServer] 2026-09-06T17:36:21.161Z INFO  application=marketops-server environment=local buildVersion=0.1.0-SNAPSHOT correlationId=3c313953-5218-4573-9587-d8635fb064c9 c.m.m.s.i.c.CorrelationIdFilter - Request completed event="request_completed" correlationId="3c313953-5218-4573-9587-d8635fb064c9" status="200"
[WebServer] 2026-09-06T17:36:21.176Z DEBUG application=marketops-server environment=local buildVersion=0.1.0-SNAPSHOT correlationId=ba7e0b95-dd74-4f72-87b3-c2cc1e736e52 c.m.m.s.i.c.CorrelationIdFilter - Inbound correlation identifier replaced event="correlation_identifier_replaced" correlationId="ba7e0b95-dd74-4f72-87b3-c2cc1e736e52" rejectionCategory="MISSING"
[WebServer] 2026-09-06T17:36:21.198Z INFO  application=marketops-server environment=local buildVersion=0.1.0-SNAPSHOT correlationId=ba7e0b95-dd74-4f72-87b3-c2cc1e736e52 c.m.m.a.i.a.JdbcMetadataAuditStore - Metadata change recorded event="metadata_change_recorded" sourceDomain="advertisingefficiency" entityType="advertising_queue" entityId="0accaa4e-2638-40c4-b191-1380008d06c5" action="READ" actorId="97181c81-ecfd-4548-840e-036fe80c78b8" correlationId="ba7e0b95-dd74-4f72-87b3-c2cc1e736e52"
[WebServer] 2026-09-06T17:36:21.752Z INFO  application=marketops-server environment=local buildVersion=0.1.0-SNAPSHOT correlationId=ba7e0b95-dd74-4f72-87b3-c2cc1e736e52 c.m.m.s.i.c.CorrelationIdFilter - Request completed event="request_completed" correlationId="ba7e0b95-dd74-4f72-87b3-c2cc1e736e52" status="200"
[WebServer] 2026-09-06T17:36:21.755Z DEBUG application=marketops-server environment=local buildVersion=0.1.0-SNAPSHOT correlationId=0a2a7b17-9335-4a3b-9ee3-f1fc4b20cec2 c.m.m.s.i.c.CorrelationIdFilter - Inbound correlation identifier replaced event="correlation_identifier_replaced" correlationId="0a2a7b17-9335-4a3b-9ee3-f1fc4b20cec2" rejectionCategory="MISSING"
[WebServer] 2026-09-06T17:36:21.769Z INFO  application=marketops-server environment=local buildVersion=0.1.0-SNAPSHOT correlationId=0a2a7b17-9335-4a3b-9ee3-f1fc4b20cec2 c.m.m.s.i.e.ConsoleProblemAdvice - Console request refused event="console_request_refused" errorCode="RESOURCE_NOT_FOUND" correlationId="0a2a7b17-9335-4a3b-9ee3-f1fc4b20cec2"
[WebServer] 2026-09-06T17:36:21.770Z INFO  application=marketops-server environment=local buildVersion=0.1.0-SNAPSHOT correlationId=0a2a7b17-9335-4a3b-9ee3-f1fc4b20cec2 c.m.m.s.i.c.CorrelationIdFilter - Request completed event="request_completed" correlationId="0a2a7b17-9335-4a3b-9ee3-f1fc4b20cec2" status="404"
[WebServer] 2026-09-06T17:36:21.772Z DEBUG application=marketops-server environment=local buildVersion=0.1.0-SNAPSHOT correlationId=7e524f01-fec6-4578-b164-9868e9ae0149 c.m.m.s.i.c.CorrelationIdFilter - Inbound correlation identifier replaced event="correlation_identifier_replaced" correlationId="7e524f01-fec6-4578-b164-9868e9ae0149" rejectionCategory="MISSING"
[WebServer] 2026-09-06T17:36:21.787Z INFO  application=marketops-server environment=local buildVersion=0.1.0-SNAPSHOT correlationId=7e524f01-fec6-4578-b164-9868e9ae0149 c.m.m.s.i.e.ConsoleProblemAdvice - Console request refused event="console_request_refused" errorCode="RESOURCE_NOT_FOUND" correlationId="7e524f01-fec6-4578-b164-9868e9ae0149"
[WebServer] 2026-09-06T17:36:21.787Z INFO  application=marketops-server environment=local buildVersion=0.1.0-SNAPSHOT correlationId=7e524f01-fec6-4578-b164-9868e9ae0149 c.m.m.s.i.c.CorrelationIdFilter - Request completed event="request_completed" correlationId="7e524f01-fec6-4578-b164-9868e9ae0149" status="404"
[WebServer] 2026-09-06T17:36:21.789Z DEBUG application=marketops-server environment=local buildVersion=0.1.0-SNAPSHOT correlationId=5636d32f-6390-4075-bc54-0fd35cae1ea4 c.m.m.s.i.c.CorrelationIdFilter - Inbound correlation identifier replaced event="correlation_identifier_replaced" correlationId="5636d32f-6390-4075-bc54-0fd35cae1ea4" rejectionCategory="MISSING"
[WebServer] 2026-09-06T17:36:21.804Z INFO  application=marketops-server environment=local buildVersion=0.1.0-SNAPSHOT correlationId=5636d32f-6390-4075-bc54-0fd35cae1ea4 c.m.m.s.i.e.ConsoleProblemAdvice - Console request refused event="console_request_refused" errorCode="RESOURCE_NOT_FOUND" correlationId="5636d32f-6390-4075-bc54-0fd35cae1ea4"
[WebServer] 2026-09-06T17:36:21.804Z INFO  application=marketops-server environment=local buildVersion=0.1.0-SNAPSHOT correlationId=5636d32f-6390-4075-bc54-0fd35cae1ea4 c.m.m.s.i.c.CorrelationIdFilter - Request completed event="request_completed" correlationId="5636d32f-6390-4075-bc54-0fd35cae1ea4" status="404"
[WebServer] 2026-09-06T17:36:21.806Z DEBUG application=marketops-server environment=local buildVersion=0.1.0-SNAPSHOT correlationId=d77fe2a4-219b-4232-bc0e-def6a0839952 c.m.m.s.i.c.CorrelationIdFilter - Inbound correlation identifier replaced event="correlation_identifier_replaced" correlationId="d77fe2a4-219b-4232-bc0e-def6a0839952" rejectionCategory="MISSING"
[WebServer] 2026-09-06T17:36:21.817Z INFO  application=marketops-server environment=local buildVersion=0.1.0-SNAPSHOT correlationId=d77fe2a4-219b-4232-bc0e-def6a0839952 c.m.m.s.i.e.ConsoleProblemAdvice - Console request refused event="console_request_refused" errorCode="RESOURCE_NOT_FOUND" correlationId="d77fe2a4-219b-4232-bc0e-def6a0839952"
[WebServer] 2026-09-06T17:36:21.817Z INFO  application=marketops-server environment=local buildVersion=0.1.0-SNAPSHOT correlationId=d77fe2a4-219b-4232-bc0e-def6a0839952 c.m.m.s.i.c.CorrelationIdFilter - Request completed event="request_completed" correlationId="d77fe2a4-219b-4232-bc0e-def6a0839952" status="404"
[WebServer] 2026-09-06T17:36:21.819Z DEBUG application=marketops-server environment=local buildVersion=0.1.0-SNAPSHOT correlationId=f6e9e588-7053-4750-ad50-bdb79f6bcc15 c.m.m.s.i.c.CorrelationIdFilter - Inbound correlation identifier replaced event="correlation_identifier_replaced" correlationId="f6e9e588-7053-4750-ad50-bdb79f6bcc15" rejectionCategory="MISSING"
[WebServer] 2026-09-06T17:36:21.830Z INFO  application=marketops-server environment=local buildVersion=0.1.0-SNAPSHOT correlationId=f6e9e588-7053-4750-ad50-bdb79f6bcc15 c.m.m.s.i.e.ConsoleProblemAdvice - Console request refused event="console_request_refused" errorCode="RESOURCE_NOT_FOUND" correlationId="f6e9e588-7053-4750-ad50-bdb79f6bcc15"
[WebServer] 2026-09-06T17:36:21.830Z INFO  application=marketops-server environment=local buildVersion=0.1.0-SNAPSHOT correlationId=f6e9e588-7053-4750-ad50-bdb79f6bcc15 c.m.m.s.i.c.CorrelationIdFilter - Request completed event="request_completed" correlationId="f6e9e588-7053-4750-ad50-bdb79f6bcc15" status="404"
[WebServer] 2026-09-06T17:36:21.832Z DEBUG application=marketops-server environment=local buildVersion=0.1.0-SNAPSHOT correlationId=a12b31d3-a94e-444b-aa2f-da4dce94fc43 c.m.m.s.i.c.CorrelationIdFilter - Inbound correlation identifier replaced event="correlation_identifier_replaced" correlationId="a12b31d3-a94e-444b-aa2f-da4dce94fc43" rejectionCategory="MISSING"
[WebServer] 2026-09-06T17:36:21.843Z INFO  application=marketops-server environment=local buildVersion=0.1.0-SNAPSHOT correlationId=a12b31d3-a94e-444b-aa2f-da4dce94fc43 c.m.m.s.i.e.ConsoleProblemAdvice - Console request refused event="console_request_refused" errorCode="RESOURCE_NOT_FOUND" correlationId="a12b31d3-a94e-444b-aa2f-da4dce94fc43"
[WebServer] 2026-09-06T17:36:21.844Z INFO  application=marketops-server environment=local buildVersion=0.1.0-SNAPSHOT correlationId=a12b31d3-a94e-444b-aa2f-da4dce94fc43 c.m.m.s.i.c.CorrelationIdFilter - Request completed event="request_completed" correlationId="a12b31d3-a94e-444b-aa2f-da4dce94fc43" status="404"
  ✓  12 tests/advertising-browser/governed-advertising.spec.ts:802:1 › real keyboard navigation and scoped HTTP pagination preserve page boundaries and lane resets (7.1s)

  12 passed (1.5m)
