npm warn deprecated prebuild-install@7.1.3: No longer maintained. Please contact the author of the relevant native addon; alternatives are available.
npm warn deprecated glob@10.5.0: Old versions of glob are not supported, and contain widely publicized security vulnerabilities, which have been fixed in the current version. Please update. Support for old versions may be purchased (at exorbitant rates) by contacting i@izs.me

added 375 packages in 18s
npm notice
npm notice New major version of npm available! 11.17.0 -> 12.0.2
npm notice Changelog: https://github.com/npm/cli/releases/tag/v12.0.2
npm notice To update run: npm install -g npm@12.0.2
npm notice
marketops-console@0.1.0 /Users/chzhengx/Code/personal/marketops-platform/frontend/marketops-console
├─┬ @cyclonedx/cyclonedx-npm@6.0.1
│ ├─┬ @cyclonedx/cyclonedx-library@10.1.1
│ │ ├── ajv-formats-draft2019@1.6.1 deduped
│ │ ├── ajv-formats@3.0.1 deduped
│ │ ├── ajv@8.20.0 deduped
│ │ ├── libxmljs2@0.37.0 deduped
│ │ ├── packageurl-js@2.0.1 deduped
│ │ ├── spdx-expression-parse@4.0.0 deduped
│ │ └── xmlbuilder2@4.0.3 deduped
│ ├─┬ ajv-formats-draft2019@1.6.1
│ │ ├── ajv@8.20.0 deduped
│ │ ├── punycode@2.3.1
│ │ ├─┬ schemes@1.4.0
│ │ │ └── extend@3.0.2
│ │ ├─┬ smtp-address-parser@1.1.0
│ │ │ └─┬ nearley@2.20.1
│ │ │   ├── commander@2.20.3
│ │ │   ├── moo@0.5.3
│ │ │   ├── railroad-diagrams@1.0.0
│ │ │   └─┬ randexp@0.4.6
│ │ │     ├── discontinuous-range@1.0.0
│ │ │     └── ret@0.1.15
│ │ └─┬ uri-js@4.4.1
│ │   └── punycode@2.3.1 deduped
│ ├─┬ ajv-formats@3.0.1
│ │ └── ajv@8.20.0 deduped
│ ├─┬ ajv@8.20.0
│ │ ├── fast-deep-equal@3.1.3 deduped
│ │ ├── fast-uri@3.1.6
│ │ ├── json-schema-traverse@1.0.0
│ │ └── require-from-string@2.0.2
│ ├── commander@14.0.3
│ ├─┬ libxmljs2@0.37.0
│ │ ├─┬ bindings@1.5.0
│ │ │ └── file-uri-to-path@1.0.0
│ │ ├── nan@2.22.2
│ │ ├─┬ node-gyp@11.5.0
│ │ │ ├── env-paths@2.2.1
│ │ │ ├── exponential-backoff@3.1.3
│ │ │ ├── graceful-fs@4.2.11
│ │ │ ├─┬ make-fetch-happen@14.0.3
│ │ │ │ ├─┬ @npmcli/agent@3.0.0
│ │ │ │ │ ├── agent-base@7.1.4
│ │ │ │ │ ├─┬ http-proxy-agent@7.0.2
│ │ │ │ │ │ ├── agent-base@7.1.4 deduped
│ │ │ │ │ │ └── debug@4.4.3 deduped
│ │ │ │ │ ├─┬ https-proxy-agent@7.0.6
│ │ │ │ │ │ ├── agent-base@7.1.4 deduped
│ │ │ │ │ │ └── debug@4.4.3 deduped
│ │ │ │ │ ├── lru-cache@10.4.3
│ │ │ │ │ └─┬ socks-proxy-agent@8.0.5
│ │ │ │ │   ├── agent-base@7.1.4 deduped
│ │ │ │ │   ├── debug@4.4.3 deduped
│ │ │ │ │   └─┬ socks@2.8.9
│ │ │ │ │     ├── ip-address@10.5.0
│ │ │ │ │     └── smart-buffer@4.2.0
│ │ │ │ ├─┬ cacache@19.0.1
│ │ │ │ │ ├─┬ @npmcli/fs@4.0.0
│ │ │ │ │ │ └── semver@7.8.5 deduped
│ │ │ │ │ ├─┬ fs-minipass@3.0.3
│ │ │ │ │ │ └── minipass@7.1.3 deduped
│ │ │ │ │ ├─┬ glob@10.5.0
│ │ │ │ │ │ ├─┬ foreground-child@3.3.1
│ │ │ │ │ │ │ ├── cross-spawn@7.0.6 deduped
│ │ │ │ │ │ │ └── signal-exit@4.1.0
│ │ │ │ │ │ ├─┬ jackspeak@3.4.3
│ │ │ │ │ │ │ ├─┬ @isaacs/cliui@8.0.2
│ │ │ │ │ │ │ │ ├─┬ string-width-cjs@npm:string-width@4.2.3
│ │ │ │ │ │ │ │ │ ├── emoji-regex@8.0.0
│ │ │ │ │ │ │ │ │ ├── is-fullwidth-code-point@3.0.0
│ │ │ │ │ │ │ │ │ └─┬ strip-ansi@6.0.1
│ │ │ │ │ │ │ │ │   └── ansi-regex@5.0.1 deduped
│ │ │ │ │ │ │ │ ├─┬ string-width@5.1.2
│ │ │ │ │ │ │ │ │ ├── eastasianwidth@0.2.0
│ │ │ │ │ │ │ │ │ ├── emoji-regex@9.2.2
│ │ │ │ │ │ │ │ │ └── strip-ansi@7.2.0 deduped
│ │ │ │ │ │ │ │ ├─┬ strip-ansi-cjs@npm:strip-ansi@6.0.1
│ │ │ │ │ │ │ │ │ └── ansi-regex@5.0.1 deduped
│ │ │ │ │ │ │ │ ├─┬ strip-ansi@7.2.0
│ │ │ │ │ │ │ │ │ └── ansi-regex@6.3.0
│ │ │ │ │ │ │ │ ├─┬ wrap-ansi-cjs@npm:wrap-ansi@7.0.0
│ │ │ │ │ │ │ │ │ ├─┬ ansi-styles@4.3.0
│ │ │ │ │ │ │ │ │ │ └─┬ color-convert@2.0.1
│ │ │ │ │ │ │ │ │ │   └── color-name@1.1.4
│ │ │ │ │ │ │ │ │ ├─┬ string-width@4.2.3
│ │ │ │ │ │ │ │ │ │ ├── emoji-regex@8.0.0
│ │ │ │ │ │ │ │ │ │ ├── is-fullwidth-code-point@3.0.0 deduped
│ │ │ │ │ │ │ │ │ │ └── strip-ansi@6.0.1 deduped
│ │ │ │ │ │ │ │ │ └─┬ strip-ansi@6.0.1
│ │ │ │ │ │ │ │ │   └── ansi-regex@5.0.1 deduped
│ │ │ │ │ │ │ │ └─┬ wrap-ansi@8.1.0
│ │ │ │ │ │ │ │   ├── ansi-styles@6.2.3
│ │ │ │ │ │ │ │   ├── string-width@5.1.2 deduped
│ │ │ │ │ │ │ │   └── strip-ansi@7.2.0 deduped
│ │ │ │ │ │ │ └── @pkgjs/parseargs@0.11.0
│ │ │ │ │ │ ├─┬ minimatch@9.0.9
│ │ │ │ │ │ │ └─┬ brace-expansion@2.1.4
│ │ │ │ │ │ │   └── balanced-match@1.0.2
│ │ │ │ │ │ ├── minipass@7.1.3 deduped
│ │ │ │ │ │ ├── package-json-from-dist@1.0.1
│ │ │ │ │ │ └─┬ path-scurry@1.11.1
│ │ │ │ │ │   ├── lru-cache@10.4.3
│ │ │ │ │ │   └── minipass@7.1.3 deduped
│ │ │ │ │ ├── lru-cache@10.4.3
│ │ │ │ │ ├─┬ minipass-collect@2.0.1
│ │ │ │ │ │ └── minipass@7.1.3 deduped
│ │ │ │ │ ├── minipass-flush@1.0.7 deduped
│ │ │ │ │ ├── minipass-pipeline@1.2.4 deduped
│ │ │ │ │ ├── minipass@7.1.3 deduped
│ │ │ │ │ ├── p-map@7.0.6
│ │ │ │ │ ├── ssri@12.0.0 deduped
│ │ │ │ │ ├── tar@7.5.22 deduped
│ │ │ │ │ └─┬ unique-filename@4.0.0
│ │ │ │ │   └─┬ unique-slug@5.0.0
│ │ │ │ │     └── imurmurhash@0.1.4 deduped
│ │ │ │ ├── http-cache-semantics@4.2.0
│ │ │ │ ├─┬ minipass-fetch@4.0.1
│ │ │ │ │ ├─┬ encoding@0.1.13
│ │ │ │ │ │ └─┬ iconv-lite@0.6.3
│ │ │ │ │ │   └── safer-buffer@2.1.2
│ │ │ │ │ ├─┬ minipass-sized@1.0.3
│ │ │ │ │ │ └─┬ minipass@3.3.6
│ │ │ │ │ │   └── yallist@4.0.0
│ │ │ │ │ ├── minipass@7.1.3 deduped
│ │ │ │ │ └── minizlib@3.1.0 deduped
│ │ │ │ ├─┬ minipass-flush@1.0.7
│ │ │ │ │ └─┬ minipass@3.3.6
│ │ │ │ │   └── yallist@4.0.0
│ │ │ │ ├─┬ minipass-pipeline@1.2.4
│ │ │ │ │ └─┬ minipass@3.3.6
│ │ │ │ │   └── yallist@4.0.0
│ │ │ │ ├── minipass@7.1.3
│ │ │ │ ├── negotiator@1.0.0
│ │ │ │ ├── proc-log@5.0.0 deduped
│ │ │ │ ├─┬ promise-retry@2.0.1
│ │ │ │ │ ├── err-code@2.0.3
│ │ │ │ │ └── retry@0.12.0
│ │ │ │ └─┬ ssri@12.0.0
│ │ │ │   └── minipass@7.1.3 deduped
│ │ │ ├─┬ nopt@8.1.0
│ │ │ │ └── abbrev@3.0.1
│ │ │ ├── proc-log@5.0.0
│ │ │ ├── semver@7.8.5 deduped
│ │ │ ├─┬ tar@7.5.22
│ │ │ │ ├─┬ @isaacs/fs-minipass@4.0.1
│ │ │ │ │ └── minipass@7.1.3 deduped
│ │ │ │ ├── chownr@3.0.0
│ │ │ │ ├── minipass@7.1.3 deduped
│ │ │ │ ├─┬ minizlib@3.1.0
│ │ │ │ │ └── minipass@7.1.3 deduped
│ │ │ │ └── yallist@5.0.0
│ │ │ ├── tinyglobby@0.2.17 deduped
│ │ │ └─┬ which@5.0.0
│ │ │   └── isexe@3.1.5
│ │ └─┬ prebuild-install@7.1.3
│ │   ├── detect-libc@2.1.2 deduped
│ │   ├── expand-template@2.0.3
│ │   ├── github-from-package@0.0.0
│ │   ├── minimist@1.2.8
│ │   ├── mkdirp-classic@0.5.3
│ │   ├── napi-build-utils@2.0.0
│ │   ├─┬ node-abi@3.94.0
│ │   │ └── semver@7.8.5 deduped
│ │   ├─┬ pump@3.0.4
│ │   │ ├─┬ end-of-stream@1.4.5
│ │   │ │ └── once@1.4.0 deduped
│ │   │ └─┬ once@1.4.0
│ │   │   └── wrappy@1.0.2
│ │   ├─┬ rc@1.2.8
│ │   │ ├── deep-extend@0.6.0
│ │   │ ├── ini@1.3.8
│ │   │ ├── minimist@1.2.8 deduped
│ │   │ └── strip-json-comments@2.0.1
│ │   ├─┬ simple-get@4.0.1
│ │   │ ├─┬ decompress-response@6.0.0
│ │   │ │ └── mimic-response@3.1.0
│ │   │ ├── once@1.4.0 deduped
│ │   │ └── simple-concat@1.0.1
│ │   ├─┬ tar-fs@2.1.5
│ │   │ ├── chownr@1.1.4
│ │   │ ├── mkdirp-classic@0.5.3 deduped
│ │   │ ├── pump@3.0.4 deduped
│ │   │ └─┬ tar-stream@2.2.0
│ │   │   ├─┬ bl@4.1.0
│ │   │   │ ├─┬ buffer@5.7.1
│ │   │   │ │ ├── base64-js@1.5.1
│ │   │   │ │ └── ieee754@1.2.1
│ │   │   │ ├── inherits@2.0.4 deduped
│ │   │   │ └── readable-stream@3.6.2 deduped
│ │   │   ├── end-of-stream@1.4.5 deduped
│ │   │   ├── fs-constants@1.0.0
│ │   │   ├── inherits@2.0.4
│ │   │   └─┬ readable-stream@3.6.2
│ │   │     ├── inherits@2.0.4 deduped
│ │   │     ├─┬ string_decoder@1.3.0
│ │   │     │ └── safe-buffer@5.2.1 deduped
│ │   │     └── util-deprecate@1.0.2
│ │   └─┬ tunnel-agent@0.6.0
│ │     └── safe-buffer@5.2.1
│ ├─┬ normalize-package-data@8.0.0
│ │ ├─┬ hosted-git-info@9.0.3
│ │ │ └── lru-cache@11.5.2 deduped
│ │ ├── semver@7.8.5
│ │ └─┬ validate-npm-package-license@3.0.4
│ │   ├─┬ spdx-correct@3.2.0
│ │   │ ├─┬ spdx-expression-parse@3.0.1
│ │   │ │ ├── spdx-exceptions@2.5.0 deduped
│ │   │ │ └── spdx-license-ids@3.0.23 deduped
│ │   │ └── spdx-license-ids@3.0.23 deduped
│ │   └─┬ spdx-expression-parse@3.0.1
│ │     ├── spdx-exceptions@2.5.0 deduped
│ │     └── spdx-license-ids@3.0.23 deduped
│ ├── packageurl-js@2.0.1
│ ├─┬ spdx-expression-parse@4.0.0
│ │ ├── spdx-exceptions@2.5.0
│ │ └── spdx-license-ids@3.0.23
│ └─┬ xmlbuilder2@4.0.3
│   ├─┬ @oozcitak/dom@2.0.2
│   │ ├── @oozcitak/infra@2.0.2 deduped
│   │ ├─┬ @oozcitak/url@3.0.0
│   │ │ ├── @oozcitak/infra@2.0.2 deduped
│   │ │ └── @oozcitak/util@10.0.0 deduped
│   │ └── @oozcitak/util@10.0.0 deduped
│   ├─┬ @oozcitak/infra@2.0.2
│   │ └── @oozcitak/util@10.0.0 deduped
│   ├── @oozcitak/util@10.0.0
│   └─┬ js-yaml@4.3.1
│     └── argparse@2.0.1
├─┬ @eslint/js@10.0.1
│ └── eslint@10.8.1 deduped
├─┬ @playwright/test@1.62.1
│ └─┬ playwright@1.62.1
│   ├── fsevents@2.3.2
│   └── playwright-core@1.62.1
├─┬ @testing-library/dom@10.4.1
│ ├─┬ @babel/code-frame@7.29.7
│ │ ├── @babel/helper-validator-identifier@7.29.7
│ │ ├── js-tokens@4.0.0
│ │ └── picocolors@1.1.1 deduped
│ ├── @babel/runtime@7.29.7
│ ├── @types/aria-query@5.0.4
│ ├─┬ aria-query@5.3.0
│ │ └── dequal@2.0.3
│ ├── dom-accessibility-api@0.5.16
│ ├── lz-string@1.5.0
│ ├── picocolors@1.1.1
│ └─┬ pretty-format@27.5.1
│   ├── ansi-regex@5.0.1
│   ├── ansi-styles@5.2.0
│   └── react-is@17.0.2
├─┬ @testing-library/jest-dom@7.0.1
│ ├── @adobe/css-tools@4.5.0
│ ├── @testing-library/dom@10.4.1 deduped
│ ├── aria-query@5.3.0 deduped
│ ├── css.escape@1.5.1
│ ├── dom-accessibility-api@0.6.3
│ ├── picocolors@1.1.1 deduped
│ ├─┬ redent@3.0.0
│ │ ├── indent-string@4.0.0
│ │ └─┬ strip-indent@3.0.0
│ │   └── min-indent@1.0.1
│ └── vitest@4.1.10 deduped
├─┬ @testing-library/react@16.3.2
│ ├── @babel/runtime@7.29.7 deduped
│ ├── @testing-library/dom@10.4.1 deduped
│ ├── @types/react-dom@19.2.4 deduped
│ ├── @types/react@19.2.18 deduped
│ ├── react-dom@19.2.8 deduped
│ └── react@19.2.8 deduped
├─┬ @types/node@24.10.1
│ └── undici-types@7.16.0
├─┬ @types/react-dom@19.2.4
│ └── @types/react@19.2.18 deduped
├─┬ @types/react@19.2.18
│ └── csstype@3.2.3
├─┬ @vitejs/plugin-react@6.0.5
│ ├── UNMET OPTIONAL DEPENDENCY @rolldown/plugin-babel@^0.1.7 || ^0.2.0
│ ├── @rolldown/pluginutils@1.0.1
│ ├── UNMET OPTIONAL DEPENDENCY babel-plugin-react-compiler@^1.0.0
│ └── vite@8.2.1 deduped
├─┬ @vitest/coverage-v8@4.1.10
│ ├── @bcoe/v8-coverage@1.0.2
│ ├── UNMET OPTIONAL DEPENDENCY @vitest/browser@4.1.10
│ ├─┬ @vitest/utils@4.1.10
│ │ ├── @vitest/pretty-format@4.1.10 deduped
│ │ ├── convert-source-map@2.0.0
│ │ └── tinyrainbow@3.1.1 deduped
│ ├─┬ ast-v8-to-istanbul@1.0.5
│ │ ├─┬ @jridgewell/trace-mapping@0.3.31
│ │ │ ├── @jridgewell/resolve-uri@3.1.2
│ │ │ └── @jridgewell/sourcemap-codec@1.5.5 deduped
│ │ ├─┬ estree-walker@3.0.3
│ │ │ └── @types/estree@1.0.9 deduped
│ │ └── js-tokens@10.0.0
│ ├── istanbul-lib-coverage@3.2.2
│ ├─┬ istanbul-lib-report@3.0.1
│ │ ├── istanbul-lib-coverage@3.2.2 deduped
│ │ ├─┬ make-dir@4.0.0
│ │ │ └── semver@7.8.5 deduped
│ │ └─┬ supports-color@7.2.0
│ │   └── has-flag@4.0.0
│ ├─┬ istanbul-reports@3.2.0
│ │ ├── html-escaper@2.0.2
│ │ └── istanbul-lib-report@3.0.1 deduped
│ ├─┬ magicast@0.5.4
│ │ ├─┬ @babel/parser@7.29.8
│ │ │ └── @babel/types@7.29.8 deduped
│ │ ├─┬ @babel/types@7.29.8
│ │ │ ├── @babel/helper-string-parser@7.29.7
│ │ │ └── @babel/helper-validator-identifier@7.29.7 deduped
│ │ └── source-map-js@1.2.1
│ ├── obug@2.1.4
│ ├── std-env@4.2.0
│ ├── tinyrainbow@3.1.1
│ └── vitest@4.1.10 deduped
├─┬ eslint-config-prettier@10.1.8
│ └── eslint@10.8.1 deduped
├─┬ eslint@10.8.1
│ ├─┬ @eslint-community/eslint-utils@4.10.1
│ │ ├── eslint-visitor-keys@3.4.3
│ │ └── eslint@10.8.1 deduped
│ ├── @eslint-community/regexpp@4.12.2
│ ├─┬ @eslint/config-array@0.23.5
│ │ ├── @eslint/object-schema@3.0.5
│ │ ├── debug@4.4.3 deduped
│ │ └── minimatch@10.2.6 deduped
│ ├─┬ @eslint/config-helpers@0.7.0
│ │ └── @eslint/core@1.2.1 deduped
│ ├─┬ @eslint/core@1.2.1
│ │ └── @types/json-schema@7.0.15
│ ├─┬ @eslint/plugin-kit@0.7.2
│ │ ├── @eslint/core@1.2.1 deduped
│ │ └─┬ levn@0.4.1
│ │   ├── prelude-ls@1.2.1 deduped
│ │   └── type-check@0.4.0 deduped
│ ├─┬ @humanfs/node@0.16.8
│ │ ├─┬ @humanfs/core@0.19.2
│ │ │ └── @humanfs/types@0.15.0 deduped
│ │ ├── @humanfs/types@0.15.0
│ │ └── @humanwhocodes/retry@0.4.3 deduped
│ ├── @humanwhocodes/module-importer@1.0.1
│ ├── @humanwhocodes/retry@0.4.3
│ ├── @types/estree@1.0.9
│ ├─┬ ajv@6.15.0
│ │ ├── fast-deep-equal@3.1.3 deduped
│ │ ├── fast-json-stable-stringify@2.1.0
│ │ ├── json-schema-traverse@0.4.1
│ │ └── uri-js@4.4.1 deduped
│ ├─┬ cross-spawn@7.0.6
│ │ ├── path-key@3.1.1
│ │ ├─┬ shebang-command@2.0.0
│ │ │ └── shebang-regex@3.0.0
│ │ └─┬ which@2.0.2
│ │   └── isexe@2.0.0
│ ├─┬ debug@4.4.3
│ │ └── ms@2.1.3
│ ├── escape-string-regexp@4.0.0
│ ├─┬ eslint-scope@9.1.2
│ │ ├── @types/esrecurse@4.3.1
│ │ ├── @types/estree@1.0.9 deduped
│ │ ├─┬ esrecurse@4.3.0
│ │ │ └── estraverse@5.3.0 deduped
│ │ └── estraverse@5.3.0
│ ├── eslint-visitor-keys@5.0.1
│ ├─┬ espree@11.2.0
│ │ ├─┬ acorn-jsx@5.3.2
│ │ │ └── acorn@8.18.0 deduped
│ │ ├── acorn@8.18.0
│ │ └── eslint-visitor-keys@5.0.1 deduped
│ ├─┬ esquery@1.7.0
│ │ └── estraverse@5.3.0 deduped
│ ├── esutils@2.0.3
│ ├── fast-deep-equal@3.1.3
│ ├─┬ file-entry-cache@8.0.0
│ │ └─┬ flat-cache@4.0.1
│ │   ├── flatted@3.4.4
│ │   └─┬ keyv@4.5.4
│ │     └── json-buffer@3.0.1
│ ├─┬ find-up@5.0.0
│ │ ├─┬ locate-path@6.0.0
│ │ │ └─┬ p-locate@5.0.0
│ │ │   └─┬ p-limit@3.1.0
│ │ │     └── yocto-queue@0.1.0
│ │ └── path-exists@4.0.0
│ ├─┬ glob-parent@6.0.2
│ │ └── is-glob@4.0.3 deduped
│ ├── ignore@5.3.2
│ ├── imurmurhash@0.1.4
│ ├─┬ is-glob@4.0.3
│ │ └── is-extglob@2.1.1
│ ├── UNMET OPTIONAL DEPENDENCY jiti@*
│ ├── json-stable-stringify-without-jsonify@1.0.1
│ ├─┬ minimatch@10.2.6
│ │ └─┬ brace-expansion@5.0.9
│ │   └── balanced-match@4.0.4
│ ├── natural-compare@1.4.0
│ └─┬ optionator@0.9.4
│   ├── deep-is@0.1.4
│   ├── fast-levenshtein@2.0.6
│   ├── levn@0.4.1 deduped
│   ├── prelude-ls@1.2.1
│   ├─┬ type-check@0.4.0
│   │ └── prelude-ls@1.2.1 deduped
│   └── word-wrap@1.2.5
├─┬ jsdom@30.0.1
│ ├─┬ @asamuzakjp/css-color@6.0.7
│ │ ├─┬ @csstools/css-calc@3.3.0
│ │ │ ├── @csstools/css-parser-algorithms@4.0.0 deduped
│ │ │ └── @csstools/css-tokenizer@4.0.0 deduped
│ │ ├─┬ @csstools/css-color-parser@4.1.10
│ │ │ ├── @csstools/color-helpers@6.1.0
│ │ │ ├── @csstools/css-calc@3.3.0 deduped
│ │ │ ├── @csstools/css-parser-algorithms@4.0.0 deduped
│ │ │ └── @csstools/css-tokenizer@4.0.0 deduped
│ │ ├─┬ @csstools/css-parser-algorithms@4.0.0
│ │ │ └── @csstools/css-tokenizer@4.0.0 deduped
│ │ ├── @csstools/css-tokenizer@4.0.0
│ │ └── lru-cache@11.5.2 deduped
│ ├─┬ @asamuzakjp/dom-selector@8.3.2
│ │ ├─┬ bidi-js@1.0.3
│ │ │ └── require-from-string@2.0.2 deduped
│ │ ├── css-tree@3.2.1 deduped
│ │ ├── is-potential-custom-element-name@1.0.1 deduped
│ │ └── lru-cache@11.5.2 deduped
│ ├─┬ @bramus/specificity@2.4.2
│ │ └── css-tree@3.2.1 deduped
│ ├─┬ @csstools/css-syntax-patches-for-csstree@1.1.7
│ │ └── css-tree@3.2.1 deduped
│ ├─┬ @exodus/bytes@1.15.1
│ │ └── UNMET OPTIONAL DEPENDENCY @noble/hashes@^1.8.0 || ^2.0.0
│ ├── UNMET OPTIONAL DEPENDENCY canvas@^3.2.3
│ ├─┬ css-tree@3.2.1
│ │ ├── mdn-data@2.27.1
│ │ └── source-map-js@1.2.1 deduped
│ ├─┬ data-urls@7.0.0
│ │ ├── whatwg-mimetype@5.0.0 deduped
│ │ └─┬ whatwg-url@16.0.1
│ │   ├── @exodus/bytes@1.15.1 deduped
│ │   ├── tr46@6.0.0 deduped
│ │   └── webidl-conversions@8.0.1 deduped
│ ├── decimal.js@10.6.0
│ ├─┬ html-encoding-sniffer@6.0.0
│ │ └── @exodus/bytes@1.15.1 deduped
│ ├── is-potential-custom-element-name@1.0.1
│ ├── lru-cache@11.5.2
│ ├─┬ parse5@8.0.1
│ │ └── entities@8.0.0
│ ├─┬ saxes@6.0.0
│ │ └── xmlchars@2.2.0
│ ├── symbol-tree@3.2.4
│ ├─┬ tough-cookie@6.0.2
│ │ └─┬ tldts@7.4.10
│ │   └── tldts-core@7.4.10
│ ├── undici@8.10.0
│ ├─┬ w3c-xmlserializer@5.0.0
│ │ └── xml-name-validator@5.0.0 deduped
│ ├── webidl-conversions@8.0.1
│ ├── whatwg-mimetype@5.0.0
│ ├─┬ whatwg-url@17.1.0
│ │ ├── @exodus/bytes@1.15.1 deduped
│ │ ├─┬ tr46@6.0.0
│ │ │ └── punycode@2.3.1 deduped
│ │ └── webidl-conversions@8.0.1 deduped
│ └── xml-name-validator@5.0.0
├── prettier@3.9.6
├─┬ react-dom@19.2.8
│ ├── react@19.2.8 deduped
│ └── scheduler@0.27.0
├── react@19.2.8
├─┬ typescript-eslint@8.67.0
│ ├─┬ @typescript-eslint/eslint-plugin@8.67.0
│ │ ├── @eslint-community/regexpp@4.12.2 deduped
│ │ ├── @typescript-eslint/parser@8.67.0 deduped
│ │ ├─┬ @typescript-eslint/scope-manager@8.67.0
│ │ │ ├── @typescript-eslint/types@8.67.0 deduped
│ │ │ └── @typescript-eslint/visitor-keys@8.67.0 deduped
│ │ ├─┬ @typescript-eslint/type-utils@8.67.0
│ │ │ ├── @typescript-eslint/types@8.67.0 deduped
│ │ │ ├── @typescript-eslint/typescript-estree@8.67.0 deduped
│ │ │ ├── @typescript-eslint/utils@8.67.0 deduped
│ │ │ ├── debug@4.4.3 deduped
│ │ │ ├── eslint@10.8.1 deduped
│ │ │ ├── ts-api-utils@2.5.0 deduped
│ │ │ └── typescript@6.0.3 deduped
│ │ ├── @typescript-eslint/utils@8.67.0 deduped
│ │ ├─┬ @typescript-eslint/visitor-keys@8.67.0
│ │ │ ├── @typescript-eslint/types@8.67.0 deduped
│ │ │ └── eslint-visitor-keys@5.0.1 deduped
│ │ ├── eslint@10.8.1 deduped
│ │ ├── ignore@7.0.6
│ │ ├── natural-compare@1.4.0 deduped
│ │ ├─┬ ts-api-utils@2.5.0
│ │ │ └── typescript@6.0.3 deduped
│ │ └── typescript@6.0.3 deduped
│ ├─┬ @typescript-eslint/parser@8.67.0
│ │ ├── @typescript-eslint/scope-manager@8.67.0 deduped
│ │ ├── @typescript-eslint/types@8.67.0
│ │ ├── @typescript-eslint/typescript-estree@8.67.0 deduped
│ │ ├── @typescript-eslint/visitor-keys@8.67.0 deduped
│ │ ├── debug@4.4.3 deduped
│ │ ├── eslint@10.8.1 deduped
│ │ └── typescript@6.0.3 deduped
│ ├─┬ @typescript-eslint/typescript-estree@8.67.0
│ │ ├─┬ @typescript-eslint/project-service@8.67.0
│ │ │ ├── @typescript-eslint/tsconfig-utils@8.67.0 deduped
│ │ │ ├── @typescript-eslint/types@8.67.0 deduped
│ │ │ ├── debug@4.4.3 deduped
│ │ │ └── typescript@6.0.3 deduped
│ │ ├─┬ @typescript-eslint/tsconfig-utils@8.67.0
│ │ │ └── typescript@6.0.3 deduped
│ │ ├── @typescript-eslint/types@8.67.0 deduped
│ │ ├── @typescript-eslint/visitor-keys@8.67.0 deduped
│ │ ├── debug@4.4.3 deduped
│ │ ├── minimatch@10.2.6 deduped
│ │ ├── semver@7.8.5 deduped
│ │ ├── tinyglobby@0.2.17 deduped
│ │ ├── ts-api-utils@2.5.0 deduped
│ │ └── typescript@6.0.3 deduped
│ ├─┬ @typescript-eslint/utils@8.67.0
│ │ ├── @eslint-community/eslint-utils@4.10.1 deduped
│ │ ├── @typescript-eslint/scope-manager@8.67.0 deduped
│ │ ├── @typescript-eslint/types@8.67.0 deduped
│ │ ├── @typescript-eslint/typescript-estree@8.67.0 deduped
│ │ ├── eslint@10.8.1 deduped
│ │ └── typescript@6.0.3 deduped
│ ├── eslint@10.8.1 deduped
│ └── typescript@6.0.3 deduped
├── typescript@6.0.3
├─┬ vite@8.2.1
│ ├── @types/node@24.10.1 deduped
│ ├── UNMET OPTIONAL DEPENDENCY @vitejs/devtools@^0.4.0
│ ├── UNMET OPTIONAL DEPENDENCY esbuild@^0.27.0 || ^0.28.0
│ ├── fsevents@2.3.3
│ ├── UNMET OPTIONAL DEPENDENCY jiti@>=1.21.0
│ ├── UNMET OPTIONAL DEPENDENCY less@^4.0.0
│ ├─┬ lightningcss@1.33.0
│ │ ├── detect-libc@2.1.2
│ │ ├── UNMET OPTIONAL DEPENDENCY lightningcss-android-arm64@1.33.0
│ │ ├── lightningcss-darwin-arm64@1.33.0
│ │ ├── UNMET OPTIONAL DEPENDENCY lightningcss-darwin-x64@1.33.0
│ │ ├── UNMET OPTIONAL DEPENDENCY lightningcss-freebsd-x64@1.33.0
│ │ ├── UNMET OPTIONAL DEPENDENCY lightningcss-linux-arm-gnueabihf@1.33.0
│ │ ├── UNMET OPTIONAL DEPENDENCY lightningcss-linux-arm64-gnu@1.33.0
│ │ ├── UNMET OPTIONAL DEPENDENCY lightningcss-linux-arm64-musl@1.33.0
│ │ ├── UNMET OPTIONAL DEPENDENCY lightningcss-linux-x64-gnu@1.33.0
│ │ ├── UNMET OPTIONAL DEPENDENCY lightningcss-linux-x64-musl@1.33.0
│ │ ├── UNMET OPTIONAL DEPENDENCY lightningcss-win32-arm64-msvc@1.33.0
│ │ └── UNMET OPTIONAL DEPENDENCY lightningcss-win32-x64-msvc@1.33.0
│ ├── picomatch@4.0.5
│ ├─┬ postcss@8.5.26
│ │ ├── nanoid@3.3.18
│ │ ├── picocolors@1.1.1 deduped
│ │ └── source-map-js@1.2.1 deduped
│ ├─┬ rolldown@1.2.4
│ │ ├── @oxc-project/types@0.144.0
│ │ ├── UNMET OPTIONAL DEPENDENCY @rolldown/binding-android-arm64@1.2.4
│ │ ├── @rolldown/binding-darwin-arm64@1.2.4
│ │ ├── UNMET OPTIONAL DEPENDENCY @rolldown/binding-darwin-x64@1.2.4
│ │ ├── UNMET OPTIONAL DEPENDENCY @rolldown/binding-freebsd-x64@1.2.4
│ │ ├── UNMET OPTIONAL DEPENDENCY @rolldown/binding-linux-arm-gnueabihf@1.2.4
│ │ ├── UNMET OPTIONAL DEPENDENCY @rolldown/binding-linux-arm64-gnu@1.2.4
│ │ ├── UNMET OPTIONAL DEPENDENCY @rolldown/binding-linux-arm64-musl@1.2.4
│ │ ├── UNMET OPTIONAL DEPENDENCY @rolldown/binding-linux-ppc64-gnu@1.2.4
│ │ ├── UNMET OPTIONAL DEPENDENCY @rolldown/binding-linux-s390x-gnu@1.2.4
│ │ ├── UNMET OPTIONAL DEPENDENCY @rolldown/binding-linux-x64-gnu@1.2.4
│ │ ├── UNMET OPTIONAL DEPENDENCY @rolldown/binding-linux-x64-musl@1.2.4
│ │ ├── UNMET OPTIONAL DEPENDENCY @rolldown/binding-openharmony-arm64@1.2.4
│ │ ├── UNMET OPTIONAL DEPENDENCY @rolldown/binding-win32-arm64-msvc@1.2.4
│ │ ├── UNMET OPTIONAL DEPENDENCY @rolldown/binding-win32-x64-msvc@1.2.4
│ │ └── @rolldown/pluginutils@1.0.1 deduped
│ ├── UNMET OPTIONAL DEPENDENCY sass-embedded@^1.70.0
│ ├── UNMET OPTIONAL DEPENDENCY sass@^1.70.0
│ ├── UNMET OPTIONAL DEPENDENCY stylus@>=0.54.8
│ ├── UNMET OPTIONAL DEPENDENCY sugarss@^5.0.0
│ ├── UNMET OPTIONAL DEPENDENCY terser@^5.16.0
│ ├─┬ tinyglobby@0.2.17
│ │ ├─┬ fdir@6.5.0
│ │ │ └── picomatch@4.0.5 deduped
│ │ └── picomatch@4.0.5 deduped
│ ├── UNMET OPTIONAL DEPENDENCY tsx@^4.8.1
│ └── UNMET OPTIONAL DEPENDENCY yaml@^2.4.2
└─┬ vitest@4.1.10
  ├── UNMET OPTIONAL DEPENDENCY @edge-runtime/vm@*
  ├── UNMET OPTIONAL DEPENDENCY @opentelemetry/api@^1.9.0
  ├── @types/node@24.10.1 deduped
  ├── UNMET OPTIONAL DEPENDENCY @vitest/browser-playwright@4.1.10
  ├── UNMET OPTIONAL DEPENDENCY @vitest/browser-preview@4.1.10
  ├── UNMET OPTIONAL DEPENDENCY @vitest/browser-webdriverio@4.1.10
  ├── UNMET OPTIONAL DEPENDENCY @vitest/coverage-istanbul@4.1.10
  ├── @vitest/coverage-v8@4.1.10 deduped
  ├─┬ @vitest/expect@4.1.10
  │ ├── @standard-schema/spec@1.1.0
  │ ├─┬ @types/chai@5.2.3
  │ │ ├── @types/deep-eql@4.0.2
  │ │ └── assertion-error@2.0.1
  │ ├── @vitest/spy@4.1.10 deduped
  │ ├── @vitest/utils@4.1.10 deduped
  │ ├── chai@6.2.2
  │ └── tinyrainbow@3.1.1 deduped
  ├─┬ @vitest/mocker@4.1.10
  │ ├── @vitest/spy@4.1.10 deduped
  │ ├── estree-walker@3.0.3 deduped
  │ ├── magic-string@0.30.21 deduped
  │ ├── UNMET OPTIONAL DEPENDENCY msw@^2.4.9
  │ └── vite@8.2.1 deduped
  ├─┬ @vitest/pretty-format@4.1.10
  │ └── tinyrainbow@3.1.1 deduped
  ├─┬ @vitest/runner@4.1.10
  │ ├── @vitest/utils@4.1.10 deduped
  │ └── pathe@2.0.3 deduped
  ├─┬ @vitest/snapshot@4.1.10
  │ ├── @vitest/pretty-format@4.1.10 deduped
  │ ├── @vitest/utils@4.1.10 deduped
  │ ├── magic-string@0.30.21 deduped
  │ └── pathe@2.0.3 deduped
  ├── @vitest/spy@4.1.10
  ├── UNMET OPTIONAL DEPENDENCY @vitest/ui@4.1.10
  ├── @vitest/utils@4.1.10 deduped
  ├── es-module-lexer@2.3.1
  ├── expect-type@1.4.0
  ├── UNMET OPTIONAL DEPENDENCY happy-dom@*
  ├── jsdom@30.0.1 deduped
  ├─┬ magic-string@0.30.21
  │ └── @jridgewell/sourcemap-codec@1.5.5
  ├── obug@2.1.4 deduped
  ├── pathe@2.0.3
  ├── picomatch@4.0.5 deduped
  ├── std-env@4.2.0 deduped
  ├── tinybench@2.9.0
  ├── tinyexec@1.3.0
  ├── tinyglobby@0.2.17 deduped
  ├── tinyrainbow@3.1.1 deduped
  ├── vite@8.2.1 deduped
  └─┬ why-is-node-running@2.3.0
    ├── siginfo@2.0.0
    └── stackback@0.0.2

[WebServer] [INFO] Scanning for projects...
[WebServer] [INFO] 
[WebServer] [INFO] --------------< com.mimococo.marketops:marketops-server >---------------
[WebServer] [INFO] Building MarketOps Server 0.1.0-SNAPSHOT
[WebServer] [INFO]   from pom.xml
[WebServer] [INFO] --------------------------------[ jar ]---------------------------------
[WebServer] [INFO] 
[WebServer] [INFO] >>> spring-boot:4.1.0:test-run (advertising-browser-fixture) > test-compile @ marketops-server >>>
[WebServer] [INFO] 
[WebServer] [INFO] --- enforcer:3.6.3:enforce (enforce-toolchain-and-dependencies) @ marketops-server ---
[WebServer] [INFO] Rule 0: org.apache.maven.enforcer.rules.version.RequireJavaVersion passed
[WebServer] [INFO] Rule 1: org.apache.maven.enforcer.rules.version.RequireMavenVersion passed
[WebServer] [INFO] Rule 2: org.apache.maven.enforcer.rules.dependency.BannedDependencies passed
[WebServer] [INFO] Rule 3: org.apache.maven.enforcer.rules.dependency.DependencyConvergence passed
[WebServer] [INFO] 
[WebServer] [INFO] --- jacoco:0.8.15:prepare-agent (prepare-coverage) @ marketops-server ---
[WebServer] [INFO] argLine set to -javaagent:/Users/chzhengx/.m2/repository/org/jacoco/org.jacoco.agent/0.8.15/org.jacoco.agent-0.8.15-runtime.jar=destfile=/Users/chzhengx/Code/personal/marketops-platform/backend/marketops-server/target/jacoco.exec
[WebServer] [INFO] 
[WebServer] [INFO] --- spring-boot:4.1.0:build-info (build-info) @ marketops-server ---
[WebServer] [INFO] 
[WebServer] [INFO] --- resources:3.5.0:resources (default-resources) @ marketops-server ---
[WebServer] [INFO] Copying 5 resources from src/main/resources to target/classes
[WebServer] [INFO] Copying 66 resources from src/main/resources to target/classes
[WebServer] [INFO] 
[WebServer] [INFO] --- compiler:3.15.0:compile (default-compile) @ marketops-server ---
[WebServer] [INFO] Nothing to compile - all classes are up to date.
[WebServer] [INFO] 
[WebServer] [INFO] --- resources:3.5.0:testResources (default-testResources) @ marketops-server ---
[WebServer] [INFO] Copying 4 resources from src/test/resources to target/test-classes
[WebServer] [INFO] [WebServer] 
[WebServer] [INFO] --- compiler:3.15.0:testCompile (default-testCompile) @ marketops-server ---
[WebServer] [INFO] Recompiling the module because of changed source code.
[WebServer] [INFO] Compiling 288 source files with javac [debug deprecation parameters release 21] to target/test-classes
[WebServer] [WARNING] /Users/chzhengx/Code/personal/marketops-platform/backend/marketops-server/src/test/java/com/mimococo/marketops/AdvertisingAggregateExposureIT.java:[49,81] asText() in tools.jackson.databind.JsonNode has been deprecated
[WebServer] [WARNING] /Users/chzhengx/Code/personal/marketops-platform/backend/marketops-server/src/test/java/com/mimococo/marketops/AdvertisingAggregateExposureIT.java:[108,68] asText() in tools.jackson.databind.JsonNode has been deprecated
[WebServer] [WARNING] /Users/chzhengx/Code/personal/marketops-platform/backend/marketops-server/src/test/java/com/mimococo/marketops/AdvertisingAggregateExposureIT.java:[162,65] asText() in tools.jackson.databind.JsonNode has been deprecated
[WebServer] [WARNING] /Users/chzhengx/Code/personal/marketops-platform/backend/marketops-server/src/test/java/com/mimococo/marketops/AdvertisingAggregateExposureIT.java:[168,65] asText() in tools.jackson.databind.JsonNode has been deprecated
[WebServer] [WARNING] /Users/chzhengx/Code/personal/marketops-platform/backend/marketops-server/src/test/java/com/mimococo/marketops/AdvertisingAggregateExposureIT.java:[171,76] asText() in tools.jackson.databind.JsonNode has been deprecated
[WebServer] [WARNING] /Users/chzhengx/Code/personal/marketops-platform/backend/marketops-server/src/test/java/com/mimococo/marketops/AdvertisingAggregateExposureIT.java:[250,146] asText() in tools.jackson.databind.JsonNode has been deprecated
[WebServer] [WARNING] /Users/chzhengx/Code/personal/marketops-platform/backend/marketops-server/src/test/java/com/mimococo/marketops/AdvertisingAuthorityVersionStopIT.java:[78,94] asText() in tools.jackson.databind.JsonNode has been deprecated
[WebServer] [WARNING] /Users/chzhengx/Code/personal/marketops-platform/backend/marketops-server/src/test/java/com/mimococo/marketops/AdvertisingAuthorityVersionStopIT.java:[104,64] asText() in tools.jackson.databind.JsonNode has been deprecated
[WebServer] [WARNING] /Users/chzhengx/Code/personal/marketops-platform/backend/marketops-server/src/test/java/com/mimococo/marketops/AdvertisingCrossDomainIsolationIT.java:[60,57] asText() in tools.jackson.databind.JsonNode has been deprecated
[WebServer] [WARNING] /Users/chzhengx/Code/personal/marketops-platform/backend/marketops-server/src/test/java/com/mimococo/marketops/AdvertisingCrossDomainIsolationIT.java:[64,60] asText() in tools.jackson.databind.JsonNode has been deprecated
[WebServer] [WARNING] /Users/chzhengx/Code/personal/marketops-platform/backend/marketops-server/src/test/java/com/mimococo/marketops/AdvertisingCrossDomainIsolationIT.java:[74,95] asText() in tools.jackson.databind.JsonNode has been deprecated
[WebServer] [WARNING] /Users/chzhengx/Code/personal/marketops-platform/backend/marketops-server/src/test/java/com/mimococo/marketops/AdvertisingCrossDomainIsolationIT.java:[104,95] asText() in tools.jackson.databind.JsonNode has been deprecated
[WebServer] [WARNING] /Users/chzhengx/Code/personal/marketops-platform/backend/marketops-server/src/test/java/com/mimococo/marketops/AdvertisingCrossDomainIsolationIT.java:[219,57] asText() in tools.jackson.databind.JsonNode has been deprecated
[WebServer] [WARNING] /Users/chzhengx/Code/personal/marketops-platform/backend/marketops-server/src/test/java/com/mimococo/marketops/AdvertisingCrossDomainIsolationIT.java:[229,57] asText() in tools.jackson.databind.JsonNode has been deprecated
[WebServer] [WARNING] /Users/chzhengx/Code/personal/marketops-platform/backend/marketops-server/src/test/java/com/mimococo/marketops/AdvertisingCrossDomainIsolationIT.java:[244,47] asText() in tools.jackson.databind.JsonNode has been deprecated
[WebServer] [WARNING] /Users/chzhengx/Code/personal/marketops-platform/backend/marketops-server/src/test/java/com/mimococo/marketops/AdvertisingDisclosureIT.java:[83,65] asText() in tools.jackson.databind.JsonNode has been deprecated
[WebServer] [WARNING] /Users/chzhengx/Code/personal/marketops-platform/backend/marketops-server/src/test/java/com/mimococo/marketops/AdvertisingDisclosureIT.java:[86,74] asText() in tools.jackson.databind.JsonNode has been deprecated
[WebServer] [WARNING] /Users/chzhengx/Code/personal/marketops-platform/backend/marketops-server/src/test/java/com/mimococo/marketops/AdvertisingDisclosureIT.java:[95,83] asText() in tools.jackson.databind.JsonNode has been deprecated
[WebServer] [WARNING] /Users/chzhengx/Code/personal/marketops-platform/backend/marketops-server/src/test/java/com/mimococo/marketops/AdvertisingDisclosureIT.java:[118,49] asText() in tools.jackson.databind.JsonNode has been deprecated
[WebServer] [WARNING] /Users/chzhengx/Code/personal/marketops-platform/backend/marketops-server/src/test/java/com/mimococo/marketops/AdvertisingDisclosureIT.java:[167,53] asText() in tools.jackson.databind.JsonNode has been deprecated
[WebServer] [WARNING] /Users/chzhengx/Code/personal/marketops-platform/backend/marketops-server/src/test/java/com/mimococo/marketops/AdvertisingDisclosureIT.java:[211,52] asText() in tools.jackson.databind.JsonNode has been deprecated
[WebServer] [WARNING] /Users/chzhengx/Code/personal/marketops-platform/backend/marketops-server/src/test/java/com/mimococo/marketops/AdvertisingDisclosureIT.java:[287,75] asText() in tools.jackson.databind.JsonNode has been deprecated
[WebServer] [WARNING] /Users/chzhengx/Code/personal/marketops-platform/backend/marketops-server/src/test/java/com/mimococo/marketops/AdvertisingDisclosureIT.java:[288,79] asText() in tools.jackson.databind.JsonNode has been deprecated
[WebServer] [WARNING] /Users/chzhengx/Code/personal/marketops-platform/backend/marketops-server/src/test/java/com/mimococo/marketops/AdvertisingDisclosureIT.java:[291,40] asText() in tools.jackson.databind.JsonNode has been deprecated
[WebServer] [WARNING] /Users/chzhengx/Code/personal/marketops-platform/backend/marketops-server/src/test/java/com/mimococo/marketops/AdvertisingDisclosureIT.java:[293,53] asText() in tools.jackson.databind.JsonNode has been deprecated
[WebServer] [WARNING] /Users/chzhengx/Code/personal/marketops-platform/backend/marketops-server/src/test/java/com/mimococo/marketops/AdvertisingDisclosureIT.java:[352,57] asText() in tools.jackson.databind.JsonNode has been deprecated
[WebServer] [WARNING] /Users/chzhengx/Code/personal/marketops-platform/backend/marketops-server/src/test/java/com/mimococo/marketops/AdvertisingDisclosureIT.java:[354,90] asText() in tools.jackson.databind.JsonNode has been deprecated
[WebServer] [WARNING] /Users/chzhengx/Code/personal/marketops-platform/backend/marketops-server/src/test/java/com/mimococo/marketops/AdvertisingDisclosureIT.java:[405,37] asText() in tools.jackson.databind.JsonNode has been deprecated
[WebServer] [WARNING] /Users/chzhengx/Code/personal/marketops-platform/backend/marketops-server/src/test/java/com/mimococo/marketops/AdvertisingDisclosureIT.java:[406,54] asText() in tools.jackson.databind.JsonNode has been deprecated
[WebServer] [WARNING] /Users/chzhengx/Code/personal/marketops-platform/backend/marketops-server/src/test/java/com/mimococo/marketops/AdvertisingDisclosureIT.java:[410,48] asText() in tools.jackson.databind.JsonNode has been deprecated
[WebServer] [WARNING] /Users/chzhengx/Code/personal/marketops-platform/backend/marketops-server/src/test/java/com/mimococo/marketops/AdvertisingDisclosureIT.java:[428,35] isTextual() in tools.jackson.databind.JsonNode has been deprecated
[WebServer] [WARNING] /Users/chzhengx/Code/personal/marketops-platform/backend/marketops-server/src/test/java/com/mimococo/marketops/AdvertisingDisclosureIT.java:[428,55] asText() in tools.jackson.databind.JsonNode has been deprecated
[WebServer] [WARNING] /Users/chzhengx/Code/personal/marketops-platform/backend/marketops-server/src/test/java/com/mimococo/marketops/AdvertisingDisclosureIT.java:[429,88] asText() in tools.jackson.databind.JsonNode has been deprecated
[WebServer] [WARNING] /Users/chzhengx/Code/personal/marketops-platform/backend/marketops-server/src/test/java/com/mimococo/marketops/AdvertisingHumanWorkflowIT.java:[136,74] asText() in tools.jackson.databind.JsonNode has been deprecated
[WebServer] [WARNING] /Users/chzhengx/Code/personal/marketops-platform/backend/marketops-server/src/test/java/com/mimococo/marketops/AdvertisingHumanWorkflowIT.java:[141,85] asText() in tools.jackson.databind.JsonNode has been deprecated
[WebServer] [WARNING] /Users/chzhengx/Code/personal/marketops-platform/backend/marketops-server/src/test/java/com/mimococo/marketops/AdvertisingHumanWorkflowIT.java:[181,60] asText() in tools.jackson.databind.JsonNode has been deprecated
[WebServer] [WARNING] /Users/chzhengx/Code/personal/marketops-platform/backend/marketops-server/src/test/java/com/mimococo/marketops/AdvertisingManualWorkflowIT.java:[382,69] asText() in tools.jackson.databind.JsonNode has been deprecated
[WebServer] [WARNING] /Users/chzhengx/Code/personal/marketops-platform/backend/marketops-server/src/test/java/com/mimococo/marketops/AdvertisingMaterialityIT.java:[31,46] asText() in tools.jackson.databind.JsonNode has been deprecated
[WebServer] [WARNING] /Users/chzhengx/Code/personal/marketops-platform/backend/marketops-server/src/test/java/com/mimococo/marketops/AdvertisingMaterialityIT.java:[72,40] asText() in tools.jackson.databind.JsonNode has been deprecated
[WebServer] [WARNING] /Users/chzhengx/Code/personal/marketops-platform/backend/marketops-server/src/test/java/com/mimococo/marketops/AdvertisingMaterialityIT.java:[77,46] asText() in tools.jackson.databind.JsonNode has been deprecated
[WebServer] [WARNING] /Users/chzhengx/Code/personal/marketops-platform/backend/marketops-server/src/test/java/com/mimococo/marketops/AdvertisingMaterialityIT.java:[83,40] asText() in tools.jackson.databind.JsonNode has been deprecated[WebServer] 
[WebServer] [WARNING] /Users/chzhengx/Code/personal/marketops-platform/backend/marketops-server/src/test/java/com/mimococo/marketops/AdvertisingSealedAuthorityIT.java:[172,64] asText() in tools.jackson.databind.JsonNode has been deprecated
[WebServer] [WARNING] /Users/chzhengx/Code/personal/marketops-platform/backend/marketops-server/src/test/java/com/mimococo/marketops/AdvertisingSealedAuthorityIT.java:[176,72] asText() in tools.jackson.databind.JsonNode has been deprecated
[WebServer] [WARNING] /Users/chzhengx/Code/personal/marketops-platform/backend/marketops-server/src/test/java/com/mimococo/marketops/AdvertisingSealedAuthorityIT.java:[177,49] asText() in tools.jackson.databind.JsonNode has been deprecated
[WebServer] [WARNING] /Users/chzhengx/Code/personal/marketops-platform/backend/marketops-server/src/test/java/com/mimococo/marketops/advertisingefficiency/AdvertisingRankFactorSerializationTest.java:[18,42] asText() in tools.jackson.databind.JsonNode has been deprecated
[WebServer] [WARNING] /Users/chzhengx/Code/personal/marketops-platform/backend/marketops-server/src/test/java/com/mimococo/marketops/advertisingefficiency/AdvertisingRankFactorSerializationTest.java:[20,43] asText() in tools.jackson.databind.JsonNode has been deprecated
[WebServer] [WARNING] /Users/chzhengx/Code/personal/marketops-platform/backend/marketops-server/src/test/java/com/mimococo/marketops/aicopilot/internal/application/OutputValidatorTest.java:[161,56] redundant cast to java.lang.String[WebServer] 
[WebServer] [WARNING] /Users/chzhengx/Code/personal/marketops-platform/backend/marketops-server/src/test/java/com/mimococo/marketops/marketplaceintegration/adapter/http/PlatformHttpAdaptersTest.java:[103,70] unchecked generic array creation for varargs parameter of type java.util.Optional<java.lang.String>[]
[WebServer] [INFO] 
[WebServer] [INFO] <<< spring-boot:4.1.0:test-run (advertising-browser-fixture) < test-compile @ marketops-server <<<
[WebServer] [INFO] 
[WebServer] [INFO] 
[WebServer] [INFO] --- spring-boot:4.1.0:test-run (advertising-browser-fixture) @ marketops-server ---
[WebServer] [INFO] Attaching agents: []
[WebServer] 2026-09-05T19:09:48.644+08:00 INFO  application=marketops-server environment=local buildVersion=0.1.0-SNAPSHOT correlationId=none c.m.m.AdvertisingBrowserFixtureApplication - Starting AdvertisingBrowserFixtureApplication v0.1.0-SNAPSHOT using Java 21.0.10 with PID 48528 (/Users/chzhengx/Code/personal/marketops-platform/backend/marketops-server/target/test-classes started by chzhengx in /Users/chzhengx/Code/personal/marketops-platform/backend/marketops-server) 
[WebServer] 2026-09-05T19:09:48.646+08:00 DEBUG application=marketops-server environment=local buildVersion=0.1.0-SNAPSHOT correlationId=none c.m.m.AdvertisingBrowserFixtureApplication - Running with Spring Boot v4.1.0, Spring v7.0.8 
[WebServer] 2026-09-05T19:09:48.646+08:00 INFO  application=marketops-server environment=local buildVersion=0.1.0-SNAPSHOT correlationId=none c.m.m.AdvertisingBrowserFixtureApplication - The following 1 profile is active: "local" 
[WebServer] 2026-09-05T19:09:49.836+08:00 INFO  application=marketops-server environment=local buildVersion=0.1.0-SNAPSHOT correlationId=none o.s.boot.tomcat.TomcatWebServer - Tomcat initialized with port 8080 (http) 
[WebServer] 2026-09-05T19:09:49.846+08:00 INFO  application=marketops-server environment=local buildVersion=0.1.0-SNAPSHOT correlationId=none o.a.catalina.core.StandardService - Starting service [Tomcat] 
[WebServer] 2026-09-05T19:09:49.846+08:00 INFO  application=marketops-server environment=local buildVersion=0.1.0-SNAPSHOT correlationId=none o.a.catalina.core.StandardEngine - Starting Servlet engine: [Apache Tomcat/11.0.22] 
[WebServer] 2026-09-05T19:09:49.866+08:00 INFO  application=marketops-server environment=local buildVersion=0.1.0-SNAPSHOT correlationId=none o.s.b.w.c.s.WebApplicationContextInitializer - Root WebApplicationContext: initialization completed in 1191 ms 
[WebServer] 2026-09-05T19:09:49.965+08:00 DEBUG application=marketops-server environment=local buildVersion=0.1.0-SNAPSHOT correlationId=none c.m.m.s.i.c.CorrelationIdFilter - Filter 'correlationIdFilter' configured for use 
[WebServer] 2026-09-05T19:09:54.629+08:00 INFO  application=marketops-server environment=local buildVersion=0.1.0-SNAPSHOT correlationId=none o.s.b.a.e.web.EndpointLinksResolver - Exposing 2 endpoints beneath base path '/actuator' 
[WebServer] 2026-09-05T19:09:54.670+08:00 INFO  application=marketops-server environment=local buildVersion=0.1.0-SNAPSHOT correlationId=none o.s.boot.tomcat.TomcatWebServer - Tomcat started on port 8080 (http) with context path '/' 
[WebServer] 2026-09-05T19:09:54.676+08:00 INFO  application=marketops-server environment=local buildVersion=0.1.0-SNAPSHOT correlationId=none o.s.s.config.TaskSchedulerRouter - No TaskScheduler/ScheduledExecutorService bean found for scheduled processing 
[WebServer] 2026-09-05T19:09:54.679+08:00 INFO  application=marketops-server environment=local buildVersion=0.1.0-SNAPSHOT correlationId=none c.m.m.AdvertisingBrowserFixtureApplication - Started AdvertisingBrowserFixtureApplication in 6.455 seconds (process running for 6.662) 
[WebServer] 2026-09-05T19:09:55.111+08:00 INFO  application=marketops-server environment=local buildVersion=0.1.0-SNAPSHOT correlationId=none c.m.m.a.i.a.JdbcMetadataAuditStore - Metadata change recorded event="metadata_change_recorded" sourceDomain="identityaccess" entityType="user-scope-grant" entityId="1054b231-73ca-4717-b3a7-8a0a2315a151" action="GRANT" actorId="synthetic-ad-browser" correlationId="a2389780-1173-4a0a-91c0-a3034d648b5c"
[WebServer] 2026-09-05T19:09:55.119+08:00 INFO  application=marketops-server environment=local buildVersion=0.1.0-SNAPSHOT correlationId=none c.m.m.a.i.a.JdbcMetadataAuditStore - Metadata change recorded event="metadata_change_recorded" sourceDomain="identityaccess" entityType="user-scope-grant" entityId="3bac875f-8788-4d48-b5bc-c1b9818cdf88" action="GRANT" actorId="synthetic-ad-browser" correlationId="6002c04e-87e5-4356-ad11-dd449fa13f85"
[WebServer] 2026-09-05T19:09:55.123+08:00 INFO  application=marketops-server environment=local buildVersion=0.1.0-SNAPSHOT correlationId=none c.m.m.a.i.a.JdbcMetadataAuditStore - Metadata change recorded event="metadata_change_recorded" sourceDomain="identityaccess" entityType="user-scope-grant" entityId="fdf0f7ab-792b-468b-a39a-e66ad033a36f" action="GRANT" actorId="synthetic-ad-browser" correlationId="33129f13-6661-4c60-a652-a794e9682cc8"
[WebServer] 2026-09-05T19:09:55.126+08:00 INFO  application=marketops-server environment=local buildVersion=0.1.0-SNAPSHOT correlationId=none c.m.m.a.i.a.JdbcMetadataAuditStore - Metadata change recorded event="metadata_change_recorded" sourceDomain="identityaccess" entityType="user-scope-grant" entityId="9806fff8-8a91-417c-b47e-eee49b2406f5" action="GRANT" actorId="synthetic-ad-browser" correlationId="45ba8c14-15ba-402e-aabf-6c1f8f27cb52"
[WebServer] 2026-09-05T19:09:55.130+08:00 INFO  application=marketops-server environment=local buildVersion=0.1.0-SNAPSHOT correlationId=none c.m.m.a.i.a.JdbcMetadataAuditStore - Metadata change recorded event="metadata_change_recorded" sourceDomain="identityaccess" entityType="user-scope-grant" entityId="d297f750-9c87-4c3a-8230-f92518f28572" action="GRANT" actorId="synthetic-ad-browser" correlationId="436575c5-b720-45f0-a8bf-0001a3434fe4"
[WebServer] 2026-09-05T19:09:55.133+08:00 INFO  application=marketops-server environment=local buildVersion=0.1.0-SNAPSHOT correlationId=none c.m.m.a.i.a.JdbcMetadataAuditStore - Metadata change recorded event="metadata_change_recorded" sourceDomain="identityaccess" entityType="user-scope-grant" entityId="0c653552-51ba-4816-a998-d4a134f26594" action="GRANT" actorId="synthetic-ad-browser" correlationId="17ffe2cc-550d-4243-b9fa-b4ce4054d380"
[WebServer] 2026-09-05T19:09:55.136+08:00 INFO  application=marketops-server environment=local buildVersion=0.1.0-SNAPSHOT correlationId=none c.m.m.a.i.a.JdbcMetadataAuditStore - Metadata change recorded event="metadata_change_recorded" sourceDomain="identityaccess" entityType="user-scope-grant" entityId="f1fa0f7a-46b4-4ba1-a08e-9c5b05b02d1f" action="GRANT" actorId="synthetic-ad-browser" correlationId="9ff92b56-671f-4660-b6dc-ffc5b69eff3a"
[WebServer] 2026-09-05T19:09:55.138+08:00 INFO  application=marketops-server environment=local buildVersion=0.1.0-SNAPSHOT correlationId=none c.m.m.a.i.a.JdbcMetadataAuditStore - Metadata change recorded event="metadata_change_recorded" sourceDomain="identityaccess" entityType="user-scope-grant" entityId="ddb3c550-a763-4d3c-8765-45b47704aa40" action="GRANT" actorId="synthetic-ad-browser" correlationId="020d6e1d-e3fa-4769-a94a-63c830abb20b"
[WebServer] 2026-09-05T19:09:55.141+08:00 INFO  application=marketops-server environment=local buildVersion=0.1.0-SNAPSHOT correlationId=none c.m.m.a.i.a.JdbcMetadataAuditStore - Metadata change recorded event="metadata_change_recorded" sourceDomain="identityaccess" entityType="user-scope-grant" entityId="30cc0f04-14e7-4140-b61e-b2d0cdeb333e" action="GRANT" actorId="synthetic-ad-browser" correlationId="e1b3f9f4-2701-4d6c-9e07-5fbe1d80552a"
[WebServer] 2026-09-05T19:09:55.144+08:00 INFO  application=marketops-server environment=local buildVersion=0.1.0-SNAPSHOT correlationId=none c.m.m.a.i.a.JdbcMetadataAuditStore - Metadata change recorded event="metadata_change_recorded" sourceDomain="identityaccess" entityType="user-scope-grant" entityId="db3513ac-6bbc-4c9c-bebd-7dd6f96df071" action="GRANT" actorId="synthetic-ad-browser" correlationId="05565851-19a4-46d7-871c-ceba5d04d0a3"
[WebServer] 2026-09-05T19:09:55.652+08:00 INFO  application=marketops-server environment=local buildVersion=0.1.0-SNAPSHOT correlationId=none c.m.m.a.i.a.JdbcMetadataAuditStore - Metadata change recorded event="metadata_change_recorded" sourceDomain="identityaccess" entityType="user-scope-grant" entityId="66e45a7e-c0f0-4c78-9999-c0f19609e8fb" action="GRANT" actorId="synthetic-manual-browser" correlationId="08b5dc24-6724-40ff-9717-41022346494b"
[WebServer] 2026-09-05T19:09:55.656+08:00 INFO  application=marketops-server environment=local buildVersion=0.1.0-SNAPSHOT correlationId=none c.m.m.a.i.a.JdbcMetadataAuditStore - Metadata change recorded event="metadata_change_recorded" sourceDomain="identityaccess" entityType="user-scope-grant" entityId="d3cb9cb0-bca1-47c0-a9f3-9fa8aea47c85" action="GRANT" actorId="synthetic-manual-browser" correlationId="6849e52b-2d02-4dd9-a662-a0496821b673"
[WebServer] 2026-09-05T19:09:55.659+08:00 INFO  application=marketops-server environment=local buildVersion=0.1.0-SNAPSHOT correlationId=none c.m.m.a.i.a.JdbcMetadataAuditStore - Metadata change recorded event="metadata_change_recorded" sourceDomain="identityaccess" entityType="user-scope-grant" entityId="4535c76b-7641-44c2-a853-2bd1b8f9f68a" action="GRANT" actorId="synthetic-manual-browser" correlationId="c318301e-ed02-4e68-86d7-8371986896c1"
[WebServer] 2026-09-05T19:09:55.690+08:00 INFO  application=marketops-server environment=local buildVersion=0.1.0-SNAPSHOT correlationId=none c.m.m.a.i.a.JdbcMetadataAuditStore - Metadata change recorded event="metadata_change_recorded" sourceDomain="identityaccess" entityType="user-scope-grant" entityId="9539d0af-7d10-4f09-a36b-1bfcc1af3d6a" action="GRANT" actorId="synthetic-manual-browser" correlationId="1bc7bee8-493e-460f-918a-163e178bd5f4"
[WebServer] 2026-09-05T19:09:55.693+08:00 INFO  application=marketops-server environment=local buildVersion=0.1.0-SNAPSHOT correlationId=none c.m.m.a.i.a.JdbcMetadataAuditStore - Metadata change recorded event="metadata_change_recorded" sourceDomain="identityaccess" entityType="user-scope-grant" entityId="a793a65d-5a64-45e3-86fa-7d386286dbf3" action="GRANT" actorId="synthetic-manual-browser" correlationId="ccc5697f-7bf3-4ec8-b2c3-d70c8fe72505"
[WebServer] 2026-09-05T19:09:55.696+08:00 INFO  application=marketops-server environment=local buildVersion=0.1.0-SNAPSHOT correlationId=none c.m.m.a.i.a.JdbcMetadataAuditStore - Metadata change recorded event="metadata_change_recorded" sourceDomain="identityaccess" entityType="user-scope-grant" entityId="cd101f43-63c9-4a8b-8583-1c808ba9b274" action="GRANT" actorId="synthetic-manual-browser" correlationId="d75e5d4b-0260-4042-9ed9-15339ab9d961"
[WebServer] 2026-09-05T19:09:55.703+08:00 INFO  application=marketops-server environment=local buildVersion=0.1.0-SNAPSHOT correlationId=none c.m.m.a.i.a.JdbcMetadataAuditStore - Metadata change recorded event="metadata_change_recorded" sourceDomain="identityaccess" entityType="user-scope-grant" entityId="c47dc2cc-8cf9-42cd-9eb7-93dbbac1ccca" action="GRANT" actorId="synthetic-manual-browser" correlationId="163d1a24-1b76-4846-994c-cfb04aab1eaa"
[WebServer] 2026-09-05T19:09:55.705+08:00 INFO  application=marketops-server environment=local buildVersion=0.1.0-SNAPSHOT correlationId=none c.m.m.a.i.a.JdbcMetadataAuditStore - Metadata change recorded event="metadata_change_recorded" sourceDomain="identityaccess" entityType="user-scope-grant" entityId="196ea52e-72e3-4880-9b94-31b62ff05a80" action="GRANT" actorId="synthetic-manual-browser" correlationId="32d4f808-bda8-401c-97ab-41cf7f6c76ed"
[WebServer] 2026-09-05T19:09:55.708+08:00 INFO  application=marketops-server environment=local buildVersion=0.1.0-SNAPSHOT correlationId=none c.m.m.a.i.a.JdbcMetadataAuditStore - Metadata change recorded event="metadata_change_recorded" sourceDomain="identityaccess" entityType="user-scope-grant" entityId="dba95258-4c3f-4455-8dfb-393c61fe840c" action="GRANT" actorId="synthetic-manual-browser" correlationId="67d2b6ea-c851-4d46-bb4b-4be3728b3cd6"
[WebServer] 2026-09-05T19:09:55.734+08:00 INFO  application=marketops-server environment=local buildVersion=0.1.0-SNAPSHOT correlationId=none c.m.m.a.i.a.JdbcMetadataAuditStore - Metadata change recorded event="metadata_change_recorded" sourceDomain="identityaccess" entityType="user-scope-grant" entityId="b0b8a345-9ce5-44ec-afd9-7f58ec2dac46" action="GRANT" actorId="synthetic-manual-browser" correlationId="4c7f9fef-3f5e-4ba3-bdbe-2629cd41720a"
[WebServer] 2026-09-05T19:09:55.738+08:00 INFO  application=marketops-server environment=local buildVersion=0.1.0-SNAPSHOT correlationId=none c.m.m.a.i.a.JdbcMetadataAuditStore - Metadata change recorded event="metadata_change_recorded" sourceDomain="identityaccess" entityType="user-scope-grant" entityId="9476932d-2af3-487f-96fa-365ba0a85f07" action="GRANT" actorId="synthetic-manual-browser" correlationId="dc6ce67c-1773-4cfc-b967-fc67bb4336ef"
[WebServer] 2026-09-05T19:09:55.741+08:00 INFO  application=marketops-server environment=local buildVersion=0.1.0-SNAPSHOT correlationId=none c.m.m.a.i.a.JdbcMetadataAuditStore - Metadata change recorded event="metadata_change_recorded" sourceDomain="identityaccess" entityType="user-scope-grant" entityId="fdd2a7c1-d80b-43f9-b7e4-ddef3221c6b1" action="GRANT" actorId="synthetic-manual-browser" correlationId="2461ae2f-566a-4265-8ebc-826f99069bee"
[WebServer] 2026-09-05T19:09:55.744+08:00 INFO  application=marketops-server environment=local buildVersion=0.1.0-SNAPSHOT correlationId=none c.m.m.a.i.a.JdbcMetadataAuditStore - Metadata change recorded event="metadata_change_recorded" sourceDomain="identityaccess" entityType="user-scope-grant" entityId="f3350a2c-2c25-43f4-ac7d-32670210f9dd" action="GRANT" actorId="synthetic-manual-browser" correlationId="4e5e4292-2f12-4e12-bf31-aef73abdbd3f"
[WebServer] 2026-09-05T19:09:55.746+08:00 INFO  application=marketops-server environment=local buildVersion=0.1.0-SNAPSHOT correlationId=none c.m.m.a.i.a.JdbcMetadataAuditStore - Metadata change recorded event="metadata_change_recorded" sourceDomain="identityaccess" entityType="user-scope-grant" entityId="3a910d20-f7d9-46a8-b753-31f7ef1ecb07" action="GRANT" actorId="synthetic-manual-browser" correlationId="9bdc8bad-d1c2-4585-8684-f4b24ad82cee"
[WebServer] 2026-09-05T19:09:55.749+08:00 INFO  application=marketops-server environment=local buildVersion=0.1.0-SNAPSHOT correlationId=none c.m.m.a.i.a.JdbcMetadataAuditStore - Metadata change recorded event="metadata_change_recorded" sourceDomain="identityaccess" entityType="user-scope-grant" entityId="48a9506b-600e-4129-a3d8-39b4864e49c1" action="GRANT" actorId="synthetic-manual-browser" correlationId="2324a650-ca3f-419d-818f-e6c0c0f4306d"
[WebServer] 2026-09-05T19:09:56.327+08:00 INFO  application=marketops-server environment=local buildVersion=0.1.0-SNAPSHOT correlationId=none c.m.m.a.i.a.JdbcMetadataAuditStore - Metadata change recorded event="metadata_change_recorded" sourceDomain="identityaccess" entityType="user-scope-grant" entityId="703fc9d7-caf0-4f11-9337-970754406851" action="GRANT" actorId="synthetic-manual-browser" correlationId="68034d70-f295-4d89-81a4-719807ac2742"
[WebServer] 2026-09-05T19:09:56.330+08:00 INFO  application=marketops-server environment=local buildVersion=0.1.0-SNAPSHOT correlationId=none c.m.m.a.i.a.JdbcMetadataAuditStore - Metadata change recorded event="metadata_change_recorded" sourceDomain="identityaccess" entityType="user-scope-grant" entityId="2df7b24a-6b53-4b76-a5e6-92a22a34ec2c" action="GRANT" actorId="synthetic-manual-browser" correlationId="7bb5f110-57c4-4237-9ac8-60b7fd48fa2d"
[WebServer] 2026-09-05T19:09:56.333+08:00 INFO  application=marketops-server environment=local buildVersion=0.1.0-SNAPSHOT correlationId=none c.m.m.a.i.a.JdbcMetadataAuditStore - Metadata change recorded event="metadata_change_recorded" sourceDomain="identityaccess" entityType="user-scope-grant" entityId="04dc4efa-0ebd-445d-9c60-793bb2cbca6a" action="GRANT" actorId="synthetic-manual-browser" correlationId="6bdb2fed-d4a9-454a-88de-9a08836409b1"
[WebServer] 2026-09-05T19:09:56.357+08:00 INFO  application=marketops-server environment=local buildVersion=0.1.0-SNAPSHOT correlationId=none c.m.m.a.i.a.JdbcMetadataAuditStore - Metadata change recorded event="metadata_change_recorded" sourceDomain="identityaccess" entityType="user-scope-grant" entityId="b329abed-4402-48f5-b844-5b19589742ea" action="GRANT" actorId="synthetic-manual-browser" correlationId="a67936a2-b4ca-45e3-96d7-c558dd377c2e"
[WebServer] 2026-09-05T19:09:56.360+08:00 INFO  application=marketops-server environment=local buildVersion=0.1.0-SNAPSHOT correlationId=none c.m.m.a.i.a.JdbcMetadataAuditStore - Metadata change recorded event="metadata_change_recorded" sourceDomain="identityaccess" entityType="user-scope-grant" entityId="8f79512c-4dac-498e-8e4b-e59313ca3a5a" action="GRANT" actorId="synthetic-manual-browser" correlationId="f707e414-4c8d-4eae-b869-c83c50fccf89"
[WebServer] 2026-09-05T19:09:56.363+08:00 INFO  application=marketops-server environment=local buildVersion=0.1.0-SNAPSHOT correlationId=none c.m.m.a.i.a.JdbcMetadataAuditStore - Metadata change recorded event="metadata_change_recorded" sourceDomain="identityaccess" entityType="user-scope-grant" entityId="c9f372d5-29c7-4b38-82a0-218720197e3c" action="GRANT" actorId="synthetic-manual-browser" correlationId="11a5b710-ee8e-429b-ae4d-c58260810cba"
[WebServer] 2026-09-05T19:09:56.366+08:00 INFO  application=marketops-server environment=local buildVersion=0.1.0-SNAPSHOT correlationId=none c.m.m.a.i.a.JdbcMetadataAuditStore - Metadata change recorded event="metadata_change_recorded" sourceDomain="identityaccess" entityType="user-scope-grant" entityId="b97dd4ce-8638-4b39-8d41-3ab541d373a9" action="GRANT" actorId="synthetic-manual-browser" correlationId="3513bd10-3b7d-4da9-9ecc-51c2761c850a"
[WebServer] 2026-09-05T19:09:56.368+08:00 INFO  application=marketops-server environment=local buildVersion=0.1.0-SNAPSHOT correlationId=none c.m.m.a.i.a.JdbcMetadataAuditStore - Metadata change recorded event="metadata_change_recorded" sourceDomain="identityaccess" entityType="user-scope-grant" entityId="eb1c4acb-780f-4a76-8f30-c52af05763ef" action="GRANT" actorId="synthetic-manual-browser" correlationId="bf474117-62bf-4a07-ae1e-e3cad9b18f03"
[WebServer] 2026-09-05T19:09:56.371+08:00 INFO  application=marketops-server environment=local buildVersion=0.1.0-SNAPSHOT correlationId=none c.m.m.a.i.a.JdbcMetadataAuditStore - Metadata change recorded event="metadata_change_recorded" sourceDomain="identityaccess" entityType="user-scope-grant" entityId="fd7bd54e-04e1-4ccf-a753-fdc4813de3fc" action="GRANT" actorId="synthetic-manual-browser" correlationId="6596b60f-d4b3-403c-bd34-5012099fc71f"
[WebServer] 2026-09-05T19:09:56.395+08:00 INFO  application=marketops-server environment=local buildVersion=0.1.0-SNAPSHOT correlationId=none c.m.m.a.i.a.JdbcMetadataAuditStore - Metadata change recorded event="metadata_change_recorded" sourceDomain="identityaccess" entityType="user-scope-grant" entityId="4fc9a4fd-b2c0-456b-8e19-742b2c9f8079" action="GRANT" actorId="synthetic-manual-browser" correlationId="5d58fee5-54b5-45b1-8bb8-669dc84c661c"
[WebServer] 2026-09-05T19:09:56.398+08:00 INFO  application=marketops-server environment=local buildVersion=0.1.0-SNAPSHOT correlationId=none c.m.m.a.i.a.JdbcMetadataAuditStore - Metadata change recorded event="metadata_change_recorded" sourceDomain="identityaccess" entityType="user-scope-grant" entityId="5c53d4d3-3f39-44e2-b18f-a164cebaca4a" action="GRANT" actorId="synthetic-manual-browser" correlationId="9e25291d-d026-41df-a6fc-181e5949b1bb"
[WebServer] 2026-09-05T19:09:56.400+08:00 INFO  application=marketops-server environment=local buildVersion=0.1.0-SNAPSHOT correlationId=none c.m.m.a.i.a.JdbcMetadataAuditStore - Metadata change recorded event="metadata_change_recorded" sourceDomain="identityaccess" entityType="user-scope-grant" entityId="e2379b18-1200-4bc8-8c4b-5bb385278dde" action="GRANT" actorId="synthetic-manual-browser" correlationId="fc7952fd-6848-4766-809e-7bd7dd667d44"
[WebServer] 2026-09-05T19:09:56.403+08:00 INFO  application=marketops-server environment=local buildVersion=0.1.0-SNAPSHOT correlationId=none c.m.m.a.i.a.JdbcMetadataAuditStore - Metadata change recorded event="metadata_change_recorded" sourceDomain="identityaccess" entityType="user-scope-grant" entityId="975380e3-eb83-4ade-aec0-ab62d957edf5" action="GRANT" actorId="synthetic-manual-browser" correlationId="d9016eee-a199-463b-9cc5-074b471b1f8d"
[WebServer] 2026-09-05T19:09:56.406+08:00 INFO  application=marketops-server environment=local buildVersion=0.1.0-SNAPSHOT correlationId=none c.m.m.a.i.a.JdbcMetadataAuditStore - Metadata change recorded event="metadata_change_recorded" sourceDomain="identityaccess" entityType="user-scope-grant" entityId="e1be638d-f9e1-490c-8b1c-fae635910537" action="GRANT" actorId="synthetic-manual-browser" correlationId="f0ad1682-31e2-4cfb-a62a-c1bd4a4d7e11"
[WebServer] 2026-09-05T19:09:56.409+08:00 INFO  application=marketops-server environment=local buildVersion=0.1.0-SNAPSHOT correlationId=none c.m.m.a.i.a.JdbcMetadataAuditStore - Metadata change recorded event="metadata_change_recorded" sourceDomain="identityaccess" entityType="user-scope-grant" entityId="18a0155e-496d-4144-b46e-993339dc302b" action="GRANT" actorId="synthetic-manual-browser" correlationId="099baace-4e33-40a0-9a6c-07ce58f1b7d0"
[WebServer] 2026-09-05T19:09:56.951+08:00 INFO  application=marketops-server environment=local buildVersion=0.1.0-SNAPSHOT correlationId=none c.m.m.a.i.a.JdbcMetadataAuditStore - Metadata change recorded event="metadata_change_recorded" sourceDomain="identityaccess" entityType="user-scope-grant" entityId="881971ff-881a-4e37-8dac-71ddffea1481" action="GRANT" actorId="synthetic-manual-browser" correlationId="e6ed8a55-5197-4ed7-a87f-7615465ebb1a"
[WebServer] 2026-09-05T19:09:56.954+08:00 INFO  application=marketops-server environment=local buildVersion=0.1.0-SNAPSHOT correlationId=none c.m.m.a.i.a.JdbcMetadataAuditStore - Metadata change recorded event="metadata_change_recorded" sourceDomain="identityaccess" entityType="user-scope-grant" entityId="dc5735bf-38d5-4eeb-a2d0-8a056d713dee" action="GRANT" actorId="synthetic-manual-browser" correlationId="214b7ca4-ca83-4287-8eb3-7c57a4f80956"
[WebServer] 2026-09-05T19:09:56.957+08:00 INFO  application=marketops-server environment=local buildVersion=0.1.0-SNAPSHOT correlationId=none c.m.m.a.i.a.JdbcMetadataAuditStore - Metadata change recorded event="metadata_change_recorded" sourceDomain="identityaccess" entityType="user-scope-grant" entityId="3347a0d4-3902-4bae-b7f9-c105f0be4366" action="GRANT" actorId="synthetic-manual-browser" correlationId="b779cca8-e4d6-4238-b1bb-0752abceb2ec"
[WebServer] 2026-09-05T19:09:56.982+08:00 INFO  application=marketops-server environment=local buildVersion=0.1.0-SNAPSHOT correlationId=none c.m.m.a.i.a.JdbcMetadataAuditStore - Metadata change recorded event="metadata_change_recorded" sourceDomain="identityaccess" entityType="user-scope-grant" entityId="2945cb6d-cb2f-498e-a770-1c7b6eb9cf6c" action="GRANT" actorId="synthetic-manual-browser" correlationId="887dee4f-37f6-48bd-8a8a-b20cb2b3cb84"
[WebServer] 2026-09-05T19:09:56.988+08:00 INFO  application=marketops-server environment=local buildVersion=0.1.0-SNAPSHOT correlationId=none c.m.m.a.i.a.JdbcMetadataAuditStore - Metadata change recorded event="metadata_change_recorded" sourceDomain="identityaccess" entityType="user-scope-grant" entityId="6d24e599-b6ee-44eb-a395-d55ed5bfcb4a" action="GRANT" actorId="synthetic-manual-browser" correlationId="16f6ab7c-c119-4002-93da-51bbe627175e"
[WebServer] 2026-09-05T19:09:56.993+08:00 INFO  application=marketops-server environment=local buildVersion=0.1.0-SNAPSHOT correlationId=none c.m.m.a.i.a.JdbcMetadataAuditStore - Metadata change recorded event="metadata_change_recorded" sourceDomain="identityaccess" entityType="user-scope-grant" entityId="c445cf53-791f-4562-b265-7ff19724c513" action="GRANT" actorId="synthetic-manual-browser" correlationId="ba1990ff-6dd2-4fdc-9f91-0a7058abcfc8"
[WebServer] 2026-09-05T19:09:56.995+08:00 INFO  application=marketops-server environment=local buildVersion=0.1.0-SNAPSHOT correlationId=none c.m.m.a.i.a.JdbcMetadataAuditStore - Metadata change recorded event="metadata_change_recorded" sourceDomain="identityaccess" entityType="user-scope-grant" entityId="a4384eb0-e118-4ef6-b45b-d794ce8b8688" action="GRANT" actorId="synthetic-manual-browser" correlationId="8e193dcc-6b0f-40ec-bc6b-7c7dcc3c7adc"
[WebServer] 2026-09-05T19:09:56.998+08:00 INFO  application=marketops-server environment=local buildVersion=0.1.0-SNAPSHOT correlationId=none c.m.m.a.i.a.JdbcMetadataAuditStore - Metadata change recorded event="metadata_change_recorded" sourceDomain="identityaccess" entityType="user-scope-grant" entityId="5d6d957e-9311-436f-b727-78fade41524b" action="GRANT" actorId="synthetic-manual-browser" correlationId="9f8046d7-a8c6-46a5-8dab-fa5deb6f46e9"
[WebServer] 2026-09-05T19:09:57.002+08:00 INFO  application=marketops-server environment=local buildVersion=0.1.0-SNAPSHOT correlationId=none c.m.m.a.i.a.JdbcMetadataAuditStore - Metadata change recorded event="metadata_change_recorded" sourceDomain="identityaccess" entityType="user-scope-grant" entityId="c51edc0e-d409-4b2c-9f62-ddd335b4ebf8" action="GRANT" actorId="synthetic-manual-browser" correlationId="a62a2bda-c34c-4948-af0d-fefda9defd3d"
[WebServer] 2026-09-05T19:09:57.029+08:00 INFO  application=marketops-server environment=local buildVersion=0.1.0-SNAPSHOT correlationId=none c.m.m.a.i.a.JdbcMetadataAuditStore - Metadata change recorded event="metadata_change_recorded" sourceDomain="identityaccess" entityType="user-scope-grant" entityId="add8f3a3-5599-4705-bb9f-c5756d67c218" action="GRANT" actorId="synthetic-manual-browser" correlationId="2b4a6381-1f85-4617-9bb1-f374a3b6c4ba"
[WebServer] 2026-09-05T19:09:57.032+08:00 INFO  application=marketops-server environment=local buildVersion=0.1.0-SNAPSHOT correlationId=none c.m.m.a.i.a.JdbcMetadataAuditStore - Metadata change recorded event="metadata_change_recorded" sourceDomain="identityaccess" entityType="user-scope-grant" entityId="5a7dc2f2-68e2-478c-875f-a47fbf508045" action="GRANT" actorId="synthetic-manual-browser" correlationId="7f111890-e3e0-4758-a445-dd0dac0543b3"
[WebServer] 2026-09-05T19:09:57.034+08:00 INFO  application=marketops-server environment=local buildVersion=0.1.0-SNAPSHOT correlationId=none c.m.m.a.i.a.JdbcMetadataAuditStore - Metadata change recorded event="metadata_change_recorded" sourceDomain="identityaccess" entityType="user-scope-grant" entityId="57e7a411-f780-4277-99cb-6ab45dc12faa" action="GRANT" actorId="synthetic-manual-browser" correlationId="893c3d07-ae0b-4bb7-a730-6b088af9b86d"
[WebServer] 2026-09-05T19:09:57.037+08:00 INFO  application=marketops-server environment=local buildVersion=0.1.0-SNAPSHOT correlationId=none c.m.m.a.i.a.JdbcMetadataAuditStore - Metadata change recorded event="metadata_change_recorded" sourceDomain="identityaccess" entityType="user-scope-grant" entityId="d5de1985-c7df-4698-9b6e-1f72c17c10cf" action="GRANT" actorId="synthetic-manual-browser" correlationId="133424da-e065-4e1c-b97e-b91d80c8d861"
[WebServer] 2026-09-05T19:09:57.039+08:00 INFO  application=marketops-server environment=local buildVersion=0.1.0-SNAPSHOT correlationId=none c.m.m.a.i.a.JdbcMetadataAuditStore - Metadata change recorded event="metadata_change_recorded" sourceDomain="identityaccess" entityType="user-scope-grant" entityId="c842fabc-bd8c-4d20-90d9-a25d182f2602" action="GRANT" actorId="synthetic-manual-browser" correlationId="8285041a-07d4-4c01-99c8-7c4a43344fce"
[WebServer] 2026-09-05T19:09:57.041+08:00 INFO  application=marketops-server environment=local buildVersion=0.1.0-SNAPSHOT correlationId=none c.m.m.a.i.a.JdbcMetadataAuditStore - Metadata change recorded event="metadata_change_recorded" sourceDomain="identityaccess" entityType="user-scope-grant" entityId="1d4a7dbf-e549-44d5-b1df-478100fbf062" action="GRANT" actorId="synthetic-manual-browser" correlationId="4848fb95-11a7-44d7-9291-7991ab225bb6"
[WebServer] 2026-09-05T19:09:57.519+08:00 INFO  application=marketops-server environment=local buildVersion=0.1.0-SNAPSHOT correlationId=none c.m.m.a.i.a.JdbcMetadataAuditStore - Metadata change recorded event="metadata_change_recorded" sourceDomain="identityaccess" entityType="user-scope-grant" entityId="d08e89c6-cca0-4c18-9230-666a95f848d5" action="GRANT" actorId="synthetic-manual-browser" correlationId="162e93ca-d759-40ce-a7cd-23e9be333db4"
[WebServer] 2026-09-05T19:09:57.522+08:00 INFO  application=marketops-server environment=local buildVersion=0.1.0-SNAPSHOT correlationId=none c.m.m.a.i.a.JdbcMetadataAuditStore - Metadata change recorded event="metadata_change_recorded" sourceDomain="identityaccess" entityType="user-scope-grant" entityId="fd2dfdf5-def4-41a9-86fc-0f903e45a77c" action="GRANT" actorId="synthetic-manual-browser" correlationId="51d57799-75d3-43d0-a2ae-54aaaeb0edc6"
[WebServer] 2026-09-05T19:09:57.525+08:00 INFO  application=marketops-server environment=local buildVersion=0.1.0-SNAPSHOT correlationId=none c.m.m.a.i.a.JdbcMetadataAuditStore - Metadata change recorded event="metadata_change_recorded" sourceDomain="identityaccess" entityType="user-scope-grant" entityId="4f6414da-2b82-48c0-b135-45ea6206fe41" action="GRANT" actorId="synthetic-manual-browser" correlationId="9fa625ef-7538-4993-aed7-daf7904f95fc"
[WebServer] 2026-09-05T19:09:57.554+08:00 INFO  application=marketops-server environment=local buildVersion=0.1.0-SNAPSHOT correlationId=none c.m.m.a.i.a.JdbcMetadataAuditStore - Metadata change recorded event="metadata_change_recorded" sourceDomain="identityaccess" entityType="user-scope-grant" entityId="3458919c-90c3-4258-a938-f446aafa6d84" action="GRANT" actorId="synthetic-manual-browser" correlationId="f882f260-521c-4126-ab89-409bdd354218"
[WebServer] 2026-09-05T19:09:57.557+08:00 INFO  application=marketops-server environment=local buildVersion=0.1.0-SNAPSHOT correlationId=none c.m.m.a.i.a.JdbcMetadataAuditStore - Metadata change recorded event="metadata_change_recorded" sourceDomain="identityaccess" entityType="user-scope-grant" entityId="2b1a0667-168a-40d8-ab7f-815c5f309b61" action="GRANT" actorId="synthetic-manual-browser" correlationId="dd882a74-5cad-4c7f-a96f-941da82d5fa6"
[WebServer] 2026-09-05T19:09:57.560+08:00 INFO  application=marketops-server environment=local buildVersion=0.1.0-SNAPSHOT correlationId=none c.m.m.a.i.a.JdbcMetadataAuditStore - Metadata change recorded event="metadata_change_recorded" sourceDomain="identityaccess" entityType="user-scope-grant" entityId="8001776d-813a-4334-a4c7-6e7a65dff8be" action="GRANT" actorId="synthetic-manual-browser" correlationId="fab33384-c640-4d38-9d8f-0cf3ee26cc02"
[WebServer] 2026-09-05T19:09:57.562+08:00 INFO  application=marketops-server environment=local buildVersion=0.1.0-SNAPSHOT correlationId=none c.m.m.a.i.a.JdbcMetadataAuditStore - Metadata change recorded event="metadata_change_recorded" sourceDomain="identityaccess" entityType="user-scope-grant" entityId="4db0b5ac-ab86-45da-a353-56d5b52b1a4d" action="GRANT" actorId="synthetic-manual-browser" correlationId="7129ad70-15de-463b-b847-e1ed27d366a7"
[WebServer] 2026-09-05T19:09:57.564+08:00 INFO  application=marketops-server environment=local buildVersion=0.1.0-SNAPSHOT correlationId=none c.m.m.a.i.a.JdbcMetadataAuditStore - Metadata change recorded event="metadata_change_recorded" sourceDomain="identityaccess" entityType="user-scope-grant" entityId="2cb87f7c-c20b-46d6-9e96-08f8bd34fedf" action="GRANT" actorId="synthetic-manual-browser" correlationId="891f76ef-2817-4fc4-8081-0a57bd61b4dd"
[WebServer] 2026-09-05T19:09:57.567+08:00 INFO  application=marketops-server environment=local buildVersion=0.1.0-SNAPSHOT correlationId=none c.m.m.a.i.a.JdbcMetadataAuditStore - Metadata change recorded event="metadata_change_recorded" sourceDomain="identityaccess" entityType="user-scope-grant" entityId="96a934d0-0312-4226-9c92-57fcad07d8d6" action="GRANT" actorId="synthetic-manual-browser" correlationId="430b3d3f-7367-42a2-a7fc-a429b7eca60e"
[WebServer] 2026-09-05T19:09:57.592+08:00 INFO  application=marketops-server environment=local buildVersion=0.1.0-SNAPSHOT correlationId=none c.m.m.a.i.a.JdbcMetadataAuditStore - Metadata change recorded event="metadata_change_recorded" sourceDomain="identityaccess" entityType="user-scope-grant" entityId="47ae579d-3578-49c2-8f37-c0b013e661f9" action="GRANT" actorId="synthetic-manual-browser" correlationId="3d3b9daa-ec04-44ce-bda7-73843b6fa8f4"
[WebServer] 2026-09-05T19:09:57.595+08:00 INFO  application=marketops-server environment=local buildVersion=0.1.0-SNAPSHOT correlationId=none c.m.m.a.i.a.JdbcMetadataAuditStore - Metadata change recorded event="metadata_change_recorded" sourceDomain="identityaccess" entityType="user-scope-grant" entityId="b314e773-f36d-460b-a298-6e9de904a2f7" action="GRANT" actorId="synthetic-manual-browser" correlationId="377239fd-e001-47cc-9728-212efdbeea1c"
[WebServer] 2026-09-05T19:09:57.597+08:00 INFO  application=marketops-server environment=local buildVersion=0.1.0-SNAPSHOT correlationId=none c.m.m.a.i.a.JdbcMetadataAuditStore - Metadata change recorded event="metadata_change_recorded" sourceDomain="identityaccess" entityType="user-scope-grant" entityId="fe7ee42c-b06c-4be7-bd3b-de53a4e35f8a" action="GRANT" actorId="synthetic-manual-browser" correlationId="44235445-ebcf-438a-84eb-d288a3759b2b"
[WebServer] 2026-09-05T19:09:57.600+08:00 INFO  application=marketops-server environment=local buildVersion=0.1.0-SNAPSHOT correlationId=none c.m.m.a.i.a.JdbcMetadataAuditStore - Metadata change recorded event="metadata_change_recorded" sourceDomain="identityaccess" entityType="user-scope-grant" entityId="e9da26e1-2853-4065-9f65-8bfbbf6c7c29" action="GRANT" actorId="synthetic-manual-browser" correlationId="2a523cbe-22d4-4aba-90cf-d767e99390b5"
[WebServer] 2026-09-05T19:09:57.602+08:00 INFO  application=marketops-server environment=local buildVersion=0.1.0-SNAPSHOT correlationId=none c.m.m.a.i.a.JdbcMetadataAuditStore - Metadata change recorded event="metadata_change_recorded" sourceDomain="identityaccess" entityType="user-scope-grant" entityId="a3f6d2d3-c070-40a9-ae50-04d5be15564c" action="GRANT" actorId="synthetic-manual-browser" correlationId="33a4f4c2-a73a-43d0-ab3b-3eeb157f50f6"
[WebServer] 2026-09-05T19:09:57.606+08:00 INFO  application=marketops-server environment=local buildVersion=0.1.0-SNAPSHOT correlationId=none c.m.m.a.i.a.JdbcMetadataAuditStore - Metadata change recorded event="metadata_change_recorded" sourceDomain="identityaccess" entityType="user-scope-grant" entityId="531653c6-3627-44c2-a6df-86f3f940d32d" action="GRANT" actorId="synthetic-manual-browser" correlationId="4228542b-863f-4bc2-a352-bc057466c26e"
[WebServer] 2026-09-05T19:09:58.077+08:00 INFO  application=marketops-server environment=local buildVersion=0.1.0-SNAPSHOT correlationId=none c.m.m.a.i.a.JdbcMetadataAuditStore - Metadata change recorded event="metadata_change_recorded" sourceDomain="identityaccess" entityType="user-scope-grant" entityId="414f0066-19d8-416f-af34-9797812f5ec2" action="GRANT" actorId="synthetic-manual-browser" correlationId="4504109c-4b57-41f2-b301-d996455a6cb6"
[WebServer] 2026-09-05T19:09:58.080+08:00 INFO  application=marketops-server environment=local buildVersion=0.1.0-SNAPSHOT correlationId=none c.m.m.a.i.a.JdbcMetadataAuditStore - Metadata change recorded event="metadata_change_recorded" sourceDomain="identityaccess" entityType="user-scope-grant" entityId="d0129003-4be7-41e5-b33f-299cf443616d" action="GRANT" actorId="synthetic-manual-browser" correlationId="7ccf8d95-36ef-4ffe-86dc-05dd57737c9f"
[WebServer] 2026-09-05T19:09:58.083+08:00 INFO  application=marketops-server environment=local buildVersion=0.1.0-SNAPSHOT correlationId=none c.m.m.a.i.a.JdbcMetadataAuditStore - Metadata change recorded event="metadata_change_recorded" sourceDomain="identityaccess" entityType="user-scope-grant" entityId="758e0e4d-4bd7-40ab-baf8-0e09120f4c02" action="GRANT" actorId="synthetic-manual-browser" correlationId="46d09614-a2b8-448e-9dda-a7c19e1441f4"
[WebServer] 2026-09-05T19:09:58.105+08:00 INFO  application=marketops-server environment=local buildVersion=0.1.0-SNAPSHOT correlationId=none c.m.m.a.i.a.JdbcMetadataAuditStore - Metadata change recorded event="metadata_change_recorded" sourceDomain="identityaccess" entityType="user-scope-grant" entityId="e5a9f24e-47da-4c3a-9852-cb9b3baa6643" action="GRANT" actorId="synthetic-manual-browser" correlationId="d6149178-dbd0-4723-b590-c709e48d4095"
[WebServer] 2026-09-05T19:09:58.108+08:00 INFO  application=marketops-server environment=local buildVersion=0.1.0-SNAPSHOT correlationId=none c.m.m.a.i.a.JdbcMetadataAuditStore - Metadata change recorded event="metadata_change_recorded" sourceDomain="identityaccess" entityType="user-scope-grant" entityId="cba8529e-e820-4451-a093-430a5b4fe778" action="GRANT" actorId="synthetic-manual-browser" correlationId="f0873264-0d62-447d-95ac-b6edef7e2722"
[WebServer] 2026-09-05T19:09:58.111+08:00 INFO  application=marketops-server environment=local buildVersion=0.1.0-SNAPSHOT correlationId=none c.m.m.a.i.a.JdbcMetadataAuditStore - Metadata change recorded event="metadata_change_recorded" sourceDomain="identityaccess" entityType="user-scope-grant" entityId="9ea85831-c179-4ca8-836e-d0898341130a" action="GRANT" actorId="synthetic-manual-browser" correlationId="e853412e-ae78-49d9-b32d-8dc9545dcc51"
[WebServer] 2026-09-05T19:09:58.115+08:00 INFO  application=marketops-server environment=local buildVersion=0.1.0-SNAPSHOT correlationId=none c.m.m.a.i.a.JdbcMetadataAuditStore - Metadata change recorded event="metadata_change_recorded" sourceDomain="identityaccess" entityType="user-scope-grant" entityId="2d0e8770-f505-4a67-9ae8-02b95b719cfa" action="GRANT" actorId="synthetic-manual-browser" correlationId="4a9fd948-03b6-4450-ad3f-482bbe15f65c"
[WebServer] 2026-09-05T19:09:58.118+08:00 INFO  application=marketops-server environment=local buildVersion=0.1.0-SNAPSHOT correlationId=none c.m.m.a.i.a.JdbcMetadataAuditStore - Metadata change recorded event="metadata_change_recorded" sourceDomain="identityaccess" entityType="user-scope-grant" entityId="2d7f00af-c69b-4e4b-b867-9a98f2c48e77" action="GRANT" actorId="synthetic-manual-browser" correlationId="ae8bb02b-5c77-4dde-83a6-d65414bf24da"
[WebServer] 2026-09-05T19:09:58.120+08:00 INFO  application=marketops-server environment=local buildVersion=0.1.0-SNAPSHOT correlationId=none c.m.m.a.i.a.JdbcMetadataAuditStore - Metadata change recorded event="metadata_change_recorded" sourceDomain="identityaccess" entityType="user-scope-grant" entityId="e71741ed-eaa2-46a9-814f-ad78528ddcdf" action="GRANT" actorId="synthetic-manual-browser" correlationId="d0632b03-2020-44ca-91bd-1e625bff1de4"
[WebServer] 2026-09-05T19:09:58.147+08:00 INFO  application=marketops-server environment=local buildVersion=0.1.0-SNAPSHOT correlationId=none c.m.m.a.i.a.JdbcMetadataAuditStore - Metadata change recorded event="metadata_change_recorded" sourceDomain="identityaccess" entityType="user-scope-grant" entityId="8beeed29-b750-4c70-9f61-2b216c8f29d4" action="GRANT" actorId="synthetic-manual-browser" correlationId="66a59043-e068-446f-84ec-a64a8f779f1d"
[WebServer] 2026-09-05T19:09:58.151+08:00 INFO  application=marketops-server environment=local buildVersion=0.1.0-SNAPSHOT correlationId=none c.m.m.a.i.a.JdbcMetadataAuditStore - Metadata change recorded event="metadata_change_recorded" sourceDomain="identityaccess" entityType="user-scope-grant" entityId="0828ea29-fd61-44f7-877c-8979cd08471d" action="GRANT" actorId="synthetic-manual-browser" correlationId="5c626aa2-b7e4-480f-a73c-e914ee5ce3be"
[WebServer] 2026-09-05T19:09:58.154+08:00 INFO  application=marketops-server environment=local buildVersion=0.1.0-SNAPSHOT correlationId=none c.m.m.a.i.a.JdbcMetadataAuditStore - Metadata change recorded event="metadata_change_recorded" sourceDomain="identityaccess" entityType="user-scope-grant" entityId="8f96b265-961d-467d-baa8-0512ebcd3c45" action="GRANT" actorId="synthetic-manual-browser" correlationId="4a17fb31-4e8b-4069-b116-36b448cd7008"
[WebServer] 2026-09-05T19:09:58.157+08:00 INFO  application=marketops-server environment=local buildVersion=0.1.0-SNAPSHOT correlationId=none c.m.m.a.i.a.JdbcMetadataAuditStore - Metadata change recorded event="metadata_change_recorded" sourceDomain="identityaccess" entityType="user-scope-grant" entityId="12ec8304-34db-4777-968b-842ab45e5f47" action="GRANT" actorId="synthetic-manual-browser" correlationId="e6229f3d-3be3-461c-9d02-483931cc8876"
[WebServer] 2026-09-05T19:09:58.160+08:00 INFO  application=marketops-server environment=local buildVersion=0.1.0-SNAPSHOT correlationId=none c.m.m.a.i.a.JdbcMetadataAuditStore - Metadata change recorded event="metadata_change_recorded" sourceDomain="identityaccess" entityType="user-scope-grant" entityId="a9a12f59-0308-4342-bbe1-a1b62cf3f657" action="GRANT" actorId="synthetic-manual-browser" correlationId="a2fad376-19b7-40fc-9a0c-23d58ba7cb19"
[WebServer] 2026-09-05T19:09:58.163+08:00 INFO  application=marketops-server environment=local buildVersion=0.1.0-SNAPSHOT correlationId=none c.m.m.a.i.a.JdbcMetadataAuditStore - Metadata change recorded event="metadata_change_recorded" sourceDomain="identityaccess" entityType="user-scope-grant" entityId="fe180ea3-a875-45e0-9a9d-25fccaad77d1" action="GRANT" actorId="synthetic-manual-browser" correlationId="ba0f3956-5b4c-4124-81fb-6eb27a282080"
[WebServer] 2026-09-05T19:09:58.812+08:00 INFO  application=marketops-server environment=local buildVersion=0.1.0-SNAPSHOT correlationId=none c.m.m.a.i.a.JdbcMetadataAuditStore - Metadata change recorded event="metadata_change_recorded" sourceDomain="identityaccess" entityType="user-scope-grant" entityId="da3f2c08-62f3-4fc2-b26d-42691cad252a" action="GRANT" actorId="synthetic-manual-browser" correlationId="1594e9da-2ec6-4a28-98a8-e5cec817cea3"
[WebServer] 2026-09-05T19:09:58.815+08:00 INFO  application=marketops-server environment=local buildVersion=0.1.0-SNAPSHOT correlationId=none c.m.m.a.i.a.JdbcMetadataAuditStore - Metadata change recorded event="metadata_change_recorded" sourceDomain="identityaccess" entityType="user-scope-grant" entityId="db5e0424-6e22-4e92-9f44-ecda0a217a9a" action="GRANT" actorId="synthetic-manual-browser" correlationId="d7288446-9b07-4d81-a515-4e96008155c4"
[WebServer] 2026-09-05T19:09:58.817+08:00 INFO  application=marketops-server environment=local buildVersion=0.1.0-SNAPSHOT correlationId=none c.m.m.a.i.a.JdbcMetadataAuditStore - Metadata change recorded event="metadata_change_recorded" sourceDomain="identityaccess" entityType="user-scope-grant" entityId="ed204ab1-a841-4c17-bed8-02a4a9efee1a" action="GRANT" actorId="synthetic-manual-browser" correlationId="eb5383ba-873e-40e1-92c0-204b90ef3427"
[WebServer] 2026-09-05T19:09:58.841+08:00 INFO  application=marketops-server environment=local buildVersion=0.1.0-SNAPSHOT correlationId=none c.m.m.a.i.a.JdbcMetadataAuditStore - Metadata change recorded event="metadata_change_recorded" sourceDomain="identityaccess" entityType="user-scope-grant" entityId="212b5daa-94f4-434e-b621-e296c260de2e" action="GRANT" actorId="synthetic-manual-browser" correlationId="442843b6-974c-499f-b638-170126fa3b91"
[WebServer] 2026-09-05T19:09:58.843+08:00 INFO  application=marketops-server environment=local buildVersion=0.1.0-SNAPSHOT correlationId=none c.m.m.a.i.a.JdbcMetadataAuditStore - Metadata change recorded event="metadata_change_recorded" sourceDomain="identityaccess" entityType="user-scope-grant" entityId="a3d8a0d3-0b85-4afc-b181-dc29795111f4" action="GRANT" actorId="synthetic-manual-browser" correlationId="1fb8fa39-9d2a-4818-a87d-f06242001889"
[WebServer] 2026-09-05T19:09:58.846+08:00 INFO  application=marketops-server environment=local buildVersion=0.1.0-SNAPSHOT correlationId=none c.m.m.a.i.a.JdbcMetadataAuditStore - Metadata change recorded event="metadata_change_recorded" sourceDomain="identityaccess" entityType="user-scope-grant" entityId="0075885d-d2f3-4fda-809a-3631158c2411" action="GRANT" actorId="synthetic-manual-browser" correlationId="75332d51-2963-43fc-ba16-de5b1902de81"
[WebServer] 2026-09-05T19:09:58.848+08:00 INFO  application=marketops-server environment=local buildVersion=0.1.0-SNAPSHOT correlationId=none c.m.m.a.i.a.JdbcMetadataAuditStore - Metadata change recorded event="metadata_change_recorded" sourceDomain="identityaccess" entityType="user-scope-grant" entityId="b89f1321-66cc-4b94-ba4a-efecc3da06c4" action="GRANT" actorId="synthetic-manual-browser" correlationId="c02aa976-e04c-4a42-a6d0-49b946e81753"
[WebServer] 2026-09-05T19:09:58.850+08:00 INFO  application=marketops-server environment=local buildVersion=0.1.0-SNAPSHOT correlationId=none c.m.m.a.i.a.JdbcMetadataAuditStore - Metadata change recorded event="metadata_change_recorded" sourceDomain="identityaccess" entityType="user-scope-grant" entityId="17852e79-a1e7-4914-9b58-643ef65e6968" action="GRANT" actorId="synthetic-manual-browser" correlationId="46845f40-820d-4400-9701-fb8f340d8473"
[WebServer] 2026-09-05T19:09:58.853+08:00 INFO  application=marketops-server environment=local buildVersion=0.1.0-SNAPSHOT correlationId=none c.m.m.a.i.a.JdbcMetadataAuditStore - Metadata change recorded event="metadata_change_recorded" sourceDomain="identityaccess" entityType="user-scope-grant" entityId="8e4ebaed-dd58-48ac-8dd7-074e38cc8d02" action="GRANT" actorId="synthetic-manual-browser" correlationId="94d9ddb8-4545-41b8-85fa-47148758ed8b"
[WebServer] 2026-09-05T19:09:58.876+08:00 INFO  application=marketops-server environment=local buildVersion=0.1.0-SNAPSHOT correlationId=none c.m.m.a.i.a.JdbcMetadataAuditStore - Metadata change recorded event="metadata_change_recorded" sourceDomain="identityaccess" entityType="user-scope-grant" entityId="c9ce38b4-be24-4721-9827-fe38f8c898a7" action="GRANT" actorId="synthetic-manual-browser" correlationId="170e18f9-8533-43c6-8d35-226f63cae31b"
[WebServer] 2026-09-05T19:09:58.879+08:00 INFO  application=marketops-server environment=local buildVersion=0.1.0-SNAPSHOT correlationId=none c.m.m.a.i.a.JdbcMetadataAuditStore - Metadata change recorded event="metadata_change_recorded" sourceDomain="identityaccess" entityType="user-scope-grant" entityId="d075feaa-f39c-4fc8-bc55-d7c05d34ee60" action="GRANT" actorId="synthetic-manual-browser" correlationId="e31fa345-7c45-4bb9-b958-af1f8f2ed1ae"
[WebServer] 2026-09-05T19:09:58.881+08:00 INFO  application=marketops-server environment=local buildVersion=0.1.0-SNAPSHOT correlationId=none c.m.m.a.i.a.JdbcMetadataAuditStore - Metadata change recorded event="metadata_change_recorded" sourceDomain="identityaccess" entityType="user-scope-grant" entityId="e25d1956-f9c6-43f3-882b-de0edcf25e58" action="GRANT" actorId="synthetic-manual-browser" correlationId="717520b6-0be9-463b-bac3-f3445cda4b9f"
[WebServer] 2026-09-05T19:09:58.883+08:00 INFO  application=marketops-server environment=local buildVersion=0.1.0-SNAPSHOT correlationId=none c.m.m.a.i.a.JdbcMetadataAuditStore - Metadata change recorded event="metadata_change_recorded" sourceDomain="identityaccess" entityType="user-scope-grant" entityId="1b6c4f31-446d-48f6-856b-6eef280bd311" action="GRANT" actorId="synthetic-manual-browser" correlationId="57c20054-5d9f-4f93-82b5-e0d9e75e3d4d"
[WebServer] 2026-09-05T19:09:58.886+08:00 INFO  application=marketops-server environment=local buildVersion=0.1.0-SNAPSHOT correlationId=none c.m.m.a.i.a.JdbcMetadataAuditStore - Metadata change recorded event="metadata_change_recorded" sourceDomain="identityaccess" entityType="user-scope-grant" entityId="612249f5-7d6d-4eef-875d-526074d54992" action="GRANT" actorId="synthetic-manual-browser" correlationId="8168cfb9-71c7-420e-9178-7e14e10c4a8c"
[WebServer] 2026-09-05T19:09:58.888+08:00 INFO  application=marketops-server environment=local buildVersion=0.1.0-SNAPSHOT correlationId=none c.m.m.a.i.a.JdbcMetadataAuditStore - Metadata change recorded event="metadata_change_recorded" sourceDomain="identityaccess" entityType="user-scope-grant" entityId="93ebb894-88af-4548-b3cc-f9593b7b1dbd" action="GRANT" actorId="synthetic-manual-browser" correlationId="d35005bb-679d-4913-9709-53d7bba2064b"
[WebServer] 2026-09-05T19:09:59.197+08:00 INFO  application=marketops-server environment=local buildVersion=0.1.0-SNAPSHOT correlationId=none c.m.m.a.i.a.JdbcMetadataAuditStore - Metadata change recorded event="metadata_change_recorded" sourceDomain="identityaccess" entityType="user-scope-grant" entityId="b2b7291f-0818-4cf5-98de-9114c6be8302" action="GRANT" actorId="synthetic-manual-browser" correlationId="cd618821-6e11-4d69-943f-4cd37d253de4"
[WebServer] 2026-09-05T19:09:59.200+08:00 INFO  application=marketops-server environment=local buildVersion=0.1.0-SNAPSHOT correlationId=none c.m.m.a.i.a.JdbcMetadataAuditStore - Metadata change recorded event="metadata_change_recorded" sourceDomain="identityaccess" entityType="user-scope-grant" entityId="9376251f-6a28-40e4-9bae-1d3a85f7ef13" action="GRANT" actorId="synthetic-manual-browser" correlationId="ccb6a1eb-995b-4d42-8146-dd2f170eeb5e"
[WebServer] 2026-09-05T19:09:59.202+08:00 INFO  application=marketops-server environment=local buildVersion=0.1.0-SNAPSHOT correlationId=none c.m.m.a.i.a.JdbcMetadataAuditStore - Metadata change recorded event="metadata_change_recorded" sourceDomain="identityaccess" entityType="user-scope-grant" entityId="57336347-a069-4136-96f9-8f32c1178e63" action="GRANT" actorId="synthetic-manual-browser" correlationId="3b331a74-afe5-465f-ad89-5aa7c45d55c8"
[WebServer] 2026-09-05T19:09:59.224+08:00 INFO  application=marketops-server environment=local buildVersion=0.1.0-SNAPSHOT correlationId=none c.m.m.a.i.a.JdbcMetadataAuditStore - Metadata change recorded event="metadata_change_recorded" sourceDomain="identityaccess" entityType="user-scope-grant" entityId="259af27b-efe7-4b9c-89a5-f34258ff3c66" action="GRANT" actorId="synthetic-manual-browser" correlationId="680c2788-2106-4a57-afdf-34a29ed7b858"
[WebServer] 2026-09-05T19:09:59.227+08:00 INFO  application=marketops-server environment=local buildVersion=0.1.0-SNAPSHOT correlationId=none c.m.m.a.i.a.JdbcMetadataAuditStore - Metadata change recorded event="metadata_change_recorded" sourceDomain="identityaccess" entityType="user-scope-grant" entityId="b1f4590d-2a55-4c55-8f72-f1980efa45a8" action="GRANT" actorId="synthetic-manual-browser" correlationId="a44a6aee-bdd3-4f00-9ea5-5c731751e8f3"
[WebServer] 2026-09-05T19:09:59.229+08:00 INFO  application=marketops-server environment=local buildVersion=0.1.0-SNAPSHOT correlationId=none c.m.m.a.i.a.JdbcMetadataAuditStore - Metadata change recorded event="metadata_change_recorded" sourceDomain="identityaccess" entityType="user-scope-grant" entityId="e5d5d6d8-c592-4166-9e8b-1718dc5245fb" action="GRANT" actorId="synthetic-manual-browser" correlationId="64f71c9f-c7b7-4caa-9667-ff8356637b46"
[WebServer] 2026-09-05T19:09:59.232+08:00 INFO  application=marketops-server environment=local buildVersion=0.1.0-SNAPSHOT correlationId=none c.m.m.a.i.a.JdbcMetadataAuditStore - Metadata change recorded event="metadata_change_recorded" sourceDomain="identityaccess" entityType="user-scope-grant" entityId="29a1fc2e-a21d-4ced-b87f-a3dd81b3700a" action="GRANT" actorId="synthetic-manual-browser" correlationId="fb9d82c7-918d-45cb-b371-a51eba8c52b4"
[WebServer] 2026-09-05T19:09:59.234+08:00 INFO  application=marketops-server environment=local buildVersion=0.1.0-SNAPSHOT correlationId=none c.m.m.a.i.a.JdbcMetadataAuditStore - Metadata change recorded event="metadata_change_recorded" sourceDomain="identityaccess" entityType="user-scope-grant" entityId="c5316823-7e62-42fc-be57-45599b3b38ce" action="GRANT" actorId="synthetic-manual-browser" correlationId="ccd5d10a-df3f-4a77-bd48-e7388ab0c9b5"
[WebServer] 2026-09-05T19:09:59.236+08:00 INFO  application=marketops-server environment=local buildVersion=0.1.0-SNAPSHOT correlationId=none c.m.m.a.i.a.JdbcMetadataAuditStore - Metadata change recorded event="metadata_change_recorded" sourceDomain="identityaccess" entityType="user-scope-grant" entityId="accd3ba7-abbd-4166-b9d4-72afae4cadd9" action="GRANT" actorId="synthetic-manual-browser" correlationId="a20ed5f2-4d50-46da-8d35-31ff49788efb"
[WebServer] 2026-09-05T19:09:59.259+08:00 INFO  application=marketops-server environment=local buildVersion=0.1.0-SNAPSHOT correlationId=none c.m.m.a.i.a.JdbcMetadataAuditStore - Metadata change recorded event="metadata_change_recorded" sourceDomain="identityaccess" entityType="user-scope-grant" entityId="a0e69f04-956d-4872-9895-2525070dc8d6" action="GRANT" actorId="synthetic-manual-browser" correlationId="0f014de4-c686-4508-a1df-5d850a91a2c0"
[WebServer] 2026-09-05T19:09:59.262+08:00 INFO  application=marketops-server environment=local buildVersion=0.1.0-SNAPSHOT correlationId=none c.m.m.a.i.a.JdbcMetadataAuditStore - Metadata change recorded event="metadata_change_recorded" sourceDomain="identityaccess" entityType="user-scope-grant" entityId="5e393771-2c83-45b3-af4a-50544a9501a1" action="GRANT" actorId="synthetic-manual-browser" correlationId="733b7077-d5a7-4c57-bcbc-c91e85144583"
[WebServer] 2026-09-05T19:09:59.265+08:00 INFO  application=marketops-server environment=local buildVersion=0.1.0-SNAPSHOT correlationId=none c.m.m.a.i.a.JdbcMetadataAuditStore - Metadata change recorded event="metadata_change_recorded" sourceDomain="identityaccess" entityType="user-scope-grant" entityId="6cfbb80e-3721-451e-a550-cf2abbcdb9e8" action="GRANT" actorId="synthetic-manual-browser" correlationId="89cc67cf-2f2e-4b22-b149-be6d66b6c912"
[WebServer] 2026-09-05T19:09:59.267+08:00 INFO  application=marketops-server environment=local buildVersion=0.1.0-SNAPSHOT correlationId=none c.m.m.a.i.a.JdbcMetadataAuditStore - Metadata change recorded event="metadata_change_recorded" sourceDomain="identityaccess" entityType="user-scope-grant" entityId="4e2b79d1-7fb5-460a-b846-2251593d98d5" action="GRANT" actorId="synthetic-manual-browser" correlationId="27798eee-62f2-41d6-8e1c-25524c115a20"
[WebServer] 2026-09-05T19:09:59.269+08:00 INFO  application=marketops-server environment=local buildVersion=0.1.0-SNAPSHOT correlationId=none c.m.m.a.i.a.JdbcMetadataAuditStore - Metadata change recorded event="metadata_change_recorded" sourceDomain="identityaccess" entityType="user-scope-grant" entityId="864cc1e2-888b-42f7-bfc4-e20b70e94b83" action="GRANT" actorId="synthetic-manual-browser" correlationId="517fbd97-24ea-4e53-bbff-31545eb3eabd"
[WebServer] 2026-09-05T19:09:59.271+08:00 INFO  application=marketops-server environment=local buildVersion=0.1.0-SNAPSHOT correlationId=none c.m.m.a.i.a.JdbcMetadataAuditStore - Metadata change recorded event="metadata_change_recorded" sourceDomain="identityaccess" entityType="user-scope-grant" entityId="e11ab880-eeaa-41a9-85a2-4ef2bd40d96d" action="GRANT" actorId="synthetic-manual-browser" correlationId="736b9c74-b89e-46f7-8301-00f8d4ccb2c4"
[WebServer] 2026-09-05T19:09:59.523+08:00 INFO  application=marketops-server environment=local buildVersion=0.1.0-SNAPSHOT correlationId=none c.m.m.a.i.a.JdbcMetadataAuditStore - Metadata change recorded event="metadata_change_recorded" sourceDomain="identityaccess" entityType="user-scope-grant" entityId="379a0440-dc35-4d78-bac2-cf7358b45d1d" action="REVOKE" actorId="synthetic-pagination-browser" correlationId="0a8e755d-89a8-4ca5-9d15-be0b3b58822d"
[WebServer] 2026-09-05T19:09:59.527+08:00 INFO  application=marketops-server environment=local buildVersion=0.1.0-SNAPSHOT correlationId=none c.m.m.a.i.a.JdbcMetadataAuditStore - Metadata change recorded event="metadata_change_recorded" sourceDomain="identityaccess" entityType="user-scope-grant" entityId="a4bfa4d8-e52f-414b-8e52-41ca229c0201" action="GRANT" actorId="synthetic-pagination-browser" correlationId="99dbdf52-9815-4771-992a-f9ee88b37f49"
[WebServer] 2026-09-05T19:09:59.530+08:00 INFO  application=marketops-server environment=local buildVersion=0.1.0-SNAPSHOT correlationId=none c.m.m.a.i.a.JdbcMetadataAuditStore - Metadata change recorded event="metadata_change_recorded" sourceDomain="identityaccess" entityType="user-scope-grant" entityId="24eb61ff-1c3e-4274-b58c-aba6f4167c0e" action="GRANT" actorId="synthetic-pagination-browser" correlationId="93cce130-d488-4e00-8e87-89a28d47de00"
[WebServer] 2026-09-05T19:09:59.533+08:00 INFO  application=marketops-server environment=local buildVersion=0.1.0-SNAPSHOT correlationId=none c.m.m.a.i.a.JdbcMetadataAuditStore - Metadata change recorded event="metadata_change_recorded" sourceDomain="identityaccess" entityType="user-scope-grant" entityId="a15b7e76-b92c-4bc7-a70a-2b2710369879" action="GRANT" actorId="synthetic-pagination-browser" correlationId="12c8eb00-1bf9-4640-892b-cb08bcf5a453"
[WebServer] 2026-09-05T19:09:59.536+08:00 INFO  application=marketops-server environment=local buildVersion=0.1.0-SNAPSHOT correlationId=none c.m.m.a.i.a.JdbcMetadataAuditStore - Metadata change recorded event="metadata_change_recorded" sourceDomain="identityaccess" entityType="user-scope-grant" entityId="2ae28017-7900-4135-bf01-cdaf844616df" action="GRANT" actorId="synthetic-pagination-browser" correlationId="c21a5da5-0bb8-43b2-bf17-286e31e1d697"
[WebServer] 2026-09-05T19:09:59.564+08:00 INFO  application=marketops-server environment=local buildVersion=0.1.0-SNAPSHOT correlationId=none c.m.m.a.i.a.JdbcMetadataAuditStore - Metadata change recorded event="metadata_change_recorded" sourceDomain="identityaccess" entityType="user-scope-grant" entityId="ef0108bd-ab70-4f08-892d-12658f8732ce" action="GRANT" actorId="synthetic-pagination-browser" correlationId="910529b4-b01d-4ff6-9e1a-77edbf4030d8"
[WebServer] 2026-09-05T19:09:59.567+08:00 INFO  application=marketops-server environment=local buildVersion=0.1.0-SNAPSHOT correlationId=none c.m.m.a.i.a.JdbcMetadataAuditStore - Metadata change recorded event="metadata_change_recorded" sourceDomain="identityaccess" entityType="user-scope-grant" entityId="cdf65431-f173-495e-bdbd-f893570f969d" action="GRANT" actorId="synthetic-pagination-browser" correlationId="b0d7f99b-1bf3-4833-a5d0-8e283d118877"
[WebServer] 2026-09-05T19:09:59.571+08:00 INFO  application=marketops-server environment=local buildVersion=0.1.0-SNAPSHOT correlationId=none c.m.m.a.i.a.JdbcMetadataAuditStore - Metadata change recorded event="metadata_change_recorded" sourceDomain="identityaccess" entityType="user-scope-grant" entityId="fa0f4600-1d62-4c01-a939-d686fe3b2d61" action="GRANT" actorId="synthetic-pagination-browser" correlationId="237fc3a5-323f-4db3-995d-5758386d128b"
[WebServer] 2026-09-05T19:09:59.574+08:00 INFO  application=marketops-server environment=local buildVersion=0.1.0-SNAPSHOT correlationId=none c.m.m.a.i.a.JdbcMetadataAuditStore - Metadata change recorded event="metadata_change_recorded" sourceDomain="identityaccess" entityType="user-scope-grant" entityId="85235433-2c6d-49bd-b515-3d832ec39fef" action="GRANT" actorId="synthetic-pagination-browser" correlationId="4c94fdb1-508b-428b-b41a-96d71dc4c7d2"
[WebServer] 2026-09-05T19:09:59.603+08:00 INFO  application=marketops-server environment=local buildVersion=0.1.0-SNAPSHOT correlationId=none c.m.m.a.i.a.JdbcMetadataAuditStore - Metadata change recorded event="metadata_change_recorded" sourceDomain="identityaccess" entityType="user-scope-grant" entityId="ef1697c8-4ce1-4cb2-b369-ebf3a3cf0854" action="GRANT" actorId="synthetic-pagination-browser" correlationId="0a197b37-c7c6-4517-b833-e72799e21d8c"
[WebServer] 2026-09-05T19:09:59.606+08:00 INFO  application=marketops-server environment=local buildVersion=0.1.0-SNAPSHOT correlationId=none c.m.m.a.i.a.JdbcMetadataAuditStore - Metadata change recorded event="metadata_change_recorded" sourceDomain="identityaccess" entityType="user-scope-grant" entityId="e7d05df9-64f5-4b90-afa0-d8ac8afff18e" action="GRANT" actorId="synthetic-pagination-browser" correlationId="d8bdca88-272c-4dfa-a3f2-fdc1b9d697c4"
[WebServer] 2026-09-05T19:09:59.608+08:00 INFO  application=marketops-server environment=local buildVersion=0.1.0-SNAPSHOT correlationId=none c.m.m.a.i.a.JdbcMetadataAuditStore - Metadata change recorded event="metadata_change_recorded" sourceDomain="identityaccess" entityType="user-scope-grant" entityId="6fae2572-0b1b-4a8f-bce4-92784ec0b6fd" action="GRANT" actorId="synthetic-pagination-browser" correlationId="372b263a-953d-46b1-a361-6f7f7f0c73cc"
[WebServer] 2026-09-05T19:09:59.611+08:00 INFO  application=marketops-server environment=local buildVersion=0.1.0-SNAPSHOT correlationId=none c.m.m.a.i.a.JdbcMetadataAuditStore - Metadata change recorded event="metadata_change_recorded" sourceDomain="identityaccess" entityType="user-scope-grant" entityId="f129c080-20a6-4807-9e71-c5558ca82147" action="GRANT" actorId="synthetic-pagination-browser" correlationId="d8a56dd7-0f5f-4505-a9d9-dcd96673f481"
[WebServer] 2026-09-05T19:10:03.701+08:00 INFO  application=marketops-server environment=local buildVersion=0.1.0-SNAPSHOT correlationId=none c.m.m.a.i.a.JdbcMetadataAuditStore - Metadata change recorded event="metadata_change_recorded" sourceDomain="identityaccess" entityType="user-scope-grant" entityId="0e5560cb-16a1-4f41-b7e2-83aa4d35ef0f" action="GRANT" actorId="synthetic-ad-browser" correlationId="f93b5cba-32e0-4c88-9939-9d1b86acbcf0"
[WebServer] (node:48653) Warning: The 'NO_COLOR' env is ignored due to the 'FORCE_COLOR' env being set.
[WebServer] (Use `node --trace-warnings ...` to show where the warning was created)
[WebServer] (node:48685) Warning: The 'NO_COLOR' env is ignored due to the 'FORCE_COLOR' env being set.
[WebServer] (Use `node --trace-warnings ...` to show where the warning was created)

Running 12 tests using 1 worker

(node:48689) Warning: The 'NO_COLOR' env is ignored due to the 'FORCE_COLOR' env being set.
(Use `node --trace-warnings ...` to show where the warning was created)
[WebServer] 2026-09-05T19:10:11.867+08:00 INFO  application=marketops-server environment=local buildVersion=0.1.0-SNAPSHOT correlationId=none o.a.c.c.C.[Tomcat].[localhost].[/] - Initializing Spring DispatcherServlet 'dispatcherServlet' 
[WebServer] 2026-09-05T19:10:11.868+08:00 INFO  application=marketops-server environment=local buildVersion=0.1.0-SNAPSHOT correlationId=none o.s.web.servlet.DispatcherServlet - Initializing Servlet 'dispatcherServlet' 
[WebServer] 2026-09-05T19:10:11.878+08:00 INFO  application=marketops-server environment=local buildVersion=0.1.0-SNAPSHOT correlationId=none o.s.web.servlet.DispatcherServlet - Completed initialization in 10 ms 
[WebServer] 2026-09-05T19:10:12.134+08:00 INFO  application=marketops-server environment=local buildVersion=0.1.0-SNAPSHOT correlationId=e6bb1a2d-e3f1-4aaa-982c-cc6c4cab5975 c.m.m.s.i.c.CorrelationIdFilter - Request completed event="request_completed" correlationId="e6bb1a2d-e3f1-4aaa-982c-cc6c4cab5975" status="200"
[WebServer] 2026-09-05T19:10:12.134+08:00 INFO  application=marketops-server environment=local buildVersion=0.1.0-SNAPSHOT correlationId=b36802bc-1da8-4d86-8c12-eb5deaee18f8 c.m.m.s.i.c.CorrelationIdFilter - Request completed event="request_completed" correlationId="b36802bc-1da8-4d86-8c12-eb5deaee18f8" status="200"
[WebServer] 2026-09-05T19:10:12.308+08:00 INFO  application=marketops-server environment=local buildVersion=0.1.0-SNAPSHOT correlationId=dc2fa603-deba-4d52-b378-d67562ecce16 c.m.m.a.i.a.JdbcMetadataAuditStore - Metadata change recorded event="metadata_change_recorded" sourceDomain="advertisingefficiency" entityType="advertising_containments" entityId="1fd8008d-fbf7-4802-8d53-10060afe5c65" action="READ" actorId="8da85209-369d-47d7-bede-8f4dc6c50d06" correlationId="dc2fa603-deba-4d52-b378-d67562ecce16"
[WebServer] 2026-09-05T19:10:12.311+08:00 INFO  application=marketops-server environment=local buildVersion=0.1.0-SNAPSHOT correlationId=2b2de4af-3349-4295-a036-bee6910a0220 c.m.m.a.i.a.JdbcMetadataAuditStore - Metadata change recorded event="metadata_change_recorded" sourceDomain="availabilityrisk" entityType="availability_queue" entityId="1fd8008d-fbf7-4802-8d53-10060afe5c65" action="READ" actorId="8da85209-369d-47d7-bede-8f4dc6c50d06" correlationId="2b2de4af-3349-4295-a036-bee6910a0220"
[WebServer] 2026-09-05T19:10:12.318+08:00 INFO  application=marketops-server environment=local buildVersion=0.1.0-SNAPSHOT correlationId=297af2a9-09f3-4f15-906f-31dd0292f5a3 c.m.m.s.i.e.ConsoleProblemAdvice - Console request refused event="console_request_refused" errorCode="RESOURCE_SCOPE_DENIED" correlationId="297af2a9-09f3-4f15-906f-31dd0292f5a3"
[WebServer] 2026-09-05T19:10:12.319+08:00 INFO  application=marketops-server environment=local buildVersion=0.1.0-SNAPSHOT correlationId=2b2de4af-3349-4295-a036-bee6910a0220 c.m.m.s.i.c.CorrelationIdFilter - Request completed event="request_completed" correlationId="2b2de4af-3349-4295-a036-bee6910a0220" status="200"
[WebServer] 2026-09-05T19:10:12.323+08:00 INFO  application=marketops-server environment=local buildVersion=0.1.0-SNAPSHOT correlationId=0256b8cd-9b9f-4348-942b-4348ef586dc2 c.m.m.s.i.e.ConsoleProblemAdvice - Console request refused event="console_request_refused" errorCode="RESOURCE_NOT_FOUND" correlationId="0256b8cd-9b9f-4348-942b-4348ef586dc2"
[WebServer] 2026-09-05T19:10:12.324+08:00 INFO  application=marketops-server environment=local buildVersion=0.1.0-SNAPSHOT correlationId=0256b8cd-9b9f-4348-942b-4348ef586dc2 c.m.m.s.i.c.CorrelationIdFilter - Request completed event="request_completed" correlationId="0256b8cd-9b9f-4348-942b-4348ef586dc2" status="404"
[WebServer] 2026-09-05T19:10:12.324+08:00 INFO  application=marketops-server environment=local buildVersion=0.1.0-SNAPSHOT correlationId=297af2a9-09f3-4f15-906f-31dd0292f5a3 c.m.m.s.i.c.CorrelationIdFilter - Request completed event="request_completed" correlationId="297af2a9-09f3-4f15-906f-31dd0292f5a3" status="403"
[WebServer] 2026-09-05T19:10:12.334+08:00 INFO  application=marketops-server environment=local buildVersion=0.1.0-SNAPSHOT correlationId=2da8bda9-8dfd-4c10-8059-a1608e280dbc c.m.m.a.i.a.JdbcMetadataAuditStore - Metadata change recorded event="metadata_change_recorded" sourceDomain="advertisingefficiency" entityType="advertising_exposure" entityId="1fd8008d-fbf7-4802-8d53-10060afe5c65" action="READ" actorId="8da85209-369d-47d7-bede-8f4dc6c50d06" correlationId="2da8bda9-8dfd-4c10-8059-a1608e280dbc"
[WebServer] 2026-09-05T19:10:12.335+08:00 INFO  application=marketops-server environment=local buildVersion=0.1.0-SNAPSHOT correlationId=d77e2826-3159-4e27-849b-d7d944e0c071 c.m.m.a.i.a.JdbcMetadataAuditStore - Metadata change recorded event="metadata_change_recorded" sourceDomain="advertisingefficiency" entityType="advertising_reservations" entityId="1fd8008d-fbf7-4802-8d53-10060afe5c65" action="READ" actorId="8da85209-369d-47d7-bede-8f4dc6c50d06" correlationId="d77e2826-3159-4e27-849b-d7d944e0c071"
[WebServer] 2026-09-05T19:10:12.337+08:00 INFO  application=marketops-server environment=local buildVersion=0.1.0-SNAPSHOT correlationId=dc2fa603-deba-4d52-b378-d67562ecce16 c.m.m.s.i.c.CorrelationIdFilter - Request completed event="request_completed" correlationId="dc2fa603-deba-4d52-b378-d67562ecce16" status="200"
[WebServer] 2026-09-05T19:10:12.339+08:00 INFO  application=marketops-server environment=local buildVersion=0.1.0-SNAPSHOT correlationId=2da8bda9-8dfd-4c10-8059-a1608e280dbc c.m.m.s.i.c.CorrelationIdFilter - Request completed event="request_completed" correlationId="2da8bda9-8dfd-4c10-8059-a1608e280dbc" status="200"
[WebServer] 2026-09-05T19:10:12.341+08:00 INFO  application=marketops-server environment=local buildVersion=0.1.0-SNAPSHOT correlationId=d77e2826-3159-4e27-849b-d7d944e0c071 c.m.m.s.i.c.CorrelationIdFilter - Request completed event="request_completed" correlationId="d77e2826-3159-4e27-849b-d7d944e0c071" status="200"
[WebServer] 2026-09-05T19:10:12.354+08:00 INFO  application=marketops-server environment=local buildVersion=0.1.0-SNAPSHOT correlationId=28b312bc-344d-474e-8fe7-75e49082c9e4 c.m.m.s.i.e.ConsoleProblemAdvice - Console request refused event="console_request_refused" errorCode="RESOURCE_SCOPE_DENIED" correlationId="28b312bc-344d-474e-8fe7-75e49082c9e4"
[WebServer] 2026-09-05T19:10:12.355+08:00 INFO  application=marketops-server environment=local buildVersion=0.1.0-SNAPSHOT correlationId=28b312bc-344d-474e-8fe7-75e49082c9e4 c.m.m.s.i.c.CorrelationIdFilter - Request completed event="request_completed" correlationId="28b312bc-344d-474e-8fe7-75e49082c9e4" status="403"
[WebServer] 2026-09-05T19:10:12.380+08:00 INFO  application=marketops-server environment=local buildVersion=0.1.0-SNAPSHOT correlationId=f9c3f32f-44a5-4391-b2e2-bbfbb6fb097a c.m.m.a.i.a.JdbcMetadataAuditStore - Metadata change recorded event="metadata_change_recorded" sourceDomain="advertisingefficiency" entityType="advertising_orchestration" entityId="1fd8008d-fbf7-4802-8d53-10060afe5c65" action="READ" actorId="8da85209-369d-47d7-bede-8f4dc6c50d06" correlationId="f9c3f32f-44a5-4391-b2e2-bbfbb6fb097a"
[WebServer] 2026-09-05T19:10:12.382+08:00 INFO  application=marketops-server environment=local buildVersion=0.1.0-SNAPSHOT correlationId=066a0ea4-1f84-4406-bc8a-1df6ac0066ae c.m.m.a.i.a.JdbcMetadataAuditStore - Metadata change recorded event="metadata_change_recorded" sourceDomain="advertisingefficiency" entityType="advertising_queue" entityId="1fd8008d-fbf7-4802-8d53-10060afe5c65" action="READ" actorId="8da85209-369d-47d7-bede-8f4dc6c50d06" correlationId="066a0ea4-1f84-4406-bc8a-1df6ac0066ae"
[WebServer] 2026-09-05T19:10:12.383+08:00 INFO  application=marketops-server environment=local buildVersion=0.1.0-SNAPSHOT correlationId=f9c3f32f-44a5-4391-b2e2-bbfbb6fb097a c.m.m.s.i.c.CorrelationIdFilter - Request completed event="request_completed" correlationId="f9c3f32f-44a5-4391-b2e2-bbfbb6fb097a" status="200"
[WebServer] 2026-09-05T19:10:12.495+08:00 INFO  application=marketops-server environment=local buildVersion=0.1.0-SNAPSHOT correlationId=066a0ea4-1f84-4406-bc8a-1df6ac0066ae c.m.m.s.i.c.CorrelationIdFilter - Request completed event="request_completed" correlationId="066a0ea4-1f84-4406-bc8a-1df6ac0066ae" status="200"
[WebServer] 2026-09-05T19:10:12.895+08:00 INFO  application=marketops-server environment=local buildVersion=0.1.0-SNAPSHOT correlationId=14d7ea01-beda-4b7a-b636-f4dbf3eb36d2 c.m.m.a.i.a.JdbcMetadataAuditStore - Metadata change recorded event="metadata_change_recorded" sourceDomain="advertisingefficiency" entityType="advertising_case" entityId="23787a6a-9abc-45e2-9728-5bb036fefb39" action="READ" actorId="8da85209-369d-47d7-bede-8f4dc6c50d06" correlationId="14d7ea01-beda-4b7a-b636-f4dbf3eb36d2"
[WebServer] 2026-09-05T19:10:12.923+08:00 INFO  application=marketops-server environment=local buildVersion=0.1.0-SNAPSHOT correlationId=14d7ea01-beda-4b7a-b636-f4dbf3eb36d2 c.m.m.s.i.c.CorrelationIdFilter - Request completed event="request_completed" correlationId="14d7ea01-beda-4b7a-b636-f4dbf3eb36d2" status="200"
[WebServer] 2026-09-05T19:10:12.970+08:00 INFO  application=marketops-server environment=local buildVersion=0.1.0-SNAPSHOT correlationId=d5718922-0855-4e44-9164-603785e2481d c.m.m.a.i.a.JdbcMetadataAuditStore - Metadata change recorded event="metadata_change_recorded" sourceDomain="advertisingefficiency" entityType="advertising_manual_packet" entityId="f11e3411-96b8-43a1-ad33-a6df07386e2c" action="READ" actorId="8da85209-369d-47d7-bede-8f4dc6c50d06" correlationId="d5718922-0855-4e44-9164-603785e2481d"
[WebServer] 2026-09-05T19:10:12.972+08:00 INFO  application=marketops-server environment=local buildVersion=0.1.0-SNAPSHOT correlationId=d5718922-0855-4e44-9164-603785e2481d c.m.m.s.i.c.CorrelationIdFilter - Request completed event="request_completed" correlationId="d5718922-0855-4e44-9164-603785e2481d" status="200"
[WebServer] 2026-09-05T19:10:13.004+08:00 INFO  application=marketops-server environment=local buildVersion=0.1.0-SNAPSHOT correlationId=3a968a99-5d33-4048-bee3-b6072389465a c.m.m.s.i.c.CorrelationIdFilter - Request completed event="request_completed" correlationId="3a968a99-5d33-4048-bee3-b6072389465a" status="200"
[WebServer] 2026-09-05T19:10:13.039+08:00 INFO  application=marketops-server environment=local buildVersion=0.1.0-SNAPSHOT correlationId=d900059d-98f4-40a0-a4a7-d1244c8300ca c.m.m.s.i.c.CorrelationIdFilter - Request completed event="request_completed" correlationId="d900059d-98f4-40a0-a4a7-d1244c8300ca" status="200"
[WebServer] 2026-09-05T19:10:13.097+08:00 INFO  application=marketops-server environment=local buildVersion=0.1.0-SNAPSHOT correlationId=e4f42b7d-67e2-49b7-b43a-179933e54d5d c.m.m.s.i.c.CorrelationIdFilter - Request completed event="request_completed" correlationId="e4f42b7d-67e2-49b7-b43a-179933e54d5d" status="200"
[WebServer] 2026-09-05T19:10:13.179+08:00 INFO  application=marketops-server environment=local buildVersion=0.1.0-SNAPSHOT correlationId=0e941635-ac15-4d7f-84d0-fd0f32f54064 c.m.m.s.i.c.CorrelationIdFilter - Request completed event="request_completed" correlationId="0e941635-ac15-4d7f-84d0-fd0f32f54064" status="204"
[WebServer] 2026-09-05T19:10:13.258+08:00 INFO  application=marketops-server environment=local buildVersion=0.1.0-SNAPSHOT correlationId=6d89223d-ed3f-4233-8c13-2ecffd115bed c.m.m.s.i.c.CorrelationIdFilter - Request completed event="request_completed" correlationId="6d89223d-ed3f-4233-8c13-2ecffd115bed" status="200"
[WebServer] 2026-09-05T19:10:13.281+08:00 INFO  application=marketops-server environment=local buildVersion=0.1.0-SNAPSHOT correlationId=b34e1595-b8b5-44b5-a90d-c68eda72eb49 c.m.m.s.i.c.CorrelationIdFilter - Request completed event="request_completed" correlationId="b34e1595-b8b5-44b5-a90d-c68eda72eb49" status="200"
[WebServer] 2026-09-05T19:10:13.330+08:00 INFO  application=marketops-server environment=local buildVersion=0.1.0-SNAPSHOT correlationId=12a9e03c-26e8-4197-b20a-ff030780ed31 c.m.m.a.i.a.JdbcMetadataAuditStore - Metadata change recorded event="metadata_change_recorded" sourceDomain="operationsworkflow" entityType="recommendation" entityId="c1d576c4-4840-412e-b36e-edfa21e46667" action="STATUS_CHANGE" actorId="8da85209-369d-47d7-bede-8f4dc6c50d06" correlationId="12a9e03c-26e8-4197-b20a-ff030780ed31"
[WebServer] 2026-09-05T19:10:13.371+08:00 INFO  application=marketops-server environment=local buildVersion=0.1.0-SNAPSHOT correlationId=12a9e03c-26e8-4197-b20a-ff030780ed31 c.m.m.s.i.c.CorrelationIdFilter - Request completed event="request_completed" correlationId="12a9e03c-26e8-4197-b20a-ff030780ed31" status="200"
[WebServer] 2026-09-05T19:10:13.414+08:00 INFO  application=marketops-server environment=local buildVersion=0.1.0-SNAPSHOT correlationId=18222f0f-8ae3-4fe0-bb00-b886c24b70d3 c.m.m.s.i.c.CorrelationIdFilter - Request completed event="request_completed" correlationId="18222f0f-8ae3-4fe0-bb00-b886c24b70d3" status="200"
[WebServer] 2026-09-05T19:10:13.436+08:00 INFO  application=marketops-server environment=local buildVersion=0.1.0-SNAPSHOT correlationId=74a2d2a1-2f3f-4712-a1ae-d754d62ee957 c.m.m.s.i.c.CorrelationIdFilter - Request completed event="request_completed" correlationId="74a2d2a1-2f3f-4712-a1ae-d754d62ee957" status="200"
[WebServer] 2026-09-05T19:10:13.465+08:00 DEBUG application=marketops-server environment=local buildVersion=0.1.0-SNAPSHOT correlationId=af206d35-27d9-418c-83e0-427d298022ad c.m.m.s.i.c.CorrelationIdFilter - Inbound correlation identifier replaced event="correlation_identifier_replaced" correlationId="af206d35-27d9-418c-83e0-427d298022ad" rejectionCategory="MISSING"
[WebServer] 2026-09-05T19:10:13.483+08:00 INFO  application=marketops-server environment=local buildVersion=0.1.0-SNAPSHOT correlationId=af206d35-27d9-418c-83e0-427d298022ad c.m.m.s.i.e.ConsoleProblemAdvice - Console request refused event="console_request_refused" errorCode="VERSION_CONFLICT" correlationId="af206d35-27d9-418c-83e0-427d298022ad"
[WebServer] 2026-09-05T19:10:13.483+08:00 INFO  application=marketops-server environment=local buildVersion=0.1.0-SNAPSHOT correlationId=af206d35-27d9-418c-83e0-427d298022ad c.m.m.s.i.c.CorrelationIdFilter - Request completed event="request_completed" correlationId="af206d35-27d9-418c-83e0-427d298022ad" status="409"
[WebServer] 2026-09-05T19:10:13.884+08:00 INFO  application=marketops-server environment=local buildVersion=0.1.0-SNAPSHOT correlationId=f38453b1-4399-49f4-b581-4bdb1a3e777e c.m.m.s.i.c.CorrelationIdFilter - Request completed event="request_completed" correlationId="f38453b1-4399-49f4-b581-4bdb1a3e777e" status="200"
[WebServer] 2026-09-05T19:10:13.896+08:00 INFO  application=marketops-server environment=local buildVersion=0.1.0-SNAPSHOT correlationId=36844357-965f-44b2-be66-ff834148e941 c.m.m.a.i.a.JdbcMetadataAuditStore - Metadata change recorded event="metadata_change_recorded" sourceDomain="advertisingefficiency" entityType="advertising_containments" entityId="1fd8008d-fbf7-4802-8d53-10060afe5c65" action="READ" actorId="a749582d-7a9b-4834-aa1c-d3aece0c4d39" correlationId="36844357-965f-44b2-be66-ff834148e941"
[WebServer] 2026-09-05T19:10:13.907+08:00 INFO  application=marketops-server environment=local buildVersion=0.1.0-SNAPSHOT correlationId=215c062a-bfa9-4fb5-9ff4-8e640e3cdcd3 c.m.m.s.i.e.ConsoleProblemAdvice - Console request refused event="console_request_refused" errorCode="RESOURCE_SCOPE_DENIED" correlationId="215c062a-bfa9-4fb5-9ff4-8e640e3cdcd3"
[WebServer] 2026-09-05T19:10:13.908+08:00 INFO  application=marketops-server environment=local buildVersion=0.1.0-SNAPSHOT correlationId=215c062a-bfa9-4fb5-9ff4-8e640e3cdcd3 c.m.m.s.i.c.CorrelationIdFilter - Request completed event="request_completed" correlationId="215c062a-bfa9-4fb5-9ff4-8e640e3cdcd3" status="403"
[WebServer] 2026-09-05T19:10:13.908+08:00 INFO  application=marketops-server environment=local buildVersion=0.1.0-SNAPSHOT correlationId=9b2419f0-bcf2-4ce4-a044-83d7edc06156 c.m.m.a.i.a.JdbcMetadataAuditStore - Metadata change recorded event="metadata_change_recorded" sourceDomain="advertisingefficiency" entityType="advertising_reservations" entityId="1fd8008d-fbf7-4802-8d53-10060afe5c65" action="READ" actorId="a749582d-7a9b-4834-aa1c-d3aece0c4d39" correlationId="9b2419f0-bcf2-4ce4-a044-83d7edc06156"
[WebServer] 2026-09-05T19:10:13.912+08:00 INFO  application=marketops-server environment=local buildVersion=0.1.0-SNAPSHOT correlationId=9b2419f0-bcf2-4ce4-a044-83d7edc06156 c.m.m.s.i.c.CorrelationIdFilter - Request completed event="request_completed" correlationId="9b2419f0-bcf2-4ce4-a044-83d7edc06156" status="200"
[WebServer] 2026-09-05T19:10:13.916+08:00 INFO  application=marketops-server environment=local buildVersion=0.1.0-SNAPSHOT correlationId=36844357-965f-44b2-be66-ff834148e941 c.m.m.s.i.c.CorrelationIdFilter - Request completed event="request_completed" correlationId="36844357-965f-44b2-be66-ff834148e941" status="200"
[WebServer] 2026-09-05T19:10:13.922+08:00 INFO  application=marketops-server environment=local buildVersion=0.1.0-SNAPSHOT correlationId=eb477762-84b7-422d-b015-85777bea75ee c.m.m.s.i.e.ConsoleProblemAdvice - Console request refused event="console_request_refused" errorCode="RESOURCE_NOT_FOUND" correlationId="eb477762-84b7-422d-b015-85777bea75ee"
[WebServer] 2026-09-05T19:10:13.923+08:00 INFO  application=marketops-server environment=local buildVersion=0.1.0-SNAPSHOT correlationId=eb477762-84b7-422d-b015-85777bea75ee c.m.m.s.i.c.CorrelationIdFilter - Request completed event="request_completed" correlationId="eb477762-84b7-422d-b015-85777bea75ee" status="404"
[WebServer] 2026-09-05T19:10:13.926+08:00 INFO  application=marketops-server environment=local buildVersion=0.1.0-SNAPSHOT correlationId=c3e6b9f8-4b0b-461b-aa19-478a583af524 c.m.m.a.i.a.JdbcMetadataAuditStore - Metadata change recorded event="metadata_change_recorded" sourceDomain="availabilityrisk" entityType="availability_queue" entityId="1fd8008d-fbf7-4802-8d53-10060afe5c65" action="READ" actorId="a749582d-7a9b-4834-aa1c-d3aece0c4d39" correlationId="c3e6b9f8-4b0b-461b-aa19-478a583af524"
[WebServer] 2026-09-05T19:10:13.928+08:00 INFO  application=marketops-server environment=local buildVersion=0.1.0-SNAPSHOT correlationId=c3e6b9f8-4b0b-461b-aa19-478a583af524 c.m.m.s.i.c.CorrelationIdFilter - Request completed event="request_completed" correlationId="c3e6b9f8-4b0b-461b-aa19-478a583af524" status="200"
[WebServer] 2026-09-05T19:10:13.934+08:00 INFO  application=marketops-server environment=local buildVersion=0.1.0-SNAPSHOT correlationId=5c14226b-6ba4-4361-bc44-4d67fc1e4628 c.m.m.s.i.e.ConsoleProblemAdvice - Console request refused event="console_request_refused" errorCode="RESOURCE_SCOPE_DENIED" correlationId="5c14226b-6ba4-4361-bc44-4d67fc1e4628"
[WebServer] 2026-09-05T19:10:13.935+08:00 INFO  application=marketops-server environment=local buildVersion=0.1.0-SNAPSHOT correlationId=5c14226b-6ba4-4361-bc44-4d67fc1e4628 c.m.m.s.i.c.CorrelationIdFilter - Request completed event="request_completed" correlationId="5c14226b-6ba4-4361-bc44-4d67fc1e4628" status="403"
[WebServer] 2026-09-05T19:10:13.943+08:00 INFO  application=marketops-server environment=local buildVersion=0.1.0-SNAPSHOT correlationId=3b0213d4-5de6-499e-a62a-f47b123658d4 c.m.m.a.i.a.JdbcMetadataAuditStore - Metadata change recorded event="metadata_change_recorded" sourceDomain="advertisingefficiency" entityType="advertising_queue" entityId="1fd8008d-fbf7-4802-8d53-10060afe5c65" action="READ" actorId="a749582d-7a9b-4834-aa1c-d3aece0c4d39" correlationId="3b0213d4-5de6-499e-a62a-f47b123658d4"
[WebServer] 2026-09-05T19:10:13.961+08:00 INFO  application=marketops-server environment=local buildVersion=0.1.0-SNAPSHOT correlationId=7870068d-50f6-4141-98a6-8815a22f1417 c.m.m.s.i.c.CorrelationIdFilter - Request completed event="request_completed" correlationId="7870068d-50f6-4141-98a6-8815a22f1417" status="200"
[WebServer] 2026-09-05T19:10:13.975+08:00 INFO  application=marketops-server environment=local buildVersion=0.1.0-SNAPSHOT correlationId=5303de1b-50f4-4dfa-99fb-3a84a09dbe3d c.m.m.a.i.a.JdbcMetadataAuditStore - Metadata change recorded event="metadata_change_recorded" sourceDomain="advertisingefficiency" entityType="advertising_exposure" entityId="1fd8008d-fbf7-4802-8d53-10060afe5c65" action="READ" actorId="a749582d-7a9b-4834-aa1c-d3aece0c4d39" correlationId="5303de1b-50f4-4dfa-99fb-3a84a09dbe3d"
[WebServer] 2026-09-05T19:10:13.977+08:00 INFO  application=marketops-server environment=local buildVersion=0.1.0-SNAPSHOT correlationId=5303de1b-50f4-4dfa-99fb-3a84a09dbe3d c.m.m.s.i.c.CorrelationIdFilter - Request completed event="request_completed" correlationId="5303de1b-50f4-4dfa-99fb-3a84a09dbe3d" status="200"
[WebServer] 2026-09-05T19:10:13.993+08:00 INFO  application=marketops-server environment=local buildVersion=0.1.0-SNAPSHOT correlationId=222113b8-ef66-4f56-8e01-cc597c172119 c.m.m.a.i.a.JdbcMetadataAuditStore - Metadata change recorded event="metadata_change_recorded" sourceDomain="advertisingefficiency" entityType="advertising_orchestration" entityId="1fd8008d-fbf7-4802-8d53-10060afe5c65" action="READ" actorId="a749582d-7a9b-4834-aa1c-d3aece0c4d39" correlationId="222113b8-ef66-4f56-8e01-cc597c172119"
[WebServer] 2026-09-05T19:10:13.995+08:00 INFO  application=marketops-server environment=local buildVersion=0.1.0-SNAPSHOT correlationId=222113b8-ef66-4f56-8e01-cc597c172119 c.m.m.s.i.c.CorrelationIdFilter - Request completed event="request_completed" correlationId="222113b8-ef66-4f56-8e01-cc597c172119" status="200"
[WebServer] 2026-09-05T19:10:14.013+08:00 INFO  application=marketops-server environment=local buildVersion=0.1.0-SNAPSHOT correlationId=3b0213d4-5de6-499e-a62a-f47b123658d4 c.m.m.s.i.c.CorrelationIdFilter - Request completed event="request_completed" correlationId="3b0213d4-5de6-499e-a62a-f47b123658d4" status="200"
[WebServer] 2026-09-05T19:10:14.058+08:00 INFO  application=marketops-server environment=local buildVersion=0.1.0-SNAPSHOT correlationId=fa5cf026-6bb4-468b-bb12-1eaf995b35ad c.m.m.a.i.a.JdbcMetadataAuditStore - Metadata change recorded event="metadata_change_recorded" sourceDomain="advertisingefficiency" entityType="advertising_case" entityId="23787a6a-9abc-45e2-9728-5bb036fefb39" action="READ" actorId="a749582d-7a9b-4834-aa1c-d3aece0c4d39" correlationId="fa5cf026-6bb4-468b-bb12-1eaf995b35ad"
[WebServer] 2026-09-05T19:10:14.082+08:00 INFO  application=marketops-server environment=local buildVersion=0.1.0-SNAPSHOT correlationId=fa5cf026-6bb4-468b-bb12-1eaf995b35ad c.m.m.s.i.c.CorrelationIdFilter - Request completed event="request_completed" correlationId="fa5cf026-6bb4-468b-bb12-1eaf995b35ad" status="200"
[WebServer] 2026-09-05T19:10:14.109+08:00 INFO  application=marketops-server environment=local buildVersion=0.1.0-SNAPSHOT correlationId=51537dc8-2703-45de-bb1f-7d6534ad5e46 c.m.m.a.i.a.JdbcMetadataAuditStore - Metadata change recorded event="metadata_change_recorded" sourceDomain="advertisingefficiency" entityType="advertising_manual_packet" entityId="f11e3411-96b8-43a1-ad33-a6df07386e2c" action="READ" actorId="a749582d-7a9b-4834-aa1c-d3aece0c4d39" correlationId="51537dc8-2703-45de-bb1f-7d6534ad5e46"
[WebServer] 2026-09-05T19:10:14.110+08:00 INFO  application=marketops-server environment=local buildVersion=0.1.0-SNAPSHOT correlationId=51537dc8-2703-45de-bb1f-7d6534ad5e46 c.m.m.s.i.c.CorrelationIdFilter - Request completed event="request_completed" correlationId="51537dc8-2703-45de-bb1f-7d6534ad5e46" status="200"
[WebServer] 2026-09-05T19:10:14.132+08:00 INFO  application=marketops-server environment=local buildVersion=0.1.0-SNAPSHOT correlationId=abc934b6-d852-4859-b64f-dc787df1dabd c.m.m.s.i.c.CorrelationIdFilter - Request completed event="request_completed" correlationId="abc934b6-d852-4859-b64f-dc787df1dabd" status="200"
[WebServer] 2026-09-05T19:10:14.151+08:00 INFO  application=marketops-server environment=local buildVersion=0.1.0-SNAPSHOT correlationId=24100f7e-338a-4dcf-bb40-68e985424e22 c.m.m.s.i.c.CorrelationIdFilter - Request completed event="request_completed" correlationId="24100f7e-338a-4dcf-bb40-68e985424e22" status="200"
[WebServer] 2026-09-05T19:10:14.172+08:00 INFO  application=marketops-server environment=local buildVersion=0.1.0-SNAPSHOT correlationId=38ab2226-ffba-4586-bcf3-e854d5475073 c.m.m.s.i.c.CorrelationIdFilter - Request completed event="request_completed" correlationId="38ab2226-ffba-4586-bcf3-e854d5475073" status="200"
[WebServer] 2026-09-05T19:10:14.420+08:00 INFO  application=marketops-server environment=local buildVersion=0.1.0-SNAPSHOT correlationId=afcdb0c0-cc09-4d0f-ac7f-23ecd7e29c94 c.m.m.a.i.a.JdbcMetadataAuditStore - Metadata change recorded event="metadata_change_recorded" sourceDomain="operationsworkflow" entityType="recommendation" entityId="c1d576c4-4840-412e-b36e-edfa21e46667" action="STATUS_CHANGE" actorId="a749582d-7a9b-4834-aa1c-d3aece0c4d39" correlationId="afcdb0c0-cc09-4d0f-ac7f-23ecd7e29c94"
[WebServer] 2026-09-05T19:10:14.437+08:00 INFO  application=marketops-server environment=local buildVersion=0.1.0-SNAPSHOT correlationId=afcdb0c0-cc09-4d0f-ac7f-23ecd7e29c94 c.m.m.s.i.c.CorrelationIdFilter - Request completed event="request_completed" correlationId="afcdb0c0-cc09-4d0f-ac7f-23ecd7e29c94" status="200"
[WebServer] 2026-09-05T19:10:14.496+08:00 INFO  application=marketops-server environment=local buildVersion=0.1.0-SNAPSHOT correlationId=107c8a09-e5e7-44d0-b41c-d6d0df176816 c.m.m.s.i.c.CorrelationIdFilter - Request completed event="request_completed" correlationId="107c8a09-e5e7-44d0-b41c-d6d0df176816" status="200"
[WebServer] 2026-09-05T19:10:14.522+08:00 INFO  application=marketops-server environment=local buildVersion=0.1.0-SNAPSHOT correlationId=689e8410-2cfe-4c16-97f5-dad5c5f82848 c.m.m.s.i.c.CorrelationIdFilter - Request completed event="request_completed" correlationId="689e8410-2cfe-4c16-97f5-dad5c5f82848" status="200"
[WebServer] 2026-09-05T19:10:14.970+08:00 INFO  application=marketops-server environment=local buildVersion=0.1.0-SNAPSHOT correlationId=8550ac5c-989c-4cb1-ba54-8710e455f0c9 c.m.m.s.i.c.CorrelationIdFilter - Request completed event="request_completed" correlationId="8550ac5c-989c-4cb1-ba54-8710e455f0c9" status="200"
[WebServer] 2026-09-05T19:10:14.982+08:00 INFO  application=marketops-server environment=local buildVersion=0.1.0-SNAPSHOT correlationId=c07a68c2-84ad-48fd-b7bc-424ea8840c8d c.m.m.a.i.a.JdbcMetadataAuditStore - Metadata change recorded event="metadata_change_recorded" sourceDomain="advertisingefficiency" entityType="advertising_containments" entityId="1fd8008d-fbf7-4802-8d53-10060afe5c65" action="READ" actorId="4e08c3e6-5708-4e74-887e-1a9bbf9b7335" correlationId="c07a68c2-84ad-48fd-b7bc-424ea8840c8d"
[WebServer] 2026-09-05T19:10:14.985+08:00 INFO  application=marketops-server environment=local buildVersion=0.1.0-SNAPSHOT correlationId=f4f0d054-dfad-4bd0-99a9-3698423c6671 c.m.m.a.i.a.JdbcMetadataAuditStore - Metadata change recorded event="metadata_change_recorded" sourceDomain="advertisingefficiency" entityType="advertising_reservations" entityId="1fd8008d-fbf7-4802-8d53-10060afe5c65" action="READ" actorId="4e08c3e6-5708-4e74-887e-1a9bbf9b7335" correlationId="f4f0d054-dfad-4bd0-99a9-3698423c6671"
[WebServer] 2026-09-05T19:10:14.986+08:00 INFO  application=marketops-server environment=local buildVersion=0.1.0-SNAPSHOT correlationId=8820e554-1962-45b5-905c-d34ea4d57b36 c.m.m.a.i.a.JdbcMetadataAuditStore - Metadata change recorded event="metadata_change_recorded" sourceDomain="availabilityrisk" entityType="availability_queue" entityId="1fd8008d-fbf7-4802-8d53-10060afe5c65" action="READ" actorId="4e08c3e6-5708-4e74-887e-1a9bbf9b7335" correlationId="8820e554-1962-45b5-905c-d34ea4d57b36"
[WebServer] 2026-09-05T19:10:14.987+08:00 INFO  application=marketops-server environment=local buildVersion=0.1.0-SNAPSHOT correlationId=f4f0d054-dfad-4bd0-99a9-3698423c6671 c.m.m.s.i.c.CorrelationIdFilter - Request completed event="request_completed" correlationId="f4f0d054-dfad-4bd0-99a9-3698423c6671" status="200"
[WebServer] 2026-09-05T19:10:14.988+08:00 INFO  application=marketops-server environment=local buildVersion=0.1.0-SNAPSHOT correlationId=8820e554-1962-45b5-905c-d34ea4d57b36 c.m.m.s.i.c.CorrelationIdFilter - Request completed event="request_completed" correlationId="8820e554-1962-45b5-905c-d34ea4d57b36" status="200"
[WebServer] 2026-09-05T19:10:14.992+08:00 INFO  application=marketops-server environment=local buildVersion=0.1.0-SNAPSHOT correlationId=39bb1af2-a6d1-4a34-bfa2-cee3bd4d6548 c.m.m.s.i.e.ConsoleProblemAdvice - Console request refused event="console_request_refused" errorCode="RESOURCE_NOT_FOUND" correlationId="39bb1af2-a6d1-4a34-bfa2-cee3bd4d6548"
[WebServer] 2026-09-05T19:10:14.995+08:00 INFO  application=marketops-server environment=local buildVersion=0.1.0-SNAPSHOT correlationId=c07a68c2-84ad-48fd-b7bc-424ea8840c8d c.m.m.s.i.c.CorrelationIdFilter - Request completed event="request_completed" correlationId="c07a68c2-84ad-48fd-b7bc-424ea8840c8d" status="200"
[WebServer] 2026-09-05T19:10:14.995+08:00 INFO  application=marketops-server environment=local buildVersion=0.1.0-SNAPSHOT correlationId=39bb1af2-a6d1-4a34-bfa2-cee3bd4d6548 c.m.m.s.i.c.CorrelationIdFilter - Request completed event="request_completed" correlationId="39bb1af2-a6d1-4a34-bfa2-cee3bd4d6548" status="404"
[WebServer] 2026-09-05T19:10:15.001+08:00 INFO  application=marketops-server environment=local buildVersion=0.1.0-SNAPSHOT correlationId=5fc4a181-e31c-4a21-81c0-2806f819092b c.m.m.s.i.e.ConsoleProblemAdvice - Console request refused event="console_request_refused" errorCode="RESOURCE_SCOPE_DENIED" correlationId="5fc4a181-e31c-4a21-81c0-2806f819092b"
[WebServer] 2026-09-05T19:10:15.003+08:00 INFO  application=marketops-server environment=local buildVersion=0.1.0-SNAPSHOT correlationId=5fc4a181-e31c-4a21-81c0-2806f819092b c.m.m.s.i.c.CorrelationIdFilter - Request completed event="request_completed" correlationId="5fc4a181-e31c-4a21-81c0-2806f819092b" status="403"
[WebServer] 2026-09-05T19:10:15.009+08:00 INFO  application=marketops-server environment=local buildVersion=0.1.0-SNAPSHOT correlationId=2ddff265-8808-4db3-a7ae-0cb43974b6ed c.m.m.a.i.a.JdbcMetadataAuditStore - Metadata change recorded event="metadata_change_recorded" sourceDomain="advertisingefficiency" entityType="advertising_exposure" entityId="1fd8008d-fbf7-4802-8d53-10060afe5c65" action="READ" actorId="4e08c3e6-5708-4e74-887e-1a9bbf9b7335" correlationId="2ddff265-8808-4db3-a7ae-0cb43974b6ed"
[WebServer] 2026-09-05T19:10:15.012+08:00 INFO  application=marketops-server environment=local buildVersion=0.1.0-SNAPSHOT correlationId=2ddff265-8808-4db3-a7ae-0cb43974b6ed c.m.m.s.i.c.CorrelationIdFilter - Request completed event="request_completed" correlationId="2ddff265-8808-4db3-a7ae-0cb43974b6ed" status="200"
[WebServer] 2026-09-05T19:10:15.014+08:00 INFO  application=marketops-server environment=local buildVersion=0.1.0-SNAPSHOT correlationId=18bb69a7-0860-4760-a1c4-410d28f87784 c.m.m.s.i.e.ConsoleProblemAdvice - Console request refused event="console_request_refused" errorCode="RESOURCE_SCOPE_DENIED" correlationId="18bb69a7-0860-4760-a1c4-410d28f87784"
[WebServer] 2026-09-05T19:10:15.015+08:00 INFO  application=marketops-server environment=local buildVersion=0.1.0-SNAPSHOT correlationId=18bb69a7-0860-4760-a1c4-410d28f87784 c.m.m.s.i.c.CorrelationIdFilter - Request completed event="request_completed" correlationId="18bb69a7-0860-4760-a1c4-410d28f87784" status="403"
[WebServer] 2026-09-05T19:10:15.031+08:00 INFO  application=marketops-server environment=local buildVersion=0.1.0-SNAPSHOT correlationId=eb381ba7-eb81-4afa-b4be-1e543427df6e c.m.m.a.i.a.JdbcMetadataAuditStore - Metadata change recorded event="metadata_change_recorded" sourceDomain="advertisingefficiency" entityType="advertising_queue" entityId="1fd8008d-fbf7-4802-8d53-10060afe5c65" action="READ" actorId="4e08c3e6-5708-4e74-887e-1a9bbf9b7335" correlationId="eb381ba7-eb81-4afa-b4be-1e543427df6e"
[WebServer] 2026-09-05T19:10:15.039+08:00 INFO  application=marketops-server environment=local buildVersion=0.1.0-SNAPSHOT correlationId=8998bcb9-8cf1-4b94-af4f-3b0438452739 c.m.m.a.i.a.JdbcMetadataAuditStore - Metadata change recorded event="metadata_change_recorded" sourceDomain="advertisingefficiency" entityType="advertising_orchestration" entityId="1fd8008d-fbf7-4802-8d53-10060afe5c65" action="READ" actorId="4e08c3e6-5708-4e74-887e-1a9bbf9b7335" correlationId="8998bcb9-8cf1-4b94-af4f-3b0438452739"
[WebServer] 2026-09-05T19:10:15.040+08:00 INFO  application=marketops-server environment=local buildVersion=0.1.0-SNAPSHOT correlationId=8998bcb9-8cf1-4b94-af4f-3b0438452739 c.m.m.s.i.c.CorrelationIdFilter - Request completed event="request_completed" correlationId="8998bcb9-8cf1-4b94-af4f-3b0438452739" status="200"
[WebServer] 2026-09-05T19:10:15.065+08:00 INFO  application=marketops-server environment=local buildVersion=0.1.0-SNAPSHOT correlationId=0d2cbf17-f9e1-4083-a920-d6c07af0061c c.m.m.s.i.c.CorrelationIdFilter - Request completed event="request_completed" correlationId="0d2cbf17-f9e1-4083-a920-d6c07af0061c" status="200"
[WebServer] 2026-09-05T19:10:15.111+08:00 INFO  application=marketops-server environment=local buildVersion=0.1.0-SNAPSHOT correlationId=eb381ba7-eb81-4afa-b4be-1e543427df6e c.m.m.s.i.c.CorrelationIdFilter - Request completed event="request_completed" correlationId="eb381ba7-eb81-4afa-b4be-1e543427df6e" status="200"
[WebServer] 2026-09-05T19:10:16.498+08:00 INFO  application=marketops-server environment=local buildVersion=0.1.0-SNAPSHOT correlationId=3edd17c4-4a19-4ebd-9bfc-f7519866b25f c.m.m.a.i.a.JdbcMetadataAuditStore - Metadata change recorded event="metadata_change_recorded" sourceDomain="advertisingefficiency" entityType="advertising_case" entityId="23787a6a-9abc-45e2-9728-5bb036fefb39" action="READ" actorId="4e08c3e6-5708-4e74-887e-1a9bbf9b7335" correlationId="3edd17c4-4a19-4ebd-9bfc-f7519866b25f"
[WebServer] 2026-09-05T19:10:16.516+08:00 INFO  application=marketops-server environment=local buildVersion=0.1.0-SNAPSHOT correlationId=3edd17c4-4a19-4ebd-9bfc-f7519866b25f c.m.m.s.i.c.CorrelationIdFilter - Request completed event="request_completed" correlationId="3edd17c4-4a19-4ebd-9bfc-f7519866b25f" status="200"
[WebServer] 2026-09-05T19:10:16.546+08:00 INFO  application=marketops-server environment=local buildVersion=0.1.0-SNAPSHOT correlationId=e587ded6-ca27-4c8b-99f8-2c0a801b6600 c.m.m.a.i.a.JdbcMetadataAuditStore - Metadata change recorded event="metadata_change_recorded" sourceDomain="advertisingefficiency" entityType="advertising_manual_packet" entityId="f11e3411-96b8-43a1-ad33-a6df07386e2c" action="READ" actorId="4e08c3e6-5708-4e74-887e-1a9bbf9b7335" correlationId="e587ded6-ca27-4c8b-99f8-2c0a801b6600"
[WebServer] 2026-09-05T19:10:16.547+08:00 INFO  application=marketops-server environment=local buildVersion=0.1.0-SNAPSHOT correlationId=e587ded6-ca27-4c8b-99f8-2c0a801b6600 c.m.m.s.i.c.CorrelationIdFilter - Request completed event="request_completed" correlationId="e587ded6-ca27-4c8b-99f8-2c0a801b6600" status="200"
[WebServer] 2026-09-05T19:10:16.570+08:00 INFO  application=marketops-server environment=local buildVersion=0.1.0-SNAPSHOT correlationId=726763cd-8290-4fb0-9d5c-c6dd8b189e32 c.m.m.s.i.c.CorrelationIdFilter - Request completed event="request_completed" correlationId="726763cd-8290-4fb0-9d5c-c6dd8b189e32" status="200"
[WebServer] 2026-09-05T19:10:16.588+08:00 INFO  application=marketops-server environment=local buildVersion=0.1.0-SNAPSHOT correlationId=252425f9-15cd-4831-869f-d77c33e702ef c.m.m.s.i.c.CorrelationIdFilter - Request completed event="request_completed" correlationId="252425f9-15cd-4831-869f-d77c33e702ef" status="200"
[WebServer] 2026-09-05T19:10:16.621+08:00 INFO  application=marketops-server environment=local buildVersion=0.1.0-SNAPSHOT correlationId=cfde4f32-1264-4b02-9fff-7082791d8b83 c.m.m.s.i.c.CorrelationIdFilter - Request completed event="request_completed" correlationId="cfde4f32-1264-4b02-9fff-7082791d8b83" status="200"
[WebServer] 2026-09-05T19:10:16.765+08:00 INFO  application=marketops-server environment=local buildVersion=0.1.0-SNAPSHOT correlationId=07257555-fb35-43f0-be3f-ea8b81ccbad2 c.m.m.s.i.c.CorrelationIdFilter - Request completed event="request_completed" correlationId="07257555-fb35-43f0-be3f-ea8b81ccbad2" status="200"
[WebServer] 2026-09-05T19:10:18.569+08:00 INFO  application=marketops-server environment=local buildVersion=0.1.0-SNAPSHOT correlationId=a3ee6d62-3dd2-4b0c-af3b-6e0e34876680 c.m.m.a.i.a.JdbcMetadataAuditStore - Metadata change recorded event="metadata_change_recorded" sourceDomain="operationsworkflow" entityType="approval-decision" entityId="99de083c-9752-4ca0-a6c4-5d112876864b" action="APPROVAL_DECISION" actorId="4e08c3e6-5708-4e74-887e-1a9bbf9b7335" correlationId="a3ee6d62-3dd2-4b0c-af3b-6e0e34876680"
[WebServer] 2026-09-05T19:10:18.574+08:00 INFO  application=marketops-server environment=local buildVersion=0.1.0-SNAPSHOT correlationId=a3ee6d62-3dd2-4b0c-af3b-6e0e34876680 c.m.m.a.i.a.JdbcMetadataAuditStore - Metadata change recorded event="metadata_change_recorded" sourceDomain="operationsworkflow" entityType="recommendation" entityId="c1d576c4-4840-412e-b36e-edfa21e46667" action="STATUS_CHANGE" actorId="4e08c3e6-5708-4e74-887e-1a9bbf9b7335" correlationId="a3ee6d62-3dd2-4b0c-af3b-6e0e34876680"
[WebServer] 2026-09-05T19:10:18.652+08:00 INFO  application=marketops-server environment=local buildVersion=0.1.0-SNAPSHOT correlationId=a3ee6d62-3dd2-4b0c-af3b-6e0e34876680 c.m.m.s.i.c.CorrelationIdFilter - Request completed event="request_completed" correlationId="a3ee6d62-3dd2-4b0c-af3b-6e0e34876680" status="200"
[WebServer] 2026-09-05T19:10:18.707+08:00 INFO  application=marketops-server environment=local buildVersion=0.1.0-SNAPSHOT correlationId=e8b9dd38-a630-4e87-9199-b9e9536d7cc6 c.m.m.s.i.c.CorrelationIdFilter - Request completed event="request_completed" correlationId="e8b9dd38-a630-4e87-9199-b9e9536d7cc6" status="200"
[WebServer] 2026-09-05T19:10:18.731+08:00 INFO  application=marketops-server environment=local buildVersion=0.1.0-SNAPSHOT correlationId=69153bd2-4ebb-4cbc-86b7-26dc8b5e1d7f c.m.m.s.i.c.CorrelationIdFilter - Request completed event="request_completed" correlationId="69153bd2-4ebb-4cbc-86b7-26dc8b5e1d7f" status="200"
[WebServer] 2026-09-05T19:10:19.470+08:00 INFO  application=marketops-server environment=local buildVersion=0.1.0-SNAPSHOT correlationId=dfa2d11b-40b4-459b-a230-a93d45f56bb4 c.m.m.a.i.a.JdbcMetadataAuditStore - Metadata change recorded event="metadata_change_recorded" sourceDomain="operationsworkflow" entityType="recommendation" entityId="c1d576c4-4840-412e-b36e-edfa21e46667" action="STATUS_CHANGE" actorId="4e08c3e6-5708-4e74-887e-1a9bbf9b7335" correlationId="dfa2d11b-40b4-459b-a230-a93d45f56bb4"
[WebServer] 2026-09-05T19:10:19.473+08:00 INFO  application=marketops-server environment=local buildVersion=0.1.0-SNAPSHOT correlationId=dfa2d11b-40b4-459b-a230-a93d45f56bb4 c.m.m.a.i.a.JdbcMetadataAuditStore - Metadata change recorded event="metadata_change_recorded" sourceDomain="operationsworkflow" entityType="recommendation" entityId="c1d576c4-4840-412e-b36e-edfa21e46667" action="COMMAND_TRANSITION" actorId="4e08c3e6-5708-4e74-887e-1a9bbf9b7335" correlationId="dfa2d11b-40b4-459b-a230-a93d45f56bb4"
[WebServer] 2026-09-05T19:10:19.485+08:00 INFO  application=marketops-server environment=local buildVersion=0.1.0-SNAPSHOT correlationId=dfa2d11b-40b4-459b-a230-a93d45f56bb4 c.m.m.s.i.c.CorrelationIdFilter - Request completed event="request_completed" correlationId="dfa2d11b-40b4-459b-a230-a93d45f56bb4" status="200"
[WebServer] 2026-09-05T19:10:19.551+08:00 INFO  application=marketops-server environment=local buildVersion=0.1.0-SNAPSHOT correlationId=60d39ad7-d8eb-49dd-ab0f-49b11345821c c.m.m.s.i.c.CorrelationIdFilter - Request completed event="request_completed" correlationId="60d39ad7-d8eb-49dd-ab0f-49b11345821c" status="200"
[WebServer] 2026-09-05T19:10:19.580+08:00 INFO  application=marketops-server environment=local buildVersion=0.1.0-SNAPSHOT correlationId=856fdcf3-d407-4144-a263-d7027033fc16 c.m.m.s.i.c.CorrelationIdFilter - Request completed event="request_completed" correlationId="856fdcf3-d407-4144-a263-d7027033fc16" status="200"
[WebServer] 2026-09-05T19:10:19.580+08:00 INFO  application=marketops-server environment=local buildVersion=0.1.0-SNAPSHOT correlationId=85a7f3c0-ca2b-4e43-922d-65da23f56a59 c.m.m.a.i.a.JdbcMetadataAuditStore - Metadata change recorded event="metadata_change_recorded" sourceDomain="advertisingefficiency" entityType="advertising_command" entityId="895a7a18-8875-4d28-b02e-4d8b2c80ccd4" action="READ" actorId="4e08c3e6-5708-4e74-887e-1a9bbf9b7335" correlationId="85a7f3c0-ca2b-4e43-922d-65da23f56a59"
[WebServer] 2026-09-05T19:10:19.603+08:00 INFO  application=marketops-server environment=local buildVersion=0.1.0-SNAPSHOT correlationId=85a7f3c0-ca2b-4e43-922d-65da23f56a59 c.m.m.s.i.c.CorrelationIdFilter - Request completed event="request_completed" correlationId="85a7f3c0-ca2b-4e43-922d-65da23f56a59" status="200"
[WebServer] 2026-09-05T19:10:19.636+08:00 INFO  application=marketops-server environment=local buildVersion=0.1.0-SNAPSHOT correlationId=2af185e2-eabc-4299-bdca-f1ec54a9b54f c.m.m.a.i.a.JdbcMetadataAuditStore - Metadata change recorded event="metadata_change_recorded" sourceDomain="advertisingefficiency" entityType="advertising_outcome" entityId="895a7a18-8875-4d28-b02e-4d8b2c80ccd4" action="READ" actorId="4e08c3e6-5708-4e74-887e-1a9bbf9b7335" correlationId="2af185e2-eabc-4299-bdca-f1ec54a9b54f"
[WebServer] 2026-09-05T19:10:19.638+08:00 INFO  application=marketops-server environment=local buildVersion=0.1.0-SNAPSHOT correlationId=dbabcf4e-1f48-4b3b-82ee-62b3d49b8b5e c.m.m.s.i.c.CorrelationIdFilter - Request completed event="request_completed" correlationId="dbabcf4e-1f48-4b3b-82ee-62b3d49b8b5e" status="200"
[WebServer] 2026-09-05T19:10:19.641+08:00 INFO  application=marketops-server environment=local buildVersion=0.1.0-SNAPSHOT correlationId=2af185e2-eabc-4299-bdca-f1ec54a9b54f c.m.m.s.i.c.CorrelationIdFilter - Request completed event="request_completed" correlationId="2af185e2-eabc-4299-bdca-f1ec54a9b54f" status="200"
  ✓   1 tests/advertising-browser/governed-advertising.spec.ts:97:1 › real Maker, Ops Lead and Owner decisions preserve minimum disclosure and exact versions (8.9s)
[WebServer] 2026-09-05T19:10:20.190+08:00 DEBUG application=marketops-server environment=local buildVersion=0.1.0-SNAPSHOT correlationId=353b0d37-92d3-46ba-83cd-b3630ab4645a c.m.m.s.i.c.CorrelationIdFilter - Inbound correlation identifier replaced event="correlation_identifier_replaced" correlationId="353b0d37-92d3-46ba-83cd-b3630ab4645a" rejectionCategory="MISSING"
[WebServer] 2026-09-05T19:10:20.195+08:00 INFO  application=marketops-server environment=local buildVersion=0.1.0-SNAPSHOT correlationId=353b0d37-92d3-46ba-83cd-b3630ab4645a c.m.m.s.i.c.CorrelationIdFilter - Request completed event="request_completed" correlationId="353b0d37-92d3-46ba-83cd-b3630ab4645a" status="401"
[WebServer] 2026-09-05T19:10:20.198+08:00 DEBUG application=marketops-server environment=local buildVersion=0.1.0-SNAPSHOT correlationId=28991af3-95df-4c6f-a712-ba332a93fe40 c.m.m.s.i.c.CorrelationIdFilter - Inbound correlation identifier replaced event="correlation_identifier_replaced" correlationId="28991af3-95df-4c6f-a712-ba332a93fe40" rejectionCategory="MISSING"
[WebServer] 2026-09-05T19:10:20.200+08:00 INFO  application=marketops-server environment=local buildVersion=0.1.0-SNAPSHOT correlationId=28991af3-95df-4c6f-a712-ba332a93fe40 c.m.m.s.i.c.CorrelationIdFilter - Request completed event="request_completed" correlationId="28991af3-95df-4c6f-a712-ba332a93fe40" status="401"
  ✓   2 tests/advertising-browser/governed-advertising.spec.ts:175:1 › real backend denies absent and forged credentials before advertising data is disclosed (15ms)
[WebServer] 2026-09-05T19:10:20.500+08:00 INFO  application=marketops-server environment=local buildVersion=0.1.0-SNAPSHOT correlationId=c1699b1c-ba46-4eb6-abef-9fd1497ba2e3 c.m.m.a.i.a.JdbcMetadataAuditStore - Metadata change recorded event="metadata_change_recorded" sourceDomain="advertisingefficiency" entityType="advertising_containments" entityId="63e2a9e6-c1a7-4d96-8600-e4e424774f96" action="READ" actorId="937c20ce-dcaf-4f06-827c-35469d78543b" correlationId="c1699b1c-ba46-4eb6-abef-9fd1497ba2e3"
[WebServer] 2026-09-05T19:10:20.500+08:00 INFO  application=marketops-server environment=local buildVersion=0.1.0-SNAPSHOT correlationId=d53a4ba5-4d63-402f-9be3-7dcfdbabd305 c.m.m.s.i.c.CorrelationIdFilter - Request completed event="request_completed" correlationId="d53a4ba5-4d63-402f-9be3-7dcfdbabd305" status="200"
[WebServer] 2026-09-05T19:10:20.504+08:00 INFO  application=marketops-server environment=local buildVersion=0.1.0-SNAPSHOT correlationId=d72fbc6c-971d-4744-a5af-c3c1b060f2a2 c.m.m.a.i.a.JdbcMetadataAuditStore - Metadata change recorded event="metadata_change_recorded" sourceDomain="availabilityrisk" entityType="availability_queue" entityId="63e2a9e6-c1a7-4d96-8600-e4e424774f96" action="READ" actorId="937c20ce-dcaf-4f06-827c-35469d78543b" correlationId="d72fbc6c-971d-4744-a5af-c3c1b060f2a2"
[WebServer] 2026-09-05T19:10:20.504+08:00 INFO  application=marketops-server environment=local buildVersion=0.1.0-SNAPSHOT correlationId=fcf4e3d4-011e-4d4f-883d-dcdf19d2bd2e c.m.m.s.i.e.ConsoleProblemAdvice - Console request refused event="console_request_refused" errorCode="RESOURCE_NOT_FOUND" correlationId="fcf4e3d4-011e-4d4f-883d-dcdf19d2bd2e"
[WebServer] 2026-09-05T19:10:20.505+08:00 INFO  application=marketops-server environment=local buildVersion=0.1.0-SNAPSHOT correlationId=fcf4e3d4-011e-4d4f-883d-dcdf19d2bd2e c.m.m.s.i.c.CorrelationIdFilter - Request completed event="request_completed" correlationId="fcf4e3d4-011e-4d4f-883d-dcdf19d2bd2e" status="404"
[WebServer] 2026-09-05T19:10:20.507+08:00 INFO  application=marketops-server environment=local buildVersion=0.1.0-SNAPSHOT correlationId=d72fbc6c-971d-4744-a5af-c3c1b060f2a2 c.m.m.s.i.c.CorrelationIdFilter - Request completed event="request_completed" correlationId="d72fbc6c-971d-4744-a5af-c3c1b060f2a2" status="200"
[WebServer] 2026-09-05T19:10:20.513+08:00 INFO  application=marketops-server environment=local buildVersion=0.1.0-SNAPSHOT correlationId=c1699b1c-ba46-4eb6-abef-9fd1497ba2e3 c.m.m.s.i.c.CorrelationIdFilter - Request completed event="request_completed" correlationId="c1699b1c-ba46-4eb6-abef-9fd1497ba2e3" status="200"
[WebServer] 2026-09-05T19:10:20.513+08:00 INFO  application=marketops-server environment=local buildVersion=0.1.0-SNAPSHOT correlationId=6d307734-9c51-47c8-b20b-673d83d58780 c.m.m.a.i.a.JdbcMetadataAuditStore - Metadata change recorded event="metadata_change_recorded" sourceDomain="advertisingefficiency" entityType="advertising_reservations" entityId="63e2a9e6-c1a7-4d96-8600-e4e424774f96" action="READ" actorId="937c20ce-dcaf-4f06-827c-35469d78543b" correlationId="6d307734-9c51-47c8-b20b-673d83d58780"
[WebServer] 2026-09-05T19:10:20.515+08:00 INFO  application=marketops-server environment=local buildVersion=0.1.0-SNAPSHOT correlationId=6d307734-9c51-47c8-b20b-673d83d58780 c.m.m.s.i.c.CorrelationIdFilter - Request completed event="request_completed" correlationId="6d307734-9c51-47c8-b20b-673d83d58780" status="200"
[WebServer] 2026-09-05T19:10:20.517+08:00 INFO  application=marketops-server environment=local buildVersion=0.1.0-SNAPSHOT correlationId=2821003e-48fe-4cf3-8602-9c9c3d9bda94 c.m.m.s.i.e.ConsoleProblemAdvice - Console request refused event="console_request_refused" errorCode="RESOURCE_SCOPE_DENIED" correlationId="2821003e-48fe-4cf3-8602-9c9c3d9bda94"
[WebServer] 2026-09-05T19:10:20.518+08:00 INFO  application=marketops-server environment=local buildVersion=0.1.0-SNAPSHOT correlationId=2821003e-48fe-4cf3-8602-9c9c3d9bda94 c.m.m.s.i.c.CorrelationIdFilter - Request completed event="request_completed" correlationId="2821003e-48fe-4cf3-8602-9c9c3d9bda94" status="403"
[WebServer] 2026-09-05T19:10:20.521+08:00 INFO  application=marketops-server environment=local buildVersion=0.1.0-SNAPSHOT correlationId=e2ee4a69-401c-48b8-9899-f389f264b3e6 c.m.m.a.i.a.JdbcMetadataAuditStore - Metadata change recorded event="metadata_change_recorded" sourceDomain="advertisingefficiency" entityType="advertising_exposure" entityId="63e2a9e6-c1a7-4d96-8600-e4e424774f96" action="READ" actorId="937c20ce-dcaf-4f06-827c-35469d78543b" correlationId="e2ee4a69-401c-48b8-9899-f389f264b3e6"
[WebServer] 2026-09-05T19:10:20.522+08:00 INFO  application=marketops-server environment=local buildVersion=0.1.0-SNAPSHOT correlationId=9c19e06b-10fa-4d2c-adf9-4f68e6092ded c.m.m.s.i.e.ConsoleProblemAdvice - Console request refused event="console_request_refused" errorCode="RESOURCE_SCOPE_DENIED" correlationId="9c19e06b-10fa-4d2c-adf9-4f68e6092ded"
[WebServer] 2026-09-05T19:10:20.523+08:00 INFO  application=marketops-server environment=local buildVersion=0.1.0-SNAPSHOT correlationId=9c19e06b-10fa-4d2c-adf9-4f68e6092ded c.m.m.s.i.c.CorrelationIdFilter - Request completed event="request_completed" correlationId="9c19e06b-10fa-4d2c-adf9-4f68e6092ded" status="403"
[WebServer] 2026-09-05T19:10:20.523+08:00 INFO  application=marketops-server environment=local buildVersion=0.1.0-SNAPSHOT correlationId=e2ee4a69-401c-48b8-9899-f389f264b3e6 c.m.m.s.i.c.CorrelationIdFilter - Request completed event="request_completed" correlationId="e2ee4a69-401c-48b8-9899-f389f264b3e6" status="200"
[WebServer] 2026-09-05T19:10:20.529+08:00 INFO  application=marketops-server environment=local buildVersion=0.1.0-SNAPSHOT correlationId=2e825d19-afb6-4ee1-974b-b7d270355e1e c.m.m.a.i.a.JdbcMetadataAuditStore - Metadata change recorded event="metadata_change_recorded" sourceDomain="advertisingefficiency" entityType="advertising_queue" entityId="63e2a9e6-c1a7-4d96-8600-e4e424774f96" action="READ" actorId="937c20ce-dcaf-4f06-827c-35469d78543b" correlationId="2e825d19-afb6-4ee1-974b-b7d270355e1e"
[WebServer] 2026-09-05T19:10:20.541+08:00 INFO  application=marketops-server environment=local buildVersion=0.1.0-SNAPSHOT correlationId=8851c139-c501-4e30-a7d8-baa1cb396019 c.m.m.a.i.a.JdbcMetadataAuditStore - Metadata change recorded event="metadata_change_recorded" sourceDomain="advertisingefficiency" entityType="advertising_orchestration" entityId="63e2a9e6-c1a7-4d96-8600-e4e424774f96" action="READ" actorId="937c20ce-dcaf-4f06-827c-35469d78543b" correlationId="8851c139-c501-4e30-a7d8-baa1cb396019"
[WebServer] 2026-09-05T19:10:20.542+08:00 INFO  application=marketops-server environment=local buildVersion=0.1.0-SNAPSHOT correlationId=8851c139-c501-4e30-a7d8-baa1cb396019 c.m.m.s.i.c.CorrelationIdFilter - Request completed event="request_completed" correlationId="8851c139-c501-4e30-a7d8-baa1cb396019" status="200"
[WebServer] 2026-09-05T19:10:20.547+08:00 INFO  application=marketops-server environment=local buildVersion=0.1.0-SNAPSHOT correlationId=2e825d19-afb6-4ee1-974b-b7d270355e1e c.m.m.s.i.c.CorrelationIdFilter - Request completed event="request_completed" correlationId="2e825d19-afb6-4ee1-974b-b7d270355e1e" status="200"
[WebServer] 2026-09-05T19:10:20.559+08:00 INFO  application=marketops-server environment=local buildVersion=0.1.0-SNAPSHOT correlationId=f005d7d5-0805-40c1-ab98-e28d9a84b175 c.m.m.s.i.c.CorrelationIdFilter - Request completed event="request_completed" correlationId="f005d7d5-0805-40c1-ab98-e28d9a84b175" status="200"
[WebServer] 2026-09-05T19:10:20.680+08:00 INFO  application=marketops-server environment=local buildVersion=0.1.0-SNAPSHOT correlationId=34618b2b-6cb8-470d-ac47-e3178fa4bec9 c.m.m.a.i.a.JdbcMetadataAuditStore - Metadata change recorded event="metadata_change_recorded" sourceDomain="advertisingefficiency" entityType="advertising_case" entityId="6de3ecbb-1a99-4774-b134-717bb5372932" action="READ" actorId="937c20ce-dcaf-4f06-827c-35469d78543b" correlationId="34618b2b-6cb8-470d-ac47-e3178fa4bec9"
[WebServer] 2026-09-05T19:10:20.693+08:00 INFO  application=marketops-server environment=local buildVersion=0.1.0-SNAPSHOT correlationId=34618b2b-6cb8-470d-ac47-e3178fa4bec9 c.m.m.s.i.c.CorrelationIdFilter - Request completed event="request_completed" correlationId="34618b2b-6cb8-470d-ac47-e3178fa4bec9" status="200"
[WebServer] 2026-09-05T19:10:20.718+08:00 INFO  application=marketops-server environment=local buildVersion=0.1.0-SNAPSHOT correlationId=3c5d8800-8945-4997-a9fb-9f81b2e1f410 c.m.m.a.i.a.JdbcMetadataAuditStore - Metadata change recorded event="metadata_change_recorded" sourceDomain="advertisingefficiency" entityType="advertising_manual_packet" entityId="78188fe7-e80b-4bec-9fbb-df00a3c935bd" action="READ" actorId="937c20ce-dcaf-4f06-827c-35469d78543b" correlationId="3c5d8800-8945-4997-a9fb-9f81b2e1f410"
[WebServer] 2026-09-05T19:10:20.719+08:00 INFO  application=marketops-server environment=local buildVersion=0.1.0-SNAPSHOT correlationId=3c5d8800-8945-4997-a9fb-9f81b2e1f410 c.m.m.s.i.c.CorrelationIdFilter - Request completed event="request_completed" correlationId="3c5d8800-8945-4997-a9fb-9f81b2e1f410" status="200"
[WebServer] 2026-09-05T19:10:20.745+08:00 INFO  application=marketops-server environment=local buildVersion=0.1.0-SNAPSHOT correlationId=4aa281cc-93ed-482d-a0b2-b6480575efe9 c.m.m.s.i.c.CorrelationIdFilter - Request completed event="request_completed" correlationId="4aa281cc-93ed-482d-a0b2-b6480575efe9" status="200"
[WebServer] 2026-09-05T19:10:20.757+08:00 INFO  application=marketops-server environment=local buildVersion=0.1.0-SNAPSHOT correlationId=aee77710-4cd5-48b3-8468-346ea836609b c.m.m.s.i.c.CorrelationIdFilter - Request completed event="request_completed" correlationId="aee77710-4cd5-48b3-8468-346ea836609b" status="200"
[WebServer] 2026-09-05T19:10:20.776+08:00 INFO  application=marketops-server environment=local buildVersion=0.1.0-SNAPSHOT correlationId=32bc8ba2-dea8-4eb7-b83b-488f1f5929f3 c.m.m.s.i.c.CorrelationIdFilter - Request completed event="request_completed" correlationId="32bc8ba2-dea8-4eb7-b83b-488f1f5929f3" status="200"
[WebServer] 2026-09-05T19:10:21.016+08:00 INFO  application=marketops-server environment=local buildVersion=0.1.0-SNAPSHOT correlationId=f24fe03a-de27-49c5-9b10-af535b57f25f c.m.m.s.i.c.CorrelationIdFilter - Request completed event="request_completed" correlationId="f24fe03a-de27-49c5-9b10-af535b57f25f" status="200"
[WebServer] 2026-09-05T19:10:21.032+08:00 INFO  application=marketops-server environment=local buildVersion=0.1.0-SNAPSHOT correlationId=7ebd7da0-312d-4c27-bd6b-351101e4b038 c.m.m.a.i.a.JdbcMetadataAuditStore - Metadata change recorded event="metadata_change_recorded" sourceDomain="advertisingefficiency" entityType="advertising_manual_packet" entityId="78188fe7-e80b-4bec-9fbb-df00a3c935bd" action="READ" actorId="937c20ce-dcaf-4f06-827c-35469d78543b" correlationId="7ebd7da0-312d-4c27-bd6b-351101e4b038"
[WebServer] 2026-09-05T19:10:21.068+08:00 INFO  application=marketops-server environment=local buildVersion=0.1.0-SNAPSHOT correlationId=7ebd7da0-312d-4c27-bd6b-351101e4b038 c.m.m.s.i.c.CorrelationIdFilter - Request completed event="request_completed" correlationId="7ebd7da0-312d-4c27-bd6b-351101e4b038" status="200"
[WebServer] 2026-09-05T19:10:21.477+08:00 INFO  application=marketops-server environment=local buildVersion=0.1.0-SNAPSHOT correlationId=63c38ed2-7177-4698-9f5b-75026ff3f76a c.m.m.s.i.c.CorrelationIdFilter - Request completed event="request_completed" correlationId="63c38ed2-7177-4698-9f5b-75026ff3f76a" status="200"
[WebServer] 2026-09-05T19:10:21.487+08:00 INFO  application=marketops-server environment=local buildVersion=0.1.0-SNAPSHOT correlationId=e427b2bb-d3f0-4510-9f40-51173bf0b8fa c.m.m.s.i.e.ConsoleProblemAdvice - Console request refused event="console_request_refused" errorCode="RESOURCE_SCOPE_DENIED" correlationId="e427b2bb-d3f0-4510-9f40-51173bf0b8fa"
[WebServer] 2026-09-05T19:10:21.488+08:00 INFO  application=marketops-server environment=local buildVersion=0.1.0-SNAPSHOT correlationId=1009ab17-9fd1-461c-9a13-499b0392cc81 c.m.m.a.i.a.JdbcMetadataAuditStore - Metadata change recorded event="metadata_change_recorded" sourceDomain="advertisingefficiency" entityType="advertising_reservations" entityId="63e2a9e6-c1a7-4d96-8600-e4e424774f96" action="READ" actorId="e38ac65a-9a8f-4ca1-b639-fb0a7ba6056a" correlationId="1009ab17-9fd1-461c-9a13-499b0392cc81"
[WebServer] 2026-09-05T19:10:21.488+08:00 INFO  application=marketops-server environment=local buildVersion=0.1.0-SNAPSHOT correlationId=e427b2bb-d3f0-4510-9f40-51173bf0b8fa c.m.m.s.i.c.CorrelationIdFilter - Request completed event="request_completed" correlationId="e427b2bb-d3f0-4510-9f40-51173bf0b8fa" status="403"
[WebServer] 2026-09-05T19:10:21.491+08:00 INFO  application=marketops-server environment=local buildVersion=0.1.0-SNAPSHOT correlationId=1009ab17-9fd1-461c-9a13-499b0392cc81 c.m.m.s.i.c.CorrelationIdFilter - Request completed event="request_completed" correlationId="1009ab17-9fd1-461c-9a13-499b0392cc81" status="200"
[WebServer] 2026-09-05T19:10:21.492+08:00 INFO  application=marketops-server environment=local buildVersion=0.1.0-SNAPSHOT correlationId=30120737-a514-4c16-b275-570ee793b4dc c.m.m.a.i.a.JdbcMetadataAuditStore - Metadata change recorded event="metadata_change_recorded" sourceDomain="availabilityrisk" entityType="availability_queue" entityId="63e2a9e6-c1a7-4d96-8600-e4e424774f96" action="READ" actorId="e38ac65a-9a8f-4ca1-b639-fb0a7ba6056a" correlationId="30120737-a514-4c16-b275-570ee793b4dc"
[WebServer] 2026-09-05T19:10:21.493+08:00 INFO  application=marketops-server environment=local buildVersion=0.1.0-SNAPSHOT correlationId=9be58229-c0ed-4283-9ec8-fa1de51c6182 c.m.m.s.i.e.ConsoleProblemAdvice - Console request refused event="console_request_refused" errorCode="RESOURCE_NOT_FOUND" correlationId="9be58229-c0ed-4283-9ec8-fa1de51c6182"
[WebServer] 2026-09-05T19:10:21.494+08:00 INFO  application=marketops-server environment=local buildVersion=0.1.0-SNAPSHOT correlationId=9be58229-c0ed-4283-9ec8-fa1de51c6182 c.m.m.s.i.c.CorrelationIdFilter - Request completed event="request_completed" correlationId="9be58229-c0ed-4283-9ec8-fa1de51c6182" status="404"
[WebServer] 2026-09-05T19:10:21.495+08:00 INFO  application=marketops-server environment=local buildVersion=0.1.0-SNAPSHOT correlationId=30120737-a514-4c16-b275-570ee793b4dc c.m.m.s.i.c.CorrelationIdFilter - Request completed event="request_completed" correlationId="30120737-a514-4c16-b275-570ee793b4dc" status="200"
[WebServer] 2026-09-05T19:10:21.507+08:00 INFO  application=marketops-server environment=local buildVersion=0.1.0-SNAPSHOT correlationId=f09a1469-d27d-463f-b8f7-9b08a0ea598a c.m.m.a.i.a.JdbcMetadataAuditStore - Metadata change recorded event="metadata_change_recorded" sourceDomain="advertisingefficiency" entityType="advertising_containments" entityId="63e2a9e6-c1a7-4d96-8600-e4e424774f96" action="READ" actorId="e38ac65a-9a8f-4ca1-b639-fb0a7ba6056a" correlationId="f09a1469-d27d-463f-b8f7-9b08a0ea598a"
[WebServer] 2026-09-05T19:10:21.516+08:00 INFO  application=marketops-server environment=local buildVersion=0.1.0-SNAPSHOT correlationId=22383704-9c6d-42a2-9bcd-1b1eabe9fbcc c.m.m.a.i.a.JdbcMetadataAuditStore - Metadata change recorded event="metadata_change_recorded" sourceDomain="advertisingefficiency" entityType="advertising_exposure" entityId="63e2a9e6-c1a7-4d96-8600-e4e424774f96" action="READ" actorId="e38ac65a-9a8f-4ca1-b639-fb0a7ba6056a" correlationId="22383704-9c6d-42a2-9bcd-1b1eabe9fbcc"
[WebServer] 2026-09-05T19:10:21.519+08:00 INFO  application=marketops-server environment=local buildVersion=0.1.0-SNAPSHOT correlationId=22383704-9c6d-42a2-9bcd-1b1eabe9fbcc c.m.m.s.i.c.CorrelationIdFilter - Request completed event="request_completed" correlationId="22383704-9c6d-42a2-9bcd-1b1eabe9fbcc" status="200"
[WebServer] 2026-09-05T19:10:21.520+08:00 INFO  application=marketops-server environment=local buildVersion=0.1.0-SNAPSHOT correlationId=a0b233da-8ed7-4a16-97e9-ffa2aeeb5ce1 c.m.m.s.i.e.ConsoleProblemAdvice - Console request refused event="console_request_refused" errorCode="RESOURCE_SCOPE_DENIED" correlationId="a0b233da-8ed7-4a16-97e9-ffa2aeeb5ce1"
[WebServer] 2026-09-05T19:10:21.522+08:00 INFO  application=marketops-server environment=local buildVersion=0.1.0-SNAPSHOT correlationId=a0b233da-8ed7-4a16-97e9-ffa2aeeb5ce1 c.m.m.s.i.c.CorrelationIdFilter - Request completed event="request_completed" correlationId="a0b233da-8ed7-4a16-97e9-ffa2aeeb5ce1" status="403"
[WebServer] 2026-09-05T19:10:21.524+08:00 INFO  application=marketops-server environment=local buildVersion=0.1.0-SNAPSHOT correlationId=f09a1469-d27d-463f-b8f7-9b08a0ea598a c.m.m.s.i.c.CorrelationIdFilter - Request completed event="request_completed" correlationId="f09a1469-d27d-463f-b8f7-9b08a0ea598a" status="200"
[WebServer] 2026-09-05T19:10:21.531+08:00 INFO  application=marketops-server environment=local buildVersion=0.1.0-SNAPSHOT correlationId=6c2cff39-211a-4648-a1e7-09e6c75b9eeb c.m.m.a.i.a.JdbcMetadataAuditStore - Metadata change recorded event="metadata_change_recorded" sourceDomain="advertisingefficiency" entityType="advertising_queue" entityId="63e2a9e6-c1a7-4d96-8600-e4e424774f96" action="READ" actorId="e38ac65a-9a8f-4ca1-b639-fb0a7ba6056a" correlationId="6c2cff39-211a-4648-a1e7-09e6c75b9eeb"
[WebServer] 2026-09-05T19:10:21.554+08:00 INFO  application=marketops-server environment=local buildVersion=0.1.0-SNAPSHOT correlationId=10081b57-9bb1-465e-baf7-ebbb3a080908 c.m.m.a.i.a.JdbcMetadataAuditStore - Metadata change recorded event="metadata_change_recorded" sourceDomain="advertisingefficiency" entityType="advertising_orchestration" entityId="63e2a9e6-c1a7-4d96-8600-e4e424774f96" action="READ" actorId="e38ac65a-9a8f-4ca1-b639-fb0a7ba6056a" correlationId="10081b57-9bb1-465e-baf7-ebbb3a080908"
[WebServer] 2026-09-05T19:10:21.556+08:00 INFO  application=marketops-server environment=local buildVersion=0.1.0-SNAPSHOT correlationId=10081b57-9bb1-465e-baf7-ebbb3a080908 c.m.m.s.i.c.CorrelationIdFilter - Request completed event="request_completed" correlationId="10081b57-9bb1-465e-baf7-ebbb3a080908" status="200"
[WebServer] 2026-09-05T19:10:21.598+08:00 INFO  application=marketops-server environment=local buildVersion=0.1.0-SNAPSHOT correlationId=6c2cff39-211a-4648-a1e7-09e6c75b9eeb c.m.m.s.i.c.CorrelationIdFilter - Request completed event="request_completed" correlationId="6c2cff39-211a-4648-a1e7-09e6c75b9eeb" status="200"
[WebServer] 2026-09-05T19:10:21.611+08:00 INFO  application=marketops-server environment=local buildVersion=0.1.0-SNAPSHOT correlationId=4400f0fb-1e8d-4a84-a77c-981983ed7d1f c.m.m.s.i.c.CorrelationIdFilter - Request completed event="request_completed" correlationId="4400f0fb-1e8d-4a84-a77c-981983ed7d1f" status="200"
[WebServer] 2026-09-05T19:10:21.683+08:00 INFO  application=marketops-server environment=local buildVersion=0.1.0-SNAPSHOT correlationId=d9c6b60e-0464-4da8-aa04-27560916ba69 c.m.m.a.i.a.JdbcMetadataAuditStore - Metadata change recorded event="metadata_change_recorded" sourceDomain="advertisingefficiency" entityType="advertising_case" entityId="6de3ecbb-1a99-4774-b134-717bb5372932" action="READ" actorId="e38ac65a-9a8f-4ca1-b639-fb0a7ba6056a" correlationId="d9c6b60e-0464-4da8-aa04-27560916ba69"
[WebServer] 2026-09-05T19:10:21.709+08:00 INFO  application=marketops-server environment=local buildVersion=0.1.0-SNAPSHOT correlationId=d9c6b60e-0464-4da8-aa04-27560916ba69 c.m.m.s.i.c.CorrelationIdFilter - Request completed event="request_completed" correlationId="d9c6b60e-0464-4da8-aa04-27560916ba69" status="200"
[WebServer] 2026-09-05T19:10:21.732+08:00 INFO  application=marketops-server environment=local buildVersion=0.1.0-SNAPSHOT correlationId=b919f899-7771-4e4e-9b77-fafd04df66ef c.m.m.a.i.a.JdbcMetadataAuditStore - Metadata change recorded event="metadata_change_recorded" sourceDomain="advertisingefficiency" entityType="advertising_manual_packet" entityId="78188fe7-e80b-4bec-9fbb-df00a3c935bd" action="READ" actorId="e38ac65a-9a8f-4ca1-b639-fb0a7ba6056a" correlationId="b919f899-7771-4e4e-9b77-fafd04df66ef"
[WebServer] 2026-09-05T19:10:21.770+08:00 INFO  application=marketops-server environment=local buildVersion=0.1.0-SNAPSHOT correlationId=b31d22e9-be34-4423-8c9d-a2b2ca292f61 c.m.m.s.i.c.CorrelationIdFilter - Request completed event="request_completed" correlationId="b31d22e9-be34-4423-8c9d-a2b2ca292f61" status="200"
[WebServer] 2026-09-05T19:10:21.786+08:00 INFO  application=marketops-server environment=local buildVersion=0.1.0-SNAPSHOT correlationId=b919f899-7771-4e4e-9b77-fafd04df66ef c.m.m.s.i.c.CorrelationIdFilter - Request completed event="request_completed" correlationId="b919f899-7771-4e4e-9b77-fafd04df66ef" status="200"
[WebServer] 2026-09-05T19:10:21.793+08:00 INFO  application=marketops-server environment=local buildVersion=0.1.0-SNAPSHOT correlationId=56d47129-f486-4a62-8523-ec8f1fe2eb40 c.m.m.s.i.c.CorrelationIdFilter - Request completed event="request_completed" correlationId="56d47129-f486-4a62-8523-ec8f1fe2eb40" status="200"
[WebServer] 2026-09-05T19:10:21.830+08:00 INFO  application=marketops-server environment=local buildVersion=0.1.0-SNAPSHOT correlationId=2b42aff1-470e-4b7f-8f0f-a70a00df783b c.m.m.s.i.c.CorrelationIdFilter - Request completed event="request_completed" correlationId="2b42aff1-470e-4b7f-8f0f-a70a00df783b" status="200"
[WebServer] 2026-09-05T19:10:21.939+08:00 INFO  application=marketops-server environment=local buildVersion=0.1.0-SNAPSHOT correlationId=fb27efc9-1f70-4b97-a819-993384dc3aa6 c.m.m.s.i.c.CorrelationIdFilter - Request completed event="request_completed" correlationId="fb27efc9-1f70-4b97-a819-993384dc3aa6" status="200"
[WebServer] 2026-09-05T19:10:21.957+08:00 INFO  application=marketops-server environment=local buildVersion=0.1.0-SNAPSHOT correlationId=928cd4a4-aefa-4697-bcb9-f621c64afd5f c.m.m.a.i.a.JdbcMetadataAuditStore - Metadata change recorded event="metadata_change_recorded" sourceDomain="advertisingefficiency" entityType="advertising_manual_packet" entityId="78188fe7-e80b-4bec-9fbb-df00a3c935bd" action="READ" actorId="e38ac65a-9a8f-4ca1-b639-fb0a7ba6056a" correlationId="928cd4a4-aefa-4697-bcb9-f621c64afd5f"
[WebServer] 2026-09-05T19:10:22.026+08:00 INFO  application=marketops-server environment=local buildVersion=0.1.0-SNAPSHOT correlationId=928cd4a4-aefa-4697-bcb9-f621c64afd5f c.m.m.s.i.c.CorrelationIdFilter - Request completed event="request_completed" correlationId="928cd4a4-aefa-4697-bcb9-f621c64afd5f" status="200"
[WebServer] 2026-09-05T19:10:22.325+08:00 INFO  application=marketops-server environment=local buildVersion=0.1.0-SNAPSHOT correlationId=695cd544-a72d-4419-a8ca-f273666acfc6 c.m.m.s.i.c.CorrelationIdFilter - Request completed event="request_completed" correlationId="695cd544-a72d-4419-a8ca-f273666acfc6" status="200"
[WebServer] 2026-09-05T19:10:22.332+08:00 INFO  application=marketops-server environment=local buildVersion=0.1.0-SNAPSHOT correlationId=bdeed8f1-eb1a-4bcc-8fd7-6637dfbc8b93 c.m.m.a.i.a.JdbcMetadataAuditStore - Metadata change recorded event="metadata_change_recorded" sourceDomain="advertisingefficiency" entityType="advertising_reservations" entityId="63e2a9e6-c1a7-4d96-8600-e4e424774f96" action="READ" actorId="7b7698e4-2b10-4d59-aeba-53728e21694b" correlationId="bdeed8f1-eb1a-4bcc-8fd7-6637dfbc8b93"
[WebServer] 2026-09-05T19:10:22.334+08:00 INFO  application=marketops-server environment=local buildVersion=0.1.0-SNAPSHOT correlationId=45b82369-fdaf-49f8-809f-53b2ac9faaa8 c.m.m.s.i.e.ConsoleProblemAdvice - Console request refused event="console_request_refused" errorCode="RESOURCE_NOT_FOUND" correlationId="45b82369-fdaf-49f8-809f-53b2ac9faaa8"
[WebServer] 2026-09-05T19:10:22.335+08:00 INFO  application=marketops-server environment=local buildVersion=0.1.0-SNAPSHOT correlationId=bdeed8f1-eb1a-4bcc-8fd7-6637dfbc8b93 c.m.m.s.i.c.CorrelationIdFilter - Request completed event="request_completed" correlationId="bdeed8f1-eb1a-4bcc-8fd7-6637dfbc8b93" status="200"
[WebServer] 2026-09-05T19:10:22.335+08:00 INFO  application=marketops-server environment=local buildVersion=0.1.0-SNAPSHOT correlationId=45b82369-fdaf-49f8-809f-53b2ac9faaa8 c.m.m.s.i.c.CorrelationIdFilter - Request completed event="request_completed" correlationId="45b82369-fdaf-49f8-809f-53b2ac9faaa8" status="404"
[WebServer] 2026-09-05T19:10:22.340+08:00 INFO  application=marketops-server environment=local buildVersion=0.1.0-SNAPSHOT correlationId=7abed9b8-6d1d-4d1c-8a23-679ffe46b48b c.m.m.a.i.a.JdbcMetadataAuditStore - Metadata change recorded event="metadata_change_recorded" sourceDomain="advertisingefficiency" entityType="advertising_containments" entityId="63e2a9e6-c1a7-4d96-8600-e4e424774f96" action="READ" actorId="7b7698e4-2b10-4d59-aeba-53728e21694b" correlationId="7abed9b8-6d1d-4d1c-8a23-679ffe46b48b"
[WebServer] 2026-09-05T19:10:22.345+08:00 INFO  application=marketops-server environment=local buildVersion=0.1.0-SNAPSHOT correlationId=86895271-77a4-46ca-876d-76c34784d02c c.m.m.a.i.a.JdbcMetadataAuditStore - Metadata change recorded event="metadata_change_recorded" sourceDomain="availabilityrisk" entityType="availability_queue" entityId="63e2a9e6-c1a7-4d96-8600-e4e424774f96" action="READ" actorId="7b7698e4-2b10-4d59-aeba-53728e21694b" correlationId="86895271-77a4-46ca-876d-76c34784d02c"
[WebServer] 2026-09-05T19:10:22.345+08:00 INFO  application=marketops-server environment=local buildVersion=0.1.0-SNAPSHOT correlationId=e141dfd6-bcc5-4dd7-a996-42f13a812654 c.m.m.s.i.e.ConsoleProblemAdvice - Console request refused event="console_request_refused" errorCode="RESOURCE_SCOPE_DENIED" correlationId="e141dfd6-bcc5-4dd7-a996-42f13a812654"
[WebServer] 2026-09-05T19:10:22.346+08:00 INFO  application=marketops-server environment=local buildVersion=0.1.0-SNAPSHOT correlationId=e141dfd6-bcc5-4dd7-a996-42f13a812654 c.m.m.s.i.c.CorrelationIdFilter - Request completed event="request_completed" correlationId="e141dfd6-bcc5-4dd7-a996-42f13a812654" status="403"
[WebServer] 2026-09-05T19:10:22.348+08:00 INFO  application=marketops-server environment=local buildVersion=0.1.0-SNAPSHOT correlationId=86895271-77a4-46ca-876d-76c34784d02c c.m.m.s.i.c.CorrelationIdFilter - Request completed event="request_completed" correlationId="86895271-77a4-46ca-876d-76c34784d02c" status="200"
[WebServer] 2026-09-05T19:10:22.348+08:00 INFO  application=marketops-server environment=local buildVersion=0.1.0-SNAPSHOT correlationId=7abed9b8-6d1d-4d1c-8a23-679ffe46b48b c.m.m.s.i.c.CorrelationIdFilter - Request completed event="request_completed" correlationId="7abed9b8-6d1d-4d1c-8a23-679ffe46b48b" status="200"
[WebServer] 2026-09-05T19:10:22.352+08:00 INFO  application=marketops-server environment=local buildVersion=0.1.0-SNAPSHOT correlationId=6b18f1c0-79b5-4737-bc00-5ab7e5681e5c c.m.m.s.i.e.ConsoleProblemAdvice - Console request refused event="console_request_refused" errorCode="RESOURCE_SCOPE_DENIED" correlationId="6b18f1c0-79b5-4737-bc00-5ab7e5681e5c"
[WebServer] 2026-09-05T19:10:22.353+08:00 INFO  application=marketops-server environment=local buildVersion=0.1.0-SNAPSHOT correlationId=6b18f1c0-79b5-4737-bc00-5ab7e5681e5c c.m.m.s.i.c.CorrelationIdFilter - Request completed event="request_completed" correlationId="6b18f1c0-79b5-4737-bc00-5ab7e5681e5c" status="403"
[WebServer] 2026-09-05T19:10:22.360+08:00 INFO  application=marketops-server environment=local buildVersion=0.1.0-SNAPSHOT correlationId=74d6e302-fbb5-4f69-8dbb-88e8c13d2a8a c.m.m.a.i.a.JdbcMetadataAuditStore - Metadata change recorded event="metadata_change_recorded" sourceDomain="advertisingefficiency" entityType="advertising_queue" entityId="63e2a9e6-c1a7-4d96-8600-e4e424774f96" action="READ" actorId="7b7698e4-2b10-4d59-aeba-53728e21694b" correlationId="74d6e302-fbb5-4f69-8dbb-88e8c13d2a8a"
[WebServer] 2026-09-05T19:10:22.363+08:00 INFO  application=marketops-server environment=local buildVersion=0.1.0-SNAPSHOT correlationId=10e3a025-53a2-48f1-88f8-45f5e10bf8d9 c.m.m.a.i.a.JdbcMetadataAuditStore - Metadata change recorded event="metadata_change_recorded" sourceDomain="advertisingefficiency" entityType="advertising_exposure" entityId="63e2a9e6-c1a7-4d96-8600-e4e424774f96" action="READ" actorId="7b7698e4-2b10-4d59-aeba-53728e21694b" correlationId="10e3a025-53a2-48f1-88f8-45f5e10bf8d9"
[WebServer] 2026-09-05T19:10:22.364+08:00 INFO  application=marketops-server environment=local buildVersion=0.1.0-SNAPSHOT correlationId=10e3a025-53a2-48f1-88f8-45f5e10bf8d9 c.m.m.s.i.c.CorrelationIdFilter - Request completed event="request_completed" correlationId="10e3a025-53a2-48f1-88f8-45f5e10bf8d9" status="200"
[WebServer] 2026-09-05T19:10:22.376+08:00 INFO  application=marketops-server environment=local buildVersion=0.1.0-SNAPSHOT correlationId=74d6e302-fbb5-4f69-8dbb-88e8c13d2a8a c.m.m.s.i.c.CorrelationIdFilter - Request completed event="request_completed" correlationId="74d6e302-fbb5-4f69-8dbb-88e8c13d2a8a" status="200"
[WebServer] 2026-09-05T19:10:22.382+08:00 INFO  application=marketops-server environment=local buildVersion=0.1.0-SNAPSHOT correlationId=07415457-75e4-4785-b611-add2090ec5c0 c.m.m.a.i.a.JdbcMetadataAuditStore - Metadata change recorded event="metadata_change_recorded" sourceDomain="advertisingefficiency" entityType="advertising_orchestration" entityId="63e2a9e6-c1a7-4d96-8600-e4e424774f96" action="READ" actorId="7b7698e4-2b10-4d59-aeba-53728e21694b" correlationId="07415457-75e4-4785-b611-add2090ec5c0"
[WebServer] 2026-09-05T19:10:22.384+08:00 INFO  application=marketops-server environment=local buildVersion=0.1.0-SNAPSHOT correlationId=07415457-75e4-4785-b611-add2090ec5c0 c.m.m.s.i.c.CorrelationIdFilter - Request completed event="request_completed" correlationId="07415457-75e4-4785-b611-add2090ec5c0" status="200"
[WebServer] 2026-09-05T19:10:22.397+08:00 INFO  application=marketops-server environment=local buildVersion=0.1.0-SNAPSHOT correlationId=b0e11264-7fb9-4cf7-86c1-64011995f637 c.m.m.s.i.c.CorrelationIdFilter - Request completed event="request_completed" correlationId="b0e11264-7fb9-4cf7-86c1-64011995f637" status="200"
[WebServer] 2026-09-05T19:10:22.513+08:00 INFO  application=marketops-server environment=local buildVersion=0.1.0-SNAPSHOT correlationId=515cf118-2db3-46c4-a466-aaeb63231666 c.m.m.a.i.a.JdbcMetadataAuditStore - Metadata change recorded event="metadata_change_recorded" sourceDomain="advertisingefficiency" entityType="advertising_case" entityId="6de3ecbb-1a99-4774-b134-717bb5372932" action="READ" actorId="7b7698e4-2b10-4d59-aeba-53728e21694b" correlationId="515cf118-2db3-46c4-a466-aaeb63231666"
[WebServer] 2026-09-05T19:10:22.525+08:00 INFO  application=marketops-server environment=local buildVersion=0.1.0-SNAPSHOT correlationId=515cf118-2db3-46c4-a466-aaeb63231666 c.m.m.s.i.c.CorrelationIdFilter - Request completed event="request_completed" correlationId="515cf118-2db3-46c4-a466-aaeb63231666" status="200"
[WebServer] 2026-09-05T19:10:22.551+08:00 INFO  application=marketops-server environment=local buildVersion=0.1.0-SNAPSHOT correlationId=13c7703e-3baf-46b2-8d1f-f67701702b5d c.m.m.a.i.a.JdbcMetadataAuditStore - Metadata change recorded event="metadata_change_recorded" sourceDomain="advertisingefficiency" entityType="advertising_manual_packet" entityId="78188fe7-e80b-4bec-9fbb-df00a3c935bd" action="READ" actorId="7b7698e4-2b10-4d59-aeba-53728e21694b" correlationId="13c7703e-3baf-46b2-8d1f-f67701702b5d"
[WebServer] 2026-09-05T19:10:22.595+08:00 INFO  application=marketops-server environment=local buildVersion=0.1.0-SNAPSHOT correlationId=52b03a16-8551-4e52-8b54-3bc18ae66df6 c.m.m.s.i.c.CorrelationIdFilter - Request completed event="request_completed" correlationId="52b03a16-8551-4e52-8b54-3bc18ae66df6" status="200"
[WebServer] 2026-09-05T19:10:22.595+08:00 INFO  application=marketops-server environment=local buildVersion=0.1.0-SNAPSHOT correlationId=13c7703e-3baf-46b2-8d1f-f67701702b5d c.m.m.s.i.c.CorrelationIdFilter - Request completed event="request_completed" correlationId="13c7703e-3baf-46b2-8d1f-f67701702b5d" status="200"
[WebServer] 2026-09-05T19:10:22.617+08:00 INFO  application=marketops-server environment=local buildVersion=0.1.0-SNAPSHOT correlationId=c6d438d2-b3d8-477a-982d-a5626f0f122d c.m.m.s.i.c.CorrelationIdFilter - Request completed event="request_completed" correlationId="c6d438d2-b3d8-477a-982d-a5626f0f122d" status="200"
[WebServer] 2026-09-05T19:10:22.637+08:00 INFO  application=marketops-server environment=local buildVersion=0.1.0-SNAPSHOT correlationId=a63b702b-7f62-45bd-bd8c-89e5f029535c c.m.m.s.i.c.CorrelationIdFilter - Request completed event="request_completed" correlationId="a63b702b-7f62-45bd-bd8c-89e5f029535c" status="200"
[WebServer] 2026-09-05T19:10:22.776+08:00 INFO  application=marketops-server environment=local buildVersion=0.1.0-SNAPSHOT correlationId=eb42a3e6-6b28-4cc1-a3ac-849ceebbfef4 c.m.m.s.i.c.CorrelationIdFilter - Request completed event="request_completed" correlationId="eb42a3e6-6b28-4cc1-a3ac-849ceebbfef4" status="200"
[WebServer] 2026-09-05T19:10:22.794+08:00 INFO  application=marketops-server environment=local buildVersion=0.1.0-SNAPSHOT correlationId=91d8c313-9b58-4ffd-8000-1ce63b48e2f7 c.m.m.a.i.a.JdbcMetadataAuditStore - Metadata change recorded event="metadata_change_recorded" sourceDomain="advertisingefficiency" entityType="advertising_manual_packet" entityId="78188fe7-e80b-4bec-9fbb-df00a3c935bd" action="READ" actorId="7b7698e4-2b10-4d59-aeba-53728e21694b" correlationId="91d8c313-9b58-4ffd-8000-1ce63b48e2f7"
[WebServer] 2026-09-05T19:10:22.887+08:00 INFO  application=marketops-server environment=local buildVersion=0.1.0-SNAPSHOT correlationId=91d8c313-9b58-4ffd-8000-1ce63b48e2f7 c.m.m.s.i.c.CorrelationIdFilter - Request completed event="request_completed" correlationId="91d8c313-9b58-4ffd-8000-1ce63b48e2f7" status="200"
[WebServer] 2026-09-05T19:10:23.604+08:00 INFO  application=marketops-server environment=local buildVersion=0.1.0-SNAPSHOT correlationId=3717cc1b-8e08-47ef-b026-cbf7a738a9aa c.m.m.s.i.e.ConsoleProblemAdvice - Console request refused event="console_request_refused" errorCode="RESOURCE_NOT_FOUND" correlationId="3717cc1b-8e08-47ef-b026-cbf7a738a9aa"
[WebServer] 2026-09-05T19:10:23.607+08:00 INFO  application=marketops-server environment=local buildVersion=0.1.0-SNAPSHOT correlationId=3717cc1b-8e08-47ef-b026-cbf7a738a9aa c.m.m.s.i.c.CorrelationIdFilter - Request completed event="request_completed" correlationId="3717cc1b-8e08-47ef-b026-cbf7a738a9aa" status="404"
[WebServer] 2026-09-05T19:10:23.611+08:00 INFO  application=marketops-server environment=local buildVersion=0.1.0-SNAPSHOT correlationId=db2acda9-e9c4-4205-8635-767ce1578869 c.m.m.a.i.a.JdbcMetadataAuditStore - Metadata change recorded event="metadata_change_recorded" sourceDomain="advertisingefficiency" entityType="advertising_reservations" entityId="63e2a9e6-c1a7-4d96-8600-e4e424774f96" action="READ" actorId="937c20ce-dcaf-4f06-827c-35469d78543b" correlationId="db2acda9-e9c4-4205-8635-767ce1578869"
[WebServer] 2026-09-05T19:10:23.611+08:00 INFO  application=marketops-server environment=local buildVersion=0.1.0-SNAPSHOT correlationId=1a4994bb-1dd8-47fe-b243-55587a5a6914 c.m.m.s.i.e.ConsoleProblemAdvice - Console request refused event="console_request_refused" errorCode="RESOURCE_SCOPE_DENIED" correlationId="1a4994bb-1dd8-47fe-b243-55587a5a6914"
[WebServer] 2026-09-05T19:10:23.612+08:00 INFO  application=marketops-server environment=local buildVersion=0.1.0-SNAPSHOT correlationId=d76bc23f-b575-4f95-8834-8d4e881c0fd2 c.m.m.a.i.a.JdbcMetadataAuditStore - Metadata change recorded event="metadata_change_recorded" sourceDomain="advertisingefficiency" entityType="advertising_containments" entityId="63e2a9e6-c1a7-4d96-8600-e4e424774f96" action="READ" actorId="937c20ce-dcaf-4f06-827c-35469d78543b" correlationId="d76bc23f-b575-4f95-8834-8d4e881c0fd2"
[WebServer] 2026-09-05T19:10:23.612+08:00 INFO  application=marketops-server environment=local buildVersion=0.1.0-SNAPSHOT correlationId=1a4994bb-1dd8-47fe-b243-55587a5a6914 c.m.m.s.i.c.CorrelationIdFilter - Request completed event="request_completed" correlationId="1a4994bb-1dd8-47fe-b243-55587a5a6914" status="403"
[WebServer] 2026-09-05T19:10:23.614+08:00 INFO  application=marketops-server environment=local buildVersion=0.1.0-SNAPSHOT correlationId=21cd8ced-ceea-4a6f-8f09-a8b24107ee3e c.m.m.a.i.a.JdbcMetadataAuditStore - Metadata change recorded event="metadata_change_recorded" sourceDomain="availabilityrisk" entityType="availability_queue" entityId="63e2a9e6-c1a7-4d96-8600-e4e424774f96" action="READ" actorId="937c20ce-dcaf-4f06-827c-35469d78543b" correlationId="21cd8ced-ceea-4a6f-8f09-a8b24107ee3e"
[WebServer] 2026-09-05T19:10:23.616+08:00 INFO  application=marketops-server environment=local buildVersion=0.1.0-SNAPSHOT correlationId=db2acda9-e9c4-4205-8635-767ce1578869 c.m.m.s.i.c.CorrelationIdFilter - Request completed event="request_completed" correlationId="db2acda9-e9c4-4205-8635-767ce1578869" status="200"
[WebServer] 2026-09-05T19:10:23.617+08:00 INFO  application=marketops-server environment=local buildVersion=0.1.0-SNAPSHOT correlationId=21cd8ced-ceea-4a6f-8f09-a8b24107ee3e c.m.m.s.i.c.CorrelationIdFilter - Request completed event="request_completed" correlationId="21cd8ced-ceea-4a6f-8f09-a8b24107ee3e" status="200"
[WebServer] 2026-09-05T19:10:23.627+08:00 INFO  application=marketops-server environment=local buildVersion=0.1.0-SNAPSHOT correlationId=8d70dcfb-f9c9-4030-a120-7a991b1929d6 c.m.m.s.i.c.CorrelationIdFilter - Request completed event="request_completed" correlationId="8d70dcfb-f9c9-4030-a120-7a991b1929d6" status="200"
[WebServer] 2026-09-05T19:10:23.628+08:00 INFO  application=marketops-server environment=local buildVersion=0.1.0-SNAPSHOT correlationId=175fba0d-4fbc-4e31-a1cb-17f906c6554f c.m.m.a.i.a.JdbcMetadataAuditStore - Metadata change recorded event="metadata_change_recorded" sourceDomain="advertisingefficiency" entityType="advertising_exposure" entityId="63e2a9e6-c1a7-4d96-8600-e4e424774f96" action="READ" actorId="937c20ce-dcaf-4f06-827c-35469d78543b" correlationId="175fba0d-4fbc-4e31-a1cb-17f906c6554f"
[WebServer] 2026-09-05T19:10:23.629+08:00 INFO  application=marketops-server environment=local buildVersion=0.1.0-SNAPSHOT correlationId=d76bc23f-b575-4f95-8834-8d4e881c0fd2 c.m.m.s.i.c.CorrelationIdFilter - Request completed event="request_completed" correlationId="d76bc23f-b575-4f95-8834-8d4e881c0fd2" status="200"
[WebServer] 2026-09-05T19:10:23.631+08:00 INFO  application=marketops-server environment=local buildVersion=0.1.0-SNAPSHOT correlationId=175fba0d-4fbc-4e31-a1cb-17f906c6554f c.m.m.s.i.c.CorrelationIdFilter - Request completed event="request_completed" correlationId="175fba0d-4fbc-4e31-a1cb-17f906c6554f" status="200"
[WebServer] 2026-09-05T19:10:23.633+08:00 INFO  application=marketops-server environment=local buildVersion=0.1.0-SNAPSHOT correlationId=613e599c-7b5b-48bc-9fea-8e73b91d1931 c.m.m.s.i.e.ConsoleProblemAdvice - Console request refused event="console_request_refused" errorCode="RESOURCE_SCOPE_DENIED" correlationId="613e599c-7b5b-48bc-9fea-8e73b91d1931"
[WebServer] 2026-09-05T19:10:23.633+08:00 INFO  application=marketops-server environment=local buildVersion=0.1.0-SNAPSHOT correlationId=613e599c-7b5b-48bc-9fea-8e73b91d1931 c.m.m.s.i.c.CorrelationIdFilter - Request completed event="request_completed" correlationId="613e599c-7b5b-48bc-9fea-8e73b91d1931" status="403"
[WebServer] 2026-09-05T19:10:23.644+08:00 INFO  application=marketops-server environment=local buildVersion=0.1.0-SNAPSHOT correlationId=e3ba7f1e-51c0-4ce6-8404-547e05d6115a c.m.m.a.i.a.JdbcMetadataAuditStore - Metadata change recorded event="metadata_change_recorded" sourceDomain="advertisingefficiency" entityType="advertising_queue" entityId="63e2a9e6-c1a7-4d96-8600-e4e424774f96" action="READ" actorId="937c20ce-dcaf-4f06-827c-35469d78543b" correlationId="e3ba7f1e-51c0-4ce6-8404-547e05d6115a"
[WebServer] 2026-09-05T19:10:23.655+08:00 INFO  application=marketops-server environment=local buildVersion=0.1.0-SNAPSHOT correlationId=9444dda2-292c-4b3d-a624-256e87d0105d c.m.m.a.i.a.JdbcMetadataAuditStore - Metadata change recorded event="metadata_change_recorded" sourceDomain="advertisingefficiency" entityType="advertising_orchestration" entityId="63e2a9e6-c1a7-4d96-8600-e4e424774f96" action="READ" actorId="937c20ce-dcaf-4f06-827c-35469d78543b" correlationId="9444dda2-292c-4b3d-a624-256e87d0105d"
[WebServer] 2026-09-05T19:10:23.656+08:00 INFO  application=marketops-server environment=local buildVersion=0.1.0-SNAPSHOT correlationId=9444dda2-292c-4b3d-a624-256e87d0105d c.m.m.s.i.c.CorrelationIdFilter - Request completed event="request_completed" correlationId="9444dda2-292c-4b3d-a624-256e87d0105d" status="200"
[WebServer] 2026-09-05T19:10:23.657+08:00 INFO  application=marketops-server environment=local buildVersion=0.1.0-SNAPSHOT correlationId=e3ba7f1e-51c0-4ce6-8404-547e05d6115a c.m.m.s.i.c.CorrelationIdFilter - Request completed event="request_completed" correlationId="e3ba7f1e-51c0-4ce6-8404-547e05d6115a" status="200"
[WebServer] 2026-09-05T19:10:23.670+08:00 INFO  application=marketops-server environment=local buildVersion=0.1.0-SNAPSHOT correlationId=879a2d80-5d1b-4bae-bb07-6cdea911c568 c.m.m.s.i.c.CorrelationIdFilter - Request completed event="request_completed" correlationId="879a2d80-5d1b-4bae-bb07-6cdea911c568" status="200"
[WebServer] 2026-09-05T19:10:23.785+08:00 INFO  application=marketops-server environment=local buildVersion=0.1.0-SNAPSHOT correlationId=8ad4c64d-845c-4a7e-8b6e-7588f09bb916 c.m.m.a.i.a.JdbcMetadataAuditStore - Metadata change recorded event="metadata_change_recorded" sourceDomain="advertisingefficiency" entityType="advertising_case" entityId="6de3ecbb-1a99-4774-b134-717bb5372932" action="READ" actorId="937c20ce-dcaf-4f06-827c-35469d78543b" correlationId="8ad4c64d-845c-4a7e-8b6e-7588f09bb916"
[WebServer] 2026-09-05T19:10:23.799+08:00 INFO  application=marketops-server environment=local buildVersion=0.1.0-SNAPSHOT correlationId=8ad4c64d-845c-4a7e-8b6e-7588f09bb916 c.m.m.s.i.c.CorrelationIdFilter - Request completed event="request_completed" correlationId="8ad4c64d-845c-4a7e-8b6e-7588f09bb916" status="200"
[WebServer] 2026-09-05T19:10:23.824+08:00 INFO  application=marketops-server environment=local buildVersion=0.1.0-SNAPSHOT correlationId=3bdc15d7-bd0b-4e5e-84f2-e3ca0b986053 c.m.m.a.i.a.JdbcMetadataAuditStore - Metadata change recorded event="metadata_change_recorded" sourceDomain="advertisingefficiency" entityType="advertising_manual_packet" entityId="78188fe7-e80b-4bec-9fbb-df00a3c935bd" action="READ" actorId="937c20ce-dcaf-4f06-827c-35469d78543b" correlationId="3bdc15d7-bd0b-4e5e-84f2-e3ca0b986053"
[WebServer] 2026-09-05T19:10:23.861+08:00 INFO  application=marketops-server environment=local buildVersion=0.1.0-SNAPSHOT correlationId=44d2f668-7ac9-46c0-a224-dad72a7d9228 c.m.m.s.i.c.CorrelationIdFilter - Request completed event="request_completed" correlationId="44d2f668-7ac9-46c0-a224-dad72a7d9228" status="200"
[WebServer] 2026-09-05T19:10:23.885+08:00 INFO  application=marketops-server environment=local buildVersion=0.1.0-SNAPSHOT correlationId=3bdc15d7-bd0b-4e5e-84f2-e3ca0b986053 c.m.m.s.i.c.CorrelationIdFilter - Request completed event="request_completed" correlationId="3bdc15d7-bd0b-4e5e-84f2-e3ca0b986053" status="200"
[WebServer] 2026-09-05T19:10:23.888+08:00 INFO  application=marketops-server environment=local buildVersion=0.1.0-SNAPSHOT correlationId=9d388b95-16b8-46da-bf9e-79474a7f3d37 c.m.m.s.i.c.CorrelationIdFilter - Request completed event="request_completed" correlationId="9d388b95-16b8-46da-bf9e-79474a7f3d37" status="200"
[WebServer] 2026-09-05T19:10:23.912+08:00 INFO  application=marketops-server environment=local buildVersion=0.1.0-SNAPSHOT correlationId=d48892d1-6319-4fe1-a503-eecf6da894ae c.m.m.s.i.c.CorrelationIdFilter - Request completed event="request_completed" correlationId="d48892d1-6319-4fe1-a503-eecf6da894ae" status="200"
[WebServer] 2026-09-05T19:10:24.041+08:00 INFO  application=marketops-server environment=local buildVersion=0.1.0-SNAPSHOT correlationId=a0f87d42-fccd-4ab7-ba13-c149da6bc165 c.m.m.s.i.c.CorrelationIdFilter - Request completed event="request_completed" correlationId="a0f87d42-fccd-4ab7-ba13-c149da6bc165" status="200"
[WebServer] 2026-09-05T19:10:24.070+08:00 INFO  application=marketops-server environment=local buildVersion=0.1.0-SNAPSHOT correlationId=7edefe22-5bc5-46b5-b485-52c04c050666 c.m.m.a.i.a.JdbcMetadataAuditStore - Metadata change recorded event="metadata_change_recorded" sourceDomain="advertisingefficiency" entityType="advertising_manual_packet" entityId="78188fe7-e80b-4bec-9fbb-df00a3c935bd" action="READ" actorId="937c20ce-dcaf-4f06-827c-35469d78543b" correlationId="7edefe22-5bc5-46b5-b485-52c04c050666"
[WebServer] 2026-09-05T19:10:24.116+08:00 INFO  application=marketops-server environment=local buildVersion=0.1.0-SNAPSHOT correlationId=7edefe22-5bc5-46b5-b485-52c04c050666 c.m.m.s.i.c.CorrelationIdFilter - Request completed event="request_completed" correlationId="7edefe22-5bc5-46b5-b485-52c04c050666" status="200"
[WebServer] 2026-09-05T19:10:24.321+08:00 INFO  application=marketops-server environment=local buildVersion=0.1.0-SNAPSHOT correlationId=fdeda68a-f67d-462a-99f0-5e63932b8014 c.m.m.s.i.c.CorrelationIdFilter - Request completed event="request_completed" correlationId="fdeda68a-f67d-462a-99f0-5e63932b8014" status="200"
[WebServer] 2026-09-05T19:10:24.336+08:00 INFO  application=marketops-server environment=local buildVersion=0.1.0-SNAPSHOT correlationId=467ad2e6-f0a2-4ad3-8772-a4ca403f46b0 c.m.m.a.i.a.JdbcMetadataAuditStore - Metadata change recorded event="metadata_change_recorded" sourceDomain="advertisingefficiency" entityType="advertising_manual_packet" entityId="78188fe7-e80b-4bec-9fbb-df00a3c935bd" action="READ" actorId="937c20ce-dcaf-4f06-827c-35469d78543b" correlationId="467ad2e6-f0a2-4ad3-8772-a4ca403f46b0"
[WebServer] 2026-09-05T19:10:24.361+08:00 INFO  application=marketops-server environment=local buildVersion=0.1.0-SNAPSHOT correlationId=467ad2e6-f0a2-4ad3-8772-a4ca403f46b0 c.m.m.s.i.c.CorrelationIdFilter - Request completed event="request_completed" correlationId="467ad2e6-f0a2-4ad3-8772-a4ca403f46b0" status="200"
[WebServer] 2026-09-05T19:10:24.429+08:00 DEBUG application=marketops-server environment=local buildVersion=0.1.0-SNAPSHOT correlationId=6c39d104-626d-4bd6-9ba3-1127ac7194f0 c.m.m.s.i.c.CorrelationIdFilter - Inbound correlation identifier replaced event="correlation_identifier_replaced" correlationId="6c39d104-626d-4bd6-9ba3-1127ac7194f0" rejectionCategory="MISSING"
[WebServer] 2026-09-05T19:10:24.449+08:00 INFO  application=marketops-server environment=local buildVersion=0.1.0-SNAPSHOT correlationId=6c39d104-626d-4bd6-9ba3-1127ac7194f0 c.m.m.s.i.e.ConsoleProblemAdvice - Console request refused event="console_request_refused" errorCode="ACTION_NOT_PERMITTED" correlationId="6c39d104-626d-4bd6-9ba3-1127ac7194f0"
[WebServer] 2026-09-05T19:10:24.450+08:00 INFO  application=marketops-server environment=local buildVersion=0.1.0-SNAPSHOT correlationId=6c39d104-626d-4bd6-9ba3-1127ac7194f0 c.m.m.s.i.c.CorrelationIdFilter - Request completed event="request_completed" correlationId="6c39d104-626d-4bd6-9ba3-1127ac7194f0" status="403"
[WebServer] 2026-09-05T19:10:24.724+08:00 INFO  application=marketops-server environment=local buildVersion=0.1.0-SNAPSHOT correlationId=0663c695-631b-4904-a796-aeb7ce00e7a4 c.m.m.s.i.c.CorrelationIdFilter - Request completed event="request_completed" correlationId="0663c695-631b-4904-a796-aeb7ce00e7a4" status="200"
[WebServer] 2026-09-05T19:10:24.729+08:00 INFO  application=marketops-server environment=local buildVersion=0.1.0-SNAPSHOT correlationId=891cee2a-cd32-4537-a375-b2ff99364022 c.m.m.a.i.a.JdbcMetadataAuditStore - Metadata change recorded event="metadata_change_recorded" sourceDomain="advertisingefficiency" entityType="advertising_reservations" entityId="63e2a9e6-c1a7-4d96-8600-e4e424774f96" action="READ" actorId="e38ac65a-9a8f-4ca1-b639-fb0a7ba6056a" correlationId="891cee2a-cd32-4537-a375-b2ff99364022"
[WebServer] 2026-09-05T19:10:24.730+08:00 INFO  application=marketops-server environment=local buildVersion=0.1.0-SNAPSHOT correlationId=0ed7a770-c538-4c84-94a0-4760f4520d2a c.m.m.a.i.a.JdbcMetadataAuditStore - Metadata change recorded event="metadata_change_recorded" sourceDomain="advertisingefficiency" entityType="advertising_containments" entityId="63e2a9e6-c1a7-4d96-8600-e4e424774f96" action="READ" actorId="e38ac65a-9a8f-4ca1-b639-fb0a7ba6056a" correlationId="0ed7a770-c538-4c84-94a0-4760f4520d2a"
[WebServer] 2026-09-05T19:10:24.731+08:00 INFO  application=marketops-server environment=local buildVersion=0.1.0-SNAPSHOT correlationId=0a9abef7-24e6-4152-88dc-390b835cafc1 c.m.m.s.i.e.ConsoleProblemAdvice - Console request refused event="console_request_refused" errorCode="RESOURCE_NOT_FOUND" correlationId="0a9abef7-24e6-4152-88dc-390b835cafc1"
[WebServer] 2026-09-05T19:10:24.731+08:00 INFO  application=marketops-server environment=local buildVersion=0.1.0-SNAPSHOT correlationId=0a9abef7-24e6-4152-88dc-390b835cafc1 c.m.m.s.i.c.CorrelationIdFilter - Request completed event="request_completed" correlationId="0a9abef7-24e6-4152-88dc-390b835cafc1" status="404"
[WebServer] 2026-09-05T19:10:24.732+08:00 INFO  application=marketops-server environment=local buildVersion=0.1.0-SNAPSHOT correlationId=9f94e094-6ed3-4ebe-89b8-df077c0c80c8 c.m.m.s.i.e.ConsoleProblemAdvice - Console request refused event="console_request_refused" errorCode="RESOURCE_SCOPE_DENIED" correlationId="9f94e094-6ed3-4ebe-89b8-df077c0c80c8"
[WebServer] 2026-09-05T19:10:24.733+08:00 INFO  application=marketops-server environment=local buildVersion=0.1.0-SNAPSHOT correlationId=9f94e094-6ed3-4ebe-89b8-df077c0c80c8 c.m.m.s.i.c.CorrelationIdFilter - Request completed event="request_completed" correlationId="9f94e094-6ed3-4ebe-89b8-df077c0c80c8" status="403"
[WebServer] 2026-09-05T19:10:24.735+08:00 INFO  application=marketops-server environment=local buildVersion=0.1.0-SNAPSHOT correlationId=0ddc5247-c6bb-4f78-b6ec-5b22ce344827 c.m.m.a.i.a.JdbcMetadataAuditStore - Metadata change recorded event="metadata_change_recorded" sourceDomain="availabilityrisk" entityType="availability_queue" entityId="63e2a9e6-c1a7-4d96-8600-e4e424774f96" action="READ" actorId="e38ac65a-9a8f-4ca1-b639-fb0a7ba6056a" correlationId="0ddc5247-c6bb-4f78-b6ec-5b22ce344827"
[WebServer] 2026-09-05T19:10:24.737+08:00 INFO  application=marketops-server environment=local buildVersion=0.1.0-SNAPSHOT correlationId=0ddc5247-c6bb-4f78-b6ec-5b22ce344827 c.m.m.s.i.c.CorrelationIdFilter - Request completed event="request_completed" correlationId="0ddc5247-c6bb-4f78-b6ec-5b22ce344827" status="200"
[WebServer] 2026-09-05T19:10:24.740+08:00 INFO  application=marketops-server environment=local buildVersion=0.1.0-SNAPSHOT correlationId=0ed7a770-c538-4c84-94a0-4760f4520d2a c.m.m.s.i.c.CorrelationIdFilter - Request completed event="request_completed" correlationId="0ed7a770-c538-4c84-94a0-4760f4520d2a" status="200"
[WebServer] 2026-09-05T19:10:24.754+08:00 INFO  application=marketops-server environment=local buildVersion=0.1.0-SNAPSHOT correlationId=d29e2dee-f90d-4d1b-813c-ec56262a9545 c.m.m.a.i.a.JdbcMetadataAuditStore - Metadata change recorded event="metadata_change_recorded" sourceDomain="advertisingefficiency" entityType="advertising_exposure" entityId="63e2a9e6-c1a7-4d96-8600-e4e424774f96" action="READ" actorId="e38ac65a-9a8f-4ca1-b639-fb0a7ba6056a" correlationId="d29e2dee-f90d-4d1b-813c-ec56262a9545"
[WebServer] 2026-09-05T19:10:24.755+08:00 INFO  application=marketops-server environment=local buildVersion=0.1.0-SNAPSHOT correlationId=e0e962fd-874e-4bfa-9300-71aca88fc3e1 c.m.m.s.i.e.ConsoleProblemAdvice - Console request refused event="console_request_refused" errorCode="RESOURCE_SCOPE_DENIED" correlationId="e0e962fd-874e-4bfa-9300-71aca88fc3e1"
[WebServer] 2026-09-05T19:10:24.755+08:00 INFO  application=marketops-server environment=local buildVersion=0.1.0-SNAPSHOT correlationId=e0e962fd-874e-4bfa-9300-71aca88fc3e1 c.m.m.s.i.c.CorrelationIdFilter - Request completed event="request_completed" correlationId="e0e962fd-874e-4bfa-9300-71aca88fc3e1" status="403"
[WebServer] 2026-09-05T19:10:24.756+08:00 INFO  application=marketops-server environment=local buildVersion=0.1.0-SNAPSHOT correlationId=d29e2dee-f90d-4d1b-813c-ec56262a9545 c.m.m.s.i.c.CorrelationIdFilter - Request completed event="request_completed" correlationId="d29e2dee-f90d-4d1b-813c-ec56262a9545" status="200"
[WebServer] 2026-09-05T19:10:24.763+08:00 INFO  application=marketops-server environment=local buildVersion=0.1.0-SNAPSHOT correlationId=891cee2a-cd32-4537-a375-b2ff99364022 c.m.m.s.i.c.CorrelationIdFilter - Request completed event="request_completed" correlationId="891cee2a-cd32-4537-a375-b2ff99364022" status="200"
[WebServer] 2026-09-05T19:10:24.764+08:00 INFO  application=marketops-server environment=local buildVersion=0.1.0-SNAPSHOT correlationId=ecac1333-e77f-4f52-842c-2d07c938be14 c.m.m.a.i.a.JdbcMetadataAuditStore - Metadata change recorded event="metadata_change_recorded" sourceDomain="advertisingefficiency" entityType="advertising_queue" entityId="63e2a9e6-c1a7-4d96-8600-e4e424774f96" action="READ" actorId="e38ac65a-9a8f-4ca1-b639-fb0a7ba6056a" correlationId="ecac1333-e77f-4f52-842c-2d07c938be14"
[WebServer] 2026-09-05T19:10:24.782+08:00 INFO  application=marketops-server environment=local buildVersion=0.1.0-SNAPSHOT correlationId=b8d66338-8ed6-44cd-b301-d85b58b4ec1c c.m.m.a.i.a.JdbcMetadataAuditStore - Metadata change recorded event="metadata_change_recorded" sourceDomain="advertisingefficiency" entityType="advertising_orchestration" entityId="63e2a9e6-c1a7-4d96-8600-e4e424774f96" action="READ" actorId="e38ac65a-9a8f-4ca1-b639-fb0a7ba6056a" correlationId="b8d66338-8ed6-44cd-b301-d85b58b4ec1c"
[WebServer] 2026-09-05T19:10:24.784+08:00 INFO  application=marketops-server environment=local buildVersion=0.1.0-SNAPSHOT correlationId=b8d66338-8ed6-44cd-b301-d85b58b4ec1c c.m.m.s.i.c.CorrelationIdFilter - Request completed event="request_completed" correlationId="b8d66338-8ed6-44cd-b301-d85b58b4ec1c" status="200"
[WebServer] 2026-09-05T19:10:24.785+08:00 INFO  application=marketops-server environment=local buildVersion=0.1.0-SNAPSHOT correlationId=ecac1333-e77f-4f52-842c-2d07c938be14 c.m.m.s.i.c.CorrelationIdFilter - Request completed event="request_completed" correlationId="ecac1333-e77f-4f52-842c-2d07c938be14" status="200"
[WebServer] 2026-09-05T19:10:24.799+08:00 INFO  application=marketops-server environment=local buildVersion=0.1.0-SNAPSHOT correlationId=1f81efc7-04fa-4a78-9883-8b359f91af32 c.m.m.s.i.c.CorrelationIdFilter - Request completed event="request_completed" correlationId="1f81efc7-04fa-4a78-9883-8b359f91af32" status="200"
[WebServer] 2026-09-05T19:10:24.932+08:00 INFO  application=marketops-server environment=local buildVersion=0.1.0-SNAPSHOT correlationId=bdfaa057-5158-4810-a4eb-017b1b513f86 c.m.m.a.i.a.JdbcMetadataAuditStore - Metadata change recorded event="metadata_change_recorded" sourceDomain="advertisingefficiency" entityType="advertising_case" entityId="6de3ecbb-1a99-4774-b134-717bb5372932" action="READ" actorId="e38ac65a-9a8f-4ca1-b639-fb0a7ba6056a" correlationId="bdfaa057-5158-4810-a4eb-017b1b513f86"
[WebServer] 2026-09-05T19:10:24.956+08:00 INFO  application=marketops-server environment=local buildVersion=0.1.0-SNAPSHOT correlationId=bdfaa057-5158-4810-a4eb-017b1b513f86 c.m.m.s.i.c.CorrelationIdFilter - Request completed event="request_completed" correlationId="bdfaa057-5158-4810-a4eb-017b1b513f86" status="200"
[WebServer] 2026-09-05T19:10:24.980+08:00 INFO  application=marketops-server environment=local buildVersion=0.1.0-SNAPSHOT correlationId=3fc3ea63-3c93-4e7b-8524-e283f4353641 c.m.m.a.i.a.JdbcMetadataAuditStore - Metadata change recorded event="metadata_change_recorded" sourceDomain="advertisingefficiency" entityType="advertising_manual_packet" entityId="78188fe7-e80b-4bec-9fbb-df00a3c935bd" action="READ" actorId="e38ac65a-9a8f-4ca1-b639-fb0a7ba6056a" correlationId="3fc3ea63-3c93-4e7b-8524-e283f4353641"
[WebServer] 2026-09-05T19:10:25.020+08:00 INFO  application=marketops-server environment=local buildVersion=0.1.0-SNAPSHOT correlationId=3fc3ea63-3c93-4e7b-8524-e283f4353641 c.m.m.s.i.c.CorrelationIdFilter - Request completed event="request_completed" correlationId="3fc3ea63-3c93-4e7b-8524-e283f4353641" status="200"
[WebServer] 2026-09-05T19:10:25.022+08:00 INFO  application=marketops-server environment=local buildVersion=0.1.0-SNAPSHOT correlationId=393b5765-7482-4bc5-8782-06e27b09761d c.m.m.s.i.c.CorrelationIdFilter - Request completed event="request_completed" correlationId="393b5765-7482-4bc5-8782-06e27b09761d" status="200"
[WebServer] 2026-09-05T19:10:25.048+08:00 INFO  application=marketops-server environment=local buildVersion=0.1.0-SNAPSHOT correlationId=a91451aa-439c-4a69-a402-03c3776bb41e c.m.m.s.i.c.CorrelationIdFilter - Request completed event="request_completed" correlationId="a91451aa-439c-4a69-a402-03c3776bb41e" status="200"
[WebServer] 2026-09-05T19:10:25.053+08:00 INFO  application=marketops-server environment=local buildVersion=0.1.0-SNAPSHOT correlationId=4337bfa8-e310-4ed1-b3d7-6aafbd1287db c.m.m.s.i.c.CorrelationIdFilter - Request completed event="request_completed" correlationId="4337bfa8-e310-4ed1-b3d7-6aafbd1287db" status="200"
[WebServer] 2026-09-05T19:10:25.277+08:00 INFO  application=marketops-server environment=local buildVersion=0.1.0-SNAPSHOT correlationId=d983cfa7-949b-4421-87b6-6650dbf42710 c.m.m.s.i.c.CorrelationIdFilter - Request completed event="request_completed" correlationId="d983cfa7-949b-4421-87b6-6650dbf42710" status="200"
[WebServer] 2026-09-05T19:10:25.291+08:00 INFO  application=marketops-server environment=local buildVersion=0.1.0-SNAPSHOT correlationId=7ae0c57d-c8ae-4cb1-879e-c4317cf4336a c.m.m.a.i.a.JdbcMetadataAuditStore - Metadata change recorded event="metadata_change_recorded" sourceDomain="advertisingefficiency" entityType="advertising_manual_packet" entityId="78188fe7-e80b-4bec-9fbb-df00a3c935bd" action="READ" actorId="e38ac65a-9a8f-4ca1-b639-fb0a7ba6056a" correlationId="7ae0c57d-c8ae-4cb1-879e-c4317cf4336a"
[WebServer] 2026-09-05T19:10:25.328+08:00 INFO  application=marketops-server environment=local buildVersion=0.1.0-SNAPSHOT correlationId=7ae0c57d-c8ae-4cb1-879e-c4317cf4336a c.m.m.s.i.c.CorrelationIdFilter - Request completed event="request_completed" correlationId="7ae0c57d-c8ae-4cb1-879e-c4317cf4336a" status="200"
[WebServer] 2026-09-05T19:10:25.768+08:00 INFO  application=marketops-server environment=local buildVersion=0.1.0-SNAPSHOT correlationId=6c008cb2-b569-4be9-b5c5-fba802d63681 c.m.m.s.i.c.CorrelationIdFilter - Request completed event="request_completed" correlationId="6c008cb2-b569-4be9-b5c5-fba802d63681" status="200"
[WebServer] 2026-09-05T19:10:25.887+08:00 INFO  application=marketops-server environment=local buildVersion=0.1.0-SNAPSHOT correlationId=55254265-5cca-4355-92e9-bb4b2d45a1f7 c.m.m.s.i.c.CorrelationIdFilter - Request completed event="request_completed" correlationId="55254265-5cca-4355-92e9-bb4b2d45a1f7" status="200"
[WebServer] 2026-09-05T19:10:25.902+08:00 INFO  application=marketops-server environment=local buildVersion=0.1.0-SNAPSHOT correlationId=fe1cea5f-1ddb-48e5-88ad-0c50947a3843 c.m.m.a.i.a.JdbcMetadataAuditStore - Metadata change recorded event="metadata_change_recorded" sourceDomain="advertisingefficiency" entityType="advertising_manual_packet" entityId="78188fe7-e80b-4bec-9fbb-df00a3c935bd" action="READ" actorId="e38ac65a-9a8f-4ca1-b639-fb0a7ba6056a" correlationId="fe1cea5f-1ddb-48e5-88ad-0c50947a3843"
[WebServer] 2026-09-05T19:10:25.921+08:00 INFO  application=marketops-server environment=local buildVersion=0.1.0-SNAPSHOT correlationId=099ab80d-06b3-4e76-a793-efa8c70b2f58 c.m.m.s.i.c.CorrelationIdFilter - Request completed event="request_completed" correlationId="099ab80d-06b3-4e76-a793-efa8c70b2f58" status="200"
[WebServer] 2026-09-05T19:10:25.939+08:00 INFO  application=marketops-server environment=local buildVersion=0.1.0-SNAPSHOT correlationId=fe1cea5f-1ddb-48e5-88ad-0c50947a3843 c.m.m.s.i.c.CorrelationIdFilter - Request completed event="request_completed" correlationId="fe1cea5f-1ddb-48e5-88ad-0c50947a3843" status="200"
  ✓   3 tests/advertising-browser/governed-advertising.spec.ts:185:3 › OZON actual governed manual path stays UNVERIFIED and requires an independent observer (6.6s)
[WebServer] 2026-09-05T19:10:27.111+08:00 INFO  application=marketops-server environment=local buildVersion=0.1.0-SNAPSHOT correlationId=f453c87e-3a94-4697-a5fd-d76d3e503b73 c.m.m.a.i.a.JdbcMetadataAuditStore - Metadata change recorded event="metadata_change_recorded" sourceDomain="advertisingefficiency" entityType="advertising_reservations" entityId="0322aa70-7bab-499c-bf35-90556101801c" action="READ" actorId="464ebf0c-eb1d-47dc-a3b7-364fe494e1d8" correlationId="f453c87e-3a94-4697-a5fd-d76d3e503b73"
[WebServer] 2026-09-05T19:10:27.114+08:00 INFO  application=marketops-server environment=local buildVersion=0.1.0-SNAPSHOT correlationId=e2bfc79d-5b6f-4613-8c7b-b5e519ced7f6 c.m.m.s.i.e.ConsoleProblemAdvice - Console request refused event="console_request_refused" errorCode="RESOURCE_SCOPE_DENIED" correlationId="e2bfc79d-5b6f-4613-8c7b-b5e519ced7f6"
[WebServer] 2026-09-05T19:10:27.114+08:00 INFO  application=marketops-server environment=local buildVersion=0.1.0-SNAPSHOT correlationId=f453c87e-3a94-4697-a5fd-d76d3e503b73 c.m.m.s.i.c.CorrelationIdFilter - Request completed event="request_completed" correlationId="f453c87e-3a94-4697-a5fd-d76d3e503b73" status="200"
[WebServer] 2026-09-05T19:10:27.114+08:00 INFO  application=marketops-server environment=local buildVersion=0.1.0-SNAPSHOT correlationId=e2bfc79d-5b6f-4613-8c7b-b5e519ced7f6 c.m.m.s.i.c.CorrelationIdFilter - Request completed event="request_completed" correlationId="e2bfc79d-5b6f-4613-8c7b-b5e519ced7f6" status="403"
[WebServer] 2026-09-05T19:10:27.114+08:00 INFO  application=marketops-server environment=local buildVersion=0.1.0-SNAPSHOT correlationId=bac8b4a8-fc59-4349-9bd9-693fbb36eddf c.m.m.s.i.c.CorrelationIdFilter - Request completed event="request_completed" correlationId="bac8b4a8-fc59-4349-9bd9-693fbb36eddf" status="200"
[WebServer] 2026-09-05T19:10:27.122+08:00 INFO  application=marketops-server environment=local buildVersion=0.1.0-SNAPSHOT correlationId=2aa9c385-5e65-422d-a788-26d305a52f6f c.m.m.a.i.a.JdbcMetadataAuditStore - Metadata change recorded event="metadata_change_recorded" sourceDomain="advertisingefficiency" entityType="advertising_containments" entityId="0322aa70-7bab-499c-bf35-90556101801c" action="READ" actorId="464ebf0c-eb1d-47dc-a3b7-364fe494e1d8" correlationId="2aa9c385-5e65-422d-a788-26d305a52f6f"
[WebServer] 2026-09-05T19:10:27.125+08:00 INFO  application=marketops-server environment=local buildVersion=0.1.0-SNAPSHOT correlationId=51ccfb67-8eaf-4412-804a-2237833bdff4 c.m.m.s.i.e.ConsoleProblemAdvice - Console request refused event="console_request_refused" errorCode="RESOURCE_NOT_FOUND" correlationId="51ccfb67-8eaf-4412-804a-2237833bdff4"
[WebServer] 2026-09-05T19:10:27.125+08:00 INFO  application=marketops-server environment=local buildVersion=0.1.0-SNAPSHOT correlationId=51ccfb67-8eaf-4412-804a-2237833bdff4 c.m.m.s.i.c.CorrelationIdFilter - Request completed event="request_completed" correlationId="51ccfb67-8eaf-4412-804a-2237833bdff4" status="404"
[WebServer] 2026-09-05T19:10:27.127+08:00 INFO  application=marketops-server environment=local buildVersion=0.1.0-SNAPSHOT correlationId=158f2e7d-6af6-4f80-9ef0-5f7f0a2785d2 c.m.m.a.i.a.JdbcMetadataAuditStore - Metadata change recorded event="metadata_change_recorded" sourceDomain="availabilityrisk" entityType="availability_queue" entityId="0322aa70-7bab-499c-bf35-90556101801c" action="READ" actorId="464ebf0c-eb1d-47dc-a3b7-364fe494e1d8" correlationId="158f2e7d-6af6-4f80-9ef0-5f7f0a2785d2"
[WebServer] 2026-09-05T19:10:27.128+08:00 INFO  application=marketops-server environment=local buildVersion=0.1.0-SNAPSHOT correlationId=5514b741-a815-4d29-82bd-189f9f23149d c.m.m.a.i.a.JdbcMetadataAuditStore - Metadata change recorded event="metadata_change_recorded" sourceDomain="advertisingefficiency" entityType="advertising_exposure" entityId="0322aa70-7bab-499c-bf35-90556101801c" action="READ" actorId="464ebf0c-eb1d-47dc-a3b7-364fe494e1d8" correlationId="5514b741-a815-4d29-82bd-189f9f23149d"
[WebServer] 2026-09-05T19:10:27.129+08:00 INFO  application=marketops-server environment=local buildVersion=0.1.0-SNAPSHOT correlationId=158f2e7d-6af6-4f80-9ef0-5f7f0a2785d2 c.m.m.s.i.c.CorrelationIdFilter - Request completed event="request_completed" correlationId="158f2e7d-6af6-4f80-9ef0-5f7f0a2785d2" status="200"
[WebServer] 2026-09-05T19:10:27.129+08:00 INFO  application=marketops-server environment=local buildVersion=0.1.0-SNAPSHOT correlationId=5514b741-a815-4d29-82bd-189f9f23149d c.m.m.s.i.c.CorrelationIdFilter - Request completed event="request_completed" correlationId="5514b741-a815-4d29-82bd-189f9f23149d" status="200"
[WebServer] 2026-09-05T19:10:27.129+08:00 INFO  application=marketops-server environment=local buildVersion=0.1.0-SNAPSHOT correlationId=80b1c5c8-1295-416b-9652-d9984227e7bc c.m.m.s.i.e.ConsoleProblemAdvice - Console request refused event="console_request_refused" errorCode="RESOURCE_SCOPE_DENIED" correlationId="80b1c5c8-1295-416b-9652-d9984227e7bc"
[WebServer] 2026-09-05T19:10:27.130+08:00 INFO  application=marketops-server environment=local buildVersion=0.1.0-SNAPSHOT correlationId=80b1c5c8-1295-416b-9652-d9984227e7bc c.m.m.s.i.c.CorrelationIdFilter - Request completed event="request_completed" correlationId="80b1c5c8-1295-416b-9652-d9984227e7bc" status="403"
[WebServer] 2026-09-05T19:10:27.131+08:00 INFO  application=marketops-server environment=local buildVersion=0.1.0-SNAPSHOT correlationId=2aa9c385-5e65-422d-a788-26d305a52f6f c.m.m.s.i.c.CorrelationIdFilter - Request completed event="request_completed" correlationId="2aa9c385-5e65-422d-a788-26d305a52f6f" status="200"
[WebServer] 2026-09-05T19:10:27.138+08:00 INFO  application=marketops-server environment=local buildVersion=0.1.0-SNAPSHOT correlationId=baa814c5-5643-4c8c-bd43-02675bf31fc3 c.m.m.a.i.a.JdbcMetadataAuditStore - Metadata change recorded event="metadata_change_recorded" sourceDomain="advertisingefficiency" entityType="advertising_queue" entityId="0322aa70-7bab-499c-bf35-90556101801c" action="READ" actorId="464ebf0c-eb1d-47dc-a3b7-364fe494e1d8" correlationId="baa814c5-5643-4c8c-bd43-02675bf31fc3"
[WebServer] 2026-09-05T19:10:27.145+08:00 INFO  application=marketops-server environment=local buildVersion=0.1.0-SNAPSHOT correlationId=7c690e61-5d92-4e92-addb-571dcef379ba c.m.m.a.i.a.JdbcMetadataAuditStore - Metadata change recorded event="metadata_change_recorded" sourceDomain="advertisingefficiency" entityType="advertising_orchestration" entityId="0322aa70-7bab-499c-bf35-90556101801c" action="READ" actorId="464ebf0c-eb1d-47dc-a3b7-364fe494e1d8" correlationId="7c690e61-5d92-4e92-addb-571dcef379ba"
[WebServer] 2026-09-05T19:10:27.146+08:00 INFO  application=marketops-server environment=local buildVersion=0.1.0-SNAPSHOT correlationId=7c690e61-5d92-4e92-addb-571dcef379ba c.m.m.s.i.c.CorrelationIdFilter - Request completed event="request_completed" correlationId="7c690e61-5d92-4e92-addb-571dcef379ba" status="200"
[WebServer] 2026-09-05T19:10:27.153+08:00 INFO  application=marketops-server environment=local buildVersion=0.1.0-SNAPSHOT correlationId=baa814c5-5643-4c8c-bd43-02675bf31fc3 c.m.m.s.i.c.CorrelationIdFilter - Request completed event="request_completed" correlationId="baa814c5-5643-4c8c-bd43-02675bf31fc3" status="200"
[WebServer] 2026-09-05T19:10:27.178+08:00 INFO  application=marketops-server environment=local buildVersion=0.1.0-SNAPSHOT correlationId=b3806349-9b55-4564-8172-d1551358fb84 c.m.m.s.i.c.CorrelationIdFilter - Request completed event="request_completed" correlationId="b3806349-9b55-4564-8172-d1551358fb84" status="200"
[WebServer] 2026-09-05T19:10:27.295+08:00 INFO  application=marketops-server environment=local buildVersion=0.1.0-SNAPSHOT correlationId=5f2ba968-ab82-46cc-8022-36a1c0109fc8 c.m.m.a.i.a.JdbcMetadataAuditStore - Metadata change recorded event="metadata_change_recorded" sourceDomain="advertisingefficiency" entityType="advertising_case" entityId="80723577-bb65-495d-bd64-4c6d9270f6ce" action="READ" actorId="464ebf0c-eb1d-47dc-a3b7-364fe494e1d8" correlationId="5f2ba968-ab82-46cc-8022-36a1c0109fc8"
[WebServer] 2026-09-05T19:10:27.307+08:00 INFO  application=marketops-server environment=local buildVersion=0.1.0-SNAPSHOT correlationId=5f2ba968-ab82-46cc-8022-36a1c0109fc8 c.m.m.s.i.c.CorrelationIdFilter - Request completed event="request_completed" correlationId="5f2ba968-ab82-46cc-8022-36a1c0109fc8" status="200"
[WebServer] 2026-09-05T19:10:27.333+08:00 INFO  application=marketops-server environment=local buildVersion=0.1.0-SNAPSHOT correlationId=b6f0458b-b9e0-4178-bc1c-e59e93a046ae c.m.m.a.i.a.JdbcMetadataAuditStore - Metadata change recorded event="metadata_change_recorded" sourceDomain="advertisingefficiency" entityType="advertising_manual_packet" entityId="4d1310a8-398a-468a-bb00-4ef8b4839e7c" action="READ" actorId="464ebf0c-eb1d-47dc-a3b7-364fe494e1d8" correlationId="b6f0458b-b9e0-4178-bc1c-e59e93a046ae"
[WebServer] 2026-09-05T19:10:27.334+08:00 INFO  application=marketops-server environment=local buildVersion=0.1.0-SNAPSHOT correlationId=b6f0458b-b9e0-4178-bc1c-e59e93a046ae c.m.m.s.i.c.CorrelationIdFilter - Request completed event="request_completed" correlationId="b6f0458b-b9e0-4178-bc1c-e59e93a046ae" status="200"
[WebServer] 2026-09-05T19:10:27.360+08:00 INFO  application=marketops-server environment=local buildVersion=0.1.0-SNAPSHOT correlationId=bdf0af01-e2af-40c0-92d6-365e1de89948 c.m.m.s.i.c.CorrelationIdFilter - Request completed event="request_completed" correlationId="bdf0af01-e2af-40c0-92d6-365e1de89948" status="200"
[WebServer] 2026-09-05T19:10:27.374+08:00 INFO  application=marketops-server environment=local buildVersion=0.1.0-SNAPSHOT correlationId=115d960c-c7d4-46ba-982e-7ecc6c95fb83 c.m.m.s.i.c.CorrelationIdFilter - Request completed event="request_completed" correlationId="115d960c-c7d4-46ba-982e-7ecc6c95fb83" status="200"
[WebServer] 2026-09-05T19:10:27.396+08:00 INFO  application=marketops-server environment=local buildVersion=0.1.0-SNAPSHOT correlationId=5fda0679-4143-45dc-a6ff-677f25818ed0 c.m.m.s.i.c.CorrelationIdFilter - Request completed event="request_completed" correlationId="5fda0679-4143-45dc-a6ff-677f25818ed0" status="200"
[WebServer] 2026-09-05T19:10:27.564+08:00 INFO  application=marketops-server environment=local buildVersion=0.1.0-SNAPSHOT correlationId=db8315b3-0807-4d1b-9dec-470ee5188652 c.m.m.s.i.c.CorrelationIdFilter - Request completed event="request_completed" correlationId="db8315b3-0807-4d1b-9dec-470ee5188652" status="200"
[WebServer] 2026-09-05T19:10:27.578+08:00 INFO  application=marketops-server environment=local buildVersion=0.1.0-SNAPSHOT correlationId=6441b2a5-9853-4ef8-ad76-79981d68fbba c.m.m.a.i.a.JdbcMetadataAuditStore - Metadata change recorded event="metadata_change_recorded" sourceDomain="advertisingefficiency" entityType="advertising_manual_packet" entityId="4d1310a8-398a-468a-bb00-4ef8b4839e7c" action="READ" actorId="464ebf0c-eb1d-47dc-a3b7-364fe494e1d8" correlationId="6441b2a5-9853-4ef8-ad76-79981d68fbba"
[WebServer] 2026-09-05T19:10:27.606+08:00 INFO  application=marketops-server environment=local buildVersion=0.1.0-SNAPSHOT correlationId=6441b2a5-9853-4ef8-ad76-79981d68fbba c.m.m.s.i.c.CorrelationIdFilter - Request completed event="request_completed" correlationId="6441b2a5-9853-4ef8-ad76-79981d68fbba" status="200"
[WebServer] 2026-09-05T19:10:28.023+08:00 INFO  application=marketops-server environment=local buildVersion=0.1.0-SNAPSHOT correlationId=305413e8-8c3e-4824-a538-3763d2cf8bdd c.m.m.s.i.c.CorrelationIdFilter - Request completed event="request_completed" correlationId="305413e8-8c3e-4824-a538-3763d2cf8bdd" status="200"
[WebServer] 2026-09-05T19:10:28.037+08:00 INFO  application=marketops-server environment=local buildVersion=0.1.0-SNAPSHOT correlationId=5445321c-4922-47bd-abc9-43daeb95f10c c.m.m.a.i.a.JdbcMetadataAuditStore - Metadata change recorded event="metadata_change_recorded" sourceDomain="advertisingefficiency" entityType="advertising_reservations" entityId="0322aa70-7bab-499c-bf35-90556101801c" action="READ" actorId="a50d91f9-3854-4a63-9e78-1eb99df1d3ae" correlationId="5445321c-4922-47bd-abc9-43daeb95f10c"
[WebServer] 2026-09-05T19:10:28.041+08:00 INFO  application=marketops-server environment=local buildVersion=0.1.0-SNAPSHOT correlationId=5445321c-4922-47bd-abc9-43daeb95f10c c.m.m.s.i.c.CorrelationIdFilter - Request completed event="request_completed" correlationId="5445321c-4922-47bd-abc9-43daeb95f10c" status="200"
[WebServer] 2026-09-05T19:10:28.043+08:00 INFO  application=marketops-server environment=local buildVersion=0.1.0-SNAPSHOT correlationId=c8a9332a-4e8d-4455-908e-2fff01a37adc c.m.m.s.i.e.ConsoleProblemAdvice - Console request refused event="console_request_refused" errorCode="RESOURCE_SCOPE_DENIED" correlationId="c8a9332a-4e8d-4455-908e-2fff01a37adc"
[WebServer] 2026-09-05T19:10:28.044+08:00 INFO  application=marketops-server environment=local buildVersion=0.1.0-SNAPSHOT correlationId=c8a9332a-4e8d-4455-908e-2fff01a37adc c.m.m.s.i.c.CorrelationIdFilter - Request completed event="request_completed" correlationId="c8a9332a-4e8d-4455-908e-2fff01a37adc" status="403"
[WebServer] 2026-09-05T19:10:28.044+08:00 INFO  application=marketops-server environment=local buildVersion=0.1.0-SNAPSHOT correlationId=35e82be3-b869-4f79-bc0f-d56ecfe012a6 c.m.m.a.i.a.JdbcMetadataAuditStore - Metadata change recorded event="metadata_change_recorded" sourceDomain="availabilityrisk" entityType="availability_queue" entityId="0322aa70-7bab-499c-bf35-90556101801c" action="READ" actorId="a50d91f9-3854-4a63-9e78-1eb99df1d3ae" correlationId="35e82be3-b869-4f79-bc0f-d56ecfe012a6"
[WebServer] 2026-09-05T19:10:28.046+08:00 INFO  application=marketops-server environment=local buildVersion=0.1.0-SNAPSHOT correlationId=af9142b9-9f7a-4975-b9fb-63baa3021813 c.m.m.s.i.e.ConsoleProblemAdvice - Console request refused event="console_request_refused" errorCode="RESOURCE_NOT_FOUND" correlationId="af9142b9-9f7a-4975-b9fb-63baa3021813"
[WebServer] 2026-09-05T19:10:28.047+08:00 INFO  application=marketops-server environment=local buildVersion=0.1.0-SNAPSHOT correlationId=af9142b9-9f7a-4975-b9fb-63baa3021813 c.m.m.s.i.c.CorrelationIdFilter - Request completed event="request_completed" correlationId="af9142b9-9f7a-4975-b9fb-63baa3021813" status="404"
[WebServer] 2026-09-05T19:10:28.048+08:00 INFO  application=marketops-server environment=local buildVersion=0.1.0-SNAPSHOT correlationId=35e82be3-b869-4f79-bc0f-d56ecfe012a6 c.m.m.s.i.c.CorrelationIdFilter - Request completed event="request_completed" correlationId="35e82be3-b869-4f79-bc0f-d56ecfe012a6" status="200"
[WebServer] 2026-09-05T19:10:28.057+08:00 INFO  application=marketops-server environment=local buildVersion=0.1.0-SNAPSHOT correlationId=d92d9425-2723-480c-9a9e-df2b44179496 c.m.m.a.i.a.JdbcMetadataAuditStore - Metadata change recorded event="metadata_change_recorded" sourceDomain="advertisingefficiency" entityType="advertising_exposure" entityId="0322aa70-7bab-499c-bf35-90556101801c" action="READ" actorId="a50d91f9-3854-4a63-9e78-1eb99df1d3ae" correlationId="d92d9425-2723-480c-9a9e-df2b44179496"
[WebServer] 2026-09-05T19:10:28.059+08:00 INFO  application=marketops-server environment=local buildVersion=0.1.0-SNAPSHOT correlationId=7ca9662c-ce48-47d4-9315-d0031bf6cc33 c.m.m.a.i.a.JdbcMetadataAuditStore - Metadata change recorded event="metadata_change_recorded" sourceDomain="advertisingefficiency" entityType="advertising_containments" entityId="0322aa70-7bab-499c-bf35-90556101801c" action="READ" actorId="a50d91f9-3854-4a63-9e78-1eb99df1d3ae" correlationId="7ca9662c-ce48-47d4-9315-d0031bf6cc33"
[WebServer] 2026-09-05T19:10:28.061+08:00 INFO  application=marketops-server environment=local buildVersion=0.1.0-SNAPSHOT correlationId=d92d9425-2723-480c-9a9e-df2b44179496 c.m.m.s.i.c.CorrelationIdFilter - Request completed event="request_completed" correlationId="d92d9425-2723-480c-9a9e-df2b44179496" status="200"
[WebServer] 2026-09-05T19:10:28.067+08:00 INFO  application=marketops-server environment=local buildVersion=0.1.0-SNAPSHOT correlationId=7ca9662c-ce48-47d4-9315-d0031bf6cc33 c.m.m.s.i.c.CorrelationIdFilter - Request completed event="request_completed" correlationId="7ca9662c-ce48-47d4-9315-d0031bf6cc33" status="200"
[WebServer] 2026-09-05T19:10:28.071+08:00 INFO  application=marketops-server environment=local buildVersion=0.1.0-SNAPSHOT correlationId=7a195093-a45c-4333-87bd-365899c7bb90 c.m.m.s.i.e.ConsoleProblemAdvice - Console request refused event="console_request_refused" errorCode="RESOURCE_SCOPE_DENIED" correlationId="7a195093-a45c-4333-87bd-365899c7bb90"
[WebServer] 2026-09-05T19:10:28.071+08:00 INFO  application=marketops-server environment=local buildVersion=0.1.0-SNAPSHOT correlationId=7a195093-a45c-4333-87bd-365899c7bb90 c.m.m.s.i.c.CorrelationIdFilter - Request completed event="request_completed" correlationId="7a195093-a45c-4333-87bd-365899c7bb90" status="403"
[WebServer] 2026-09-05T19:10:28.077+08:00 INFO  application=marketops-server environment=local buildVersion=0.1.0-SNAPSHOT correlationId=1018c4bb-ee68-4a34-8b3a-fa2b0a10c967 c.m.m.a.i.a.JdbcMetadataAuditStore - Metadata change recorded event="metadata_change_recorded" sourceDomain="advertisingefficiency" entityType="advertising_queue" entityId="0322aa70-7bab-499c-bf35-90556101801c" action="READ" actorId="a50d91f9-3854-4a63-9e78-1eb99df1d3ae" correlationId="1018c4bb-ee68-4a34-8b3a-fa2b0a10c967"
[WebServer] 2026-09-05T19:10:28.085+08:00 INFO  application=marketops-server environment=local buildVersion=0.1.0-SNAPSHOT correlationId=8dbb05dc-c113-4f61-9d4b-eb815039df14 c.m.m.a.i.a.JdbcMetadataAuditStore - Metadata change recorded event="metadata_change_recorded" sourceDomain="advertisingefficiency" entityType="advertising_orchestration" entityId="0322aa70-7bab-499c-bf35-90556101801c" action="READ" actorId="a50d91f9-3854-4a63-9e78-1eb99df1d3ae" correlationId="8dbb05dc-c113-4f61-9d4b-eb815039df14"
[WebServer] 2026-09-05T19:10:28.086+08:00 INFO  application=marketops-server environment=local buildVersion=0.1.0-SNAPSHOT correlationId=8dbb05dc-c113-4f61-9d4b-eb815039df14 c.m.m.s.i.c.CorrelationIdFilter - Request completed event="request_completed" correlationId="8dbb05dc-c113-4f61-9d4b-eb815039df14" status="200"
[WebServer] 2026-09-05T19:10:28.094+08:00 INFO  application=marketops-server environment=local buildVersion=0.1.0-SNAPSHOT correlationId=1018c4bb-ee68-4a34-8b3a-fa2b0a10c967 c.m.m.s.i.c.CorrelationIdFilter - Request completed event="request_completed" correlationId="1018c4bb-ee68-4a34-8b3a-fa2b0a10c967" status="200"
[WebServer] 2026-09-05T19:10:28.104+08:00 INFO  application=marketops-server environment=local buildVersion=0.1.0-SNAPSHOT correlationId=6b96b16e-8f19-4cb4-a415-ef872a29adac c.m.m.s.i.c.CorrelationIdFilter - Request completed event="request_completed" correlationId="6b96b16e-8f19-4cb4-a415-ef872a29adac" status="200"
[WebServer] 2026-09-05T19:10:28.219+08:00 INFO  application=marketops-server environment=local buildVersion=0.1.0-SNAPSHOT correlationId=f8199566-a352-4180-a58e-1d7d0d98ebf8 c.m.m.a.i.a.JdbcMetadataAuditStore - Metadata change recorded event="metadata_change_recorded" sourceDomain="advertisingefficiency" entityType="advertising_case" entityId="80723577-bb65-495d-bd64-4c6d9270f6ce" action="READ" actorId="a50d91f9-3854-4a63-9e78-1eb99df1d3ae" correlationId="f8199566-a352-4180-a58e-1d7d0d98ebf8"
[WebServer] 2026-09-05T19:10:28.246+08:00 INFO  application=marketops-server environment=local buildVersion=0.1.0-SNAPSHOT correlationId=f8199566-a352-4180-a58e-1d7d0d98ebf8 c.m.m.s.i.c.CorrelationIdFilter - Request completed event="request_completed" correlationId="f8199566-a352-4180-a58e-1d7d0d98ebf8" status="200"
[WebServer] 2026-09-05T19:10:28.270+08:00 INFO  application=marketops-server environment=local buildVersion=0.1.0-SNAPSHOT correlationId=ff4361e1-1e96-47b1-9209-bf1165ff8274 c.m.m.a.i.a.JdbcMetadataAuditStore - Metadata change recorded event="metadata_change_recorded" sourceDomain="advertisingefficiency" entityType="advertising_manual_packet" entityId="4d1310a8-398a-468a-bb00-4ef8b4839e7c" action="READ" actorId="a50d91f9-3854-4a63-9e78-1eb99df1d3ae" correlationId="ff4361e1-1e96-47b1-9209-bf1165ff8274"
[WebServer] 2026-09-05T19:10:28.314+08:00 INFO  application=marketops-server environment=local buildVersion=0.1.0-SNAPSHOT correlationId=ff4361e1-1e96-47b1-9209-bf1165ff8274 c.m.m.s.i.c.CorrelationIdFilter - Request completed event="request_completed" correlationId="ff4361e1-1e96-47b1-9209-bf1165ff8274" status="200"
[WebServer] 2026-09-05T19:10:28.317+08:00 INFO  application=marketops-server environment=local buildVersion=0.1.0-SNAPSHOT correlationId=0261a1e1-e3d8-454c-b7a0-00ef9d3497b7 c.m.m.s.i.c.CorrelationIdFilter - Request completed event="request_completed" correlationId="0261a1e1-e3d8-454c-b7a0-00ef9d3497b7" status="200"
[WebServer] 2026-09-05T19:10:28.343+08:00 INFO  application=marketops-server environment=local buildVersion=0.1.0-SNAPSHOT correlationId=49a1f9bd-89bd-442a-baea-4f491e4e8b7a c.m.m.s.i.c.CorrelationIdFilter - Request completed event="request_completed" correlationId="49a1f9bd-89bd-442a-baea-4f491e4e8b7a" status="200"
[WebServer] 2026-09-05T19:10:28.349+08:00 INFO  application=marketops-server environment=local buildVersion=0.1.0-SNAPSHOT correlationId=a72edf51-ddda-4c92-a2ca-428b8b8a4517 c.m.m.s.i.c.CorrelationIdFilter - Request completed event="request_completed" correlationId="a72edf51-ddda-4c92-a2ca-428b8b8a4517" status="200"
[WebServer] 2026-09-05T19:10:28.543+08:00 INFO  application=marketops-server environment=local buildVersion=0.1.0-SNAPSHOT correlationId=515c6a20-0b7e-41ba-818d-e902b518222c c.m.m.s.i.c.CorrelationIdFilter - Request completed event="request_completed" correlationId="515c6a20-0b7e-41ba-818d-e902b518222c" status="200"
[WebServer] 2026-09-05T19:10:28.557+08:00 INFO  application=marketops-server environment=local buildVersion=0.1.0-SNAPSHOT correlationId=bcc185b0-6118-4322-a2cf-089f97c79b1e c.m.m.a.i.a.JdbcMetadataAuditStore - Metadata change recorded event="metadata_change_recorded" sourceDomain="advertisingefficiency" entityType="advertising_manual_packet" entityId="4d1310a8-398a-468a-bb00-4ef8b4839e7c" action="READ" actorId="a50d91f9-3854-4a63-9e78-1eb99df1d3ae" correlationId="bcc185b0-6118-4322-a2cf-089f97c79b1e"
[WebServer] 2026-09-05T19:10:28.592+08:00 INFO  application=marketops-server environment=local buildVersion=0.1.0-SNAPSHOT correlationId=bcc185b0-6118-4322-a2cf-089f97c79b1e c.m.m.s.i.c.CorrelationIdFilter - Request completed event="request_completed" correlationId="bcc185b0-6118-4322-a2cf-089f97c79b1e" status="200"
[WebServer] 2026-09-05T19:10:28.957+08:00 INFO  application=marketops-server environment=local buildVersion=0.1.0-SNAPSHOT correlationId=04e1f0ad-ce09-40c2-9000-91aa0fb6ae82 c.m.m.s.i.e.ConsoleProblemAdvice - Console request refused event="console_request_refused" errorCode="RESOURCE_SCOPE_DENIED" correlationId="04e1f0ad-ce09-40c2-9000-91aa0fb6ae82"
[WebServer] 2026-09-05T19:10:28.957+08:00 INFO  application=marketops-server environment=local buildVersion=0.1.0-SNAPSHOT correlationId=04e1f0ad-ce09-40c2-9000-91aa0fb6ae82 c.m.m.s.i.c.CorrelationIdFilter - Request completed event="request_completed" correlationId="04e1f0ad-ce09-40c2-9000-91aa0fb6ae82" status="403"
[WebServer] 2026-09-05T19:10:28.959+08:00 INFO  application=marketops-server environment=local buildVersion=0.1.0-SNAPSHOT correlationId=be1e1b1a-1776-4178-8ed6-1e0123d45b15 c.m.m.a.i.a.JdbcMetadataAuditStore - Metadata change recorded event="metadata_change_recorded" sourceDomain="advertisingefficiency" entityType="advertising_reservations" entityId="0322aa70-7bab-499c-bf35-90556101801c" action="READ" actorId="bf922092-af4e-411d-9b89-bb2bfa7b5a63" correlationId="be1e1b1a-1776-4178-8ed6-1e0123d45b15"
[WebServer] 2026-09-05T19:10:28.959+08:00 INFO  application=marketops-server environment=local buildVersion=0.1.0-SNAPSHOT correlationId=b9cde870-71ac-46d3-9946-3b655071e088 c.m.m.a.i.a.JdbcMetadataAuditStore - Metadata change recorded event="metadata_change_recorded" sourceDomain="advertisingefficiency" entityType="advertising_containments" entityId="0322aa70-7bab-499c-bf35-90556101801c" action="READ" actorId="bf922092-af4e-411d-9b89-bb2bfa7b5a63" correlationId="b9cde870-71ac-46d3-9946-3b655071e088"
[WebServer] 2026-09-05T19:10:28.963+08:00 INFO  application=marketops-server environment=local buildVersion=0.1.0-SNAPSHOT correlationId=be1e1b1a-1776-4178-8ed6-1e0123d45b15 c.m.m.s.i.c.CorrelationIdFilter - Request completed event="request_completed" correlationId="be1e1b1a-1776-4178-8ed6-1e0123d45b15" status="200"
[WebServer] 2026-09-05T19:10:28.964+08:00 INFO  application=marketops-server environment=local buildVersion=0.1.0-SNAPSHOT correlationId=93dade33-47aa-49e0-a902-e3a8137069de c.m.m.s.i.c.CorrelationIdFilter - Request completed event="request_completed" correlationId="93dade33-47aa-49e0-a902-e3a8137069de" status="200"
[WebServer] 2026-09-05T19:10:28.964+08:00 INFO  application=marketops-server environment=local buildVersion=0.1.0-SNAPSHOT correlationId=ee5ab311-084b-4b7d-9751-fb9090401144 c.m.m.a.i.a.JdbcMetadataAuditStore - Metadata change recorded event="metadata_change_recorded" sourceDomain="availabilityrisk" entityType="availability_queue" entityId="0322aa70-7bab-499c-bf35-90556101801c" action="READ" actorId="bf922092-af4e-411d-9b89-bb2bfa7b5a63" correlationId="ee5ab311-084b-4b7d-9751-fb9090401144"
[WebServer] 2026-09-05T19:10:28.967+08:00 INFO  application=marketops-server environment=local buildVersion=0.1.0-SNAPSHOT correlationId=ee5ab311-084b-4b7d-9751-fb9090401144 c.m.m.s.i.c.CorrelationIdFilter - Request completed event="request_completed" correlationId="ee5ab311-084b-4b7d-9751-fb9090401144" status="200"
[WebServer] 2026-09-05T19:10:28.970+08:00 INFO  application=marketops-server environment=local buildVersion=0.1.0-SNAPSHOT correlationId=bb48b749-cc10-4bf1-a28f-1898b2e66d5f c.m.m.s.i.e.ConsoleProblemAdvice - Console request refused event="console_request_refused" errorCode="RESOURCE_NOT_FOUND" correlationId="bb48b749-cc10-4bf1-a28f-1898b2e66d5f"
[WebServer] 2026-09-05T19:10:28.970+08:00 INFO  application=marketops-server environment=local buildVersion=0.1.0-SNAPSHOT correlationId=bb48b749-cc10-4bf1-a28f-1898b2e66d5f c.m.m.s.i.c.CorrelationIdFilter - Request completed event="request_completed" correlationId="bb48b749-cc10-4bf1-a28f-1898b2e66d5f" status="404"
[WebServer] 2026-09-05T19:10:28.975+08:00 INFO  application=marketops-server environment=local buildVersion=0.1.0-SNAPSHOT correlationId=b9cde870-71ac-46d3-9946-3b655071e088 c.m.m.s.i.c.CorrelationIdFilter - Request completed event="request_completed" correlationId="b9cde870-71ac-46d3-9946-3b655071e088" status="200"
[WebServer] 2026-09-05T19:10:28.980+08:00 INFO  application=marketops-server environment=local buildVersion=0.1.0-SNAPSHOT correlationId=d50286c6-c5b2-4514-a2c8-76bc02d7dc29 c.m.m.s.i.e.ConsoleProblemAdvice - Console request refused event="console_request_refused" errorCode="RESOURCE_SCOPE_DENIED" correlationId="d50286c6-c5b2-4514-a2c8-76bc02d7dc29"
[WebServer] 2026-09-05T19:10:28.981+08:00 INFO  application=marketops-server environment=local buildVersion=0.1.0-SNAPSHOT correlationId=d50286c6-c5b2-4514-a2c8-76bc02d7dc29 c.m.m.s.i.c.CorrelationIdFilter - Request completed event="request_completed" correlationId="d50286c6-c5b2-4514-a2c8-76bc02d7dc29" status="403"
[WebServer] 2026-09-05T19:10:28.985+08:00 INFO  application=marketops-server environment=local buildVersion=0.1.0-SNAPSHOT correlationId=3e432e63-be09-4e4f-a37b-405d28c3b317 c.m.m.a.i.a.JdbcMetadataAuditStore - Metadata change recorded event="metadata_change_recorded" sourceDomain="advertisingefficiency" entityType="advertising_queue" entityId="0322aa70-7bab-499c-bf35-90556101801c" action="READ" actorId="bf922092-af4e-411d-9b89-bb2bfa7b5a63" correlationId="3e432e63-be09-4e4f-a37b-405d28c3b317"
[WebServer] 2026-09-05T19:10:28.993+08:00 INFO  application=marketops-server environment=local buildVersion=0.1.0-SNAPSHOT correlationId=724d80ac-d744-4b2d-a049-d12bf032c232 c.m.m.a.i.a.JdbcMetadataAuditStore - Metadata change recorded event="metadata_change_recorded" sourceDomain="advertisingefficiency" entityType="advertising_exposure" entityId="0322aa70-7bab-499c-bf35-90556101801c" action="READ" actorId="bf922092-af4e-411d-9b89-bb2bfa7b5a63" correlationId="724d80ac-d744-4b2d-a049-d12bf032c232"
[WebServer] 2026-09-05T19:10:28.994+08:00 INFO  application=marketops-server environment=local buildVersion=0.1.0-SNAPSHOT correlationId=724d80ac-d744-4b2d-a049-d12bf032c232 c.m.m.s.i.c.CorrelationIdFilter - Request completed event="request_completed" correlationId="724d80ac-d744-4b2d-a049-d12bf032c232" status="200"
[WebServer] 2026-09-05T19:10:28.998+08:00 INFO  application=marketops-server environment=local buildVersion=0.1.0-SNAPSHOT correlationId=3e432e63-be09-4e4f-a37b-405d28c3b317 c.m.m.s.i.c.CorrelationIdFilter - Request completed event="request_completed" correlationId="3e432e63-be09-4e4f-a37b-405d28c3b317" status="200"
[WebServer] 2026-09-05T19:10:29.014+08:00 INFO  application=marketops-server environment=local buildVersion=0.1.0-SNAPSHOT correlationId=9b3b52f7-7fce-45c0-b7a2-9ceb85ce9d81 c.m.m.s.i.c.CorrelationIdFilter - Request completed event="request_completed" correlationId="9b3b52f7-7fce-45c0-b7a2-9ceb85ce9d81" status="200"
[WebServer] 2026-09-05T19:10:29.016+08:00 INFO  application=marketops-server environment=local buildVersion=0.1.0-SNAPSHOT correlationId=31892467-9c1b-4606-8aa1-f13cd6404ccb c.m.m.a.i.a.JdbcMetadataAuditStore - Metadata change recorded event="metadata_change_recorded" sourceDomain="advertisingefficiency" entityType="advertising_orchestration" entityId="0322aa70-7bab-499c-bf35-90556101801c" action="READ" actorId="bf922092-af4e-411d-9b89-bb2bfa7b5a63" correlationId="31892467-9c1b-4606-8aa1-f13cd6404ccb"
[WebServer] 2026-09-05T19:10:29.018+08:00 INFO  application=marketops-server environment=local buildVersion=0.1.0-SNAPSHOT correlationId=31892467-9c1b-4606-8aa1-f13cd6404ccb c.m.m.s.i.c.CorrelationIdFilter - Request completed event="request_completed" correlationId="31892467-9c1b-4606-8aa1-f13cd6404ccb" status="200"
[WebServer] 2026-09-05T19:10:29.135+08:00 INFO  application=marketops-server environment=local buildVersion=0.1.0-SNAPSHOT correlationId=9168a525-4e85-4979-b723-80541b25516a c.m.m.a.i.a.JdbcMetadataAuditStore - Metadata change recorded event="metadata_change_recorded" sourceDomain="advertisingefficiency" entityType="advertising_case" entityId="80723577-bb65-495d-bd64-4c6d9270f6ce" action="READ" actorId="bf922092-af4e-411d-9b89-bb2bfa7b5a63" correlationId="9168a525-4e85-4979-b723-80541b25516a"
[WebServer] 2026-09-05T19:10:29.147+08:00 INFO  application=marketops-server environment=local buildVersion=0.1.0-SNAPSHOT correlationId=9168a525-4e85-4979-b723-80541b25516a c.m.m.s.i.c.CorrelationIdFilter - Request completed event="request_completed" correlationId="9168a525-4e85-4979-b723-80541b25516a" status="200"
[WebServer] 2026-09-05T19:10:29.172+08:00 INFO  application=marketops-server environment=local buildVersion=0.1.0-SNAPSHOT correlationId=b22ce9fd-e76f-4cf2-844c-0ceebef34522 c.m.m.a.i.a.JdbcMetadataAuditStore - Metadata change recorded event="metadata_change_recorded" sourceDomain="advertisingefficiency" entityType="advertising_manual_packet" entityId="4d1310a8-398a-468a-bb00-4ef8b4839e7c" action="READ" actorId="bf922092-af4e-411d-9b89-bb2bfa7b5a63" correlationId="b22ce9fd-e76f-4cf2-844c-0ceebef34522"
[WebServer] 2026-09-05T19:10:29.208+08:00 INFO  application=marketops-server environment=local buildVersion=0.1.0-SNAPSHOT correlationId=cd3b109a-7519-4847-a10c-c66763866415 c.m.m.s.i.c.CorrelationIdFilter - Request completed event="request_completed" correlationId="cd3b109a-7519-4847-a10c-c66763866415" status="200"
[WebServer] 2026-09-05T19:10:29.218+08:00 INFO  application=marketops-server environment=local buildVersion=0.1.0-SNAPSHOT correlationId=b22ce9fd-e76f-4cf2-844c-0ceebef34522 c.m.m.s.i.c.CorrelationIdFilter - Request completed event="request_completed" correlationId="b22ce9fd-e76f-4cf2-844c-0ceebef34522" status="200"
[WebServer] 2026-09-05T19:10:29.229+08:00 INFO  application=marketops-server environment=local buildVersion=0.1.0-SNAPSHOT correlationId=a6a786dd-241a-436a-8cb0-52615e4654c1 c.m.m.s.i.c.CorrelationIdFilter - Request completed event="request_completed" correlationId="a6a786dd-241a-436a-8cb0-52615e4654c1" status="200"
[WebServer] 2026-09-05T19:10:29.244+08:00 INFO  application=marketops-server environment=local buildVersion=0.1.0-SNAPSHOT correlationId=f0a97057-f6fc-4233-9a96-d29982f82f4c c.m.m.s.i.c.CorrelationIdFilter - Request completed event="request_completed" correlationId="f0a97057-f6fc-4233-9a96-d29982f82f4c" status="200"
[WebServer] 2026-09-05T19:10:29.438+08:00 INFO  application=marketops-server environment=local buildVersion=0.1.0-SNAPSHOT correlationId=37ae84f9-8df9-4b9c-8957-c41d794b64cd c.m.m.s.i.c.CorrelationIdFilter - Request completed event="request_completed" correlationId="37ae84f9-8df9-4b9c-8957-c41d794b64cd" status="200"
[WebServer] 2026-09-05T19:10:29.461+08:00 INFO  application=marketops-server environment=local buildVersion=0.1.0-SNAPSHOT correlationId=3f51078f-c06e-4714-96d1-2d444bc5eea4 c.m.m.a.i.a.JdbcMetadataAuditStore - Metadata change recorded event="metadata_change_recorded" sourceDomain="advertisingefficiency" entityType="advertising_manual_packet" entityId="4d1310a8-398a-468a-bb00-4ef8b4839e7c" action="READ" actorId="bf922092-af4e-411d-9b89-bb2bfa7b5a63" correlationId="3f51078f-c06e-4714-96d1-2d444bc5eea4"
[WebServer] 2026-09-05T19:10:29.502+08:00 INFO  application=marketops-server environment=local buildVersion=0.1.0-SNAPSHOT correlationId=3f51078f-c06e-4714-96d1-2d444bc5eea4 c.m.m.s.i.c.CorrelationIdFilter - Request completed event="request_completed" correlationId="3f51078f-c06e-4714-96d1-2d444bc5eea4" status="200"
[WebServer] 2026-09-05T19:10:30.254+08:00 INFO  application=marketops-server environment=local buildVersion=0.1.0-SNAPSHOT correlationId=87a8e170-3bbf-48c6-b91b-cdba74e36297 c.m.m.a.i.a.JdbcMetadataAuditStore - Metadata change recorded event="metadata_change_recorded" sourceDomain="advertisingefficiency" entityType="advertising_containments" entityId="0322aa70-7bab-499c-bf35-90556101801c" action="READ" actorId="464ebf0c-eb1d-47dc-a3b7-364fe494e1d8" correlationId="87a8e170-3bbf-48c6-b91b-cdba74e36297"
[WebServer] 2026-09-05T19:10:30.254+08:00 INFO  application=marketops-server environment=local buildVersion=0.1.0-SNAPSHOT correlationId=7285694b-98d9-4db4-b519-f75a38dc0e9e c.m.m.a.i.a.JdbcMetadataAuditStore - Metadata change recorded event="metadata_change_recorded" sourceDomain="advertisingefficiency" entityType="advertising_reservations" entityId="0322aa70-7bab-499c-bf35-90556101801c" action="READ" actorId="464ebf0c-eb1d-47dc-a3b7-364fe494e1d8" correlationId="7285694b-98d9-4db4-b519-f75a38dc0e9e"
[WebServer] 2026-09-05T19:10:30.256+08:00 INFO  application=marketops-server environment=local buildVersion=0.1.0-SNAPSHOT correlationId=08e10189-d59b-446d-8991-9d78340fb581 c.m.m.s.i.e.ConsoleProblemAdvice - Console request refused event="console_request_refused" errorCode="RESOURCE_NOT_FOUND" correlationId="08e10189-d59b-446d-8991-9d78340fb581"
[WebServer] 2026-09-05T19:10:30.256+08:00 INFO  application=marketops-server environment=local buildVersion=0.1.0-SNAPSHOT correlationId=7285694b-98d9-4db4-b519-f75a38dc0e9e c.m.m.s.i.c.CorrelationIdFilter - Request completed event="request_completed" correlationId="7285694b-98d9-4db4-b519-f75a38dc0e9e" status="200"
[WebServer] 2026-09-05T19:10:30.258+08:00 INFO  application=marketops-server environment=local buildVersion=0.1.0-SNAPSHOT correlationId=08e10189-d59b-446d-8991-9d78340fb581 c.m.m.s.i.c.CorrelationIdFilter - Request completed event="request_completed" correlationId="08e10189-d59b-446d-8991-9d78340fb581" status="404"
[WebServer] 2026-09-05T19:10:30.259+08:00 INFO  application=marketops-server environment=local buildVersion=0.1.0-SNAPSHOT correlationId=440dfc6e-43da-46fd-a2dd-6dc99074c3e8 c.m.m.s.i.e.ConsoleProblemAdvice - Console request refused event="console_request_refused" errorCode="RESOURCE_SCOPE_DENIED" correlationId="440dfc6e-43da-46fd-a2dd-6dc99074c3e8"
[WebServer] 2026-09-05T19:10:30.260+08:00 INFO  application=marketops-server environment=local buildVersion=0.1.0-SNAPSHOT correlationId=440dfc6e-43da-46fd-a2dd-6dc99074c3e8 c.m.m.s.i.c.CorrelationIdFilter - Request completed event="request_completed" correlationId="440dfc6e-43da-46fd-a2dd-6dc99074c3e8" status="403"
[WebServer] 2026-09-05T19:10:30.261+08:00 INFO  application=marketops-server environment=local buildVersion=0.1.0-SNAPSHOT correlationId=e7fa6538-e47e-4dd2-97d3-4b7225d3bfbc c.m.m.a.i.a.JdbcMetadataAuditStore - Metadata change recorded event="metadata_change_recorded" sourceDomain="availabilityrisk" entityType="availability_queue" entityId="0322aa70-7bab-499c-bf35-90556101801c" action="READ" actorId="464ebf0c-eb1d-47dc-a3b7-364fe494e1d8" correlationId="e7fa6538-e47e-4dd2-97d3-4b7225d3bfbc"
[WebServer] 2026-09-05T19:10:30.264+08:00 INFO  application=marketops-server environment=local buildVersion=0.1.0-SNAPSHOT correlationId=e7fa6538-e47e-4dd2-97d3-4b7225d3bfbc c.m.m.s.i.c.CorrelationIdFilter - Request completed event="request_completed" correlationId="e7fa6538-e47e-4dd2-97d3-4b7225d3bfbc" status="200"
[WebServer] 2026-09-05T19:10:30.268+08:00 INFO  application=marketops-server environment=local buildVersion=0.1.0-SNAPSHOT correlationId=87a8e170-3bbf-48c6-b91b-cdba74e36297 c.m.m.s.i.c.CorrelationIdFilter - Request completed event="request_completed" correlationId="87a8e170-3bbf-48c6-b91b-cdba74e36297" status="200"
[WebServer] 2026-09-05T19:10:30.268+08:00 INFO  application=marketops-server environment=local buildVersion=0.1.0-SNAPSHOT correlationId=8584d7a0-a92d-4757-8f2f-3c28ea90708d c.m.m.a.i.a.JdbcMetadataAuditStore - Metadata change recorded event="metadata_change_recorded" sourceDomain="advertisingefficiency" entityType="advertising_exposure" entityId="0322aa70-7bab-499c-bf35-90556101801c" action="READ" actorId="464ebf0c-eb1d-47dc-a3b7-364fe494e1d8" correlationId="8584d7a0-a92d-4757-8f2f-3c28ea90708d"
[WebServer] 2026-09-05T19:10:30.270+08:00 INFO  application=marketops-server environment=local buildVersion=0.1.0-SNAPSHOT correlationId=8584d7a0-a92d-4757-8f2f-3c28ea90708d c.m.m.s.i.c.CorrelationIdFilter - Request completed event="request_completed" correlationId="8584d7a0-a92d-4757-8f2f-3c28ea90708d" status="200"
[WebServer] 2026-09-05T19:10:30.277+08:00 INFO  application=marketops-server environment=local buildVersion=0.1.0-SNAPSHOT correlationId=e1f69ba0-f6c3-45e4-8127-e9bb44df5fe3 c.m.m.s.i.e.ConsoleProblemAdvice - Console request refused event="console_request_refused" errorCode="RESOURCE_SCOPE_DENIED" correlationId="e1f69ba0-f6c3-45e4-8127-e9bb44df5fe3"
[WebServer] 2026-09-05T19:10:30.278+08:00 INFO  application=marketops-server environment=local buildVersion=0.1.0-SNAPSHOT correlationId=e1f69ba0-f6c3-45e4-8127-e9bb44df5fe3 c.m.m.s.i.c.CorrelationIdFilter - Request completed event="request_completed" correlationId="e1f69ba0-f6c3-45e4-8127-e9bb44df5fe3" status="403"
[WebServer] 2026-09-05T19:10:30.281+08:00 INFO  application=marketops-server environment=local buildVersion=0.1.0-SNAPSHOT correlationId=7626fd7a-c5d8-4fef-8aea-3026f2a16776 c.m.m.s.i.c.CorrelationIdFilter - Request completed event="request_completed" correlationId="7626fd7a-c5d8-4fef-8aea-3026f2a16776" status="200"
[WebServer] 2026-09-05T19:10:30.288+08:00 INFO  application=marketops-server environment=local buildVersion=0.1.0-SNAPSHOT correlationId=880f8789-06db-4648-9fb0-c5fd95994fdf c.m.m.a.i.a.JdbcMetadataAuditStore - Metadata change recorded event="metadata_change_recorded" sourceDomain="advertisingefficiency" entityType="advertising_queue" entityId="0322aa70-7bab-499c-bf35-90556101801c" action="READ" actorId="464ebf0c-eb1d-47dc-a3b7-364fe494e1d8" correlationId="880f8789-06db-4648-9fb0-c5fd95994fdf"
[WebServer] 2026-09-05T19:10:30.290+08:00 INFO  application=marketops-server environment=local buildVersion=0.1.0-SNAPSHOT correlationId=c3609ad5-1513-4bb2-a2da-0fd09f6ca5b7 c.m.m.a.i.a.JdbcMetadataAuditStore - Metadata change recorded event="metadata_change_recorded" sourceDomain="advertisingefficiency" entityType="advertising_orchestration" entityId="0322aa70-7bab-499c-bf35-90556101801c" action="READ" actorId="464ebf0c-eb1d-47dc-a3b7-364fe494e1d8" correlationId="c3609ad5-1513-4bb2-a2da-0fd09f6ca5b7"
[WebServer] 2026-09-05T19:10:30.291+08:00 INFO  application=marketops-server environment=local buildVersion=0.1.0-SNAPSHOT correlationId=c3609ad5-1513-4bb2-a2da-0fd09f6ca5b7 c.m.m.s.i.c.CorrelationIdFilter - Request completed event="request_completed" correlationId="c3609ad5-1513-4bb2-a2da-0fd09f6ca5b7" status="200"
[WebServer] 2026-09-05T19:10:30.307+08:00 INFO  application=marketops-server environment=local buildVersion=0.1.0-SNAPSHOT correlationId=880f8789-06db-4648-9fb0-c5fd95994fdf c.m.m.s.i.c.CorrelationIdFilter - Request completed event="request_completed" correlationId="880f8789-06db-4648-9fb0-c5fd95994fdf" status="200"
[WebServer] 2026-09-05T19:10:30.315+08:00 INFO  application=marketops-server environment=local buildVersion=0.1.0-SNAPSHOT correlationId=3aabbd5c-3816-46c5-97d2-a6d25a56f4e6 c.m.m.s.i.c.CorrelationIdFilter - Request completed event="request_completed" correlationId="3aabbd5c-3816-46c5-97d2-a6d25a56f4e6" status="200"
[WebServer] 2026-09-05T19:10:30.412+08:00 INFO  application=marketops-server environment=local buildVersion=0.1.0-SNAPSHOT correlationId=38f3c390-31f6-41b1-af67-4394f48bedf7 c.m.m.a.i.a.JdbcMetadataAuditStore - Metadata change recorded event="metadata_change_recorded" sourceDomain="advertisingefficiency" entityType="advertising_case" entityId="80723577-bb65-495d-bd64-4c6d9270f6ce" action="READ" actorId="464ebf0c-eb1d-47dc-a3b7-364fe494e1d8" correlationId="38f3c390-31f6-41b1-af67-4394f48bedf7"
[WebServer] 2026-09-05T19:10:30.425+08:00 INFO  application=marketops-server environment=local buildVersion=0.1.0-SNAPSHOT correlationId=38f3c390-31f6-41b1-af67-4394f48bedf7 c.m.m.s.i.c.CorrelationIdFilter - Request completed event="request_completed" correlationId="38f3c390-31f6-41b1-af67-4394f48bedf7" status="200"
[WebServer] 2026-09-05T19:10:30.453+08:00 INFO  application=marketops-server environment=local buildVersion=0.1.0-SNAPSHOT correlationId=21e61437-0318-46fc-a338-7e941a2ca0e9 c.m.m.a.i.a.JdbcMetadataAuditStore - Metadata change recorded event="metadata_change_recorded" sourceDomain="advertisingefficiency" entityType="advertising_manual_packet" entityId="4d1310a8-398a-468a-bb00-4ef8b4839e7c" action="READ" actorId="464ebf0c-eb1d-47dc-a3b7-364fe494e1d8" correlationId="21e61437-0318-46fc-a338-7e941a2ca0e9"
[WebServer] 2026-09-05T19:10:30.487+08:00 INFO  application=marketops-server environment=local buildVersion=0.1.0-SNAPSHOT correlationId=934b681b-566d-4dc7-aac0-3a9bdc00f310 c.m.m.s.i.c.CorrelationIdFilter - Request completed event="request_completed" correlationId="934b681b-566d-4dc7-aac0-3a9bdc00f310" status="200"
[WebServer] 2026-09-05T19:10:30.490+08:00 INFO  application=marketops-server environment=local buildVersion=0.1.0-SNAPSHOT correlationId=21e61437-0318-46fc-a338-7e941a2ca0e9 c.m.m.s.i.c.CorrelationIdFilter - Request completed event="request_completed" correlationId="21e61437-0318-46fc-a338-7e941a2ca0e9" status="200"
[WebServer] 2026-09-05T19:10:30.507+08:00 INFO  application=marketops-server environment=local buildVersion=0.1.0-SNAPSHOT correlationId=3445ed06-6004-445b-ac65-4408aeda5073 c.m.m.s.i.c.CorrelationIdFilter - Request completed event="request_completed" correlationId="3445ed06-6004-445b-ac65-4408aeda5073" status="200"
[WebServer] 2026-09-05T19:10:30.522+08:00 INFO  application=marketops-server environment=local buildVersion=0.1.0-SNAPSHOT correlationId=8ab3c5f1-b340-4d0c-9b2d-5c52d9f28216 c.m.m.s.i.c.CorrelationIdFilter - Request completed event="request_completed" correlationId="8ab3c5f1-b340-4d0c-9b2d-5c52d9f28216" status="200"
[WebServer] 2026-09-05T19:10:30.711+08:00 INFO  application=marketops-server environment=local buildVersion=0.1.0-SNAPSHOT correlationId=f08193a6-237c-4575-8ff3-e1da592aeac3 c.m.m.s.i.c.CorrelationIdFilter - Request completed event="request_completed" correlationId="f08193a6-237c-4575-8ff3-e1da592aeac3" status="200"
[WebServer] 2026-09-05T19:10:30.727+08:00 INFO  application=marketops-server environment=local buildVersion=0.1.0-SNAPSHOT correlationId=bbf7d7eb-ff9a-406a-ab81-405529837345 c.m.m.a.i.a.JdbcMetadataAuditStore - Metadata change recorded event="metadata_change_recorded" sourceDomain="advertisingefficiency" entityType="advertising_manual_packet" entityId="4d1310a8-398a-468a-bb00-4ef8b4839e7c" action="READ" actorId="464ebf0c-eb1d-47dc-a3b7-364fe494e1d8" correlationId="bbf7d7eb-ff9a-406a-ab81-405529837345"
[WebServer] 2026-09-05T19:10:30.756+08:00 INFO  application=marketops-server environment=local buildVersion=0.1.0-SNAPSHOT correlationId=bbf7d7eb-ff9a-406a-ab81-405529837345 c.m.m.s.i.c.CorrelationIdFilter - Request completed event="request_completed" correlationId="bbf7d7eb-ff9a-406a-ab81-405529837345" status="200"
[WebServer] 2026-09-05T19:10:30.880+08:00 INFO  application=marketops-server environment=local buildVersion=0.1.0-SNAPSHOT correlationId=3137b921-0006-4833-8837-9ccf0f7efc48 c.m.m.s.i.c.CorrelationIdFilter - Request completed event="request_completed" correlationId="3137b921-0006-4833-8837-9ccf0f7efc48" status="200"
[WebServer] 2026-09-05T19:10:30.897+08:00 INFO  application=marketops-server environment=local buildVersion=0.1.0-SNAPSHOT correlationId=1256e14c-aabd-4016-8743-cf542aae2713 c.m.m.a.i.a.JdbcMetadataAuditStore - Metadata change recorded event="metadata_change_recorded" sourceDomain="advertisingefficiency" entityType="advertising_manual_packet" entityId="4d1310a8-398a-468a-bb00-4ef8b4839e7c" action="READ" actorId="464ebf0c-eb1d-47dc-a3b7-364fe494e1d8" correlationId="1256e14c-aabd-4016-8743-cf542aae2713"
[WebServer] 2026-09-05T19:10:30.920+08:00 INFO  application=marketops-server environment=local buildVersion=0.1.0-SNAPSHOT correlationId=1256e14c-aabd-4016-8743-cf542aae2713 c.m.m.s.i.c.CorrelationIdFilter - Request completed event="request_completed" correlationId="1256e14c-aabd-4016-8743-cf542aae2713" status="200"
[WebServer] 2026-09-05T19:10:30.998+08:00 DEBUG application=marketops-server environment=local buildVersion=0.1.0-SNAPSHOT correlationId=b8fb52f2-d87b-4160-bc53-b80c4fb2781b c.m.m.s.i.c.CorrelationIdFilter - Inbound correlation identifier replaced event="correlation_identifier_replaced" correlationId="b8fb52f2-d87b-4160-bc53-b80c4fb2781b" rejectionCategory="MISSING"
[WebServer] 2026-09-05T19:10:31.012+08:00 INFO  application=marketops-server environment=local buildVersion=0.1.0-SNAPSHOT correlationId=b8fb52f2-d87b-4160-bc53-b80c4fb2781b c.m.m.s.i.e.ConsoleProblemAdvice - Console request refused event="console_request_refused" errorCode="ACTION_NOT_PERMITTED" correlationId="b8fb52f2-d87b-4160-bc53-b80c4fb2781b"
[WebServer] 2026-09-05T19:10:31.013+08:00 INFO  application=marketops-server environment=local buildVersion=0.1.0-SNAPSHOT correlationId=b8fb52f2-d87b-4160-bc53-b80c4fb2781b c.m.m.s.i.c.CorrelationIdFilter - Request completed event="request_completed" correlationId="b8fb52f2-d87b-4160-bc53-b80c4fb2781b" status="403"
[WebServer] 2026-09-05T19:10:31.298+08:00 INFO  application=marketops-server environment=local buildVersion=0.1.0-SNAPSHOT correlationId=9edfafd1-9bb8-4c33-ada5-10880152a421 c.m.m.s.i.e.ConsoleProblemAdvice - Console request refused event="console_request_refused" errorCode="RESOURCE_NOT_FOUND" correlationId="9edfafd1-9bb8-4c33-ada5-10880152a421"
[WebServer] 2026-09-05T19:10:31.299+08:00 INFO  application=marketops-server environment=local buildVersion=0.1.0-SNAPSHOT correlationId=9edfafd1-9bb8-4c33-ada5-10880152a421 c.m.m.s.i.c.CorrelationIdFilter - Request completed event="request_completed" correlationId="9edfafd1-9bb8-4c33-ada5-10880152a421" status="404"
[WebServer] 2026-09-05T19:10:31.299+08:00 INFO  application=marketops-server environment=local buildVersion=0.1.0-SNAPSHOT correlationId=7ad8a6a8-192d-414b-9fd4-c7143fa91943 c.m.m.s.i.c.CorrelationIdFilter - Request completed event="request_completed" correlationId="7ad8a6a8-192d-414b-9fd4-c7143fa91943" status="200"
[WebServer] 2026-09-05T19:10:31.301+08:00 INFO  application=marketops-server environment=local buildVersion=0.1.0-SNAPSHOT correlationId=a13ab810-c6d7-4af5-93f9-49030132b42d c.m.m.a.i.a.JdbcMetadataAuditStore - Metadata change recorded event="metadata_change_recorded" sourceDomain="advertisingefficiency" entityType="advertising_reservations" entityId="0322aa70-7bab-499c-bf35-90556101801c" action="READ" actorId="a50d91f9-3854-4a63-9e78-1eb99df1d3ae" correlationId="a13ab810-c6d7-4af5-93f9-49030132b42d"
[WebServer] 2026-09-05T19:10:31.302+08:00 INFO  application=marketops-server environment=local buildVersion=0.1.0-SNAPSHOT correlationId=96703e5c-0ce4-48f6-844c-e06aeac841c6 c.m.m.a.i.a.JdbcMetadataAuditStore - Metadata change recorded event="metadata_change_recorded" sourceDomain="advertisingefficiency" entityType="advertising_containments" entityId="0322aa70-7bab-499c-bf35-90556101801c" action="READ" actorId="a50d91f9-3854-4a63-9e78-1eb99df1d3ae" correlationId="96703e5c-0ce4-48f6-844c-e06aeac841c6"
[WebServer] 2026-09-05T19:10:31.305+08:00 INFO  application=marketops-server environment=local buildVersion=0.1.0-SNAPSHOT correlationId=98399413-98a3-4702-bf9e-94fa83e35367 c.m.m.a.i.a.JdbcMetadataAuditStore - Metadata change recorded event="metadata_change_recorded" sourceDomain="availabilityrisk" entityType="availability_queue" entityId="0322aa70-7bab-499c-bf35-90556101801c" action="READ" actorId="a50d91f9-3854-4a63-9e78-1eb99df1d3ae" correlationId="98399413-98a3-4702-bf9e-94fa83e35367"
[WebServer] 2026-09-05T19:10:31.306+08:00 INFO  application=marketops-server environment=local buildVersion=0.1.0-SNAPSHOT correlationId=d9f910d1-ce44-4eb1-9a30-9803ec189d91 c.m.m.s.i.e.ConsoleProblemAdvice - Console request refused event="console_request_refused" errorCode="RESOURCE_SCOPE_DENIED" correlationId="d9f910d1-ce44-4eb1-9a30-9803ec189d91"
[WebServer] 2026-09-05T19:10:31.306+08:00 INFO  application=marketops-server environment=local buildVersion=0.1.0-SNAPSHOT correlationId=d9f910d1-ce44-4eb1-9a30-9803ec189d91 c.m.m.s.i.c.CorrelationIdFilter - Request completed event="request_completed" correlationId="d9f910d1-ce44-4eb1-9a30-9803ec189d91" status="403"
[WebServer] 2026-09-05T19:10:31.308+08:00 INFO  application=marketops-server environment=local buildVersion=0.1.0-SNAPSHOT correlationId=98399413-98a3-4702-bf9e-94fa83e35367 c.m.m.s.i.c.CorrelationIdFilter - Request completed event="request_completed" correlationId="98399413-98a3-4702-bf9e-94fa83e35367" status="200"
[WebServer] 2026-09-05T19:10:31.311+08:00 INFO  application=marketops-server environment=local buildVersion=0.1.0-SNAPSHOT correlationId=96703e5c-0ce4-48f6-844c-e06aeac841c6 c.m.m.s.i.c.CorrelationIdFilter - Request completed event="request_completed" correlationId="96703e5c-0ce4-48f6-844c-e06aeac841c6" status="200"
[WebServer] 2026-09-05T19:10:31.322+08:00 INFO  application=marketops-server environment=local buildVersion=0.1.0-SNAPSHOT correlationId=729e6549-1dd7-4f3f-b211-51bc9fe8d885 c.m.m.a.i.a.JdbcMetadataAuditStore - Metadata change recorded event="metadata_change_recorded" sourceDomain="advertisingefficiency" entityType="advertising_exposure" entityId="0322aa70-7bab-499c-bf35-90556101801c" action="READ" actorId="a50d91f9-3854-4a63-9e78-1eb99df1d3ae" correlationId="729e6549-1dd7-4f3f-b211-51bc9fe8d885"
[WebServer] 2026-09-05T19:10:31.323+08:00 INFO  application=marketops-server environment=local buildVersion=0.1.0-SNAPSHOT correlationId=f09f61de-446f-4a17-9387-afc7b65c1e35 c.m.m.a.i.a.JdbcMetadataAuditStore - Metadata change recorded event="metadata_change_recorded" sourceDomain="advertisingefficiency" entityType="advertising_queue" entityId="0322aa70-7bab-499c-bf35-90556101801c" action="READ" actorId="a50d91f9-3854-4a63-9e78-1eb99df1d3ae" correlationId="f09f61de-446f-4a17-9387-afc7b65c1e35"
[WebServer] 2026-09-05T19:10:31.323+08:00 INFO  application=marketops-server environment=local buildVersion=0.1.0-SNAPSHOT correlationId=e3a7838c-9dd7-4620-9031-a739c8b9efaa c.m.m.s.i.e.ConsoleProblemAdvice - Console request refused event="console_request_refused" errorCode="RESOURCE_SCOPE_DENIED" correlationId="e3a7838c-9dd7-4620-9031-a739c8b9efaa"
[WebServer] 2026-09-05T19:10:31.323+08:00 INFO  application=marketops-server environment=local buildVersion=0.1.0-SNAPSHOT correlationId=e3a7838c-9dd7-4620-9031-a739c8b9efaa c.m.m.s.i.c.CorrelationIdFilter - Request completed event="request_completed" correlationId="e3a7838c-9dd7-4620-9031-a739c8b9efaa" status="403"
[WebServer] 2026-09-05T19:10:31.326+08:00 INFO  application=marketops-server environment=local buildVersion=0.1.0-SNAPSHOT correlationId=729e6549-1dd7-4f3f-b211-51bc9fe8d885 c.m.m.s.i.c.CorrelationIdFilter - Request completed event="request_completed" correlationId="729e6549-1dd7-4f3f-b211-51bc9fe8d885" status="200"
[WebServer] 2026-09-05T19:10:31.330+08:00 INFO  application=marketops-server environment=local buildVersion=0.1.0-SNAPSHOT correlationId=a13ab810-c6d7-4af5-93f9-49030132b42d c.m.m.s.i.c.CorrelationIdFilter - Request completed event="request_completed" correlationId="a13ab810-c6d7-4af5-93f9-49030132b42d" status="200"
[WebServer] 2026-09-05T19:10:31.344+08:00 INFO  application=marketops-server environment=local buildVersion=0.1.0-SNAPSHOT correlationId=f09f61de-446f-4a17-9387-afc7b65c1e35 c.m.m.s.i.c.CorrelationIdFilter - Request completed event="request_completed" correlationId="f09f61de-446f-4a17-9387-afc7b65c1e35" status="200"
[WebServer] 2026-09-05T19:10:31.347+08:00 INFO  application=marketops-server environment=local buildVersion=0.1.0-SNAPSHOT correlationId=3d79385b-2278-4ced-bd84-679fa468efd8 c.m.m.a.i.a.JdbcMetadataAuditStore - Metadata change recorded event="metadata_change_recorded" sourceDomain="advertisingefficiency" entityType="advertising_orchestration" entityId="0322aa70-7bab-499c-bf35-90556101801c" action="READ" actorId="a50d91f9-3854-4a63-9e78-1eb99df1d3ae" correlationId="3d79385b-2278-4ced-bd84-679fa468efd8"
[WebServer] 2026-09-05T19:10:31.348+08:00 INFO  application=marketops-server environment=local buildVersion=0.1.0-SNAPSHOT correlationId=3d79385b-2278-4ced-bd84-679fa468efd8 c.m.m.s.i.c.CorrelationIdFilter - Request completed event="request_completed" correlationId="3d79385b-2278-4ced-bd84-679fa468efd8" status="200"
[WebServer] 2026-09-05T19:10:31.373+08:00 INFO  application=marketops-server environment=local buildVersion=0.1.0-SNAPSHOT correlationId=4cb31ef8-a28f-4fa8-9a9b-a8afe9933148 c.m.m.s.i.c.CorrelationIdFilter - Request completed event="request_completed" correlationId="4cb31ef8-a28f-4fa8-9a9b-a8afe9933148" status="200"
[WebServer] 2026-09-05T19:10:31.386+08:00 INFO  application=marketops-server environment=local buildVersion=0.1.0-SNAPSHOT correlationId=e2d7b38b-d9cd-4415-bffa-c7dd315e647a c.m.m.a.i.a.JdbcMetadataAuditStore - Metadata change recorded event="metadata_change_recorded" sourceDomain="advertisingefficiency" entityType="advertising_case" entityId="80723577-bb65-495d-bd64-4c6d9270f6ce" action="READ" actorId="a50d91f9-3854-4a63-9e78-1eb99df1d3ae" correlationId="e2d7b38b-d9cd-4415-bffa-c7dd315e647a"
[WebServer] 2026-09-05T19:10:31.406+08:00 INFO  application=marketops-server environment=local buildVersion=0.1.0-SNAPSHOT correlationId=e2d7b38b-d9cd-4415-bffa-c7dd315e647a c.m.m.s.i.c.CorrelationIdFilter - Request completed event="request_completed" correlationId="e2d7b38b-d9cd-4415-bffa-c7dd315e647a" status="200"
[WebServer] 2026-09-05T19:10:31.427+08:00 INFO  application=marketops-server environment=local buildVersion=0.1.0-SNAPSHOT correlationId=3e42bd17-c099-43ef-9992-52dec25501bd c.m.m.a.i.a.JdbcMetadataAuditStore - Metadata change recorded event="metadata_change_recorded" sourceDomain="advertisingefficiency" entityType="advertising_manual_packet" entityId="4d1310a8-398a-468a-bb00-4ef8b4839e7c" action="READ" actorId="a50d91f9-3854-4a63-9e78-1eb99df1d3ae" correlationId="3e42bd17-c099-43ef-9992-52dec25501bd"
[WebServer] 2026-09-05T19:10:31.465+08:00 INFO  application=marketops-server environment=local buildVersion=0.1.0-SNAPSHOT correlationId=3e42bd17-c099-43ef-9992-52dec25501bd c.m.m.s.i.c.CorrelationIdFilter - Request completed event="request_completed" correlationId="3e42bd17-c099-43ef-9992-52dec25501bd" status="200"
[WebServer] 2026-09-05T19:10:31.470+08:00 INFO  application=marketops-server environment=local buildVersion=0.1.0-SNAPSHOT correlationId=e725ba28-f4bd-49f4-814c-a9df3a8f7e11 c.m.m.s.i.c.CorrelationIdFilter - Request completed event="request_completed" correlationId="e725ba28-f4bd-49f4-814c-a9df3a8f7e11" status="200"
[WebServer] 2026-09-05T19:10:31.492+08:00 INFO  application=marketops-server environment=local buildVersion=0.1.0-SNAPSHOT correlationId=82165e93-d821-41e9-a88c-7ca5f55a5a57 c.m.m.s.i.c.CorrelationIdFilter - Request completed event="request_completed" correlationId="82165e93-d821-41e9-a88c-7ca5f55a5a57" status="200"
[WebServer] 2026-09-05T19:10:31.499+08:00 INFO  application=marketops-server environment=local buildVersion=0.1.0-SNAPSHOT correlationId=f71bb32f-ec04-40e8-a687-5d88a4be7df0 c.m.m.s.i.c.CorrelationIdFilter - Request completed event="request_completed" correlationId="f71bb32f-ec04-40e8-a687-5d88a4be7df0" status="200"
[WebServer] 2026-09-05T19:10:31.666+08:00 INFO  application=marketops-server environment=local buildVersion=0.1.0-SNAPSHOT correlationId=ebe0f2b4-243f-4350-8b94-a9a246309b14 c.m.m.s.i.c.CorrelationIdFilter - Request completed event="request_completed" correlationId="ebe0f2b4-243f-4350-8b94-a9a246309b14" status="200"
[WebServer] 2026-09-05T19:10:31.687+08:00 INFO  application=marketops-server environment=local buildVersion=0.1.0-SNAPSHOT correlationId=fa283bd8-5871-49e6-9efd-ba47e5651827 c.m.m.a.i.a.JdbcMetadataAuditStore - Metadata change recorded event="metadata_change_recorded" sourceDomain="advertisingefficiency" entityType="advertising_manual_packet" entityId="4d1310a8-398a-468a-bb00-4ef8b4839e7c" action="READ" actorId="a50d91f9-3854-4a63-9e78-1eb99df1d3ae" correlationId="fa283bd8-5871-49e6-9efd-ba47e5651827"
[WebServer] 2026-09-05T19:10:31.729+08:00 INFO  application=marketops-server environment=local buildVersion=0.1.0-SNAPSHOT correlationId=fa283bd8-5871-49e6-9efd-ba47e5651827 c.m.m.s.i.c.CorrelationIdFilter - Request completed event="request_completed" correlationId="fa283bd8-5871-49e6-9efd-ba47e5651827" status="200"
[WebServer] 2026-09-05T19:10:31.752+08:00 INFO  application=marketops-server environment=local buildVersion=0.1.0-SNAPSHOT correlationId=c6e01aa4-afb8-477a-9c63-5207a4ab8fae c.m.m.s.i.c.CorrelationIdFilter - Request completed event="request_completed" correlationId="c6e01aa4-afb8-477a-9c63-5207a4ab8fae" status="200"
[WebServer] 2026-09-05T19:10:31.894+08:00 INFO  application=marketops-server environment=local buildVersion=0.1.0-SNAPSHOT correlationId=380fba65-7eaf-46c1-846c-5922653fc762 c.m.m.s.i.c.CorrelationIdFilter - Request completed event="request_completed" correlationId="380fba65-7eaf-46c1-846c-5922653fc762" status="200"
[WebServer] 2026-09-05T19:10:31.913+08:00 INFO  application=marketops-server environment=local buildVersion=0.1.0-SNAPSHOT correlationId=be2f1f64-d7ee-4eb9-8239-3c4c48844277 c.m.m.a.i.a.JdbcMetadataAuditStore - Metadata change recorded event="metadata_change_recorded" sourceDomain="advertisingefficiency" entityType="advertising_manual_packet" entityId="4d1310a8-398a-468a-bb00-4ef8b4839e7c" action="READ" actorId="a50d91f9-3854-4a63-9e78-1eb99df1d3ae" correlationId="be2f1f64-d7ee-4eb9-8239-3c4c48844277"
[WebServer] 2026-09-05T19:10:31.930+08:00 INFO  application=marketops-server environment=local buildVersion=0.1.0-SNAPSHOT correlationId=7ed39a6c-0a03-406b-9b1e-8a3df0dd7955 c.m.m.s.i.c.CorrelationIdFilter - Request completed event="request_completed" correlationId="7ed39a6c-0a03-406b-9b1e-8a3df0dd7955" status="200"
[WebServer] 2026-09-05T19:10:31.955+08:00 INFO  application=marketops-server environment=local buildVersion=0.1.0-SNAPSHOT correlationId=be2f1f64-d7ee-4eb9-8239-3c4c48844277 c.m.m.s.i.c.CorrelationIdFilter - Request completed event="request_completed" correlationId="be2f1f64-d7ee-4eb9-8239-3c4c48844277" status="200"
  ✓   4 tests/advertising-browser/governed-advertising.spec.ts:185:3 › WILDBERRIES actual governed manual path stays UNVERIFIED and requires an independent observer (6.1s)
[WebServer] 2026-09-05T19:10:33.174+08:00 INFO  application=marketops-server environment=local buildVersion=0.1.0-SNAPSHOT correlationId=1948d74a-ef34-483f-aeef-fbcdddc9f422 c.m.m.a.i.a.JdbcMetadataAuditStore - Metadata change recorded event="metadata_change_recorded" sourceDomain="advertisingefficiency" entityType="advertising_reservations" entityId="1fd8008d-fbf7-4802-8d53-10060afe5c65" action="READ" actorId="4e08c3e6-5708-4e74-887e-1a9bbf9b7335" correlationId="1948d74a-ef34-483f-aeef-fbcdddc9f422"
[WebServer] 2026-09-05T19:10:33.175+08:00 INFO  application=marketops-server environment=local buildVersion=0.1.0-SNAPSHOT correlationId=506a8d74-e6a8-4fcb-a58a-ce34a23025f3 c.m.m.s.i.e.ConsoleProblemAdvice - Console request refused event="console_request_refused" errorCode="RESOURCE_SCOPE_DENIED" correlationId="506a8d74-e6a8-4fcb-a58a-ce34a23025f3"
[WebServer] 2026-09-05T19:10:33.175+08:00 INFO  application=marketops-server environment=local buildVersion=0.1.0-SNAPSHOT correlationId=b04a9180-157e-4779-815f-a478a693dfc0 c.m.m.s.i.e.ConsoleProblemAdvice - Console request refused event="console_request_refused" errorCode="RESOURCE_NOT_FOUND" correlationId="b04a9180-157e-4779-815f-a478a693dfc0"
[WebServer] 2026-09-05T19:10:33.176+08:00 INFO  application=marketops-server environment=local buildVersion=0.1.0-SNAPSHOT correlationId=506a8d74-e6a8-4fcb-a58a-ce34a23025f3 c.m.m.s.i.c.CorrelationIdFilter - Request completed event="request_completed" correlationId="506a8d74-e6a8-4fcb-a58a-ce34a23025f3" status="403"
[WebServer] 2026-09-05T19:10:33.176+08:00 INFO  application=marketops-server environment=local buildVersion=0.1.0-SNAPSHOT correlationId=b04a9180-157e-4779-815f-a478a693dfc0 c.m.m.s.i.c.CorrelationIdFilter - Request completed event="request_completed" correlationId="b04a9180-157e-4779-815f-a478a693dfc0" status="404"
[WebServer] 2026-09-05T19:10:33.181+08:00 INFO  application=marketops-server environment=local buildVersion=0.1.0-SNAPSHOT correlationId=297bf60f-4145-46e9-a975-8d32f0e12ce7 c.m.m.a.i.a.JdbcMetadataAuditStore - Metadata change recorded event="metadata_change_recorded" sourceDomain="availabilityrisk" entityType="availability_queue" entityId="1fd8008d-fbf7-4802-8d53-10060afe5c65" action="READ" actorId="4e08c3e6-5708-4e74-887e-1a9bbf9b7335" correlationId="297bf60f-4145-46e9-a975-8d32f0e12ce7"
[WebServer] 2026-09-05T19:10:33.182+08:00 INFO  application=marketops-server environment=local buildVersion=0.1.0-SNAPSHOT correlationId=8a3ac5e7-6f9d-4942-9b9e-0e904463b585 c.m.m.a.i.a.JdbcMetadataAuditStore - Metadata change recorded event="metadata_change_recorded" sourceDomain="advertisingefficiency" entityType="advertising_containments" entityId="1fd8008d-fbf7-4802-8d53-10060afe5c65" action="READ" actorId="4e08c3e6-5708-4e74-887e-1a9bbf9b7335" correlationId="8a3ac5e7-6f9d-4942-9b9e-0e904463b585"
[WebServer] 2026-09-05T19:10:33.182+08:00 INFO  application=marketops-server environment=local buildVersion=0.1.0-SNAPSHOT correlationId=03008089-34e2-4479-905a-4abbd86e2f57 c.m.m.s.i.c.CorrelationIdFilter - Request completed event="request_completed" correlationId="03008089-34e2-4479-905a-4abbd86e2f57" status="200"
[WebServer] 2026-09-05T19:10:33.184+08:00 INFO  application=marketops-server environment=local buildVersion=0.1.0-SNAPSHOT correlationId=297bf60f-4145-46e9-a975-8d32f0e12ce7 c.m.m.s.i.c.CorrelationIdFilter - Request completed event="request_completed" correlationId="297bf60f-4145-46e9-a975-8d32f0e12ce7" status="200"
[WebServer] 2026-09-05T19:10:33.191+08:00 INFO  application=marketops-server environment=local buildVersion=0.1.0-SNAPSHOT correlationId=8a3ac5e7-6f9d-4942-9b9e-0e904463b585 c.m.m.s.i.c.CorrelationIdFilter - Request completed event="request_completed" correlationId="8a3ac5e7-6f9d-4942-9b9e-0e904463b585" status="200"
[WebServer] 2026-09-05T19:10:33.194+08:00 INFO  application=marketops-server environment=local buildVersion=0.1.0-SNAPSHOT correlationId=4b529d75-9faf-42c5-909c-a9770125a12a c.m.m.s.i.e.ConsoleProblemAdvice - Console request refused event="console_request_refused" errorCode="RESOURCE_SCOPE_DENIED" correlationId="4b529d75-9faf-42c5-909c-a9770125a12a"
[WebServer] 2026-09-05T19:10:33.195+08:00 INFO  application=marketops-server environment=local buildVersion=0.1.0-SNAPSHOT correlationId=4b529d75-9faf-42c5-909c-a9770125a12a c.m.m.s.i.c.CorrelationIdFilter - Request completed event="request_completed" correlationId="4b529d75-9faf-42c5-909c-a9770125a12a" status="403"
[WebServer] 2026-09-05T19:10:33.196+08:00 INFO  application=marketops-server environment=local buildVersion=0.1.0-SNAPSHOT correlationId=4e698c4c-1476-4130-93c4-b479235b3398 c.m.m.a.i.a.JdbcMetadataAuditStore - Metadata change recorded event="metadata_change_recorded" sourceDomain="advertisingefficiency" entityType="advertising_exposure" entityId="1fd8008d-fbf7-4802-8d53-10060afe5c65" action="READ" actorId="4e08c3e6-5708-4e74-887e-1a9bbf9b7335" correlationId="4e698c4c-1476-4130-93c4-b479235b3398"
[WebServer] 2026-09-05T19:10:33.198+08:00 INFO  application=marketops-server environment=local buildVersion=0.1.0-SNAPSHOT correlationId=4e698c4c-1476-4130-93c4-b479235b3398 c.m.m.s.i.c.CorrelationIdFilter - Request completed event="request_completed" correlationId="4e698c4c-1476-4130-93c4-b479235b3398" status="200"
[WebServer] 2026-09-05T19:10:33.201+08:00 INFO  application=marketops-server environment=local buildVersion=0.1.0-SNAPSHOT correlationId=1948d74a-ef34-483f-aeef-fbcdddc9f422 c.m.m.s.i.c.CorrelationIdFilter - Request completed event="request_completed" correlationId="1948d74a-ef34-483f-aeef-fbcdddc9f422" status="200"
[WebServer] 2026-09-05T19:10:33.201+08:00 INFO  application=marketops-server environment=local buildVersion=0.1.0-SNAPSHOT correlationId=7a178f97-98df-455d-bd2c-f37302f0c2fe c.m.m.a.i.a.JdbcMetadataAuditStore - Metadata change recorded event="metadata_change_recorded" sourceDomain="advertisingefficiency" entityType="advertising_queue" entityId="1fd8008d-fbf7-4802-8d53-10060afe5c65" action="READ" actorId="4e08c3e6-5708-4e74-887e-1a9bbf9b7335" correlationId="7a178f97-98df-455d-bd2c-f37302f0c2fe"
[WebServer] 2026-09-05T19:10:33.218+08:00 INFO  application=marketops-server environment=local buildVersion=0.1.0-SNAPSHOT correlationId=0d38efd9-106f-4bdd-9a41-a9de86cad13d c.m.m.a.i.a.JdbcMetadataAuditStore - Metadata change recorded event="metadata_change_recorded" sourceDomain="advertisingefficiency" entityType="advertising_orchestration" entityId="1fd8008d-fbf7-4802-8d53-10060afe5c65" action="READ" actorId="4e08c3e6-5708-4e74-887e-1a9bbf9b7335" correlationId="0d38efd9-106f-4bdd-9a41-a9de86cad13d"
[WebServer] 2026-09-05T19:10:33.220+08:00 INFO  application=marketops-server environment=local buildVersion=0.1.0-SNAPSHOT correlationId=0d38efd9-106f-4bdd-9a41-a9de86cad13d c.m.m.s.i.c.CorrelationIdFilter - Request completed event="request_completed" correlationId="0d38efd9-106f-4bdd-9a41-a9de86cad13d" status="200"
[WebServer] 2026-09-05T19:10:33.235+08:00 INFO  application=marketops-server environment=local buildVersion=0.1.0-SNAPSHOT correlationId=c576961b-7219-4e80-990b-c07e9d26a2f1 c.m.m.s.i.c.CorrelationIdFilter - Request completed event="request_completed" correlationId="c576961b-7219-4e80-990b-c07e9d26a2f1" status="200"
[WebServer] 2026-09-05T19:10:33.250+08:00 INFO  application=marketops-server environment=local buildVersion=0.1.0-SNAPSHOT correlationId=7a178f97-98df-455d-bd2c-f37302f0c2fe c.m.m.s.i.c.CorrelationIdFilter - Request completed event="request_completed" correlationId="7a178f97-98df-455d-bd2c-f37302f0c2fe" status="200"
[WebServer] 2026-09-05T19:10:33.359+08:00 INFO  application=marketops-server environment=local buildVersion=0.1.0-SNAPSHOT correlationId=2b3677ac-be6e-41c3-99da-10e19727899f c.m.m.a.i.a.JdbcMetadataAuditStore - Metadata change recorded event="metadata_change_recorded" sourceDomain="advertisingefficiency" entityType="advertising_case" entityId="23787a6a-9abc-45e2-9728-5bb036fefb39" action="READ" actorId="4e08c3e6-5708-4e74-887e-1a9bbf9b7335" correlationId="2b3677ac-be6e-41c3-99da-10e19727899f"
[WebServer] 2026-09-05T19:10:33.372+08:00 INFO  application=marketops-server environment=local buildVersion=0.1.0-SNAPSHOT correlationId=2b3677ac-be6e-41c3-99da-10e19727899f c.m.m.s.i.c.CorrelationIdFilter - Request completed event="request_completed" correlationId="2b3677ac-be6e-41c3-99da-10e19727899f" status="200"
[WebServer] 2026-09-05T19:10:33.395+08:00 INFO  application=marketops-server environment=local buildVersion=0.1.0-SNAPSHOT correlationId=af4d28ca-0d9f-4665-abf2-b42f79ba5ce3 c.m.m.a.i.a.JdbcMetadataAuditStore - Metadata change recorded event="metadata_change_recorded" sourceDomain="advertisingefficiency" entityType="advertising_manual_packet" entityId="f11e3411-96b8-43a1-ad33-a6df07386e2c" action="READ" actorId="4e08c3e6-5708-4e74-887e-1a9bbf9b7335" correlationId="af4d28ca-0d9f-4665-abf2-b42f79ba5ce3"
[WebServer] 2026-09-05T19:10:33.396+08:00 INFO  application=marketops-server environment=local buildVersion=0.1.0-SNAPSHOT correlationId=af4d28ca-0d9f-4665-abf2-b42f79ba5ce3 c.m.m.s.i.c.CorrelationIdFilter - Request completed event="request_completed" correlationId="af4d28ca-0d9f-4665-abf2-b42f79ba5ce3" status="200"
[WebServer] 2026-09-05T19:10:33.416+08:00 INFO  application=marketops-server environment=local buildVersion=0.1.0-SNAPSHOT correlationId=e92e5ef9-99e8-43d8-8959-896a240c857a c.m.m.s.i.c.CorrelationIdFilter - Request completed event="request_completed" correlationId="e92e5ef9-99e8-43d8-8959-896a240c857a" status="200"
[WebServer] 2026-09-05T19:10:33.441+08:00 INFO  application=marketops-server environment=local buildVersion=0.1.0-SNAPSHOT correlationId=c837457f-6ff9-4a83-b1fa-3d3fe4bae827 c.m.m.s.i.c.CorrelationIdFilter - Request completed event="request_completed" correlationId="c837457f-6ff9-4a83-b1fa-3d3fe4bae827" status="200"
[WebServer] 2026-09-05T19:10:33.460+08:00 INFO  application=marketops-server environment=local buildVersion=0.1.0-SNAPSHOT correlationId=065608ae-3b52-4895-9599-bfb4cd0291cc c.m.m.s.i.c.CorrelationIdFilter - Request completed event="request_completed" correlationId="065608ae-3b52-4895-9599-bfb4cd0291cc" status="200"
[WebServer] 2026-09-05T19:10:33.462+08:00 INFO  application=marketops-server environment=local buildVersion=0.1.0-SNAPSHOT correlationId=115e271d-651b-41a7-bf48-841d15e0522c c.m.m.a.i.a.JdbcMetadataAuditStore - Metadata change recorded event="metadata_change_recorded" sourceDomain="advertisingefficiency" entityType="advertising_command" entityId="895a7a18-8875-4d28-b02e-4d8b2c80ccd4" action="READ" actorId="4e08c3e6-5708-4e74-887e-1a9bbf9b7335" correlationId="115e271d-651b-41a7-bf48-841d15e0522c"
[WebServer] 2026-09-05T19:10:33.473+08:00 INFO  application=marketops-server environment=local buildVersion=0.1.0-SNAPSHOT correlationId=115e271d-651b-41a7-bf48-841d15e0522c c.m.m.s.i.c.CorrelationIdFilter - Request completed event="request_completed" correlationId="115e271d-651b-41a7-bf48-841d15e0522c" status="200"
[WebServer] 2026-09-05T19:10:33.490+08:00 INFO  application=marketops-server environment=local buildVersion=0.1.0-SNAPSHOT correlationId=02a962de-a9d9-49d5-8e74-31cfd1dfc6dd c.m.m.s.i.c.CorrelationIdFilter - Request completed event="request_completed" correlationId="02a962de-a9d9-49d5-8e74-31cfd1dfc6dd" status="200"
[WebServer] 2026-09-05T19:10:33.493+08:00 INFO  application=marketops-server environment=local buildVersion=0.1.0-SNAPSHOT correlationId=a71b2632-501c-4be1-bc21-2ec6ac23dd1c c.m.m.a.i.a.JdbcMetadataAuditStore - Metadata change recorded event="metadata_change_recorded" sourceDomain="advertisingefficiency" entityType="advertising_outcome" entityId="895a7a18-8875-4d28-b02e-4d8b2c80ccd4" action="READ" actorId="4e08c3e6-5708-4e74-887e-1a9bbf9b7335" correlationId="a71b2632-501c-4be1-bc21-2ec6ac23dd1c"
[WebServer] 2026-09-05T19:10:33.494+08:00 INFO  application=marketops-server environment=local buildVersion=0.1.0-SNAPSHOT correlationId=a71b2632-501c-4be1-bc21-2ec6ac23dd1c c.m.m.s.i.c.CorrelationIdFilter - Request completed event="request_completed" correlationId="a71b2632-501c-4be1-bc21-2ec6ac23dd1c" status="200"
[WebServer] 2026-09-05T19:10:33.566+08:00 INFO  application=marketops-server environment=local buildVersion=0.1.0-SNAPSHOT correlationId=19b6bf75-2aaa-403c-b438-eb441ea954a8 c.m.m.a.i.a.JdbcMetadataAuditStore - Metadata change recorded event="metadata_change_recorded" sourceDomain="advertisingefficiency" entityType="advertising_containments" entityId="1fd8008d-fbf7-4802-8d53-10060afe5c65" action="READ" actorId="4e08c3e6-5708-4e74-887e-1a9bbf9b7335" correlationId="19b6bf75-2aaa-403c-b438-eb441ea954a8"
[WebServer] 2026-09-05T19:10:33.566+08:00 INFO  application=marketops-server environment=local buildVersion=0.1.0-SNAPSHOT correlationId=e74e0760-69a6-4e14-bead-9c64d84b3bc6 c.m.m.a.i.a.JdbcMetadataAuditStore - Metadata change recorded event="metadata_change_recorded" sourceDomain="advertisingefficiency" entityType="advertising_reservations" entityId="1fd8008d-fbf7-4802-8d53-10060afe5c65" action="READ" actorId="4e08c3e6-5708-4e74-887e-1a9bbf9b7335" correlationId="e74e0760-69a6-4e14-bead-9c64d84b3bc6"
[WebServer] 2026-09-05T19:10:33.567+08:00 INFO  application=marketops-server environment=local buildVersion=0.1.0-SNAPSHOT correlationId=8fa285f3-f69f-4619-839c-aa3efe83f4d1 c.m.m.s.i.e.ConsoleProblemAdvice - Console request refused event="console_request_refused" errorCode="RESOURCE_NOT_FOUND" correlationId="8fa285f3-f69f-4619-839c-aa3efe83f4d1"
[WebServer] 2026-09-05T19:10:33.568+08:00 INFO  application=marketops-server environment=local buildVersion=0.1.0-SNAPSHOT correlationId=8fa285f3-f69f-4619-839c-aa3efe83f4d1 c.m.m.s.i.c.CorrelationIdFilter - Request completed event="request_completed" correlationId="8fa285f3-f69f-4619-839c-aa3efe83f4d1" status="404"
[WebServer] 2026-09-05T19:10:33.570+08:00 INFO  application=marketops-server environment=local buildVersion=0.1.0-SNAPSHOT correlationId=003a7d7e-518f-4818-b23f-0157a09317c1 c.m.m.s.i.e.ConsoleProblemAdvice - Console request refused event="console_request_refused" errorCode="RESOURCE_SCOPE_DENIED" correlationId="003a7d7e-518f-4818-b23f-0157a09317c1"
[WebServer] 2026-09-05T19:10:33.571+08:00 INFO  application=marketops-server environment=local buildVersion=0.1.0-SNAPSHOT correlationId=003a7d7e-518f-4818-b23f-0157a09317c1 c.m.m.s.i.c.CorrelationIdFilter - Request completed event="request_completed" correlationId="003a7d7e-518f-4818-b23f-0157a09317c1" status="403"
[WebServer] 2026-09-05T19:10:33.571+08:00 INFO  application=marketops-server environment=local buildVersion=0.1.0-SNAPSHOT correlationId=70b5253d-a74e-4fe6-b2fb-4a48499e1ea5 c.m.m.a.i.a.JdbcMetadataAuditStore - Metadata change recorded event="metadata_change_recorded" sourceDomain="availabilityrisk" entityType="availability_queue" entityId="1fd8008d-fbf7-4802-8d53-10060afe5c65" action="READ" actorId="4e08c3e6-5708-4e74-887e-1a9bbf9b7335" correlationId="70b5253d-a74e-4fe6-b2fb-4a48499e1ea5"
[WebServer] 2026-09-05T19:10:33.573+08:00 INFO  application=marketops-server environment=local buildVersion=0.1.0-SNAPSHOT correlationId=70b5253d-a74e-4fe6-b2fb-4a48499e1ea5 c.m.m.s.i.c.CorrelationIdFilter - Request completed event="request_completed" correlationId="70b5253d-a74e-4fe6-b2fb-4a48499e1ea5" status="200"
[WebServer] 2026-09-05T19:10:33.576+08:00 INFO  application=marketops-server environment=local buildVersion=0.1.0-SNAPSHOT correlationId=19b6bf75-2aaa-403c-b438-eb441ea954a8 c.m.m.s.i.c.CorrelationIdFilter - Request completed event="request_completed" correlationId="19b6bf75-2aaa-403c-b438-eb441ea954a8" status="200"
[WebServer] 2026-09-05T19:10:33.580+08:00 INFO  application=marketops-server environment=local buildVersion=0.1.0-SNAPSHOT correlationId=7cf1eda7-f499-4f0c-8334-8fc3c289bbc0 c.m.m.a.i.a.JdbcMetadataAuditStore - Metadata change recorded event="metadata_change_recorded" sourceDomain="advertisingefficiency" entityType="advertising_exposure" entityId="1fd8008d-fbf7-4802-8d53-10060afe5c65" action="READ" actorId="4e08c3e6-5708-4e74-887e-1a9bbf9b7335" correlationId="7cf1eda7-f499-4f0c-8334-8fc3c289bbc0"
[WebServer] 2026-09-05T19:10:33.581+08:00 INFO  application=marketops-server environment=local buildVersion=0.1.0-SNAPSHOT correlationId=7cf1eda7-f499-4f0c-8334-8fc3c289bbc0 c.m.m.s.i.c.CorrelationIdFilter - Request completed event="request_completed" correlationId="7cf1eda7-f499-4f0c-8334-8fc3c289bbc0" status="200"
[WebServer] 2026-09-05T19:10:33.584+08:00 INFO  application=marketops-server environment=local buildVersion=0.1.0-SNAPSHOT correlationId=4992d808-0025-45be-b91a-213e0038ac61 c.m.m.s.i.e.ConsoleProblemAdvice - Console request refused event="console_request_refused" errorCode="RESOURCE_SCOPE_DENIED" correlationId="4992d808-0025-45be-b91a-213e0038ac61"
[WebServer] 2026-09-05T19:10:33.584+08:00 INFO  application=marketops-server environment=local buildVersion=0.1.0-SNAPSHOT correlationId=4992d808-0025-45be-b91a-213e0038ac61 c.m.m.s.i.c.CorrelationIdFilter - Request completed event="request_completed" correlationId="4992d808-0025-45be-b91a-213e0038ac61" status="403"
[WebServer] 2026-09-05T19:10:33.589+08:00 INFO  application=marketops-server environment=local buildVersion=0.1.0-SNAPSHOT correlationId=e74e0760-69a6-4e14-bead-9c64d84b3bc6 c.m.m.s.i.c.CorrelationIdFilter - Request completed event="request_completed" correlationId="e74e0760-69a6-4e14-bead-9c64d84b3bc6" status="200"
[WebServer] 2026-09-05T19:10:33.589+08:00 INFO  application=marketops-server environment=local buildVersion=0.1.0-SNAPSHOT correlationId=05c59943-71f5-4e06-9014-553c93180540 c.m.m.a.i.a.JdbcMetadataAuditStore - Metadata change recorded event="metadata_change_recorded" sourceDomain="advertisingefficiency" entityType="advertising_queue" entityId="1fd8008d-fbf7-4802-8d53-10060afe5c65" action="READ" actorId="4e08c3e6-5708-4e74-887e-1a9bbf9b7335" correlationId="05c59943-71f5-4e06-9014-553c93180540"
[WebServer] 2026-09-05T19:10:33.600+08:00 INFO  application=marketops-server environment=local buildVersion=0.1.0-SNAPSHOT correlationId=dcccda01-9434-4d89-b735-a244c6ef3dc4 c.m.m.a.i.a.JdbcMetadataAuditStore - Metadata change recorded event="metadata_change_recorded" sourceDomain="advertisingefficiency" entityType="advertising_orchestration" entityId="1fd8008d-fbf7-4802-8d53-10060afe5c65" action="READ" actorId="4e08c3e6-5708-4e74-887e-1a9bbf9b7335" correlationId="dcccda01-9434-4d89-b735-a244c6ef3dc4"
[WebServer] 2026-09-05T19:10:33.601+08:00 INFO  application=marketops-server environment=local buildVersion=0.1.0-SNAPSHOT correlationId=dcccda01-9434-4d89-b735-a244c6ef3dc4 c.m.m.s.i.c.CorrelationIdFilter - Request completed event="request_completed" correlationId="dcccda01-9434-4d89-b735-a244c6ef3dc4" status="200"
[WebServer] 2026-09-05T19:10:33.626+08:00 INFO  application=marketops-server environment=local buildVersion=0.1.0-SNAPSHOT correlationId=05c59943-71f5-4e06-9014-553c93180540 c.m.m.s.i.c.CorrelationIdFilter - Request completed event="request_completed" correlationId="05c59943-71f5-4e06-9014-553c93180540" status="200"
[WebServer] 2026-09-05T19:10:33.665+08:00 INFO  application=marketops-server environment=local buildVersion=0.1.0-SNAPSHOT correlationId=5c5785c9-0200-454d-81a4-b40acbeffeb1 c.m.m.a.i.a.JdbcMetadataAuditStore - Metadata change recorded event="metadata_change_recorded" sourceDomain="advertisingefficiency" entityType="advertising_case" entityId="23787a6a-9abc-45e2-9728-5bb036fefb39" action="READ" actorId="4e08c3e6-5708-4e74-887e-1a9bbf9b7335" correlationId="5c5785c9-0200-454d-81a4-b40acbeffeb1"
[WebServer] 2026-09-05T19:10:33.675+08:00 INFO  application=marketops-server environment=local buildVersion=0.1.0-SNAPSHOT correlationId=5c5785c9-0200-454d-81a4-b40acbeffeb1 c.m.m.s.i.c.CorrelationIdFilter - Request completed event="request_completed" correlationId="5c5785c9-0200-454d-81a4-b40acbeffeb1" status="200"
[WebServer] 2026-09-05T19:10:33.686+08:00 INFO  application=marketops-server environment=local buildVersion=0.1.0-SNAPSHOT correlationId=143ef9af-52e8-4985-82e0-83bd3348e5b2 c.m.m.a.i.a.JdbcMetadataAuditStore - Metadata change recorded event="metadata_change_recorded" sourceDomain="advertisingefficiency" entityType="advertising_manual_packet" entityId="f11e3411-96b8-43a1-ad33-a6df07386e2c" action="READ" actorId="4e08c3e6-5708-4e74-887e-1a9bbf9b7335" correlationId="143ef9af-52e8-4985-82e0-83bd3348e5b2"
[WebServer] 2026-09-05T19:10:33.687+08:00 INFO  application=marketops-server environment=local buildVersion=0.1.0-SNAPSHOT correlationId=143ef9af-52e8-4985-82e0-83bd3348e5b2 c.m.m.s.i.c.CorrelationIdFilter - Request completed event="request_completed" correlationId="143ef9af-52e8-4985-82e0-83bd3348e5b2" status="200"
[WebServer] 2026-09-05T19:10:33.705+08:00 INFO  application=marketops-server environment=local buildVersion=0.1.0-SNAPSHOT correlationId=c7653671-6777-46a0-b1cb-0cb6daf3a077 c.m.m.s.i.c.CorrelationIdFilter - Request completed event="request_completed" correlationId="c7653671-6777-46a0-b1cb-0cb6daf3a077" status="200"
[WebServer] 2026-09-05T19:10:33.730+08:00 INFO  application=marketops-server environment=local buildVersion=0.1.0-SNAPSHOT correlationId=e08d9aaf-efc5-42f8-a1ff-d6743fe62354 c.m.m.s.i.c.CorrelationIdFilter - Request completed event="request_completed" correlationId="e08d9aaf-efc5-42f8-a1ff-d6743fe62354" status="200"
[WebServer] 2026-09-05T19:10:33.750+08:00 INFO  application=marketops-server environment=local buildVersion=0.1.0-SNAPSHOT correlationId=ae606e28-ed4d-4cc9-bb0b-08428f1248ad c.m.m.s.i.c.CorrelationIdFilter - Request completed event="request_completed" correlationId="ae606e28-ed4d-4cc9-bb0b-08428f1248ad" status="200"
[WebServer] 2026-09-05T19:10:33.751+08:00 INFO  application=marketops-server environment=local buildVersion=0.1.0-SNAPSHOT correlationId=82e6a321-790b-40a0-a2d7-ef1d78606450 c.m.m.a.i.a.JdbcMetadataAuditStore - Metadata change recorded event="metadata_change_recorded" sourceDomain="advertisingefficiency" entityType="advertising_command" entityId="895a7a18-8875-4d28-b02e-4d8b2c80ccd4" action="READ" actorId="4e08c3e6-5708-4e74-887e-1a9bbf9b7335" correlationId="82e6a321-790b-40a0-a2d7-ef1d78606450"
[WebServer] 2026-09-05T19:10:33.766+08:00 INFO  application=marketops-server environment=local buildVersion=0.1.0-SNAPSHOT correlationId=82e6a321-790b-40a0-a2d7-ef1d78606450 c.m.m.s.i.c.CorrelationIdFilter - Request completed event="request_completed" correlationId="82e6a321-790b-40a0-a2d7-ef1d78606450" status="200"
[WebServer] 2026-09-05T19:10:33.831+08:00 INFO  application=marketops-server environment=local buildVersion=0.1.0-SNAPSHOT correlationId=673edb4b-70ec-4ea8-8bc6-d9c593813c88 c.m.m.s.i.c.CorrelationIdFilter - Request completed event="request_completed" correlationId="673edb4b-70ec-4ea8-8bc6-d9c593813c88" status="200"
[WebServer] 2026-09-05T19:10:33.832+08:00 INFO  application=marketops-server environment=local buildVersion=0.1.0-SNAPSHOT correlationId=71ddad98-5c2d-4901-91e5-add29114f9bf c.m.m.a.i.a.JdbcMetadataAuditStore - Metadata change recorded event="metadata_change_recorded" sourceDomain="advertisingefficiency" entityType="advertising_outcome" entityId="895a7a18-8875-4d28-b02e-4d8b2c80ccd4" action="READ" actorId="4e08c3e6-5708-4e74-887e-1a9bbf9b7335" correlationId="71ddad98-5c2d-4901-91e5-add29114f9bf"
[WebServer] 2026-09-05T19:10:33.834+08:00 INFO  application=marketops-server environment=local buildVersion=0.1.0-SNAPSHOT correlationId=71ddad98-5c2d-4901-91e5-add29114f9bf c.m.m.s.i.c.CorrelationIdFilter - Request completed event="request_completed" correlationId="71ddad98-5c2d-4901-91e5-add29114f9bf" status="200"
[WebServer] 2026-09-05T19:10:33.836+08:00 INFO  application=marketops-server environment=local buildVersion=0.1.0-SNAPSHOT correlationId=d7a1375a-08b4-419a-a186-0960f70cd450 c.m.m.a.i.a.JdbcMetadataAuditStore - Metadata change recorded event="metadata_change_recorded" sourceDomain="advertisingefficiency" entityType="advertising_reservations" entityId="1fd8008d-fbf7-4802-8d53-10060afe5c65" action="READ" actorId="4e08c3e6-5708-4e74-887e-1a9bbf9b7335" correlationId="d7a1375a-08b4-419a-a186-0960f70cd450"
[WebServer] 2026-09-05T19:10:33.838+08:00 INFO  application=marketops-server environment=local buildVersion=0.1.0-SNAPSHOT correlationId=af46bbf8-4f29-4126-9dac-7446b085d00f c.m.m.s.i.e.ConsoleProblemAdvice - Console request refused event="console_request_refused" errorCode="RESOURCE_SCOPE_DENIED" correlationId="af46bbf8-4f29-4126-9dac-7446b085d00f"
[WebServer] 2026-09-05T19:10:33.839+08:00 INFO  application=marketops-server environment=local buildVersion=0.1.0-SNAPSHOT correlationId=af46bbf8-4f29-4126-9dac-7446b085d00f c.m.m.s.i.c.CorrelationIdFilter - Request completed event="request_completed" correlationId="af46bbf8-4f29-4126-9dac-7446b085d00f" status="403"
[WebServer] 2026-09-05T19:10:33.841+08:00 INFO  application=marketops-server environment=local buildVersion=0.1.0-SNAPSHOT correlationId=aa43b92e-ecfe-4fe6-83b7-d59e71dd2b33 c.m.m.a.i.a.JdbcMetadataAuditStore - Metadata change recorded event="metadata_change_recorded" sourceDomain="availabilityrisk" entityType="availability_queue" entityId="1fd8008d-fbf7-4802-8d53-10060afe5c65" action="READ" actorId="4e08c3e6-5708-4e74-887e-1a9bbf9b7335" correlationId="aa43b92e-ecfe-4fe6-83b7-d59e71dd2b33"
[WebServer] 2026-09-05T19:10:33.842+08:00 INFO  application=marketops-server environment=local buildVersion=0.1.0-SNAPSHOT correlationId=91b5aa0f-fa79-4fbe-b3d1-3ba243314be0 c.m.m.a.i.a.JdbcMetadataAuditStore - Metadata change recorded event="metadata_change_recorded" sourceDomain="advertisingefficiency" entityType="advertising_containments" entityId="1fd8008d-fbf7-4802-8d53-10060afe5c65" action="READ" actorId="4e08c3e6-5708-4e74-887e-1a9bbf9b7335" correlationId="91b5aa0f-fa79-4fbe-b3d1-3ba243314be0"
[WebServer] 2026-09-05T19:10:33.843+08:00 INFO  application=marketops-server environment=local buildVersion=0.1.0-SNAPSHOT correlationId=aa43b92e-ecfe-4fe6-83b7-d59e71dd2b33 c.m.m.s.i.c.CorrelationIdFilter - Request completed event="request_completed" correlationId="aa43b92e-ecfe-4fe6-83b7-d59e71dd2b33" status="200"
[WebServer] 2026-09-05T19:10:33.845+08:00 INFO  application=marketops-server environment=local buildVersion=0.1.0-SNAPSHOT correlationId=8578922c-9aad-461b-8428-84c147695584 c.m.m.s.i.e.ConsoleProblemAdvice - Console request refused event="console_request_refused" errorCode="RESOURCE_NOT_FOUND" correlationId="8578922c-9aad-461b-8428-84c147695584"
[WebServer] 2026-09-05T19:10:33.845+08:00 INFO  application=marketops-server environment=local buildVersion=0.1.0-SNAPSHOT correlationId=8578922c-9aad-461b-8428-84c147695584 c.m.m.s.i.c.CorrelationIdFilter - Request completed event="request_completed" correlationId="8578922c-9aad-461b-8428-84c147695584" status="404"
[WebServer] 2026-09-05T19:10:33.846+08:00 INFO  application=marketops-server environment=local buildVersion=0.1.0-SNAPSHOT correlationId=15856c72-787e-4468-a48e-3b6f68ee3e16 c.m.m.a.i.a.JdbcMetadataAuditStore - Metadata change recorded event="metadata_change_recorded" sourceDomain="advertisingefficiency" entityType="advertising_exposure" entityId="1fd8008d-fbf7-4802-8d53-10060afe5c65" action="READ" actorId="4e08c3e6-5708-4e74-887e-1a9bbf9b7335" correlationId="15856c72-787e-4468-a48e-3b6f68ee3e16"
[WebServer] 2026-09-05T19:10:33.848+08:00 INFO  application=marketops-server environment=local buildVersion=0.1.0-SNAPSHOT correlationId=15856c72-787e-4468-a48e-3b6f68ee3e16 c.m.m.s.i.c.CorrelationIdFilter - Request completed event="request_completed" correlationId="15856c72-787e-4468-a48e-3b6f68ee3e16" status="200"
[WebServer] 2026-09-05T19:10:33.850+08:00 INFO  application=marketops-server environment=local buildVersion=0.1.0-SNAPSHOT correlationId=91b5aa0f-fa79-4fbe-b3d1-3ba243314be0 c.m.m.s.i.c.CorrelationIdFilter - Request completed event="request_completed" correlationId="91b5aa0f-fa79-4fbe-b3d1-3ba243314be0" status="200"
[WebServer] 2026-09-05T19:10:33.855+08:00 INFO  application=marketops-server environment=local buildVersion=0.1.0-SNAPSHOT correlationId=e9f89c4a-3207-4eda-ac33-60b1bc6a6a8c c.m.m.s.i.e.ConsoleProblemAdvice - Console request refused event="console_request_refused" errorCode="RESOURCE_SCOPE_DENIED" correlationId="e9f89c4a-3207-4eda-ac33-60b1bc6a6a8c"
[WebServer] 2026-09-05T19:10:33.856+08:00 INFO  application=marketops-server environment=local buildVersion=0.1.0-SNAPSHOT correlationId=e9f89c4a-3207-4eda-ac33-60b1bc6a6a8c c.m.m.s.i.c.CorrelationIdFilter - Request completed event="request_completed" correlationId="e9f89c4a-3207-4eda-ac33-60b1bc6a6a8c" status="403"
[WebServer] 2026-09-05T19:10:33.857+08:00 INFO  application=marketops-server environment=local buildVersion=0.1.0-SNAPSHOT correlationId=d7a1375a-08b4-419a-a186-0960f70cd450 c.m.m.s.i.c.CorrelationIdFilter - Request completed event="request_completed" correlationId="d7a1375a-08b4-419a-a186-0960f70cd450" status="200"
[WebServer] 2026-09-05T19:10:33.860+08:00 INFO  application=marketops-server environment=local buildVersion=0.1.0-SNAPSHOT correlationId=2b421d3d-279c-498f-a70f-39878d1c9922 c.m.m.a.i.a.JdbcMetadataAuditStore - Metadata change recorded event="metadata_change_recorded" sourceDomain="advertisingefficiency" entityType="advertising_queue" entityId="1fd8008d-fbf7-4802-8d53-10060afe5c65" action="READ" actorId="4e08c3e6-5708-4e74-887e-1a9bbf9b7335" correlationId="2b421d3d-279c-498f-a70f-39878d1c9922"
[WebServer] 2026-09-05T19:10:33.871+08:00 INFO  application=marketops-server environment=local buildVersion=0.1.0-SNAPSHOT correlationId=763b576c-ef03-4bbe-8b7d-2cddc8af3234 c.m.m.a.i.a.JdbcMetadataAuditStore - Metadata change recorded event="metadata_change_recorded" sourceDomain="advertisingefficiency" entityType="advertising_orchestration" entityId="1fd8008d-fbf7-4802-8d53-10060afe5c65" action="READ" actorId="4e08c3e6-5708-4e74-887e-1a9bbf9b7335" correlationId="763b576c-ef03-4bbe-8b7d-2cddc8af3234"
[WebServer] 2026-09-05T19:10:33.872+08:00 INFO  application=marketops-server environment=local buildVersion=0.1.0-SNAPSHOT correlationId=763b576c-ef03-4bbe-8b7d-2cddc8af3234 c.m.m.s.i.c.CorrelationIdFilter - Request completed event="request_completed" correlationId="763b576c-ef03-4bbe-8b7d-2cddc8af3234" status="200"
[WebServer] 2026-09-05T19:10:33.900+08:00 INFO  application=marketops-server environment=local buildVersion=0.1.0-SNAPSHOT correlationId=2b421d3d-279c-498f-a70f-39878d1c9922 c.m.m.s.i.c.CorrelationIdFilter - Request completed event="request_completed" correlationId="2b421d3d-279c-498f-a70f-39878d1c9922" status="200"
[WebServer] 2026-09-05T19:10:33.943+08:00 INFO  application=marketops-server environment=local buildVersion=0.1.0-SNAPSHOT correlationId=c733a481-df01-4ae7-99e2-99a3e1f7d28c c.m.m.a.i.a.JdbcMetadataAuditStore - Metadata change recorded event="metadata_change_recorded" sourceDomain="advertisingefficiency" entityType="advertising_case" entityId="edc56316-fde4-4b27-9a3f-103a0445151c" action="READ" actorId="4e08c3e6-5708-4e74-887e-1a9bbf9b7335" correlationId="c733a481-df01-4ae7-99e2-99a3e1f7d28c"
[WebServer] 2026-09-05T19:10:33.954+08:00 INFO  application=marketops-server environment=local buildVersion=0.1.0-SNAPSHOT correlationId=c733a481-df01-4ae7-99e2-99a3e1f7d28c c.m.m.s.i.c.CorrelationIdFilter - Request completed event="request_completed" correlationId="c733a481-df01-4ae7-99e2-99a3e1f7d28c" status="200"
[WebServer] 2026-09-05T19:10:33.967+08:00 INFO  application=marketops-server environment=local buildVersion=0.1.0-SNAPSHOT correlationId=3d2a59ba-52e5-4758-8868-73b363ae916f c.m.m.a.i.a.JdbcMetadataAuditStore - Metadata change recorded event="metadata_change_recorded" sourceDomain="advertisingefficiency" entityType="advertising_manual_packet" entityId="19949df8-f0b8-4674-991a-207e4d8e96d9" action="READ" actorId="4e08c3e6-5708-4e74-887e-1a9bbf9b7335" correlationId="3d2a59ba-52e5-4758-8868-73b363ae916f"
[WebServer] 2026-09-05T19:10:33.968+08:00 INFO  application=marketops-server environment=local buildVersion=0.1.0-SNAPSHOT correlationId=3d2a59ba-52e5-4758-8868-73b363ae916f c.m.m.s.i.c.CorrelationIdFilter - Request completed event="request_completed" correlationId="3d2a59ba-52e5-4758-8868-73b363ae916f" status="200"
[WebServer] 2026-09-05T19:10:33.987+08:00 INFO  application=marketops-server environment=local buildVersion=0.1.0-SNAPSHOT correlationId=f3ad1cb6-d52b-44a1-950f-3813fa71c9c8 c.m.m.s.i.c.CorrelationIdFilter - Request completed event="request_completed" correlationId="f3ad1cb6-d52b-44a1-950f-3813fa71c9c8" status="200"
[WebServer] 2026-09-05T19:10:33.988+08:00 INFO  application=marketops-server environment=local buildVersion=0.1.0-SNAPSHOT correlationId=bcf17f44-d85b-4052-a1b7-60939be621bf c.m.m.s.i.c.CorrelationIdFilter - Request completed event="request_completed" correlationId="bcf17f44-d85b-4052-a1b7-60939be621bf" status="200"
[WebServer] 2026-09-05T19:10:34.002+08:00 INFO  application=marketops-server environment=local buildVersion=0.1.0-SNAPSHOT correlationId=89f06b4e-c7ce-409b-8be4-0719180de0a0 c.m.m.s.i.c.CorrelationIdFilter - Request completed event="request_completed" correlationId="89f06b4e-c7ce-409b-8be4-0719180de0a0" status="200"
[WebServer] 2026-09-05T19:10:34.125+08:00 INFO  application=marketops-server environment=local buildVersion=0.1.0-SNAPSHOT correlationId=b915dd63-5ce1-4a8f-8448-19adad307b62 c.m.m.s.i.e.ConsoleProblemAdvice - Console request refused event="console_request_refused" errorCode="RESOURCE_NOT_FOUND" correlationId="b915dd63-5ce1-4a8f-8448-19adad307b62"
[WebServer] 2026-09-05T19:10:34.125+08:00 INFO  application=marketops-server environment=local buildVersion=0.1.0-SNAPSHOT correlationId=b915dd63-5ce1-4a8f-8448-19adad307b62 c.m.m.s.i.c.CorrelationIdFilter - Request completed event="request_completed" correlationId="b915dd63-5ce1-4a8f-8448-19adad307b62" status="404"
[WebServer] 2026-09-05T19:10:34.125+08:00 INFO  application=marketops-server environment=local buildVersion=0.1.0-SNAPSHOT correlationId=76306c70-d65a-4389-8e5a-8b8d9c811188 c.m.m.a.i.a.JdbcMetadataAuditStore - Metadata change recorded event="metadata_change_recorded" sourceDomain="advertisingefficiency" entityType="advertising_containments" entityId="1fd8008d-fbf7-4802-8d53-10060afe5c65" action="READ" actorId="4e08c3e6-5708-4e74-887e-1a9bbf9b7335" correlationId="76306c70-d65a-4389-8e5a-8b8d9c811188"
[WebServer] 2026-09-05T19:10:34.126+08:00 INFO  application=marketops-server environment=local buildVersion=0.1.0-SNAPSHOT correlationId=c1e8a8fa-94d8-46a7-8e79-5ace6edb414b c.m.m.a.i.a.JdbcMetadataAuditStore - Metadata change recorded event="metadata_change_recorded" sourceDomain="advertisingefficiency" entityType="advertising_reservations" entityId="1fd8008d-fbf7-4802-8d53-10060afe5c65" action="READ" actorId="4e08c3e6-5708-4e74-887e-1a9bbf9b7335" correlationId="c1e8a8fa-94d8-46a7-8e79-5ace6edb414b"
[WebServer] 2026-09-05T19:10:34.129+08:00 INFO  application=marketops-server environment=local buildVersion=0.1.0-SNAPSHOT correlationId=1b01d6c1-0699-4e2d-9234-d4a18df3b481 c.m.m.s.i.e.ConsoleProblemAdvice - Console request refused event="console_request_refused" errorCode="RESOURCE_SCOPE_DENIED" correlationId="1b01d6c1-0699-4e2d-9234-d4a18df3b481"
[WebServer] 2026-09-05T19:10:34.129+08:00 INFO  application=marketops-server environment=local buildVersion=0.1.0-SNAPSHOT correlationId=1b01d6c1-0699-4e2d-9234-d4a18df3b481 c.m.m.s.i.c.CorrelationIdFilter - Request completed event="request_completed" correlationId="1b01d6c1-0699-4e2d-9234-d4a18df3b481" status="403"
[WebServer] 2026-09-05T19:10:34.129+08:00 INFO  application=marketops-server environment=local buildVersion=0.1.0-SNAPSHOT correlationId=e0eb1356-6a7e-4ad4-a084-5f64d9b13150 c.m.m.a.i.a.JdbcMetadataAuditStore - Metadata change recorded event="metadata_change_recorded" sourceDomain="availabilityrisk" entityType="availability_queue" entityId="1fd8008d-fbf7-4802-8d53-10060afe5c65" action="READ" actorId="4e08c3e6-5708-4e74-887e-1a9bbf9b7335" correlationId="e0eb1356-6a7e-4ad4-a084-5f64d9b13150"
[WebServer] 2026-09-05T19:10:34.131+08:00 INFO  application=marketops-server environment=local buildVersion=0.1.0-SNAPSHOT correlationId=e0eb1356-6a7e-4ad4-a084-5f64d9b13150 c.m.m.s.i.c.CorrelationIdFilter - Request completed event="request_completed" correlationId="e0eb1356-6a7e-4ad4-a084-5f64d9b13150" status="200"
[WebServer] 2026-09-05T19:10:34.133+08:00 INFO  application=marketops-server environment=local buildVersion=0.1.0-SNAPSHOT correlationId=76306c70-d65a-4389-8e5a-8b8d9c811188 c.m.m.s.i.c.CorrelationIdFilter - Request completed event="request_completed" correlationId="76306c70-d65a-4389-8e5a-8b8d9c811188" status="200"
[WebServer] 2026-09-05T19:10:34.143+08:00 INFO  application=marketops-server environment=local buildVersion=0.1.0-SNAPSHOT correlationId=d028d324-75e2-48c6-b5fd-f7408dbf482f c.m.m.s.i.e.ConsoleProblemAdvice - Console request refused event="console_request_refused" errorCode="RESOURCE_SCOPE_DENIED" correlationId="d028d324-75e2-48c6-b5fd-f7408dbf482f"
[WebServer] 2026-09-05T19:10:34.143+08:00 INFO  application=marketops-server environment=local buildVersion=0.1.0-SNAPSHOT correlationId=d028d324-75e2-48c6-b5fd-f7408dbf482f c.m.m.s.i.c.CorrelationIdFilter - Request completed event="request_completed" correlationId="d028d324-75e2-48c6-b5fd-f7408dbf482f" status="403"
[WebServer] 2026-09-05T19:10:34.144+08:00 INFO  application=marketops-server environment=local buildVersion=0.1.0-SNAPSHOT correlationId=fdee9130-cf4c-4de0-b5ca-7c46d067f55e c.m.m.a.i.a.JdbcMetadataAuditStore - Metadata change recorded event="metadata_change_recorded" sourceDomain="advertisingefficiency" entityType="advertising_queue" entityId="1fd8008d-fbf7-4802-8d53-10060afe5c65" action="READ" actorId="4e08c3e6-5708-4e74-887e-1a9bbf9b7335" correlationId="fdee9130-cf4c-4de0-b5ca-7c46d067f55e"
[WebServer] 2026-09-05T19:10:34.146+08:00 INFO  application=marketops-server environment=local buildVersion=0.1.0-SNAPSHOT correlationId=c1e8a8fa-94d8-46a7-8e79-5ace6edb414b c.m.m.s.i.c.CorrelationIdFilter - Request completed event="request_completed" correlationId="c1e8a8fa-94d8-46a7-8e79-5ace6edb414b" status="200"
[WebServer] 2026-09-05T19:10:34.148+08:00 INFO  application=marketops-server environment=local buildVersion=0.1.0-SNAPSHOT correlationId=ca8e7954-d14e-4356-8e94-b6cd34344247 c.m.m.a.i.a.JdbcMetadataAuditStore - Metadata change recorded event="metadata_change_recorded" sourceDomain="advertisingefficiency" entityType="advertising_exposure" entityId="1fd8008d-fbf7-4802-8d53-10060afe5c65" action="READ" actorId="4e08c3e6-5708-4e74-887e-1a9bbf9b7335" correlationId="ca8e7954-d14e-4356-8e94-b6cd34344247"
[WebServer] 2026-09-05T19:10:34.149+08:00 INFO  application=marketops-server environment=local buildVersion=0.1.0-SNAPSHOT correlationId=ca8e7954-d14e-4356-8e94-b6cd34344247 c.m.m.s.i.c.CorrelationIdFilter - Request completed event="request_completed" correlationId="ca8e7954-d14e-4356-8e94-b6cd34344247" status="200"
[WebServer] 2026-09-05T19:10:34.161+08:00 INFO  application=marketops-server environment=local buildVersion=0.1.0-SNAPSHOT correlationId=f1e880ba-675e-4087-b421-db0c8b7543b9 c.m.m.a.i.a.JdbcMetadataAuditStore - Metadata change recorded event="metadata_change_recorded" sourceDomain="advertisingefficiency" entityType="advertising_orchestration" entityId="1fd8008d-fbf7-4802-8d53-10060afe5c65" action="READ" actorId="4e08c3e6-5708-4e74-887e-1a9bbf9b7335" correlationId="f1e880ba-675e-4087-b421-db0c8b7543b9"
[WebServer] 2026-09-05T19:10:34.163+08:00 INFO  application=marketops-server environment=local buildVersion=0.1.0-SNAPSHOT correlationId=f1e880ba-675e-4087-b421-db0c8b7543b9 c.m.m.s.i.c.CorrelationIdFilter - Request completed event="request_completed" correlationId="f1e880ba-675e-4087-b421-db0c8b7543b9" status="200"
[WebServer] 2026-09-05T19:10:34.187+08:00 INFO  application=marketops-server environment=local buildVersion=0.1.0-SNAPSHOT correlationId=fdee9130-cf4c-4de0-b5ca-7c46d067f55e c.m.m.s.i.c.CorrelationIdFilter - Request completed event="request_completed" correlationId="fdee9130-cf4c-4de0-b5ca-7c46d067f55e" status="200"
[WebServer] 2026-09-05T19:10:34.227+08:00 INFO  application=marketops-server environment=local buildVersion=0.1.0-SNAPSHOT correlationId=629aaf3b-9279-4404-a4be-7ab2c2fdf598 c.m.m.a.i.a.JdbcMetadataAuditStore - Metadata change recorded event="metadata_change_recorded" sourceDomain="advertisingefficiency" entityType="advertising_case" entityId="c89a9d93-d8ec-48f6-af4e-c09655f414af" action="READ" actorId="4e08c3e6-5708-4e74-887e-1a9bbf9b7335" correlationId="629aaf3b-9279-4404-a4be-7ab2c2fdf598"
[WebServer] 2026-09-05T19:10:34.238+08:00 INFO  application=marketops-server environment=local buildVersion=0.1.0-SNAPSHOT correlationId=629aaf3b-9279-4404-a4be-7ab2c2fdf598 c.m.m.s.i.c.CorrelationIdFilter - Request completed event="request_completed" correlationId="629aaf3b-9279-4404-a4be-7ab2c2fdf598" status="200"
[WebServer] 2026-09-05T19:10:34.251+08:00 INFO  application=marketops-server environment=local buildVersion=0.1.0-SNAPSHOT correlationId=c9a371e9-1221-4c22-9af3-163fb87720dc c.m.m.a.i.a.JdbcMetadataAuditStore - Metadata change recorded event="metadata_change_recorded" sourceDomain="advertisingefficiency" entityType="advertising_manual_packet" entityId="b67aa92e-f699-4ebe-964e-0c728102973e" action="READ" actorId="4e08c3e6-5708-4e74-887e-1a9bbf9b7335" correlationId="c9a371e9-1221-4c22-9af3-163fb87720dc"
[WebServer] 2026-09-05T19:10:34.252+08:00 INFO  application=marketops-server environment=local buildVersion=0.1.0-SNAPSHOT correlationId=c9a371e9-1221-4c22-9af3-163fb87720dc c.m.m.s.i.c.CorrelationIdFilter - Request completed event="request_completed" correlationId="c9a371e9-1221-4c22-9af3-163fb87720dc" status="200"
[WebServer] 2026-09-05T19:10:34.272+08:00 INFO  application=marketops-server environment=local buildVersion=0.1.0-SNAPSHOT correlationId=d06c0d99-b656-43f0-aaac-fc354ea84ed0 c.m.m.s.i.c.CorrelationIdFilter - Request completed event="request_completed" correlationId="d06c0d99-b656-43f0-aaac-fc354ea84ed0" status="200"
[WebServer] 2026-09-05T19:10:34.276+08:00 INFO  application=marketops-server environment=local buildVersion=0.1.0-SNAPSHOT correlationId=ffa420cf-d361-4021-840d-79fe843da20d c.m.m.s.i.c.CorrelationIdFilter - Request completed event="request_completed" correlationId="ffa420cf-d361-4021-840d-79fe843da20d" status="200"
[WebServer] 2026-09-05T19:10:34.299+08:00 INFO  application=marketops-server environment=local buildVersion=0.1.0-SNAPSHOT correlationId=f67a5ae1-7bca-463b-8896-7928b8da3a72 c.m.m.s.i.c.CorrelationIdFilter - Request completed event="request_completed" correlationId="f67a5ae1-7bca-463b-8896-7928b8da3a72" status="200"
[WebServer] 2026-09-05T19:10:34.403+08:00 INFO  application=marketops-server environment=local buildVersion=0.1.0-SNAPSHOT correlationId=da271205-d760-476b-aa1d-fa8ce09925ef c.m.m.s.i.e.ConsoleProblemAdvice - Console request refused event="console_request_refused" errorCode="RESOURCE_NOT_FOUND" correlationId="da271205-d760-476b-aa1d-fa8ce09925ef"
[WebServer] 2026-09-05T19:10:34.403+08:00 INFO  application=marketops-server environment=local buildVersion=0.1.0-SNAPSHOT correlationId=da271205-d760-476b-aa1d-fa8ce09925ef c.m.m.s.i.c.CorrelationIdFilter - Request completed event="request_completed" correlationId="da271205-d760-476b-aa1d-fa8ce09925ef" status="404"
[WebServer] 2026-09-05T19:10:34.405+08:00 INFO  application=marketops-server environment=local buildVersion=0.1.0-SNAPSHOT correlationId=5c831f65-40a3-42fb-9470-5b18c4da14ba c.m.m.a.i.a.JdbcMetadataAuditStore - Metadata change recorded event="metadata_change_recorded" sourceDomain="advertisingefficiency" entityType="advertising_reservations" entityId="1fd8008d-fbf7-4802-8d53-10060afe5c65" action="READ" actorId="4e08c3e6-5708-4e74-887e-1a9bbf9b7335" correlationId="5c831f65-40a3-42fb-9470-5b18c4da14ba"
[WebServer] 2026-09-05T19:10:34.406+08:00 INFO  application=marketops-server environment=local buildVersion=0.1.0-SNAPSHOT correlationId=feaefbc2-f194-40ef-b9d0-1efe391b5d3c c.m.m.a.i.a.JdbcMetadataAuditStore - Metadata change recorded event="metadata_change_recorded" sourceDomain="advertisingefficiency" entityType="advertising_containments" entityId="1fd8008d-fbf7-4802-8d53-10060afe5c65" action="READ" actorId="4e08c3e6-5708-4e74-887e-1a9bbf9b7335" correlationId="feaefbc2-f194-40ef-b9d0-1efe391b5d3c"
[WebServer] 2026-09-05T19:10:34.407+08:00 INFO  application=marketops-server environment=local buildVersion=0.1.0-SNAPSHOT correlationId=78bb2fe3-205b-4b47-bd5b-87a3f3a16436 c.m.m.s.i.e.ConsoleProblemAdvice - Console request refused event="console_request_refused" errorCode="RESOURCE_SCOPE_DENIED" correlationId="78bb2fe3-205b-4b47-bd5b-87a3f3a16436"
[WebServer] 2026-09-05T19:10:34.407+08:00 INFO  application=marketops-server environment=local buildVersion=0.1.0-SNAPSHOT correlationId=78bb2fe3-205b-4b47-bd5b-87a3f3a16436 c.m.m.s.i.c.CorrelationIdFilter - Request completed event="request_completed" correlationId="78bb2fe3-205b-4b47-bd5b-87a3f3a16436" status="403"
[WebServer] 2026-09-05T19:10:34.408+08:00 INFO  application=marketops-server environment=local buildVersion=0.1.0-SNAPSHOT correlationId=14e849bd-ce65-4b4a-ad63-1450071eb973 c.m.m.a.i.a.JdbcMetadataAuditStore - Metadata change recorded event="metadata_change_recorded" sourceDomain="availabilityrisk" entityType="availability_queue" entityId="1fd8008d-fbf7-4802-8d53-10060afe5c65" action="READ" actorId="4e08c3e6-5708-4e74-887e-1a9bbf9b7335" correlationId="14e849bd-ce65-4b4a-ad63-1450071eb973"
[WebServer] 2026-09-05T19:10:34.410+08:00 INFO  application=marketops-server environment=local buildVersion=0.1.0-SNAPSHOT correlationId=14e849bd-ce65-4b4a-ad63-1450071eb973 c.m.m.s.i.c.CorrelationIdFilter - Request completed event="request_completed" correlationId="14e849bd-ce65-4b4a-ad63-1450071eb973" status="200"
[WebServer] 2026-09-05T19:10:34.416+08:00 INFO  application=marketops-server environment=local buildVersion=0.1.0-SNAPSHOT correlationId=feaefbc2-f194-40ef-b9d0-1efe391b5d3c c.m.m.s.i.c.CorrelationIdFilter - Request completed event="request_completed" correlationId="feaefbc2-f194-40ef-b9d0-1efe391b5d3c" status="200"
[WebServer] 2026-09-05T19:10:34.421+08:00 INFO  application=marketops-server environment=local buildVersion=0.1.0-SNAPSHOT correlationId=23e4bc9f-ce1f-41c7-884f-43f708bd1afb c.m.m.a.i.a.JdbcMetadataAuditStore - Metadata change recorded event="metadata_change_recorded" sourceDomain="advertisingefficiency" entityType="advertising_exposure" entityId="1fd8008d-fbf7-4802-8d53-10060afe5c65" action="READ" actorId="4e08c3e6-5708-4e74-887e-1a9bbf9b7335" correlationId="23e4bc9f-ce1f-41c7-884f-43f708bd1afb"
[WebServer] 2026-09-05T19:10:34.424+08:00 INFO  application=marketops-server environment=local buildVersion=0.1.0-SNAPSHOT correlationId=23e4bc9f-ce1f-41c7-884f-43f708bd1afb c.m.m.s.i.c.CorrelationIdFilter - Request completed event="request_completed" correlationId="23e4bc9f-ce1f-41c7-884f-43f708bd1afb" status="200"
[WebServer] 2026-09-05T19:10:34.432+08:00 INFO  application=marketops-server environment=local buildVersion=0.1.0-SNAPSHOT correlationId=cc210f75-6177-4df8-b28f-17e33b26aa21 c.m.m.s.i.e.ConsoleProblemAdvice - Console request refused event="console_request_refused" errorCode="RESOURCE_SCOPE_DENIED" correlationId="cc210f75-6177-4df8-b28f-17e33b26aa21"
[WebServer] 2026-09-05T19:10:34.432+08:00 INFO  application=marketops-server environment=local buildVersion=0.1.0-SNAPSHOT correlationId=cc210f75-6177-4df8-b28f-17e33b26aa21 c.m.m.s.i.c.CorrelationIdFilter - Request completed event="request_completed" correlationId="cc210f75-6177-4df8-b28f-17e33b26aa21" status="403"
[WebServer] 2026-09-05T19:10:34.434+08:00 INFO  application=marketops-server environment=local buildVersion=0.1.0-SNAPSHOT correlationId=f6242c4d-a08a-430a-ace8-02d266c276aa c.m.m.a.i.a.JdbcMetadataAuditStore - Metadata change recorded event="metadata_change_recorded" sourceDomain="advertisingefficiency" entityType="advertising_queue" entityId="1fd8008d-fbf7-4802-8d53-10060afe5c65" action="READ" actorId="4e08c3e6-5708-4e74-887e-1a9bbf9b7335" correlationId="f6242c4d-a08a-430a-ace8-02d266c276aa"
[WebServer] 2026-09-05T19:10:34.437+08:00 INFO  application=marketops-server environment=local buildVersion=0.1.0-SNAPSHOT correlationId=5c831f65-40a3-42fb-9470-5b18c4da14ba c.m.m.s.i.c.CorrelationIdFilter - Request completed event="request_completed" correlationId="5c831f65-40a3-42fb-9470-5b18c4da14ba" status="200"
[WebServer] 2026-09-05T19:10:34.454+08:00 INFO  application=marketops-server environment=local buildVersion=0.1.0-SNAPSHOT correlationId=aa887e7b-6dbc-4a93-826a-277455d5feb4 c.m.m.a.i.a.JdbcMetadataAuditStore - Metadata change recorded event="metadata_change_recorded" sourceDomain="advertisingefficiency" entityType="advertising_orchestration" entityId="1fd8008d-fbf7-4802-8d53-10060afe5c65" action="READ" actorId="4e08c3e6-5708-4e74-887e-1a9bbf9b7335" correlationId="aa887e7b-6dbc-4a93-826a-277455d5feb4"
[WebServer] 2026-09-05T19:10:34.456+08:00 INFO  application=marketops-server environment=local buildVersion=0.1.0-SNAPSHOT correlationId=aa887e7b-6dbc-4a93-826a-277455d5feb4 c.m.m.s.i.c.CorrelationIdFilter - Request completed event="request_completed" correlationId="aa887e7b-6dbc-4a93-826a-277455d5feb4" status="200"
[WebServer] 2026-09-05T19:10:34.502+08:00 INFO  application=marketops-server environment=local buildVersion=0.1.0-SNAPSHOT correlationId=f6242c4d-a08a-430a-ace8-02d266c276aa c.m.m.s.i.c.CorrelationIdFilter - Request completed event="request_completed" correlationId="f6242c4d-a08a-430a-ace8-02d266c276aa" status="200"
[WebServer] 2026-09-05T19:10:34.644+08:00 INFO  application=marketops-server environment=local buildVersion=0.1.0-SNAPSHOT correlationId=31e852ec-7768-4a8e-9469-7e80cd03ce5c c.m.m.a.i.a.JdbcMetadataAuditStore - Metadata change recorded event="metadata_change_recorded" sourceDomain="advertisingefficiency" entityType="advertising_case" entityId="7667635b-8945-4b58-b98f-3e0b354fa4e6" action="READ" actorId="4e08c3e6-5708-4e74-887e-1a9bbf9b7335" correlationId="31e852ec-7768-4a8e-9469-7e80cd03ce5c"
[WebServer] 2026-09-05T19:10:34.665+08:00 INFO  application=marketops-server environment=local buildVersion=0.1.0-SNAPSHOT correlationId=31e852ec-7768-4a8e-9469-7e80cd03ce5c c.m.m.s.i.c.CorrelationIdFilter - Request completed event="request_completed" correlationId="31e852ec-7768-4a8e-9469-7e80cd03ce5c" status="200"
[WebServer] 2026-09-05T19:10:34.702+08:00 INFO  application=marketops-server environment=local buildVersion=0.1.0-SNAPSHOT correlationId=0a03719b-a485-451a-8528-f32f113815a7 c.m.m.a.i.a.JdbcMetadataAuditStore - Metadata change recorded event="metadata_change_recorded" sourceDomain="advertisingefficiency" entityType="advertising_manual_packet" entityId="ea407c7d-805d-4c93-8eb3-64cc92c22aca" action="READ" actorId="4e08c3e6-5708-4e74-887e-1a9bbf9b7335" correlationId="0a03719b-a485-451a-8528-f32f113815a7"
[WebServer] 2026-09-05T19:10:34.703+08:00 INFO  application=marketops-server environment=local buildVersion=0.1.0-SNAPSHOT correlationId=0a03719b-a485-451a-8528-f32f113815a7 c.m.m.s.i.c.CorrelationIdFilter - Request completed event="request_completed" correlationId="0a03719b-a485-451a-8528-f32f113815a7" status="200"
[WebServer] 2026-09-05T19:10:34.746+08:00 INFO  application=marketops-server environment=local buildVersion=0.1.0-SNAPSHOT correlationId=3694f05a-ecf6-4055-91dc-a654ab4cc496 c.m.m.s.i.c.CorrelationIdFilter - Request completed event="request_completed" correlationId="3694f05a-ecf6-4055-91dc-a654ab4cc496" status="200"
[WebServer] 2026-09-05T19:10:34.752+08:00 INFO  application=marketops-server environment=local buildVersion=0.1.0-SNAPSHOT correlationId=05a24b30-a56a-46ed-a020-529347180658 c.m.m.s.i.c.CorrelationIdFilter - Request completed event="request_completed" correlationId="05a24b30-a56a-46ed-a020-529347180658" status="200"
[WebServer] 2026-09-05T19:10:34.781+08:00 INFO  application=marketops-server environment=local buildVersion=0.1.0-SNAPSHOT correlationId=4a830439-6068-4378-b829-5144245fdf76 c.m.m.s.i.e.ConsoleProblemAdvice - Console request refused event="console_request_refused" errorCode="RESOURCE_NOT_FOUND" correlationId="4a830439-6068-4378-b829-5144245fdf76"
[WebServer] 2026-09-05T19:10:34.782+08:00 INFO  application=marketops-server environment=local buildVersion=0.1.0-SNAPSHOT correlationId=4a830439-6068-4378-b829-5144245fdf76 c.m.m.s.i.c.CorrelationIdFilter - Request completed event="request_completed" correlationId="4a830439-6068-4378-b829-5144245fdf76" status="404"
[WebServer] 2026-09-05T19:10:34.803+08:00 INFO  application=marketops-server environment=local buildVersion=0.1.0-SNAPSHOT correlationId=504e95b2-d33a-48e8-9f41-c13f48b5c516 c.m.m.a.i.a.JdbcMetadataAuditStore - Metadata change recorded event="metadata_change_recorded" sourceDomain="advertisingefficiency" entityType="advertising_containments" entityId="1fd8008d-fbf7-4802-8d53-10060afe5c65" action="READ" actorId="4e08c3e6-5708-4e74-887e-1a9bbf9b7335" correlationId="504e95b2-d33a-48e8-9f41-c13f48b5c516"
[WebServer] 2026-09-05T19:10:34.805+08:00 INFO  application=marketops-server environment=local buildVersion=0.1.0-SNAPSHOT correlationId=5c91e7f2-1aeb-49db-9a5e-5d2b43c405f2 c.m.m.s.i.e.ConsoleProblemAdvice - Console request refused event="console_request_refused" errorCode="RESOURCE_NOT_FOUND" correlationId="5c91e7f2-1aeb-49db-9a5e-5d2b43c405f2"
[WebServer] 2026-09-05T19:10:34.805+08:00 INFO  application=marketops-server environment=local buildVersion=0.1.0-SNAPSHOT correlationId=5c91e7f2-1aeb-49db-9a5e-5d2b43c405f2 c.m.m.s.i.c.CorrelationIdFilter - Request completed event="request_completed" correlationId="5c91e7f2-1aeb-49db-9a5e-5d2b43c405f2" status="404"
[WebServer] 2026-09-05T19:10:34.806+08:00 INFO  application=marketops-server environment=local buildVersion=0.1.0-SNAPSHOT correlationId=96852b03-31a3-4770-a45d-3d64e312ca8a c.m.m.s.i.e.ConsoleProblemAdvice - Console request refused event="console_request_refused" errorCode="RESOURCE_SCOPE_DENIED" correlationId="96852b03-31a3-4770-a45d-3d64e312ca8a"
[WebServer] 2026-09-05T19:10:34.807+08:00 INFO  application=marketops-server environment=local buildVersion=0.1.0-SNAPSHOT correlationId=96852b03-31a3-4770-a45d-3d64e312ca8a c.m.m.s.i.c.CorrelationIdFilter - Request completed event="request_completed" correlationId="96852b03-31a3-4770-a45d-3d64e312ca8a" status="403"
[WebServer] 2026-09-05T19:10:34.807+08:00 INFO  application=marketops-server environment=local buildVersion=0.1.0-SNAPSHOT correlationId=bf060486-1b6a-47f2-81d9-9249f6459a64 c.m.m.a.i.a.JdbcMetadataAuditStore - Metadata change recorded event="metadata_change_recorded" sourceDomain="advertisingefficiency" entityType="advertising_reservations" entityId="1fd8008d-fbf7-4802-8d53-10060afe5c65" action="READ" actorId="4e08c3e6-5708-4e74-887e-1a9bbf9b7335" correlationId="bf060486-1b6a-47f2-81d9-9249f6459a64"
[WebServer] 2026-09-05T19:10:34.812+08:00 INFO  application=marketops-server environment=local buildVersion=0.1.0-SNAPSHOT correlationId=ff6db812-a75c-48a8-9655-282ab498eb3b c.m.m.a.i.a.JdbcMetadataAuditStore - Metadata change recorded event="metadata_change_recorded" sourceDomain="availabilityrisk" entityType="availability_queue" entityId="1fd8008d-fbf7-4802-8d53-10060afe5c65" action="READ" actorId="4e08c3e6-5708-4e74-887e-1a9bbf9b7335" correlationId="ff6db812-a75c-48a8-9655-282ab498eb3b"
[WebServer] 2026-09-05T19:10:34.819+08:00 INFO  application=marketops-server environment=local buildVersion=0.1.0-SNAPSHOT correlationId=504e95b2-d33a-48e8-9f41-c13f48b5c516 c.m.m.s.i.c.CorrelationIdFilter - Request completed event="request_completed" correlationId="504e95b2-d33a-48e8-9f41-c13f48b5c516" status="200"
[WebServer] 2026-09-05T19:10:34.820+08:00 INFO  application=marketops-server environment=local buildVersion=0.1.0-SNAPSHOT correlationId=ff6db812-a75c-48a8-9655-282ab498eb3b c.m.m.s.i.c.CorrelationIdFilter - Request completed event="request_completed" correlationId="ff6db812-a75c-48a8-9655-282ab498eb3b" status="200"
[WebServer] 2026-09-05T19:10:34.821+08:00 INFO  application=marketops-server environment=local buildVersion=0.1.0-SNAPSHOT correlationId=f91e399d-b954-4f7d-b4c6-80fca750e937 c.m.m.s.i.e.ConsoleProblemAdvice - Console request refused event="console_request_refused" errorCode="RESOURCE_SCOPE_DENIED" correlationId="f91e399d-b954-4f7d-b4c6-80fca750e937"
[WebServer] 2026-09-05T19:10:34.822+08:00 INFO  application=marketops-server environment=local buildVersion=0.1.0-SNAPSHOT correlationId=f91e399d-b954-4f7d-b4c6-80fca750e937 c.m.m.s.i.c.CorrelationIdFilter - Request completed event="request_completed" correlationId="f91e399d-b954-4f7d-b4c6-80fca750e937" status="403"
[WebServer] 2026-09-05T19:10:34.823+08:00 INFO  application=marketops-server environment=local buildVersion=0.1.0-SNAPSHOT correlationId=73ea64e5-6bbe-4d23-853c-591a2ffa83cd c.m.m.a.i.a.JdbcMetadataAuditStore - Metadata change recorded event="metadata_change_recorded" sourceDomain="advertisingefficiency" entityType="advertising_exposure" entityId="1fd8008d-fbf7-4802-8d53-10060afe5c65" action="READ" actorId="4e08c3e6-5708-4e74-887e-1a9bbf9b7335" correlationId="73ea64e5-6bbe-4d23-853c-591a2ffa83cd"
[WebServer] 2026-09-05T19:10:34.824+08:00 INFO  application=marketops-server environment=local buildVersion=0.1.0-SNAPSHOT correlationId=73ea64e5-6bbe-4d23-853c-591a2ffa83cd c.m.m.s.i.c.CorrelationIdFilter - Request completed event="request_completed" correlationId="73ea64e5-6bbe-4d23-853c-591a2ffa83cd" status="200"
[WebServer] 2026-09-05T19:10:34.826+08:00 INFO  application=marketops-server environment=local buildVersion=0.1.0-SNAPSHOT correlationId=d447b1d2-efb7-4b13-843f-36740f964fbc c.m.m.a.i.a.JdbcMetadataAuditStore - Metadata change recorded event="metadata_change_recorded" sourceDomain="advertisingefficiency" entityType="advertising_queue" entityId="1fd8008d-fbf7-4802-8d53-10060afe5c65" action="READ" actorId="4e08c3e6-5708-4e74-887e-1a9bbf9b7335" correlationId="d447b1d2-efb7-4b13-843f-36740f964fbc"
[WebServer] 2026-09-05T19:10:34.831+08:00 INFO  application=marketops-server environment=local buildVersion=0.1.0-SNAPSHOT correlationId=bf060486-1b6a-47f2-81d9-9249f6459a64 c.m.m.s.i.c.CorrelationIdFilter - Request completed event="request_completed" correlationId="bf060486-1b6a-47f2-81d9-9249f6459a64" status="200"
[WebServer] 2026-09-05T19:10:34.845+08:00 INFO  application=marketops-server environment=local buildVersion=0.1.0-SNAPSHOT correlationId=c6a59041-116b-44e5-a05f-b990670aa05d c.m.m.a.i.a.JdbcMetadataAuditStore - Metadata change recorded event="metadata_change_recorded" sourceDomain="advertisingefficiency" entityType="advertising_orchestration" entityId="1fd8008d-fbf7-4802-8d53-10060afe5c65" action="READ" actorId="4e08c3e6-5708-4e74-887e-1a9bbf9b7335" correlationId="c6a59041-116b-44e5-a05f-b990670aa05d"
[WebServer] 2026-09-05T19:10:34.846+08:00 INFO  application=marketops-server environment=local buildVersion=0.1.0-SNAPSHOT correlationId=c6a59041-116b-44e5-a05f-b990670aa05d c.m.m.s.i.c.CorrelationIdFilter - Request completed event="request_completed" correlationId="c6a59041-116b-44e5-a05f-b990670aa05d" status="200"
[WebServer] 2026-09-05T19:10:34.879+08:00 INFO  application=marketops-server environment=local buildVersion=0.1.0-SNAPSHOT correlationId=d447b1d2-efb7-4b13-843f-36740f964fbc c.m.m.s.i.c.CorrelationIdFilter - Request completed event="request_completed" correlationId="d447b1d2-efb7-4b13-843f-36740f964fbc" status="200"
  ✓   5 tests/advertising-browser/governed-advertising.spec.ts:278:1 › all four real HTTP lane projections preserve unknown values and expose no invented action (2.0s)
[WebServer] 2026-09-05T19:10:35.170+08:00 INFO  application=marketops-server environment=local buildVersion=0.1.0-SNAPSHOT correlationId=f3c05db3-4d0b-4e02-865f-5787d6883c68 c.m.m.s.i.c.CorrelationIdFilter - Request completed event="request_completed" correlationId="f3c05db3-4d0b-4e02-865f-5787d6883c68" status="200"
[WebServer] 2026-09-05T19:10:35.180+08:00 INFO  application=marketops-server environment=local buildVersion=0.1.0-SNAPSHOT correlationId=d7d5ed89-f23e-4816-8abb-7992e954bc6f c.m.m.s.i.e.ConsoleProblemAdvice - Console request refused event="console_request_refused" errorCode="RESOURCE_SCOPE_DENIED" correlationId="d7d5ed89-f23e-4816-8abb-7992e954bc6f"
[WebServer] 2026-09-05T19:10:35.180+08:00 INFO  application=marketops-server environment=local buildVersion=0.1.0-SNAPSHOT correlationId=d7d5ed89-f23e-4816-8abb-7992e954bc6f c.m.m.s.i.c.CorrelationIdFilter - Request completed event="request_completed" correlationId="d7d5ed89-f23e-4816-8abb-7992e954bc6f" status="403"
[WebServer] 2026-09-05T19:10:35.183+08:00 INFO  application=marketops-server environment=local buildVersion=0.1.0-SNAPSHOT correlationId=f6967a5a-f6af-46bb-9131-c423e546749b c.m.m.a.i.a.JdbcMetadataAuditStore - Metadata change recorded event="metadata_change_recorded" sourceDomain="advertisingefficiency" entityType="advertising_reservations" entityId="6da44a28-4ebd-4276-bd8b-9daa9fb41cbe" action="READ" actorId="cc3ca058-faf8-475a-bb83-594b25640d9d" correlationId="f6967a5a-f6af-46bb-9131-c423e546749b"
[WebServer] 2026-09-05T19:10:35.185+08:00 INFO  application=marketops-server environment=local buildVersion=0.1.0-SNAPSHOT correlationId=f6967a5a-f6af-46bb-9131-c423e546749b c.m.m.s.i.c.CorrelationIdFilter - Request completed event="request_completed" correlationId="f6967a5a-f6af-46bb-9131-c423e546749b" status="200"
[WebServer] 2026-09-05T19:10:35.187+08:00 INFO  application=marketops-server environment=local buildVersion=0.1.0-SNAPSHOT correlationId=8609add8-d071-44ac-b385-c75a0c336968 c.m.m.a.i.a.JdbcMetadataAuditStore - Metadata change recorded event="metadata_change_recorded" sourceDomain="advertisingefficiency" entityType="advertising_containments" entityId="6da44a28-4ebd-4276-bd8b-9daa9fb41cbe" action="READ" actorId="cc3ca058-faf8-475a-bb83-594b25640d9d" correlationId="8609add8-d071-44ac-b385-c75a0c336968"
[WebServer] 2026-09-05T19:10:35.187+08:00 INFO  application=marketops-server environment=local buildVersion=0.1.0-SNAPSHOT correlationId=b953059e-924b-4265-8945-1234c48a2582 c.m.m.a.i.a.JdbcMetadataAuditStore - Metadata change recorded event="metadata_change_recorded" sourceDomain="availabilityrisk" entityType="availability_queue" entityId="6da44a28-4ebd-4276-bd8b-9daa9fb41cbe" action="READ" actorId="cc3ca058-faf8-475a-bb83-594b25640d9d" correlationId="b953059e-924b-4265-8945-1234c48a2582"
[WebServer] 2026-09-05T19:10:35.189+08:00 INFO  application=marketops-server environment=local buildVersion=0.1.0-SNAPSHOT correlationId=b953059e-924b-4265-8945-1234c48a2582 c.m.m.s.i.c.CorrelationIdFilter - Request completed event="request_completed" correlationId="b953059e-924b-4265-8945-1234c48a2582" status="200"
[WebServer] 2026-09-05T19:10:35.189+08:00 INFO  application=marketops-server environment=local buildVersion=0.1.0-SNAPSHOT correlationId=033bc305-ff69-4019-b044-3ebca1edf074 c.m.m.s.i.e.ConsoleProblemAdvice - Console request refused event="console_request_refused" errorCode="RESOURCE_NOT_FOUND" correlationId="033bc305-ff69-4019-b044-3ebca1edf074"
[WebServer] 2026-09-05T19:10:35.192+08:00 INFO  application=marketops-server environment=local buildVersion=0.1.0-SNAPSHOT correlationId=033bc305-ff69-4019-b044-3ebca1edf074 c.m.m.s.i.c.CorrelationIdFilter - Request completed event="request_completed" correlationId="033bc305-ff69-4019-b044-3ebca1edf074" status="404"
[WebServer] 2026-09-05T19:10:35.195+08:00 INFO  application=marketops-server environment=local buildVersion=0.1.0-SNAPSHOT correlationId=b4f5998c-bf78-490f-88f7-06fc68a73bed c.m.m.a.i.a.JdbcMetadataAuditStore - Metadata change recorded event="metadata_change_recorded" sourceDomain="advertisingefficiency" entityType="advertising_exposure" entityId="6da44a28-4ebd-4276-bd8b-9daa9fb41cbe" action="READ" actorId="cc3ca058-faf8-475a-bb83-594b25640d9d" correlationId="b4f5998c-bf78-490f-88f7-06fc68a73bed"
[WebServer] 2026-09-05T19:10:35.196+08:00 INFO  application=marketops-server environment=local buildVersion=0.1.0-SNAPSHOT correlationId=b4f5998c-bf78-490f-88f7-06fc68a73bed c.m.m.s.i.c.CorrelationIdFilter - Request completed event="request_completed" correlationId="b4f5998c-bf78-490f-88f7-06fc68a73bed" status="200"
[WebServer] 2026-09-05T19:10:35.196+08:00 INFO  application=marketops-server environment=local buildVersion=0.1.0-SNAPSHOT correlationId=8609add8-d071-44ac-b385-c75a0c336968 c.m.m.s.i.c.CorrelationIdFilter - Request completed event="request_completed" correlationId="8609add8-d071-44ac-b385-c75a0c336968" status="200"
[WebServer] 2026-09-05T19:10:35.200+08:00 INFO  application=marketops-server environment=local buildVersion=0.1.0-SNAPSHOT correlationId=efbbdc8e-ac23-49e7-aace-4f9033389537 c.m.m.s.i.e.ConsoleProblemAdvice - Console request refused event="console_request_refused" errorCode="RESOURCE_SCOPE_DENIED" correlationId="efbbdc8e-ac23-49e7-aace-4f9033389537"
[WebServer] 2026-09-05T19:10:35.201+08:00 INFO  application=marketops-server environment=local buildVersion=0.1.0-SNAPSHOT correlationId=efbbdc8e-ac23-49e7-aace-4f9033389537 c.m.m.s.i.c.CorrelationIdFilter - Request completed event="request_completed" correlationId="efbbdc8e-ac23-49e7-aace-4f9033389537" status="403"
[WebServer] 2026-09-05T19:10:35.202+08:00 INFO  application=marketops-server environment=local buildVersion=0.1.0-SNAPSHOT correlationId=b7c3dc08-bb39-4064-b042-99139b33714c c.m.m.a.i.a.JdbcMetadataAuditStore - Metadata change recorded event="metadata_change_recorded" sourceDomain="advertisingefficiency" entityType="advertising_queue" entityId="6da44a28-4ebd-4276-bd8b-9daa9fb41cbe" action="READ" actorId="cc3ca058-faf8-475a-bb83-594b25640d9d" correlationId="b7c3dc08-bb39-4064-b042-99139b33714c"
[WebServer] 2026-09-05T19:10:35.211+08:00 INFO  application=marketops-server environment=local buildVersion=0.1.0-SNAPSHOT correlationId=e64b814d-50dd-43cd-9731-2d6daf216aaf c.m.m.a.i.a.JdbcMetadataAuditStore - Metadata change recorded event="metadata_change_recorded" sourceDomain="advertisingefficiency" entityType="advertising_orchestration" entityId="6da44a28-4ebd-4276-bd8b-9daa9fb41cbe" action="READ" actorId="cc3ca058-faf8-475a-bb83-594b25640d9d" correlationId="e64b814d-50dd-43cd-9731-2d6daf216aaf"
[WebServer] 2026-09-05T19:10:35.212+08:00 INFO  application=marketops-server environment=local buildVersion=0.1.0-SNAPSHOT correlationId=e64b814d-50dd-43cd-9731-2d6daf216aaf c.m.m.s.i.c.CorrelationIdFilter - Request completed event="request_completed" correlationId="e64b814d-50dd-43cd-9731-2d6daf216aaf" status="200"
[WebServer] 2026-09-05T19:10:35.218+08:00 INFO  application=marketops-server environment=local buildVersion=0.1.0-SNAPSHOT correlationId=b7c3dc08-bb39-4064-b042-99139b33714c c.m.m.s.i.c.CorrelationIdFilter - Request completed event="request_completed" correlationId="b7c3dc08-bb39-4064-b042-99139b33714c" status="200"
[WebServer] 2026-09-05T19:10:35.235+08:00 INFO  application=marketops-server environment=local buildVersion=0.1.0-SNAPSHOT correlationId=5eaee2c1-25e6-47d4-b318-1a9e27ddc905 c.m.m.s.i.c.CorrelationIdFilter - Request completed event="request_completed" correlationId="5eaee2c1-25e6-47d4-b318-1a9e27ddc905" status="200"
[WebServer] 2026-09-05T19:10:35.261+08:00 INFO  application=marketops-server environment=local buildVersion=0.1.0-SNAPSHOT correlationId=c38569a9-57af-40a1-897e-a30af4315a4c c.m.m.a.i.a.JdbcMetadataAuditStore - Metadata change recorded event="metadata_change_recorded" sourceDomain="advertisingefficiency" entityType="advertising_case" entityId="28dfd764-887b-4151-b30d-5149fbcf000b" action="READ" actorId="cc3ca058-faf8-475a-bb83-594b25640d9d" correlationId="c38569a9-57af-40a1-897e-a30af4315a4c"
[WebServer] 2026-09-05T19:10:35.274+08:00 INFO  application=marketops-server environment=local buildVersion=0.1.0-SNAPSHOT correlationId=c38569a9-57af-40a1-897e-a30af4315a4c c.m.m.s.i.c.CorrelationIdFilter - Request completed event="request_completed" correlationId="c38569a9-57af-40a1-897e-a30af4315a4c" status="200"
[WebServer] 2026-09-05T19:10:35.297+08:00 INFO  application=marketops-server environment=local buildVersion=0.1.0-SNAPSHOT correlationId=4ec0ac92-e3f9-4a92-9c27-8c3c14ad667c c.m.m.a.i.a.JdbcMetadataAuditStore - Metadata change recorded event="metadata_change_recorded" sourceDomain="advertisingefficiency" entityType="advertising_manual_packet" entityId="afb1d4a8-92b2-4d6d-b258-6abad005236b" action="READ" actorId="cc3ca058-faf8-475a-bb83-594b25640d9d" correlationId="4ec0ac92-e3f9-4a92-9c27-8c3c14ad667c"
[WebServer] 2026-09-05T19:10:35.298+08:00 INFO  application=marketops-server environment=local buildVersion=0.1.0-SNAPSHOT correlationId=4ec0ac92-e3f9-4a92-9c27-8c3c14ad667c c.m.m.s.i.c.CorrelationIdFilter - Request completed event="request_completed" correlationId="4ec0ac92-e3f9-4a92-9c27-8c3c14ad667c" status="200"
[WebServer] 2026-09-05T19:10:35.317+08:00 INFO  application=marketops-server environment=local buildVersion=0.1.0-SNAPSHOT correlationId=5d2008e4-193e-4f29-9c19-f344a2c57153 c.m.m.s.i.c.CorrelationIdFilter - Request completed event="request_completed" correlationId="5d2008e4-193e-4f29-9c19-f344a2c57153" status="200"
[WebServer] 2026-09-05T19:10:35.336+08:00 INFO  application=marketops-server environment=local buildVersion=0.1.0-SNAPSHOT correlationId=8f7bb5c0-a962-49e2-a346-3a3837eb1729 c.m.m.s.i.c.CorrelationIdFilter - Request completed event="request_completed" correlationId="8f7bb5c0-a962-49e2-a346-3a3837eb1729" status="200"
[WebServer] 2026-09-05T19:10:35.353+08:00 INFO  application=marketops-server environment=local buildVersion=0.1.0-SNAPSHOT correlationId=45dd021b-9b18-4eea-8a30-89ddc8949210 c.m.m.s.i.c.CorrelationIdFilter - Request completed event="request_completed" correlationId="45dd021b-9b18-4eea-8a30-89ddc8949210" status="200"
[WebServer] 2026-09-05T19:10:35.481+08:00 INFO  application=marketops-server environment=local buildVersion=0.1.0-SNAPSHOT correlationId=ba2b42e1-b422-4105-a0d4-93e8e977661f c.m.m.s.i.c.CorrelationIdFilter - Request completed event="request_completed" correlationId="ba2b42e1-b422-4105-a0d4-93e8e977661f" status="200"
[WebServer] 2026-09-05T19:10:35.547+08:00 INFO  application=marketops-server environment=local buildVersion=0.1.0-SNAPSHOT correlationId=4d4732f3-a23e-435b-a4c5-31ddb6b1726d c.m.m.s.i.c.CorrelationIdFilter - Request completed event="request_completed" correlationId="4d4732f3-a23e-435b-a4c5-31ddb6b1726d" status="200"
[WebServer] 2026-09-05T19:10:35.605+08:00 INFO  application=marketops-server environment=local buildVersion=0.1.0-SNAPSHOT correlationId=dc583b61-0012-426c-9bea-85bc5605e443 c.m.m.s.i.c.CorrelationIdFilter - Request completed event="request_completed" correlationId="dc583b61-0012-426c-9bea-85bc5605e443" status="200"
[WebServer] 2026-09-05T19:10:35.739+08:00 INFO  application=marketops-server environment=local buildVersion=0.1.0-SNAPSHOT correlationId=b533dcc8-b8d3-4e22-bff6-7f0920d0d654 c.m.m.s.i.c.CorrelationIdFilter - Request completed event="request_completed" correlationId="b533dcc8-b8d3-4e22-bff6-7f0920d0d654" status="200"
[WebServer] 2026-09-05T19:10:36.098+08:00 INFO  application=marketops-server environment=local buildVersion=0.1.0-SNAPSHOT correlationId=308e087b-f28d-49ca-86f2-e21429c8e422 c.m.m.s.i.c.CorrelationIdFilter - Request completed event="request_completed" correlationId="308e087b-f28d-49ca-86f2-e21429c8e422" status="200"
[WebServer] 2026-09-05T19:10:36.100+08:00 INFO  application=marketops-server environment=local buildVersion=0.1.0-SNAPSHOT correlationId=72cceaa8-3d42-4a35-a0db-236caca73805 c.m.m.a.i.a.JdbcMetadataAuditStore - Metadata change recorded event="metadata_change_recorded" sourceDomain="advertisingefficiency" entityType="advertising_containments" entityId="6da44a28-4ebd-4276-bd8b-9daa9fb41cbe" action="READ" actorId="f0123d72-289e-4c1f-a6bf-a8e337517293" correlationId="72cceaa8-3d42-4a35-a0db-236caca73805"
[WebServer] 2026-09-05T19:10:36.102+08:00 INFO  application=marketops-server environment=local buildVersion=0.1.0-SNAPSHOT correlationId=afb041bb-0cec-4093-8533-6537516fe34b c.m.m.s.i.e.ConsoleProblemAdvice - Console request refused event="console_request_refused" errorCode="RESOURCE_NOT_FOUND" correlationId="afb041bb-0cec-4093-8533-6537516fe34b"
[WebServer] 2026-09-05T19:10:36.102+08:00 INFO  application=marketops-server environment=local buildVersion=0.1.0-SNAPSHOT correlationId=afb041bb-0cec-4093-8533-6537516fe34b c.m.m.s.i.c.CorrelationIdFilter - Request completed event="request_completed" correlationId="afb041bb-0cec-4093-8533-6537516fe34b" status="404"
[WebServer] 2026-09-05T19:10:36.105+08:00 INFO  application=marketops-server environment=local buildVersion=0.1.0-SNAPSHOT correlationId=433cad7a-1c6d-4546-841c-eafd1e741380 c.m.m.s.i.e.ConsoleProblemAdvice - Console request refused event="console_request_refused" errorCode="RESOURCE_SCOPE_DENIED" correlationId="433cad7a-1c6d-4546-841c-eafd1e741380"
[WebServer] 2026-09-05T19:10:36.105+08:00 INFO  application=marketops-server environment=local buildVersion=0.1.0-SNAPSHOT correlationId=433cad7a-1c6d-4546-841c-eafd1e741380 c.m.m.s.i.c.CorrelationIdFilter - Request completed event="request_completed" correlationId="433cad7a-1c6d-4546-841c-eafd1e741380" status="403"
[WebServer] 2026-09-05T19:10:36.106+08:00 INFO  application=marketops-server environment=local buildVersion=0.1.0-SNAPSHOT correlationId=72cceaa8-3d42-4a35-a0db-236caca73805 c.m.m.s.i.c.CorrelationIdFilter - Request completed event="request_completed" correlationId="72cceaa8-3d42-4a35-a0db-236caca73805" status="200"
[WebServer] 2026-09-05T19:10:36.107+08:00 INFO  application=marketops-server environment=local buildVersion=0.1.0-SNAPSHOT correlationId=10037dad-15d2-4a62-991e-6f108536f13a c.m.m.a.i.a.JdbcMetadataAuditStore - Metadata change recorded event="metadata_change_recorded" sourceDomain="advertisingefficiency" entityType="advertising_reservations" entityId="6da44a28-4ebd-4276-bd8b-9daa9fb41cbe" action="READ" actorId="f0123d72-289e-4c1f-a6bf-a8e337517293" correlationId="10037dad-15d2-4a62-991e-6f108536f13a"
[WebServer] 2026-09-05T19:10:36.109+08:00 INFO  application=marketops-server environment=local buildVersion=0.1.0-SNAPSHOT correlationId=10037dad-15d2-4a62-991e-6f108536f13a c.m.m.s.i.c.CorrelationIdFilter - Request completed event="request_completed" correlationId="10037dad-15d2-4a62-991e-6f108536f13a" status="200"
[WebServer] 2026-09-05T19:10:36.110+08:00 INFO  application=marketops-server environment=local buildVersion=0.1.0-SNAPSHOT correlationId=ee21800e-87f5-44cc-a3c4-44652018d16e c.m.m.a.i.a.JdbcMetadataAuditStore - Metadata change recorded event="metadata_change_recorded" sourceDomain="availabilityrisk" entityType="availability_queue" entityId="6da44a28-4ebd-4276-bd8b-9daa9fb41cbe" action="READ" actorId="f0123d72-289e-4c1f-a6bf-a8e337517293" correlationId="ee21800e-87f5-44cc-a3c4-44652018d16e"
[WebServer] 2026-09-05T19:10:36.112+08:00 INFO  application=marketops-server environment=local buildVersion=0.1.0-SNAPSHOT correlationId=ee21800e-87f5-44cc-a3c4-44652018d16e c.m.m.s.i.c.CorrelationIdFilter - Request completed event="request_completed" correlationId="ee21800e-87f5-44cc-a3c4-44652018d16e" status="200"
[WebServer] 2026-09-05T19:10:36.120+08:00 INFO  application=marketops-server environment=local buildVersion=0.1.0-SNAPSHOT correlationId=18158535-903f-4b3c-86ec-42e5695160ad c.m.m.s.i.e.ConsoleProblemAdvice - Console request refused event="console_request_refused" errorCode="RESOURCE_SCOPE_DENIED" correlationId="18158535-903f-4b3c-86ec-42e5695160ad"
[WebServer] 2026-09-05T19:10:36.121+08:00 INFO  application=marketops-server environment=local buildVersion=0.1.0-SNAPSHOT correlationId=18158535-903f-4b3c-86ec-42e5695160ad c.m.m.s.i.c.CorrelationIdFilter - Request completed event="request_completed" correlationId="18158535-903f-4b3c-86ec-42e5695160ad" status="403"
[WebServer] 2026-09-05T19:10:36.121+08:00 INFO  application=marketops-server environment=local buildVersion=0.1.0-SNAPSHOT correlationId=2e172da0-932b-433b-a230-6b330f7d86ca c.m.m.a.i.a.JdbcMetadataAuditStore - Metadata change recorded event="metadata_change_recorded" sourceDomain="advertisingefficiency" entityType="advertising_queue" entityId="6da44a28-4ebd-4276-bd8b-9daa9fb41cbe" action="READ" actorId="f0123d72-289e-4c1f-a6bf-a8e337517293" correlationId="2e172da0-932b-433b-a230-6b330f7d86ca"
[WebServer] 2026-09-05T19:10:36.123+08:00 INFO  application=marketops-server environment=local buildVersion=0.1.0-SNAPSHOT correlationId=9c5659d9-380c-4c28-82a0-57bf0d579530 c.m.m.a.i.a.JdbcMetadataAuditStore - Metadata change recorded event="metadata_change_recorded" sourceDomain="advertisingefficiency" entityType="advertising_exposure" entityId="6da44a28-4ebd-4276-bd8b-9daa9fb41cbe" action="READ" actorId="f0123d72-289e-4c1f-a6bf-a8e337517293" correlationId="9c5659d9-380c-4c28-82a0-57bf0d579530"
[WebServer] 2026-09-05T19:10:36.124+08:00 INFO  application=marketops-server environment=local buildVersion=0.1.0-SNAPSHOT correlationId=9c5659d9-380c-4c28-82a0-57bf0d579530 c.m.m.s.i.c.CorrelationIdFilter - Request completed event="request_completed" correlationId="9c5659d9-380c-4c28-82a0-57bf0d579530" status="200"
[WebServer] 2026-09-05T19:10:36.137+08:00 INFO  application=marketops-server environment=local buildVersion=0.1.0-SNAPSHOT correlationId=2e172da0-932b-433b-a230-6b330f7d86ca c.m.m.s.i.c.CorrelationIdFilter - Request completed event="request_completed" correlationId="2e172da0-932b-433b-a230-6b330f7d86ca" status="200"
[WebServer] 2026-09-05T19:10:36.248+08:00 INFO  application=marketops-server environment=local buildVersion=0.1.0-SNAPSHOT correlationId=cc65c266-75f7-4774-8ef5-f4e39459f758 c.m.m.a.i.a.JdbcMetadataAuditStore - Metadata change recorded event="metadata_change_recorded" sourceDomain="advertisingefficiency" entityType="advertising_orchestration" entityId="6da44a28-4ebd-4276-bd8b-9daa9fb41cbe" action="READ" actorId="f0123d72-289e-4c1f-a6bf-a8e337517293" correlationId="cc65c266-75f7-4774-8ef5-f4e39459f758"
[WebServer] 2026-09-05T19:10:36.249+08:00 INFO  application=marketops-server environment=local buildVersion=0.1.0-SNAPSHOT correlationId=cc65c266-75f7-4774-8ef5-f4e39459f758 c.m.m.s.i.c.CorrelationIdFilter - Request completed event="request_completed" correlationId="cc65c266-75f7-4774-8ef5-f4e39459f758" status="200"
[WebServer] 2026-09-05T19:10:36.382+08:00 INFO  application=marketops-server environment=local buildVersion=0.1.0-SNAPSHOT correlationId=b2399b66-c7ce-4d87-861e-52dfee4f44f7 c.m.m.a.i.a.JdbcMetadataAuditStore - Metadata change recorded event="metadata_change_recorded" sourceDomain="advertisingefficiency" entityType="advertising_case" entityId="28dfd764-887b-4151-b30d-5149fbcf000b" action="READ" actorId="f0123d72-289e-4c1f-a6bf-a8e337517293" correlationId="b2399b66-c7ce-4d87-861e-52dfee4f44f7"
[WebServer] 2026-09-05T19:10:36.401+08:00 INFO  application=marketops-server environment=local buildVersion=0.1.0-SNAPSHOT correlationId=b2399b66-c7ce-4d87-861e-52dfee4f44f7 c.m.m.s.i.c.CorrelationIdFilter - Request completed event="request_completed" correlationId="b2399b66-c7ce-4d87-861e-52dfee4f44f7" status="200"
[WebServer] 2026-09-05T19:10:36.425+08:00 INFO  application=marketops-server environment=local buildVersion=0.1.0-SNAPSHOT correlationId=713f87b3-af1c-40c9-bfb1-436b60d8695c c.m.m.a.i.a.JdbcMetadataAuditStore - Metadata change recorded event="metadata_change_recorded" sourceDomain="advertisingefficiency" entityType="advertising_manual_packet" entityId="afb1d4a8-92b2-4d6d-b258-6abad005236b" action="READ" actorId="f0123d72-289e-4c1f-a6bf-a8e337517293" correlationId="713f87b3-af1c-40c9-bfb1-436b60d8695c"
[WebServer] 2026-09-05T19:10:36.426+08:00 INFO  application=marketops-server environment=local buildVersion=0.1.0-SNAPSHOT correlationId=713f87b3-af1c-40c9-bfb1-436b60d8695c c.m.m.s.i.c.CorrelationIdFilter - Request completed event="request_completed" correlationId="713f87b3-af1c-40c9-bfb1-436b60d8695c" status="200"
[WebServer] 2026-09-05T19:10:36.445+08:00 INFO  application=marketops-server environment=local buildVersion=0.1.0-SNAPSHOT correlationId=8e336988-cc9d-4f85-874f-72c961c32c95 c.m.m.s.i.c.CorrelationIdFilter - Request completed event="request_completed" correlationId="8e336988-cc9d-4f85-874f-72c961c32c95" status="200"
[WebServer] 2026-09-05T19:10:36.490+08:00 INFO  application=marketops-server environment=local buildVersion=0.1.0-SNAPSHOT correlationId=af0849e3-31e1-49f4-aeb8-641ba61fc49c c.m.m.s.i.c.CorrelationIdFilter - Request completed event="request_completed" correlationId="af0849e3-31e1-49f4-aeb8-641ba61fc49c" status="200"
[WebServer] 2026-09-05T19:10:36.555+08:00 INFO  application=marketops-server environment=local buildVersion=0.1.0-SNAPSHOT correlationId=7aad5936-f520-4d27-b38b-ea6e115c4d6d c.m.m.s.i.c.CorrelationIdFilter - Request completed event="request_completed" correlationId="7aad5936-f520-4d27-b38b-ea6e115c4d6d" status="200"
[WebServer] 2026-09-05T19:10:36.685+08:00 INFO  application=marketops-server environment=local buildVersion=0.1.0-SNAPSHOT correlationId=ac261e15-f48e-4d3a-8e74-fc77098e666c c.m.m.s.i.c.CorrelationIdFilter - Request completed event="request_completed" correlationId="ac261e15-f48e-4d3a-8e74-fc77098e666c" status="200"
[WebServer] 2026-09-05T19:10:36.752+08:00 INFO  application=marketops-server environment=local buildVersion=0.1.0-SNAPSHOT correlationId=1b29068a-3171-4b88-b1d5-812c443cc0c0 c.m.m.s.i.c.CorrelationIdFilter - Request completed event="request_completed" correlationId="1b29068a-3171-4b88-b1d5-812c443cc0c0" status="200"
[WebServer] 2026-09-05T19:10:36.848+08:00 INFO  application=marketops-server environment=local buildVersion=0.1.0-SNAPSHOT correlationId=85fc306a-c46c-43d9-8336-3877c536c84a c.m.m.s.i.c.CorrelationIdFilter - Request completed event="request_completed" correlationId="85fc306a-c46c-43d9-8336-3877c536c84a" status="200"
[WebServer] 2026-09-05T19:10:37.189+08:00 INFO  application=marketops-server environment=local buildVersion=0.1.0-SNAPSHOT correlationId=90d0d4b5-63a7-4f6f-bb71-a6dbeaf7fe94 c.m.m.a.i.a.JdbcMetadataAuditStore - Metadata change recorded event="metadata_change_recorded" sourceDomain="advertisingefficiency" entityType="advertising_reservations" entityId="6da44a28-4ebd-4276-bd8b-9daa9fb41cbe" action="READ" actorId="5fb80630-6376-4da1-83a4-d1d7c0c2cfbc" correlationId="90d0d4b5-63a7-4f6f-bb71-a6dbeaf7fe94"
[WebServer] 2026-09-05T19:10:37.190+08:00 INFO  application=marketops-server environment=local buildVersion=0.1.0-SNAPSHOT correlationId=a96b11fb-b34e-4c52-9fdb-8b40235ede35 c.m.m.s.i.e.ConsoleProblemAdvice - Console request refused event="console_request_refused" errorCode="RESOURCE_SCOPE_DENIED" correlationId="a96b11fb-b34e-4c52-9fdb-8b40235ede35"
[WebServer] 2026-09-05T19:10:37.191+08:00 INFO  application=marketops-server environment=local buildVersion=0.1.0-SNAPSHOT correlationId=a96b11fb-b34e-4c52-9fdb-8b40235ede35 c.m.m.s.i.c.CorrelationIdFilter - Request completed event="request_completed" correlationId="a96b11fb-b34e-4c52-9fdb-8b40235ede35" status="403"
[WebServer] 2026-09-05T19:10:37.191+08:00 INFO  application=marketops-server environment=local buildVersion=0.1.0-SNAPSHOT correlationId=90d0d4b5-63a7-4f6f-bb71-a6dbeaf7fe94 c.m.m.s.i.c.CorrelationIdFilter - Request completed event="request_completed" correlationId="90d0d4b5-63a7-4f6f-bb71-a6dbeaf7fe94" status="200"
[WebServer] 2026-09-05T19:10:37.193+08:00 INFO  application=marketops-server environment=local buildVersion=0.1.0-SNAPSHOT correlationId=837e2a18-4822-418a-8baf-ea41aa73447b c.m.m.s.i.e.ConsoleProblemAdvice - Console request refused event="console_request_refused" errorCode="RESOURCE_NOT_FOUND" correlationId="837e2a18-4822-418a-8baf-ea41aa73447b"
[WebServer] 2026-09-05T19:10:37.193+08:00 INFO  application=marketops-server environment=local buildVersion=0.1.0-SNAPSHOT correlationId=837e2a18-4822-418a-8baf-ea41aa73447b c.m.m.s.i.c.CorrelationIdFilter - Request completed event="request_completed" correlationId="837e2a18-4822-418a-8baf-ea41aa73447b" status="404"
[WebServer] 2026-09-05T19:10:37.198+08:00 INFO  application=marketops-server environment=local buildVersion=0.1.0-SNAPSHOT correlationId=42e1d465-109e-486f-a626-429252f07ef7 c.m.m.s.i.c.CorrelationIdFilter - Request completed event="request_completed" correlationId="42e1d465-109e-486f-a626-429252f07ef7" status="200"
[WebServer] 2026-09-05T19:10:37.201+08:00 INFO  application=marketops-server environment=local buildVersion=0.1.0-SNAPSHOT correlationId=ef5d51a2-1628-40a8-91b0-905d9c6e822b c.m.m.a.i.a.JdbcMetadataAuditStore - Metadata change recorded event="metadata_change_recorded" sourceDomain="advertisingefficiency" entityType="advertising_containments" entityId="6da44a28-4ebd-4276-bd8b-9daa9fb41cbe" action="READ" actorId="5fb80630-6376-4da1-83a4-d1d7c0c2cfbc" correlationId="ef5d51a2-1628-40a8-91b0-905d9c6e822b"
[WebServer] 2026-09-05T19:10:37.201+08:00 INFO  application=marketops-server environment=local buildVersion=0.1.0-SNAPSHOT correlationId=edff246c-0247-4d0f-9ec6-c70b1543e28e c.m.m.a.i.a.JdbcMetadataAuditStore - Metadata change recorded event="metadata_change_recorded" sourceDomain="availabilityrisk" entityType="availability_queue" entityId="6da44a28-4ebd-4276-bd8b-9daa9fb41cbe" action="READ" actorId="5fb80630-6376-4da1-83a4-d1d7c0c2cfbc" correlationId="edff246c-0247-4d0f-9ec6-c70b1543e28e"
[WebServer] 2026-09-05T19:10:37.202+08:00 INFO  application=marketops-server environment=local buildVersion=0.1.0-SNAPSHOT correlationId=edff246c-0247-4d0f-9ec6-c70b1543e28e c.m.m.s.i.c.CorrelationIdFilter - Request completed event="request_completed" correlationId="edff246c-0247-4d0f-9ec6-c70b1543e28e" status="200"
[WebServer] 2026-09-05T19:10:37.209+08:00 INFO  application=marketops-server environment=local buildVersion=0.1.0-SNAPSHOT correlationId=4f339233-3eba-46fb-b52e-82fabbe23932 c.m.m.s.i.e.ConsoleProblemAdvice - Console request refused event="console_request_refused" errorCode="RESOURCE_SCOPE_DENIED" correlationId="4f339233-3eba-46fb-b52e-82fabbe23932"
[WebServer] 2026-09-05T19:10:37.209+08:00 INFO  application=marketops-server environment=local buildVersion=0.1.0-SNAPSHOT correlationId=4f339233-3eba-46fb-b52e-82fabbe23932 c.m.m.s.i.c.CorrelationIdFilter - Request completed event="request_completed" correlationId="4f339233-3eba-46fb-b52e-82fabbe23932" status="403"
[WebServer] 2026-09-05T19:10:37.210+08:00 INFO  application=marketops-server environment=local buildVersion=0.1.0-SNAPSHOT correlationId=ef5d51a2-1628-40a8-91b0-905d9c6e822b c.m.m.s.i.c.CorrelationIdFilter - Request completed event="request_completed" correlationId="ef5d51a2-1628-40a8-91b0-905d9c6e822b" status="200"
[WebServer] 2026-09-05T19:10:37.215+08:00 INFO  application=marketops-server environment=local buildVersion=0.1.0-SNAPSHOT correlationId=553a1d0a-93ee-4254-bd80-8fa9c894fa5d c.m.m.a.i.a.JdbcMetadataAuditStore - Metadata change recorded event="metadata_change_recorded" sourceDomain="advertisingefficiency" entityType="advertising_queue" entityId="6da44a28-4ebd-4276-bd8b-9daa9fb41cbe" action="READ" actorId="5fb80630-6376-4da1-83a4-d1d7c0c2cfbc" correlationId="553a1d0a-93ee-4254-bd80-8fa9c894fa5d"
[WebServer] 2026-09-05T19:10:37.217+08:00 INFO  application=marketops-server environment=local buildVersion=0.1.0-SNAPSHOT correlationId=2399d4a4-ca09-43a2-a5a9-965d4fd067f0 c.m.m.a.i.a.JdbcMetadataAuditStore - Metadata change recorded event="metadata_change_recorded" sourceDomain="advertisingefficiency" entityType="advertising_exposure" entityId="6da44a28-4ebd-4276-bd8b-9daa9fb41cbe" action="READ" actorId="5fb80630-6376-4da1-83a4-d1d7c0c2cfbc" correlationId="2399d4a4-ca09-43a2-a5a9-965d4fd067f0"
[WebServer] 2026-09-05T19:10:37.218+08:00 INFO  application=marketops-server environment=local buildVersion=0.1.0-SNAPSHOT correlationId=2399d4a4-ca09-43a2-a5a9-965d4fd067f0 c.m.m.s.i.c.CorrelationIdFilter - Request completed event="request_completed" correlationId="2399d4a4-ca09-43a2-a5a9-965d4fd067f0" status="200"
[WebServer] 2026-09-05T19:10:37.231+08:00 INFO  application=marketops-server environment=local buildVersion=0.1.0-SNAPSHOT correlationId=553a1d0a-93ee-4254-bd80-8fa9c894fa5d c.m.m.s.i.c.CorrelationIdFilter - Request completed event="request_completed" correlationId="553a1d0a-93ee-4254-bd80-8fa9c894fa5d" status="200"
[WebServer] 2026-09-05T19:10:37.236+08:00 INFO  application=marketops-server environment=local buildVersion=0.1.0-SNAPSHOT correlationId=520d0ded-9e9a-4468-be34-4fb104d7cbaa c.m.m.a.i.a.JdbcMetadataAuditStore - Metadata change recorded event="metadata_change_recorded" sourceDomain="advertisingefficiency" entityType="advertising_orchestration" entityId="6da44a28-4ebd-4276-bd8b-9daa9fb41cbe" action="READ" actorId="5fb80630-6376-4da1-83a4-d1d7c0c2cfbc" correlationId="520d0ded-9e9a-4468-be34-4fb104d7cbaa"
[WebServer] 2026-09-05T19:10:37.238+08:00 INFO  application=marketops-server environment=local buildVersion=0.1.0-SNAPSHOT correlationId=520d0ded-9e9a-4468-be34-4fb104d7cbaa c.m.m.s.i.c.CorrelationIdFilter - Request completed event="request_completed" correlationId="520d0ded-9e9a-4468-be34-4fb104d7cbaa" status="200"
[WebServer] 2026-09-05T19:10:37.254+08:00 INFO  application=marketops-server environment=local buildVersion=0.1.0-SNAPSHOT correlationId=0c26100f-1611-4b3c-922e-c64721ec5a15 c.m.m.s.i.c.CorrelationIdFilter - Request completed event="request_completed" correlationId="0c26100f-1611-4b3c-922e-c64721ec5a15" status="200"
[WebServer] 2026-09-05T19:10:37.379+08:00 INFO  application=marketops-server environment=local buildVersion=0.1.0-SNAPSHOT correlationId=fb63d941-a980-411e-86c4-1fc3dda29a38 c.m.m.a.i.a.JdbcMetadataAuditStore - Metadata change recorded event="metadata_change_recorded" sourceDomain="advertisingefficiency" entityType="advertising_case" entityId="28dfd764-887b-4151-b30d-5149fbcf000b" action="READ" actorId="5fb80630-6376-4da1-83a4-d1d7c0c2cfbc" correlationId="fb63d941-a980-411e-86c4-1fc3dda29a38"
[WebServer] 2026-09-05T19:10:37.394+08:00 INFO  application=marketops-server environment=local buildVersion=0.1.0-SNAPSHOT correlationId=fb63d941-a980-411e-86c4-1fc3dda29a38 c.m.m.s.i.c.CorrelationIdFilter - Request completed event="request_completed" correlationId="fb63d941-a980-411e-86c4-1fc3dda29a38" status="200"
[WebServer] 2026-09-05T19:10:37.418+08:00 INFO  application=marketops-server environment=local buildVersion=0.1.0-SNAPSHOT correlationId=69d9b178-b9cc-4ddd-aa17-57ad4959a091 c.m.m.a.i.a.JdbcMetadataAuditStore - Metadata change recorded event="metadata_change_recorded" sourceDomain="advertisingefficiency" entityType="advertising_manual_packet" entityId="afb1d4a8-92b2-4d6d-b258-6abad005236b" action="READ" actorId="5fb80630-6376-4da1-83a4-d1d7c0c2cfbc" correlationId="69d9b178-b9cc-4ddd-aa17-57ad4959a091"
[WebServer] 2026-09-05T19:10:37.419+08:00 INFO  application=marketops-server environment=local buildVersion=0.1.0-SNAPSHOT correlationId=69d9b178-b9cc-4ddd-aa17-57ad4959a091 c.m.m.s.i.c.CorrelationIdFilter - Request completed event="request_completed" correlationId="69d9b178-b9cc-4ddd-aa17-57ad4959a091" status="200"
[WebServer] 2026-09-05T19:10:37.440+08:00 INFO  application=marketops-server environment=local buildVersion=0.1.0-SNAPSHOT correlationId=8b8eba53-6eec-4f2e-96a7-45073d1f584b c.m.m.s.i.c.CorrelationIdFilter - Request completed event="request_completed" correlationId="8b8eba53-6eec-4f2e-96a7-45073d1f584b" status="200"
[WebServer] 2026-09-05T19:10:37.485+08:00 INFO  application=marketops-server environment=local buildVersion=0.1.0-SNAPSHOT correlationId=38aa4304-62d0-43b6-b64e-b31d1026e42a c.m.m.s.i.c.CorrelationIdFilter - Request completed event="request_completed" correlationId="38aa4304-62d0-43b6-b64e-b31d1026e42a" status="200"
[WebServer] 2026-09-05T19:10:37.536+08:00 INFO  application=marketops-server environment=local buildVersion=0.1.0-SNAPSHOT correlationId=5597b391-ecb5-45a5-8251-f678a9efa09d c.m.m.s.i.c.CorrelationIdFilter - Request completed event="request_completed" correlationId="5597b391-ecb5-45a5-8251-f678a9efa09d" status="200"
[WebServer] 2026-09-05T19:10:37.642+08:00 INFO  application=marketops-server environment=local buildVersion=0.1.0-SNAPSHOT correlationId=81baefca-8d41-4039-bf83-58005826c1e6 c.m.m.s.i.c.CorrelationIdFilter - Request completed event="request_completed" correlationId="81baefca-8d41-4039-bf83-58005826c1e6" status="200"
[WebServer] 2026-09-05T19:10:37.834+08:00 INFO  application=marketops-server environment=local buildVersion=0.1.0-SNAPSHOT correlationId=6c8211e8-2f9a-4579-aa1b-0c3e1b81ff29 c.m.m.s.i.c.CorrelationIdFilter - Request completed event="request_completed" correlationId="6c8211e8-2f9a-4579-aa1b-0c3e1b81ff29" status="200"
[WebServer] 2026-09-05T19:10:37.923+08:00 INFO  application=marketops-server environment=local buildVersion=0.1.0-SNAPSHOT correlationId=21c750eb-5f9f-4610-ac0e-a6a3bd6a003b c.m.m.s.i.c.CorrelationIdFilter - Request completed event="request_completed" correlationId="21c750eb-5f9f-4610-ac0e-a6a3bd6a003b" status="200"
[WebServer] 2026-09-05T19:10:38.010+08:00 INFO  application=marketops-server environment=local buildVersion=0.1.0-SNAPSHOT correlationId=3a21c431-9e4b-4c42-a60e-74b7c7495e2d c.m.m.s.i.c.CorrelationIdFilter - Request completed event="request_completed" correlationId="3a21c431-9e4b-4c42-a60e-74b7c7495e2d" status="200"
[WebServer] 2026-09-05T19:10:38.151+08:00 INFO  application=marketops-server environment=local buildVersion=0.1.0-SNAPSHOT correlationId=5ff9fb59-6841-4267-becc-ef35d9d667f9 c.m.m.s.i.c.CorrelationIdFilter - Request completed event="request_completed" correlationId="5ff9fb59-6841-4267-becc-ef35d9d667f9" status="200"
[WebServer] 2026-09-05T19:10:38.193+08:00 INFO  application=marketops-server environment=local buildVersion=0.1.0-SNAPSHOT correlationId=896b1f04-fd0a-4663-bc04-0e017cc111ab c.m.m.s.i.c.CorrelationIdFilter - Request completed event="request_completed" correlationId="896b1f04-fd0a-4663-bc04-0e017cc111ab" status="200"
[WebServer] 2026-09-05T19:10:38.221+08:00 INFO  application=marketops-server environment=local buildVersion=0.1.0-SNAPSHOT correlationId=bec6beb5-f20c-4bdc-95c0-abb5c81b82b9 c.m.m.s.i.c.CorrelationIdFilter - Request completed event="request_completed" correlationId="bec6beb5-f20c-4bdc-95c0-abb5c81b82b9" status="200"
  ✓   6 tests/advertising-browser/governed-advertising.spec.ts:311:1 › three distinct people accept an exact temporary exception, block actions, and end it (3.6s)
[WebServer] 2026-09-05T19:10:38.849+08:00 INFO  application=marketops-server environment=local buildVersion=0.1.0-SNAPSHOT correlationId=b90deb31-abb8-43ec-b69a-38a2a26a71be c.m.m.s.i.c.CorrelationIdFilter - Request completed event="request_completed" correlationId="b90deb31-abb8-43ec-b69a-38a2a26a71be" status="200"
[WebServer] 2026-09-05T19:10:38.850+08:00 INFO  application=marketops-server environment=local buildVersion=0.1.0-SNAPSHOT correlationId=7e36bf88-3bde-41ce-b446-4217b3c1dfa6 c.m.m.a.i.a.JdbcMetadataAuditStore - Metadata change recorded event="metadata_change_recorded" sourceDomain="advertisingefficiency" entityType="advertising_reservations" entityId="1fd8008d-fbf7-4802-8d53-10060afe5c65" action="READ" actorId="8da85209-369d-47d7-bede-8f4dc6c50d06" correlationId="7e36bf88-3bde-41ce-b446-4217b3c1dfa6"
[WebServer] 2026-09-05T19:10:38.850+08:00 INFO  application=marketops-server environment=local buildVersion=0.1.0-SNAPSHOT correlationId=37e68a65-4353-48cf-8a90-34331dc165f6 c.m.m.s.i.e.ConsoleProblemAdvice - Console request refused event="console_request_refused" errorCode="RESOURCE_NOT_FOUND" correlationId="37e68a65-4353-48cf-8a90-34331dc165f6"
[WebServer] 2026-09-05T19:10:38.850+08:00 INFO  application=marketops-server environment=local buildVersion=0.1.0-SNAPSHOT correlationId=b4000305-99b9-419f-8ade-1d16516627f7 c.m.m.a.i.a.JdbcMetadataAuditStore - Metadata change recorded event="metadata_change_recorded" sourceDomain="advertisingefficiency" entityType="advertising_containments" entityId="1fd8008d-fbf7-4802-8d53-10060afe5c65" action="READ" actorId="8da85209-369d-47d7-bede-8f4dc6c50d06" correlationId="b4000305-99b9-419f-8ade-1d16516627f7"
[WebServer] 2026-09-05T19:10:38.850+08:00 INFO  application=marketops-server environment=local buildVersion=0.1.0-SNAPSHOT correlationId=37e68a65-4353-48cf-8a90-34331dc165f6 c.m.m.s.i.c.CorrelationIdFilter - Request completed event="request_completed" correlationId="37e68a65-4353-48cf-8a90-34331dc165f6" status="404"
[WebServer] 2026-09-05T19:10:38.854+08:00 INFO  application=marketops-server environment=local buildVersion=0.1.0-SNAPSHOT correlationId=aa479d91-3da3-496d-b139-1b262cb70c4f c.m.m.s.i.e.ConsoleProblemAdvice - Console request refused event="console_request_refused" errorCode="RESOURCE_SCOPE_DENIED" correlationId="aa479d91-3da3-496d-b139-1b262cb70c4f"
[WebServer] 2026-09-05T19:10:38.855+08:00 INFO  application=marketops-server environment=local buildVersion=0.1.0-SNAPSHOT correlationId=aa479d91-3da3-496d-b139-1b262cb70c4f c.m.m.s.i.c.CorrelationIdFilter - Request completed event="request_completed" correlationId="aa479d91-3da3-496d-b139-1b262cb70c4f" status="403"
[WebServer] 2026-09-05T19:10:38.857+08:00 INFO  application=marketops-server environment=local buildVersion=0.1.0-SNAPSHOT correlationId=cbeb363c-1df9-4355-8e46-7d91ff515a1a c.m.m.a.i.a.JdbcMetadataAuditStore - Metadata change recorded event="metadata_change_recorded" sourceDomain="availabilityrisk" entityType="availability_queue" entityId="1fd8008d-fbf7-4802-8d53-10060afe5c65" action="READ" actorId="8da85209-369d-47d7-bede-8f4dc6c50d06" correlationId="cbeb363c-1df9-4355-8e46-7d91ff515a1a"
[WebServer] 2026-09-05T19:10:38.859+08:00 INFO  application=marketops-server environment=local buildVersion=0.1.0-SNAPSHOT correlationId=cbeb363c-1df9-4355-8e46-7d91ff515a1a c.m.m.s.i.c.CorrelationIdFilter - Request completed event="request_completed" correlationId="cbeb363c-1df9-4355-8e46-7d91ff515a1a" status="200"
[WebServer] 2026-09-05T19:10:38.863+08:00 INFO  application=marketops-server environment=local buildVersion=0.1.0-SNAPSHOT correlationId=55683a4a-a3d2-4075-8dde-cb7fc432140e c.m.m.a.i.a.JdbcMetadataAuditStore - Metadata change recorded event="metadata_change_recorded" sourceDomain="advertisingefficiency" entityType="advertising_exposure" entityId="1fd8008d-fbf7-4802-8d53-10060afe5c65" action="READ" actorId="8da85209-369d-47d7-bede-8f4dc6c50d06" correlationId="55683a4a-a3d2-4075-8dde-cb7fc432140e"
[WebServer] 2026-09-05T19:10:38.863+08:00 INFO  application=marketops-server environment=local buildVersion=0.1.0-SNAPSHOT correlationId=b4000305-99b9-419f-8ade-1d16516627f7 c.m.m.s.i.c.CorrelationIdFilter - Request completed event="request_completed" correlationId="b4000305-99b9-419f-8ade-1d16516627f7" status="200"
[WebServer] 2026-09-05T19:10:38.864+08:00 INFO  application=marketops-server environment=local buildVersion=0.1.0-SNAPSHOT correlationId=55683a4a-a3d2-4075-8dde-cb7fc432140e c.m.m.s.i.c.CorrelationIdFilter - Request completed event="request_completed" correlationId="55683a4a-a3d2-4075-8dde-cb7fc432140e" status="200"
[WebServer] 2026-09-05T19:10:38.872+08:00 INFO  application=marketops-server environment=local buildVersion=0.1.0-SNAPSHOT correlationId=abf719a8-08b9-41ae-816b-dc5e85dfb662 c.m.m.s.i.e.ConsoleProblemAdvice - Console request refused event="console_request_refused" errorCode="RESOURCE_SCOPE_DENIED" correlationId="abf719a8-08b9-41ae-816b-dc5e85dfb662"
[WebServer] 2026-09-05T19:10:38.872+08:00 INFO  application=marketops-server environment=local buildVersion=0.1.0-SNAPSHOT correlationId=abf719a8-08b9-41ae-816b-dc5e85dfb662 c.m.m.s.i.c.CorrelationIdFilter - Request completed event="request_completed" correlationId="abf719a8-08b9-41ae-816b-dc5e85dfb662" status="403"
[WebServer] 2026-09-05T19:10:38.872+08:00 INFO  application=marketops-server environment=local buildVersion=0.1.0-SNAPSHOT correlationId=7e36bf88-3bde-41ce-b446-4217b3c1dfa6 c.m.m.s.i.c.CorrelationIdFilter - Request completed event="request_completed" correlationId="7e36bf88-3bde-41ce-b446-4217b3c1dfa6" status="200"
[WebServer] 2026-09-05T19:10:38.876+08:00 INFO  application=marketops-server environment=local buildVersion=0.1.0-SNAPSHOT correlationId=ecfefcca-9e71-4a93-8b09-e377052ae83a c.m.m.a.i.a.JdbcMetadataAuditStore - Metadata change recorded event="metadata_change_recorded" sourceDomain="advertisingefficiency" entityType="advertising_queue" entityId="1fd8008d-fbf7-4802-8d53-10060afe5c65" action="READ" actorId="8da85209-369d-47d7-bede-8f4dc6c50d06" correlationId="ecfefcca-9e71-4a93-8b09-e377052ae83a"
[WebServer] 2026-09-05T19:10:38.887+08:00 INFO  application=marketops-server environment=local buildVersion=0.1.0-SNAPSHOT correlationId=4f10458b-c45c-4bac-bddc-2bbcc2af0792 c.m.m.a.i.a.JdbcMetadataAuditStore - Metadata change recorded event="metadata_change_recorded" sourceDomain="advertisingefficiency" entityType="advertising_orchestration" entityId="1fd8008d-fbf7-4802-8d53-10060afe5c65" action="READ" actorId="8da85209-369d-47d7-bede-8f4dc6c50d06" correlationId="4f10458b-c45c-4bac-bddc-2bbcc2af0792"
[WebServer] 2026-09-05T19:10:38.888+08:00 INFO  application=marketops-server environment=local buildVersion=0.1.0-SNAPSHOT correlationId=4f10458b-c45c-4bac-bddc-2bbcc2af0792 c.m.m.s.i.c.CorrelationIdFilter - Request completed event="request_completed" correlationId="4f10458b-c45c-4bac-bddc-2bbcc2af0792" status="200"
[WebServer] 2026-09-05T19:10:38.924+08:00 INFO  application=marketops-server environment=local buildVersion=0.1.0-SNAPSHOT correlationId=275182e0-4bf5-40cf-a5db-41c80ee963e9 c.m.m.s.i.c.CorrelationIdFilter - Request completed event="request_completed" correlationId="275182e0-4bf5-40cf-a5db-41c80ee963e9" status="200"
[WebServer] 2026-09-05T19:10:38.938+08:00 INFO  application=marketops-server environment=local buildVersion=0.1.0-SNAPSHOT correlationId=ecfefcca-9e71-4a93-8b09-e377052ae83a c.m.m.s.i.c.CorrelationIdFilter - Request completed event="request_completed" correlationId="ecfefcca-9e71-4a93-8b09-e377052ae83a" status="200"
[WebServer] 2026-09-05T19:10:39.037+08:00 INFO  application=marketops-server environment=local buildVersion=0.1.0-SNAPSHOT correlationId=913ecfae-20ea-4b3d-a81e-4bc9cf572a97 c.m.m.a.i.a.JdbcMetadataAuditStore - Metadata change recorded event="metadata_change_recorded" sourceDomain="advertisingefficiency" entityType="advertising_case" entityId="23787a6a-9abc-45e2-9728-5bb036fefb39" action="READ" actorId="8da85209-369d-47d7-bede-8f4dc6c50d06" correlationId="913ecfae-20ea-4b3d-a81e-4bc9cf572a97"
[WebServer] 2026-09-05T19:10:39.050+08:00 INFO  application=marketops-server environment=local buildVersion=0.1.0-SNAPSHOT correlationId=913ecfae-20ea-4b3d-a81e-4bc9cf572a97 c.m.m.s.i.c.CorrelationIdFilter - Request completed event="request_completed" correlationId="913ecfae-20ea-4b3d-a81e-4bc9cf572a97" status="200"
[WebServer] 2026-09-05T19:10:39.078+08:00 INFO  application=marketops-server environment=local buildVersion=0.1.0-SNAPSHOT correlationId=52e30eb0-e0f1-4c19-a1a5-baab4f56692b c.m.m.a.i.a.JdbcMetadataAuditStore - Metadata change recorded event="metadata_change_recorded" sourceDomain="advertisingefficiency" entityType="advertising_manual_packet" entityId="f11e3411-96b8-43a1-ad33-a6df07386e2c" action="READ" actorId="8da85209-369d-47d7-bede-8f4dc6c50d06" correlationId="52e30eb0-e0f1-4c19-a1a5-baab4f56692b"
[WebServer] 2026-09-05T19:10:39.080+08:00 INFO  application=marketops-server environment=local buildVersion=0.1.0-SNAPSHOT correlationId=52e30eb0-e0f1-4c19-a1a5-baab4f56692b c.m.m.s.i.c.CorrelationIdFilter - Request completed event="request_completed" correlationId="52e30eb0-e0f1-4c19-a1a5-baab4f56692b" status="200"
[WebServer] 2026-09-05T19:10:39.108+08:00 INFO  application=marketops-server environment=local buildVersion=0.1.0-SNAPSHOT correlationId=dd063893-8097-4226-a3de-11ce2d403a44 c.m.m.s.i.c.CorrelationIdFilter - Request completed event="request_completed" correlationId="dd063893-8097-4226-a3de-11ce2d403a44" status="200"
[WebServer] 2026-09-05T19:10:39.131+08:00 INFO  application=marketops-server environment=local buildVersion=0.1.0-SNAPSHOT correlationId=9f885478-3afa-4b46-85cc-bfb78f9e8143 c.m.m.s.i.c.CorrelationIdFilter - Request completed event="request_completed" correlationId="9f885478-3afa-4b46-85cc-bfb78f9e8143" status="200"
[WebServer] 2026-09-05T19:10:39.151+08:00 INFO  application=marketops-server environment=local buildVersion=0.1.0-SNAPSHOT correlationId=2d97bb2e-c472-49d1-bd76-1eea4ccda9b0 c.m.m.s.i.c.CorrelationIdFilter - Request completed event="request_completed" correlationId="2d97bb2e-c472-49d1-bd76-1eea4ccda9b0" status="200"
[WebServer] 2026-09-05T19:10:39.153+08:00 INFO  application=marketops-server environment=local buildVersion=0.1.0-SNAPSHOT correlationId=3f7f8659-106d-46df-9300-c59509c20d6a c.m.m.a.i.a.JdbcMetadataAuditStore - Metadata change recorded event="metadata_change_recorded" sourceDomain="advertisingefficiency" entityType="advertising_command" entityId="895a7a18-8875-4d28-b02e-4d8b2c80ccd4" action="READ" actorId="8da85209-369d-47d7-bede-8f4dc6c50d06" correlationId="3f7f8659-106d-46df-9300-c59509c20d6a"
[WebServer] 2026-09-05T19:10:39.163+08:00 INFO  application=marketops-server environment=local buildVersion=0.1.0-SNAPSHOT correlationId=3f7f8659-106d-46df-9300-c59509c20d6a c.m.m.s.i.c.CorrelationIdFilter - Request completed event="request_completed" correlationId="3f7f8659-106d-46df-9300-c59509c20d6a" status="200"
[WebServer] 2026-09-05T19:10:39.180+08:00 INFO  application=marketops-server environment=local buildVersion=0.1.0-SNAPSHOT correlationId=3059d0d9-b429-48e6-adb9-479938f28de1 c.m.m.s.i.c.CorrelationIdFilter - Request completed event="request_completed" correlationId="3059d0d9-b429-48e6-adb9-479938f28de1" status="200"
[WebServer] 2026-09-05T19:10:39.184+08:00 INFO  application=marketops-server environment=local buildVersion=0.1.0-SNAPSHOT correlationId=49754c7f-766a-46d5-8f76-da9c83b29dad c.m.m.a.i.a.JdbcMetadataAuditStore - Metadata change recorded event="metadata_change_recorded" sourceDomain="advertisingefficiency" entityType="advertising_outcome" entityId="895a7a18-8875-4d28-b02e-4d8b2c80ccd4" action="READ" actorId="8da85209-369d-47d7-bede-8f4dc6c50d06" correlationId="49754c7f-766a-46d5-8f76-da9c83b29dad"
[WebServer] 2026-09-05T19:10:39.185+08:00 INFO  application=marketops-server environment=local buildVersion=0.1.0-SNAPSHOT correlationId=49754c7f-766a-46d5-8f76-da9c83b29dad c.m.m.s.i.c.CorrelationIdFilter - Request completed event="request_completed" correlationId="49754c7f-766a-46d5-8f76-da9c83b29dad" status="200"
[WebServer] 2026-09-05T19:10:39.378+08:00 INFO  application=marketops-server environment=local buildVersion=0.1.0-SNAPSHOT correlationId=fff4c6c6-a217-4f48-af94-1c2b61b99f39 c.m.m.s.i.c.CorrelationIdFilter - Request completed event="request_completed" correlationId="fff4c6c6-a217-4f48-af94-1c2b61b99f39" status="200"
[WebServer] 2026-09-05T19:10:39.442+08:00 INFO  application=marketops-server environment=local buildVersion=0.1.0-SNAPSHOT correlationId=eaedfce9-7c8b-4aa6-848b-0c1e34276719 c.m.m.a.i.a.JdbcMetadataAuditStore - Metadata change recorded event="metadata_change_recorded" sourceDomain="advertisingefficiency" entityType="advertising_reservations" entityId="1fd8008d-fbf7-4802-8d53-10060afe5c65" action="READ" actorId="8da85209-369d-47d7-bede-8f4dc6c50d06" correlationId="eaedfce9-7c8b-4aa6-848b-0c1e34276719"
[WebServer] 2026-09-05T19:10:39.442+08:00 INFO  application=marketops-server environment=local buildVersion=0.1.0-SNAPSHOT correlationId=b77f2d58-c8b0-42b1-b308-1b4936ee6835 c.m.m.s.i.e.ConsoleProblemAdvice - Console request refused event="console_request_refused" errorCode="RESOURCE_NOT_FOUND" correlationId="b77f2d58-c8b0-42b1-b308-1b4936ee6835"
[WebServer] 2026-09-05T19:10:39.443+08:00 INFO  application=marketops-server environment=local buildVersion=0.1.0-SNAPSHOT correlationId=b77f2d58-c8b0-42b1-b308-1b4936ee6835 c.m.m.s.i.c.CorrelationIdFilter - Request completed event="request_completed" correlationId="b77f2d58-c8b0-42b1-b308-1b4936ee6835" status="404"
[WebServer] 2026-09-05T19:10:39.445+08:00 INFO  application=marketops-server environment=local buildVersion=0.1.0-SNAPSHOT correlationId=e118f7a3-8849-4627-b13d-03f438f95e01 c.m.m.a.i.a.JdbcMetadataAuditStore - Metadata change recorded event="metadata_change_recorded" sourceDomain="advertisingefficiency" entityType="advertising_containments" entityId="1fd8008d-fbf7-4802-8d53-10060afe5c65" action="READ" actorId="8da85209-369d-47d7-bede-8f4dc6c50d06" correlationId="e118f7a3-8849-4627-b13d-03f438f95e01"
[WebServer] 2026-09-05T19:10:39.446+08:00 INFO  application=marketops-server environment=local buildVersion=0.1.0-SNAPSHOT correlationId=614332bb-5148-4387-a026-668af632d782 c.m.m.s.i.e.ConsoleProblemAdvice - Console request refused event="console_request_refused" errorCode="RESOURCE_SCOPE_DENIED" correlationId="614332bb-5148-4387-a026-668af632d782"
[WebServer] 2026-09-05T19:10:39.446+08:00 INFO  application=marketops-server environment=local buildVersion=0.1.0-SNAPSHOT correlationId=614332bb-5148-4387-a026-668af632d782 c.m.m.s.i.c.CorrelationIdFilter - Request completed event="request_completed" correlationId="614332bb-5148-4387-a026-668af632d782" status="403"
[WebServer] 2026-09-05T19:10:39.450+08:00 INFO  application=marketops-server environment=local buildVersion=0.1.0-SNAPSHOT correlationId=e5486a83-7f55-467d-997d-da3b4745f0a3 c.m.m.a.i.a.JdbcMetadataAuditStore - Metadata change recorded event="metadata_change_recorded" sourceDomain="availabilityrisk" entityType="availability_queue" entityId="1fd8008d-fbf7-4802-8d53-10060afe5c65" action="READ" actorId="8da85209-369d-47d7-bede-8f4dc6c50d06" correlationId="e5486a83-7f55-467d-997d-da3b4745f0a3"
[WebServer] 2026-09-05T19:10:39.452+08:00 INFO  application=marketops-server environment=local buildVersion=0.1.0-SNAPSHOT correlationId=e5486a83-7f55-467d-997d-da3b4745f0a3 c.m.m.s.i.c.CorrelationIdFilter - Request completed event="request_completed" correlationId="e5486a83-7f55-467d-997d-da3b4745f0a3" status="200"
[WebServer] 2026-09-05T19:10:39.459+08:00 INFO  application=marketops-server environment=local buildVersion=0.1.0-SNAPSHOT correlationId=6ef3b94b-57e6-4903-831a-4eb1dcf9c1f9 c.m.m.a.i.a.JdbcMetadataAuditStore - Metadata change recorded event="metadata_change_recorded" sourceDomain="advertisingefficiency" entityType="advertising_exposure" entityId="1fd8008d-fbf7-4802-8d53-10060afe5c65" action="READ" actorId="8da85209-369d-47d7-bede-8f4dc6c50d06" correlationId="6ef3b94b-57e6-4903-831a-4eb1dcf9c1f9"
[WebServer] 2026-09-05T19:10:39.462+08:00 INFO  application=marketops-server environment=local buildVersion=0.1.0-SNAPSHOT correlationId=6ef3b94b-57e6-4903-831a-4eb1dcf9c1f9 c.m.m.s.i.c.CorrelationIdFilter - Request completed event="request_completed" correlationId="6ef3b94b-57e6-4903-831a-4eb1dcf9c1f9" status="200"
[WebServer] 2026-09-05T19:10:39.466+08:00 INFO  application=marketops-server environment=local buildVersion=0.1.0-SNAPSHOT correlationId=e118f7a3-8849-4627-b13d-03f438f95e01 c.m.m.s.i.c.CorrelationIdFilter - Request completed event="request_completed" correlationId="e118f7a3-8849-4627-b13d-03f438f95e01" status="200"
[WebServer] 2026-09-05T19:10:39.469+08:00 INFO  application=marketops-server environment=local buildVersion=0.1.0-SNAPSHOT correlationId=52e66042-a5ec-41dc-834b-9248f492706f c.m.m.s.i.e.ConsoleProblemAdvice - Console request refused event="console_request_refused" errorCode="RESOURCE_SCOPE_DENIED" correlationId="52e66042-a5ec-41dc-834b-9248f492706f"
[WebServer] 2026-09-05T19:10:39.469+08:00 INFO  application=marketops-server environment=local buildVersion=0.1.0-SNAPSHOT correlationId=52e66042-a5ec-41dc-834b-9248f492706f c.m.m.s.i.c.CorrelationIdFilter - Request completed event="request_completed" correlationId="52e66042-a5ec-41dc-834b-9248f492706f" status="403"
[WebServer] 2026-09-05T19:10:39.471+08:00 INFO  application=marketops-server environment=local buildVersion=0.1.0-SNAPSHOT correlationId=eaedfce9-7c8b-4aa6-848b-0c1e34276719 c.m.m.s.i.c.CorrelationIdFilter - Request completed event="request_completed" correlationId="eaedfce9-7c8b-4aa6-848b-0c1e34276719" status="200"
[WebServer] 2026-09-05T19:10:39.476+08:00 INFO  application=marketops-server environment=local buildVersion=0.1.0-SNAPSHOT correlationId=e45d6dd4-1984-4573-87dd-6d56d25ebd36 c.m.m.a.i.a.JdbcMetadataAuditStore - Metadata change recorded event="metadata_change_recorded" sourceDomain="advertisingefficiency" entityType="advertising_queue" entityId="1fd8008d-fbf7-4802-8d53-10060afe5c65" action="READ" actorId="8da85209-369d-47d7-bede-8f4dc6c50d06" correlationId="e45d6dd4-1984-4573-87dd-6d56d25ebd36"
[WebServer] 2026-09-05T19:10:39.487+08:00 INFO  application=marketops-server environment=local buildVersion=0.1.0-SNAPSHOT correlationId=e5a0148a-51c9-4bfa-85cf-bf8ae3509db0 c.m.m.a.i.a.JdbcMetadataAuditStore - Metadata change recorded event="metadata_change_recorded" sourceDomain="advertisingefficiency" entityType="advertising_orchestration" entityId="1fd8008d-fbf7-4802-8d53-10060afe5c65" action="READ" actorId="8da85209-369d-47d7-bede-8f4dc6c50d06" correlationId="e5a0148a-51c9-4bfa-85cf-bf8ae3509db0"
[WebServer] 2026-09-05T19:10:39.488+08:00 INFO  application=marketops-server environment=local buildVersion=0.1.0-SNAPSHOT correlationId=e5a0148a-51c9-4bfa-85cf-bf8ae3509db0 c.m.m.s.i.c.CorrelationIdFilter - Request completed event="request_completed" correlationId="e5a0148a-51c9-4bfa-85cf-bf8ae3509db0" status="200"
[WebServer] 2026-09-05T19:10:39.543+08:00 INFO  application=marketops-server environment=local buildVersion=0.1.0-SNAPSHOT correlationId=e45d6dd4-1984-4573-87dd-6d56d25ebd36 c.m.m.s.i.c.CorrelationIdFilter - Request completed event="request_completed" correlationId="e45d6dd4-1984-4573-87dd-6d56d25ebd36" status="200"
[WebServer] 2026-09-05T19:10:39.865+08:00 INFO  application=marketops-server environment=local buildVersion=0.1.0-SNAPSHOT correlationId=79200965-87c3-4aa7-a6c0-af0153deb54e c.m.m.a.i.a.JdbcMetadataAuditStore - Metadata change recorded event="metadata_change_recorded" sourceDomain="advertisingefficiency" entityType="advertising_reservations" entityId="1fd8008d-fbf7-4802-8d53-10060afe5c65" action="READ" actorId="a749582d-7a9b-4834-aa1c-d3aece0c4d39" correlationId="79200965-87c3-4aa7-a6c0-af0153deb54e"
[WebServer] 2026-09-05T19:10:39.867+08:00 INFO  application=marketops-server environment=local buildVersion=0.1.0-SNAPSHOT correlationId=d5bdfa8e-d552-4830-81b6-922f8551fbb9 c.m.m.s.i.e.ConsoleProblemAdvice - Console request refused event="console_request_refused" errorCode="RESOURCE_NOT_FOUND" correlationId="d5bdfa8e-d552-4830-81b6-922f8551fbb9"
[WebServer] 2026-09-05T19:10:39.867+08:00 INFO  application=marketops-server environment=local buildVersion=0.1.0-SNAPSHOT correlationId=d5bdfa8e-d552-4830-81b6-922f8551fbb9 c.m.m.s.i.c.CorrelationIdFilter - Request completed event="request_completed" correlationId="d5bdfa8e-d552-4830-81b6-922f8551fbb9" status="404"
[WebServer] 2026-09-05T19:10:39.867+08:00 INFO  application=marketops-server environment=local buildVersion=0.1.0-SNAPSHOT correlationId=9f5cea3f-54fd-42b6-9718-a357b7f17f33 c.m.m.a.i.a.JdbcMetadataAuditStore - Metadata change recorded event="metadata_change_recorded" sourceDomain="advertisingefficiency" entityType="advertising_containments" entityId="1fd8008d-fbf7-4802-8d53-10060afe5c65" action="READ" actorId="a749582d-7a9b-4834-aa1c-d3aece0c4d39" correlationId="9f5cea3f-54fd-42b6-9718-a357b7f17f33"
[WebServer] 2026-09-05T19:10:39.868+08:00 INFO  application=marketops-server environment=local buildVersion=0.1.0-SNAPSHOT correlationId=4bf33065-31bf-48c8-a7e6-9cf4ce07d463 c.m.m.s.i.e.ConsoleProblemAdvice - Console request refused event="console_request_refused" errorCode="RESOURCE_SCOPE_DENIED" correlationId="4bf33065-31bf-48c8-a7e6-9cf4ce07d463"
[WebServer] 2026-09-05T19:10:39.868+08:00 INFO  application=marketops-server environment=local buildVersion=0.1.0-SNAPSHOT correlationId=4bf33065-31bf-48c8-a7e6-9cf4ce07d463 c.m.m.s.i.c.CorrelationIdFilter - Request completed event="request_completed" correlationId="4bf33065-31bf-48c8-a7e6-9cf4ce07d463" status="403"
[WebServer] 2026-09-05T19:10:39.871+08:00 INFO  application=marketops-server environment=local buildVersion=0.1.0-SNAPSHOT correlationId=aba3d15e-dc45-40e6-af2a-acf6202f439b c.m.m.a.i.a.JdbcMetadataAuditStore - Metadata change recorded event="metadata_change_recorded" sourceDomain="availabilityrisk" entityType="availability_queue" entityId="1fd8008d-fbf7-4802-8d53-10060afe5c65" action="READ" actorId="a749582d-7a9b-4834-aa1c-d3aece0c4d39" correlationId="aba3d15e-dc45-40e6-af2a-acf6202f439b"
[WebServer] 2026-09-05T19:10:39.873+08:00 INFO  application=marketops-server environment=local buildVersion=0.1.0-SNAPSHOT correlationId=aba3d15e-dc45-40e6-af2a-acf6202f439b c.m.m.s.i.c.CorrelationIdFilter - Request completed event="request_completed" correlationId="aba3d15e-dc45-40e6-af2a-acf6202f439b" status="200"
[WebServer] 2026-09-05T19:10:39.886+08:00 INFO  application=marketops-server environment=local buildVersion=0.1.0-SNAPSHOT correlationId=8b673db1-5922-4012-bca6-1f9bf735828a c.m.m.s.i.c.CorrelationIdFilter - Request completed event="request_completed" correlationId="8b673db1-5922-4012-bca6-1f9bf735828a" status="200"
[WebServer] 2026-09-05T19:10:39.887+08:00 INFO  application=marketops-server environment=local buildVersion=0.1.0-SNAPSHOT correlationId=9f5cea3f-54fd-42b6-9718-a357b7f17f33 c.m.m.s.i.c.CorrelationIdFilter - Request completed event="request_completed" correlationId="9f5cea3f-54fd-42b6-9718-a357b7f17f33" status="200"
[WebServer] 2026-09-05T19:10:39.889+08:00 INFO  application=marketops-server environment=local buildVersion=0.1.0-SNAPSHOT correlationId=8eba2d10-74a6-47be-b483-2480aebd2ab5 c.m.m.s.i.e.ConsoleProblemAdvice - Console request refused event="console_request_refused" errorCode="RESOURCE_SCOPE_DENIED" correlationId="8eba2d10-74a6-47be-b483-2480aebd2ab5"
[WebServer] 2026-09-05T19:10:39.890+08:00 INFO  application=marketops-server environment=local buildVersion=0.1.0-SNAPSHOT correlationId=8eba2d10-74a6-47be-b483-2480aebd2ab5 c.m.m.s.i.c.CorrelationIdFilter - Request completed event="request_completed" correlationId="8eba2d10-74a6-47be-b483-2480aebd2ab5" status="403"
[WebServer] 2026-09-05T19:10:39.895+08:00 INFO  application=marketops-server environment=local buildVersion=0.1.0-SNAPSHOT correlationId=265e2e37-41c4-4399-b44e-647e4a7c0b84 c.m.m.a.i.a.JdbcMetadataAuditStore - Metadata change recorded event="metadata_change_recorded" sourceDomain="advertisingefficiency" entityType="advertising_exposure" entityId="1fd8008d-fbf7-4802-8d53-10060afe5c65" action="READ" actorId="a749582d-7a9b-4834-aa1c-d3aece0c4d39" correlationId="265e2e37-41c4-4399-b44e-647e4a7c0b84"
[WebServer] 2026-09-05T19:10:39.897+08:00 INFO  application=marketops-server environment=local buildVersion=0.1.0-SNAPSHOT correlationId=265e2e37-41c4-4399-b44e-647e4a7c0b84 c.m.m.s.i.c.CorrelationIdFilter - Request completed event="request_completed" correlationId="265e2e37-41c4-4399-b44e-647e4a7c0b84" status="200"
[WebServer] 2026-09-05T19:10:39.900+08:00 INFO  application=marketops-server environment=local buildVersion=0.1.0-SNAPSHOT correlationId=ef71ded2-fd78-4f95-8292-f08ce6d0b36e c.m.m.a.i.a.JdbcMetadataAuditStore - Metadata change recorded event="metadata_change_recorded" sourceDomain="advertisingefficiency" entityType="advertising_queue" entityId="1fd8008d-fbf7-4802-8d53-10060afe5c65" action="READ" actorId="a749582d-7a9b-4834-aa1c-d3aece0c4d39" correlationId="ef71ded2-fd78-4f95-8292-f08ce6d0b36e"
[WebServer] 2026-09-05T19:10:39.901+08:00 INFO  application=marketops-server environment=local buildVersion=0.1.0-SNAPSHOT correlationId=79200965-87c3-4aa7-a6c0-af0153deb54e c.m.m.s.i.c.CorrelationIdFilter - Request completed event="request_completed" correlationId="79200965-87c3-4aa7-a6c0-af0153deb54e" status="200"
[WebServer] 2026-09-05T19:10:39.923+08:00 INFO  application=marketops-server environment=local buildVersion=0.1.0-SNAPSHOT correlationId=03bf2561-d3f6-4640-8a54-3d1557daa008 c.m.m.a.i.a.JdbcMetadataAuditStore - Metadata change recorded event="metadata_change_recorded" sourceDomain="advertisingefficiency" entityType="advertising_orchestration" entityId="1fd8008d-fbf7-4802-8d53-10060afe5c65" action="READ" actorId="a749582d-7a9b-4834-aa1c-d3aece0c4d39" correlationId="03bf2561-d3f6-4640-8a54-3d1557daa008"
[WebServer] 2026-09-05T19:10:39.924+08:00 INFO  application=marketops-server environment=local buildVersion=0.1.0-SNAPSHOT correlationId=03bf2561-d3f6-4640-8a54-3d1557daa008 c.m.m.s.i.c.CorrelationIdFilter - Request completed event="request_completed" correlationId="03bf2561-d3f6-4640-8a54-3d1557daa008" status="200"
[WebServer] 2026-09-05T19:10:39.942+08:00 INFO  application=marketops-server environment=local buildVersion=0.1.0-SNAPSHOT correlationId=4423e9c9-8315-40fa-ab51-60432840f3f3 c.m.m.s.i.c.CorrelationIdFilter - Request completed event="request_completed" correlationId="4423e9c9-8315-40fa-ab51-60432840f3f3" status="200"
[WebServer] 2026-09-05T19:10:39.960+08:00 INFO  application=marketops-server environment=local buildVersion=0.1.0-SNAPSHOT correlationId=ef71ded2-fd78-4f95-8292-f08ce6d0b36e c.m.m.s.i.c.CorrelationIdFilter - Request completed event="request_completed" correlationId="ef71ded2-fd78-4f95-8292-f08ce6d0b36e" status="200"
[WebServer] 2026-09-05T19:10:40.062+08:00 INFO  application=marketops-server environment=local buildVersion=0.1.0-SNAPSHOT correlationId=386a00b7-f113-4dd6-88b7-649ebde6766c c.m.m.a.i.a.JdbcMetadataAuditStore - Metadata change recorded event="metadata_change_recorded" sourceDomain="advertisingefficiency" entityType="advertising_case" entityId="23787a6a-9abc-45e2-9728-5bb036fefb39" action="READ" actorId="a749582d-7a9b-4834-aa1c-d3aece0c4d39" correlationId="386a00b7-f113-4dd6-88b7-649ebde6766c"
[WebServer] 2026-09-05T19:10:40.079+08:00 INFO  application=marketops-server environment=local buildVersion=0.1.0-SNAPSHOT correlationId=386a00b7-f113-4dd6-88b7-649ebde6766c c.m.m.s.i.c.CorrelationIdFilter - Request completed event="request_completed" correlationId="386a00b7-f113-4dd6-88b7-649ebde6766c" status="200"
[WebServer] 2026-09-05T19:10:40.104+08:00 INFO  application=marketops-server environment=local buildVersion=0.1.0-SNAPSHOT correlationId=bc16b691-307f-4ea0-9b9b-bf8011383f3a c.m.m.a.i.a.JdbcMetadataAuditStore - Metadata change recorded event="metadata_change_recorded" sourceDomain="advertisingefficiency" entityType="advertising_manual_packet" entityId="f11e3411-96b8-43a1-ad33-a6df07386e2c" action="READ" actorId="a749582d-7a9b-4834-aa1c-d3aece0c4d39" correlationId="bc16b691-307f-4ea0-9b9b-bf8011383f3a"
[WebServer] 2026-09-05T19:10:40.105+08:00 INFO  application=marketops-server environment=local buildVersion=0.1.0-SNAPSHOT correlationId=bc16b691-307f-4ea0-9b9b-bf8011383f3a c.m.m.s.i.c.CorrelationIdFilter - Request completed event="request_completed" correlationId="bc16b691-307f-4ea0-9b9b-bf8011383f3a" status="200"
[WebServer] 2026-09-05T19:10:40.123+08:00 INFO  application=marketops-server environment=local buildVersion=0.1.0-SNAPSHOT correlationId=82fbb06f-8fa6-45ec-82a7-c9e31d540a93 c.m.m.s.i.c.CorrelationIdFilter - Request completed event="request_completed" correlationId="82fbb06f-8fa6-45ec-82a7-c9e31d540a93" status="200"
[WebServer] 2026-09-05T19:10:40.150+08:00 INFO  application=marketops-server environment=local buildVersion=0.1.0-SNAPSHOT correlationId=7cab9e50-ea54-4bea-83a1-ca64c4529a88 c.m.m.s.i.c.CorrelationIdFilter - Request completed event="request_completed" correlationId="7cab9e50-ea54-4bea-83a1-ca64c4529a88" status="200"
[WebServer] 2026-09-05T19:10:40.171+08:00 INFO  application=marketops-server environment=local buildVersion=0.1.0-SNAPSHOT correlationId=30fc6909-604e-4d68-bea2-81251971983d c.m.m.s.i.c.CorrelationIdFilter - Request completed event="request_completed" correlationId="30fc6909-604e-4d68-bea2-81251971983d" status="200"
[WebServer] 2026-09-05T19:10:40.172+08:00 INFO  application=marketops-server environment=local buildVersion=0.1.0-SNAPSHOT correlationId=3666e63a-a5ab-485e-908e-d4876e203cf1 c.m.m.a.i.a.JdbcMetadataAuditStore - Metadata change recorded event="metadata_change_recorded" sourceDomain="advertisingefficiency" entityType="advertising_command" entityId="895a7a18-8875-4d28-b02e-4d8b2c80ccd4" action="READ" actorId="a749582d-7a9b-4834-aa1c-d3aece0c4d39" correlationId="3666e63a-a5ab-485e-908e-d4876e203cf1"
[WebServer] 2026-09-05T19:10:40.184+08:00 INFO  application=marketops-server environment=local buildVersion=0.1.0-SNAPSHOT correlationId=3666e63a-a5ab-485e-908e-d4876e203cf1 c.m.m.s.i.c.CorrelationIdFilter - Request completed event="request_completed" correlationId="3666e63a-a5ab-485e-908e-d4876e203cf1" status="200"
[WebServer] 2026-09-05T19:10:40.202+08:00 INFO  application=marketops-server environment=local buildVersion=0.1.0-SNAPSHOT correlationId=081e552a-ec41-4566-9381-c1e3ddf9d6e5 c.m.m.s.i.c.CorrelationIdFilter - Request completed event="request_completed" correlationId="081e552a-ec41-4566-9381-c1e3ddf9d6e5" status="200"
[WebServer] 2026-09-05T19:10:40.205+08:00 INFO  application=marketops-server environment=local buildVersion=0.1.0-SNAPSHOT correlationId=65341be2-4809-4487-aafd-94d6437d9629 c.m.m.a.i.a.JdbcMetadataAuditStore - Metadata change recorded event="metadata_change_recorded" sourceDomain="advertisingefficiency" entityType="advertising_outcome" entityId="895a7a18-8875-4d28-b02e-4d8b2c80ccd4" action="READ" actorId="a749582d-7a9b-4834-aa1c-d3aece0c4d39" correlationId="65341be2-4809-4487-aafd-94d6437d9629"
[WebServer] 2026-09-05T19:10:40.206+08:00 INFO  application=marketops-server environment=local buildVersion=0.1.0-SNAPSHOT correlationId=65341be2-4809-4487-aafd-94d6437d9629 c.m.m.s.i.c.CorrelationIdFilter - Request completed event="request_completed" correlationId="65341be2-4809-4487-aafd-94d6437d9629" status="200"
[WebServer] 2026-09-05T19:10:40.292+08:00 INFO  application=marketops-server environment=local buildVersion=0.1.0-SNAPSHOT correlationId=9f40fbcc-5a66-4621-bb25-85f0d7be4839 c.m.m.s.i.e.ConsoleProblemAdvice - Console request refused event="console_request_refused" errorCode="RESOURCE_NOT_FOUND" correlationId="9f40fbcc-5a66-4621-bb25-85f0d7be4839"
[WebServer] 2026-09-05T19:10:40.292+08:00 INFO  application=marketops-server environment=local buildVersion=0.1.0-SNAPSHOT correlationId=c45a2879-aba2-4227-b78b-a3d0d36c549d c.m.m.a.i.a.JdbcMetadataAuditStore - Metadata change recorded event="metadata_change_recorded" sourceDomain="advertisingefficiency" entityType="advertising_reservations" entityId="1fd8008d-fbf7-4802-8d53-10060afe5c65" action="READ" actorId="a749582d-7a9b-4834-aa1c-d3aece0c4d39" correlationId="c45a2879-aba2-4227-b78b-a3d0d36c549d"
[WebServer] 2026-09-05T19:10:40.292+08:00 INFO  application=marketops-server environment=local buildVersion=0.1.0-SNAPSHOT correlationId=9f40fbcc-5a66-4621-bb25-85f0d7be4839 c.m.m.s.i.c.CorrelationIdFilter - Request completed event="request_completed" correlationId="9f40fbcc-5a66-4621-bb25-85f0d7be4839" status="404"
[WebServer] 2026-09-05T19:10:40.293+08:00 INFO  application=marketops-server environment=local buildVersion=0.1.0-SNAPSHOT correlationId=5cfdd1ea-bc85-4b5f-a22b-3a2a558bbb95 c.m.m.a.i.a.JdbcMetadataAuditStore - Metadata change recorded event="metadata_change_recorded" sourceDomain="advertisingefficiency" entityType="advertising_containments" entityId="1fd8008d-fbf7-4802-8d53-10060afe5c65" action="READ" actorId="a749582d-7a9b-4834-aa1c-d3aece0c4d39" correlationId="5cfdd1ea-bc85-4b5f-a22b-3a2a558bbb95"
[WebServer] 2026-09-05T19:10:40.295+08:00 INFO  application=marketops-server environment=local buildVersion=0.1.0-SNAPSHOT correlationId=925a751a-e2e0-4b2c-a172-5912286d318a c.m.m.s.i.e.ConsoleProblemAdvice - Console request refused event="console_request_refused" errorCode="RESOURCE_SCOPE_DENIED" correlationId="925a751a-e2e0-4b2c-a172-5912286d318a"
[WebServer] 2026-09-05T19:10:40.296+08:00 INFO  application=marketops-server environment=local buildVersion=0.1.0-SNAPSHOT correlationId=925a751a-e2e0-4b2c-a172-5912286d318a c.m.m.s.i.c.CorrelationIdFilter - Request completed event="request_completed" correlationId="925a751a-e2e0-4b2c-a172-5912286d318a" status="403"
[WebServer] 2026-09-05T19:10:40.299+08:00 INFO  application=marketops-server environment=local buildVersion=0.1.0-SNAPSHOT correlationId=388e240c-e7cd-4901-9b94-28e889146064 c.m.m.a.i.a.JdbcMetadataAuditStore - Metadata change recorded event="metadata_change_recorded" sourceDomain="availabilityrisk" entityType="availability_queue" entityId="1fd8008d-fbf7-4802-8d53-10060afe5c65" action="READ" actorId="a749582d-7a9b-4834-aa1c-d3aece0c4d39" correlationId="388e240c-e7cd-4901-9b94-28e889146064"
[WebServer] 2026-09-05T19:10:40.300+08:00 INFO  application=marketops-server environment=local buildVersion=0.1.0-SNAPSHOT correlationId=388e240c-e7cd-4901-9b94-28e889146064 c.m.m.s.i.c.CorrelationIdFilter - Request completed event="request_completed" correlationId="388e240c-e7cd-4901-9b94-28e889146064" status="200"
[WebServer] 2026-09-05T19:10:40.309+08:00 INFO  application=marketops-server environment=local buildVersion=0.1.0-SNAPSHOT correlationId=5cfdd1ea-bc85-4b5f-a22b-3a2a558bbb95 c.m.m.s.i.c.CorrelationIdFilter - Request completed event="request_completed" correlationId="5cfdd1ea-bc85-4b5f-a22b-3a2a558bbb95" status="200"
[WebServer] 2026-09-05T19:10:40.309+08:00 INFO  application=marketops-server environment=local buildVersion=0.1.0-SNAPSHOT correlationId=7dd6a446-9c63-48e7-bff6-3f656643874c c.m.m.a.i.a.JdbcMetadataAuditStore - Metadata change recorded event="metadata_change_recorded" sourceDomain="advertisingefficiency" entityType="advertising_exposure" entityId="1fd8008d-fbf7-4802-8d53-10060afe5c65" action="READ" actorId="a749582d-7a9b-4834-aa1c-d3aece0c4d39" correlationId="7dd6a446-9c63-48e7-bff6-3f656643874c"
[WebServer] 2026-09-05T19:10:40.310+08:00 INFO  application=marketops-server environment=local buildVersion=0.1.0-SNAPSHOT correlationId=79157274-b3fa-42f3-a2d9-0ca1e01874ff c.m.m.s.i.e.ConsoleProblemAdvice - Console request refused event="console_request_refused" errorCode="RESOURCE_SCOPE_DENIED" correlationId="79157274-b3fa-42f3-a2d9-0ca1e01874ff"
[WebServer] 2026-09-05T19:10:40.311+08:00 INFO  application=marketops-server environment=local buildVersion=0.1.0-SNAPSHOT correlationId=79157274-b3fa-42f3-a2d9-0ca1e01874ff c.m.m.s.i.c.CorrelationIdFilter - Request completed event="request_completed" correlationId="79157274-b3fa-42f3-a2d9-0ca1e01874ff" status="403"
[WebServer] 2026-09-05T19:10:40.312+08:00 INFO  application=marketops-server environment=local buildVersion=0.1.0-SNAPSHOT correlationId=7dd6a446-9c63-48e7-bff6-3f656643874c c.m.m.s.i.c.CorrelationIdFilter - Request completed event="request_completed" correlationId="7dd6a446-9c63-48e7-bff6-3f656643874c" status="200"
[WebServer] 2026-09-05T19:10:40.317+08:00 INFO  application=marketops-server environment=local buildVersion=0.1.0-SNAPSHOT correlationId=1c2cc4c1-d50f-4f17-a949-f6c54e64fc2c c.m.m.a.i.a.JdbcMetadataAuditStore - Metadata change recorded event="metadata_change_recorded" sourceDomain="advertisingefficiency" entityType="advertising_queue" entityId="1fd8008d-fbf7-4802-8d53-10060afe5c65" action="READ" actorId="a749582d-7a9b-4834-aa1c-d3aece0c4d39" correlationId="1c2cc4c1-d50f-4f17-a949-f6c54e64fc2c"
[WebServer] 2026-09-05T19:10:40.318+08:00 INFO  application=marketops-server environment=local buildVersion=0.1.0-SNAPSHOT correlationId=c45a2879-aba2-4227-b78b-a3d0d36c549d c.m.m.s.i.c.CorrelationIdFilter - Request completed event="request_completed" correlationId="c45a2879-aba2-4227-b78b-a3d0d36c549d" status="200"
[WebServer] 2026-09-05T19:10:40.333+08:00 INFO  application=marketops-server environment=local buildVersion=0.1.0-SNAPSHOT correlationId=cfe117d0-56f0-4b76-9818-cddb204aeb73 c.m.m.a.i.a.JdbcMetadataAuditStore - Metadata change recorded event="metadata_change_recorded" sourceDomain="advertisingefficiency" entityType="advertising_orchestration" entityId="1fd8008d-fbf7-4802-8d53-10060afe5c65" action="READ" actorId="a749582d-7a9b-4834-aa1c-d3aece0c4d39" correlationId="cfe117d0-56f0-4b76-9818-cddb204aeb73"
[WebServer] 2026-09-05T19:10:40.334+08:00 INFO  application=marketops-server environment=local buildVersion=0.1.0-SNAPSHOT correlationId=cfe117d0-56f0-4b76-9818-cddb204aeb73 c.m.m.s.i.c.CorrelationIdFilter - Request completed event="request_completed" correlationId="cfe117d0-56f0-4b76-9818-cddb204aeb73" status="200"
[WebServer] 2026-09-05T19:10:40.368+08:00 INFO  application=marketops-server environment=local buildVersion=0.1.0-SNAPSHOT correlationId=1c2cc4c1-d50f-4f17-a949-f6c54e64fc2c c.m.m.s.i.c.CorrelationIdFilter - Request completed event="request_completed" correlationId="1c2cc4c1-d50f-4f17-a949-f6c54e64fc2c" status="200"
[WebServer] 2026-09-05T19:10:40.431+08:00 INFO  application=marketops-server environment=local buildVersion=0.1.0-SNAPSHOT correlationId=c83faca4-3707-44c3-837e-f9b18cc19419 c.m.m.s.i.c.CorrelationIdFilter - Request completed event="request_completed" correlationId="c83faca4-3707-44c3-837e-f9b18cc19419" status="200"
[WebServer] 2026-09-05T19:10:40.443+08:00 INFO  application=marketops-server environment=local buildVersion=0.1.0-SNAPSHOT correlationId=13d8de0b-62d6-444f-b11f-6bf456645b07 c.m.m.a.i.a.JdbcMetadataAuditStore - Metadata change recorded event="metadata_change_recorded" sourceDomain="advertisingefficiency" entityType="advertising_reservations" entityId="1fd8008d-fbf7-4802-8d53-10060afe5c65" action="READ" actorId="a749582d-7a9b-4834-aa1c-d3aece0c4d39" correlationId="13d8de0b-62d6-444f-b11f-6bf456645b07"
[WebServer] 2026-09-05T19:10:40.444+08:00 INFO  application=marketops-server environment=local buildVersion=0.1.0-SNAPSHOT correlationId=c3dad3cd-82e7-4869-81a9-c10eb063c3a2 c.m.m.a.i.a.JdbcMetadataAuditStore - Metadata change recorded event="metadata_change_recorded" sourceDomain="advertisingefficiency" entityType="advertising_containments" entityId="1fd8008d-fbf7-4802-8d53-10060afe5c65" action="READ" actorId="a749582d-7a9b-4834-aa1c-d3aece0c4d39" correlationId="c3dad3cd-82e7-4869-81a9-c10eb063c3a2"
[WebServer] 2026-09-05T19:10:40.453+08:00 INFO  application=marketops-server environment=local buildVersion=0.1.0-SNAPSHOT correlationId=c3dad3cd-82e7-4869-81a9-c10eb063c3a2 c.m.m.s.i.c.CorrelationIdFilter - Request completed event="request_completed" correlationId="c3dad3cd-82e7-4869-81a9-c10eb063c3a2" status="200"
[WebServer] 2026-09-05T19:10:40.456+08:00 INFO  application=marketops-server environment=local buildVersion=0.1.0-SNAPSHOT correlationId=13d8de0b-62d6-444f-b11f-6bf456645b07 c.m.m.s.i.c.CorrelationIdFilter - Request completed event="request_completed" correlationId="13d8de0b-62d6-444f-b11f-6bf456645b07" status="200"
[WebServer] 2026-09-05T19:10:40.460+08:00 INFO  application=marketops-server environment=local buildVersion=0.1.0-SNAPSHOT correlationId=bb9b2f97-86aa-48ee-bbf2-a592b2f64afd c.m.m.a.i.a.JdbcMetadataAuditStore - Metadata change recorded event="metadata_change_recorded" sourceDomain="advertisingefficiency" entityType="advertising_exposure" entityId="1fd8008d-fbf7-4802-8d53-10060afe5c65" action="READ" actorId="a749582d-7a9b-4834-aa1c-d3aece0c4d39" correlationId="bb9b2f97-86aa-48ee-bbf2-a592b2f64afd"
[WebServer] 2026-09-05T19:10:40.461+08:00 INFO  application=marketops-server environment=local buildVersion=0.1.0-SNAPSHOT correlationId=bb9b2f97-86aa-48ee-bbf2-a592b2f64afd c.m.m.s.i.c.CorrelationIdFilter - Request completed event="request_completed" correlationId="bb9b2f97-86aa-48ee-bbf2-a592b2f64afd" status="200"
  ✓   7 tests/advertising-browser/governed-advertising.spec.ts:370:1 › scoped emergency hold remains active until independent recovery conditions are established (2.2s)
[WebServer] 2026-09-05T19:10:41.022+08:00 INFO  application=marketops-server environment=local buildVersion=0.1.0-SNAPSHOT correlationId=9ef41fd1-d352-4972-bbea-27b939a92bad c.m.m.s.i.e.ConsoleProblemAdvice - Console request refused event="console_request_refused" errorCode="RESOURCE_NOT_FOUND" correlationId="9ef41fd1-d352-4972-bbea-27b939a92bad"
[WebServer] 2026-09-05T19:10:41.022+08:00 INFO  application=marketops-server environment=local buildVersion=0.1.0-SNAPSHOT correlationId=9ef41fd1-d352-4972-bbea-27b939a92bad c.m.m.s.i.c.CorrelationIdFilter - Request completed event="request_completed" correlationId="9ef41fd1-d352-4972-bbea-27b939a92bad" status="404"
[WebServer] 2026-09-05T19:10:41.031+08:00 INFO  application=marketops-server environment=local buildVersion=0.1.0-SNAPSHOT correlationId=dfeb9e38-630e-47d5-bca8-7e804c58a3bc c.m.m.a.i.a.JdbcMetadataAuditStore - Metadata change recorded event="metadata_change_recorded" sourceDomain="advertisingefficiency" entityType="advertising_containments" entityId="da54f015-f925-418a-89f0-ffbba06c6e59" action="READ" actorId="fba39bda-fb6a-47c4-a0f1-1209a1b899f5" correlationId="dfeb9e38-630e-47d5-bca8-7e804c58a3bc"
[WebServer] 2026-09-05T19:10:41.031+08:00 INFO  application=marketops-server environment=local buildVersion=0.1.0-SNAPSHOT correlationId=ad3e5bdb-234c-4ab3-8187-e0e97f099fa0 c.m.m.s.i.e.ConsoleProblemAdvice - Console request refused event="console_request_refused" errorCode="RESOURCE_SCOPE_DENIED" correlationId="ad3e5bdb-234c-4ab3-8187-e0e97f099fa0"
[WebServer] 2026-09-05T19:10:41.031+08:00 INFO  application=marketops-server environment=local buildVersion=0.1.0-SNAPSHOT correlationId=44d7d2fe-9546-4cd3-8096-2f7cccb9c9f9 c.m.m.a.i.a.JdbcMetadataAuditStore - Metadata change recorded event="metadata_change_recorded" sourceDomain="availabilityrisk" entityType="availability_queue" entityId="da54f015-f925-418a-89f0-ffbba06c6e59" action="READ" actorId="fba39bda-fb6a-47c4-a0f1-1209a1b899f5" correlationId="44d7d2fe-9546-4cd3-8096-2f7cccb9c9f9"
[WebServer] 2026-09-05T19:10:41.031+08:00 INFO  application=marketops-server environment=local buildVersion=0.1.0-SNAPSHOT correlationId=ad3e5bdb-234c-4ab3-8187-e0e97f099fa0 c.m.m.s.i.c.CorrelationIdFilter - Request completed event="request_completed" correlationId="ad3e5bdb-234c-4ab3-8187-e0e97f099fa0" status="403"
[WebServer] 2026-09-05T19:10:41.034+08:00 INFO  application=marketops-server environment=local buildVersion=0.1.0-SNAPSHOT correlationId=014f8d58-2c4a-4e11-99ae-f3423b2ec92b c.m.m.a.i.a.JdbcMetadataAuditStore - Metadata change recorded event="metadata_change_recorded" sourceDomain="advertisingefficiency" entityType="advertising_reservations" entityId="da54f015-f925-418a-89f0-ffbba06c6e59" action="READ" actorId="fba39bda-fb6a-47c4-a0f1-1209a1b899f5" correlationId="014f8d58-2c4a-4e11-99ae-f3423b2ec92b"
[WebServer] 2026-09-05T19:10:41.034+08:00 INFO  application=marketops-server environment=local buildVersion=0.1.0-SNAPSHOT correlationId=44d7d2fe-9546-4cd3-8096-2f7cccb9c9f9 c.m.m.s.i.c.CorrelationIdFilter - Request completed event="request_completed" correlationId="44d7d2fe-9546-4cd3-8096-2f7cccb9c9f9" status="200"
[WebServer] 2026-09-05T19:10:41.036+08:00 INFO  application=marketops-server environment=local buildVersion=0.1.0-SNAPSHOT correlationId=e5b074a6-9f03-4278-9b46-1bed8b749164 c.m.m.s.i.c.CorrelationIdFilter - Request completed event="request_completed" correlationId="e5b074a6-9f03-4278-9b46-1bed8b749164" status="200"
[WebServer] 2026-09-05T19:10:41.043+08:00 INFO  application=marketops-server environment=local buildVersion=0.1.0-SNAPSHOT correlationId=dfeb9e38-630e-47d5-bca8-7e804c58a3bc c.m.m.s.i.c.CorrelationIdFilter - Request completed event="request_completed" correlationId="dfeb9e38-630e-47d5-bca8-7e804c58a3bc" status="200"
[WebServer] 2026-09-05T19:10:41.046+08:00 INFO  application=marketops-server environment=local buildVersion=0.1.0-SNAPSHOT correlationId=aae456c8-e12b-4aa2-a1f0-44f9c481e2d1 c.m.m.a.i.a.JdbcMetadataAuditStore - Metadata change recorded event="metadata_change_recorded" sourceDomain="advertisingefficiency" entityType="advertising_exposure" entityId="da54f015-f925-418a-89f0-ffbba06c6e59" action="READ" actorId="fba39bda-fb6a-47c4-a0f1-1209a1b899f5" correlationId="aae456c8-e12b-4aa2-a1f0-44f9c481e2d1"
[WebServer] 2026-09-05T19:10:41.047+08:00 INFO  application=marketops-server environment=local buildVersion=0.1.0-SNAPSHOT correlationId=aae456c8-e12b-4aa2-a1f0-44f9c481e2d1 c.m.m.s.i.c.CorrelationIdFilter - Request completed event="request_completed" correlationId="aae456c8-e12b-4aa2-a1f0-44f9c481e2d1" status="200"
[WebServer] 2026-09-05T19:10:41.049+08:00 INFO  application=marketops-server environment=local buildVersion=0.1.0-SNAPSHOT correlationId=6d123a21-4b25-4cfd-9c0f-8b2b89f2f6ca c.m.m.a.i.a.JdbcMetadataAuditStore - Metadata change recorded event="metadata_change_recorded" sourceDomain="advertisingefficiency" entityType="advertising_queue" entityId="da54f015-f925-418a-89f0-ffbba06c6e59" action="READ" actorId="fba39bda-fb6a-47c4-a0f1-1209a1b899f5" correlationId="6d123a21-4b25-4cfd-9c0f-8b2b89f2f6ca"
[WebServer] 2026-09-05T19:10:41.049+08:00 INFO  application=marketops-server environment=local buildVersion=0.1.0-SNAPSHOT correlationId=3c7ed379-c8e1-4047-80a3-5fe40d3c0045 c.m.m.s.i.e.ConsoleProblemAdvice - Console request refused event="console_request_refused" errorCode="RESOURCE_SCOPE_DENIED" correlationId="3c7ed379-c8e1-4047-80a3-5fe40d3c0045"
[WebServer] 2026-09-05T19:10:41.049+08:00 INFO  application=marketops-server environment=local buildVersion=0.1.0-SNAPSHOT correlationId=3c7ed379-c8e1-4047-80a3-5fe40d3c0045 c.m.m.s.i.c.CorrelationIdFilter - Request completed event="request_completed" correlationId="3c7ed379-c8e1-4047-80a3-5fe40d3c0045" status="403"
[WebServer] 2026-09-05T19:10:41.056+08:00 INFO  application=marketops-server environment=local buildVersion=0.1.0-SNAPSHOT correlationId=014f8d58-2c4a-4e11-99ae-f3423b2ec92b c.m.m.s.i.c.CorrelationIdFilter - Request completed event="request_completed" correlationId="014f8d58-2c4a-4e11-99ae-f3423b2ec92b" status="200"
[WebServer] 2026-09-05T19:10:41.061+08:00 INFO  application=marketops-server environment=local buildVersion=0.1.0-SNAPSHOT correlationId=6d123a21-4b25-4cfd-9c0f-8b2b89f2f6ca c.m.m.s.i.c.CorrelationIdFilter - Request completed event="request_completed" correlationId="6d123a21-4b25-4cfd-9c0f-8b2b89f2f6ca" status="200"
[WebServer] 2026-09-05T19:10:41.073+08:00 INFO  application=marketops-server environment=local buildVersion=0.1.0-SNAPSHOT correlationId=75f3442e-4622-4989-9872-2177e8098170 c.m.m.a.i.a.JdbcMetadataAuditStore - Metadata change recorded event="metadata_change_recorded" sourceDomain="advertisingefficiency" entityType="advertising_orchestration" entityId="da54f015-f925-418a-89f0-ffbba06c6e59" action="READ" actorId="fba39bda-fb6a-47c4-a0f1-1209a1b899f5" correlationId="75f3442e-4622-4989-9872-2177e8098170"
[WebServer] 2026-09-05T19:10:41.075+08:00 INFO  application=marketops-server environment=local buildVersion=0.1.0-SNAPSHOT correlationId=75f3442e-4622-4989-9872-2177e8098170 c.m.m.s.i.c.CorrelationIdFilter - Request completed event="request_completed" correlationId="75f3442e-4622-4989-9872-2177e8098170" status="200"
[WebServer] 2026-09-05T19:10:41.084+08:00 INFO  application=marketops-server environment=local buildVersion=0.1.0-SNAPSHOT correlationId=f82aa160-94d9-4eaf-949f-bcb006600c99 c.m.m.s.i.c.CorrelationIdFilter - Request completed event="request_completed" correlationId="f82aa160-94d9-4eaf-949f-bcb006600c99" status="200"
[WebServer] 2026-09-05T19:10:41.118+08:00 INFO  application=marketops-server environment=local buildVersion=0.1.0-SNAPSHOT correlationId=ec9802c1-781f-4a57-8a1f-b17f2327a223 c.m.m.a.i.a.JdbcMetadataAuditStore - Metadata change recorded event="metadata_change_recorded" sourceDomain="advertisingefficiency" entityType="advertising_case" entityId="c492cdc7-212a-4f75-a921-76175ea12df1" action="READ" actorId="fba39bda-fb6a-47c4-a0f1-1209a1b899f5" correlationId="ec9802c1-781f-4a57-8a1f-b17f2327a223"
[WebServer] 2026-09-05T19:10:41.130+08:00 INFO  application=marketops-server environment=local buildVersion=0.1.0-SNAPSHOT correlationId=ec9802c1-781f-4a57-8a1f-b17f2327a223 c.m.m.s.i.c.CorrelationIdFilter - Request completed event="request_completed" correlationId="ec9802c1-781f-4a57-8a1f-b17f2327a223" status="200"
[WebServer] 2026-09-05T19:10:41.155+08:00 INFO  application=marketops-server environment=local buildVersion=0.1.0-SNAPSHOT correlationId=36259ca5-a70e-43af-b709-1e6ee9e53fc3 c.m.m.a.i.a.JdbcMetadataAuditStore - Metadata change recorded event="metadata_change_recorded" sourceDomain="advertisingefficiency" entityType="advertising_manual_packet" entityId="5c1d9233-451d-46df-8899-4dedbd35fda3" action="READ" actorId="fba39bda-fb6a-47c4-a0f1-1209a1b899f5" correlationId="36259ca5-a70e-43af-b709-1e6ee9e53fc3"
[WebServer] 2026-09-05T19:10:41.156+08:00 INFO  application=marketops-server environment=local buildVersion=0.1.0-SNAPSHOT correlationId=36259ca5-a70e-43af-b709-1e6ee9e53fc3 c.m.m.s.i.c.CorrelationIdFilter - Request completed event="request_completed" correlationId="36259ca5-a70e-43af-b709-1e6ee9e53fc3" status="200"
[WebServer] 2026-09-05T19:10:41.174+08:00 INFO  application=marketops-server environment=local buildVersion=0.1.0-SNAPSHOT correlationId=74d0f2c7-61d1-4bf6-9704-31b2e4060ca7 c.m.m.s.i.c.CorrelationIdFilter - Request completed event="request_completed" correlationId="74d0f2c7-61d1-4bf6-9704-31b2e4060ca7" status="200"
[WebServer] 2026-09-05T19:10:41.199+08:00 INFO  application=marketops-server environment=local buildVersion=0.1.0-SNAPSHOT correlationId=bbbed9c5-1e86-4b98-98c7-58cd331a2baf c.m.m.s.i.c.CorrelationIdFilter - Request completed event="request_completed" correlationId="bbbed9c5-1e86-4b98-98c7-58cd331a2baf" status="200"
[WebServer] 2026-09-05T19:10:41.217+08:00 INFO  application=marketops-server environment=local buildVersion=0.1.0-SNAPSHOT correlationId=2afd1197-264a-4e02-8a58-9d13a7fd8213 c.m.m.s.i.c.CorrelationIdFilter - Request completed event="request_completed" correlationId="2afd1197-264a-4e02-8a58-9d13a7fd8213" status="200"
[WebServer] 2026-09-05T19:10:41.219+08:00 INFO  application=marketops-server environment=local buildVersion=0.1.0-SNAPSHOT correlationId=1065e9c0-e585-42e3-943f-b7f952b5e621 c.m.m.a.i.a.JdbcMetadataAuditStore - Metadata change recorded event="metadata_change_recorded" sourceDomain="advertisingefficiency" entityType="advertising_command" entityId="a4857eb9-a6d6-444d-9e9c-cd97374f593a" action="READ" actorId="fba39bda-fb6a-47c4-a0f1-1209a1b899f5" correlationId="1065e9c0-e585-42e3-943f-b7f952b5e621"
[WebServer] 2026-09-05T19:10:41.234+08:00 INFO  application=marketops-server environment=local buildVersion=0.1.0-SNAPSHOT correlationId=1065e9c0-e585-42e3-943f-b7f952b5e621 c.m.m.s.i.c.CorrelationIdFilter - Request completed event="request_completed" correlationId="1065e9c0-e585-42e3-943f-b7f952b5e621" status="200"
[WebServer] 2026-09-05T19:10:41.249+08:00 INFO  application=marketops-server environment=local buildVersion=0.1.0-SNAPSHOT correlationId=e24dc012-cb7c-47e1-bee6-b6669d625ffb c.m.m.s.i.c.CorrelationIdFilter - Request completed event="request_completed" correlationId="e24dc012-cb7c-47e1-bee6-b6669d625ffb" status="200"
[WebServer] 2026-09-05T19:10:41.254+08:00 INFO  application=marketops-server environment=local buildVersion=0.1.0-SNAPSHOT correlationId=603a0fa1-0373-4263-95a2-ba1a97a2d959 c.m.m.a.i.a.JdbcMetadataAuditStore - Metadata change recorded event="metadata_change_recorded" sourceDomain="advertisingefficiency" entityType="advertising_outcome" entityId="a4857eb9-a6d6-444d-9e9c-cd97374f593a" action="READ" actorId="fba39bda-fb6a-47c4-a0f1-1209a1b899f5" correlationId="603a0fa1-0373-4263-95a2-ba1a97a2d959"
[WebServer] 2026-09-05T19:10:41.256+08:00 INFO  application=marketops-server environment=local buildVersion=0.1.0-SNAPSHOT correlationId=603a0fa1-0373-4263-95a2-ba1a97a2d959 c.m.m.s.i.c.CorrelationIdFilter - Request completed event="request_completed" correlationId="603a0fa1-0373-4263-95a2-ba1a97a2d959" status="200"
[WebServer] 2026-09-05T19:10:41.657+08:00 INFO  application=marketops-server environment=local buildVersion=0.1.0-SNAPSHOT correlationId=fc52cca3-d3cf-454c-b0e8-d89e6068e414 c.m.m.s.i.c.CorrelationIdFilter - Request completed event="request_completed" correlationId="fc52cca3-d3cf-454c-b0e8-d89e6068e414" status="200"
[WebServer] 2026-09-05T19:10:41.665+08:00 INFO  application=marketops-server environment=local buildVersion=0.1.0-SNAPSHOT correlationId=b43e4555-a596-4450-aaf8-d18f697f0590 c.m.m.a.i.a.JdbcMetadataAuditStore - Metadata change recorded event="metadata_change_recorded" sourceDomain="advertisingefficiency" entityType="advertising_containments" entityId="da54f015-f925-418a-89f0-ffbba06c6e59" action="READ" actorId="cfcc07a3-a766-4a9c-b6ee-4ac1514a29f9" correlationId="b43e4555-a596-4450-aaf8-d18f697f0590"
[WebServer] 2026-09-05T19:10:41.666+08:00 INFO  application=marketops-server environment=local buildVersion=0.1.0-SNAPSHOT correlationId=cb960074-f419-4409-b124-bb132f8ba58d c.m.m.a.i.a.JdbcMetadataAuditStore - Metadata change recorded event="metadata_change_recorded" sourceDomain="advertisingefficiency" entityType="advertising_reservations" entityId="da54f015-f925-418a-89f0-ffbba06c6e59" action="READ" actorId="cfcc07a3-a766-4a9c-b6ee-4ac1514a29f9" correlationId="cb960074-f419-4409-b124-bb132f8ba58d"
[WebServer] 2026-09-05T19:10:41.666+08:00 INFO  application=marketops-server environment=local buildVersion=0.1.0-SNAPSHOT correlationId=6fbce86b-5dcf-4878-9d28-a6f66daf01c3 c.m.m.a.i.a.JdbcMetadataAuditStore - Metadata change recorded event="metadata_change_recorded" sourceDomain="availabilityrisk" entityType="availability_queue" entityId="da54f015-f925-418a-89f0-ffbba06c6e59" action="READ" actorId="cfcc07a3-a766-4a9c-b6ee-4ac1514a29f9" correlationId="6fbce86b-5dcf-4878-9d28-a6f66daf01c3"
[WebServer] 2026-09-05T19:10:41.667+08:00 INFO  application=marketops-server environment=local buildVersion=0.1.0-SNAPSHOT correlationId=d4eccfd0-30d2-4a97-9308-daecec05fd43 c.m.m.s.i.e.ConsoleProblemAdvice - Console request refused event="console_request_refused" errorCode="RESOURCE_SCOPE_DENIED" correlationId="d4eccfd0-30d2-4a97-9308-daecec05fd43"
[WebServer] 2026-09-05T19:10:41.667+08:00 INFO  application=marketops-server environment=local buildVersion=0.1.0-SNAPSHOT correlationId=d4eccfd0-30d2-4a97-9308-daecec05fd43 c.m.m.s.i.c.CorrelationIdFilter - Request completed event="request_completed" correlationId="d4eccfd0-30d2-4a97-9308-daecec05fd43" status="403"
[WebServer] 2026-09-05T19:10:41.668+08:00 INFO  application=marketops-server environment=local buildVersion=0.1.0-SNAPSHOT correlationId=6fbce86b-5dcf-4878-9d28-a6f66daf01c3 c.m.m.s.i.c.CorrelationIdFilter - Request completed event="request_completed" correlationId="6fbce86b-5dcf-4878-9d28-a6f66daf01c3" status="200"
[WebServer] 2026-09-05T19:10:41.673+08:00 INFO  application=marketops-server environment=local buildVersion=0.1.0-SNAPSHOT correlationId=b43e4555-a596-4450-aaf8-d18f697f0590 c.m.m.s.i.c.CorrelationIdFilter - Request completed event="request_completed" correlationId="b43e4555-a596-4450-aaf8-d18f697f0590" status="200"
[WebServer] 2026-09-05T19:10:41.677+08:00 INFO  application=marketops-server environment=local buildVersion=0.1.0-SNAPSHOT correlationId=bdafee24-36ea-4060-b7e4-e6c7f8ad9098 c.m.m.a.i.a.JdbcMetadataAuditStore - Metadata change recorded event="metadata_change_recorded" sourceDomain="advertisingefficiency" entityType="advertising_exposure" entityId="da54f015-f925-418a-89f0-ffbba06c6e59" action="READ" actorId="cfcc07a3-a766-4a9c-b6ee-4ac1514a29f9" correlationId="bdafee24-36ea-4060-b7e4-e6c7f8ad9098"
[WebServer] 2026-09-05T19:10:41.678+08:00 INFO  application=marketops-server environment=local buildVersion=0.1.0-SNAPSHOT correlationId=bdafee24-36ea-4060-b7e4-e6c7f8ad9098 c.m.m.s.i.c.CorrelationIdFilter - Request completed event="request_completed" correlationId="bdafee24-36ea-4060-b7e4-e6c7f8ad9098" status="200"
[WebServer] 2026-09-05T19:10:41.680+08:00 INFO  application=marketops-server environment=local buildVersion=0.1.0-SNAPSHOT correlationId=60a42cb6-bad4-445a-91ad-3f8b26e6d9e2 c.m.m.s.i.e.ConsoleProblemAdvice - Console request refused event="console_request_refused" errorCode="RESOURCE_NOT_FOUND" correlationId="60a42cb6-bad4-445a-91ad-3f8b26e6d9e2"
[WebServer] 2026-09-05T19:10:41.680+08:00 INFO  application=marketops-server environment=local buildVersion=0.1.0-SNAPSHOT correlationId=60a42cb6-bad4-445a-91ad-3f8b26e6d9e2 c.m.m.s.i.c.CorrelationIdFilter - Request completed event="request_completed" correlationId="60a42cb6-bad4-445a-91ad-3f8b26e6d9e2" status="404"
[WebServer] 2026-09-05T19:10:41.684+08:00 INFO  application=marketops-server environment=local buildVersion=0.1.0-SNAPSHOT correlationId=2a8f7c52-5a6c-4eeb-8418-52006ef4e715 c.m.m.s.i.e.ConsoleProblemAdvice - Console request refused event="console_request_refused" errorCode="RESOURCE_SCOPE_DENIED" correlationId="2a8f7c52-5a6c-4eeb-8418-52006ef4e715"
[WebServer] 2026-09-05T19:10:41.685+08:00 INFO  application=marketops-server environment=local buildVersion=0.1.0-SNAPSHOT correlationId=2a8f7c52-5a6c-4eeb-8418-52006ef4e715 c.m.m.s.i.c.CorrelationIdFilter - Request completed event="request_completed" correlationId="2a8f7c52-5a6c-4eeb-8418-52006ef4e715" status="403"
[WebServer] 2026-09-05T19:10:41.688+08:00 INFO  application=marketops-server environment=local buildVersion=0.1.0-SNAPSHOT correlationId=cb960074-f419-4409-b124-bb132f8ba58d c.m.m.s.i.c.CorrelationIdFilter - Request completed event="request_completed" correlationId="cb960074-f419-4409-b124-bb132f8ba58d" status="200"
[WebServer] 2026-09-05T19:10:41.691+08:00 INFO  application=marketops-server environment=local buildVersion=0.1.0-SNAPSHOT correlationId=52db4513-cc30-423a-be17-df9d3d6fc1c8 c.m.m.a.i.a.JdbcMetadataAuditStore - Metadata change recorded event="metadata_change_recorded" sourceDomain="advertisingefficiency" entityType="advertising_queue" entityId="da54f015-f925-418a-89f0-ffbba06c6e59" action="READ" actorId="cfcc07a3-a766-4a9c-b6ee-4ac1514a29f9" correlationId="52db4513-cc30-423a-be17-df9d3d6fc1c8"
[WebServer] 2026-09-05T19:10:41.702+08:00 INFO  application=marketops-server environment=local buildVersion=0.1.0-SNAPSHOT correlationId=2db72b88-4e48-4569-9d4e-8c5c44525078 c.m.m.a.i.a.JdbcMetadataAuditStore - Metadata change recorded event="metadata_change_recorded" sourceDomain="advertisingefficiency" entityType="advertising_orchestration" entityId="da54f015-f925-418a-89f0-ffbba06c6e59" action="READ" actorId="cfcc07a3-a766-4a9c-b6ee-4ac1514a29f9" correlationId="2db72b88-4e48-4569-9d4e-8c5c44525078"
[WebServer] 2026-09-05T19:10:41.703+08:00 INFO  application=marketops-server environment=local buildVersion=0.1.0-SNAPSHOT correlationId=2db72b88-4e48-4569-9d4e-8c5c44525078 c.m.m.s.i.c.CorrelationIdFilter - Request completed event="request_completed" correlationId="2db72b88-4e48-4569-9d4e-8c5c44525078" status="200"
[WebServer] 2026-09-05T19:10:41.704+08:00 INFO  application=marketops-server environment=local buildVersion=0.1.0-SNAPSHOT correlationId=52db4513-cc30-423a-be17-df9d3d6fc1c8 c.m.m.s.i.c.CorrelationIdFilter - Request completed event="request_completed" correlationId="52db4513-cc30-423a-be17-df9d3d6fc1c8" status="200"
[WebServer] 2026-09-05T19:10:41.729+08:00 INFO  application=marketops-server environment=local buildVersion=0.1.0-SNAPSHOT correlationId=885c0b9b-7388-447d-bcb5-3bb2dc8216f6 c.m.m.s.i.c.CorrelationIdFilter - Request completed event="request_completed" correlationId="885c0b9b-7388-447d-bcb5-3bb2dc8216f6" status="200"
[WebServer] 2026-09-05T19:10:41.852+08:00 INFO  application=marketops-server environment=local buildVersion=0.1.0-SNAPSHOT correlationId=353a708d-3b3d-4325-b30f-7241a5cbe7a9 c.m.m.a.i.a.JdbcMetadataAuditStore - Metadata change recorded event="metadata_change_recorded" sourceDomain="advertisingefficiency" entityType="advertising_case" entityId="c492cdc7-212a-4f75-a921-76175ea12df1" action="READ" actorId="cfcc07a3-a766-4a9c-b6ee-4ac1514a29f9" correlationId="353a708d-3b3d-4325-b30f-7241a5cbe7a9"
[WebServer] 2026-09-05T19:10:41.863+08:00 INFO  application=marketops-server environment=local buildVersion=0.1.0-SNAPSHOT correlationId=353a708d-3b3d-4325-b30f-7241a5cbe7a9 c.m.m.s.i.c.CorrelationIdFilter - Request completed event="request_completed" correlationId="353a708d-3b3d-4325-b30f-7241a5cbe7a9" status="200"
[WebServer] 2026-09-05T19:10:41.892+08:00 INFO  application=marketops-server environment=local buildVersion=0.1.0-SNAPSHOT correlationId=7d4faccf-a270-41f8-8563-51db56eb6408 c.m.m.a.i.a.JdbcMetadataAuditStore - Metadata change recorded event="metadata_change_recorded" sourceDomain="advertisingefficiency" entityType="advertising_manual_packet" entityId="5c1d9233-451d-46df-8899-4dedbd35fda3" action="READ" actorId="cfcc07a3-a766-4a9c-b6ee-4ac1514a29f9" correlationId="7d4faccf-a270-41f8-8563-51db56eb6408"
[WebServer] 2026-09-05T19:10:41.893+08:00 INFO  application=marketops-server environment=local buildVersion=0.1.0-SNAPSHOT correlationId=7d4faccf-a270-41f8-8563-51db56eb6408 c.m.m.s.i.c.CorrelationIdFilter - Request completed event="request_completed" correlationId="7d4faccf-a270-41f8-8563-51db56eb6408" status="200"
[WebServer] 2026-09-05T19:10:41.914+08:00 INFO  application=marketops-server environment=local buildVersion=0.1.0-SNAPSHOT correlationId=c07900de-1880-402a-9b6a-6330431162e9 c.m.m.s.i.c.CorrelationIdFilter - Request completed event="request_completed" correlationId="c07900de-1880-402a-9b6a-6330431162e9" status="200"
[WebServer] 2026-09-05T19:10:41.932+08:00 INFO  application=marketops-server environment=local buildVersion=0.1.0-SNAPSHOT correlationId=f5fdfaff-9888-4714-9b5c-9090ef220fd8 c.m.m.s.i.c.CorrelationIdFilter - Request completed event="request_completed" correlationId="f5fdfaff-9888-4714-9b5c-9090ef220fd8" status="200"
[WebServer] 2026-09-05T19:10:41.961+08:00 INFO  application=marketops-server environment=local buildVersion=0.1.0-SNAPSHOT correlationId=2f89fb48-bc0f-426e-ae60-9bdc2ca4fd31 c.m.m.a.i.a.JdbcMetadataAuditStore - Metadata change recorded event="metadata_change_recorded" sourceDomain="advertisingefficiency" entityType="advertising_command" entityId="a4857eb9-a6d6-444d-9e9c-cd97374f593a" action="READ" actorId="cfcc07a3-a766-4a9c-b6ee-4ac1514a29f9" correlationId="2f89fb48-bc0f-426e-ae60-9bdc2ca4fd31"
[WebServer] 2026-09-05T19:10:41.963+08:00 INFO  application=marketops-server environment=local buildVersion=0.1.0-SNAPSHOT correlationId=d409b43f-9707-4ce6-860b-fff13ecef469 c.m.m.s.i.c.CorrelationIdFilter - Request completed event="request_completed" correlationId="d409b43f-9707-4ce6-860b-fff13ecef469" status="200"
[WebServer] 2026-09-05T19:10:41.968+08:00 DEBUG application=marketops-server environment=local buildVersion=0.1.0-SNAPSHOT correlationId=c7313d78-6767-43b2-998b-81af95500cad c.m.m.s.i.c.CorrelationIdFilter - Inbound correlation identifier replaced event="correlation_identifier_replaced" correlationId="c7313d78-6767-43b2-998b-81af95500cad" rejectionCategory="MISSING"
[WebServer] 2026-09-05T19:10:41.974+08:00 INFO  application=marketops-server environment=local buildVersion=0.1.0-SNAPSHOT correlationId=2f89fb48-bc0f-426e-ae60-9bdc2ca4fd31 c.m.m.s.i.c.CorrelationIdFilter - Request completed event="request_completed" correlationId="2f89fb48-bc0f-426e-ae60-9bdc2ca4fd31" status="200"
[WebServer] 2026-09-05T19:10:41.982+08:00 INFO  application=marketops-server environment=local buildVersion=0.1.0-SNAPSHOT correlationId=c7313d78-6767-43b2-998b-81af95500cad c.m.m.a.i.a.JdbcMetadataAuditStore - Metadata change recorded event="metadata_change_recorded" sourceDomain="advertisingefficiency" entityType="advertising_command" entityId="a4857eb9-a6d6-444d-9e9c-cd97374f593a" action="READ" actorId="cfcc07a3-a766-4a9c-b6ee-4ac1514a29f9" correlationId="c7313d78-6767-43b2-998b-81af95500cad"
[WebServer] 2026-09-05T19:10:41.989+08:00 INFO  application=marketops-server environment=local buildVersion=0.1.0-SNAPSHOT correlationId=3182a158-e1bf-43a9-aad8-2d5ef543e3c8 c.m.m.s.i.c.CorrelationIdFilter - Request completed event="request_completed" correlationId="3182a158-e1bf-43a9-aad8-2d5ef543e3c8" status="200"
[WebServer] 2026-09-05T19:10:41.992+08:00 INFO  application=marketops-server environment=local buildVersion=0.1.0-SNAPSHOT correlationId=8eeb832d-8e30-49ae-8050-78336ea6b754 c.m.m.a.i.a.JdbcMetadataAuditStore - Metadata change recorded event="metadata_change_recorded" sourceDomain="advertisingefficiency" entityType="advertising_outcome" entityId="a4857eb9-a6d6-444d-9e9c-cd97374f593a" action="READ" actorId="cfcc07a3-a766-4a9c-b6ee-4ac1514a29f9" correlationId="8eeb832d-8e30-49ae-8050-78336ea6b754"
[WebServer] 2026-09-05T19:10:41.993+08:00 INFO  application=marketops-server environment=local buildVersion=0.1.0-SNAPSHOT correlationId=8eeb832d-8e30-49ae-8050-78336ea6b754 c.m.m.s.i.c.CorrelationIdFilter - Request completed event="request_completed" correlationId="8eeb832d-8e30-49ae-8050-78336ea6b754" status="200"
[WebServer] 2026-09-05T19:10:41.994+08:00 INFO  application=marketops-server environment=local buildVersion=0.1.0-SNAPSHOT correlationId=c7313d78-6767-43b2-998b-81af95500cad c.m.m.s.i.c.CorrelationIdFilter - Request completed event="request_completed" correlationId="c7313d78-6767-43b2-998b-81af95500cad" status="200"
  ✓   8 tests/advertising-browser/governed-advertising.spec.ts:420:3 › HISTORY_UNKNOWN preserves actual HTTP command history, unresolved state and separate outcomes (1.4s)
[WebServer] 2026-09-05T19:10:42.469+08:00 INFO  application=marketops-server environment=local buildVersion=0.1.0-SNAPSHOT correlationId=9ed362d5-413b-4ddd-bc7f-0a2e4478880f c.m.m.s.i.c.CorrelationIdFilter - Request completed event="request_completed" correlationId="9ed362d5-413b-4ddd-bc7f-0a2e4478880f" status="200"
[WebServer] 2026-09-05T19:10:42.472+08:00 INFO  application=marketops-server environment=local buildVersion=0.1.0-SNAPSHOT correlationId=a13a2f58-4064-43a2-9f49-2e5a57e28916 c.m.m.a.i.a.JdbcMetadataAuditStore - Metadata change recorded event="metadata_change_recorded" sourceDomain="advertisingefficiency" entityType="advertising_reservations" entityId="d9aad606-2a82-4bb1-871f-8b32ea73dc31" action="READ" actorId="b2f3c4ea-0639-4da4-8027-f8c35f05ba85" correlationId="a13a2f58-4064-43a2-9f49-2e5a57e28916"
[WebServer] 2026-09-05T19:10:42.473+08:00 INFO  application=marketops-server environment=local buildVersion=0.1.0-SNAPSHOT correlationId=b794c343-9dd5-47fa-b4e4-8b845141189b c.m.m.s.i.e.ConsoleProblemAdvice - Console request refused event="console_request_refused" errorCode="RESOURCE_NOT_FOUND" correlationId="b794c343-9dd5-47fa-b4e4-8b845141189b"
[WebServer] 2026-09-05T19:10:42.473+08:00 INFO  application=marketops-server environment=local buildVersion=0.1.0-SNAPSHOT correlationId=b794c343-9dd5-47fa-b4e4-8b845141189b c.m.m.s.i.c.CorrelationIdFilter - Request completed event="request_completed" correlationId="b794c343-9dd5-47fa-b4e4-8b845141189b" status="404"
[WebServer] 2026-09-05T19:10:42.475+08:00 INFO  application=marketops-server environment=local buildVersion=0.1.0-SNAPSHOT correlationId=93a08322-6565-4b4b-926f-67c8b9ad08db c.m.m.a.i.a.JdbcMetadataAuditStore - Metadata change recorded event="metadata_change_recorded" sourceDomain="availabilityrisk" entityType="availability_queue" entityId="d9aad606-2a82-4bb1-871f-8b32ea73dc31" action="READ" actorId="b2f3c4ea-0639-4da4-8027-f8c35f05ba85" correlationId="93a08322-6565-4b4b-926f-67c8b9ad08db"
[WebServer] 2026-09-05T19:10:42.475+08:00 INFO  application=marketops-server environment=local buildVersion=0.1.0-SNAPSHOT correlationId=4a5b5e8e-1a9a-40f6-81de-8519ccd8afa2 c.m.m.a.i.a.JdbcMetadataAuditStore - Metadata change recorded event="metadata_change_recorded" sourceDomain="advertisingefficiency" entityType="advertising_containments" entityId="d9aad606-2a82-4bb1-871f-8b32ea73dc31" action="READ" actorId="b2f3c4ea-0639-4da4-8027-f8c35f05ba85" correlationId="4a5b5e8e-1a9a-40f6-81de-8519ccd8afa2"
[WebServer] 2026-09-05T19:10:42.476+08:00 INFO  application=marketops-server environment=local buildVersion=0.1.0-SNAPSHOT correlationId=8fb1e65c-b0cc-4d66-93bd-77b9c7193ef4 c.m.m.s.i.e.ConsoleProblemAdvice - Console request refused event="console_request_refused" errorCode="RESOURCE_SCOPE_DENIED" correlationId="8fb1e65c-b0cc-4d66-93bd-77b9c7193ef4"
[WebServer] 2026-09-05T19:10:42.476+08:00 INFO  application=marketops-server environment=local buildVersion=0.1.0-SNAPSHOT correlationId=93a08322-6565-4b4b-926f-67c8b9ad08db c.m.m.s.i.c.CorrelationIdFilter - Request completed event="request_completed" correlationId="93a08322-6565-4b4b-926f-67c8b9ad08db" status="200"
[WebServer] 2026-09-05T19:10:42.476+08:00 INFO  application=marketops-server environment=local buildVersion=0.1.0-SNAPSHOT correlationId=8fb1e65c-b0cc-4d66-93bd-77b9c7193ef4 c.m.m.s.i.c.CorrelationIdFilter - Request completed event="request_completed" correlationId="8fb1e65c-b0cc-4d66-93bd-77b9c7193ef4" status="403"
[WebServer] 2026-09-05T19:10:42.482+08:00 INFO  application=marketops-server environment=local buildVersion=0.1.0-SNAPSHOT correlationId=4a5b5e8e-1a9a-40f6-81de-8519ccd8afa2 c.m.m.s.i.c.CorrelationIdFilter - Request completed event="request_completed" correlationId="4a5b5e8e-1a9a-40f6-81de-8519ccd8afa2" status="200"
[WebServer] 2026-09-05T19:10:42.490+08:00 INFO  application=marketops-server environment=local buildVersion=0.1.0-SNAPSHOT correlationId=04e0c418-ea5d-4a99-be3f-55d15bc974e7 c.m.m.a.i.a.JdbcMetadataAuditStore - Metadata change recorded event="metadata_change_recorded" sourceDomain="advertisingefficiency" entityType="advertising_exposure" entityId="d9aad606-2a82-4bb1-871f-8b32ea73dc31" action="READ" actorId="b2f3c4ea-0639-4da4-8027-f8c35f05ba85" correlationId="04e0c418-ea5d-4a99-be3f-55d15bc974e7"
[WebServer] 2026-09-05T19:10:42.491+08:00 INFO  application=marketops-server environment=local buildVersion=0.1.0-SNAPSHOT correlationId=04e0c418-ea5d-4a99-be3f-55d15bc974e7 c.m.m.s.i.c.CorrelationIdFilter - Request completed event="request_completed" correlationId="04e0c418-ea5d-4a99-be3f-55d15bc974e7" status="200"
[WebServer] 2026-09-05T19:10:42.491+08:00 INFO  application=marketops-server environment=local buildVersion=0.1.0-SNAPSHOT correlationId=bac73548-d7f7-42e0-8256-62b47ac344ff c.m.m.s.i.e.ConsoleProblemAdvice - Console request refused event="console_request_refused" errorCode="RESOURCE_SCOPE_DENIED" correlationId="bac73548-d7f7-42e0-8256-62b47ac344ff"
[WebServer] 2026-09-05T19:10:42.492+08:00 INFO  application=marketops-server environment=local buildVersion=0.1.0-SNAPSHOT correlationId=bac73548-d7f7-42e0-8256-62b47ac344ff c.m.m.s.i.c.CorrelationIdFilter - Request completed event="request_completed" correlationId="bac73548-d7f7-42e0-8256-62b47ac344ff" status="403"
[WebServer] 2026-09-05T19:10:42.494+08:00 INFO  application=marketops-server environment=local buildVersion=0.1.0-SNAPSHOT correlationId=82fe106c-20e9-4cd0-a887-06cbd1367ffe c.m.m.a.i.a.JdbcMetadataAuditStore - Metadata change recorded event="metadata_change_recorded" sourceDomain="advertisingefficiency" entityType="advertising_queue" entityId="d9aad606-2a82-4bb1-871f-8b32ea73dc31" action="READ" actorId="b2f3c4ea-0639-4da4-8027-f8c35f05ba85" correlationId="82fe106c-20e9-4cd0-a887-06cbd1367ffe"
[WebServer] 2026-09-05T19:10:42.495+08:00 INFO  application=marketops-server environment=local buildVersion=0.1.0-SNAPSHOT correlationId=a13a2f58-4064-43a2-9f49-2e5a57e28916 c.m.m.s.i.c.CorrelationIdFilter - Request completed event="request_completed" correlationId="a13a2f58-4064-43a2-9f49-2e5a57e28916" status="200"
[WebServer] 2026-09-05T19:10:42.507+08:00 INFO  application=marketops-server environment=local buildVersion=0.1.0-SNAPSHOT correlationId=82fe106c-20e9-4cd0-a887-06cbd1367ffe c.m.m.s.i.c.CorrelationIdFilter - Request completed event="request_completed" correlationId="82fe106c-20e9-4cd0-a887-06cbd1367ffe" status="200"
[WebServer] 2026-09-05T19:10:42.512+08:00 INFO  application=marketops-server environment=local buildVersion=0.1.0-SNAPSHOT correlationId=47736a1c-e0da-4ace-88d2-99975bfd7c93 c.m.m.a.i.a.JdbcMetadataAuditStore - Metadata change recorded event="metadata_change_recorded" sourceDomain="advertisingefficiency" entityType="advertising_orchestration" entityId="d9aad606-2a82-4bb1-871f-8b32ea73dc31" action="READ" actorId="b2f3c4ea-0639-4da4-8027-f8c35f05ba85" correlationId="47736a1c-e0da-4ace-88d2-99975bfd7c93"
[WebServer] 2026-09-05T19:10:42.513+08:00 INFO  application=marketops-server environment=local buildVersion=0.1.0-SNAPSHOT correlationId=47736a1c-e0da-4ace-88d2-99975bfd7c93 c.m.m.s.i.c.CorrelationIdFilter - Request completed event="request_completed" correlationId="47736a1c-e0da-4ace-88d2-99975bfd7c93" status="200"
[WebServer] 2026-09-05T19:10:42.554+08:00 INFO  application=marketops-server environment=local buildVersion=0.1.0-SNAPSHOT correlationId=d0722722-e06e-4aa4-8556-f0d69dfd5924 c.m.m.s.i.c.CorrelationIdFilter - Request completed event="request_completed" correlationId="d0722722-e06e-4aa4-8556-f0d69dfd5924" status="200"
[WebServer] 2026-09-05T19:10:42.558+08:00 INFO  application=marketops-server environment=local buildVersion=0.1.0-SNAPSHOT correlationId=2d0b1d70-4b34-4fca-93d3-0a56805c0a41 c.m.m.a.i.a.JdbcMetadataAuditStore - Metadata change recorded event="metadata_change_recorded" sourceDomain="advertisingefficiency" entityType="advertising_case" entityId="27e6cae6-298e-4a1e-b2ae-1f505d5ae51d" action="READ" actorId="b2f3c4ea-0639-4da4-8027-f8c35f05ba85" correlationId="2d0b1d70-4b34-4fca-93d3-0a56805c0a41"
[WebServer] 2026-09-05T19:10:42.573+08:00 INFO  application=marketops-server environment=local buildVersion=0.1.0-SNAPSHOT correlationId=2d0b1d70-4b34-4fca-93d3-0a56805c0a41 c.m.m.s.i.c.CorrelationIdFilter - Request completed event="request_completed" correlationId="2d0b1d70-4b34-4fca-93d3-0a56805c0a41" status="200"
[WebServer] 2026-09-05T19:10:42.595+08:00 INFO  application=marketops-server environment=local buildVersion=0.1.0-SNAPSHOT correlationId=101b575c-2cb4-4db9-9dec-cb9e974daf04 c.m.m.a.i.a.JdbcMetadataAuditStore - Metadata change recorded event="metadata_change_recorded" sourceDomain="advertisingefficiency" entityType="advertising_manual_packet" entityId="a93afa1c-426a-4d9b-848b-6f36b383a91b" action="READ" actorId="b2f3c4ea-0639-4da4-8027-f8c35f05ba85" correlationId="101b575c-2cb4-4db9-9dec-cb9e974daf04"
[WebServer] 2026-09-05T19:10:42.596+08:00 INFO  application=marketops-server environment=local buildVersion=0.1.0-SNAPSHOT correlationId=101b575c-2cb4-4db9-9dec-cb9e974daf04 c.m.m.s.i.c.CorrelationIdFilter - Request completed event="request_completed" correlationId="101b575c-2cb4-4db9-9dec-cb9e974daf04" status="200"
[WebServer] 2026-09-05T19:10:42.615+08:00 INFO  application=marketops-server environment=local buildVersion=0.1.0-SNAPSHOT correlationId=3e3d16ec-64a8-4288-bf55-bc37d127144c c.m.m.s.i.c.CorrelationIdFilter - Request completed event="request_completed" correlationId="3e3d16ec-64a8-4288-bf55-bc37d127144c" status="200"
[WebServer] 2026-09-05T19:10:42.634+08:00 INFO  application=marketops-server environment=local buildVersion=0.1.0-SNAPSHOT correlationId=9d39584a-957f-478a-a474-3c3a0602b2b8 c.m.m.s.i.c.CorrelationIdFilter - Request completed event="request_completed" correlationId="9d39584a-957f-478a-a474-3c3a0602b2b8" status="200"
[WebServer] 2026-09-05T19:10:42.653+08:00 INFO  application=marketops-server environment=local buildVersion=0.1.0-SNAPSHOT correlationId=4d834d00-87e4-4193-930c-36fa6187cbf3 c.m.m.s.i.c.CorrelationIdFilter - Request completed event="request_completed" correlationId="4d834d00-87e4-4193-930c-36fa6187cbf3" status="200"
[WebServer] 2026-09-05T19:10:42.655+08:00 INFO  application=marketops-server environment=local buildVersion=0.1.0-SNAPSHOT correlationId=c3ee6925-453b-44a9-9cb6-4f1ad4e74b71 c.m.m.a.i.a.JdbcMetadataAuditStore - Metadata change recorded event="metadata_change_recorded" sourceDomain="advertisingefficiency" entityType="advertising_command" entityId="bd939221-a399-4f06-9c76-a46f525b7d4c" action="READ" actorId="b2f3c4ea-0639-4da4-8027-f8c35f05ba85" correlationId="c3ee6925-453b-44a9-9cb6-4f1ad4e74b71"
[WebServer] 2026-09-05T19:10:42.668+08:00 INFO  application=marketops-server environment=local buildVersion=0.1.0-SNAPSHOT correlationId=c3ee6925-453b-44a9-9cb6-4f1ad4e74b71 c.m.m.s.i.c.CorrelationIdFilter - Request completed event="request_completed" correlationId="c3ee6925-453b-44a9-9cb6-4f1ad4e74b71" status="200"
[WebServer] 2026-09-05T19:10:42.685+08:00 INFO  application=marketops-server environment=local buildVersion=0.1.0-SNAPSHOT correlationId=6ea39bf8-fae5-4333-8cb7-9bf7567c0e7d c.m.m.s.i.c.CorrelationIdFilter - Request completed event="request_completed" correlationId="6ea39bf8-fae5-4333-8cb7-9bf7567c0e7d" status="200"
[WebServer] 2026-09-05T19:10:42.687+08:00 INFO  application=marketops-server environment=local buildVersion=0.1.0-SNAPSHOT correlationId=1369c247-5833-41fc-a44e-313644136deb c.m.m.a.i.a.JdbcMetadataAuditStore - Metadata change recorded event="metadata_change_recorded" sourceDomain="advertisingefficiency" entityType="advertising_outcome" entityId="bd939221-a399-4f06-9c76-a46f525b7d4c" action="READ" actorId="b2f3c4ea-0639-4da4-8027-f8c35f05ba85" correlationId="1369c247-5833-41fc-a44e-313644136deb"
[WebServer] 2026-09-05T19:10:42.688+08:00 INFO  application=marketops-server environment=local buildVersion=0.1.0-SNAPSHOT correlationId=1369c247-5833-41fc-a44e-313644136deb c.m.m.s.i.c.CorrelationIdFilter - Request completed event="request_completed" correlationId="1369c247-5833-41fc-a44e-313644136deb" status="200"
  ✓   9 tests/advertising-browser/governed-advertising.spec.ts:420:3 › HISTORY_MISMATCH preserves actual HTTP command history, unresolved state and separate outcomes (661ms)
[WebServer] 2026-09-05T19:10:43.138+08:00 INFO  application=marketops-server environment=local buildVersion=0.1.0-SNAPSHOT correlationId=b4c13273-f472-4445-8a54-9d235fafbb36 c.m.m.s.i.c.CorrelationIdFilter - Request completed event="request_completed" correlationId="b4c13273-f472-4445-8a54-9d235fafbb36" status="200"
[WebServer] 2026-09-05T19:10:43.141+08:00 INFO  application=marketops-server environment=local buildVersion=0.1.0-SNAPSHOT correlationId=142e5de1-e6f0-4e9d-86b3-e6e2dfa868b7 c.m.m.a.i.a.JdbcMetadataAuditStore - Metadata change recorded event="metadata_change_recorded" sourceDomain="advertisingefficiency" entityType="advertising_reservations" entityId="29a28a7e-13b7-4cda-b61a-163bc70b1aa0" action="READ" actorId="8f3bfcc1-4596-486f-9875-d38ed36c25d7" correlationId="142e5de1-e6f0-4e9d-86b3-e6e2dfa868b7"
[WebServer] 2026-09-05T19:10:43.142+08:00 INFO  application=marketops-server environment=local buildVersion=0.1.0-SNAPSHOT correlationId=3dcd912e-390c-4f8b-806c-70bbeff6cfd6 c.m.m.s.i.e.ConsoleProblemAdvice - Console request refused event="console_request_refused" errorCode="RESOURCE_SCOPE_DENIED" correlationId="3dcd912e-390c-4f8b-806c-70bbeff6cfd6"
[WebServer] 2026-09-05T19:10:43.143+08:00 INFO  application=marketops-server environment=local buildVersion=0.1.0-SNAPSHOT correlationId=3dcd912e-390c-4f8b-806c-70bbeff6cfd6 c.m.m.s.i.c.CorrelationIdFilter - Request completed event="request_completed" correlationId="3dcd912e-390c-4f8b-806c-70bbeff6cfd6" status="403"
[WebServer] 2026-09-05T19:10:43.147+08:00 INFO  application=marketops-server environment=local buildVersion=0.1.0-SNAPSHOT correlationId=fd117545-7c25-4f66-af71-9ad04da5692d c.m.m.s.i.e.ConsoleProblemAdvice - Console request refused event="console_request_refused" errorCode="RESOURCE_NOT_FOUND" correlationId="fd117545-7c25-4f66-af71-9ad04da5692d"
[WebServer] 2026-09-05T19:10:43.147+08:00 INFO  application=marketops-server environment=local buildVersion=0.1.0-SNAPSHOT correlationId=fd117545-7c25-4f66-af71-9ad04da5692d c.m.m.s.i.c.CorrelationIdFilter - Request completed event="request_completed" correlationId="fd117545-7c25-4f66-af71-9ad04da5692d" status="404"
[WebServer] 2026-09-05T19:10:43.149+08:00 INFO  application=marketops-server environment=local buildVersion=0.1.0-SNAPSHOT correlationId=cf8b1ce7-23b2-4808-9ed1-d83ffe6321fa c.m.m.a.i.a.JdbcMetadataAuditStore - Metadata change recorded event="metadata_change_recorded" sourceDomain="advertisingefficiency" entityType="advertising_containments" entityId="29a28a7e-13b7-4cda-b61a-163bc70b1aa0" action="READ" actorId="8f3bfcc1-4596-486f-9875-d38ed36c25d7" correlationId="cf8b1ce7-23b2-4808-9ed1-d83ffe6321fa"
[WebServer] 2026-09-05T19:10:43.149+08:00 INFO  application=marketops-server environment=local buildVersion=0.1.0-SNAPSHOT correlationId=88312640-370e-4ea0-b3c6-6216597f5e75 c.m.m.a.i.a.JdbcMetadataAuditStore - Metadata change recorded event="metadata_change_recorded" sourceDomain="availabilityrisk" entityType="availability_queue" entityId="29a28a7e-13b7-4cda-b61a-163bc70b1aa0" action="READ" actorId="8f3bfcc1-4596-486f-9875-d38ed36c25d7" correlationId="88312640-370e-4ea0-b3c6-6216597f5e75"
[WebServer] 2026-09-05T19:10:43.151+08:00 INFO  application=marketops-server environment=local buildVersion=0.1.0-SNAPSHOT correlationId=88312640-370e-4ea0-b3c6-6216597f5e75 c.m.m.s.i.c.CorrelationIdFilter - Request completed event="request_completed" correlationId="88312640-370e-4ea0-b3c6-6216597f5e75" status="200"
[WebServer] 2026-09-05T19:10:43.154+08:00 INFO  application=marketops-server environment=local buildVersion=0.1.0-SNAPSHOT correlationId=c2df21e5-fcad-4867-aec8-1d0110cd0a19 c.m.m.a.i.a.JdbcMetadataAuditStore - Metadata change recorded event="metadata_change_recorded" sourceDomain="advertisingefficiency" entityType="advertising_exposure" entityId="29a28a7e-13b7-4cda-b61a-163bc70b1aa0" action="READ" actorId="8f3bfcc1-4596-486f-9875-d38ed36c25d7" correlationId="c2df21e5-fcad-4867-aec8-1d0110cd0a19"
[WebServer] 2026-09-05T19:10:43.155+08:00 INFO  application=marketops-server environment=local buildVersion=0.1.0-SNAPSHOT correlationId=c2df21e5-fcad-4867-aec8-1d0110cd0a19 c.m.m.s.i.c.CorrelationIdFilter - Request completed event="request_completed" correlationId="c2df21e5-fcad-4867-aec8-1d0110cd0a19" status="200"
[WebServer] 2026-09-05T19:10:43.163+08:00 INFO  application=marketops-server environment=local buildVersion=0.1.0-SNAPSHOT correlationId=97ccd294-d99e-4c65-a50d-a5440b9ce55f c.m.m.s.i.e.ConsoleProblemAdvice - Console request refused event="console_request_refused" errorCode="RESOURCE_SCOPE_DENIED" correlationId="97ccd294-d99e-4c65-a50d-a5440b9ce55f"
[WebServer] 2026-09-05T19:10:43.165+08:00 INFO  application=marketops-server environment=local buildVersion=0.1.0-SNAPSHOT correlationId=97ccd294-d99e-4c65-a50d-a5440b9ce55f c.m.m.s.i.c.CorrelationIdFilter - Request completed event="request_completed" correlationId="97ccd294-d99e-4c65-a50d-a5440b9ce55f" status="403"
[WebServer] 2026-09-05T19:10:43.179+08:00 INFO  application=marketops-server environment=local buildVersion=0.1.0-SNAPSHOT correlationId=674aa40d-42ef-47a6-8aae-40d933472f89 c.m.m.a.i.a.JdbcMetadataAuditStore - Metadata change recorded event="metadata_change_recorded" sourceDomain="advertisingefficiency" entityType="advertising_queue" entityId="29a28a7e-13b7-4cda-b61a-163bc70b1aa0" action="READ" actorId="8f3bfcc1-4596-486f-9875-d38ed36c25d7" correlationId="674aa40d-42ef-47a6-8aae-40d933472f89"
[WebServer] 2026-09-05T19:10:43.180+08:00 INFO  application=marketops-server environment=local buildVersion=0.1.0-SNAPSHOT correlationId=cf8b1ce7-23b2-4808-9ed1-d83ffe6321fa c.m.m.s.i.c.CorrelationIdFilter - Request completed event="request_completed" correlationId="cf8b1ce7-23b2-4808-9ed1-d83ffe6321fa" status="200"
[WebServer] 2026-09-05T19:10:43.184+08:00 INFO  application=marketops-server environment=local buildVersion=0.1.0-SNAPSHOT correlationId=142e5de1-e6f0-4e9d-86b3-e6e2dfa868b7 c.m.m.s.i.c.CorrelationIdFilter - Request completed event="request_completed" correlationId="142e5de1-e6f0-4e9d-86b3-e6e2dfa868b7" status="200"
[WebServer] 2026-09-05T19:10:43.204+08:00 INFO  application=marketops-server environment=local buildVersion=0.1.0-SNAPSHOT correlationId=71ab3968-b78e-4247-b123-98b2e60949f6 c.m.m.a.i.a.JdbcMetadataAuditStore - Metadata change recorded event="metadata_change_recorded" sourceDomain="advertisingefficiency" entityType="advertising_orchestration" entityId="29a28a7e-13b7-4cda-b61a-163bc70b1aa0" action="READ" actorId="8f3bfcc1-4596-486f-9875-d38ed36c25d7" correlationId="71ab3968-b78e-4247-b123-98b2e60949f6"
[WebServer] 2026-09-05T19:10:43.204+08:00 INFO  application=marketops-server environment=local buildVersion=0.1.0-SNAPSHOT correlationId=674aa40d-42ef-47a6-8aae-40d933472f89 c.m.m.s.i.c.CorrelationIdFilter - Request completed event="request_completed" correlationId="674aa40d-42ef-47a6-8aae-40d933472f89" status="200"
[WebServer] 2026-09-05T19:10:43.205+08:00 INFO  application=marketops-server environment=local buildVersion=0.1.0-SNAPSHOT correlationId=71ab3968-b78e-4247-b123-98b2e60949f6 c.m.m.s.i.c.CorrelationIdFilter - Request completed event="request_completed" correlationId="71ab3968-b78e-4247-b123-98b2e60949f6" status="200"
[WebServer] 2026-09-05T19:10:43.218+08:00 INFO  application=marketops-server environment=local buildVersion=0.1.0-SNAPSHOT correlationId=24d3b9d6-e45f-44bb-8f44-558046a22e3b c.m.m.s.i.c.CorrelationIdFilter - Request completed event="request_completed" correlationId="24d3b9d6-e45f-44bb-8f44-558046a22e3b" status="200"
[WebServer] 2026-09-05T19:10:43.326+08:00 INFO  application=marketops-server environment=local buildVersion=0.1.0-SNAPSHOT correlationId=c629d843-807b-4335-8a4e-872db8d7f044 c.m.m.a.i.a.JdbcMetadataAuditStore - Metadata change recorded event="metadata_change_recorded" sourceDomain="advertisingefficiency" entityType="advertising_case" entityId="c0725153-d3c8-4f33-8692-1f57686203f0" action="READ" actorId="8f3bfcc1-4596-486f-9875-d38ed36c25d7" correlationId="c629d843-807b-4335-8a4e-872db8d7f044"
[WebServer] 2026-09-05T19:10:43.337+08:00 INFO  application=marketops-server environment=local buildVersion=0.1.0-SNAPSHOT correlationId=c629d843-807b-4335-8a4e-872db8d7f044 c.m.m.s.i.c.CorrelationIdFilter - Request completed event="request_completed" correlationId="c629d843-807b-4335-8a4e-872db8d7f044" status="200"
[WebServer] 2026-09-05T19:10:43.363+08:00 INFO  application=marketops-server environment=local buildVersion=0.1.0-SNAPSHOT correlationId=e05ec1f8-5978-4d9e-849f-3d32bfa93eda c.m.m.a.i.a.JdbcMetadataAuditStore - Metadata change recorded event="metadata_change_recorded" sourceDomain="advertisingefficiency" entityType="advertising_manual_packet" entityId="20878527-c6ae-4de1-bf9a-f091c79fb2fe" action="READ" actorId="8f3bfcc1-4596-486f-9875-d38ed36c25d7" correlationId="e05ec1f8-5978-4d9e-849f-3d32bfa93eda"
[WebServer] 2026-09-05T19:10:43.364+08:00 INFO  application=marketops-server environment=local buildVersion=0.1.0-SNAPSHOT correlationId=e05ec1f8-5978-4d9e-849f-3d32bfa93eda c.m.m.s.i.c.CorrelationIdFilter - Request completed event="request_completed" correlationId="e05ec1f8-5978-4d9e-849f-3d32bfa93eda" status="200"
[WebServer] 2026-09-05T19:10:43.383+08:00 INFO  application=marketops-server environment=local buildVersion=0.1.0-SNAPSHOT correlationId=f9bdcf02-666f-44be-9032-fab89c8be208 c.m.m.s.i.c.CorrelationIdFilter - Request completed event="request_completed" correlationId="f9bdcf02-666f-44be-9032-fab89c8be208" status="200"
[WebServer] 2026-09-05T19:10:43.407+08:00 INFO  application=marketops-server environment=local buildVersion=0.1.0-SNAPSHOT correlationId=d53cccd7-09e0-4e5f-9c09-2773d93498fa c.m.m.s.i.c.CorrelationIdFilter - Request completed event="request_completed" correlationId="d53cccd7-09e0-4e5f-9c09-2773d93498fa" status="200"
[WebServer] 2026-09-05T19:10:43.430+08:00 INFO  application=marketops-server environment=local buildVersion=0.1.0-SNAPSHOT correlationId=809155f2-eb53-4bbd-9fb3-744aa74be12a c.m.m.s.i.c.CorrelationIdFilter - Request completed event="request_completed" correlationId="809155f2-eb53-4bbd-9fb3-744aa74be12a" status="200"
[WebServer] 2026-09-05T19:10:43.433+08:00 INFO  application=marketops-server environment=local buildVersion=0.1.0-SNAPSHOT correlationId=51105cd6-75da-4e1f-93f3-c26adeadc47e c.m.m.a.i.a.JdbcMetadataAuditStore - Metadata change recorded event="metadata_change_recorded" sourceDomain="advertisingefficiency" entityType="advertising_command" entityId="166ac4e5-d7ac-4fa2-9573-e9817063de9d" action="READ" actorId="8f3bfcc1-4596-486f-9875-d38ed36c25d7" correlationId="51105cd6-75da-4e1f-93f3-c26adeadc47e"
[WebServer] 2026-09-05T19:10:43.448+08:00 INFO  application=marketops-server environment=local buildVersion=0.1.0-SNAPSHOT correlationId=51105cd6-75da-4e1f-93f3-c26adeadc47e c.m.m.s.i.c.CorrelationIdFilter - Request completed event="request_completed" correlationId="51105cd6-75da-4e1f-93f3-c26adeadc47e" status="200"
[WebServer] 2026-09-05T19:10:43.468+08:00 INFO  application=marketops-server environment=local buildVersion=0.1.0-SNAPSHOT correlationId=501f6ff5-4b46-40b0-bb90-82be24f772d9 c.m.m.s.i.c.CorrelationIdFilter - Request completed event="request_completed" correlationId="501f6ff5-4b46-40b0-bb90-82be24f772d9" status="200"
[WebServer] 2026-09-05T19:10:43.478+08:00 INFO  application=marketops-server environment=local buildVersion=0.1.0-SNAPSHOT correlationId=9128459f-22d0-4779-b424-43197420609f c.m.m.a.i.a.JdbcMetadataAuditStore - Metadata change recorded event="metadata_change_recorded" sourceDomain="advertisingefficiency" entityType="advertising_outcome" entityId="166ac4e5-d7ac-4fa2-9573-e9817063de9d" action="READ" actorId="8f3bfcc1-4596-486f-9875-d38ed36c25d7" correlationId="9128459f-22d0-4779-b424-43197420609f"
[WebServer] 2026-09-05T19:10:43.503+08:00 INFO  application=marketops-server environment=local buildVersion=0.1.0-SNAPSHOT correlationId=9128459f-22d0-4779-b424-43197420609f c.m.m.s.i.c.CorrelationIdFilter - Request completed event="request_completed" correlationId="9128459f-22d0-4779-b424-43197420609f" status="200"
  ✓  10 tests/advertising-browser/governed-advertising.spec.ts:420:3 › HISTORY_REGRESSION preserves actual HTTP command history, unresolved state and separate outcomes (969ms)
[WebServer] 2026-09-05T19:10:44.157+08:00 INFO  application=marketops-server environment=local buildVersion=0.1.0-SNAPSHOT correlationId=5003c782-6c8e-4c48-8003-37527d4d0e94 c.m.m.s.i.c.CorrelationIdFilter - Request completed event="request_completed" correlationId="5003c782-6c8e-4c48-8003-37527d4d0e94" status="200"
[WebServer] 2026-09-05T19:10:44.163+08:00 INFO  application=marketops-server environment=local buildVersion=0.1.0-SNAPSHOT correlationId=ca7dde60-6070-4ff7-b2f2-5715f8a47b94 c.m.m.a.i.a.JdbcMetadataAuditStore - Metadata change recorded event="metadata_change_recorded" sourceDomain="advertisingefficiency" entityType="advertising_reservations" entityId="6a23a594-3780-44c9-b1f0-e443c66ab20f" action="READ" actorId="03fe1472-0f69-498b-9056-29ad52fffcce" correlationId="ca7dde60-6070-4ff7-b2f2-5715f8a47b94"
[WebServer] 2026-09-05T19:10:44.166+08:00 INFO  application=marketops-server environment=local buildVersion=0.1.0-SNAPSHOT correlationId=96e82514-8e34-4632-99fc-4a4a16085e15 c.m.m.a.i.a.JdbcMetadataAuditStore - Metadata change recorded event="metadata_change_recorded" sourceDomain="advertisingefficiency" entityType="advertising_containments" entityId="6a23a594-3780-44c9-b1f0-e443c66ab20f" action="READ" actorId="03fe1472-0f69-498b-9056-29ad52fffcce" correlationId="96e82514-8e34-4632-99fc-4a4a16085e15"
[WebServer] 2026-09-05T19:10:44.168+08:00 INFO  application=marketops-server environment=local buildVersion=0.1.0-SNAPSHOT correlationId=3c440067-83b7-46d4-a80b-5ff2c35c6d21 c.m.m.s.i.e.ConsoleProblemAdvice - Console request refused event="console_request_refused" errorCode="RESOURCE_NOT_FOUND" correlationId="3c440067-83b7-46d4-a80b-5ff2c35c6d21"
[WebServer] 2026-09-05T19:10:44.168+08:00 INFO  application=marketops-server environment=local buildVersion=0.1.0-SNAPSHOT correlationId=3c440067-83b7-46d4-a80b-5ff2c35c6d21 c.m.m.s.i.c.CorrelationIdFilter - Request completed event="request_completed" correlationId="3c440067-83b7-46d4-a80b-5ff2c35c6d21" status="404"
[WebServer] 2026-09-05T19:10:44.169+08:00 INFO  application=marketops-server environment=local buildVersion=0.1.0-SNAPSHOT correlationId=742f1673-f88a-45b8-8d37-7f39551f3a60 c.m.m.s.i.e.ConsoleProblemAdvice - Console request refused event="console_request_refused" errorCode="RESOURCE_SCOPE_DENIED" correlationId="742f1673-f88a-45b8-8d37-7f39551f3a60"
[WebServer] 2026-09-05T19:10:44.169+08:00 INFO  application=marketops-server environment=local buildVersion=0.1.0-SNAPSHOT correlationId=742f1673-f88a-45b8-8d37-7f39551f3a60 c.m.m.s.i.c.CorrelationIdFilter - Request completed event="request_completed" correlationId="742f1673-f88a-45b8-8d37-7f39551f3a60" status="403"
[WebServer] 2026-09-05T19:10:44.170+08:00 INFO  application=marketops-server environment=local buildVersion=0.1.0-SNAPSHOT correlationId=de4ace65-ed35-4f0f-8bcc-89382bf0d44a c.m.m.a.i.a.JdbcMetadataAuditStore - Metadata change recorded event="metadata_change_recorded" sourceDomain="availabilityrisk" entityType="availability_queue" entityId="6a23a594-3780-44c9-b1f0-e443c66ab20f" action="READ" actorId="03fe1472-0f69-498b-9056-29ad52fffcce" correlationId="de4ace65-ed35-4f0f-8bcc-89382bf0d44a"
[WebServer] 2026-09-05T19:10:44.171+08:00 INFO  application=marketops-server environment=local buildVersion=0.1.0-SNAPSHOT correlationId=de4ace65-ed35-4f0f-8bcc-89382bf0d44a c.m.m.s.i.c.CorrelationIdFilter - Request completed event="request_completed" correlationId="de4ace65-ed35-4f0f-8bcc-89382bf0d44a" status="200"
[WebServer] 2026-09-05T19:10:44.175+08:00 INFO  application=marketops-server environment=local buildVersion=0.1.0-SNAPSHOT correlationId=96e82514-8e34-4632-99fc-4a4a16085e15 c.m.m.s.i.c.CorrelationIdFilter - Request completed event="request_completed" correlationId="96e82514-8e34-4632-99fc-4a4a16085e15" status="200"
[WebServer] 2026-09-05T19:10:44.179+08:00 INFO  application=marketops-server environment=local buildVersion=0.1.0-SNAPSHOT correlationId=49fa218a-d808-4c1c-82d4-8adfb5f3379d c.m.m.a.i.a.JdbcMetadataAuditStore - Metadata change recorded event="metadata_change_recorded" sourceDomain="advertisingefficiency" entityType="advertising_exposure" entityId="6a23a594-3780-44c9-b1f0-e443c66ab20f" action="READ" actorId="03fe1472-0f69-498b-9056-29ad52fffcce" correlationId="49fa218a-d808-4c1c-82d4-8adfb5f3379d"
[WebServer] 2026-09-05T19:10:44.181+08:00 INFO  application=marketops-server environment=local buildVersion=0.1.0-SNAPSHOT correlationId=49fa218a-d808-4c1c-82d4-8adfb5f3379d c.m.m.s.i.c.CorrelationIdFilter - Request completed event="request_completed" correlationId="49fa218a-d808-4c1c-82d4-8adfb5f3379d" status="200"
[WebServer] 2026-09-05T19:10:44.183+08:00 INFO  application=marketops-server environment=local buildVersion=0.1.0-SNAPSHOT correlationId=0bfda5e3-dbb8-4fc3-a82b-b85b9d3333c5 c.m.m.s.i.e.ConsoleProblemAdvice - Console request refused event="console_request_refused" errorCode="RESOURCE_SCOPE_DENIED" correlationId="0bfda5e3-dbb8-4fc3-a82b-b85b9d3333c5"
[WebServer] 2026-09-05T19:10:44.184+08:00 INFO  application=marketops-server environment=local buildVersion=0.1.0-SNAPSHOT correlationId=0bfda5e3-dbb8-4fc3-a82b-b85b9d3333c5 c.m.m.s.i.c.CorrelationIdFilter - Request completed event="request_completed" correlationId="0bfda5e3-dbb8-4fc3-a82b-b85b9d3333c5" status="403"
[WebServer] 2026-09-05T19:10:44.186+08:00 INFO  application=marketops-server environment=local buildVersion=0.1.0-SNAPSHOT correlationId=ca7dde60-6070-4ff7-b2f2-5715f8a47b94 c.m.m.s.i.c.CorrelationIdFilter - Request completed event="request_completed" correlationId="ca7dde60-6070-4ff7-b2f2-5715f8a47b94" status="200"
[WebServer] 2026-09-05T19:10:44.189+08:00 INFO  application=marketops-server environment=local buildVersion=0.1.0-SNAPSHOT correlationId=6de79612-b63a-4718-834d-48e3f22a32a7 c.m.m.a.i.a.JdbcMetadataAuditStore - Metadata change recorded event="metadata_change_recorded" sourceDomain="advertisingefficiency" entityType="advertising_queue" entityId="6a23a594-3780-44c9-b1f0-e443c66ab20f" action="READ" actorId="03fe1472-0f69-498b-9056-29ad52fffcce" correlationId="6de79612-b63a-4718-834d-48e3f22a32a7"
[WebServer] 2026-09-05T19:10:44.201+08:00 INFO  application=marketops-server environment=local buildVersion=0.1.0-SNAPSHOT correlationId=51a122ca-faf5-48f7-ac8b-34218de8f8b1 c.m.m.a.i.a.JdbcMetadataAuditStore - Metadata change recorded event="metadata_change_recorded" sourceDomain="advertisingefficiency" entityType="advertising_orchestration" entityId="6a23a594-3780-44c9-b1f0-e443c66ab20f" action="READ" actorId="03fe1472-0f69-498b-9056-29ad52fffcce" correlationId="51a122ca-faf5-48f7-ac8b-34218de8f8b1"
[WebServer] 2026-09-05T19:10:44.201+08:00 INFO  application=marketops-server environment=local buildVersion=0.1.0-SNAPSHOT correlationId=6de79612-b63a-4718-834d-48e3f22a32a7 c.m.m.s.i.c.CorrelationIdFilter - Request completed event="request_completed" correlationId="6de79612-b63a-4718-834d-48e3f22a32a7" status="200"
[WebServer] 2026-09-05T19:10:44.202+08:00 INFO  application=marketops-server environment=local buildVersion=0.1.0-SNAPSHOT correlationId=51a122ca-faf5-48f7-ac8b-34218de8f8b1 c.m.m.s.i.c.CorrelationIdFilter - Request completed event="request_completed" correlationId="51a122ca-faf5-48f7-ac8b-34218de8f8b1" status="200"
[WebServer] 2026-09-05T19:10:44.218+08:00 INFO  application=marketops-server environment=local buildVersion=0.1.0-SNAPSHOT correlationId=801615e4-394c-4b28-ba8f-6f45fb90fd32 c.m.m.s.i.c.CorrelationIdFilter - Request completed event="request_completed" correlationId="801615e4-394c-4b28-ba8f-6f45fb90fd32" status="200"
[WebServer] 2026-09-05T19:10:44.252+08:00 INFO  application=marketops-server environment=local buildVersion=0.1.0-SNAPSHOT correlationId=5b5e3ba9-829c-4f0e-a8ac-4c8c219bff63 c.m.m.a.i.a.JdbcMetadataAuditStore - Metadata change recorded event="metadata_change_recorded" sourceDomain="advertisingefficiency" entityType="advertising_case" entityId="acdfe0f0-20a3-4d55-b2cc-4b1e3d362fe7" action="READ" actorId="03fe1472-0f69-498b-9056-29ad52fffcce" correlationId="5b5e3ba9-829c-4f0e-a8ac-4c8c219bff63"
[WebServer] 2026-09-05T19:10:44.261+08:00 INFO  application=marketops-server environment=local buildVersion=0.1.0-SNAPSHOT correlationId=5b5e3ba9-829c-4f0e-a8ac-4c8c219bff63 c.m.m.s.i.c.CorrelationIdFilter - Request completed event="request_completed" correlationId="5b5e3ba9-829c-4f0e-a8ac-4c8c219bff63" status="200"
[WebServer] 2026-09-05T19:10:44.289+08:00 INFO  application=marketops-server environment=local buildVersion=0.1.0-SNAPSHOT correlationId=f6a48486-ec99-48c9-ba76-99e5cf267334 c.m.m.a.i.a.JdbcMetadataAuditStore - Metadata change recorded event="metadata_change_recorded" sourceDomain="advertisingefficiency" entityType="advertising_manual_packet" entityId="3137df99-61c0-4f5a-a089-985f94857395" action="READ" actorId="03fe1472-0f69-498b-9056-29ad52fffcce" correlationId="f6a48486-ec99-48c9-ba76-99e5cf267334"
[WebServer] 2026-09-05T19:10:44.290+08:00 INFO  application=marketops-server environment=local buildVersion=0.1.0-SNAPSHOT correlationId=f6a48486-ec99-48c9-ba76-99e5cf267334 c.m.m.s.i.c.CorrelationIdFilter - Request completed event="request_completed" correlationId="f6a48486-ec99-48c9-ba76-99e5cf267334" status="200"
[WebServer] 2026-09-05T19:10:44.308+08:00 INFO  application=marketops-server environment=local buildVersion=0.1.0-SNAPSHOT correlationId=eaa8ca7f-cd7d-4480-8bfe-3c3e2943de7e c.m.m.s.i.c.CorrelationIdFilter - Request completed event="request_completed" correlationId="eaa8ca7f-cd7d-4480-8bfe-3c3e2943de7e" status="200"
[WebServer] 2026-09-05T19:10:44.327+08:00 INFO  application=marketops-server environment=local buildVersion=0.1.0-SNAPSHOT correlationId=0622cdfd-cd19-4ded-a267-6864ca88a0d6 c.m.m.s.i.c.CorrelationIdFilter - Request completed event="request_completed" correlationId="0622cdfd-cd19-4ded-a267-6864ca88a0d6" status="200"
[WebServer] 2026-09-05T19:10:44.351+08:00 INFO  application=marketops-server environment=local buildVersion=0.1.0-SNAPSHOT correlationId=91bcb0d3-ba2a-46ca-a9bd-a2ec03b681e1 c.m.m.s.i.c.CorrelationIdFilter - Request completed event="request_completed" correlationId="91bcb0d3-ba2a-46ca-a9bd-a2ec03b681e1" status="200"
[WebServer] 2026-09-05T19:10:44.352+08:00 INFO  application=marketops-server environment=local buildVersion=0.1.0-SNAPSHOT correlationId=9c36789a-f9e2-473e-be43-129196e3a03b c.m.m.a.i.a.JdbcMetadataAuditStore - Metadata change recorded event="metadata_change_recorded" sourceDomain="advertisingefficiency" entityType="advertising_command" entityId="14077d70-dde7-41e6-abb5-9e4dbc0b92b4" action="READ" actorId="03fe1472-0f69-498b-9056-29ad52fffcce" correlationId="9c36789a-f9e2-473e-be43-129196e3a03b"
[WebServer] 2026-09-05T19:10:44.366+08:00 INFO  application=marketops-server environment=local buildVersion=0.1.0-SNAPSHOT correlationId=9c36789a-f9e2-473e-be43-129196e3a03b c.m.m.s.i.c.CorrelationIdFilter - Request completed event="request_completed" correlationId="9c36789a-f9e2-473e-be43-129196e3a03b" status="200"
[WebServer] 2026-09-05T19:10:44.381+08:00 INFO  application=marketops-server environment=local buildVersion=0.1.0-SNAPSHOT correlationId=54e57a39-b596-43e4-b8ea-037c36ae9479 c.m.m.s.i.c.CorrelationIdFilter - Request completed event="request_completed" correlationId="54e57a39-b596-43e4-b8ea-037c36ae9479" status="200"
[WebServer] 2026-09-05T19:10:44.384+08:00 INFO  application=marketops-server environment=local buildVersion=0.1.0-SNAPSHOT correlationId=a53d6d35-f5b7-4674-867a-a468d1dcebef c.m.m.a.i.a.JdbcMetadataAuditStore - Metadata change recorded event="metadata_change_recorded" sourceDomain="advertisingefficiency" entityType="advertising_outcome" entityId="14077d70-dde7-41e6-abb5-9e4dbc0b92b4" action="READ" actorId="03fe1472-0f69-498b-9056-29ad52fffcce" correlationId="a53d6d35-f5b7-4674-867a-a468d1dcebef"
[WebServer] 2026-09-05T19:10:44.385+08:00 INFO  application=marketops-server environment=local buildVersion=0.1.0-SNAPSHOT correlationId=a53d6d35-f5b7-4674-867a-a468d1dcebef c.m.m.s.i.c.CorrelationIdFilter - Request completed event="request_completed" correlationId="a53d6d35-f5b7-4674-867a-a468d1dcebef" status="200"
[WebServer] 2026-09-05T19:10:44.429+08:00 INFO  application=marketops-server environment=local buildVersion=0.1.0-SNAPSHOT correlationId=4d81eda5-7515-4852-bce3-027f36edec67 c.m.m.s.i.c.CorrelationIdFilter - Request completed event="request_completed" correlationId="4d81eda5-7515-4852-bce3-027f36edec67" status="200"
[WebServer] 2026-09-05T19:10:44.430+08:00 INFO  application=marketops-server environment=local buildVersion=0.1.0-SNAPSHOT correlationId=ac357277-78f9-497c-9405-001fddadd558 c.m.m.a.i.a.JdbcMetadataAuditStore - Metadata change recorded event="metadata_change_recorded" sourceDomain="advertisingefficiency" entityType="advertising_command" entityId="14077d70-dde7-41e6-abb5-9e4dbc0b92b4" action="READ" actorId="03fe1472-0f69-498b-9056-29ad52fffcce" correlationId="ac357277-78f9-497c-9405-001fddadd558"
[WebServer] 2026-09-05T19:10:44.431+08:00 INFO  application=marketops-server environment=local buildVersion=0.1.0-SNAPSHOT correlationId=51c10bc8-82d6-41f3-abc1-286dcf754976 c.m.m.a.i.a.JdbcMetadataAuditStore - Metadata change recorded event="metadata_change_recorded" sourceDomain="advertisingefficiency" entityType="advertising_outcome" entityId="14077d70-dde7-41e6-abb5-9e4dbc0b92b4" action="READ" actorId="03fe1472-0f69-498b-9056-29ad52fffcce" correlationId="51c10bc8-82d6-41f3-abc1-286dcf754976"
[WebServer] 2026-09-05T19:10:44.432+08:00 INFO  application=marketops-server environment=local buildVersion=0.1.0-SNAPSHOT correlationId=51c10bc8-82d6-41f3-abc1-286dcf754976 c.m.m.s.i.c.CorrelationIdFilter - Request completed event="request_completed" correlationId="51c10bc8-82d6-41f3-abc1-286dcf754976" status="200"
[WebServer] 2026-09-05T19:10:44.448+08:00 INFO  application=marketops-server environment=local buildVersion=0.1.0-SNAPSHOT correlationId=ac357277-78f9-497c-9405-001fddadd558 c.m.m.s.i.c.CorrelationIdFilter - Request completed event="request_completed" correlationId="ac357277-78f9-497c-9405-001fddadd558" status="200"
  ✓  11 tests/advertising-browser/governed-advertising.spec.ts:420:3 › HISTORY_EXPIRED preserves actual HTTP command history, unresolved state and separate outcomes (720ms)
[WebServer] 2026-09-05T19:10:44.863+08:00 INFO  application=marketops-server environment=local buildVersion=0.1.0-SNAPSHOT correlationId=46e15298-1d2f-4ade-91d9-79799b730ffe c.m.m.s.i.c.CorrelationIdFilter - Request completed event="request_completed" correlationId="46e15298-1d2f-4ade-91d9-79799b730ffe" status="200"
[WebServer] 2026-09-05T19:10:44.878+08:00 INFO  application=marketops-server environment=local buildVersion=0.1.0-SNAPSHOT correlationId=1a4f25d5-970e-4639-b0fe-7ba2e3416c45 c.m.m.a.i.a.JdbcMetadataAuditStore - Metadata change recorded event="metadata_change_recorded" sourceDomain="advertisingefficiency" entityType="advertising_reservations" entityId="623f3960-6d1f-441d-8f70-8f49c2403869" action="READ" actorId="cb4e62de-0963-4952-bab9-763e2638e093" correlationId="1a4f25d5-970e-4639-b0fe-7ba2e3416c45"
[WebServer] 2026-09-05T19:10:44.879+08:00 INFO  application=marketops-server environment=local buildVersion=0.1.0-SNAPSHOT correlationId=1a4f25d5-970e-4639-b0fe-7ba2e3416c45 c.m.m.s.i.c.CorrelationIdFilter - Request completed event="request_completed" correlationId="1a4f25d5-970e-4639-b0fe-7ba2e3416c45" status="200"
[WebServer] 2026-09-05T19:10:44.881+08:00 INFO  application=marketops-server environment=local buildVersion=0.1.0-SNAPSHOT correlationId=701b68a6-12db-411c-99d3-70fc28a7653a c.m.m.a.i.a.JdbcMetadataAuditStore - Metadata change recorded event="metadata_change_recorded" sourceDomain="advertisingefficiency" entityType="advertising_containments" entityId="623f3960-6d1f-441d-8f70-8f49c2403869" action="READ" actorId="cb4e62de-0963-4952-bab9-763e2638e093" correlationId="701b68a6-12db-411c-99d3-70fc28a7653a"
[WebServer] 2026-09-05T19:10:44.882+08:00 INFO  application=marketops-server environment=local buildVersion=0.1.0-SNAPSHOT correlationId=b03638ff-e98c-47f5-8a21-49cd04c21183 c.m.m.a.i.a.JdbcMetadataAuditStore - Metadata change recorded event="metadata_change_recorded" sourceDomain="availabilityrisk" entityType="availability_queue" entityId="623f3960-6d1f-441d-8f70-8f49c2403869" action="READ" actorId="cb4e62de-0963-4952-bab9-763e2638e093" correlationId="b03638ff-e98c-47f5-8a21-49cd04c21183"
[WebServer] 2026-09-05T19:10:44.882+08:00 INFO  application=marketops-server environment=local buildVersion=0.1.0-SNAPSHOT correlationId=c81c10b9-fc1b-4a03-96a9-585bee6661f2 c.m.m.s.i.e.ConsoleProblemAdvice - Console request refused event="console_request_refused" errorCode="RESOURCE_NOT_FOUND" correlationId="c81c10b9-fc1b-4a03-96a9-585bee6661f2"
[WebServer] 2026-09-05T19:10:44.883+08:00 INFO  application=marketops-server environment=local buildVersion=0.1.0-SNAPSHOT correlationId=c81c10b9-fc1b-4a03-96a9-585bee6661f2 c.m.m.s.i.c.CorrelationIdFilter - Request completed event="request_completed" correlationId="c81c10b9-fc1b-4a03-96a9-585bee6661f2" status="404"
[WebServer] 2026-09-05T19:10:44.883+08:00 INFO  application=marketops-server environment=local buildVersion=0.1.0-SNAPSHOT correlationId=b03638ff-e98c-47f5-8a21-49cd04c21183 c.m.m.s.i.c.CorrelationIdFilter - Request completed event="request_completed" correlationId="b03638ff-e98c-47f5-8a21-49cd04c21183" status="200"
[WebServer] 2026-09-05T19:10:44.887+08:00 INFO  application=marketops-server environment=local buildVersion=0.1.0-SNAPSHOT correlationId=d6fa7e24-bc78-47be-80ed-57a13398717f c.m.m.a.i.a.JdbcMetadataAuditStore - Metadata change recorded event="metadata_change_recorded" sourceDomain="advertisingefficiency" entityType="advertising_exposure" entityId="623f3960-6d1f-441d-8f70-8f49c2403869" action="READ" actorId="cb4e62de-0963-4952-bab9-763e2638e093" correlationId="d6fa7e24-bc78-47be-80ed-57a13398717f"
[WebServer] 2026-09-05T19:10:44.888+08:00 INFO  application=marketops-server environment=local buildVersion=0.1.0-SNAPSHOT correlationId=2e963721-eb19-4a18-9fa4-fcb5eedc7622 c.m.m.s.i.e.ConsoleProblemAdvice - Console request refused event="console_request_refused" errorCode="RESOURCE_SCOPE_DENIED" correlationId="2e963721-eb19-4a18-9fa4-fcb5eedc7622"
[WebServer] 2026-09-05T19:10:44.888+08:00 INFO  application=marketops-server environment=local buildVersion=0.1.0-SNAPSHOT correlationId=2e963721-eb19-4a18-9fa4-fcb5eedc7622 c.m.m.s.i.c.CorrelationIdFilter - Request completed event="request_completed" correlationId="2e963721-eb19-4a18-9fa4-fcb5eedc7622" status="403"
[WebServer] 2026-09-05T19:10:44.889+08:00 INFO  application=marketops-server environment=local buildVersion=0.1.0-SNAPSHOT correlationId=d6fa7e24-bc78-47be-80ed-57a13398717f c.m.m.s.i.c.CorrelationIdFilter - Request completed event="request_completed" correlationId="d6fa7e24-bc78-47be-80ed-57a13398717f" status="200"
[WebServer] 2026-09-05T19:10:44.890+08:00 INFO  application=marketops-server environment=local buildVersion=0.1.0-SNAPSHOT correlationId=701b68a6-12db-411c-99d3-70fc28a7653a c.m.m.s.i.c.CorrelationIdFilter - Request completed event="request_completed" correlationId="701b68a6-12db-411c-99d3-70fc28a7653a" status="200"
[WebServer] 2026-09-05T19:10:44.901+08:00 INFO  application=marketops-server environment=local buildVersion=0.1.0-SNAPSHOT correlationId=80e44d4e-9582-4a36-8a0e-bc01c2606eb6 c.m.m.s.i.e.ConsoleProblemAdvice - Console request refused event="console_request_refused" errorCode="RESOURCE_SCOPE_DENIED" correlationId="80e44d4e-9582-4a36-8a0e-bc01c2606eb6"
[WebServer] 2026-09-05T19:10:44.902+08:00 INFO  application=marketops-server environment=local buildVersion=0.1.0-SNAPSHOT correlationId=80e44d4e-9582-4a36-8a0e-bc01c2606eb6 c.m.m.s.i.c.CorrelationIdFilter - Request completed event="request_completed" correlationId="80e44d4e-9582-4a36-8a0e-bc01c2606eb6" status="403"
[WebServer] 2026-09-05T19:10:44.905+08:00 INFO  application=marketops-server environment=local buildVersion=0.1.0-SNAPSHOT correlationId=ab15d8f0-5d03-4960-864b-a23069c48389 c.m.m.a.i.a.JdbcMetadataAuditStore - Metadata change recorded event="metadata_change_recorded" sourceDomain="advertisingefficiency" entityType="advertising_queue" entityId="623f3960-6d1f-441d-8f70-8f49c2403869" action="READ" actorId="cb4e62de-0963-4952-bab9-763e2638e093" correlationId="ab15d8f0-5d03-4960-864b-a23069c48389"
[WebServer] 2026-09-05T19:10:44.910+08:00 INFO  application=marketops-server environment=local buildVersion=0.1.0-SNAPSHOT correlationId=2e768ef6-98e7-437e-9b17-cf19b6ae8da3 c.m.m.a.i.a.JdbcMetadataAuditStore - Metadata change recorded event="metadata_change_recorded" sourceDomain="advertisingefficiency" entityType="advertising_orchestration" entityId="623f3960-6d1f-441d-8f70-8f49c2403869" action="READ" actorId="cb4e62de-0963-4952-bab9-763e2638e093" correlationId="2e768ef6-98e7-437e-9b17-cf19b6ae8da3"
[WebServer] 2026-09-05T19:10:44.911+08:00 INFO  application=marketops-server environment=local buildVersion=0.1.0-SNAPSHOT correlationId=2e768ef6-98e7-437e-9b17-cf19b6ae8da3 c.m.m.s.i.c.CorrelationIdFilter - Request completed event="request_completed" correlationId="2e768ef6-98e7-437e-9b17-cf19b6ae8da3" status="200"
[WebServer] 2026-09-05T19:10:44.943+08:00 INFO  application=marketops-server environment=local buildVersion=0.1.0-SNAPSHOT correlationId=95c2a47f-5db5-4659-8bab-cd20a921af29 c.m.m.s.i.c.CorrelationIdFilter - Request completed event="request_completed" correlationId="95c2a47f-5db5-4659-8bab-cd20a921af29" status="200"
[WebServer] 2026-09-05T19:10:45.359+08:00 INFO  application=marketops-server environment=local buildVersion=0.1.0-SNAPSHOT correlationId=ab15d8f0-5d03-4960-864b-a23069c48389 c.m.m.s.i.c.CorrelationIdFilter - Request completed event="request_completed" correlationId="ab15d8f0-5d03-4960-864b-a23069c48389" status="200"
[WebServer] 2026-09-05T19:10:46.208+08:00 INFO  application=marketops-server environment=local buildVersion=0.1.0-SNAPSHOT correlationId=bcc39779-3efd-4ee3-904c-465d5545d6bc c.m.m.a.i.a.JdbcMetadataAuditStore - Metadata change recorded event="metadata_change_recorded" sourceDomain="advertisingefficiency" entityType="advertising_case" entityId="7bf81dfb-8123-475c-8834-3a39a7d1a9b8" action="READ" actorId="cb4e62de-0963-4952-bab9-763e2638e093" correlationId="bcc39779-3efd-4ee3-904c-465d5545d6bc"
[WebServer] 2026-09-05T19:10:46.221+08:00 INFO  application=marketops-server environment=local buildVersion=0.1.0-SNAPSHOT correlationId=bcc39779-3efd-4ee3-904c-465d5545d6bc c.m.m.s.i.c.CorrelationIdFilter - Request completed event="request_completed" correlationId="bcc39779-3efd-4ee3-904c-465d5545d6bc" status="200"
[WebServer] 2026-09-05T19:10:46.243+08:00 INFO  application=marketops-server environment=local buildVersion=0.1.0-SNAPSHOT correlationId=57cf5c64-4dbf-47d1-b5ba-d24a674d13ec c.m.m.a.i.a.JdbcMetadataAuditStore - Metadata change recorded event="metadata_change_recorded" sourceDomain="advertisingefficiency" entityType="advertising_manual_packet" entityId="1e09f08c-6592-4637-b9f7-6b65c2282f78" action="READ" actorId="cb4e62de-0963-4952-bab9-763e2638e093" correlationId="57cf5c64-4dbf-47d1-b5ba-d24a674d13ec"
[WebServer] 2026-09-05T19:10:46.244+08:00 INFO  application=marketops-server environment=local buildVersion=0.1.0-SNAPSHOT correlationId=57cf5c64-4dbf-47d1-b5ba-d24a674d13ec c.m.m.s.i.c.CorrelationIdFilter - Request completed event="request_completed" correlationId="57cf5c64-4dbf-47d1-b5ba-d24a674d13ec" status="200"
[WebServer] 2026-09-05T19:10:46.265+08:00 INFO  application=marketops-server environment=local buildVersion=0.1.0-SNAPSHOT correlationId=758d76b1-2c71-41d6-9bb9-25da2febc837 c.m.m.s.i.c.CorrelationIdFilter - Request completed event="request_completed" correlationId="758d76b1-2c71-41d6-9bb9-25da2febc837" status="200"
[WebServer] 2026-09-05T19:10:46.282+08:00 INFO  application=marketops-server environment=local buildVersion=0.1.0-SNAPSHOT correlationId=e3061584-59d9-452c-90ee-2100f2fefa3a c.m.m.s.i.c.CorrelationIdFilter - Request completed event="request_completed" correlationId="e3061584-59d9-452c-90ee-2100f2fefa3a" status="200"
[WebServer] 2026-09-05T19:10:46.304+08:00 INFO  application=marketops-server environment=local buildVersion=0.1.0-SNAPSHOT correlationId=032575d8-31ae-4429-bb9e-89e1d54d5122 c.m.m.s.i.c.CorrelationIdFilter - Request completed event="request_completed" correlationId="032575d8-31ae-4429-bb9e-89e1d54d5122" status="200"
[WebServer] 2026-09-05T19:10:46.440+08:00 INFO  application=marketops-server environment=local buildVersion=0.1.0-SNAPSHOT correlationId=6314257e-b582-4efb-895f-767b1639c0db c.m.m.s.i.c.CorrelationIdFilter - Request completed event="request_completed" correlationId="6314257e-b582-4efb-895f-767b1639c0db" status="204"
[WebServer] 2026-09-05T19:10:46.444+08:00 DEBUG application=marketops-server environment=local buildVersion=0.1.0-SNAPSHOT correlationId=1654302d-b699-4fab-b958-addf0390cdca c.m.m.s.i.c.CorrelationIdFilter - Inbound correlation identifier replaced event="correlation_identifier_replaced" correlationId="1654302d-b699-4fab-b958-addf0390cdca" rejectionCategory="MISSING"
[WebServer] 2026-09-05T19:10:46.488+08:00 INFO  application=marketops-server environment=local buildVersion=0.1.0-SNAPSHOT correlationId=ca5699ff-54b9-4116-97f0-79af90bc4070 c.m.m.s.i.c.CorrelationIdFilter - Request completed event="request_completed" correlationId="ca5699ff-54b9-4116-97f0-79af90bc4070" status="200"
[WebServer] 2026-09-05T19:10:46.490+08:00 INFO  application=marketops-server environment=local buildVersion=0.1.0-SNAPSHOT correlationId=1654302d-b699-4fab-b958-addf0390cdca c.m.m.s.i.c.CorrelationIdFilter - Request completed event="request_completed" correlationId="1654302d-b699-4fab-b958-addf0390cdca" status="200"
[WebServer] 2026-09-05T19:10:46.513+08:00 INFO  application=marketops-server environment=local buildVersion=0.1.0-SNAPSHOT correlationId=3d91793d-ec33-4c4f-b512-5406f8e64ce8 c.m.m.s.i.c.CorrelationIdFilter - Request completed event="request_completed" correlationId="3d91793d-ec33-4c4f-b512-5406f8e64ce8" status="200"
[WebServer] 2026-09-05T19:10:46.653+08:00 INFO  application=marketops-server environment=local buildVersion=0.1.0-SNAPSHOT correlationId=4e908cae-2074-4bb9-9379-57fa98966e35 c.m.m.s.i.e.ConsoleProblemAdvice - Console request refused event="console_request_refused" errorCode="RESOURCE_NOT_FOUND" correlationId="4e908cae-2074-4bb9-9379-57fa98966e35"
[WebServer] 2026-09-05T19:10:46.653+08:00 INFO  application=marketops-server environment=local buildVersion=0.1.0-SNAPSHOT correlationId=e065b027-f4cf-4760-bd30-fe8ef995cf39 c.m.m.a.i.a.JdbcMetadataAuditStore - Metadata change recorded event="metadata_change_recorded" sourceDomain="advertisingefficiency" entityType="advertising_containments" entityId="623f3960-6d1f-441d-8f70-8f49c2403869" action="READ" actorId="cb4e62de-0963-4952-bab9-763e2638e093" correlationId="e065b027-f4cf-4760-bd30-fe8ef995cf39"
[WebServer] 2026-09-05T19:10:46.653+08:00 INFO  application=marketops-server environment=local buildVersion=0.1.0-SNAPSHOT correlationId=3cb60d7c-1293-4c60-a7e3-7543ddb876d2 c.m.m.a.i.a.JdbcMetadataAuditStore - Metadata change recorded event="metadata_change_recorded" sourceDomain="advertisingefficiency" entityType="advertising_reservations" entityId="623f3960-6d1f-441d-8f70-8f49c2403869" action="READ" actorId="cb4e62de-0963-4952-bab9-763e2638e093" correlationId="3cb60d7c-1293-4c60-a7e3-7543ddb876d2"
[WebServer] 2026-09-05T19:10:46.654+08:00 INFO  application=marketops-server environment=local buildVersion=0.1.0-SNAPSHOT correlationId=4e908cae-2074-4bb9-9379-57fa98966e35 c.m.m.s.i.c.CorrelationIdFilter - Request completed event="request_completed" correlationId="4e908cae-2074-4bb9-9379-57fa98966e35" status="404"
[WebServer] 2026-09-05T19:10:46.656+08:00 INFO  application=marketops-server environment=local buildVersion=0.1.0-SNAPSHOT correlationId=3cb60d7c-1293-4c60-a7e3-7543ddb876d2 c.m.m.s.i.c.CorrelationIdFilter - Request completed event="request_completed" correlationId="3cb60d7c-1293-4c60-a7e3-7543ddb876d2" status="200"
[WebServer] 2026-09-05T19:10:46.657+08:00 INFO  application=marketops-server environment=local buildVersion=0.1.0-SNAPSHOT correlationId=090b0dc9-aad9-4c59-b27a-69dd9d24ac00 c.m.m.s.i.e.ConsoleProblemAdvice - Console request refused event="console_request_refused" errorCode="RESOURCE_SCOPE_DENIED" correlationId="090b0dc9-aad9-4c59-b27a-69dd9d24ac00"
[WebServer] 2026-09-05T19:10:46.658+08:00 INFO  application=marketops-server environment=local buildVersion=0.1.0-SNAPSHOT correlationId=090b0dc9-aad9-4c59-b27a-69dd9d24ac00 c.m.m.s.i.c.CorrelationIdFilter - Request completed event="request_completed" correlationId="090b0dc9-aad9-4c59-b27a-69dd9d24ac00" status="403"
[WebServer] 2026-09-05T19:10:46.659+08:00 INFO  application=marketops-server environment=local buildVersion=0.1.0-SNAPSHOT correlationId=7ce5de20-b81e-4db1-b5e2-3a1443564453 c.m.m.a.i.a.JdbcMetadataAuditStore - Metadata change recorded event="metadata_change_recorded" sourceDomain="availabilityrisk" entityType="availability_queue" entityId="623f3960-6d1f-441d-8f70-8f49c2403869" action="READ" actorId="cb4e62de-0963-4952-bab9-763e2638e093" correlationId="7ce5de20-b81e-4db1-b5e2-3a1443564453"
[WebServer] 2026-09-05T19:10:46.660+08:00 INFO  application=marketops-server environment=local buildVersion=0.1.0-SNAPSHOT correlationId=7ce5de20-b81e-4db1-b5e2-3a1443564453 c.m.m.s.i.c.CorrelationIdFilter - Request completed event="request_completed" correlationId="7ce5de20-b81e-4db1-b5e2-3a1443564453" status="200"
[WebServer] 2026-09-05T19:10:46.662+08:00 INFO  application=marketops-server environment=local buildVersion=0.1.0-SNAPSHOT correlationId=5e9d3d77-a312-407a-bb2f-17e9b319a603 c.m.m.a.i.a.JdbcMetadataAuditStore - Metadata change recorded event="metadata_change_recorded" sourceDomain="advertisingefficiency" entityType="advertising_exposure" entityId="623f3960-6d1f-441d-8f70-8f49c2403869" action="READ" actorId="cb4e62de-0963-4952-bab9-763e2638e093" correlationId="5e9d3d77-a312-407a-bb2f-17e9b319a603"
[WebServer] 2026-09-05T19:10:46.662+08:00 INFO  application=marketops-server environment=local buildVersion=0.1.0-SNAPSHOT correlationId=e065b027-f4cf-4760-bd30-fe8ef995cf39 c.m.m.s.i.c.CorrelationIdFilter - Request completed event="request_completed" correlationId="e065b027-f4cf-4760-bd30-fe8ef995cf39" status="200"
[WebServer] 2026-09-05T19:10:46.663+08:00 INFO  application=marketops-server environment=local buildVersion=0.1.0-SNAPSHOT correlationId=5e9d3d77-a312-407a-bb2f-17e9b319a603 c.m.m.s.i.c.CorrelationIdFilter - Request completed event="request_completed" correlationId="5e9d3d77-a312-407a-bb2f-17e9b319a603" status="200"
[WebServer] 2026-09-05T19:10:46.669+08:00 INFO  application=marketops-server environment=local buildVersion=0.1.0-SNAPSHOT correlationId=2c176bfd-3f34-400e-b9e7-a7604d5757ba c.m.m.s.i.e.ConsoleProblemAdvice - Console request refused event="console_request_refused" errorCode="RESOURCE_SCOPE_DENIED" correlationId="2c176bfd-3f34-400e-b9e7-a7604d5757ba"
[WebServer] 2026-09-05T19:10:46.670+08:00 INFO  application=marketops-server environment=local buildVersion=0.1.0-SNAPSHOT correlationId=2c176bfd-3f34-400e-b9e7-a7604d5757ba c.m.m.s.i.c.CorrelationIdFilter - Request completed event="request_completed" correlationId="2c176bfd-3f34-400e-b9e7-a7604d5757ba" status="403"
[WebServer] 2026-09-05T19:10:46.676+08:00 INFO  application=marketops-server environment=local buildVersion=0.1.0-SNAPSHOT correlationId=a40f5eb4-4295-478f-8ad9-4b77057f85f3 c.m.m.a.i.a.JdbcMetadataAuditStore - Metadata change recorded event="metadata_change_recorded" sourceDomain="advertisingefficiency" entityType="advertising_queue" entityId="623f3960-6d1f-441d-8f70-8f49c2403869" action="READ" actorId="cb4e62de-0963-4952-bab9-763e2638e093" correlationId="a40f5eb4-4295-478f-8ad9-4b77057f85f3"
[WebServer] 2026-09-05T19:10:46.677+08:00 INFO  application=marketops-server environment=local buildVersion=0.1.0-SNAPSHOT correlationId=956a7abe-c856-4f12-aa07-d0c8e1a4dbf2 c.m.m.a.i.a.JdbcMetadataAuditStore - Metadata change recorded event="metadata_change_recorded" sourceDomain="advertisingefficiency" entityType="advertising_orchestration" entityId="623f3960-6d1f-441d-8f70-8f49c2403869" action="READ" actorId="cb4e62de-0963-4952-bab9-763e2638e093" correlationId="956a7abe-c856-4f12-aa07-d0c8e1a4dbf2"
[WebServer] 2026-09-05T19:10:46.678+08:00 INFO  application=marketops-server environment=local buildVersion=0.1.0-SNAPSHOT correlationId=956a7abe-c856-4f12-aa07-d0c8e1a4dbf2 c.m.m.s.i.c.CorrelationIdFilter - Request completed event="request_completed" correlationId="956a7abe-c856-4f12-aa07-d0c8e1a4dbf2" status="200"
[WebServer] 2026-09-05T19:10:47.119+08:00 INFO  application=marketops-server environment=local buildVersion=0.1.0-SNAPSHOT correlationId=a40f5eb4-4295-478f-8ad9-4b77057f85f3 c.m.m.s.i.c.CorrelationIdFilter - Request completed event="request_completed" correlationId="a40f5eb4-4295-478f-8ad9-4b77057f85f3" status="200"
[WebServer] 2026-09-05T19:10:48.029+08:00 INFO  application=marketops-server environment=local buildVersion=0.1.0-SNAPSHOT correlationId=5e860c99-c65d-44ea-b7fe-c167a0bec058 c.m.m.a.i.a.JdbcMetadataAuditStore - Metadata change recorded event="metadata_change_recorded" sourceDomain="advertisingefficiency" entityType="advertising_queue" entityId="623f3960-6d1f-441d-8f70-8f49c2403869" action="READ" actorId="cb4e62de-0963-4952-bab9-763e2638e093" correlationId="5e860c99-c65d-44ea-b7fe-c167a0bec058"
[WebServer] 2026-09-05T19:10:48.106+08:00 INFO  application=marketops-server environment=local buildVersion=0.1.0-SNAPSHOT correlationId=5e860c99-c65d-44ea-b7fe-c167a0bec058 c.m.m.s.i.c.CorrelationIdFilter - Request completed event="request_completed" correlationId="5e860c99-c65d-44ea-b7fe-c167a0bec058" status="200"
[WebServer] 2026-09-05T19:10:48.605+08:00 INFO  application=marketops-server environment=local buildVersion=0.1.0-SNAPSHOT correlationId=204230e5-203f-457d-a82c-3b01e9cf946f c.m.m.a.i.a.JdbcMetadataAuditStore - Metadata change recorded event="metadata_change_recorded" sourceDomain="advertisingefficiency" entityType="advertising_queue" entityId="623f3960-6d1f-441d-8f70-8f49c2403869" action="READ" actorId="cb4e62de-0963-4952-bab9-763e2638e093" correlationId="204230e5-203f-457d-a82c-3b01e9cf946f"
[WebServer] 2026-09-05T19:10:49.119+08:00 INFO  application=marketops-server environment=local buildVersion=0.1.0-SNAPSHOT correlationId=204230e5-203f-457d-a82c-3b01e9cf946f c.m.m.s.i.c.CorrelationIdFilter - Request completed event="request_completed" correlationId="204230e5-203f-457d-a82c-3b01e9cf946f" status="200"
[WebServer] 2026-09-05T19:10:49.193+08:00 INFO  application=marketops-server environment=local buildVersion=0.1.0-SNAPSHOT correlationId=8f311af1-fd20-413a-95bb-5cc4b625c636 c.m.m.a.i.a.JdbcMetadataAuditStore - Metadata change recorded event="metadata_change_recorded" sourceDomain="advertisingefficiency" entityType="advertising_queue" entityId="623f3960-6d1f-441d-8f70-8f49c2403869" action="READ" actorId="cb4e62de-0963-4952-bab9-763e2638e093" correlationId="8f311af1-fd20-413a-95bb-5cc4b625c636"
[WebServer] 2026-09-05T19:10:49.261+08:00 INFO  application=marketops-server environment=local buildVersion=0.1.0-SNAPSHOT correlationId=8f311af1-fd20-413a-95bb-5cc4b625c636 c.m.m.s.i.c.CorrelationIdFilter - Request completed event="request_completed" correlationId="8f311af1-fd20-413a-95bb-5cc4b625c636" status="200"
[WebServer] 2026-09-05T19:10:49.662+08:00 INFO  application=marketops-server environment=local buildVersion=0.1.0-SNAPSHOT correlationId=3ee9f5ed-605d-451c-abc8-511b3490cc3a c.m.m.a.i.a.JdbcMetadataAuditStore - Metadata change recorded event="metadata_change_recorded" sourceDomain="advertisingefficiency" entityType="advertising_queue" entityId="623f3960-6d1f-441d-8f70-8f49c2403869" action="READ" actorId="cb4e62de-0963-4952-bab9-763e2638e093" correlationId="3ee9f5ed-605d-451c-abc8-511b3490cc3a"
[WebServer] 2026-09-05T19:10:50.156+08:00 INFO  application=marketops-server environment=local buildVersion=0.1.0-SNAPSHOT correlationId=3ee9f5ed-605d-451c-abc8-511b3490cc3a c.m.m.s.i.c.CorrelationIdFilter - Request completed event="request_completed" correlationId="3ee9f5ed-605d-451c-abc8-511b3490cc3a" status="200"
[WebServer] 2026-09-05T19:10:50.238+08:00 INFO  application=marketops-server environment=local buildVersion=0.1.0-SNAPSHOT correlationId=13c40057-e70f-41ad-89d4-576465cc376d c.m.m.a.i.a.JdbcMetadataAuditStore - Metadata change recorded event="metadata_change_recorded" sourceDomain="advertisingefficiency" entityType="advertising_queue" entityId="623f3960-6d1f-441d-8f70-8f49c2403869" action="READ" actorId="cb4e62de-0963-4952-bab9-763e2638e093" correlationId="13c40057-e70f-41ad-89d4-576465cc376d"
[WebServer] 2026-09-05T19:10:50.289+08:00 INFO  application=marketops-server environment=local buildVersion=0.1.0-SNAPSHOT correlationId=13c40057-e70f-41ad-89d4-576465cc376d c.m.m.s.i.c.CorrelationIdFilter - Request completed event="request_completed" correlationId="13c40057-e70f-41ad-89d4-576465cc376d" status="200"
[WebServer] 2026-09-05T19:10:50.757+08:00 INFO  application=marketops-server environment=local buildVersion=0.1.0-SNAPSHOT correlationId=6708f6eb-6eac-4f6b-afe1-742105b3b5b2 c.m.m.a.i.a.JdbcMetadataAuditStore - Metadata change recorded event="metadata_change_recorded" sourceDomain="advertisingefficiency" entityType="advertising_queue" entityId="623f3960-6d1f-441d-8f70-8f49c2403869" action="READ" actorId="cb4e62de-0963-4952-bab9-763e2638e093" correlationId="6708f6eb-6eac-4f6b-afe1-742105b3b5b2"
[WebServer] 2026-09-05T19:10:50.778+08:00 INFO  application=marketops-server environment=local buildVersion=0.1.0-SNAPSHOT correlationId=6708f6eb-6eac-4f6b-afe1-742105b3b5b2 c.m.m.s.i.c.CorrelationIdFilter - Request completed event="request_completed" correlationId="6708f6eb-6eac-4f6b-afe1-742105b3b5b2" status="200"
[WebServer] 2026-09-05T19:10:50.796+08:00 DEBUG application=marketops-server environment=local buildVersion=0.1.0-SNAPSHOT correlationId=4f34d588-2c4a-4982-98bb-e732af9f935b c.m.m.s.i.c.CorrelationIdFilter - Inbound correlation identifier replaced event="correlation_identifier_replaced" correlationId="4f34d588-2c4a-4982-98bb-e732af9f935b" rejectionCategory="MISSING"
[WebServer] 2026-09-05T19:10:50.813+08:00 INFO  application=marketops-server environment=local buildVersion=0.1.0-SNAPSHOT correlationId=4f34d588-2c4a-4982-98bb-e732af9f935b c.m.m.a.i.a.JdbcMetadataAuditStore - Metadata change recorded event="metadata_change_recorded" sourceDomain="advertisingefficiency" entityType="advertising_queue" entityId="623f3960-6d1f-441d-8f70-8f49c2403869" action="READ" actorId="cb4e62de-0963-4952-bab9-763e2638e093" correlationId="4f34d588-2c4a-4982-98bb-e732af9f935b"
[WebServer] 2026-09-05T19:10:51.339+08:00 INFO  application=marketops-server environment=local buildVersion=0.1.0-SNAPSHOT correlationId=4f34d588-2c4a-4982-98bb-e732af9f935b c.m.m.s.i.c.CorrelationIdFilter - Request completed event="request_completed" correlationId="4f34d588-2c4a-4982-98bb-e732af9f935b" status="200"
[WebServer] 2026-09-05T19:10:51.343+08:00 DEBUG application=marketops-server environment=local buildVersion=0.1.0-SNAPSHOT correlationId=775fc536-78d4-4015-be15-428cb5302012 c.m.m.s.i.c.CorrelationIdFilter - Inbound correlation identifier replaced event="correlation_identifier_replaced" correlationId="775fc536-78d4-4015-be15-428cb5302012" rejectionCategory="MISSING"
[WebServer] 2026-09-05T19:10:51.355+08:00 INFO  application=marketops-server environment=local buildVersion=0.1.0-SNAPSHOT correlationId=775fc536-78d4-4015-be15-428cb5302012 c.m.m.s.i.e.ConsoleProblemAdvice - Console request refused event="console_request_refused" errorCode="RESOURCE_NOT_FOUND" correlationId="775fc536-78d4-4015-be15-428cb5302012"
[WebServer] 2026-09-05T19:10:51.355+08:00 INFO  application=marketops-server environment=local buildVersion=0.1.0-SNAPSHOT correlationId=775fc536-78d4-4015-be15-428cb5302012 c.m.m.s.i.c.CorrelationIdFilter - Request completed event="request_completed" correlationId="775fc536-78d4-4015-be15-428cb5302012" status="404"
[WebServer] 2026-09-05T19:10:51.357+08:00 DEBUG application=marketops-server environment=local buildVersion=0.1.0-SNAPSHOT correlationId=dce6f370-44ee-4862-8525-478fc543f570 c.m.m.s.i.c.CorrelationIdFilter - Inbound correlation identifier replaced event="correlation_identifier_replaced" correlationId="dce6f370-44ee-4862-8525-478fc543f570" rejectionCategory="MISSING"
[WebServer] 2026-09-05T19:10:51.379+08:00 INFO  application=marketops-server environment=local buildVersion=0.1.0-SNAPSHOT correlationId=dce6f370-44ee-4862-8525-478fc543f570 c.m.m.s.i.e.ConsoleProblemAdvice - Console request refused event="console_request_refused" errorCode="RESOURCE_NOT_FOUND" correlationId="dce6f370-44ee-4862-8525-478fc543f570"
[WebServer] 2026-09-05T19:10:51.380+08:00 INFO  application=marketops-server environment=local buildVersion=0.1.0-SNAPSHOT correlationId=dce6f370-44ee-4862-8525-478fc543f570 c.m.m.s.i.c.CorrelationIdFilter - Request completed event="request_completed" correlationId="dce6f370-44ee-4862-8525-478fc543f570" status="404"
[WebServer] 2026-09-05T19:10:51.383+08:00 DEBUG application=marketops-server environment=local buildVersion=0.1.0-SNAPSHOT correlationId=e2954532-56d4-45ed-9759-f4497e503e9f c.m.m.s.i.c.CorrelationIdFilter - Inbound correlation identifier replaced event="correlation_identifier_replaced" correlationId="e2954532-56d4-45ed-9759-f4497e503e9f" rejectionCategory="MISSING"
[WebServer] 2026-09-05T19:10:51.396+08:00 INFO  application=marketops-server environment=local buildVersion=0.1.0-SNAPSHOT correlationId=e2954532-56d4-45ed-9759-f4497e503e9f c.m.m.s.i.e.ConsoleProblemAdvice - Console request refused event="console_request_refused" errorCode="RESOURCE_NOT_FOUND" correlationId="e2954532-56d4-45ed-9759-f4497e503e9f"
[WebServer] 2026-09-05T19:10:51.397+08:00 INFO  application=marketops-server environment=local buildVersion=0.1.0-SNAPSHOT correlationId=e2954532-56d4-45ed-9759-f4497e503e9f c.m.m.s.i.c.CorrelationIdFilter - Request completed event="request_completed" correlationId="e2954532-56d4-45ed-9759-f4497e503e9f" status="404"
[WebServer] 2026-09-05T19:10:51.399+08:00 DEBUG application=marketops-server environment=local buildVersion=0.1.0-SNAPSHOT correlationId=4281b045-ca73-44da-9d13-ac2c5bdad8ff c.m.m.s.i.c.CorrelationIdFilter - Inbound correlation identifier replaced event="correlation_identifier_replaced" correlationId="4281b045-ca73-44da-9d13-ac2c5bdad8ff" rejectionCategory="MISSING"
[WebServer] 2026-09-05T19:10:51.412+08:00 INFO  application=marketops-server environment=local buildVersion=0.1.0-SNAPSHOT correlationId=4281b045-ca73-44da-9d13-ac2c5bdad8ff c.m.m.s.i.e.ConsoleProblemAdvice - Console request refused event="console_request_refused" errorCode="RESOURCE_NOT_FOUND" correlationId="4281b045-ca73-44da-9d13-ac2c5bdad8ff"
[WebServer] 2026-09-05T19:10:51.412+08:00 INFO  application=marketops-server environment=local buildVersion=0.1.0-SNAPSHOT correlationId=4281b045-ca73-44da-9d13-ac2c5bdad8ff c.m.m.s.i.c.CorrelationIdFilter - Request completed event="request_completed" correlationId="4281b045-ca73-44da-9d13-ac2c5bdad8ff" status="404"
[WebServer] 2026-09-05T19:10:51.414+08:00 DEBUG application=marketops-server environment=local buildVersion=0.1.0-SNAPSHOT correlationId=d1a321b3-5e73-4fae-9dff-07f07adc96e0 c.m.m.s.i.c.CorrelationIdFilter - Inbound correlation identifier replaced event="correlation_identifier_replaced" correlationId="d1a321b3-5e73-4fae-9dff-07f07adc96e0" rejectionCategory="MISSING"
[WebServer] 2026-09-05T19:10:51.424+08:00 INFO  application=marketops-server environment=local buildVersion=0.1.0-SNAPSHOT correlationId=d1a321b3-5e73-4fae-9dff-07f07adc96e0 c.m.m.s.i.e.ConsoleProblemAdvice - Console request refused event="console_request_refused" errorCode="RESOURCE_NOT_FOUND" correlationId="d1a321b3-5e73-4fae-9dff-07f07adc96e0"
[WebServer] 2026-09-05T19:10:51.424+08:00 INFO  application=marketops-server environment=local buildVersion=0.1.0-SNAPSHOT correlationId=d1a321b3-5e73-4fae-9dff-07f07adc96e0 c.m.m.s.i.c.CorrelationIdFilter - Request completed event="request_completed" correlationId="d1a321b3-5e73-4fae-9dff-07f07adc96e0" status="404"
[WebServer] 2026-09-05T19:10:51.426+08:00 DEBUG application=marketops-server environment=local buildVersion=0.1.0-SNAPSHOT correlationId=88aaf242-2c30-4a79-97d4-fd3bada15b8c c.m.m.s.i.c.CorrelationIdFilter - Inbound correlation identifier replaced event="correlation_identifier_replaced" correlationId="88aaf242-2c30-4a79-97d4-fd3bada15b8c" rejectionCategory="MISSING"
[WebServer] 2026-09-05T19:10:51.436+08:00 INFO  application=marketops-server environment=local buildVersion=0.1.0-SNAPSHOT correlationId=88aaf242-2c30-4a79-97d4-fd3bada15b8c c.m.m.s.i.e.ConsoleProblemAdvice - Console request refused event="console_request_refused" errorCode="RESOURCE_NOT_FOUND" correlationId="88aaf242-2c30-4a79-97d4-fd3bada15b8c"
[WebServer] 2026-09-05T19:10:51.436+08:00 INFO  application=marketops-server environment=local buildVersion=0.1.0-SNAPSHOT correlationId=88aaf242-2c30-4a79-97d4-fd3bada15b8c c.m.m.s.i.c.CorrelationIdFilter - Request completed event="request_completed" correlationId="88aaf242-2c30-4a79-97d4-fd3bada15b8c" status="404"
  ✓  12 tests/advertising-browser/governed-advertising.spec.ts:493:1 › real keyboard navigation and scoped HTTP pagination preserve page boundaries and lane resets (7.2s)

  12 passed (1.2m)
